"","log10Ta","PhotonIndex","log10Fa","log10PeakFlux","Alpha","log10NH","Beta","log10T90","Gamma","log10Fluence","log10TaSqr","PhotonIndexSqr","log10FaSqr","log10PeakFluxSqr","AlphaSqr","log10NHSqr","BetaSqr","log10T90Sqr","GammaSqr","log10FluenceSqr","log10T90Err","log10FaErr","log10TaErr","AlphaErr","BetaErr","log10FluenceErr","PhotonIndexErr","log10PeakFluxErr","GRB","is_optical","log10Ta_opt","PhotonIndex_opt","log10Fa_opt","log10PeakFlux_opt","Alpha_opt","log10NH_opt","Beta_opt","log10T90_opt","Gamma_opt","log10Fluence_opt","Redshift_crosscheck","log10z"
"050315A",4.86356,2.11,-11.3757179,0.285557309,1.10818,21.91683806,0.856,1.980457892,1.99544,-5.492144128,23.6542158736,4.4521,129.40695774038,0.0815429767233215,1.2280629124,480.347790548265,0.732736,3.92221346198508,3.9817807936,30.1636471227249,0.0636907468763651,0.03245,0.04512,0.049165,0.001,0.019691613,0.09,0.0495050700000001,"050315A",0,0,0,0,0,0,0,0,0,0,0,1.949,0.469674772551798
"050318A",4.132084541,1.9,-11.15490196,0.499687083,1.874408221,20.92661714,0.95,1.505149978,1.98053,-5.966576245,17.0741226539712,3.61,124.431837737212,0.249687180917049,3.51340617895238,437.923304924142,0.9025,2.2654764562734,3.9224990809,35.6000320873983,0.148833498209321,0.06181969,0.043780336,0.085906519,0.037,0.030963588,0.1,0.027486993,"050318A",0,0,0,0,0,0,0,0,0,0,0,1.44,0.387389826338729
"050319A",3.73997,2.02,-10.70553377,0.181843588,0.863159,20.93735437,0.971,2.183383742,2.01045,-5.882728704,13.9873756009,4.0804,114.60845330061,0.0330670904967137,0.745043459281,438.372808014958,0.942841,4.76716456482992,4.0419092025,34.6064970048655,0.0311909396976911,0.04165,0.06193,0.034558,0.009,0.049065331,0.19,0.0600012109999999,"050319A",0,0,0,0,0,0,0,0,0,0,0,3.24,0.627365856592733
"050401A",3.12435,1.4,-9.653647026,1.029383778,0.984108,22.12570242,0.9995,1.506369717,1.78711,-5.085128182,9.7615629225,1.96,93.1929009025986,1.05963096240955,0.968468555664,489.546707578394,0.99900025,2.26914972429466,3.1937621521,25.8585286273706,0.00846336277739286,0.019455,0.02833,0.0260615,0.0174145,0.016167167,0.07,0.037341208,"050401A",0,0,0,0,0,0,0,0,0,0,0,2.9,0.591064607026499
"050505A",4.270583544,1.41,-11.04817696,0.267171728,1.462094791,22.23063027,0.973,1.770115295,2.01835,-5.603800653,18.2378838062836,1.9881,122.062214139475,0.071380732242506,2.13772117786933,494.20092220144,0.946729,3.13330815759294,4.0737367225,31.4025817585632,0.0504266082569071,0.03272177,0.030067592,0.035926291,5e-04,0.031220366,0.12,0.07277367,"050505A",0,0,0,0,0,0,0,0,0,0,0,4.27,0.721810615212547
"050730A",4.05018,1.53,-10.09854168,-0.259637311,2.38763,21.73850309,0.5615,2.194514342,1.6177,-5.623423043,16.4039580324,2.3409,101.980544062697,0.0674115332633107,5.7007770169,472.562516593939,0.31528225,4.81589319724369,2.61695329,31.6228867205434,0.0500432094216776,0.0266,0.017795,0.0538,0.000210492,0.027736454,0.11,0.110547686,"050730A",0,0,0,0,0,0,0,0,0,0,0,3.967,0.696094159995223
"050802A",3.63973,1.54,-10.28650946,0.439332694,1.44729,21.25883595,0.8585,1.477121255,1.8557,-5.698970004,13.2476344729,2.3716,105.812276870669,0.193013216017298,2.0946483441,451.938105949012,0.73702225,2.18188720197277,3.44362249,32.4782591064918,0.14763173580347,0.0275,0.0326,0.03274,0.002369606,0.0340921169999999,0.13,0.069487117,"050802A",0,0,0,0,0,0,0,0,0,0,0,1.7102,0.433001340945038
"050803A",4.21721,1.38,-10.86012091,-0.017728767,1.52234,21.34755638,1.218,1.943988875,2.11696,-5.66756154,17.7848601841,1.9044,117.942226179819,0.000314309179340289,2.3175190756,455.718163397279,1.483524,3.77909274612377,4.4815196416,32.1212538096872,0.0515724807527089,0.0489,0.04766,0.048695,0.22485626,0.0272696540000001,0.11,0.0497629089999998,"050803A",0,0,0,0,0,0,0,0,0,0,0,3.5,0.653212513775344
"050824A",5.08558,2.76,-12.23882419,-0.301029996,0.954481,20.9708274,0.86,1.353723938,1.94709,-6.575118363,25.8631239364,7.6176,149.788817553729,0.09061905849176,0.911033979361,439.775601840591,0.7396,1.83256850031423,3.7911594681,43.2321814874598,0.0782985476819812,0.06855,0.12722,0.0899785,0.01,0.084899673,0.38,0.130288345,"050824A",0,0,0,0,0,0,0,0,0,0,0,0.8278,0.261928672990642
"060115A",3.69688,1,-11.29499204,-0.060480747,0.889919,21.43355223,1,2.144885418,2.10553,-5.76700389,13.6669217344,1,127.576845183663,0.00365792075767801,0.791955826561,459.397161196138,1,4.60053345634903,4.4332565809,33.2583338672751,0.0469357822743554,0.0812,0.123015,0.053884,0.085,0.0380960069999999,0.303030303,0.0599026869999998,"060115A",0,0,0,0,0,0,0,0,0,0,0,3.53,0.656098202012832
"060124A",4.47599,1.84,-10.6893,-0.050609993,1.3641,21.9172644,0.99,1.134495856,2.00895,-6.336299075,20.0344864801,3.3856,114.26113449,0.00256137139146005,1.86076881,480.366478779507,0.9801,1.28708084728117,4.0358801025,40.1486859678459,0.0416381769095578,0.04445,0.036665,0.01627,0.076380116,0.049929734,0.19,0.0878348390000001,"060124A",0,0,0,0,0,0,0,0,0,0,0,2.296,0.517987203025078
"060206A",3.93814,1.2,-10.63078414,0.445604203,1.17565,22.33966406,1.265,0.880241776,2.20424,-6.080398976,15.5089466596,1.44,113.013571431276,0.198563105731265,1.3821529225,499.060590313656,1.600225,0.774825584215634,4.8586739776,36.9712517073418,0.110636974360534,0.07055,0.07444,0.02867,0.013041887,0.021949902,0.181818182,0.0264623880000001,"060206A",0,0,0,0,0,0,0,0,0,0,0,4.048,0.703119346236078
"060210A",4.15028,1.53,-10.66756154,0.434568904,1.20511,22.3877421,0.979,2.40654018,2.08163,-5.11577123,17.2248240784,2.3409,113.796869209687,0.188850132323761,1.4522901121,501.210996336112,0.958441,5.79143563795443,4.3331834569,26.1711152776957,0.207740121229715,0.0292,0.030365,0.02297,0.083622271,0.023188831,0.09,0.0447067850000001,"060210A",0,0,0,0,0,0,0,0,0,0,0,3.91,0.691081492122968
"060306A",3.61496,1.8,-10.70553377,0.775974331,1.03794,21.61973178,0.76,2.13255996245349,2.28823,-5.671620397,13.0679358016,3.24,114.60845330061,0.602136162370898,1.0773194436,467.412802239142,0.5776,4.54781199345963,5.2359965329,32.1672779276664,0.0112622187283241,0.03495,0.04452,0.02498,0.01,0.01457843,0.060606061,0.0488439909307915,"060306A",0,0,0,0,0,0,0,0,0,0,0,1.559,0.408070285887185
"060418A",3.11887,1.7,-9.792961075,0.814247596,1.47655,21.65363309,0.98,2.158362492,1.94118,-5.079354999,9.7273500769,2.89,95.9020866164651,0.662999147591779,2.1801999025,468.879825996343,0.9604,4.65852864687245,3.7681797924,25.7998472058663,0.136485588124709,0.04904,0.057245,0.044705,0.005,0.013190457,0.06,0.023313354,"060418A",0,0,0,0,0,0,0,0,0,0,0,1.489,0.396024896608593
"060526A",3.8752,2.01,-11.3053948,0.222716471,1.05873,20.9100052137815,0.93,2.47444938,1.90677,-5.899629455,15.01717504,4.0401,127.811951583867,0.0496026264546938,1.1209092129,437.228318040369,0.8649,6.12289973418238,3.6357718329,34.8056277063036,0.0335716198838349,0.06785,0.09216,0.0623145,0.0305,0.0568718959999999,0.24,0.046810184,"060526A",0,0,0,0,0,0,0,0,0,0,0,3.221,0.625415352154408
"060604A",4.45991,2.01,-11.76955108,-0.468521083,1.21596,21.99003057,1.02,1.977723605,2.1711,-6.395773947,19.8907972081,4.0401,138.522332624729,0.219512005215493,1.4785587216,483.561444469534,1.0404,3.9113906577742,4.71367521,40.905924381124,0.0777158547080599,0.04195,0.04994,0.04695,0,0.11451546,0.42,0.166053773,"060604A",0,0,0,0,0,0,0,0,0,0,0,2.1357,0.496334505996816
"060605A",4.04162,1.55,-11.26121944,-0.337242168,1.9179,21.77333803,0.835,2.059904056,2.02128,-6.156767222,16.3346922244,2.4025,126.815063275834,0.11373227987734,3.67834041,474.078248968644,0.697225,4.24320471992525,4.0855728384,37.9057826258936,0.132471980179598,0.05315,0.037375,0.085,0.10149311,0.056078197,0.2,0.113294213,"060605A",0,0,0,0,0,0,0,0,0,0,0,3.78,0.679427896612119
"060614A",5.03344,2.02,-11.78251606,1.06069784,1.9453,20.51216256,0.783,2.036229544,1.89544,-4.690369833,25.3355182336,4.0804,138.827684704158,1.12507990778067,3.78419209,420.748812887866,0.613089,4.14623075585845,3.5926927936,21.9995691703164,0.0132262962944593,0.0429,0.0289,0.05983,0.006,0.007727887,0.04,0.027945906,"060614A",0,0,0,0,0,0,0,0,0,0,0,0.125,0.0511525224473813
"060707A",3.5545,0.6,-10.9132,0.004321374,0.861995,21.20847898,1.12,1.820857989,2.09345,-5.795880017,12.63447025,0.36,119.09793424,1.8674273247876e-05,0.743035380025,449.799580645102,1.2544,3.31552381610512,4.3825329025,33.5922251714599,0.0414232996019404,0.07695,0.127895,0.0364485,0.035,0.0409865420000001,0.363636364,0.098898743,"060707A",0,0,0,0,0,0,0,0,0,0,0,3.425,0.645913275033844
"060708A",3.50569,1.68,-10.86966623,0.28780173,1.12969,20.79066861,1.485,1.008600172,2.20484,-6.306273051,12.2898623761,2.8224,118.149643951602,0.0828298357909929,1.2761994961,432.251901250839,2.205225,1.01727430695843,4.8613194256,39.7690797937688,0.153333382237578,0.06115,0.062725,0.028525,0.33410152,0.032528129,0.12,0.0313408390000001,"060708A",0,0,0,0,0,0,0,0,0,0,0,1.92,0.465382851448418
"060714A",3.73449,1.93,-10.86012091,0.10720997,1.20488,22.0125926,0.87,2.060660074,2.04425,-5.548213564,13.9464155601,3.7249,117.942226179819,0.0114939776674009,1.4517358144,484.554232973575,0.7569,4.24631994057768,4.1789580625,30.7826737517536,0.0344798070207195,0.0352,0.046765,0.035305,0.005,0.025627978,0.11,0.0441080329999999,"060714A",0,0,0,0,0,0,0,0,0,0,0,2.711,0.569490954348783
"060729A",5.1057,1.75,-11.15058059,0.068185862,1.35481,20.86562801,1.317,2.062017599,1.92492,-5.583359493,26.06817249,3.0625,124.335447494085,0.00464931177668304,1.8355101361,435.374432251696,1.734489,4.25191657858572,3.7053170064,31.1739032280732,0.127647038192483,0.0116,0.012825,0.013425,0.077392286,0.0351096309999999,0.14,0.048254942,"060729A",0,0,0,0,0,0,0,0,0,0,0,0.54,0.187520720836463
"060814A",4.22387,1.53,-10.91009489,0.861534411,1.29504,22.00679538,0.97,2.162265614,2.11591,-4.835647144,17.8410777769,2.3409,119.030170508804,0.742241541337117,1.6771286016,484.299042897189,0.9409,4.6753925854868,4.4770751281,23.3834833012754,0.0146412491965932,0.0353,0.034855,0.024565,0,0.00710934099999999,0.03,0.017323989,"060814A",0,0,0,0,0,0,0,0,0,0,0,1.9229,0.465813957269479
"060906A",4.33479,2.03,-11.8827287,0.294466226,1.71887,22.41960057,1.06,1.638489257,2.07859,-5.655607726,18.7904043441,4.1209,141.199241357804,0.0867103582546831,2.9545140769,502.638489718344,1.1236,2.68464704530441,4.3205363881,31.9858987503909,0.0815374132437055,0.08845,0.072145,0.169635,0.005,0.0267258140000001,0.11,0.0617271349999999,"060906A",0,0,0,0,0,0,0,0,0,0,0,3.686,0.670802284260944
"060908A",2.81918,1,-9.627087997,0.481442629,1.38309,21.80952201,1.185,1.285557309,2.13395,-5.552841969,7.9477758724,1,92.6808233019815,0.231787005018432,1.9129379481,475.655250304674,1.404225,1.65265759472332,4.5537426025,30.8340539326878,0.0299356101990356,0.045185,0.05993,0.04964,0.003474954,0.017216674,0.181818182,0.0358328779999999,"060908A",0,0,0,0,0,0,0,0,0,0,0,1.8836,0.459935016851525
"060926A",3.351,2.54,-10.84771166,0.037426498,1.45111,22.50004427,1.357,0.903089987,2.00443,-6.659555885,11.229201,6.4516,117.6728482585,0.001400742752544,2.1057202321,506.25199215196,1.841449,0.81557152461966,4.0177396249,44.3496845854381,0.0658325115034435,0.08245,0.09927,0.11561,0.009157091,0.049576996,0.23,0.0557809430000001,"060926A",0,0,0,0,0,0,0,0,0,0,0,3.2,0.6232492903979
"060927A",3.15198,0.9,-10.77728353,0.431363764,1.39098,22.10710478,0.83,1.352953912,1.94856,-5.946921557,9.9349779204,0.81,116.149840286009,0.186074696892248,1.9348253604,488.724081753899,0.6889,1.8304842879961,3.7968860736,35.3658760051113,0.0249377639674928,0.08115,0.108435,0.118785,0.178498106,0.026134535,0.242424242,0.0273444670000001,"060927A",0,0,0,0,0,0,0,0,0,0,0,5.47,0.8109042806687
"061021A",3.23849,1.3,-10.04095861,0.78604121,1.01707,20.87141063,0.785,1.664641976,1.99282,-5.528708289,10.4878174801,1.69,100.820849807733,0.617860783818264,1.0344313849,435.615781686077,0.616225,2.77103290826118,3.9713315524,30.5666153448573,0.0507507174713444,0.0264,0.03399,0.010415,0.016800037,0.014818832,0.06,0.019191409,"061021A",0,0,0,0,0,0,0,0,0,0,0,0.3463,0.129141845792285
"061121A",3.78753,1.41,-10.03011836,1.324282455,1.35185,21.75351565,0.9485,1.90982337,1.90181,-4.863279433,14.3453835009,1.9881,100.603274315609,1.75372402062083,1.8274984225,473.215443134795,0.89965225,3.64742530459816,3.6168812761,23.6514868434408,0.246558916936231,0.01265,0.01703,0.01585,0.002358211,0.006308365,0.03,0.00946803099999999,"061121A",0,0,0,0,0,0,0,0,0,0,0,1.314,0.364363354615731
"070110A",4.26825,1.58,-11.04866248,-0.22184875,1.42725,21.3989672,1.186,1.946550511,2.08596,-5.790484985,18.2179580625,2.4964,122.07294259696,0.0492168678765625,2.0370425625,457.915797226676,1.406596,3.78905889187436,4.3512291216,33.5297163615105,0.0711120769415451,0.05475,0.053995,0.046555,0.12166788,0.028952965,0.12,0.0868588959999997,"070110A",0,0,0,0,0,0,0,0,0,0,0,2.352,0.525304009958239
"070208A",3.44468,1.94,-10.86327943,-0.045757491,1.2125,21.8647258,1.14,1.806179974,2.20341,-6.351639989,11.8658203024,3.7636,118.010839974261,0.00209374798261508,1.47015625,478.066234309186,1.2996,3.26228609847864,4.8550156281,40.3433305498639,0.153546286600926,0.1619,0.14114,0.06357,0.015,0.0985702079999999,0.36,0.106160873,"070208A",0,0,0,0,0,0,0,0,0,0,0,1.165,0.335457900689384
"070223A",4.22335,1.85,-11.86327943,-0.161150909,0.991734,21.70173804,1.03,1.9408513687054,2.25837,-5.769551079,17.8366852225,3.4225,140.737398834261,0.0259696154715263,0.983536326756,470.965433956783,1.0609,3.76690403540562,5.1002350569,33.2877196531901,0.0402373538487879,0.16615,0.203105,0.079308,0.06,0.018572476,0.072727273,0.130844061722849,"070223A",0,0,0,0,0,0,0,0,0,0,0,1.6295,0.419873175149476
"070306A",4.86926,1.66,-11.2737,0.609594409,1.89982,22.44245468,0.831,2.321184027,1.94468,-5.269217724,23.7096929476,2.7556,127.09631169,0.371605343484059,3.6093160324,503.663772063854,0.690561,5.38789528719994,3.7817803024,27.7646554229157,0.134263479640872,0.0335,0.02824,0.06188,0.001,0.02308703,0.1,0.022408315,"070306A",0,0,0,0,0,0,0,0,0,0,0,1.4959,0.397227181043161
"070508A",3.02525,1.1,-9.161150909,1.382017043,1.37377,21.89306622,0.764,1.320146286,1.82568,-4.707743929,9.1521375625,1.21,83.9266859774715,1.90997110714246,1.8872440129,479.306348513305,0.583696,1.74278621643959,3.3331074624,22.1628529010364,0.0152922340458476,0.010795,0.01189,0.013355,5e-04,0.006049102,0.060606061,0.010992516,"070508A",0,0,0,0,0,0,0,0,0,0,0,0.82,0.260071387985075
"070521A",3.55243,1.1,-10.01233374,0.814913181,1.44502,22.27524914,0.98,1.57863921,2.00022,-5.096367484,12.6197589049,1.21,100.246826921142,0.664083492567539,2.0880828004,496.186724249071,0.9604,2.49210175534942,4.0008800484,25.9729615319725,0.0323072045959819,0.04901,0.04844,0.0562,0.147518075,0.00959676899999998,0.121212121,0.017957046,"070521A",0,0,0,0,0,0,0,0,0,0,0,2.0865,0.489466281303128
"070529A",3.09323,1.34,-10.24641694,0.155336037,1.21432,22.56252244,0.76,2.038222638,1.97999,-5.590066877,9.5680718329,1.7956,104.989060108319,0.0241292843908654,1.4745730624,509.067418855503,0.5776,4.15435152205568,3.9203604001,31.2488476893325,0.0794726286723922,0.0552,0.068045,0.03501,0.015,0.041401614,0.16,0.109332877,"070529A",0,0,0,0,0,0,0,0,0,0,0,2.4996,0.544018407858776
"070802A",3.92184,1.79,-11.6716204,-0.397940009,1.16348,21.91375294,0.78,1.214843848,1.99014,-6.552841969,15.3808289856,3.2041,136.226722761696,0.15835625076292,1.3536857104,480.212567915359,0.6084,1.47584557502345,3.9606572196,42.9397378706878,0.079968777148268,0.17395,0.236245,0.2088785,0.045,0.077552586,0.27,0.108573621,"070802A",0,0,0,0,0,0,0,0,0,0,0,2.45,0.537819095073274
"071003A",4.78411,1.36,-11.67760082,0.799340549,1.97901,20.86974084,0.837,2.170643023,1.91015,-5.080921908,22.8877084921,1.8496,136.366360911265,0.638945313275621,3.9164805801,435.546082728764,0.700569,4.71169113329858,3.6486730225,25.8157674351944,0.0131768929142836,0.1359,0.098505,0.183105,0.032,0.015697391,0.07,0.027574253,"071003A",0,0,0,0,0,0,0,0,0,0,0,1.60435,0.415699348887829
"071020A",2.311950854,1.11,-9.169411331,0.924279286,1.119196934,20.99642367,0.844,0.62324929,1.59788,-5.638272164,5.34511675131133,1.2321,84.0781041570712,0.85429219852867,1.252601777075,440.849806930136,0.712336,0.388439677485504,2.5532204944,31.7901129953372,0.0601790285006581,0.035099822,0.039262062,0.011153209,0.001,0.018882369,0.05,0.015510517,"071020A",0,0,0,0,0,0,0,0,0,0,0,2.145,0.497620649781288
"071117A",3.901990464,1.57,-11.23542972,1.053078443,1.104952391,22.04291793,0.94,0.819543936,2.0457,-5.619788758,15.2255295811469,2.4649,126.234880993059,1.1089742071113,1.22091978637662,485.890230868716,0.8836,0.671652263034372,4.18488849,31.5820256845432,0.120079755643196,0.101024385,0.117162967,0.089387802,0.01,0.018095603,0.06,0.015373256,"071117A",0,0,0,0,0,0,0,0,0,0,0,1.331,0.367542273520577
"080310A",4.32608056,2.32,-11.3990271,0.113943352,1.59590648,20.3953838182082,0.878,2.560456622,2.09352,-5.638272164,18.7149730116099,5.3824,129.937818826534,0.0129830874649959,2.54691749290599,415.971681092029,0.770884,6.55593811314365,4.3828259904,31.7901129953372,0.0207895824764161,0.04247343,0.03798676,0.065276352,0.0375,0.0377647380000001,0.16,0.0668145360000001,"080310A",0,0,0,0,0,0,0,0,0,0,0,2.42,0.534026106056135
"080411A",4.20932562,1.75,-10.11350927,1.635483747,1.28909841,21.57289018,0.91,1.748188027,1.97674,-4.578396073,17.7184221751884,3.0625,102.283069754376,2.67480708670116,1.66177471066453,465.38959071834,0.8281,3.05616137774615,3.9075010276,20.9617106012618,0.00776276208190557,0.06043543,0.049275581,0.010296793,0,0.001645055,0.03,0.009047802,"080411A",0,0,0,0,0,0,0,0,0,0,0,1.03,0.307496037913213
"080516A",3.77452827,1.82,-11.12090412,0.255272505,0.94016916,22.03528962,1.48,0.763427994,2.3315,-6.585026652,14.2470636610292,3.3124,123.674508446233,0.065164051808975,0.883918049415106,485.55398863728,2.1904,0.582822302022864,5.43589225,43.3625760075503,0.0159503209161228,0.077803665,0.111057696,0.084888358,0.03,0.066814536,0.27,0.072382414,"080516A",0,0,0,0,0,0,0,0,0,0,0,3.2,0.6232492903979
"080607A",3.46298403,1.31,-10.0540393,1.36361198,1.7256074,22.38386741,1.06,1.899984563,2.03418,-4.619788758,11.992258392035,1.7161,101.083706245944,1.85943763199952,2.97772089893476,501.03752022846,1.1236,3.6099413396383,4.1378882724,21.3424481685432,0.0179615292332226,0.11042072,0.069659314,0.037637388,0.02,0,0.04,0.02068069,"080607A",0,0,0,0,0,0,0,0,0,0,0,3.036,0.605951157564873
"080710A",4.09266933,1.47,-11.23284413,0,1.52133785,20.89722339,1.3,2.077948999,2.00149,-5.853871964,16.7499422447226,2.1609,126.176787248875,0,2.31446885384262,436.693945411563,1.69,4.3178720424451,4.0059622201,34.2678169709052,0.063286086716648,0.06269498,0.054210787,0.06401643,0.150517844,0.0620420689999999,0.23,0.0868588959999999,"080710A",0,0,0,0,0,0,0,0,0,0,0,0.845,0.265996370495079
"080810A",3.2687548,1.34,-9.931814138,0.301029996,1.44529526,21.45079548,1.079,2.03666881,2.11482,-5.337242168,10.684757942523,1.7956,98.6409320717767,0.09061905849176,2.08887838857847,460.136626724788,1.164241,4.14801984162682,4.4724636324,28.4861539598773,0.0173110727824034,0.031830706,0.039738688,0.036139295,0.0015,0.018882369,0.06,0.0434294480000001,"080810A",0,0,0,0,0,0,0,0,0,0,0,3.35,0.638489256954637
"080928A",4.08450503,1.77,-11.1260984,0.322219295,1.76031774,21.51035195,0.99,2.368584372,2.13864,-5.602059991,16.6831813400953,3.1329,123.790065606483,0.103825274070297,3.09871854575871,462.695241012869,0.9801,5.61019192728263,4.5737810496,31.3830761427629,0.0386609346233468,0.064484035,0.047916769,0.075970735,0,0.034743559,0.12,0.0206806900000001,"080928A",0,0,0,0,0,0,0,0,0,0,0,1.692,0.430075055551939
"081007A",3.58176278,2.51,-10.58502665,0.414973348,1.00469263,21.69605744,0.92,0.958563883,2.102,-6.148741651,12.8290246121933,6.3001,112.04278918121,0.172202879550329,1.00940728077632,470.718908439779,0.8464,0.918844717792038,4.418404,37.8070238907422,0.140327919478768,0.053161115,0.084284398,0.039134851,0.005,0.048934589,0.2,0.066814536,"081007A",0,0,0,0,0,0,0,0,0,0,0,0.5295,0.184549481320698
"081008A",3.85550833,1.69,-10.79317412,0.113943352,1.47398467,21.1376737,0.84,2.268297087,1.98207,-5.366531544,14.8649444826994,2.8561,116.492607584638,0.0129830874649959,2.17263080739501,446.801249447672,0.7056,5.14517167489269,3.9286014849,28.799660812747,0.0944643171466364,0.06052989,0.056285684,0.063988679,0.025,0.020199743,0.07,0.0334072679999999,"081008A",0,0,0,0,0,0,0,0,0,0,0,1.9685,0.472537053262077
"081029A",4.48156171,1.43,-11.86327943,-0.301029996,2.51960373,21.49704581,0.87,2.431283332,1.95818,-5.677780705,20.0843953605381,2.0449,140.737398834261,0.09061905849176,6.34840295622991,462.122978557239,0.7569,5.91113864046102,3.8344689124,32.2371937340703,0.0734942688403521,0.083250805,0.04285341,0.169198521,0.001,0.0413613789999999,0.18,0.173717793,"081029A",0,0,0,0,0,0,0,0,0,0,0,3.8479,0.685553652846326
"081221A",2.93195749,1.21,-9.354577731,1.260071388,1.23586126,21.57331844,0.991,1.531478917,2.4947,-4.742321425,8.5963747231671,1.4641,87.5081245253211,1.58777990285625,1.52735305396879,465.408068513644,0.982081,2.34542767321549,6.22352809,22.489612498014,0.0102431891789539,0.0249855,0.031176651,0.012861856,5e-04,0.00719825100000001,0.13,0.011931167,"081221A",0,0,0,0,0,0,0,0,0,0,0,2.26,0.513217600067939
"081230A",3.66959365,1.97,-11.32975415,-0.15490196,0.99376498,20.67248024,1.02,0.907209226455443,2.08621,-6.086186148,13.4659175561203,3.8809,128.363329099442,0.0239946172118416,0.9875688354744,427.35143927319,1.0404,0.823028580565883,4.3522721641,37.0416618281071,0.740704337003766,0.0701444,0.08735027,0.040381418,0.02,0.02568693,0.096969697,0.142225970771008,"081230A",0,0,0,0,0,0,0,0,0,0,0,2.1,0.491361693834273
"090102A",3.15380077,1.36,-9.457174573,0.740362689,1.42487631,21.72376179,0.667,1.432006687,1.76997,-7.167491087,9.94645929685259,1.8496,89.4381509041977,0.548136911263311,2.03027249879922,471.921826308664,0.444889,2.05064315161272,3.1327938009,51.3729284822244,0.0359770577590371,0.036239983,0.041590346,0.021786596,0.002673458,0.019160051,0.08,0.063170107,"090102A",0,0,0,0,0,0,0,0,0,0,0,1.547,0.406028944963615
"090205A",3.70655,2.15,-11.3419886,-0.301029996,1.29089,21.81792086,1.01,0.944482672,2.03416,-6.721246399,13.7385129025,4.6225,128.64070540253,0.09061905849176,1.6663969921,476.021670653223,1.0201,0.89204751770826,4.1378069056,45.1751531560705,0.0885407574117407,0.13445,0.114585,0.084185,0.025,0.0685728129999999,0.23,0.086858896,"090205A",0,0,0,0,0,0,0,0,0,0,0,4.6497,0.752025387323213
"090423A",3.91521772,0.8,-11.2798407,0.230448921,1.43267533,22.7516324,0.77,0.989894564,1.8158,-6.229147988,15.328929795002,0.64,127.234806217376,0.0531067051900642,2.05255860119061,517.63677686473,0.5929,0.97989124783675,3.29712964,38.8022846564045,0.047195797531391,0.08569564,0.077643595,0.064053366,0.005,0.029443694,0.5,0.051093469,"090423A",0,0,0,0,0,0,0,0,0,0,0,8.26,0.966610986681934
"090424A",2.99599056,1.19,-9.050609993,1.851258349,1.1284106,21.63012977,0.924,1.681241237,1.96315,-4.677780705,8.97595943560911,1.4161,81.9135412453915,3.42715747474221,1.27331048219236,467.86251386704,0.853776,2.82657209698929,3.8539579225,21.8816323240703,0.0205611924585667,0.011257098,0.013394814,0.005546887,0,0,0.15,0.012233647,"090424A",0,0,0,0,0,0,0,0,0,0,0,0.544,0.188647295999717
"090519A",3.44619,1.02,-11.76000021,-0.22184875,1.42452,22.13069392,0.63,1.806179974,1.46604,-5.920818754,11.8762255161,1.0404,138.2976049392,0.0492168678765625,2.0292572304,489.767613380725,0.3969,3.26228609847864,2.1492732816,35.0560947177181,0.0559162050267847,0.21145,0.24029,0.3065,0.03,0.036191207,0.2,0.144764827,"090519A",0,0,0,0,0,0,0,0,0,0,0,3.85,0.685741738602264
"090529A",4.472757799,2,-12.1873998,-0.397940009,0.8815438,21.45058625,0.64,1.837651558,2.22623,-6.167491087,20.0055623285153,4,148.53271388504,0.15835625076292,0.77711947131844,460.127650468689,0.4096,3.37696324861983,4.9561000129,38.0379463082244,0.0664439832683159,0.11547934,0.21900534,0.113675222,0.125,0.10857362,0.3,0.108573621,"090529A",0,0,0,0,0,0,0,0,0,0,0,2.625,0.559308010907013
"090530A",3.6839464,1.61,-11.16052195,0.397940009,0.88610581,20.90942658,1.09,1.681241237,2.03975,-5.958607315,13.571461078073,2.5921,124.557250196432,0.15835625076292,0.785183506515756,437.204119904411,1.1881,2.82657209698929,4.1605800625,35.5050011343715,0.323703994876218,0.089175625,0.115365029,0.038514202,0.035,0.039481317,0.17,0.052115338,"090530A",0,0,0,0,0,0,0,0,0,0,0,1.266,0.355259905527378
"090618A",3.67275453,1.42,-9.640164518,1.589949601,1.30942861,21.39200012,0.8945,2.05388479,1.82831,-3.978810701,13.4891258376355,2.0164,92.9327719341062,2.52793973372006,1.71460328468653,457.61766913408,0.80013025,4.21844273059334,3.3427174561,15.8309345943921,0.00227692361547263,0.009695255,0.014245613,0.010591616,0.002482662,0.00413613799999999,0.08,0.008931506,"090618A",0,0,0,0,0,0,0,0,0,0,0,0.54,0.187520720836463
"090809A",4.56066,1.34,-11.8559,0.041392685,1.6367,21.91952315,0.96,0.73239376,1.94644,-6.468521083,20.7996196356,1.7956,140.56236481,0.00171335437150922,2.67878689,480.465495123386,0.9216,0.536400619686938,3.7886286736,41.8417650012155,0.0978170519448906,0.338,0.237865,0.319405,0.01,0.063866836,0.24,0.0789626329999999,"090809A",0,0,0,0,0,0,0,0,0,0,0,2.737,0.572523097849638
"090812A",3.52924,1.24,-10.16730017,0.556302501,1.37252,21.77771022,0.53,1.824125834,1.88559,-5.236572006,12.4555349776,1.5376,103.373992746882,0.309472472618855,1.8838111504,474.268662426292,0.2809,3.3274350582662,3.5554496481,27.4216863740229,0.0954430381608785,0.10615,0.13258,0.08412,0.015,0.014975672,0.05,0.024127471,"090812A",0,0,0,0,0,0,0,0,0,0,0,2.452,0.538070787043172
"090927A",4.20121889,1.8,-11.6716204,0.301029996,1.13087741,21.01785522,0.92,0.342422681,2.06549,-6.698970004,17.6502401616928,3.24,136.226722761696,0.09061905849176,1.27888371644831,441.750238048881,0.8464,0.117253292463228,4.2662489401,44.8761991144918,0.0791400972158072,0.076268475,0.093241949,0.074843971,0.01,0.0651441720000001,0.2,0.0434294480000001,"090927A",0,0,0,0,0,0,0,0,0,0,0,1.37,0.374748346010104
"091018A",2.89655535,1.77,-9.627087997,1.012837225,1.18074867,21.19187281,0.91,0.639486489,1.98015,-5.853871964,8.39003289561362,3.1329,92.6808233019815,1.0258392443457,1.39416742170677,449.095473195217,0.8281,0.408942969613547,3.9209940225,34.2678169709052,0.0598714492362227,0.024288603,0.034497878,0.016335114,0.002061639,0.031021034,0.24,0.016865805,"091018A",0,0,0,0,0,0,0,0,0,0,0,0.971,0.294686624279443
"091020A",2.95265011,1.53,-9.71219827,0.62324929,1.17417264,21.70587483,0.895,1.590061231,2.08587,-5.431798276,8.71814267208301,2.3409,94.326795235791,0.388439677485504,1.37868138852457,471.145002135627,0.801025,2.52829471832924,4.3508536569,29.5044325111566,0.0544128110188212,0.034480687,0.045271255,0.018244861,0.002182887,0.0117376889999999,0.07,0.031021034,"091020A",0,0,0,0,0,0,0,0,0,0,0,1.71,0.432969290874406
"091029A",4.30368998,1.46,-11.34678749,0.255272505,1.12123368,21.45058625,1.064,1.593286067,2.11535,-5.619788758,18.5217474439524,2.1316,128.74958634322,0.065164051808975,1.25716496516634,460.127650468689,1.132096,2.53856049129633,4.4747056225,31.5820256845432,0.0535069670717355,0.02563352,0.034224003,0.026782025,0.002,0.018095603,0.27,0.024127471,"091029A",0,0,0,0,0,0,0,0,0,0,0,2.752,0.574262829707027
"091127A",3.98466812,2.05,-9.844663963,1.667452953,1.39581701,20.87872913,0.758,0.84260924,1.80187,-5.045757491,15.8775800265443,4.2025,96.9174085443909,2.78039935046842,1.94830512540534,435.921330083911,0.574564,0.709990331333378,3.2467354969,25.4596686579826,0.0093822306004846,0.018562516,0.021935207,0.013587309,0.00244132,0.014476483,0.07,0.025217099,"091127A",0,0,0,0,0,0,0,0,0,0,0,0.49,0.173186268412274
"050416A",2.99481,3.08,-10.5559552,0.688419822,0.842217,21.75162856,0.9,0.397940009,2.06183,-6.435333936,8.9688869361,9.4864,111.428190184407,0.473921851322512,0.709329475089,473.133345012208,0.81,0.15835625076292,4.2511429489,41.4135228678333,0.0771432232434421,0.0484,0.070765,0.0149485,0.005,0.043784457,0.22,0.04271749,"050416A",0,0,0,0,0,0,0,0,0,0,0,0.6528,0.218220304175545
"050820A",3.750945731,1.25,-10.01818139,0.389166084,1.136499703,21.61964524,0.9,1.414973348,1.96878,-5.463441557,14.0695938769071,1.5625,100.363958362942,0.151450240935895,1.29163157491909,467.409060303455,0.81,2.00214957555033,3.8760946884,29.8491936467546,0.378773543191014,0.266741013,0.238477529,0.012525701,0.0405,0.030552112,0.12,0.040770502,"050820A",0,0,0,0,0,0,0,0,0,0,0,2.6147,0.558072259099146
"050922C",2.52429,1.37,-9.477555766,0.860936621,1.22035,21.44930866,1.064,0.653212514,2.2119,-5.790484985,6.3720400041,1.8769,89.8240632976399,0.741211865378898,1.4892541225,460.072841991951,1.132096,0.4266865884462,4.89250161,33.5297163615105,0.0434736058796182,0.03194,0.034305,0.013275,0.013,0.014476483,0.06,0.019142456,"050922C",0,0,0,0,0,0,0,0,0,0,0,2.198,0.504878459410216
"051016B",4.25742,2.4,-11.59006688,0.113943352,1.14771,21.71466751,0.73,0.602059991,1.89482,-6.769551079,18.1256250564,5.76,134.329650282873,0.0129830874649959,1.3172382441,471.52678506985,0.5329,0.36247623276292,3.5903428324,45.8268218111901,0.0509829166339321,0.04535,0.058175,0.04854,0.005,0.056202815,0.23,0.053451629,"051016B",0,0,0,0,0,0,0,0,0,0,0,0.9364,0.286995073968852
"051109A",3.91123,1.51,-10.51999306,0.595496222,1.22299,21.97057233,1.06,1.57054294,2.06584,-5.657577319,15.2977201129,2.2801,110.670253982448,0.354615750416273,1.4957045401,482.706048507762,1.1236,2.46660512638384,4.2676949056,32.0081811204632,0.0827679937346041,0.04815,0.04637,0.019155,0.054794381,0.05369459,0.2,0.076056648,"051109A",0,0,0,0,0,0,0,0,0,0,0,2.346,0.524525936626376
"060223A",2.78682,1.74,-10.9636,0.130333768,1.1892,22.49782636,0.81,1.053078443,2.01015,-6.171984936,7.7663657124,3.0276,120.20052496,0.0169868910810778,1.41419664,506.152190924711,0.6561,1.1089742071113,4.0407030225,38.0933980502109,0.042104904450281,0.1982,0.23477,0.18005,0.045,0.030974941,0.12,0.0579059310000001,"060223A",0,0,0,0,0,0,0,0,0,0,0,4.41,0.73319726510657
"060502A",3.3865,1.46,-10.55284197,0.227886705,0.897152,21.45692297,0.87,1.45331834,2.02719,-5.63638802,11.46838225,2.1316,111.362473643793,0.051932350315757,0.804881711104,460.399543340514,0.7569,2.11213419738036,4.1094992961,31.7688699119995,0.150287880735964,0.05675,0.075085,0.0205255,0.015,0.0191766390000001,0.08,0.0539655859999999,"060502A",0,0,0,0,0,0,0,0,0,0,0,1.5026,0.398391440229475
"060510B",4.43617,1.78,-12.2656,-0.244125144,1.00735,22.00215742,1.38,2.43964843,2.1317,-5.390405591,19.6796042689,3.1684,150.44494336,0.0595970859330207,1.0147540225,484.094931134461,1.9044,5.95188446200147,4.54414489,29.0564724354841,0.0335971369822932,0.2206,0.31628,0.2313695,0.03,0.018780302,0.08,0.0838112159999999,"060510B",0,0,0,0,0,0,0,0,0,0,0,4.9,0.770852011642144
"060912A",2.455171016,1.74,-10.1079054,0.933487288,1.045731532,21.36738202,0.63,0.698970004,1.8948,-5.869666232,6.02786471780647,3.0276,102.169751575349,0.871398516857595,1.09355443701907,456.565014388619,0.3969,0.48855906649176,3.59026704,34.4529816750811,0.0503781599397554,0.147419953,0.156564864,0.028937785,0.0785,0.019945376,0.09,0.022271512,"060912A",0,0,0,0,0,0,0,0,0,0,0,0.937,0.287129620719111
"061222A",3.92091,1.35,-9.954677021,0.930949031,1.35061,22.56660835,0.86,1.853698212,1.92748,-5.097453221,15.3735352281,1.8225,99.0955945924254,0.866666098319839,1.8241473721,509.25181242229,0.7396,3.436197061172,3.7151791504,25.9840293402833,0.0973208922530927,0.02311,0.024435,0.018075,0.005,0.00858805099999998,0.04,0.013237581,"061222A",0,0,0,0,0,0,0,0,0,0,0,2.088,0.489677291663699
"070721B",3.94739,1.34,-10.50863831,0.176091259,2.5054,21.89473409,0.52,2.531478917,1.52512,-5.443697499,15.5818878121,1.7956,110.4314791304,0.0310081314962051,6.27702916,479.379380871808,0.2704,6.40838550721549,2.3259910144,29.6338424606189,0.0272330828957319,0.3648,0.10084,0.09144,0,0.024127471,0.11,0.086858896,"070721B",0,0,0,0,0,0,0,0,0,0,0,3.626,0.6652056284346
"070810A",3.36583,2.04,-10.77728353,0.278753601,1.36994,21.93100401,1.02,1.041392685,2.17076,-6.161150909,11.3288115889,4.1616,116.149840286009,0.0777035700704672,1.8767356036,480.968936886636,1.0404,1.08449872437151,4.7121989776,37.9597805234715,0.197037086589132,0.06175,0.07187,0.077915,0.01,0.037764738,0.14,0.045715209,"070810A",0,0,0,0,0,0,0,0,0,0,0,2.17,0.501059262217751
"080319B",5.36799912,1.04,-12.15181088,1.394451681,1.42250979,20.8771334,0.73,1.68090255756894,1.81426,-4.091514981,28.8154145523208,1.0816,147.666507663286,1.94449549064373,2.02353410264584,435.854699001396,0.5329,2.8254334080418,3.2915393476,16.7404948397474,0.00162180613819455,0.097779455,0.087626454,0.075139905,0,0.00536166,0.02,0.008755937,"080319B",0,0,0,0,0,0,0,0,0,0,0,0.937,0.287129620719111
"080905B",3.67820615,1.78,-10.11125904,-0.301029996,1.36946226,22.33533151,0.375,2.10720997,1.86248,-5.744727495,13.5292004818978,3.1684,102.237559373982,0.09061905849176,1.87542688156431,498.867033661599,0.140625,4.4403338576674,3.4688317504,33.001893991809,0.0951998384562338,0.03236457,0.038825489,0.033301752,0.00558525,0.048254942,0.15,0.086858896,"080905B",0,0,0,0,0,0,0,0,0,0,0,2.374,0.528145078253106
"081028A",4.75426,1.25,-11.3994,-0.301029996,2.20023,20.90308999,0.945,2.414973348,2.51,-5.431798276,22.6029881476,1.5625,129.94632036,0.09061905849176,4.8410120529,436.939171130038,0.893025,5.83209627155033,6.3001,29.5044325111566,0.0544346314312377,0.0572,0.03025,0.054715,5e-04,0.023475377,0.38,0.086858896,"081028A",0,0,0,0,0,0,0,0,0,0,0,3.038,0.60616631460762
"081203A",4.02089,1.54,-10.9243983,0.462397998,1.86904,21.66176916,0.82,2.46834733,2.03508,-5.113509275,16.1675563921,2.3716,119.342478217043,0.213811908554408,3.4933105216,469.232243141127,0.6724,6.09273854151813,4.1415506064,26.147977105511,0.122562443871835,0.05695,0.03932,0.064395,0.0325,0.016920564,0.06,0.029951344,"081203A",0,0,0,0,0,0,0,0,0,0,0,2.1,0.491361693834273
"090418A",3.52813657,1.48,-10.04720756,0.278753601,1.52909667,22.02365981,0.98,1.748188027,2.03408,-5.337242168,12.4477476565714,2.1904,100.946379753721,0.0777035700704672,2.33813662620509,485.041591426609,0.9604,3.05616137774615,4.1374814464,28.4861539598773,0.0320230997079162,0.028659405,0.030759021,0.042154514,0.003531332,0.018882369,0.07,0.0685728129999999,"090418A",0,0,0,0,0,0,0,0,0,0,0,1.608,0.416307587059883
"090516A",4.33113504,1.84,-11.27490548,0.204119983,1.76098314,21.19589965,0.502,2.322219295,2.09,-5.045757491,18.7587307347158,3.3856,127.123493582934,0.0416649674599203,3.10106161936426,449.26616197287,0.252004,5.3927024540703,4.3681,25.4596686579826,0.132356413451328,0.03779605,0.029715315,0.053351589,0.479087085,0.028952965,0.11,0.0542868100000001,"090516A",0,0,0,0,0,0,0,0,0,0,0,4.109,0.708335902682263
"091109A",3.37933883,1.31,-11.14630179,0.113943352,1.06152816,21.89596701,0.89,1.681241237,1.96352,-5.795880017,11.4199309279458,1.7161,124.240043593757,0.0129830874649959,1.12684203447299,479.433371303008,0.7921,2.82657209698929,3.8554107904,33.5922251714599,0.15117163716416,0.05941034,0.074268877,0.033719571,0.03,0.0542868100000001,0.25,0.133629071,"091109A",0,0,0,0,0,0,0,0,0,0,0,3.076,0.610234175334389
"091208B",3.31388094,1.74,-10.18045606,1.181843588,1.1606541,21.91211094,0.86,1.173186268,2.03333,-5.48148606,10.9818068844953,3.0276,103.641685589591,1.39675426649671,1.34711793984681,480.140605846868,0.7396,1.37636601942377,4.1344308889,30.0466894259743,0.0844607534610546,0.036806415,0.052928177,0.030502454,0.034663611,0.026320878,0.11,0.028572005,"091208B",0,0,0,0,0,0,0,0,0,0,0,1.063,0.314499227973151
"100316B",3.5543767,2.23,-11.1481304,0.113943352,1.36246063,21.41315218,1.08,0.579783597,2.23535,-6.698970004,12.6335937255029,4.9729,124.280811415404,0.0129830874649959,1.8562989683,458.523086283839,1.1664,0.336149019350258,4.9967896225,44.8761991144918,0.0508837165764397,0.10431242,0.207348761,0.13322096,0.02,0.0434294479999999,0.18,0.0334072679999999,"100316B",0,0,0,0,0,0,0,0,0,0,0,1.18,0.338456493604605
"100418A",5.54363,2.16,-12.48811664,0,1.81145,21.34783526,0.84,0.84509804,2.26662,-6.468521083,30.7318335769,4.6656,155.953057214245,0,3.2813511025,455.730070288099,0.7056,0.714190697211842,5.1375662244,41.8417650012155,0.059763875267383,0.10745,0.075475,0.16786,0.01,0.063866836,0.25,0.0868588959999999,"100418A",0,0,0,0,0,0,0,0,0,0,0,0.6235,0.21045229296202
"100425A",3.60199415,2.42,-11.50168945,0.146128036,0.86819371,20.53466438,1.46,1.568201724,2.17077,-6.327902142,12.9743618566342,5.8564,132.288860204241,0.0213534029052173,0.753760318083564,421.672441199241,2.1316,2.45925664715657,4.7122423929,40.0423455187282,0.0442926372724909,0.070859065,0.115125536,0.055076895,0.035,0.083162773,0.32,0.062042069,"100425A",0,0,0,0,0,0,0,0,0,0,0,1.755,0.440121603187804
"100513A",3.74522911,1.62,-11.57186521,-0.22184875,0.96306136,22.05240534,1.36,1.924279286,2.25722,-5.853871964,14.0267410863914,2.6244,133.908064438408,0.0492168678765625,0.92748718312505,486.30858127966,1.8496,3.70285077052867,5.0950421284,34.2678169709052,0.0768849139302361,0.09817689,0.128616618,0.061569437,0.025,0.031021034,0.14,0.0723824140000001,"100513A",0,0,0,0,0,0,0,0,0,0,0,4.772,0.761326322421457
"100621A",3.64164386,1.9,-9.804100348,1.10720997,0.94079321,22.28454803,0.27,1.803457116,2.3024,-4.677780705,13.2615700030757,3.61,96.1203836336537,1.2259139176674,0.885091863982104,496.601080901377,0.0729,3.25245756925104,5.30104576,21.8816323240703,0.0114965181711467,0.041282476,0.060455075,0.024177265,0.150679792,0,0.03,0.010178777,"100621A",0,0,0,0,0,0,0,0,0,0,0,0.542,0.188084373714938
"100704A",3.62503495,1.73,-10.35163999,0.633468456,1.01294211,21.52730245,1.29,2.2955671,2.11575,-5.22184875,13.1408783887215,2.9929,107.156450482567,0.401282284747024,1.02605171821125,463.424750773776,1.6641,5.26962831060241,4.4763980625,27.2677043678766,0.0511462884983093,0.04763446,0.053639373,0.01813996,0.01,0.014476483,0.06,0.020199743,"100704A",0,0,0,0,0,0,0,0,0,0,0,3.6,0.662757831681574
"100728A",4.03148606,1.18,-10.17587417,0.707570176,1.5588143,21.52592288,0.96,2.297760511,1.90402,-4.420216403,16.2528798519743,1.3924,103.548415123673,0.500655553964671,2.42990202188449,463.365355835707,0.9216,5.27970336591098,3.6252921604,19.5383130493503,0.0276692267863542,0.0760751,0.053762484,0.034265796,0.005,0,0.02,0.017031156,"100728A",0,0,0,0,0,0,0,0,0,0,0,1.567,0.409425868671443
"100814A",5.22729477,1.47,-11.49349497,0.397940009,1.76532941,20.89608288,1.1425,2.241795431,1.89414,-5.045757491,27.3246106124694,2.1609,132.100426625415,0.15835625076292,3.11638792581095,436.646279727829,1.30530625,5.02564675445248,3.5877663396,25.4596686579826,0.0235643330529017,0.04362636,0.035347138,0.084015169,0.01745135,0.00965098799999999,0.04,0.034743559,"100814A",0,0,0,0,0,0,0,0,0,0,0,1.44,0.387389826338729
"100816A",3.97801299,0.73,-11.5559552,1.037426498,1.04455013,21.34783526,1.09,0.462397998,1.91138,-5.698970004,15.8245873486087,0.5329,133.540100584407,1.07625373875254,1.09108497408302,455.730070288099,1.1881,0.213811908554408,3.6533735044,32.4782591064918,0.0930248425840856,0.08674922,0.112014005,0.047175154,0.015,0.021714724,0.24,0.015937412,"100816A",0,0,0,0,0,0,0,0,0,0,0,0.804,0.256236533205923
"100901A",4.91124,1.52,-11.34103516,-0.096910013,1.50754,21.53188109,1.075,2.64246452,1.98285,-5.677780705,24.1202783376,2.3104,128.619078500356,0.00939155061966017,2.2726768516,463.6219032739,1.155625,6.98261873945883,3.9316941225,32.2371937340703,0.0223211438768381,0.0283,0.02425,0.036255,5e-04,0.062042069,0.21,0.10857362,"100901A",0,0,0,0,0,0,0,0,0,0,0,1.408,0.381656482585787
"100906A",3.94074768,1.78,-10.4698003,1.004321374,1.71220056,21.96198081,0.87,2.058426024,2.02817,-4.920818754,15.5294922774254,3.1684,109.61671832188,1.00866142227325,2.93163075766431,482.328601098808,0.7569,4.23711769628045,4.1134735489,24.2144572097181,0.00604043448603348,0.048743085,0.039933316,0.059340084,0,0,0.03,0.017199781,"100906A",0,0,0,0,0,0,0,0,0,0,0,1.727,0.43568513794163
"101219B",4.42003952,1.56,-11.99567863,-0.22184875,0.66918137,20.49692965,0.94,1.531478917,1.85684,-5.677780705,19.5367493583618,2.4336,143.896305794239,0.0492168678765625,0.447803705955077,420.124125077049,0.8836,2.34542767321549,3.4478547856,32.2371937340703,0.0692396240032236,0.089446275,0.166829365,0.039390628,0.105,0.082722758,0.16,0.217147241,"101219B",0,0,0,0,0,0,0,0,0,0,0,0.55,0.190331698170291
"110213A",3.84089,1.83,-9.896196279,0.204119983,1.8412,21.56708403,1.1905,1.681241237,1.96436,-5.229147988,14.7524359921,3.3489,97.9347007924934,0.0416649674599203,3.39001744,465.139113557081,1.41729025,2.82657209698929,3.8587102096,27.3439886804045,0.14476482742628,0.03588,0.023515,0.02785,0.226362665,0.029443694,0.12,0.162860431,"110213A",0,0,0,0,0,0,0,0,0,0,0,1.46,0.390935107103379
"110422A",3.50066971,0.86,-9.681936665,1.487138375,1.42239886,22.02088312,0.778,1.413299764,1.89199,-4.387216143,12.2546884185115,0.7396,93.7398975850713,2.21158054639764,2.0232185169293,484.919293384701,0.605284,1.99741622292246,3.5796261601,19.2476654853998,0.00950159657676303,0.024137407,0.029472713,0.022779716,0.005,0.010592548,0.1,0.0141464,"110422A",0,0,0,0,0,0,0,0,0,0,0,1.77,0.442479769064449
"110503A",2.54166555,0.88,-9.08249449,0.130333768,1.14649063,21.13638759,0.687,1,1.90907,-5,6.4600637680568,0.7744,82.4917061608804,0.0169868910810778,1.3144407646778,446.746880354706,0.471969,1,3.6445482649,25,0.147896600362852,0.028998071,0.028887961,0.006289914,0.001,0.017371779,0.25,0.019301977,"110503A",0,0,0,0,0,0,0,0,0,0,0,1.613,0.417139409727326
"110715A",2.61109719,1.25,-9.075720714,1.731588765,0.95853538,22.0746007,0.755,1.113943352,1.85342,-4.928117993,6.8178285356259,1.5625,82.3687064785287,2.99839965107422,0.918790074711744,487.287996064441,0.570025,1.240869791465,3.4351656964,24.2863469529303,0.133629071449258,0.02377653,0.035600881,0.009554076,0.0015,0.007360923,0.12,0.00886315299999999,"110715A",0,0,0,0,0,0,0,0,0,0,0,0.82,0.260071387985075
"110731A",5.08952072,1.15,-12.08512818,1.041392685,1.42351927,21.95954126,0.39,1.588831726,1.85145,-5.22184875,25.9032211593093,1.3225,146.05032312703,1.08449872437151,2.02640711206133,482.221452349642,0.1521,2.52438625354414,3.4278671025,27.2677043678766,0.130539784388153,0.097418495,0.090702815,0.110855301,0.13,0.007238241,0.05,0.011844395,"110731A",0,0,0,0,0,0,0,0,0,0,0,2.83,0.583198773968623
"110808A",4.50711,2.32,-12.08440021,-0.397940009,0.807091,20.86974084,1.4,1.681241237,2.33721,-6.48148606,20.3140405521,5.3824,146.032728435448,0.15835625076292,0.651395882281,435.546082728764,1.96,2.82657209698929,5.4625505841,42.0096615459743,0.204728382319217,0.0837,0.155655,0.0776,0.025,0.105283511,0.43,0.217147241,"110808A",0,0,0,0,0,0,0,0,0,0,0,1.348,0.370698092575577
"110818A",3.84627415,1.58,-11.28316228,0.204119983,1.37167718,22.06812647,0.83,2.012837225,1.95985,-5.397940009,14.7938248369582,2.4964,127.309751036815,0.0416649674599203,1.88149828613275,487.002205895915,0.6889,4.0515136943457,3.8410120225,29.1377563407629,0.0761271870594219,0.05514905,0.059648416,0.067338189,0.01,0.021714724,0.11,0.081430215,"110818A",0,0,0,0,0,0,0,0,0,0,0,3.36,0.639486489268586
"111123A",4.42202873,1.68,-11.60730305,-0.045757491,1.46723371,21.35034301,1.25,2.462397998,2.55463,-5.13667714,19.5543380889454,2.8224,134.729484094539,0.00209374798261508,2.15277475976036,455.837146644656,1.5625,6.06340390055441,6.5261344369,26.3854520405986,0.131921983937837,0.07308827,0.070655771,0.105884147,0.005,0.017847718,0.07,0.048254942,"111123A",0,0,0,0,0,0,0,0,0,0,0,3.1516,0.618215503279417
"111209A",4.13326,1.48,-9.057000407,-0.301029996,2.77382,21.14009932,0.2529,2.505149978,1.81212,-4.443697499,17.0838382276,2.1904,82.0292563723982,0.09061905849176,7.6940773924,446.903799259465,0.06395841,6.2757764122734,3.2837788944,19.7464474626189,0.0401068361866461,0.02099,0.010455,0.04435,5e-05,0.012063736,0.03,0.086858896,"111209A",0,0,0,0,0,0,0,0,0,0,0,0.677,0.224533062606086
"111228A",4.10627835,2.27,-10.65757732,1.093421685,1.15297662,21.41342718,0.99,2.005180513,2.03824,-5.070581074,16.8615218876787,5.1529,113.583954331778,1.19557098122824,1.32935508626662,458.534863593163,0.9801,4.02074888971494,4.1544222976,25.710792428007,0.023242060897345,0.030118345,0.037264425,0.023299272,0,0.010218694,0.06,0.017511874,"111228A",0,0,0,0,0,0,0,0,0,0,0,0.714,0.234010817587179
"120118B",3.68307,2.08,-10.95467702,0.342422681,1.0241,21.451745,1.01,1.36660971,2.20884,-5.744727495,13.5650046249,4.3264,120.004948612516,0.117253292463228,1.04878081,460.177363545025,1.0201,1.86762209946628,4.8789741456,33.001893991809,0.366834332492466,0.1172,0.131765,0.077156,0.005,0.024127471,0.11,0.059221975,"120118B",0,0,0,0,0,0,0,0,0,0,0,2.943,0.595826777073223
"120327A",3.48517215,1.52,-10.15181088,0.591064607,1.44859414,22.16619025,0.63,1.798650645,1.75797,-5.443697499,12.1464249151356,2.3104,103.059264143286,0.349357369648064,2.09842498244234,491.339990199195,0.3969,3.23514414275892,3.0904585209,29.6338424606189,0.051933835584684,0.04362492,0.051679097,0.058002882,0.02,0.012063736,0.06,0.022271512,"120327A",0,0,0,0,0,0,0,0,0,0,0,2.813,0.581266805273671
"120404A",3.79948,1.85,-11.02687215,0.079181246,1.90651,21.70983536,0.69,1.587710965,1.89579,-5.795880017,14.4360482704,3.4225,121.591909412446,0.00626966971811252,3.6347803801,471.316951358306,0.4761,2.52082610838123,3.5940197241,33.5922251714599,0.179553274179706,0.11705,0.068285,0.121385,0.005,0.027143405,0.13,0.0723824139999999,"120404A",0,0,0,0,0,0,0,0,0,0,0,2.876,0.588383768378728
"120422A",5.23266697,1.19,-12.73992861,-0.22184875,0.86153199,21.82763844,1.1,0.728353782,2.32199,-6.638272164,27.380803618929,1.4161,162.305780987897,0.0492168678765625,0.74223736979336,476.445799867366,1.21,0.530499231753704,5.3916375601,44.0666573233372,0.181516258620399,0.11830242,0.217818621,0.214451933,0.035,0.0755294749999999,0.24,0.144764827,"120422A",0,0,0,0,0,0,0,0,0,0,0,0.283,0.108226656374928
"120802A",3.53838419,1.21,-11.17198494,0.477121255,0.54215516,22.12127744,0.91,1.698970004,2.03526,-5.721246399,12.520162676042,1.4641,124.813247499587,0.227644691972775,0.293932217514626,489.350915577453,0.8281,2.88649907449176,4.1422832676,32.7326603580705,0.2694762542188,0.07803221,0.220557212,0.11816229,0.055,0.0685728129999999,0.47,0.028952965,"120802A",0,0,0,0,0,0,0,0,0,0,0,3.796,0.680879174426811
"120811C",3.15909591,1.4,-10.14327111,0.612783857,1.01613299,21.91722026,0.65,1.428134794,1.92121,-5.522878745,9.97988696857873,1.96,102.885948810961,0.375504055399796,1.03252625336634,480.364543925354,0.4225,2.03956898983342,3.6910478641,30.5021896319728,0.0598545187495629,0.05294686,0.084200302,0.03800099,0.090734018,0.043429448,0.3,0.021185097,"120811C",0,0,0,0,0,0,0,0,0,0,0,2.671,0.564784384503987
"120907A",3.2113827,1.73,-10.37675071,0.462397998,1.05329104,21.0438101,0.78,1.227886705,1.82021,-6.173925197,10.3129788458593,2.9929,107.676955297485,0.213811908554408,1.10942201494428,442.841943524862,0.6084,1.50770576031576,3.3131644441,38.1173523381515,0.035217186540104,0.04130341,0.062296694,0.028647271,0.005,0.0713020789999999,0.25,0.059902687,"120907A",0,0,0,0,0,0,0,0,0,0,0,0.97,0.294466226161593
"120922A",3.59799,1.58,-10.59516628,0.301029996,1.06622,21.0163605,1.17,2.238046103,2.06954,-5.207608311,12.9455320401,2.4964,112.257548500849,0.09061905849176,1.1368250884,441.68740866596,1.3689,5.00885035915349,4.2829958116,27.1191843207963,0.075913913084108,0.16365,0.133375,0.03563,0.005,0.049033248,0.36,0.0434294480000001,"120922A",0,0,0,0,0,0,0,0,0,0,0,3.1,0.612783856719735
"121024A",4.17178823,1.41,-11.31158018,0.113943352,1.30353551,21.94617755,0.87,1.838849091,2.00683,-5.958607315,17.4038170359665,1.9881,127.951846168569,0.0129830874649959,1.69920482583096,481.634709056124,0.7569,3.38136597947153,4.0273666489,35.5050011343715,0.201804932759115,0.063305895,0.065435085,0.06666149,0,0.039481317,0.22,0.0668145360000001,"121024A",0,0,0,0,0,0,0,0,0,0,0,2.298,0.5182506513085
"121027A",5.40919042,1.82,-11.92081875,0.113943352,1.50995764,22.07736427,1.16,1.796574333,2.37144,-5.698970004,29.2593409998198,3.3124,142.105919670352,0.0129830874649959,2.27997207459437,487.410013110273,1.3456,3.22767933399439,5.6237276736,32.4782591064918,0.03343969322178,0.041584155,0.037953731,0.058939694,0,0.021714724,0.09,0.0668145360000001,"121027A",0,0,0,0,0,0,0,0,0,0,0,1.773,0.442949869577862
"121128A",3.23392922,1.32,-9.617982957,1.11058971,1.54546584,22.04029767,0.9455,1.367355921,1.98504,-5.161150909,10.4582981999698,1.7424,92.5055961611425,1.23340950395788,2.38846466260691,485.774721382207,0.89397025,1.86966221469376,3.9403838016,26.6374787054715,0.0303933846890459,0.028690024,0.029795568,0.032445001,0.010337721,0.025176492,0.18,0.013466496,"121128A",0,0,0,0,0,0,0,0,0,0,0,2.2,0.505149978319906
"121211A",4.20933518,2.36,-11.2823295,0,1.15615612,21.66138196,0.95,2.260071388,2.0682,-5.886056648,17.7185026575856,5.5696,127.29095894657,0,1.33669697381345,469.215468417013,0.9025,5.10792267885625,4.27745124,34.645662863465,0.0937486856135703,0.054250775,0.063247159,0.074602829,0.005,0.089197405,0.26,0.130288345,"121211A",0,0,0,0,0,0,0,0,0,0,0,1.023,0.305995882770805
"130408A",3.58393,1.28,-10.32975415,0.69019608,1.39277,20.06405721,0.945,1.447158031,2.03183,-5.638272164,12.8445542449,1.6384,106.703820799442,0.476370628847366,1.9398082729,402.566391726153,0.893025,2.0942663666878,4.1283331489,31.7901129953372,0.202660966333188,0.077,0.070305,0.0643,0.117120218,0.0755294749999999,0.26,0.0886315269999999,"130408A",0,0,0,0,0,0,0,0,0,0,0,3.757,0.677333151419902
"130418A",2.59006,2.07,-9.247183569,-0.22184875,1.28449,21.12149747,0.198,2.07200023240372,1.68684,-5.744727495,6.7084108036,4.2849,85.5104039587836,0.0492168678765625,1.6499145601,446.117655375216,0.039204,4.29318496308107,2.8454291856,33.001893991809,0.169579312058566,0.06047,0.06867,0.031625,0.003,0.048254942,0.17,0.144764827,"130418A",0,0,0,0,0,0,0,0,0,0,0,1.218,0.345961541813141
"130420A",3.56731,1.52,-10.8728952,0.531478917,0.914676,20.79265849,1.17,2.091666958,2.29559,-5.148741651,12.7257006361,2.3104,118.219850030183,0.282469839215493,0.836632184976,432.334647081769,1.3689,4.37507066318897,5.2697334481,26.5095405887422,0.0412728533350444,0.05505,0.08535,0.0286905,0.005,0.018350471,0.25,0.025546734,"130420A",0,0,0,0,0,0,0,0,0,0,0,1.297,0.361160995195026
"130511A",2.65954,1.35,-10.51570016,0.113943352,1.16497,21.01365445,0.65,0.73479983,2.06879,-6.657577319,7.0731530116,1.8225,110.579949855024,0.0129830874649959,1.3571551009,441.573673344005,0.4225,0.539930790168029,4.2798920641,44.3233357584632,0.176931769551824,0.0838,0.089385,0.04916,0.01,0.078962633,0.31,0.0668145360000001,"130511A",0,0,0,0,0,0,0,0,0,0,0,1.3033,0.362350507594848
"130514A",3.68772,1.8,-10.7212464,0.447158031,1.17745,21.19799139,0.65,2.309630167,2.0604,-5.040958608,13.5992787984,3.24,114.945124369513,0.199950304687797,1.3863885025,449.354838970514,0.4225,5.33439150831645,4.24524816,25.4112636875693,0.0272768817014167,0.078,0.078365,0.04188,0.08,0.00954493399999999,0.05,0.046531552,"130514A",0,0,0,0,0,0,0,0,0,0,0,3.6,0.662757831681574
"130604A",2.071571247,1.51,-8.316052869,-0.096910013,1.742079764,21.35024026,0.98,1.57634135,2.08823,-5.853871964,4.29140743139714,2.2801,69.1567353200031,0.00939155061966017,3.0348419041383,455.832759159725,0.9604,2.48485205171982,4.3607045329,34.2678169709052,0.0525216608675702,0.166441725,0.100184013,0.041653571,0.015,0.031021034,0.12,0.10857362,"130604A",0,0,0,0,0,0,0,0,0,0,0,1.06,0.313867220369153
"130831A",3.31959,1.93,-9.89279003,1.133538908,1.28481,21.19799139,1.01,1.511883361,1.79449,-5.187086643,11.0196777681,3.7249,97.8672945776674,1.28491045594983,1.6507367361,449.354838970514,1.0201,2.28579129726866,3.2201943601,26.905867841989,0.0249128885159663,0.054815,0.089045,0.06727,0.009011148,0.001336291,0.05,0.019160051,"130831A",0,0,0,0,0,0,0,0,0,0,0,0.4791,0.16999753706657
"131030A",2.84594,1.3,-9.294136288,1.44870632,1.11188,20.84178667,0.693,1.613841822,2.09466,-4.537602002,8.0993744836,1.69,86.3809693399184,2.09875000160794,1.2362771344,434.38007159779,0.480249,2.60448542643628,4.3876005156,20.5898319285544,0.0427179076225292,0.025175,0.027575,0.00815,0.0075,0,0.03,0.010818724,"131030A",0,0,0,0,0,0,0,0,0,0,0,1.295,0.36078268987328
"131105A",3.9488,1.45,-10.91009489,0.544068044,1.19347,21.32749584,0.94,2.050379756,2.24976,-5.148741651,15.59302144,2.1025,119.030170508804,0.296010036501986,1.4243706409,454.862078805217,0.8836,4.20405714381462,5.0614200576,26.5095405887422,0.0158047698317659,0.03335,0.047885,0.04544,0.005,0.030584118,0.11,0.0744504830000001,"131105A",0,0,0,0,0,0,0,0,0,0,0,1.686,0.429106008332697
"140206A",3.59073,1.04,-9.730487056,1.28780173,1.22509,22.00531353,0.672,1.971275849,1.88134,-4.795880017,12.8933419329,1.0816,94.6823783469835,1.65843329579099,1.5008455081,484.233823553601,0.451584,3.88592847285067,3.5394401956,23.0004651374599,0.063811704252879,0.012995,0.021325,0.015545,0.021902336,0.00814302200000001,0.15,0.011193157,"140206A",0,0,0,0,0,0,0,0,0,0,0,2.73,0.571708831808688
"140213A",3.829176603,1.8,-10.12551818,1.371067862,1.108879519,20.99187128,0.83,1.77815125,1.96657,-4.920818754,14.6625934569626,3.24,102.526118413511,1.87982708220925,1.22961378765767,440.658659836089,0.6889,3.16182186787656,3.8673975649,24.2144572097181,0.0189868108841264,0.06303582,0.068643889,0.021746292,0.005,0,0.04,0.014784493,"140213A",0,0,0,0,0,0,0,0,0,0,0,1.2076,0.343920385393226
"140419A",3.68383,1.21,-10.00568285,0.69019608,1.36898,22.04094236,0.678,1.976349979,1.87322,-4.795880017,13.5706034689,1.4641,100.113689294784,0.476370628847366,1.8741062404,485.803140116842,0.459684,3.9059592394933,3.5089531684,23.0004651374599,0.0175057628798656,0.023985,0.02442,0.017885,0.001,0,0.04,0.017726305,"140419A",0,0,0,0,0,0,0,0,0,0,0,3.956,0.695131297704026
"140423A",3.90552,1.33,-10.85078089,0.322219295,1.18974,21.81946365,0.77,2.127104798,2.06486,-5.026872146,15.2530864704,1.7689,117.739445922789,0.103825274070297,1.4154812676,476.088993973671,0.5929,4.52457482167462,4.2636468196,25.2694435722306,0.0745819195938403,0.05035,0.05495,0.045115,0.149849463,0.013860462,0.06,0.0413613789999999,"140423A",0,0,0,0,0,0,0,0,0,0,0,3.26,0.629409599102719
"140430A",4.14388,2,-11.36251027,0.397940009,0.875171,21.67796993,1.03,2.239549721,2.15785,-5.958607315,17.1717414544,4,129.106639635855,0.15835625076292,0.765924279241,469.934380285984,1.0609,5.01558295283118,4.6563166225,35.5050011343715,0.00923562857095551,0.0861,0.13071,0.0833725,0.035,0.0789626329999999,0.22,0.034743559,"140430A",0,0,0,0,0,0,0,0,0,0,0,1.6,0.414973347970818
"140506A",3.30686,1.68,-9.903089987,1.037426498,0.948932,21.81764402,0.9,2.045714059,1.74751,-5.552841969,10.9353230596,2.8224,98.0711912906197,1.07625373875254,0.900471940624,476.009590583442,0.81,4.18494601119025,3.0537912001,30.8340539326878,0.0373575732732516,0.05516,0.06882,0.01557,0.047966029,0.0465315520000001,0.16,0.035859177,"140506A",0,0,0,0,0,0,0,0,0,0,0,0.889,0.276231957921834
"140509A",3.58709,1.59,-11.09770006,0.204119983,1.40649,20.90144742,0.86,1.17092730333444,1.93407,-5.920818754,12.8672146681,2.5281,123.158946621724,0.0416649674599203,1.9782141201,436.870504251025,0.7396,1.37107074969406,3.7406267649,35.0560947177181,0.151511196244019,0.08395,0.088715,0.10418,0.22,0.04379136,0.121212121,0.117055576617339,"140509A",0,0,0,0,0,0,0,0,0,0,0,2.4,0.531478917042255
"140512A",3.53686,1.45,-9.504455662,0.832508913,1.25134,21.32824297,0.871,2.189770956,1.84304,-4.853871964,12.5093786596,2.1025,90.3346774309239,0.693071090224441,1.5658517956,454.893948187355,0.758641,4.79509683974115,3.3967964416,23.5600730429052,0.0134302087658966,0.01504,0.022285,0.02006,0.002482817,0.00930630999999999,0.04,0.019160051,"140512A",0,0,0,0,0,0,0,0,0,0,0,0.725,0.236789099409293
"140518A",3.77824,0.92,-11.31158018,0,1.64981,22.46148952,0.94,1.781755375,1.93772,-6,14.2750974976,0.8464,127.951846168569,0,2.7218730361,504.51851145707,0.8836,3.17465221634139,3.7547587984,36,0.0174377429302028,0.09045,0.070125,0.18819,0,0.043429448,0.61,0.043429448,"140518A",0,0,0,0,0,0,0,0,0,0,0,4.707,0.756407872548958
"140614A",3.70006,1.5,-10.9589,-1.4317581319867,1.35595,22.12570242,0.83,2.857332496,1.77015,-5.886056648,13.6904440036,2.25,120.09748921,2.04993134851004,1.8386004025,489.546707578394,0.6889,8.16434899269759,3.1334310225,34.645662863465,0.0965452754396361,0.1129,0.098945,0.093145,0.05,0.133629071,0.46,0.163321606984504,"140614A",0,0,0,0,0,0,0,0,0,0,0,4.233,0.718750734739665
"140629A",2.85608,1.86,-9.847711656,0.62324929,1.16056,21.74269921,0.815,1.62324929,1.95996,-5.619788758,8.1571929664,3.4596,96.9774248597183,0.388439677485504,1.3468995136,472.744968936535,0.664225,2.6349382574855,3.8414432016,31.5820256845432,0.119342969960682,0.042785,0.06161,0.03501,0.001678552,0.0361912069999999,0.11,0.041361379,"140629A",0,0,0,0,0,0,0,0,0,0,0,2.275,0.515211304327802
"141004A",3.30337,1.86,-10.61083392,0.785329835,1.54959,21.49730845,1.08,0.593286067,1.79496,-6.173925197,10.9122533569,3.4596,112.589796477823,0.616742949741127,2.4012291681,462.134270594441,1.1664,0.351988357296328,3.2218814016,38.1173523381515,0.118918281385487,0.0853,0.081935,0.09774,0.005,0.019446022,0.08,0.021358745,"141004A",0,0,0,0,0,0,0,0,0,0,0,0.573,0.196728722623287
"141121A",5.76634,1.73,-12.65757732,-0.045757491,2.33322,21.59590717,0.82,2.74028372,1.93447,-5.27572413,33.2506769956,2.9929,160.214263611778,0.00209374798261508,5.4439155684,466.383206495257,0.6724,7.50915486609704,3.7421741809,27.8332650958643,0.0298708467389642,0.1675,0.090095,0.2969,0.01,0.032776942,0.13,0.144764827,"141121A",0,0,0,0,0,0,0,0,0,0,0,1.47,0.392696953259666
"141220A",2.77561,0.62,-9.872830386,0.949390007,1.42066,21.48574413,1.1,0.857935265,1.80565,-5.585026652,7.7040108721,0.3844,97.4727798307249,0.90134138539146,2.0182748356,461.63720081983,1.21,0.73605291893062,3.2603719225,31.1925227035503,0.0285379269708387,0.042455,0.057375,0.050735,0.07,0.0167036340000001,0.38,0.034157993,"141220A",0,0,0,0,0,0,0,0,0,0,0,1.3195,0.365394376854778
"150120B",3.39431,2.2,-10.79048499,0.079181246,1.17705,21.52664292,0.92,2.01762288488796,2.01678,-6.26760624,11.5213403761,4.84,116.434566319415,0.00626966971811252,1.3854467025,463.396355405186,0.8464,4.07080210562361,4.0674015684,39.2828879796869,0.0141299769251024,0.0711,0.090535,0.057705,0.005,0.039006078,0.151515152,0.054210676800265,"150120B",0,0,0,0,0,0,0,0,0,0,0,3.5,0.653212513775344
"150314A",2.49217,1.08,-8.609064893,1.58546073,1.19079,22.01715025,0.73,1.169968174,1.84772,-4.657577319,6.2109113089,1.1664,74.1159983318851,2.51368572637213,1.4179808241,484.754905131075,0.5329,1.36882552817289,3.4140691984,21.6930264824632,0.07726686575266,0.015025,0.015855,0.009925,0,0.005922197,0.03,0.010152339,"150314A",0,0,0,0,0,0,0,0,0,0,0,1.758,0.440594261839831
"150403A",3.19694,1.23,-8.821023053,1.245512668,1.24471,21.79039707,0.679,1.611723308,1.70996,-4.769551079,10.2204253636,1.5129,77.8104477015574,1.55130180614848,1.5493029841,474.821404468265,0.461041,2.59765202155046,2.9239632016,22.7486174951901,0.127565659236116,0.005105,0.006975,0.00458,0,0.00766401999999999,0.04,0.014805494,"150403A",0,0,0,0,0,0,0,0,0,0,0,2.06,0.48572142648158
"150821A",2.95174,2.1,-8.853871964,-1.49776679460977,1.82628,22.340573,0.848,2.23578087,2.21622,-6.102372909,8.7127690276,4.41,78.3910487549052,2.24330537103562,3.3352986384,499.101201968329,0.719104,4.99871609865796,4.9116310884,37.2389551204971,0.249936990327389,0.021105,0.015485,0.027365,5e-04,0.104450572,0.37,0.188398851647284,"150821A",0,0,0,0,0,0,0,0,0,0,0,0.755,0.244277120801843
"151021A",3.15765,1.57,-9.642065153,0.986771734,1.33346,22.33647975,1.27,2.042181595,1.96079,-4.552841969,9.9707535225,2.4649,92.9694204146969,0.973718455021367,1.7781155716,498.91832762216,1.6129,4.17050566695674,3.8446974241,20.7283699946878,0.0143797213110485,0.06282,0.05208,0.02141,0.04,0.015510517,0.04,0.035818102,"151021A",0,0,0,0,0,0,0,0,0,0,0,2.33,0.52244423350632
"151027A",3.99907,1.72,-9.935542011,0.832508913,1.74508,21.65076489,0.9235,2.11290649,2.00612,-5.107905397,15.9925608649,2.9584,98.7149950523459,0.693071090224441,3.0453042064,468.755620322057,0.85285225,4.46437383548412,4.0245174544,26.0906975447017,0.0183350782696789,0.02221,0.01731,0.02499,0.002440971,0.011135756,0.05,0.038320101,"151027A",0,0,0,0,0,0,0,0,0,0,0,0.81,0.257678574869184
"151215A",3.06337,1.99,-10.72815839,0.204119983,1.07478,21.1934229723639,1.015,1.250420002,2.20942,-6.508638306,9.3842357569,3.9601,115.093382440927,0.0416649674599203,1.1551520484,449.161177285522,1.030225,1.56355018140168,4.8815367364,42.3623725983306,0.0244827442519859,0.093,0.11588,0.071395,0.35435971,0.098066496,0.33,0.0542868100000001,"151215A",0,0,0,0,0,0,0,0,0,0,0,2.59,0.555094448578319
"160117B",4.10299,1.73,-11.74958,-0.705929807788426,0.973333,20.95374423,0.64,0.697062187810827,1.83834,-6.4710833,16.8345269401,2.9929,138.0526301764,0.498336893524204,0.947377128889,439.059397256258,0.4096,0.485895693675617,3.3794939556,41.8749190755389,0.214744065864423,0.12265,0.162075,0.093958,0.015,0.005627928835757,0.0041822719666068,0.122191721784807,"160117B",0,0,0,0,0,0,0,0,0,0,0,0.87,0.271841606536499
"160121A",3.8244,1.77,-11.17263073,0.079181246,0.798663,21.4198963,1.02,1.079181246,2.2054,-6.214670165,14.62603536,3.1329,124.82767742894,0.00626966971811252,0.637862587569,458.811957502754,1.0404,1.16463216171811,4.86378916,38.6221252597411,0.0862757376305275,0.0694,0.120385,0.106048,0.03,0.035597908,0.13,0.0723824139999999,"160121A",0,0,0,0,0,0,0,0,0,0,0,1.96,0.471291711058939
"160203A",3.66139836,1.93,-11.36754271,0.113943352,1.146279559,22.0158332,0.61,1.305351369,1.75592,-5.920818754,13.4058379506107,3.7249,129.221027263674,0.0129830874649959,1.31395682738123,484.696911490222,0.3721,1.70394219655017,3.0832550464,35.0560947177181,0.0695758261024457,0.08458679,0.087010427,0.0601909,0.25,0.036191207,0.2,0.133629071,"160203A",0,0,0,0,0,0,0,0,0,0,0,3.52,0.655138434811382
"160227A",4.47751,0.75,-10.99567863,-0.22184875,1.10229,21.4198963,0.679,2.500373714,1.72551,-5.508638306,20.0480958001,0.5625,120.904948534239,0.0492168678765625,1.2150432441,458.811957502754,0.461041,6.25186870966215,2.9773847601,30.3450959863305,0.103418641469029,0.03055,0.03885,0.03434,0.001,0.028018999,0.51,0.0723824140000001,"160227A",0,0,0,0,0,0,0,0,0,0,0,2.38,0.528916700277655
"160327A",3.76407,1.84,-11.22402567,0.255272505,1.49693,20.72655851,0.78,1.447158031,1.93554,-5.853871964,14.1682229649,3.3856,125.978752240819,0.065164051808975,2.2407994249,429.590227668453,0.6084,2.0942663666878,3.7463150916,34.2678169709052,0.143091047665439,0.0673,0.06033,0.1004,0.02,0.031021034,0.11,0.048254942,"160327A",0,0,0,0,0,0,0,0,0,0,0,4.99,0.777426822389311
"160804A",4.38419,1.4,-11.5214335,0.462397998,0.948229,21.30214687,0.92,2.15896526,1.87827,-4.943095149,19.2211219561,1.96,132.743429894922,0.213811908554408,0.899138236441,453.781461271051,0.8464,4.66113099388687,3.5278981929,24.4341896520673,0.057915224642575,0.05875,0.095375,0.070062,0.005,0.011428802,0.23,0.0449270149999999,"160804A",0,0,0,0,0,0,0,0,0,0,0,0.736,0.239549720840473
"161108A",4.69106,1.85,-11.81247928,-0.22184875,0.883711,21.16074757,0.84,2.021602716,2.00325,-5.958607315,22.0060439236,3.4225,139.534666740429,0.0492168678765625,0.780945131521,447.777237721261,0.7056,4.08687754133858,4.0130105625,35.5050011343715,0.0491496346156657,0.13355,0.18179,0.0812555,0.005,0.039481317,0.17,0.0723824140000001,"161108A",0,0,0,0,0,0,0,0,0,0,0,1.159,0.334252642334231
"161117A",4.08464,1.19,-10.74958,0.832508913,1.141,21.87736847,1.375,2.099335278,1.92624,-4.698970004,16.6842839296,1.4161,115.5534701764,0.693071090224441,1.301881,478.61925117215,1.890625,4.40720860945534,3.7104005376,22.0803190984918,0.00378540226960351,0.03835,0.04019,0.02365,0.674290141,0,0.12,0.019160051,"161117A",0,0,0,0,0,0,0,0,0,0,0,1.549,0.406369835469268
"161219B",4.0135,1.29,-10.13667714,0.72427587,0.871656,21.16590877,0.73,0.84135947,1.86204,-5.823908741,16.10818225,1.6641,102.752223440599,0.524575535864257,0.759784182336,447.995694059963,0.5329,0.707885757758681,3.4671929616,33.9179130234962,0.0495608716177928,0.0277,0.03841,0.008668,0,0.028952965,0.35,0.032776942,"161219B",0,0,0,0,0,0,0,0,0,0,0,0.1475,0.0597526942092988
"170202A",3.77629,1.68,-10.65364703,0.672097858,1.1958,21.7153121,1.04,1.664641976,1.99768,-5.48148606,14.2603661641,2.8224,113.500195039828,0.451715530728188,1.42993764,471.554779600406,1.0816,2.77103290826118,3.9907253824,30.0466894259743,0.10761765896651,0.04485,0.068655,0.059155,0,0.013160439,0.07,0.027720924,"170202A",0,0,0,0,0,0,0,0,0,0,0,3.645,0.666985718329661
"170405A",3.6300738,1.59,-10.31069114,-0.0335186812736592,1.81152426,22.0746007,0.612,2.216693599,1.8473,-5.431798276,13.1774357934464,2.5281,106.310351784474,0.00112350199432515,3.28162014456855,487.287996064441,0.374544,4.91373051184757,3.41251729,29.5044325111566,0.0933217274509788,0.048255345,0.035670699,0.072401387,0.0475,0.035213066,0.12,0.153952769308304,"170405A",0,0,0,0,0,0,0,0,0,0,0,3.51,0.65417654187796
"170519A",4.1513,1.94,-11.06348626,-0.15490196,1.37345,21.33992622,0.975,2.335257256,1.97351,-5.958607315,17.23329169,3.7636,122.400728225209,0.0239946172118416,1.8863649025,455.392451075043,0.950625,5.45342645170065,3.8947417201,35.5050011343715,0.0991498519285518,0.053,0.052235,0.066745,0.224423613,0.0789626329999999,0.26,0.0620420690000001,"170519A",0,0,0,0,0,0,0,0,0,0,0,0.818,0.259593878885949
"170531B",3.80257,1.95,-11.39577395,-0.096910013,1.02082,20.2460058814296,0.99,2.215187969,2.06685,-5.698970004,14.4595386049,3.8025,129.863663919499,0.00939155061966017,1.0420734724,409.900754150882,0.9801,4.90705773800235,4.2718689225,32.4782591064918,0.0233394026693868,0.08415,0.11435,0.107427,0.035,0.0434294479999999,0.14,0.10857362,"170531B",0,0,0,0,0,0,0,0,0,0,0,2.366,0.527114111639805
"170705A",3.63746,1.65,-10.18641901,1.1430148,0.774169,21.08891889,0.66,2.337059726,1.89159,-5.022276395,13.2311152516,2.7225,103.763132247289,1.30648283301904,0.599337640561,444.742499948999,0.4356,5.4618481628912,3.5781127281,25.2232601877742,0.0361306862803674,0.04055,0.06603,0.027333,0.005,0.013714563,0.05,0.012497683,"170705A",0,0,0,0,0,0,0,0,0,0,0,2.01,0.478566495593843
"170903A",4.41384,1.94,-11.26042766,0.591064607,0.971187,21.73970839,1.14,1.465382851,2.20256,-5.619788758,19.4819835456,3.7636,126.797231086093,0.349357369648064,0.943204188969,472.614920882236,1.2996,2.14734690000489,4.8512705536,31.5820256845432,0.0534696645518069,0.04095,0.065935,0.051271,0.005,0.0361912069999999,0.12,0.05567878,"170903A",0,0,0,0,0,0,0,0,0,0,0,0.886,0.27554168840131
"171205A",5.48376,1.41,-12.42945706,0,1.13263,21.34755638,0.67,2.277379975,1.66173,-5.443697499,30.0716237376,1.9881,154.491402806384,0,1.2828507169,455.718163397279,0.4489,5.186459550531,2.7613465929,29.6338424606189,0.0806407286915141,0.0719,0.109545,0.115455,0.01,0.036191207,0.14,0.130288345,"171205A",0,0,0,0,0,0,0,0,0,0,0,0.0368,0.0156949885265181
"171222A",4.78231,2.07,-12.10957898,-0.15490196,0.718496,20.02880298,1.34,2.242541428,1.99001,-5.721246399,22.8704889361,4.2849,146.641903072858,0.0239946172118416,0.516236502016,401.152948811657,1.7956,5.02899205629628,3.9601398001,32.7326603580705,0.0563106258915239,0.20975,0.378455,0.126956,0.015,0.045715209,0.17,0.124084138,"171222A",0,0,0,0,0,0,0,0,0,0,0,2.409,0.532627001228891
"180205A",3.21372,2.04,-10.30627305,0.531478917,1.09633,21.4933967,1.03,1.190331698,1.88733,-6,10.3279962384,4.1616,106.219264181156,0.282469839215493,1.2019394689,461.966101703571,1.0609,1.41688955126356,3.5620145289,36,0.0875106835560367,0.06455,0.088815,0.042095,0.005,0.043429448,0.13,0.0383201009999999,"180205A",0,0,0,0,0,0,0,0,0,0,0,1.409,0.381836799998343
"180329B",4.02296,0.97,-11.14935376,0.146128036,1.50063,21.41988474,0.77,2.322219295,1.86768,-5.48148606,16.1842071616,0.9409,124.308089265626,0.0213534029052173,2.2518903969,458.811462274885,0.5929,5.3927024540703,3.4882285824,30.0466894259743,0.091090048181127,0.04825,0.04314,0.069665,0,0.039481317,0.56,0.124084138,"180329B",0,0,0,0,0,0,0,0,0,0,0,1.998,0.476831628512261
"180620B",4.6659,1.3,-10.98296666,0.556302501,1.09835,21.21643247,0.9,2.29841638,1.99236,-5,21.77062281,1.69,120.625556654672,0.309472472618855,1.2063727225,450.13700675407,0.81,5.2827178558523,3.9694983696,25,0.0599542916300528,0.0437,0.067125,0.059445,0.005,0.013028834,0.2,0.024127471,"180620B",0,0,0,0,0,0,0,0,0,0,0,1.1175,0.325823419002744
"180624A",4.171185481,1.91,-11.54363397,0.146128036,1.243849338,21.1034582,0.95,2.686993566,2.06008,-5.236572006,17.3987883169052,3.6481,133.255485233338,0.0213534029052173,1.54716117564304,445.355947999147,0.9025,7.2199344237254,4.2439296064,27.4216863740229,0.0343795484387942,0.088149935,0.099379055,0.123366444,0,0.022463508,0.1,0.062042069,"180624A",0,0,0,0,0,0,0,0,0,0,0,2.855,0.586024382386976
"180720B",3.62033,1.36,-8.847711656,1.831869774,1.34127,21.24271531,0.729,3.06444019010425,1.8461,-4.065501549,13.1067893089,1.8496,78.2820015477183,3.35574686889481,1.7990052129,451.252953741708,0.531441,9.39079367872617,3.40808521,16.5283028449214,0.00138098327707093,0.004975,0.00614,0.005375,0,0.00504993600000002,0.03,0.016629833,"180720B",0,0,0,0,0,0,0,0,0,0,0,0.654,0.218535505216528
"180728A",3.8695,1.97,-9.42365865,2.120573931,1.1986,21.58733599,0.8595,0.938519725,1.70111,-4.528708289,14.97303025,3.8809,88.8053423517198,4.49683379683679,1.43664196,466.013075145149,0.73874025,0.880819274214076,2.8937752321,20.5091987668573,0.0148761559757772,0.009885,0.014745,0.0091,0.042486494,0.008803267,0.03,0.009541318,"180728A",0,0,0,0,0,0,0,0,0,0,0,0.117,0.0480531731156091
"181010A",3.15711,1.52,-9.928117993,0.146128036,1.07011,22.27837171,1.115,1.214843848,1.76613,-6.161150909,9.9673435521,2.3104,98.5675268829304,0.0213534029052173,1.1451354121,496.325846048928,1.243225,1.47584557502345,3.1192151769,37.9597805234715,0.0580681587793652,0.034615,0.057805,0.033375,0.007041969,0.04405886,0.15,0.062042069,"181010A",0,0,0,0,0,0,0,0,0,0,0,1.39,0.378397900948138
"181020A",4.29043,1.25,-10.42365865,0.886490725,2.64643,20.65703194,1.228,2.376576957,1.93674,-5.091514981,18.4077895849,1.5625,108.65265965172,0.785865805511026,7.0035917449,426.71296857018,1.507984,5.64811803254338,3.7509618276,25.9235248017474,0.0211468897196027,0.1418,0.047555,0.091985,0.029531206,0.016084981,0.06,0.016920564,"181020A",0,0,0,0,0,0,0,0,0,0,0,2.938,0.595275711802099
"190114A",3.74534,2.06,-10.75202673,-0.301029996,1.18375,21.6447605,0.86,1.823474229,1.83214,-6.096910013,14.0275717156,4.2436,115.606078802635,0.09061905849176,1.4012640625,468.49565710236,0.7396,3.32505826382714,3.3567369796,37.1723117066197,0.0664080102705681,0.03365,0.042215,0.04616,0,0.0651441719999998,0.22,0.173717793,"190114A",0,0,0,0,0,0,0,0,0,0,0,3.3765,0.641126932803509
"190719C",4.88123,1.64,-11.257,0.740362689,1.55953,20.95382587,0.915,2.268811904,1.5415,-5.292429824,23.8264063129,2.6896,126.720049,0.548136911263311,2.4321338209,439.062818590281,0.837225,5.14750745573211,2.37622225,28.0098134419647,0.0226602223323686,0.2175,0.1943,0.21085,0.22,0.025546734,0.09,0.02368879,"190719C",0,0,0,0,0,0,0,0,0,0,0,2.469,0.54020429984206
"190829A",4.0838,2.56,-9.56068,1.255272505,1.03996,22.04910001,1.16,1.764922985,2.0913,-5.193820026,16.67742244,6.5536,91.4066020624,1.57570906180898,1.0815168016,486.162811250982,1.3456,3.11495314298131,4.37353569,26.9757664624786,0.0660733687520347,0.013585,0.01916,0.009675,0.075,0.047500959,0.21,0.065144172,"190829A",0,0,0,0,0,0,0,0,0,0,0,0.0785,0.0328201494385639
"191011A",3.15321333,1.94,-10.8132081,0.255272505,1.30602449,21.65033473,0.94,0.867467488,1.81479,-6.48148606,9.94275430448969,3.7636,116.925469413906,0.065164051808975,1.70569996847976,468.736993921044,0.8836,0.75249984273703,3.2934627441,42.0096615459743,0.0559978453284278,0.05719327,0.06597695,0.05756962,0.19,0.052641755,0.17,0.048254942,"191011A",0,0,0,0,0,0,0,0,0,0,0,1.722,0.434888120867316
"191221B",1.95518066,1.24,-8.11145684,0.681241237,1.15734724,22.00679538,1.39,1.681241237,1.843,-4.721246399,3.82273141323804,1.5376,65.7957320671828,0.46408962298929,1.33945263393562,484.299042897189,1.9321,2.82657209698929,3.396649,22.2901675600705,0.14476482742628,0.06184721,0.05366691,0.00551831,0.175,0.022857604,0.05,0.063334612,"191221B",0,0,0,0,0,0,0,0,0,0,0,1.148,0.332034277027518
"200205B",4.53640048,1.36,-11.7337376,0.301029996,1.56884903,20.96124782,0.516,2.660865478,1.90881,-5.26760624,20.5789293149442,1.8496,137.680598065654,0.09061905849176,2.46128727893194,439.373910171455,0.266256,7.08020509201217,3.6435556161,27.7476754996869,0.0051064352834946,0.10035241,0.08886983,0.19267266,0.18,0.016084981,0.22,0.0434294480000001,"200205B",0,0,0,0,0,0,0,0,0,0,0,1.465,0.391816923613249
"200829A",2.97975,0.83,-8.6381,1.994317153,1.29833,21.08966848,0.64,1.115277591,1.88219,-4.292429824,8.8789100625,0.6889,74.61677161,3.97730090675002,1.6856607889,444.774116596306,0.4096,1.24384410498676,3.5426391961,18.4249537939647,0.0969169435192129,0.00955,0.00926,0.00866,0.0195,0.008515578,0.03,0.007040235,"200829A",0,0,0,0,0,0,0,0,0,0,0,1.25,0.352182518111362
"201104B",2.72159651,1.47,-9.38944702,0.612783857,1.19537497,21.73058526,0.605,0.937517892,1.55046,-5.744727495,7.40708756324418,2.1609,88.1617153413869,0.375504055399796,1.4289213189025,472.218335742129,0.366025,0.878939797820124,2.4039262116,33.001893991809,0.00811616012140756,0.02110237,0.02972805,0.02348264,0.175,0.024127471,0.07,0.031777645,"201104B",0,0,0,0,0,0,0,0,0,0,0,1.954,0.470410490975931
"210210A",3.72413045,1.53,-10.1403778,0.84509804,1.5451851,21.12319546,0.965,0.819543936,1.85188,-6.008773924,13.8691476086172,2.3409,102.827261926733,0.714190697211842,2.38759699326201,446.189386441365,0.931225,0.671652263034372,3.4294595344,36.1053640697424,0.038778433249538,0.05799791,0.08857348,0.10645081,0.15,0.035452611,0.58,0.031021034,"210210A",0,0,0,0,0,0,0,0,0,0,0,0.715,0.234264124378789
"210411C",2.93128506,1.6,-9.72925773,0.681241237,1.16829405,21.05996459,1.21,1.10720997,1.88408,-5.920818754,8.5924321029792,2.56,94.6584559767648,0.46408962298929,1.3649109872654,443.522108532054,1.4641,1.2259139176674,3.5497574464,35.0560947177181,0.0202577864729536,0.05048963,0.05901459,0.03209979,0.14,0.036191207,0.4,0.027143405,"210411C",0,0,0,0,0,0,0,0,0,0,0,2.826,0.582744965691277
"210517A",3.057651,1.85,-10.8415194,0.176091259,1.21043545,21.15768338,0.66,0.485721426,1.71079,-6.823908741,9.349229637801,3.4225,117.538542900576,0.0310081314962051,1.4651539786167,447.647566008328,0.4356,0.235925303675473,2.9268024241,46.5657305054962,0.199990220376636,0.25872455,0.32132806,0.08060357,0.22,0.0868588960000001,0.25,0.0579059310000001,"210517A",0,0,0,0,0,0,0,0,0,0,0,2.486,0.542327382773974
"210610B",2.89514,0.98,-9.19036,1.130333768,1.05139,21.03780485,0.78,1.841234296,1.91684,-4.443697499,8.3818356196,0.9604,84.4627169296,1.27765442708108,1.1054209321,442.589232906684,0.6084,3.39014373276662,3.6742755856,19.7464474626189,0.015836913202155,0.0226,0.02831,0.01291,0.029,0.012063736,0.11,0.022518973,"210610B",0,0,0,0,0,0,0,0,0,0,0,1.13,0.328379603438738
"210619B",2.91049117,1.41,-8.55006175,2.06069784,1.12578835,21.83430305,0.745,1.784617293,1.92306,-4.022276395,8.47095885064797,1.9881,73.103555928813,4.24647558778067,1.26739940899572,476.736789679239,0.555025,3.18485888247465,3.6981597636,16.1787073977742,0.00197833385726092,0.01027813,0.01099582,0.00437126,0.07,0.00457152099999999,0.02,0.00830824199999999,"210619B",0,0,0,0,0,0,0,0,0,0,0,1.937,0.4679039465228
"210722A",3.6504,1.62,-10.3507,0.342422681,1.43908,20.54058972,0.81,1.700703717,1.83712,-5.602059991,13.32542016,2.6244,107.13699049,0.117253292463228,2.0709512464,421.91582604537,0.6561,2.89239313301762,3.3750098944,31.3830761427629,0.0911698774157967,0.0364819,0.0395981,0.048071,0.09,0.034743559,0.14,0.098703291,"210722A",0,0,0,0,0,0,0,0,0,0,0,1.145,0.331427296520743
"210822A",2.4985,1.3,-8.20842,1.442479769,1.267456,21.53322281,0.77,2.257198426,1.70788,-4.698970004,6.24250225,1.69,67.3781588964,2.08074788397429,1.606444711936,463.679684585104,0.5929,5.09494473433688,2.9168540944,22.0803190984918,0.102616483810065,0.017735,0.01621,0.008455,0.026,0.00868588999999999,0.4,0.010974951,"210822A",0,0,0,0,0,0,0,0,0,0,0,1.736,0.437116093048079
"211024B",3.43921565,1.63,-8.56429146,-0.045757491,1.92622006,20.98677173,1.07,2.780677274,2.08,-5.167491087,11.8282042872049,2.6569,73.3470882118289,0.00209374798261508,3.7103237195464,440.444587647127,1.1449,7.73216610214007,4.3264,26.7029641342244,0.014863865494915,0.01916437,0.01167528,0.00965772,0.055,0.019160051,0.09,0.0965098849999999,"211024B",0,0,0,0,0,0,0,0,0,0,0,1.1137,0.325043347403704
"220117A",3.43803362,1.84,-10.1070569,0.278753601,1.68612083,21.99532933,1.2,1.697316542,1.78537,-5.795880017,11.8200751722503,3.3856,102.152599179838,0.0777035700704672,2.84300345335989,483.794512335158,1.44,2.88088344374684,3.1875460369,33.5922251714599,0.0299157959274313,0.05084186,0.04500955,0.06200239,0.55,0.0542868100000001,0.18,0.091430417,"220117A",0,0,0,0,0,0,0,0,0,0,0,4.961,0.775319121829478
"230116D",3.79761,1.38,-11.1278,-0.22184875,1.57289,20.90144742,0.84,1.612783857,1.76412,-6.090443971,14.4218417121,1.9044,123.82793284,0.0492168678765625,2.4739829521,436.870504251025,0.7056,2.6010717693998,3.1121193744,37.0935077638903,0.118428290656009,0.1014,0.13824,0.23491,0.22,0.064181451,0.22,0.144764827,"230116D",0,0,0,0,0,0,0,0,0,0,0,3.81,0.682145076373832
"230325A",3.7823081,1.82,-10.9066853,0.51851394,0.931411844,22.22918251,1.025,1.580354661,2.0855,-5.886056648,14.3058545633256,3.3124,118.955784233236,0.268856705974324,0.86752802314348,494.13655506289,1.050625,2.49752085454443,4.34931025,34.645662863465,0.131947893505177,0.1875455,0.20042492,0.05714513,0.18,0.0668145360000001,0.18,0.0526417549999999,"230325A",0,0,0,0,0,0,0,0,0,0,0,1.664,0.425534220498263
"230506C",4.25859,1.89,-11.4531,0.380211242,1.14181,20.96124782,1.11,1.491361694,2.08995,-5.769551079,18.1355887881,3.5721,131.17349961,0.144560588543183,1.3037300761,439.373910171455,1.2321,2.22415970233055,4.3678910025,33.2877196531901,0.0886038540296678,0.1023,0.11841,0.11299,0.29,0.051093469,0.17,0.0904780169999999,"230506C",0,0,0,0,0,0,0,0,0,0,0,3.7,0.672097857935718
"230818A",3.9564,1.36,-11.0883,0.826074803,1.39195,21.31377445,1.02,0.992111488,2.00403,-5.721246399,15.65310096,1.8496,122.95039689,0.682399580151489,1.9375248025,454.276981305473,1.0404,0.984285204621574,4.0161362409,32.7326603580705,0.0552798328138297,0.2044,0.12794,0.19715,0.29,0.022857604,0.1,0.032410036,"230818A",0,0,0,0,0,0,0,0,0,0,0,2.42,0.534026106056135
"231210B",3.24045,1.08,-10.048,0.591064607,1.60174,21.82763844,0.84,0.873320602,1.66432281,-5.853871964,10.5005162025,1.1664,100.962304,0.349357369648064,2.5655710276,476.445799867366,0.7056,0.762688873877642,2.7699704158863,34.2678169709052,0.037615599688349,0.05243,0.04808,0.060675,0.362,0.0620420689999999,0.19,0.077950292,"231210B",0,0,0,0,0,0,0,0,0,0,0,3.13,0.615950051656401
"100219A",3.55933987825814,1.56422733166515,-10.9429945497309,0.245546959211156,1.54431871198977,20.5347839911061,0.946730126211872,1.274157849,1.98232490681045,-5.9034977631759,12.6689003689587,2.44680714512828,119.74912971544,0.0602933091778451,2.38492028420174,421.677353561387,0.896297931877147,1.62347822416831,3.92961203616106,34.8512858398229,0.119457709009036,0.794043600816194,0.647076150375781,0.28851024862743,0.216267594019356,0.417562201799725,0.392520950560915,0.494021614846916,"100219A",1,0.889834969564535,0.391056832916288,-2.73574863743272,0.061386739802789,0.386079677997443,5.13369599777652,0.236682531552968,0.31853946225,0.495581226702613,-1.47587444079398,4.67,0.753583058892907
"100508A",3.8381075428956,1.71531539390388,-10.8332233000404,0.311980628482565,1.1679654099467,20.968992738667,0.868303753826473,1.716003344,2.00786655775113,-5.61745286631118,14.7310695108321,2.94230690056362,117.358727068538,0.0973319125483763,1.36414319883196,439.698656474269,0.753951408909144,2.94466747661918,4.03152811373537,31.5557767052277,0.043188556271497,0.81515079813283,0.614442293918395,0.31912424343179,0.211314181475378,0.421812237215489,0.353709834086147,0.523095622409969,"100508A",1,0.9595268857239,0.42882884847597,-2.7083058250101,0.0779951571206413,0.291991352486675,5.24224818466675,0.217075938456618,0.429000836,0.501966639437783,-1.4043632165778,0.5201,0.181872159010334
"101225A",4.31844811447873,1.73404823881151,-11.392693880805,0.317013532489418,1.067697317774,21.0372537433742,0.886890745624236,3.036628895,2.02805487715068,-5.76788702537992,18.6489941174449,3.0069232945253,129.793473861732,0.100497579781419,1.13997756238179,442.566045063112,0.786575194673913,9.22111504594892,4.11300658473466,33.268520737546,0.00206415894290363,0.82508211377356,0.653584889909425,0.285730089969694,0.196040325100106,0.546005796097446,0.374296277724446,0.416645309980044,"101225A",1,1.07961202861968,0.433512059702877,-2.84817347020125,0.0792533831223545,0.2669243294435,5.25931343584355,0.221722686406059,0.75915722375,0.50701371928767,-1.44197175634498,0.33,0.123851640967086
"110205A",4.12148742458754,1.59426077936304,-10.9370170261005,0.26132841600354,1.65691051637297,20.1981590703873,0.898163898425051,2.409933123,1.9868068350731,-5.63895466487725,16.9866585910332,2.54166743261525,119.618341429212,0.0682925410109193,2.74535245926734,407.965629832669,0.806698388434085,5.80777765733253,3.94740139989319,31.7978097125409,0.00873854058256627,0.798032714305524,0.611202736546655,0.28589749268112,0.20650247328241,0.438645355248675,0.366606887714674,0.404633916452169,"110205A",1,1.03037185614689,0.39856519484076,-2.73425425652513,0.065332104000885,0.414227629093243,5.04953976759683,0.224540974606263,0.60248328075,0.496701708768275,-1.40973866621931,2.21,0.506505032404872
"110801A",3.79401329843203,1.48571453850809,-10.4083248683044,0.61514939642631,1.51171029190379,21.1835013230368,0.936824636414872,2.58546073,1.96132853768207,-5.45280670375565,14.3945369086791,2.20734768993431,108.333226564164,0.378408779923653,2.28526800664784,448.740728303102,0.877640399393857,6.68460718637213,3.84680963272609,29.7331009485226,0.00583325954666165,0.807034545502624,0.599455755164074,0.27932125100504,0.206518484544174,0.528290077502442,0.302080989228599,0.472352767937713,"110801A",1,0.948503324608007,0.371428634627023,-2.6020812170761,0.153787349106577,0.377927572975947,5.2958753307592,0.234206159103718,0.6463651825,0.490332134420517,-1.36320167593891,1.858,0.456062224454951
"111107A",3.51474113246307,1.77737550658492,-10.735288885265,0.324981700308769,1.08784703386143,21.0426631134719,0.917484200032387,1.424881637,2.02027933254512,-5.8102140076698,12.3534052282278,3.159063691408,115.246427450094,0.105613105535579,1.18341116908111,442.793670907071,0.841777257309069,2.0302876794598,4.08152858150896,33.7585868149224,0.0844287566202461,0.809228212922907,0.628116158111643,0.279557198210047,0.196522388748652,0.402601876957763,0.440546081659401,0.413409890512297,"111107A",1,0.878685283115768,0.44434387664623,-2.68382222131625,0.0812454250771922,0.271961758465357,5.26066577836797,0.229371050008097,0.35622040925,0.50506983313628,-1.45255350191745,2.893,0.590284403718162
"011211A",4.23273896602637,1.66350999255785,-11.1351903598869,0.208280182453687,1.7047492503466,20.79066861,0.871543299333658,2.431363764,1.99379352897411,-5.72025090289411,17.916079154518,2.76726549533982,123.992464350918,0.0433806344029412,2.90617000655729,432.251901250839,0.759587722613398,5.91152975289225,3.97521263617904,32.7212703920609,0.00831779603269816,0.826123645809832,0.622806332825651,0.278031585151224,0.191045324330728,0.4161544644816,0.409370475487351,0.332654123726101,"011211A",1,1.05818474150659,0.415877498139463,-2.78379758997173,0.0520700456134218,0.42618731258665,5.1976671525,0.217885824833415,0.607840941,0.498448382243527,-1.43006272572353,2.14,0.496929648073215
"120119A",3.60657359887828,1.50569801713727,-10.5000356499302,0.509401313144231,1.45568840492666,21.0247439092354,0.923540815608303,2.404491618,1.96946036812022,-5.63329401541346,13.0073731241258,2.26712651881111,110.250748649805,0.259489697833067,2.11902873223792,442.039856448931,0.85292763809445,5.78157994103226,3.87877414159623,31.7340014640931,0.00884871917556533,0.773657891883282,0.616359914257558,0.289342011216123,0.210875572178401,0.482287299496556,0.35020660307913,0.495918545924886,"120119A",1,0.90164339971957,0.376424504284318,-2.62500891248255,0.127350328286058,0.363922101231665,5.25618597730885,0.230885203902076,0.6011229045,0.492365092030055,-1.40832350385337,3.1,0.612783856719735
"120711A",3.93133213913006,1.67606727412868,-10.9243643302221,0.27718577504676,1.26444750931726,20.8732419120394,0.883973783477139,2.06069784,2.00329949224024,-5.61994326640139,15.4553723881569,2.80920150740514,119.341736019429,0.076831953888273,1.59882750381862,435.692227918518,0.781409649874888,4.24647558778067,4.01320885561,31.5837623175703,0.0195287385203038,0.80457310881246,0.608752994545842,0.296102100763354,0.197277493767505,0.438796797093541,0.344156004238501,0.531422519136125,"120711A",1,0.982833034782515,0.41901681853217,-2.73109108255552,0.06929644376169,0.316111877329315,5.21831047800985,0.220993445869285,0.51517446,0.50082487306006,-1.40498581660035,1.405,0.381115080709851
"120815A",3.48310771050816,1.76604962027331,-10.6221664072895,0.383677404589963,1.05672322876634,21.1563853323943,0.902096547762678,0.986771734,2.01084040234088,-5.7951350040035,12.1320393230014,3.1189312612675,112.83041918415,0.14720835079289,1.11666398221436,447.592640332749,0.813778181485342,0.973718455021367,4.04347912368643,33.5835897146266,0.231526281379706,0.80821831239611,0.617044740351842,0.277681425775773,0.195441996535333,0.408718828795341,0.467626940066282,0.410549507526887,"120815A",1,0.87077692762704,0.441512405068328,-2.65554160182237,0.0959193511474908,0.264180807191585,5.28909633309858,0.22552413694067,0.2466929335,0.50271010058522,-1.44878375100087,2.36,0.526339277389844
"121217A",3.63697766629521,1.75482215662972,-10.6233943074412,0.392886197022955,1.10702853166193,21.1799589654225,0.907923703618421,2.890979597,2.01194217212743,-5.69546395883788,13.2276065451302,3.07940080139858,112.856506611374,0.15435956381116,1.22551216991357,448.590661776981,0.82432545159219,8.35776303027028,4.04791130398484,32.4383097064213,0.00288663872487537,0.773537482798418,0.622264045418378,0.284619501584912,0.201646041360637,0.416398863388872,0.405179562810604,0.461465782738391,"121217A",1,0.909244416573803,0.43870553915743,-2.6558485768603,0.0982215492557388,0.276757132915482,5.29498974135563,0.226980925904605,0.72274489925,0.502985543031857,-1.42386598970947,3.1,0.612783856719735
"130215A",4.47497518596177,1.80014800446658,-11.1716420559663,0.277570336271122,1.76129735105376,20.90308999,0.912420978343548,1.81756537,1.98753106617156,-5.78424565417612,20.0254029149736,3.24053283798501,124.805586226635,0.0770452915776637,3.10216835882899,436.939171130038,0.832512041721397,3.30354387422324,3.95027973899706,33.4574977878553,0.0341827233748845,0.800929701589408,0.627984681943515,0.378805751736233,0.196679868285468,0.533234565924395,0.377780061479005,0.313367621058206,"130215A",1,1.11874379649044,0.450037001116645,-2.79291051399158,0.0693925840677805,0.44032433776344,5.2257724975,0.228105244585887,0.4543913425,0.49688276654289,-1.44606141354403,0.6,0.204119982655925
"130427A",3.94560310009182,1.52358959819532,-10.1891751649507,0.823054205693238,1.35402428889427,21.4460087798936,0.901409476542756,2.211734423,1.94493849200132,-5.22902183044042,15.5677838234542,2.32132526372898,103.819290542048,0.677418225509327,1.83338177491563,459.931292587273,0.812539044401085,4.89176915788314,3.78278573766837,27.3426693032225,0.0137923289772479,0.816756473079868,0.631802938630171,0.283242517032827,0.195471130082047,0.506169183447172,0.298544643711293,0.523416589617315,"130427A",1,0.986400775022955,0.38089739954883,-2.54729379123768,0.20576355142331,0.338506072223567,5.3615021949734,0.225352369135689,0.55293360575,0.48623462300033,-1.3072554576101,0.34,0.127104798364808
"140801A",3.87583700058723,1.73143262874101,-10.8711037528679,0.328741312172381,1.16104719956115,20.9604103159501,0.895218168997354,0.84509804,2.02044356261919,-5.62400270365991,15.022112455121,2.997858947869,118.180896805619,0.108070850328819,1.34803059960879,439.338800612987,0.801415570102975,0.714190697211842,4.08219218972933,31.629406410774,0.320829275440011,0.800137243527483,0.61267336485722,0.282262059698191,0.198715940684679,0.424855480071704,0.348665803323885,0.49968938979819,"140801A",1,0.968959250146808,0.432858157185253,-2.71777593821697,0.0821853280430953,0.290261799890287,5.24010257898752,0.223804542249338,0.21127451,0.505110890654798,-1.40600067591498,1.32,0.3654879848909
"140907A",3.88141374064179,1.72352585693276,-10.6874426859218,0.420097906547618,1.18892498774447,21.1934229723639,0.925623304300448,1.898725182,2.02063189426189,-5.5620727134641,15.0653726260429,2.9705413795158,114.221431164863,0.176482251085691,1.41354262648319,449.161177285522,0.85677850146408,3.60515731676093,4.08295325210839,30.9366528698619,0.0283561228015601,0.763096706116417,0.624835157834815,0.280729062684967,0.195977225038515,0.433906534798426,0.34404461860485,0.500024954223601,"140907A",1,0.970353435160447,0.43088146423319,-2.67186067148045,0.105024476636905,0.297231246936118,5.29835574309098,0.231405826075112,0.4746812955,0.505157973565473,-1.39051817836602,1.21,0.344392273685111
"141221A",3.39199785878006,1.47841710675137,-10.2166166980343,0.682767513849809,1.33936330050304,21.3338064361285,0.870397254858911,1.567026366,1.94352280140523,-5.51974071972235,11.5056494739685,2.18571714153509,104.379256754553,0.466171477968649,1.7938940507344,455.131297054198,0.757591381265928,2.45557163173917,3.77728087958203,30.467537612961,0.0608619221904846,0.801091351777214,0.604279841144782,0.272077793165615,0.211803629827628,0.513729517943443,0.356332671250677,0.453257340382958,"141221A",1,0.847999464695015,0.369604276687843,-2.55415417450858,0.170691878462452,0.33484082512576,5.33345160903213,0.217599313714728,0.3917565915,0.485880700351307,-1.37993517993059,1.45,0.389166084364532
"150323A",3.65969237780955,1.76603404172799,-10.9439486126683,0.286505472202687,1.0029856198958,20.674295169428,0.92957347916523,2.174931594,2.04786170290227,-5.78708504720573,13.3933483001973,3.1188762365421,119.770011236724,0.0820853856020847,1.00598015371776,427.426480752634,0.86410685316735,4.73032743857938,4.19373755421378,33.4903533435921,0.0150120650104803,0.765237810642944,0.604093620818257,0.274043610049834,0.204643814384701,0.353272377912242,0.413569710630253,0.377222656333218,"150323A",1,0.914923094452388,0.441508510431998,-2.73598715316708,0.0716263680506718,0.25074640497395,5.168573792357,0.232393369791308,0.5437328985,0.511965425725567,-1.44677126180143,0.593,0.202215775801131
"150910A",3.41185411696956,1.4452788178959,-10.0623787605713,0.787190313476067,1.35617832910743,21.4097206111969,0.882565110036004,2.049992857,1.93255534111484,-5.37549725179161,11.6407485154821,2.08883086145857,101.251466321196,0.619668589630549,1.83921966034062,458.376136649509,0.778921173452864,4.20247071375102,3.7347701464715,28.8959707040192,0.0200160866986934,0.810280784310446,0.603247016480165,0.270760231119373,0.202577627381776,0.534334548765903,0.324835824603813,0.435311430824636,"150910A",1,0.85296352924239,0.361319704473975,-2.51559469014283,0.196797578369017,0.339044582276858,5.35243015279922,0.220641277509001,0.51249821425,0.48313883527871,-1.3438743129479,1.3585,0.372635880581721
"160131A",3.76488305912579,1.474895517387,-10.142569375248,0.799977837256674,1.36263766203814,21.3987634533017,0.918907684357477,2.511883361,1.94049045495227,-5.29303226079103,14.1743444488924,2.17531678720827,102.871713531719,0.639964540101866,1.85678139800477,457.907077330361,0.844391332371221,6.30955801926866,3.76550320576087,28.0161905137746,0.00691016900891419,0.809636022245126,0.619278285423217,0.274276126954305,0.20871344919984,0.518577546631482,0.29652307921478,0.481168022979672,"160131A",1,0.941220764781447,0.36872387934675,-2.535642343812,0.199994459314169,0.340659415509535,5.34969086332543,0.229726921089369,0.62797084025,0.485122613738067,-1.32325806519776,0.972,0.294906910605192
"160314A",3.34254010109739,1.77818760779512,-10.7237107890104,0.325324597478981,1.03598728988001,20.8640572930833,0.928571609019114,0.941014244,2.02341006076828,-5.93337111183454,11.1725743274442,3.16195116851613,114.997973086338,0.105836093724861,1.07326966479293,435.308886729062,0.862245233076346,0.885507807410892,4.09418827401829,35.2048927507526,0.257251423423117,0.776586458368445,0.626745416677008,0.27943698835235,0.186580247025589,0.408156883621934,0.55844423312265,0.350044485194954,"160314A",1,0.835635025274348,0.44454690194878,-2.6809276972526,0.0813311493697453,0.258996822470002,5.21601432327082,0.232142902254778,0.235253561,0.50585251519207,-1.48334277795864,0.726,0.237040791379191
"160425A",3.66954349558029,1.75942631290152,-10.6845509861129,0.380766128488561,1.17979245164014,21.1389840369055,0.973422810158921,2.483701382,2.0314009282224,-5.71400975139224,13.4655494659556,3.09558095053024,114.159629774846,0.144982844604167,1.39191022894705,446.856646112546,0.947551967337691,6.16877255494871,4.12658973118283,32.6499074390056,0.00737344845282604,0.785953438105391,0.610519804840431,0.284329991952957,0.215421361612123,0.433569138560455,0.368171247985576,0.442129930026815,"160425A",1,0.917385873895073,0.43985657822538,-2.67113774652822,0.0951915321221403,0.294948112910035,5.28474600922638,0.24335570253973,0.6209253455,0.5078502320556,-1.42850243784806,0.555,0.191730393362856
"161014A",3.75663849301186,1.62682199579729,-10.8159619852426,0.271018236920114,1.38729371594048,20.6797594002147,0.921686466158579,1.26245109,1.9878458888774,-5.69935148727638,14.1123327671784,2.64654980600988,116.985033666213,0.073450884743287,1.92458385428794,427.652448850768,0.849505941899889,1.59378275464219,3.95153127792678,32.4826073755195,0.1227215806892,0.803891406636418,0.617736276802437,0.281284763663469,0.188195533941402,0.445916220058892,0.35147967447397,0.552721886117914,"161014A",1,0.939159623252965,0.406705498949323,-2.70399049631065,0.0677545592300285,0.34682342898512,5.16993985005367,0.230421616539645,0.3156127725,0.49696147221935,-1.4248378718191,2.823,0.582404298019028
"161023A",3.96393269147295,1.58154829075703,-10.4752253913776,0.559521267933875,1.37787022233874,21.1944522091804,0.893998225967679,1.643452676,1.97209996095806,-5.40420464778126,15.712762382528,2.50129499599648,109.730347000162,0.313064049270331,1.89852634960781,449.204804447232,0.799232828033357,2.70093669825156,3.88917825601078,29.2054278751006,0.0510410211481933,0.805849554808949,0.6317923096631,0.274867544689739,0.189852052320395,0.488861352878271,0.315237726964531,0.565394545470649,"161023A",1,0.990983172868237,0.395387072689257,-2.6188063478444,0.139880316983469,0.344467555584685,5.2986130522951,0.22349955649192,0.410863169,0.493024990239515,-1.35105116194531,2.71,0.569373909615046
"170113A",3.76995050841743,1.6947619887698,-10.7561986712555,0.326313717684793,1.26275923565991,20.9537991160326,0.914550660334771,1.315130317,2.00391049068341,-5.64703751540365,14.2125268359168,2.87221819857897,115.695809855519,0.106480642349271,1.5945608872444,439.061697395048,0.836402910318766,1.72956775069252,4.01565725467103,31.8890327003762,0.108703045932032,0.751159263505695,0.600874301927367,0.254101264471883,0.185786291823817,0.438085315704817,0.350830562054316,0.536213708460984,"170113A",1,0.942487627104358,0.42369049719245,-2.68904966781388,0.0815784294211983,0.315689808914977,5.23844977900815,0.228637665083693,0.32878257925,0.500977622670853,-1.41175937885091,1.968,0.472463896606989
"170607A",3.89455054827134,1.64978080351225,-10.402772094293,0.616177390356971,1.20880206912319,21.3918680385967,0.918173960852197,1.361727836,1.99026420431313,-5.41499453872389,15.1675239730406,2.72177669963753,108.217667245801,0.379674576387127,1.46120244231651,457.612018180735,0.843043422387012,1.85430269933724,3.96115160297018,29.3221658544096,0.0976436925259709,0.815537003964565,0.631302149414893,0.281766566119364,0.203453853948278,0.458855628274847,0.344023040587837,0.528235161452974,"170607A",1,0.973637637067835,0.412445200878063,-2.60069302357325,0.154044347589243,0.302200517280797,5.34796700964918,0.229543490213049,0.340431959,0.497566051078283,-1.35374863468097,0.557,0.19228861256812
"170714A",3.94328233952788,1.54553674831056,-11.0298840772931,0.214318243548586,1.61472938693698,20.2610942670779,0.934935062180201,3,1.97908199945603,-5.72459954237045,15.5494756092325,2.38868384037838,121.658342758524,0.045932309517751,2.60735099303788,410.511940899417,0.874103570493896,9,3.91676556057088,32.771039920508,0.00224580492800636,0.817807317491646,0.605939227391981,0.389594659247903,0.19130796215324,0.411494512506268,0.3726458090419,0.429917383519549,"170714A",1,0.98582058488197,0.38638418707764,-2.75747101932328,0.0535795608871465,0.403682346734245,5.06527356676948,0.23373376554505,0.75,0.494770499864008,-1.43114988559261,0.793,0.253580289562183
"180115A",3.4775295121618,1.63402463483588,-10.316357425792,0.609241121292457,1.20674224284236,21.2539286782665,0.92758277532962,1.611723308,1.9689318545037,-5.60443050830501,12.0932115079563,2.67003650725053,106.427230536694,0.37117474387369,1.45622684066021,451.729484260839,0.8604098050882,2.59765202155046,3.87669264767938,31.40964132242,0.0549096559424039,0.762450505946199,0.632100929935041,0.264384957135951,0.205028211175561,0.484376643869632,0.394160151013331,0.464827151714271,"180115A",1,0.86938237804045,0.40850615870897,-2.579089356448,0.152310280323114,0.30168556071059,5.31348216956663,0.231895693832405,0.402930827,0.492232963625925,-1.40110762707625,2.487,0.542451947375977
"180325A",3.74991497820616,1.60093536610769,-10.7743838066741,0.303608332128606,1.42684734851131,20.695654564934,0.930896855778988,1.973589623,1.98518253187647,-5.69489696913963,14.0618623437749,2.56299404645436,116.087346413521,0.0921780193379139,2.03589335595376,428.310117871073,0.866568956099206,3.89505600001328,3.94094968486747,32.4318514891157,0.0238661522870964,0.805660522098782,0.584418879915326,0.281996198912889,0.210199624164789,0.454919768563897,0.350968516174344,0.546347378690304,"180325A",1,0.93747874455154,0.400233841526922,-2.69359595166853,0.0759020830321515,0.356711837127828,5.1739136412335,0.232724213944747,0.49339740575,0.496295632969117,-1.42372424228491,2.248,0.511616020569138
"181201A",4.08165413135022,1.61073399643619,-10.3323060015641,0.742433885374972,1.30065820430526,21.4778345152562,0.889619948590977,1.283301229,1.97266939422695,-5.25633934596993,16.6599004479683,2.5944640072753,106.756547309958,0.551208074152977,1.69171176442658,461.29737546473,0.791423652931013,1.64686204435291,3.89142453891972,27.6291033199916,0.116969006587154,0.799132063610798,0.59644912030008,0.270647132756146,0.208419986454369,0.487764830576111,0.308456726380244,0.567910430478316,"181201A",1,1.02041353283755,0.402683499109047,-2.58307650039103,0.185608471343743,0.325164551076315,5.36945862881405,0.222404987147744,0.32082530725,0.493167348556737,-1.31408483649248,0.45,0.161368002234975
"200613A",4.293082366656,1.71414125937595,-10.7939110205939,0.459391815847787,1.16838204600095,21.45786346029,0.918572952800897,2.580924976,2.03823145205143,-5.45773165555741,18.4305562068927,2.93828025709497,116.508515120498,0.211040840467927,1.36511660541737,460.439904280449,0.843776269617359,6.6611737317406,4.15438745213168,29.7868348240734,0.00589450111897357,0.79352382285736,0.653239799345471,0.290666836504376,0.202995292972914,0.480185885578469,0.342738417227596,0.452788553196531,"200613A",1,1.073270591664,0.428535314843987,-2.69847775514847,0.114847953961947,0.292095511500237,5.3644658650725,0.229643238200224,0.645231244,0.509557863012858,-1.36443291388935,1.2255,0.347427598618541
"201014A",4.13535435050054,1.71014497700161,-11.2439119282619,0.280165279560517,1.25251227353929,20.9709310092468,0.915850397694547,1.558708571,2.02848166169777,-5.71250956574558,17.1011556042037,2.92459584236384,126.42555545051,0.0784925838712227,1.56878699536656,439.779947394589,0.83878195095726,2.42957240930886,4.11473785184415,32.6327655387348,0.0620388100992343,0.850691560929453,0.600014541706565,0.285473385197161,0.197175391652953,0.479616684998038,0.361449184159319,0.439618962909537,"201014A",1,1.03383858762514,0.427536244250402,-2.81097798206548,0.0700413198901293,0.313128068384822,5.2427327523117,0.228962599423637,0.38967714275,0.507120415424443,-1.4281273914364,4.56,0.745074791582057
"201015A",3.88039248441792,1.77599846054812,-10.8655587991714,0.356198409479542,0.976532651648902,20.7413964112292,0.933817427984439,0.990338855,2.05370810269247,-5.7046548935947,15.0574458331271,3.15417053186929,118.060368018251,0.126877306915755,0.953616019736436,430.205525087752,0.872014988807473,0.980771047722711,4.2177169710647,32.543087455014,0.229632405614316,0.766135018915008,0.605642426199961,0.280119718732519,0.211247933545009,0.372274651224627,0.378845114578097,0.389845144980803,"201015A",1,0.97009812110448,0.44399961513703,-2.71638969979285,0.0890496023698855,0.244133162912226,5.1853491028073,0.23345435699611,0.24758471375,0.513427025673117,-1.42616372339868,0.426,0.154119525515847
"201020A",3.75593029696764,1.74312428958019,-10.4804952279857,0.497132163837798,1.07918139653344,21.3254971818573,0.932025837381191,1.15136985,2.0136016444725,-5.59415788932424,14.1070123956794,3.03848228892444,109.840780223831,0.247140388322051,1.16463248662387,454.776830053404,0.86867216154611,1.32565253148902,4.05459158262236,31.2946024906886,0.15849011498137,0.822948588515045,0.593607297376165,0.270500596229736,0.203660958888115,0.427028863521253,0.392501040597385,0.458434628062608,"201020A",1,0.93898257424191,0.435781072395047,-2.62012380699643,0.12428304095945,0.26979534913336,5.33137429546433,0.233006459345298,0.2878424625,0.503400411118125,-1.39853947233106,2.903,0.591398551281249
"201021C",3.40402574899258,1.55069992986063,-10.1564830567932,0.731211260629526,1.23448420869758,21.3471598939246,0.892386720562065,1.387033701,1.94602497110973,-5.49026665690219,11.5873912998045,2.40467027246976,103.154148082927,0.534669907671421,1.52395126152369,455.701235536783,0.796354059035517,1.92386248770976,3.78701318818263,30.1430279638919,0.0921166911183962,0.78269346394678,0.655423398098723,0.286939385841884,0.191246790468046,0.506895671703655,0.362386366480849,0.449137087853805,"201021C",1,0.851006437248145,0.387674982465158,-2.5391207641983,0.182802815157382,0.308621052174395,5.33678997348115,0.223096680140516,0.34675842525,0.486506242777432,-1.37256666422555,1.07,0.315970345456918
"020124A",3.95394050404649,1.56065238793682,-10.8116557489076,0.353639183060402,1.66539153188309,20.6875114310181,0.951242192473503,1.661907293,1.98934465784273,-5.59872633908787,15.6336455095394,2.4356358759729,116.891900032887,0.125060671795629,2.77352895446791,427.973129208504,0.904861708741797,2.76193585052659,3.95749216768741,31.3457366199963,0.0489175544934962,0.828306293153429,0.592160536407981,0.27988124394349,0.210119913749478,0.4808205987247,0.333148978904854,0.447511130387054,"020124A",1,0.988485126011623,0.390163096984205,-2.7029139372269,0.0884097957651005,0.416347882970773,5.17187785775452,0.237810548118376,0.41547682325,0.497336164460683,-1.39968158477197,3.198,0.623042434246382
"021004A",4.33453869409484,1.66339463796879,-10.8450253946623,0.352117083151299,1.36132395455444,21.2800347650566,0.900122657992635,2,2.0157077057858,-5.55195990204078,18.7882256906054,2.76688172162332,117.61457581087,0.123986440246979,1.85320290924374,452.839879602018,0.810220799431726,4,4.06307755516425,30.8242587538687,0.0224580492800636,0.773766905723275,0.632156135262011,0.271847328370819,0.205778467732394,0.51624776629495,0.338524419877309,0.457010002676432,"021004A",1,1.08363467352371,0.415848659492198,-2.71125634866558,0.0880292707878248,0.34033098863861,5.32000869126415,0.225030664498159,0.5,0.50392692644645,-1.3879899755102,2.34,0.523746466811564
"210204A",3.99894174465861,1.65819552123194,-10.5017070733535,0.563752313256837,1.25497942598938,21.3641368733319,0.904138443095752,2.301029996,1.99695854679741,-5.4030701372577,15.9915350771732,2.74961238663367,110.285851454523,0.317816670702435,1.57497335965663,456.42634434246,0.81746632428361,5.29473904249176,3.98784343762722,29.1931669081259,0.0112290246313437,0.746355919763999,0.621104174366375,0.265340482962129,0.201080325042164,0.460872353644865,0.326015846327773,0.547806344428087,"210204A",1,0.999735436164653,0.414548880307985,-2.62542676833838,0.140938078314209,0.313744856497345,5.34103421833298,0.226034610773938,0.575257499,0.499239636699353,-1.35076753431442,0.876,0.273232834043046
"030226A",4.1616511319056,1.63364207627197,-10.909583592052,0.296599171494664,1.7493366111692,20.3953838182082,0.885795196068289,1.344195716,1.99968051470753,-5.61247641379006,17.3193401436912,2.66878643336619,119.01901415197,0.0879710685313211,3.06017857917694,415.971681092029,0.784633129377659,1.80686212291275,3.99872216090097,31.4998914953497,0.101666135235017,0.829669729060408,0.590867924608257,0.280897241011139,0.201080327035607,0.449693966757068,0.334879482475559,0.385274318570946,"030226A",1,1.0404127829764,0.408410519067992,-2.727395898013,0.074149792873666,0.4373341527923,5.09884595455205,0.221448799017072,0.336048929,0.499920128676883,-1.40311910344752,1.99,0.47567118832443
"030329A",4.38638024747637,1.62500403690718,-10.3769070394185,0.692502772238858,1.45334137100399,21.5255547616158,0.869491939781929,1.798650645,1.97758016647808,-5.25184709481854,19.2403316754509,2.64063811996463,107.680199704733,0.479560089558504,2.11220114067176,463.349507795321,0.756016233345742,3.23514414275892,3.91082331484747,27.5818979073539,0.0357043709111115,0.843812823877593,0.617441991588503,0.291756156850866,0.201993387027851,0.608864220684277,0.292054914315937,0.59882162351336,"030329A",1,1.09659506186909,0.406251009226795,-2.59422675985462,0.173125693059715,0.363335342750997,5.38138869040395,0.217372984945482,0.44966266125,0.49439504161952,-1.31296177370464,0.17,0.0681858617461616
"050502B",3.63902228073033,1.61209752389786,-10.7589107851109,0.283696886805751,1.3873342117071,20.67174174929,0.911549244903408,1.243038049,1.9810994745243,-5.74613903331649,13.2424831596518,2.59885842655761,115.754161281976,0.0804839235832751,1.92469621497296,427.320906949339,0.830922025883973,1.54514359126173,3.92475512796046,33.0181137902034,0.128331710079093,0.785912445151185,0.570435866304558,0.285336686304387,0.20697156081879,0.438993474104619,0.370497260179914,0.556424102536446,"050502B",1,0.909755570182582,0.403024380974465,-2.68972769627772,0.0709242217014378,0.346833552926775,5.1679354373225,0.227887311225852,0.31075951225,0.495274868631075,-1.43653475832912,3.793,0.680607428991788
"050502A",3.70362704846122,1.58103778311639,-10.7344659069434,0.303896856983563,1.42261538238257,20.6310279446664,0.908719495116474,1.301029996,1.97571551757064,-5.69751553295576,13.7168533140936,2.49968047164159,115.22875830733,0.0923532996844881,2.02383452619151,425.639314053606,0.825771120804739,1.69267905049176,3.90345180636942,32.4616832482722,0.112290246313437,0.781885242618921,0.609601440357893,0.269538286407044,0.195195728197728,0.445199103215174,0.357289374857417,0.562743873280569,"050502A",1,0.925906762115305,0.395259445779097,-2.68361647673585,0.0759742142458908,0.355653845595643,5.1577569861666,0.227179873779118,0.325257499,0.49392887939266,-1.42437888323894,3.79,0.680335513414563
"050525A",3.56245845764704,1.5973671412004,-10.3760415909494,0.572690384867505,1.24415448865088,21.2245567960275,0.888048687456292,0.944482672,1.9660836831124,-5.57109253545886,12.6911102624609,2.55158178378674,107.662239097112,0.327974276919691,1.54792039163013,450.481811187797,0.788630471292843,0.89204751770826,3.86548504900082,31.0370720386454,0.255205105543512,0.803038241875949,0.6057799533664,0.269420715955144,0.194897227949951,0.475304473207138,0.381548613455289,0.51274441565378,"050525A",1,0.89061461441176,0.3993417853001,-2.59401039773735,0.143172596216876,0.31103862216272,5.30613919900687,0.222012171864073,0.236120668,0.4915209207781,-1.39277313386471,0.61,0.20682587603185
"050603A",3.9641491852441,1.52446444061459,-10.4850664836851,0.587719063770433,1.62838979422007,21.1010818909246,0.909632587897292,1.322219295,1.9668814304171,-5.35567131067267,15.7144787628715,2.32399183069835,109.936619167297,0.345413697919194,2.65165332192008,445.255656967506,0.827431444964725,1.7482638640703,3.86862256131962,28.6832151879623,0.106943091744305,0.78604826784619,0.570545547751781,0.281696490385147,0.202318931733535,0.543408219313975,0.294736640395315,0.467362153316699,"050603A",1,0.991037296311025,0.381116110153647,-2.62126662092128,0.146929765942608,0.407097448555018,5.27527047273115,0.227408146974323,0.33055482375,0.491720357604275,-1.33891782766817,2.82,0.582063362911709
"050801A",3.33840234233804,1.51653792363653,-10.1304962310544,0.737380019899251,1.31065162213524,21.3491279278843,0.91382553369863,1.28780173,1.94556336080522,-5.475875607485,11.1449301993281,2.2998872738278,102.626953887407,0.54372929374662,1.71780767460574,455.785263281169,0.835077106039586,1.65843329579099,3.7852167909077,29.9852136686492,0.115763140600286,0.773168460844289,0.636704922975012,0.271503432364501,0.197343877380165,0.511383941562611,0.350710252171973,0.421765516793826,"050801A",1,0.83460058558451,0.379134480909132,-2.5326240577636,0.184345004974813,0.32766290553381,5.33728198197108,0.228456383424657,0.3219504325,0.486390840201305,-1.36896890187125,1.56,0.40823996531185
"050908A",3.52625232528275,1.8016005588355,-10.8064742097149,0.300852179555407,1.1187626729259,20.9100052137815,0.989848956273969,1.239799818,2.04975598416379,-5.85232311110883,12.434455461562,3.24576457359639,116.779884845233,0.0905120339432389,1.2516299183323,437.228318040369,0.979800956236666,1.53710358871283,4.20149959461527,34.2496857968185,0.129292166397143,0.81853314603648,0.644840110347003,0.283543562350254,0.229180926408742,0.412013963586915,0.4034059391769,0.374642139386329,"050908A",1,0.881563081320688,0.450400139708875,-2.70161855242872,0.0752130448888517,0.279690668231475,5.22750130344537,0.247462239068492,0.3099499545,0.512438996040947,-1.46308077777721,3.34,0.637489729512511
"051028A",3.7902263467143,1.7289068152404,-10.9164090431764,0.288951896412512,1.23792431932642,20.8736898787767,0.935815653333112,1.204119983,2.021996608651,-5.69958910206383,14.3658157593272,2.9891187757847,119.167986397943,0.0834931984403871,1.53245662037978,435.710929155345,0.875750937023279,1.44990493345992,4.08847028539614,32.4853159323648,0.140362807889193,0.797035611713985,0.643115841010784,0.298198543037818,0.205845895598924,0.441066752948523,0.345448420595814,0.502620769350562,"051028A",1,0.947556586678575,0.4322267038101,-2.7291022607941,0.072237974103128,0.309481079831605,5.21842246969417,0.233953913333278,0.30102999575,0.50549915216275,-1.42489727551596,3.6,0.662757831681574
"051111A",3.36765116661053,1.5222837210691,-9.98541402077053,0.833578377984697,1.2313766299037,21.4068322993553,0.896105564840325,1.776555911,1.93338174051267,-5.37004756516419,11.3410743799733,2.31734772743199,99.7084931662007,0.694852912243598,1.51628840467299,458.252469092721,0.803005183337798,3.15615090490904,3.7379649545478,28.8374108521258,0.0375678308208745,0.832627838578294,0.61934935245345,0.271951448784473,0.200800115924756,0.519918162776125,0.330867729885049,0.424231388385675,"051111A",1,0.841912791652633,0.380570930267275,-2.49635350519263,0.208394594496174,0.307844157475925,5.35170807483883,0.224026391210081,0.44413897775,0.483345435128168,-1.34251189129105,1.55,0.406540180433955
"060512A",3.64851526284313,1.75411573961996,-10.6944471172895,0.35695535578177,1.10566576301722,21.1227928446373,0.894708677792945,0.92890769,2.01321433026108,-5.7022948116725,13.3116636231993,3.07692202798248,114.371199144502,0.12741712602129,1.22249677950845,446.172377557461,0.800503618118,0.862869496541136,4.05303193956857,32.5161661192271,0.264523548794802,0.785094030594891,0.608560814234777,0.281207139587193,0.207358485794085,0.409593564088929,0.400844319616513,0.46628866901573,"060512A",1,0.912128815710783,0.43852893490499,-2.67361177932237,0.0892388389454425,0.276416440754305,5.28069821115932,0.223677169448236,0.2322269225,0.50330358256527,-1.42557370291813,0.44,0.15836249209525
"060607A",3.6112118990289,1.54980230662564,-10.4054213025645,0.562726363040289,1.33533293586463,21.1556006404493,0.911092196827099,2.009450896,1.96612759598277,-5.56122024971521,13.0408513796879,2.40188718962215,108.272792483863,0.316660959660551,1.78311404960485,447.559438458179,0.830088991119229,4.0378929034352,3.86565772368499,30.9271706658425,0.0219746078959429,0.797126280842564,0.600083084081418,0.269080935201787,0.200186231845533,0.481448211749576,0.358983822487142,0.511493242644299,"060607A",1,0.902802974757225,0.38745057665641,-2.60135532564113,0.140681590760072,0.333833233966157,5.28890016011233,0.227773049206775,0.502362724,0.491531898995692,-1.3903050624288,3.07,0.60959440922522
"060904B",3.76443762227298,1.64487663233999,-10.6001660525314,0.431907142880968,1.30713994666399,21.0863918569445,0.930637510498955,2.234264124,1.99441909736846,-5.58997379840801,14.1709906119842,2.70561913561815,112.363520341239,0.186543780071601,1.70861484016474,444.635921544615,0.866086175947693,4.99193617579349,3.97770753594802,31.2478070668881,0.0130950724779308,0.770026555936738,0.620603970382766,0.284972201514146,0.205309078408315,0.457444940204081,0.348521423749439,0.534151543053562,"060904B",1,0.941109405568245,0.411219158084997,-2.65004151313285,0.107976785720242,0.326784986665997,5.27159796423612,0.232659377624739,0.558566031,0.498604774342115,-1.397493449602,0.7,0.230448921378274
"061007A",3.13782600802288,1.43758663217299,-9.07267251750113,0.753631040971767,1.56439905419699,21.8169408220083,0.940993389020433,1.876852648,2.01524023507615,-5.17864660757496,9.8459520566248,2.06665532500248,82.3133866098203,0.567959745916189,2.44734440077244,475.978906831012,0.88546855818016,3.52257586230461,4.06119320506978,26.8183806861476,0.0298208063463662,0.870296008074084,0.629044848054299,0.266398765835288,0.197593376835157,0.552655661011444,0.341435163527136,0.940794790971074,"061007A",1,0.78445650200572,0.359396658043247,-2.26816812937528,0.188407760242942,0.391099763549248,5.45423520550207,0.235248347255108,0.469213162,0.503810058769038,-1.29466165189374,1.26,0.354108439147401
"061126A",3.6253319264729,1.73118508699664,-10.6418997524016,0.375873670285397,1.1834904161911,21.1079701137901,0.917120123525602,2.281033367,2.00533341495188,-5.70095553618195,13.1430315771037,2.99700180543956,113.250030340165,0.141281016013815,1.40064956521618,445.546402324656,0.841109320975616,5.20311322136736,4.02136210512257,32.5008940255236,0.0117581409910335,0.792965791233459,0.640659751277831,0.281256615694346,0.199760408198862,0.432121335871494,0.389098970417842,0.491848296599015,"061126A",1,0.906332981618225,0.43279627174916,-2.6604749381004,0.0939684175713492,0.295872604047775,5.27699252844752,0.2292800308814,0.57025834175,0.50133335373797,-1.42523888404549,1.1588,0.334212409393176
"070125A",4.26784787466452,1.6295847125124,-10.8971366682715,0.269638278708959,1.5929649603626,20.2460058814296,0.886610399889002,1.77815125,1.98922461250345,-5.62838813901079,18.2145254812785,2.65554633525412,118.747587566987,0.0727048013451303,2.53753736494302,409.900754150882,0.786078001191336,3.16182186787656,3.9570145589895,31.6787530433573,0.0374300821665039,0.781623563383327,0.636547558586652,0.269161271203559,0.194415631712248,0.472698637824509,0.380799706209866,0.400052308491089,"070125A",1,1.06696196866613,0.4073961781281,-2.72428416706788,0.0674095696772398,0.39824124009065,5.0615014703574,0.22165259997225,0.4445378125,0.497306153125863,-1.4070970347527,1.55,0.406540180433955
"070411A",3.5307607301438,1.61130862565991,-10.6374789500098,0.391936126996028,1.38225037038517,20.9656645793766,0.938125809752877,2.089021501,1.98731419069106,-5.77277174800357,12.4662713335256,2.59631548712603,113.155958411902,0.153613927644647,1.91061608642994,439.559091254927,0.880080034924491,4.36401083164029,3.94941769252206,33.3248936545482,0.018295763152312,0.839495863597214,0.62259380419967,0.30254084949429,0.2015165237087,0.457826904774321,0.386525818675174,0.502137439164207,"070411A",1,0.88269018253595,0.402827156414978,-2.65936973750245,0.097984031749007,0.345562592596293,5.24141614484415,0.234531452438219,0.52225537525,0.496828547672765,-1.44319293700089,2.95,0.59659709562646
"070612A",4.2892988142141,1.69205314310821,-10.6591157337684,0.391479889491618,2.01973497891355,21.3305653397569,0.924539796068431,2.566790912,2.03085112226025,-5.55605595501194,18.3980843176185,2.86304383910237,113.616748225869,0.153256503876369,4.07932938504692,454.993017713638,0.854773834514256,6.58841558592579,4.12435628078572,30.8697577752236,0.00608949276024844,0.804315641938307,0.618308808868932,0.410051142111583,0.212072522170063,0.460444171868969,0.204698163393765,0.36993333843678,"070612A",1,1.07232470355353,0.423013285777052,-2.6647789334421,0.0978699723729045,0.504933744728387,5.33264133493923,0.231134949017108,0.641697728,0.507712780565063,-1.38901398875299,0.671,0.222976449893391
"071010A",4.22551117276557,1.68533653053762,-11.0248918037654,0.267654050379295,1.81486621526384,20.4305899490093,0.893533543397813,0.77815125,2.01299742277465,-5.68631420128111,17.8549446711667,2.84035922116458,121.548239284733,0.0716386906844422,3.29373937930609,417.40900566456,0.798402193177051,0.605519367876562,4.05215862409738,32.3341691956912,0.37430082166504,0.799238900557279,0.587729385417598,0.287365363168706,0.199106856373265,0.426814669334561,0.319445670629682,0.350935800210029,"071010A",1,1.05637779319139,0.421334132634405,-2.75622295094135,0.0669135125948238,0.45371655381596,5.10764748725232,0.223383385849453,0.1945378125,0.503249355693662,-1.42157855032028,0.99,0.298853076409707
"071010B",3.50805565963352,1.72133054576265,-10.3429871321893,0.559282897260947,1.04300075435078,21.3151469233901,0.909492110480104,1.552668216,1.98377322285804,-5.67133348581429,12.3064545110868,2.96297884777554,106.977382816633,0.312797359168599,1.0878505735763,454.335488365706,0.827175899025554,2.41077858897662,3.93535619972858,32.1640235073185,0.062907701080855,0.848152925274808,0.582847861846565,0.273571268743523,0.220295562045611,0.436760021083485,0.441350739931111,0.435158672183293,"071010B",1,0.87701391490838,0.430332636440662,-2.58574678304733,0.139820724315237,0.260750188587695,5.32878673084752,0.227373027620026,0.388167054,0.49594330571451,-1.41783337145357,0.947,0.289365951520032
"071025A",3.57981414524269,1.615762171161,-10.7839216299003,0.279964397317397,1.40456237053489,20.6919158962775,0.923522954670132,2.376832349,1.9847073648934,-5.80527047168464,12.8150693144797,2.61068739375491,116.292965719832,0.0783800637652933,1.97279545272259,428.155383458621,0.852894647802651,5.64933201525286,3.9390633242621,33.7011652494136,0.00943060774968575,0.801466302731555,0.632730136139162,0.277072705353369,0.197514344672053,0.437874317362925,0.381817470898565,0.537714726189881,"071025A",1,0.894953536310673,0.40394054279025,-2.69598040747508,0.0699910993293492,0.351140592633722,5.17297897406938,0.230880738667533,0.59420808725,0.49617684122335,-1.45131761792116,5,0.778151250383644
"071112C",3.23890334049535,1.66662055683642,-10.4165065141448,0.513572945822722,1.18244586438882,21.1864009635143,0.885635635845512,1.176091259,1.97049095636464,-5.83237377341078,10.4904948490719,2.77762408046974,108.503607959221,0.263757170681028,1.39817822221022,448.8635857868,0.784350479479484,1.38319064949621,3.88283460911483,34.0165838327699,0.149720328552953,0.826269873120458,0.618574417642269,0.262958901679169,0.196382506841301,0.479163532486303,0.469296821453233,0.423674913967834,"071112C",1,0.809725835123837,0.416655139209105,-2.6041266285362,0.12839323645568,0.295611466097205,5.29660024087857,0.221408908961378,0.29402281475,0.49262273909116,-1.4580934433527,0.82,0.260071387985075
"080319C",3.5438039037361,1.45365968226492,-10.6624264396472,0.475397469145,1.69361957034308,20.8928422083152,0.912018228526586,1.531478917,1.97847592687905,-5.74022158299161,12.5585461081352,2.11312647184255,113.687337580888,0.226002753669471,2.86834724904908,436.510855541557,0.831777249164772,2.34542767321549,3.91436699323992,32.9501438218427,0.0660530861242607,0.764841353487853,0.596711854900861,0.385723113920348,0.212090152616283,0.485442680095059,0.347707306393186,0.447690850306252,"080319C",1,0.885950975934025,0.36341492056623,-2.6656066099118,0.11884936728625,0.42340489258577,5.2232105520788,0.228004557131646,0.38286972925,0.494618981719762,-1.4350553957479,1.95,0.469822015978163
"080330A",3.62220263079714,1.6243286943229,-10.5155918660485,0.451652894746199,1.26221829396355,21.0777800451883,0.875174624939337,1.783188691,1.97381314627186,-5.61665467010188,13.1203518985537,2.63844370720074,110.577672293305,0.203990337332621,1.59319502161625,444.272811633338,0.765930624137709,3.17976190771029,3.89593833639562,31.5468096831773,0.0369984337462195,0.792458148637627,0.601230925056799,0.27562591659176,0.214176148792954,0.452526313887598,0.379138945931649,0.549511064136832,"080330A",1,0.905550657699285,0.406082173580725,-2.62889796651212,0.11291322368655,0.315554573490888,5.26944501129708,0.218793656234834,0.44579717275,0.493453286567965,-1.40416366752547,1.51,0.399673721481038
"080413B",4.40781606669498,1.74922693328655,-11.1594501189712,0.283010577077793,1.85211742440941,20.303450704255,0.912073213306206,0.903089987,2.01431771556497,-5.73486771273017,19.4288424778144,3.05979486413507,124.533326957806,0.0800949867379054,3.43033895380095,412.230110500113,0.831877546430708,0.81557152461966,4.05747585923888,32.888707682515,0.280725615995587,0.830901583392384,0.652482657625977,0.285098648223558,0.192058834512894,0.459192630901794,0.326073497968751,0.335730865520858,"080413B",1,1.10195401667374,0.437306733321637,-2.7898625297428,0.0707526442694482,0.463029356102353,5.07586267606375,0.228018303326552,0.22577249675,0.503579428891243,-1.43371692818254,1.1,0.322219294733919
"080603A",3.74282198462309,1.71567363167448,-10.6921563268712,0.361920823887714,1.20311740595055,21.0658748731465,0.905052202379033,1.77815125,2.00552807475685,-5.63651059538777,14.0087164085779,2.9435360104231,114.322206918252,0.130986682763562,1.44749149250118,443.771084171065,0.819119489031138,3.16182186787656,4.02214285863792,31.7702516919186,0.0374300821665039,0.762457159228211,0.654174191065908,0.28350618022593,0.20279097773654,0.430671337751014,0.363506716652879,0.521561467412563,"080603A",1,0.935705496155772,0.42891840791862,-2.6730390817178,0.0904802059719285,0.300779351487638,5.26646871828663,0.226263050594758,0.4445378125,0.501382018689213,-1.40912764884694,1.69,0.429752280002408
"080603B",3.8993346372012,1.60986902199296,-10.5935956767991,0.430426347737493,1.34511879096381,21.0106448007696,0.882219401808471,1.77815125,1.97802608310279,-5.50379305184231,15.204810612877,2.59167826797257,112.224269363497,0.185266840826637,1.80934456180394,441.447194944107,0.778311072927296,3.16182186787656,3.91258718543497,30.2917379575077,0.0374300821665039,0.75049172165354,0.601181657229654,0.262543552230494,0.196243401576354,0.458314117120236,0.330911641006535,0.578251204254012,"080603B",1,0.9748336593003,0.40246725549824,-2.64839891919978,0.107606586934373,0.336279697740953,5.2526612001924,0.220554850452118,0.4445378125,0.494506520775698,-1.37594826296058,2.6893,0.566943971856554
"090313A",3.62285200831663,1.62172242420722,-10.2938303469149,0.64054609849645,1.18414132179847,21.327478811127,0.923522280620172,1.893872679,1.9705372171193,-5.50913692840095,13.1250566741638,2.62998362117654,105.962943211066,0.410299304299024,1.40219066999063,454.861352439071,0.852893402801884,3.58675372426264,3.88301692405228,30.350589695871,0.0286747309365001,0.817429492586385,0.610697327068997,0.275126587082243,0.20020168213695,0.477534388295488,0.379699701590416,0.488548336908484,"090313A",1,0.905713002079158,0.405430606051805,-2.57345758672873,0.160136524624112,0.296035330449617,5.33186970278175,0.230880570155043,0.47346816975,0.492634304279825,-1.37728423210024,3.38,0.6414741105041
"090726A",3.56600256444568,1.71408970583348,-10.6165945605549,0.398489119289349,1.25367063996193,21.1068114072372,0.959087531126716,1.773054693,2.0077916689533,-5.74754397856133,12.7163742896332,2.93810351964431,112.712080063204,0.158793578192001,1.57169007350255,445.497487780678,0.919848892362739,3.14372294436932,4.03122738591828,33.0342617854966,0.0378719212460373,0.754527864602363,0.606797234162253,0.293049228284172,0.204756181219982,0.454816214114662,0.38269092374416,0.470731935249251,"090726A",1,0.89150064111142,0.42852242645837,-2.65414864013872,0.0996222798223372,0.313417659990482,5.2767028518093,0.239771882781679,0.44326367325,0.501947917238325,-1.43688599464033,2.71,0.569373909615046
"091024A",3.79988388348875,1.44985565724927,-10.1627731457311,0.762604005896796,1.51501215952634,21.3617574815051,0.88699876058906,1.995196292,1.93561429655114,-5.31459190143786,14.4391175279975,2.10208142685771,103.281958011593,0.58156486980984,2.29526184351266,456.324682698639,0.786766801286529,3.98080824361055,3.74660270501316,28.2448870788289,0.022707835449174,0.807779536625159,0.611280776215285,0.271483510086178,0.191162283558335,0.536246571840992,0.285986375485297,0.452438890544621,"091024A",1,0.949970970872188,0.362463914312318,-2.54069328643277,0.190651001474199,0.378753039881585,5.34043937037628,0.221749690147265,0.498799073,0.483903574137785,-1.32864797535947,1.09,0.320146286111054
"000926A",4.21378986282668,1.66146970820486,-10.8676225516251,0.328489626721779,1.7514241854487,20.5254317252196,0.909749983095232,1.397940009,2.00824381564425,-5.60332519559973,17.7560250080609,2.76048159128234,118.10521992459,0.107905434863814,3.06748667737464,421.293347506651,0.827645031741775,1.95423626876292,4.03304322307338,31.3972532476428,0.0898321970524164,0.815651960345377,0.642225370298848,0.294980836972551,0.192631965972798,0.461120375217687,0.324225173893458,0.37465533103192,"000926A",1,1.05344746570667,0.415367427051215,-2.71690563790628,0.0821224066804448,0.437856046362175,5.1313579313049,0.227437495773808,0.34948500225,0.502060953911063,-1.40083129889993,2.04,0.482873583608754
"970508A",4.62155349129736,1.807972045512,-11.2654905920052,0.249591185232363,1.44805253988522,20.224268369557,0.869509541163488,1.120573931,1.94096707105511,-5.84105579153679,21.3587566729228,3.26876291735285,126.911278278558,0.0622957597456957,2.09685615826804,409.021031083864,0.75604684217434,1.25568593483679,3.76735317092025,34.1179327598455,0.170136737050821,0.788379986688113,0.626011084847951,0.295072563763011,0.205353677641477,0.62859468322292,0.424045040613271,0.331134850825909,"970508A",1,1.15538837282434,0.451993011378,-2.8163726480013,0.0623977963080908,0.362013134971305,5.05606709238925,0.217377385290872,0.28014348275,0.485241767763777,-1.4602639478842,0.83,0.262451089730429
