"","log10Ta","log10NH","log10Fa","PhotonIndex","log10PeakFlux","Alpha","log10T90","Beta","Gamma","log10Fluence","log10TaSqr","log10NHSqr","log10FaSqr","PhotonIndexSqr","log10PeakFluxSqr","AlphaSqr","log10T90Sqr","BetaSqr","GammaSqr","log10FluenceSqr","log10T90Err","log10FaErr","log10TaErr","AlphaErr","BetaErr","log10FluenceErr","PhotonIndexErr","log10PeakFluxErr","GRB","Redshift_crosscheck","log10z"
"000926A",4.2351890399169,22.7516324,-10.8433590288525,2.04,0.181843588,1.8568190780749,2.27737997466725,0.945186578079725,1.84304,-5.721246399,17.9368262038323,517.63677686473,117.578435028597,4.1616,0.0330670904967137,3.44777708870292,5.18645954901543,0.89337766738206,3.3967964416,32.7326603580705,0.0580681587729877,0.796957266764563,0.597585894867551,0.334341557297284,0.2294933305422,0.0809873160298533,0.2,0.144764827428965,"000926A",2.04,0.482873583608754
"011211A",4.27202472889688,21.0163605,-11.1179366573332,2.25,0.342422681,1.7752517374583,1.28397928423848,0.839958092855358,1.76412,-5.853871964,18.2501952843064,441.68740866596,123.608515516473,5.0625,0.117253292463228,3.15151873134871,1.64860280235356,0.705529597753211,3.1121193744,34.2678169709052,0.100484314152503,0.812080864531588,0.596239045614928,0.34012807818548,0.223258955750782,0.0142275014568467,0.042424242,0.05371607691878,"011211A",2.14,0.496929648073215
"020124A",4.01105386185557,20.99642367,-10.8495261965798,2.04,0.414973348,1.76124730742925,1.39445168082622,0.992200185985962,1.94644,-6.161150909,16.0885530827065,440.849806930136,117.712218690272,4.1616,0.172202879550329,3.10199207792679,1.94449549015906,0.984461209070578,3.7886286736,37.9597805234715,0.0226602223459461,0.796101003849049,0.60874869533246,0.330221199111221,0.238432088479873,0.017844662826724,0.042424242,0.0877362588943192,"020124A",3.198,0.623042434246382
"021004A",4.34566531721089,21.41342718,-10.8796330132133,1.79,0.255272505,1.41718597295756,2.27737997466725,0.877958284179355,2.06183,-5.698970004,18.8848070492096,458.534863593163,118.366414502201,3.2041,0.065164051808975,2.00841608194766,5.18645954901543,0.770810748759158,4.2511429489,32.4782591064918,0.100484314152503,0.802770226550447,0.601975764530546,0.321300048534435,0.222861933247084,0.017844662826724,0.018181818,0.131604388703391,"021004A",2.34,0.523746466811564
"030226A",4.18457868061355,20.93735437,-10.9857250398261,1.9,1.477121255,1.85001917661884,1.54654266347813,0.860547866558131,1.83562,-4.721246399,17.5106987342455,438.372808014958,120.686154650662,3.61,2.18188720197277,3.42257095385746,2.39179420995803,0.740542630637752,3.3695007844,22.2901675600705,0.0174377429441569,0.8217089426466,0.608782468485364,0.332954097195208,0.229683286943976,0.0894135698123102,0.224242424,0.144764827428965,"030226A",1.99,0.47567118832443
"030329A",4.39063257823202,21.41988474,-10.4089848231729,1.74,1.589949601,1.49239343464153,1.68928221447305,0.837410762167031,1.83562,-4.065501549,19.2776544370324,458.811462274885,108.346965049044,3.0276,2.52793973372006,2.22723816376116,2.85367440013496,0.701256784593168,3.3695007844,16.5283028449214,0.0299157959458657,0.794463878025832,0.60960415226855,0.332534845771495,0.230436074987088,0.0457754394646476,0.121212121,0.065802194705171,"030329A",0.17,0.0681858617461616
"050315A",4.86356,21.91683806,-11.3757179,2.11,0.285557309,1.10818,1.9804578922761,0.856,1.99544,-5.492144128,23.6542158736,480.347790548265,129.40695774038,4.4521,0.0815429767233215,1.2280629124,3.92221346307869,0.732736,3.9817807936,30.1636471227249,0.0636907468358741,0.03245,0.04512,0.049165,0.001,0.0119343109944412,0.054545455,0.0300030729412981,"050315A",1.949,0.469674772551798
"050318A",4.132084541,20.92661714,-11.15490196,1.9,0.499687083,1.874408221,1.50514997831991,0.95,1.98053,-5.966576245,17.0741226539712,437.923304924142,124.431837737212,3.61,0.249687180917049,3.51340617895238,2.26547645723641,0.9025,3.9224990809,35.6000320873983,0.148833498099688,0.06181969,0.043780336,0.085906519,0.037,0.0187658109674778,0.060606061,0.0166587833050111,"050318A",1.44,0.387389826338729
"050319A",3.73997,20.93735437,-10.70553377,2.02,0.181843588,0.863159,2.1832698436828,0.971,2.01045,-5.882728704,13.9873756009,438.372808014958,114.60845330061,4.0804,0.0330670904967137,0.745043459281,4.76666721033474,0.942841,4.0419092025,34.6064970048655,0.0311991209239902,0.04165,0.06193,0.034558,0.009,0.0297365640854658,0.115151515,0.0363643704117435,"050319A",3.24,0.627365856592733
"050401A",3.12435,22.12570242,-9.653647026,1.4,1.029383778,0.984108,1.52244423350632,0.9995,1.78711,-5.085128182,9.7615629225,489.546707578394,93.1929009025986,1.96,1.05963096240955,0.968468555664,2.31783644413664,0.99900025,3.1937621521,25.8585286273706,0.00815583517918357,0.019455,0.02833,0.0260615,0.0174145,0.0097982829257281,0.042424242,0.0226310350249442,"050401A",2.9,0.591064607026499
"050416A",2.99481,21.75162856,-10.5559552,3.08,0.688419822,0.842217,0.397940008672038,0.9,2.06183,-6.435333936,8.9688869361,473.133345012208,111.428190184407,9.4864,0.473921851322512,0.709329475089,0.158356250501901,0.81,4.2511429489,41.4135228678333,0.0771432233016977,0.0484,0.070765,0.0149485,0.005,0.0265360347448561,0.133333333,0.0258893879011433,"050416A",0.6528,0.218220304175545
"050502A",3.74231964364089,22.00679538,-10.7732215693631,0.6,-0.22184875,1.47537386145364,2.29841638006129,0.897549496011238,1.843,-5.602059991,14.0049563151805,484.299042897189,116.062302982591,0.36,0.0492168678765625,2.17672803106062,5.28271785613406,0.805595097790027,3.396649,31.3830761427629,0.0249820977867784,0.801144494382176,0.60716054381255,0.325539058592322,0.2246648035101,0.0219340647449938,0.03030303,0.0210567021001345,"050502A",3.79,0.680335513414563
"050502B",3.70645750818586,20.95382587,-10.6899371888979,2.04,0.146128036,1.44498054375414,1,0.915839303854579,1.78711,-6.552841969,13.7378272599873,439.062818590281,114.274757102583,4.1616,0.0213534029052173,2.08796877182801,1,0.83876163048484,3.1937621521,42.9397378706878,0.00604043447967716,0.806111910547845,0.594013151296236,0.333065448834679,0.220674134942775,0.0594342399249789,0.121212121,0.0579059309278577,"050502B",3.793,0.680607428991788
"050505A",4.270583544,22.23063027,-11.04817696,1.41,0.267171728,1.462094791,1.7701152947871,0.973,2.01835,-5.603800653,18.2378838062836,494.20092220144,122.062214139475,1.9881,0.071380732242506,2.13772117786933,3.13330815683923,0.946729,4.0737367225,31.4025817585632,0.0504266082816271,0.03272177,0.030067592,0.035926291,5e-04,0.018921434167657,0.072727273,0.0441052545788047,"050505A",4.27,0.721810615212547
"050525A",3.57751548371653,21.95954126,-10.3907768000543,1,0.255272505,1.26230592675256,1.91009054559407,0.85486022572302,2.02179,-5.443697499,12.7986170362315,482.221452349642,107.968242508546,1,0.065164051808975,1.59341625271463,3.64844589236784,0.730786005523213,4.0876348041,29.6338424606189,0.0130126209875294,0.784957174815339,0.607367860437585,0.318945879286748,0.22442225774892,0.0438681294899875,0.218181818,0.065802194705171,"050525A",0.61,0.20682587603185
"050603A",3.9992079444298,21.70173804,-10.4559524469973,1.54,0.294466226,1.70502990496383,2.0618293072947,0.928723250100248,1.85145,-5.552841969,15.9936641827904,470.965433956783,109.326941573868,2.3716,0.0867103582546831,2.90712697682095,4.25114009241934,0.862526875276768,3.4278671025,30.8340539326878,0.00227712475506529,0.785339423088843,0.589852798695613,0.326288872891902,0.224870255636325,0.0191600506592421,0.048484848,0.0877362588943192,"050603A",2.82,0.582063362911709
"050730A",4.05018,21.73850309,-10.09854168,1.53,-0.259637311,2.38763,2.19451434188247,0.5615,1.6177,-5.623423043,16.4039580324,472.562516593939,101.980544062697,2.3409,0.0674115332633107,5.7007770169,4.81589319672784,0.31528225,2.61695329,31.6228867205434,0.0500432094352208,0.0266,0.017795,0.0538,0.000210492,0.0168099723091123,0.066666667,0.0669985979550667,"050730A",3.967,0.696094159995223
"050801A",3.36517765459557,21.451745,-10.1032404754798,1.58,0.832508913,1.35261853485991,1.59328606702046,0.883696758709267,1.90402,-5.096367484,11.3244206469894,460.177363545025,102.075468105373,2.4964,0.693071090224441,1.82957690084656,2.53856049136152,0.780919961353265,3.6252921604,25.9729615319725,3.89871091300026,0.799663202754312,0.604862366492575,0.320044300876996,0.236257494342848,0.0842660934455674,0.654545455,0.0579059309278577,"050801A",1.56,0.40823996531185
"050802A",3.63973,21.25883595,-10.28650946,1.54,0.439332694,1.44729,1.27875360095283,0.8585,1.8557,-5.698970004,13.2476344729,451.938105949012,105.812276870669,2.3716,0.193013216017298,2.0946483441,1.63521077194983,0.73702225,3.44362249,32.4782591064918,0.233102740892789,0.0275,0.0326,0.03274,0.002369606,0.020661888971532,0.078787879,0.0421134043419523,"050802A",1.7102,0.433001340945038
"050803A",4.21721,21.34755638,-10.86012091,1.38,-0.017728767,1.52234,1.94398887507377,1.218,2.11696,-5.66756154,17.7848601841,455.718163397279,117.942226179819,1.9044,0.000314309179340289,2.3175190756,3.77909274641059,1.483524,4.4815196416,32.1212538096872,0.0515724807439485,0.0489,0.04766,0.048695,0.22485626,0.0165270627330643,0.066666667,0.0301593391746037,"050803A",3.5,0.653212513775344
"050820A",3.750945731,21.61964524,-10.01818139,1.25,0.389166084,1.136499703,1.41497334797082,0.9,1.96878,-5.463441557,14.0695938769071,467.409060303455,100.363958362942,1.5625,0.151450240935895,1.29163157491909,2.00214957546775,0.81,3.8760946884,29.8491936467546,0.378773543216465,0.266741013,0.238477529,0.012525701,0.0405,0.0185164313807078,0.072727273,0.0247093953343968,"050820A",2.6147,0.558072259099146
"050824A",5.08558,20.9708274,-12.23882419,2.76,-0.301029996,0.954481,1.3541084391474,0.86,1.94709,-6.575118363,25.8631239364,439.775601840591,149.788817553729,7.6176,0.09061905849176,0.911033979361,1.83360966497021,0.7396,3.7911594681,43.2321814874598,0.0782292570058625,0.06855,0.12722,0.0899785,0.01,0.0514543473223617,0.23030303,0.0789626332133755,"050824A",0.8278,0.261928672990642
"050826A",4.76235,21.96085591,-12.33348202,1.16,-0.420216403,1.801,1.55022835305509,1.11,2.45742,-6.384049948,22.6799775225,482.279192299782,152.114778737663,1.3456,0.176581825350258,3.243601,2.40320794661591,1.2321,6.0389130564,40.7560937385588,0.0717511921200946,0.23405,0.13858,0.23538,0.03,0.0458862758416538,0.187878788,0.0900451080536063,"050826A",0.297,0.11293997608408
"050904A",4.6841,22.39388568,-11.4544,1.25,-0.207608311,1.65808546517929,2.24104815067164,0.848,1.90813,-5.316052869,21.94079281,501.486115848909,131.20327936,1.5625,0.0431012107962727,2.74924740983881,5.0222968136288,0.719104,3.6409600969,28.2604181060031,0.0268161033458331,0.29485,0.098475,0.624745,0,0.00980902273641476,0.042424242,0.072170148569444,"050904A",6.29,0.862727528317975
"050908A",3.58558884850109,22.340573,-10.7721294703767,1.82,0.255272505,1.16153937330718,0.851258348719075,1.06140916002075,2.22623,-6.552841969,12.8564473904954,499.101201968329,116.038773326558,3.3124,0.065164051808975,1.34917371574283,0.724640776263927,1.12658940497596,4.9561000129,42.9397378706878,0.039676879658603,0.79421085032217,0.60198855504506,0.328500796270686,0.25348555303555,0.0248403283013014,0.084848485,0.0789626331522811,"050908A",3.34,0.637489729512511
"050922C",2.52429,21.44930866,-9.477555766,1.37,0.860936621,1.22035,0.653212513775344,1.064,2.2119,-5.790484985,6.3720400041,460.072841991951,89.8240632976399,1.8769,0.741211865378898,1.4892541225,0.426686588152704,1.132096,4.89250161,33.5297163615105,0.0434736059021067,0.03194,0.034305,0.013275,0.013,0.0087736258877956,0.036363636,0.0116014887850822,"050922C",2.198,0.504878459410216
"051016B",4.25742,21.71466751,-11.59006688,2.4,0.113943352,1.14771,0.602059991327962,0.73,1.89482,-6.769551079,18.1256250564,471.52678506985,134.329650282873,5.76,0.0129830874649959,1.3172382441,0.362476233157826,0.5329,3.5903428324,45.8268218111901,0.0509829165954318,0.04535,0.058175,0.04854,0.005,0.0340623123358059,0.139393939,0.0323949264220647,"051016B",0.9364,0.286995073968852
"051028A",3.83295349146362,21.45058625,-10.9275297489016,2.37,0.775974331,1.25909960067407,1.78175537465247,0.947589588537957,2.24976,-5.744727495,14.6915324677232,460.127650468689,119.410906413129,5.6169,0.602136162370898,1.58533180441761,3.17465221510296,0.897926028305534,5.0614200576,33.001893991809,0.0421049044034134,0.806268730934828,0.591524691212839,0.326038487385913,0.227300161898277,0.0415592805603905,0.139393939,0.0526417553674108,"051028A",3.6,0.662757831681574
"051109A",3.91123,21.97057233,-10.51999306,1.51,0.595496222,1.22299,1.5705429398819,1.06,2.06584,-5.657577319,15.2977201129,482.706048507762,110.670253982448,2.2801,0.354615750416273,1.4957045401,2.46660512601287,1.1236,4.2676949056,32.0081811204632,0.0827679937571121,0.04815,0.04637,0.019155,0.054794381,0.0325421760411363,0.121212121,0.046094938049931,"051109A",2.346,0.524525936626376
"051109B",3.65548,21.36742302,-11.57511836,1.97,-0.259637311,1.251,1.15533603746506,1.06,2.12549,-6.591760035,13.3625340304,456.566766515626,133.983365048009,3.8809,0.0674115332633107,1.565001,1.33480135946547,1.1236,4.5177077401,43.4513003590232,0.114743908253916,0.0922,0.126645,0.12217,0.01,0.0421545307074316,0.145454545,0.0622129838718209,"051109B",0.08,0.0334237554869497
"051111A",3.3830189152953,21.01365445,-10.0681123349142,1.3,0.380211242,1.23971230622267,1.61278385671974,0.892930448453809,2.26662,-5.744727495,11.4448169812458,441.573673344005,101.366885988451,1.69,0.144560588543183,1.53688660219994,2.60107176849578,0.797324785775921,5.1375662244,33.001893991809,0.0132262962918312,0.805320541935131,0.618906065480875,0.323962454272493,0.226983653662069,0.0354526107425099,0.103030303,0.100638650276148,"051111A",1.55,0.406540180433955
"060115A",3.69688,21.43355223,-11.29499204,1,-0.060480747,0.889919,2.14488541828714,1,2.10553,-5.76700389,13.6669217344,459.397161196138,127.576845183663,1,0.00365792075767801,0.791955826561,4.60053345758081,1,4.4332565809,33.2583338672751,0.0469357822433229,0.0812,0.123015,0.053884,0.085,0.0230884892235729,0.303030303,0.0363046589885454,"060115A",3.53,0.656098202012832
"060124A",4.47599,21.9172644,-10.6893,1.84,-0.050609993,1.3641,2.8750612633917,0.99,2.00895,-6.336299075,20.0344864801,480.366478779507,114.26113449,3.3856,0.00256137139146005,1.86076881,8.26597726825548,0.9801,4.0358801025,40.1486859678459,0.000756704468657758,0.04445,0.036665,0.01627,0.076380116,0.0302604450950157,0.115151515,0.0532332356918798,"060124A",2.296,0.517987203025078
"060206A",3.93814,22.33966406,-10.63078414,1.2,0.445604203,1.17565,0.880813592280791,1.265,2.20424,-6.080398976,15.5089466596,499.060590313656,113.013571431276,1.44,0.198563105731265,1.3821529225,0.775832584346592,1.600225,4.8586739776,36.9712517073418,0.110491399420861,0.07055,0.07444,0.02867,0.013041887,0.0133029706675924,0.181818182,0.0160378107849136,"060206A",4.048,0.703119346236078
"060210A",4.15028,22.3877421,-10.66756154,1.53,0.434568904,1.20511,2.40654018043396,0.979,2.08163,-5.11577123,17.2248240784,501.210996336112,113.796869209687,2.3409,0.188850132323761,1.4522901121,5.79143564004309,0.958441,4.3331834569,26.1711152776957,0.207740121022138,0.0292,0.030365,0.02297,0.083622271,0.0140538367709601,0.054545455,0.0270950212031269,"060210A",3.91,0.691081492122968
"060218A",5.07614,21.59972155,-11.82390874,2.26,-0.602059991,1.3185,3.32221929473392,0.785,2.15785,-5.804100348,25.7671972996,466.547971037534,139.804817891848,5.1076,0.36247623276292,1.73844225,11.0371410423023,0.616225,4.6563166225,33.6875808496537,0.00916727683590926,0.1602,0.14064,0.108235,0.02,0.0254826332026628,0.103030303,0.11581186233247,"060218A",0.0331,0.0141423615450058
"060223A",2.78682,22.49782636,-10.9636,1.74,0.130333768,1.1892,1.05307844348342,0.81,2.01015,-6.171984936,7.7663657124,506.152190924711,120.20052496,3.0276,0.0169868910810778,1.41419664,1.10897420812946,0.6561,4.0407030225,38.0933980502109,0.0421049044034134,0.1982,0.23477,0.18005,0.045,0.018772691379267,0.072727273,0.0350945035988966,"060223A",4.41,0.73319726510657
"060306A",3.61496,21.61973178,-10.70553377,1.8,0.775974331,1.03794,1.78675142214556,0.76,2.28823,-5.671620397,13.0679358016,467.412802239142,114.60845330061,3.24,0.602136162370898,1.0773194436,3.19248064453919,0.5776,5.2359965329,32.1672779276664,0.0249708024012773,0.03495,0.04452,0.02498,0.01,0.014581519111212,0.060606061,0.0141083431596232,"060306A",1.559,0.408070285887185
"060418A",3.11887,21.65363309,-9.792961075,1.7,0.814247596,1.47655,2.01325866528352,0.98,1.94118,-5.079354999,9.7273500769,468.879825996343,95.9020866164651,2.89,0.662999147591779,2.1801999025,4.05321045333917,0.9604,3.7681797924,25.7998472058663,0.190629725370006,0.04904,0.057245,0.044705,0.005,0.0079942161609691,0.036363636,0.0141293054922338,"060418A",1.489,0.396024896608593
"060502A",3.3865,21.45692297,-10.55284197,1.46,0.227886705,0.897152,1.45331834004704,0.87,2.02719,-5.63638802,11.46838225,460.399543340514,111.362473643793,2.1316,0.051932350315757,0.804881711104,2.11213419751708,0.7569,4.1094992961,31.7688699119995,0.150287880719686,0.05675,0.075085,0.0205255,0.015,0.0116222057308489,0.048484848,0.0327064159666924,"060502A",1.5026,0.398391440229475
"060510B",4.43617,22.00215742,-12.2656,1.78,-0.244125144,1.00735,2.43964842956347,1.38,2.1317,-5.390405591,19.6796042689,484.094931134461,150.44494336,3.1684,0.0595970859330207,1.0147540225,5.95188445987152,1.9044,4.54414489,29.0564724354841,0.033597137016063,0.2206,0.31628,0.2313695,0.03,0.0113820011696242,0.048484848,0.0507946764616626,"060510B",4.9,0.770852011642144
"060512A",3.71997873096253,21.71466751,-10.6747154883862,1.54,0.688419822,1.09177175828786,1.59328606702046,0.88336526940305,1.78537,-5.443697499,13.8382417588136,471.52678506985,113.949550757993,2.3716,0.473921851322512,1.19196557219496,2.53856049136152,0.780334199187522,3.1875460369,29.6338424606189,0.202660966173494,0.806728923192389,0.594713899043324,0.332948331201959,0.219292858465085,0.0501350050952,0.121212121,0.144764827428965,"060512A",0.44,0.15836249209525
"060526A",3.8752,22.27837171,-11.3053948,2.01,0.222716471,1.05873,2.47450763911698,0.93,1.90677,-5.899629455,15.01717504,496.325846048928,127.811951583867,4.0401,0.0496026264546938,1.1209092129,6.12318805604827,0.8649,3.6357718329,34.8056277063036,0.0335671166680867,0.06785,0.09216,0.0623145,0.0305,0.034467816033398,0.145454545,0.0283698082758142,"060526A",3.221,0.625415352154408
"060604A",4.45991,21.99003057,-11.76955108,2.01,-0.468521083,1.21596,1.97772360528885,1.02,2.1711,-6.395773947,19.8907972081,483.561444469534,138.522332624729,4.0401,0.219512005215493,1.4785587216,3.91139065891672,1.0404,4.71367521,40.905924381124,0.0777158546563713,0.04195,0.04994,0.04695,0,0.0694033093482565,0.254545455,0.100638650276148,"060604A",2.1357,0.496334505996816
"060605A",4.04162,21.77333803,-11.26121944,1.55,-0.337242168,1.9179,1.89817648349768,0.835,2.02128,-6.156767222,16.3346922244,474.078248968644,126.815063275834,2.4025,0.11373227987734,3.67834041,3.6030739625036,0.697225,4.0855728384,37.9057826258936,0.192243471667048,0.05315,0.037375,0.085,0.10149311,0.0339867861224412,0.121212121,0.0686631594013328,"060605A",3.78,0.679427896612119
"060607A",4.37412,21.79614607,-11.02273379,1.47,0.146128036,1.92622006,2.00945089579869,0.564,1.61002,-5.59345982,19.1329257744,475.071983504776,121.500660205208,2.1609,0.0213534029052173,3.7103237195464,4.03789290262617,0.318096,2.5921644004,31.2867927579544,0.132029607628865,0.0761,0.02584,0.163115,0.012077154,0.0115605423699981,0.048484848,0.0244408150465787,"060607A",3.0749,0.610116955411928
"060614A",5.03344,20.51216256,-11.78251606,2.02,1.06069784,1.9453,2.03622954408629,0.783,1.89544,-4.690369833,25.3355182336,420.748812887866,138.827684704158,4.0804,1.12507990778067,3.78419209,4.14623075620988,0.613089,3.5926927936,21.9995691703164,0.0132262962918312,0.0429,0.0289,0.05983,0.006,0.00468356794668692,0.024242424,0.0169369125967137,"060614A",0.125,0.0511525224473813
"060707A",3.5545,21.20847898,-10.9132,0.6,0.004321374,0.861995,1.8208579894397,1.12,2.09345,-5.795880017,12.63447025,449.799580645102,119.09793424,0.36,1.8674273247876e-05,0.743035380025,3.31552381770639,1.2544,4.3825329025,33.5922251714599,0.0414232995600016,0.07695,0.127895,0.0364485,0.035,0.0248403283013014,0.363636364,0.0599386321664952,"060707A",3.425,0.645913275033844
"060708A",3.50569,20.79066861,-10.86966623,1.68,0.28780173,1.12969,1.00860017176192,1.485,2.20484,-6.306273051,12.2898623761,432.251901250839,118.149643951602,2.8224,0.0828298357909929,1.2761994961,1.01727430647817,2.205225,4.8613194256,39.7690797937688,0.153333382321636,0.06115,0.062725,0.028525,0.33410152,0.019714017700399,0.072727273,0.018994447849191,"060708A",1.92,0.465382851448418
"060714A",3.73449,22.0125926,-10.86012091,1.93,0.10720997,1.20488,2.06069784035361,0.87,2.04425,-5.548213564,13.9464155601,484.554232973575,117.942226179819,3.7249,0.0114939776674009,1.4517358144,4.24647558923804,0.7569,4.1789580625,30.7826737517536,0.0344768087786936,0.0352,0.046765,0.035305,0.005,0.0155321080197879,0.066666667,0.0267321414553261,"060714A",2.711,0.569490954348783
"060729A",5.1057,20.86562801,-11.15058059,1.75,0.068185862,1.35481,2.0618293072947,1.317,1.92492,-5.583359493,26.06817249,435.374432251696,124.335447494085,3.0625,0.00464931177668304,1.8355101361,4.25114009241934,1.734489,3.7053170064,31.1739032280732,0.127702392544209,0.0116,0.012825,0.013425,0.077392286,0.0212785639737521,0.084848485,0.0292454197184288,"060729A",0.54,0.187520720836463
"060814A",4.22387,22.00679538,-10.91009489,1.53,0.861534411,1.29504,2.16226561429802,0.97,2.11591,-4.835647144,17.8410777769,484.299042897189,119.030170508804,2.3409,0.742241541337117,1.6771286016,4.6753925867756,0.9409,4.4770751281,23.3834833012754,0.0146412491865461,0.0353,0.034855,0.024565,0,0.00430869161989862,0.018181818,0.0104993872606212,"060814A",1.9229,0.465813957269479
"060904B",3.87074,21.59122827,-11.11633856,1.64,0.387389826,1.36265,2.23426412437879,1.58,2.18877,-5.790484985,14.9826281476,466.181138207247,123.572982980543,2.6896,0.15007087728831,1.8568150225,4.99193617748612,2.4964,4.7907141129,33.5297163615105,0.0287243616490079,0.08665,0.081295,0.04215,0.136141492,0.0232338611473106,0.084848485,0.0226532143754057,"060904B",0.703,0.231214647962601
"060906A",4.33479,22.41960057,-11.8827287,2.03,0.294466226,1.71887,1.63848925695464,1.06,2.07859,-5.655607726,18.7904043441,502.638489718344,141.199241357804,4.1209,0.0867103582546831,2.9545140769,2.68464704515576,1.1236,4.3205363881,31.9858987503909,0.0815374132522222,0.08845,0.072145,0.169635,0.005,0.0161974631827828,0.066666667,0.0374103846163063,"060906A",3.686,0.670802284260944
"060908A",2.81918,21.80952201,-9.627087997,1,0.481442629,1.38309,1.28555730900777,1.185,2.13395,-5.552841969,7.9477758724,475.655250304674,92.6808233019815,1,0.231787005018432,1.9129379481,1.65265759474331,1.404225,4.5537426025,30.8340539326878,0.0299356101984998,0.045185,0.05993,0.04964,0.003474954,0.0104343479500535,0.181818182,0.0217168958293479,"060908A",1.8836,0.459935016851525
"060912A",2.455171016,21.36738202,-10.1079054,1.74,0.933487288,1.045731532,0.698970004336019,0.63,1.8948,-5.869666232,6.02786471780647,456.565014388619,102.169751575349,3.0276,0.871398516857595,1.09355443701907,0.488559066961494,0.3969,3.59026704,34.4529816750811,0.0503781599007772,0.147419953,0.156564864,0.028937785,0.0785,0.0120881068052489,0.054545455,0.0134978860076092,"060912A",0.937,0.287129620719111
"060926A",3.351,22.50004427,-10.84771166,2.54,0.037426498,1.45111,0.903089986991944,1.357,2.00443,-6.659555885,11.229201,506.25199215196,117.6728482585,6.4516,0.001400742752544,2.1057202321,0.815571524605109,1.841449,4.0177396249,44.3496845854381,0.0658325115046647,0.08245,0.09927,0.11561,0.009157091,0.0300466640198818,0.139393939,0.0338066319525806,"060926A",3.2,0.6232492903979
"060927A",3.15198,22.10710478,-10.77728353,0.9,0.431363764,1.39098,1.35218251811136,0.83,1.94856,-5.946921557,9.9349779204,488.724081753899,116.149840286009,0.81,0.186074696892248,1.9348253604,1.82839756228599,0.6889,3.7968860736,35.3658760051113,0.0249820977867784,0.08115,0.108435,0.118785,0.178498106,0.0158391122565265,0.242424242,0.0165724044733706,"060927A",5.47,0.8109042806687
"061007A",3.1673865072491,21.14009932,-9.18328996411352,0.98,0.69019608,1.641010727222,1.61172330800734,0.942762721118282,1.86248,-5.045757491,10.0323372863037,446.903799259465,84.3328145649882,0.9604,0.476370628847366,2.69291620685769,2.59765202157413,0.888801548330348,3.4688317504,25.4596686579826,0.0942443169455569,0.871372728024476,0.603659733750509,0.322388223790341,0.224715746977283,0.0842660934455674,0.18,0.144764827428965,"061007A",1.26,0.354108439147401
"061021A",3.23849,20.87141063,-10.04095861,1.3,0.78604121,1.01707,1.66464197555613,0.785,1.99282,-5.528708289,10.4878174801,435.615781686077,100.820849807733,1.69,0.617860783818264,1.0344313849,2.7710329067834,0.616225,3.9713315524,30.5666153448573,0.0507507175232146,0.0264,0.03399,0.010415,0.016800037,0.0089811102944679,0.036363636,0.0116311571135192,"061021A",0.3463,0.129141845792285
"061110A",2.24983,21.89473409,-8.33235,1.67,-0.27572413,1.37828029,1.60959440922522,1.98,1.82722,-5.974694135,5.0617350289,479.379380871808,69.4280565225,2.7889,0.0760237958642569,1.89965655780248,2.59079416220908,3.9204,3.3387329284,35.6969700068034,0.0429439501542518,0.2103,0.03335,0.11946,0.0015,0.0188715726956945,0.072727273,0.0595944402240336,"061110A",0.7578,0.244969460136198
"061121A",3.78753,21.75351565,-10.03011836,1.41,1.324282455,1.35185,1.91009054559407,0.9485,1.90181,-4.863279433,14.3453835009,473.215443134795,100.603274315609,1.9881,1.75372402062083,1.8274984225,3.64844589236784,0.89965225,3.6168812761,23.6514868434408,0.246407281884026,0.01265,0.01703,0.01585,0.002358211,0.00382325157840621,0.018181818,0.00573820083195282,"061121A",1.314,0.364363354615731
"061126A",3.6923430560434,21.33992622,-10.6282725563889,1.31,0.041392685,1.2018820265874,1.78175537465247,0.90384690167602,1.83834,-5.431798276,13.6333972435119,455.392451075043,112.96017753289,1.7161,0.00171335437150922,1.44452040583385,3.17465221510296,0.816939221669341,3.3794939556,29.5044325111566,0.0130126209875294,0.797866089066838,0.605750638182965,0.328579821951726,0.22499211426445,0.0658021941832558,0.157575758,0.0579059309278577,"061126A",1.1588,0.334212409393176
"061222A",3.92091,22.56660835,-9.954677021,1.35,0.930949031,1.35061,1.85369821177617,0.86,1.92748,-5.097453221,15.3735352281,509.25181242229,99.0955945924254,1.8225,0.866666098319839,1.8241473721,3.43619706034219,0.7396,3.7151791504,25.9840293402833,0.0973208923032497,0.02311,0.024435,0.018075,0.005,0.00520487944706068,0.024242424,0.00802277634320278,"061222A",2.088,0.489677291663699
"070110A",4.26825,21.3989672,-11.04866248,1.58,-0.22184875,1.42725,1.94645226501307,1.186,2.08596,-5.790484985,18.2179580625,457.915797226676,122.07294259696,2.4964,0.0492168678765625,2.0370425625,3.78867641997452,1.406596,4.3512291216,33.5297163615105,0.0711281657171841,0.05475,0.053995,0.046555,0.12166788,0.0175472517755912,0.072727273,0.0526417556261212,"070110A",2.352,0.525304009958239
"070125A",4.29014309362149,20.842422,-10.8053214864428,2.2,-0.22184875,1.65808546517929,2.74028371968188,0.869470030948507,2.24976,-5.431798276,18.4053277637482,434.406554826084,116.754972425383,4.84,0.0492168678765625,2.74924740983881,7.50915486435356,0.755978134717599,5.0614200576,29.5044325111566,0.0130126209875294,0.781214750067768,0.601957704192736,0.334504683607707,0.226723554070773,0.0438681294899875,0.103030303,0.065802194705171,"070125A",1.55,0.406540180433955
"070208A",3.44468,21.8647258,-10.86327943,1.94,-0.045757491,1.2125,1.67851837904011,1.14,2.20341,-6.351639989,11.8658203024,478.066234309186,118.010839974261,3.7636,0.00209374798261508,1.47015625,2.81742394877545,1.2996,4.8550156281,40.3433305498639,0.20601598202985,0.1619,0.14114,0.06357,0.015,0.0597395201502247,0.218181818,0.0643399231491616,"070208A",1.165,0.335457900689384
"070223A",4.22335,21.70173804,-11.86327943,1.85,-0.161150909,0.991734,1.94694327069783,1.03,2.25837,-5.769551079,17.8366852225,470.965433956783,140.737398834261,3.4225,0.0259696154715263,0.983536326756,3.79058809931555,1.0609,5.1002350569,33.2877196531901,0.039676879658603,0.16615,0.203105,0.079308,0.06,0.0185794430922578,0.072727273,0.0572192993510938,"070223A",1.6295,0.419873175149476
"070306A",4.86926,22.44245468,-11.2737,1.66,0.609594409,1.89982,2.32118402730231,0.831,1.94468,-5.269217724,23.7096929476,503.663772063854,127.09631169,2.7556,0.371605343484059,3.6093160324,5.38789528860339,0.690561,3.7817803024,27.7646554229157,0.134263479547411,0.0335,0.02824,0.06188,0.001,0.0139921394309921,0.060606061,0.013580796821018,"070306A",1.4959,0.397227181043161
"070411A",3.60089287467977,20.98677173,-10.6853000452881,1,1.06069784,1.41924449069405,1.35218251811136,0.951597504114132,2.03408,-5.096367484,12.9664294949196,440.444587647127,114.175637057834,1,1.12507990778067,2.0142549243654,1.82839756228599,0.905537809836245,4.1374814464,25.9729615319725,0.0249708024012773,0.793363618992196,0.599113991661822,0.34285435038227,0.229340953111285,0.0248403283013014,0.121212121,0.0914304172328591,"070411A",2.95,0.59659709562646
"070508A",3.02525,21.89306622,-9.161150909,1.1,1.382017043,1.37377,1.32014628611105,0.764,1.82568,-4.707743929,9.1521375625,479.306348513305,83.9266859774715,1.21,1.90997110714246,1.8872440129,1.74278621673281,0.583696,3.3331074624,22.1628529010364,0.0152922340419372,0.010795,0.01189,0.013355,5e-04,0.00366612225284185,0.060606061,0.00666213086681254,"070508A",0.82,0.260071387985075
"070521A",3.55243,22.27524914,-10.01233374,1.1,0.814913181,1.44502,1.57863920996807,0.98,2.00022,-5.096367484,12.6197589049,496.186724249071,100.246826921142,1.21,0.664083492567539,2.0880828004,2.49210175524862,0.9604,4.0008800484,25.9729615319725,0.032307204598357,0.04901,0.04844,0.0562,0.147518075,0.00581622391039878,0.121212121,0.0108830581881966,"070521A",2.0865,0.489466281303128
"070529A",3.09323,22.56252244,-10.24641694,1.34,0.155336037,1.21432,2.03822263836872,0.76,1.97999,-5.590066877,9.5680718329,509.067418855503,104.989060108319,1.7956,0.0241292843908654,1.4745730624,4.15435152355874,0.5776,3.9203604001,31.2488476893325,0.0794726286049195,0.0552,0.068045,0.03501,0.015,0.0250918873122187,0.096969697,0.0662623494478934,"070529A",2.4996,0.544018407858776
"070612A",4.28012925734218,20.842422,-10.6712151460881,1.77,0.387389826,2.14879559022208,2.74028371968188,0.942489049279503,1.90881,-5.552841969,18.3195064595565,434.406554826084,113.8748326941,3.1329,0.15007087728831,4.61732248855786,7.50915486435356,0.888285608011782,3.6435556161,30.8340539326878,0.0175057628797337,0.799632647298818,0.620557452103465,0.4497610286745,0.2357747057907,0.0394813165204961,0.22,0.144764827428965,"070612A",0.671,0.222976449893391
"070714B",3.22974,21.64321572,-10.74232143,1.36,0.431363764,1.64623,1.80617997398389,0.93,2.07429,-6.142667504,10.4312204676,468.428786702455,115.397469705437,1.8496,0.186074696892248,2.7100732129,3.26228609842043,0.8649,4.3026790041,37.7323640646976,0.0570608478039056,0.09935,0.0946,0.108425,0.005,0.0329010971465546,0.115151515,0.0194969464108742,"070714B",0.923,0.28397928423848
"070721B",3.94739,21.89473409,-10.50863831,1.34,0.176091259,2.5054,2.53147891704225,0.52,1.52512,-5.443697499,15.5818878121,479.379380871808,110.4314791304,1.7956,0.0310081314962051,6.27702916,6.40838550742943,0.2704,2.3259910144,29.6338424606189,0.0272330828930823,0.3648,0.10084,0.09144,0,0.0146227098205568,0.066666667,0.0526417554416033,"070721B",3.626,0.6652056284346
"070802A",3.92184,21.91375294,-11.6716204,1.79,-0.397940009,1.16348,1.2148438480477,0.78,1.99014,-6.552841969,15.3808289856,480.212567915359,136.226722761696,3.2041,0.15835625076292,1.3536857104,1.47584557513934,0.6084,3.9606572196,42.9397378706878,0.0799687771394852,0.17395,0.236245,0.2088785,0.045,0.0470015673425834,0.163636364,0.065802194705171,"070802A",2.45,0.537819095073274
"070810A",3.36583,21.93100401,-10.77728353,2.04,0.278753601,1.36994,1.04139268515823,1.02,2.17076,-6.161150909,11.3288115889,480.968936886636,116.149840286009,4.1616,0.0777035700704672,1.8767356036,1.08449872470106,1.0404,4.7121989776,37.9597805234715,0.197037086517346,0.06175,0.07187,0.077915,0.01,0.0228877197175498,0.084848485,0.0277061869917745,"070810A",2.17,0.501059262217751
"071003A",4.78411,20.86974084,-11.67760082,1.36,0.799340549,1.97901,2.17609125905568,0.837,1.91015,-5.080921908,22.8877084921,435.546082728764,136.366360911265,1.8496,0.638945313275621,3.9164805801,4.73537316773854,0.700569,3.6486730225,25.8157674351944,0.0130126209875294,0.1359,0.098505,0.183105,0.032,0.00951357025803561,0.042424242,0.0167116683635139,"071003A",1.60435,0.415699348887829
"071010A",4.26227760186754,21.14580437,-10.9888840433363,1.22,0.499687083,1.91972633889317,2.68699356626468,0.866911394933187,2.03408,-5.148741651,18.1670103553817,447.145042454311,120.75557251789,1.4884,0.249687180917049,3.68534921624017,7.21993442514778,0.751535366665003,4.1374814464,26.5095405887422,0.130539784510126,0.803752813558394,0.60276491914992,0.342317492692135,0.223856429752714,0.0169812114071368,0.03030303,0.0877362588943192,"071010A",0.99,0.298853076409707
"071010B",3.5403935698525,21.96198081,-10.4572366231174,1.52,0.814247596,1.04622911483707,0.6232492903979,0.877013001406438,1.83834,-5.869666232,12.5343866294529,482.328601098808,109.353797791868,2.3104,0.662999147591779,1.09459536073275,0.388439677981486,0.76915180463593,3.3794939556,34.4529816750811,0.00227712475506529,0.789186306435244,0.597720870692812,0.32157706448899,0.221657907794632,0.0142275014568467,0.024242424,0.0309657384329063,"071010B",0.947,0.289365951520032
"071020A",2.311950854,20.99642367,-9.169411331,1.11,0.924279286,1.119196934,0.6232492903979,0.844,1.59788,-5.638272164,5.34511675131133,440.849806930136,84.0781041570712,1.2321,0.85429219852867,1.252601777075,0.388439677981486,0.712336,2.5532204944,31.7901129953372,0.0601790284455221,0.035099822,0.039262062,0.011153209,0.001,0.0114438598661619,0.03030303,0.00940031347184909,"071020A",2.145,0.497620649781288
"071025A",3.60045123513492,21.41988474,-10.7398884926704,1.21,0.278753601,1.46012975503547,1.69897000433602,0.922023598456419,1.90402,-5.744727495,12.9632490965846,458.811462274885,115.345204834993,1.4641,0.0777035700704672,2.13197890153995,2.88649907563353,0.850127516110524,3.6252921604,33.001893991809,0.0734806588231774,0.777713188945541,0.598441005217412,0.326953880830431,0.219082795379348,0.0347435585260231,0.066666667,0.100638650276148,"071025A",5,0.778151250383644
"071112C",3.32896248474338,21.91375294,-10.4113086338071,1.36,0.462397998,1.19838456254577,1.04139268515823,0.842633791247414,1.45068,-5.698970004,11.0819912248288,480.212567915359,108.395347468386,1.8496,0.213811908554408,1.43612555974801,1.08449872470106,0.710031706151991,2.1044724624,32.4782591064918,0.0299157959458657,0.783721739676263,0.62621885678383,0.320490523267276,0.22312830992363,0.0894135698123102,0.224242424,0.144764827428965,"071112C",0.82,0.260071387985075
"071117A",3.901990464,22.04291793,-11.23542972,1.57,1.053078443,1.104952391,0.819543935541869,0.94,2.0457,-5.619788758,15.2255295811469,485.890230868716,126.234880993059,2.4649,1.1089742071113,1.22091978637662,0.671652262283455,0.8836,4.18488849,31.5820256845432,0.120079755769867,0.101024385,0.117162967,0.089387802,0.01,0.0109670323640116,0.036363636,0.00931712484047533,"071117A",1.331,0.367542273520577
"080310A",4.32608056,21.45692297,-11.3990271,2.32,0.113943352,1.59590648,2.56229286445647,0.878,2.09352,-5.638272164,18.7149730116099,460.399543340514,129.937818826534,5.3824,0.0129830874649959,2.54691749290599,6.56534472324456,0.770884,4.3828259904,31.7901129953372,0.0207018675137275,0.04247343,0.03798676,0.065276352,0.0375,0.0228877197323238,0.096969697,0.0404936579440628,"080310A",2.42,0.534026106056135
"080319B",5.36799912,20.8771334,-12.15181088,1.04,1.394451681,1.42250979,1.69897000433602,0.73,1.81426,-4.091514981,28.8154145523208,435.854699001396,147.666507663286,1.0816,1.94449549064373,2.02353410264584,2.88649907563353,0.5329,3.2915393476,16.7404948397474,0.00155572020808234,0.097779455,0.087626454,0.075139905,0,0.0032494910720681,0.012121212,0.00530662856410116,"080319B",0.937,0.287129620719111
"080319C",3.19029,21.75037415,-8.91721463,1.37,0.716003344,1.45203,1.53147891704226,1.94,1.61029,-5.443697499,10.1779502841,473.078775664988,79.516716757486,1.8769,0.512660788619182,2.1083911209,2.34542767334492,3.7636,2.5930338841,29.6338424606189,0.11349174293958,0.05004,0.04713,0.02854,0.199995173,0.00731135491027843,0.042424242,0.0151851217472848,"080319C",1.95,0.469822015978163
"080330A",3.6516239928547,21.20847898,-10.5225604207395,1.38,1.037426498,1.32456942099769,1.04139268515823,0.833997878161368,2.00022,-5.958607315,13.3343577851921,449.799580645102,110.724277808114,1.9044,1.07625373875254,1.75448415104216,1.08449872470106,0.695552460777665,4.0008800484,35.5050011343715,0.00859100615880472,0.787201614925993,0.582763402575977,0.327673766110402,0.22889904752821,0.0361912068292397,0.066666667,0.0478561411902437,"080330A",1.51,0.399673721481038
"080411A",4.20932562,21.57289018,-10.11350927,1.75,1.635483747,1.28909841,1.7481880270062,0.91,1.97674,-4.578396073,17.7184221751884,465.38959071834,102.283069754376,3.0625,2.67480708670116,1.66177471066453,3.05616137776783,0.8281,3.9075010276,20.9617106012618,0.00776276208179474,0.06043543,0.049275581,0.010296793,0,0.000997002942546105,0.018181818,0.00548351617874055,"080411A",1.03,0.307496037913213
"080413B",4.4220782081034,21.0438101,-11.1448510452564,1.17,-0.244125144,1.938648194927,1.68124123737559,0.891908616157083,1.79496,-5.769551079,19.554775678583,442.841943524862,124.207704820952,1.3689,0.0595970859330207,3.75835682369372,2.8265720982522,0.795500979575242,3.2218814016,33.2877196531901,0.149214122903764,0.821894149744215,0.612872037103091,0.340335983960693,0.219101098007139,0.0842660934455674,0.181818182,0.144764827428965,"080413B",1.1,0.322219294733919
"080430A",4.21762911,21.51787914,-11.17198494,1.73,0.414973348,0.99269763,1.20951501454263,0.971,2.03541,-5.920818754,17.7883953095194,463.019122683647,124.813247499587,2.9929,0.172202879550329,0.985448584607617,1.46292657040406,0.942841,4.1428938681,35.0560947177181,0.0585255609478052,0.028180965,0.038388523,0.020935069,0.0755,0.0219340647449938,0.054545455,0.0202468289563662,"080430A",0.767,0.247236549506764
"080516A",3.77452827,22.03528962,-11.12090412,1.82,0.255272505,0.94016916,0.763427993562937,1.48,2.3315,-6.585026652,14.2470636610292,485.55398863728,123.674508446233,3.3124,0.065164051808975,0.883918049415106,0.582822301355532,2.1904,5.43589225,43.3625760075503,0.0159503209321748,0.077803665,0.111057696,0.084888358,0.03,0.0404936579835962,0.163636364,0.04386812953948,"080516A",3.2,0.6232492903979
"080603A",3.76450586055628,21.75162856,-10.668805134196,1.74,-0.301029996,1.23898439440789,0.728353782021228,0.914791074478396,1.70111,-6.48148606,14.1715043741626,473.133345012208,113.823402991446,3.0276,0.09061905849176,1.53508232958629,0.530499231784627,0.836842709945338,2.8937752321,42.0096615459743,0.0768849139192809,0.779163308029585,0.613290660119653,0.32325537651479,0.230407387638479,0.0668145357246291,0.17,0.0579059309278577,"080603A",1.69,0.429752280002408
"080603B",3.90095594907986,21.77771022,-10.6294920393392,1.17,1.1430148,1.39128969634871,1.94448267215017,0.879056776909866,1.94644,-5.045757491,15.2174573166615,474.268662426292,112.986101014375,1.3689,1.30648283301904,1.93568701916609,3.78101286229226,0.772740817031163,3.7886286736,25.4596686579826,0.0132262962918312,0.788307379984708,0.612336882637542,0.322639228220906,0.220507564415083,0.0169812114071368,0.048484848,0.131604388703391,"080603B",2.6893,0.566943971856554
"080607A",3.46298403,22.38386741,-10.0540393,1.31,1.36361198,1.7256074,1.89762709129044,1.06,2.03418,-4.619788758,11.992258392035,501.03752022846,101.083706245944,1.7161,1.85943763199952,2.97772089893476,3.60098857759942,1.1236,4.1378882724,21.3424481685432,0.0180592945376601,0.11042072,0.069659314,0.037637388,0.02,0,0.024242424,0.0125337512846333,"080607A",3.036,0.605951157564873
"080710A",4.09266933,20.89722339,-11.23284413,1.47,0,1.52133785,2.07918124604762,1.3,2.00149,-5.853871964,16.7499422447226,436.693945411563,126.176787248875,2.1609,0,2.31446885384262,4.32299465391615,1.69,4.0059622201,34.2678169709052,0.0631067762093961,0.06269498,0.054210787,0.06401643,0.150517844,0.0376012538165791,0.139393939,0.0526417552900893,"080710A",0.845,0.265996370495079
"080721A",2.87876286,21.79728278,-8.714442691,1.11,1.320146286,1.33437559,1.20951501454263,0.735,1.9433,-4.920818754,8.28727560411538,475.121536591284,75.9415114147233,1.2321,1.74278621643959,1.78055821518785,1.46292657040406,0.540225,3.77641489,24.2144572097181,3.86039539469557,0.007019299,0.007554816,0.006435673,0,0.0219340647449938,0.048484848,0.0226686984976336,"080721A",2.591,0.555215405126073
"080810A",3.2687548,21.45079548,-9.931814138,1.34,0.301029996,1.44529526,2.02530586526477,1.079,2.11482,-5.337242168,10.684757942523,460.136626724788,98.6409320717767,1.7956,0.09061905849176,2.08887838857847,4.10186384787588,1.164241,4.4724636324,28.4861539598773,0.0177699795108654,0.031830706,0.039738688,0.036139295,0.0015,0.0114438598573077,0.036363636,0.0263208776246799,"080810A",3.35,0.638489256954637
"080905B",3.67820615,22.33533151,-10.11125904,1.78,-0.301029996,1.36946226,2.10720996964787,0.375,1.86248,-5.744727495,13.5292004818978,498.867033661599,102.237559373982,3.1684,0.09061905849176,1.87542688156431,4.44033385618337,0.140625,3.4688317504,33.001893991809,0.095199838533423,0.03236457,0.038825489,0.033301752,0.00558525,0.0292454196637412,0.090909091,0.0526417557651133,"080905B",2.374,0.528145078253106
"080913A",4.39536004336078,21.81946365,-11.5223899585127,1.45,0.255272505,1.27619200667343,2.00945089579869,0.959839770558649,2.06008,-5.698970004,19.3191899107725,476.088993973671,132.765470356033,2.1025,0.065164051808975,1.62866603789715,4.03789290262617,0.921292385146079,4.2439296064,32.4782591064918,0.0334396932055774,0.835474944351683,0.621570510330795,0.340028577907015,0.229540706710866,0.0510934685037089,0.58,0.065802194705171,"080913A",6.73,0.888179493918325
"080916A",3.60698,21.7431239,-10.75269955,1.17,0.431363764,0.998947,1.77815125038364,0.83,1.88453,-5.397940009,13.0103047204,472.763436930751,115.62054761257,1.3689,0.186074696892248,0.997895108809,3.16182186924092,0.6889,3.5514533209,29.1377563407629,0.0457883734550316,0.0592,0.073495,0.0260505,0.01,0.00658021942774567,0.127272727,0.0194969464108742,"080916A",0.6887,0.227552503379865
"080928A",4.08450503,21.51035195,-11.1260984,1.77,0.322219295,1.76031774,2.44715803134222,0.99,2.13864,-5.602059991,16.6831813400953,462.695241012869,123.790065606483,3.1329,0.103825274070297,3.09871854575871,5.98858243036273,0.9801,4.5737810496,31.3830761427629,0.0322625499166263,0.064484035,0.047916769,0.075970735,0,0.0210567021369837,0.072727273,0.0125337513552694,"080928A",1.692,0.430075055551939
"081007A",3.58176278,21.69605744,-10.58502665,2.51,0.414973348,1.00469263,1,0.92,2.102,-6.148741651,12.8290246121933,470.718908439779,112.04278918121,6.3001,0.172202879550329,1.00940728077632,1,0.8464,4.418404,37.8070238907422,0.127558078741005,0.053161115,0.084284398,0.039134851,0.005,0.0296573269567103,0.121212121,0.0404936579127324,"081007A",0.5295,0.184549481320698
"081008A",3.85550833,21.1376737,-10.79317412,1.69,0.113943352,1.47398467,2.26834391395106,0.84,1.98207,-5.366531544,14.8649444826994,446.801249447672,116.492607584638,2.8561,0.0129830874649959,2.17263080739501,5.14538411195884,0.7056,3.9286014849,28.799660812747,0.0944541322659323,0.06052989,0.056285684,0.063988679,0.025,0.0122422686816868,0.042424242,0.0202468291390677,"081008A",1.9685,0.472537053262077
"081028A",4.75426,20.90308999,-11.3994,1.25,-0.301029996,2.20023,2.41497334797082,0.945,2.51,-5.431798276,22.6029881476,436.939171130038,129.94632036,1.5625,0.09061905849176,4.8410120529,5.83209627140938,0.893025,6.3001,29.5044325111566,0.0544346314348955,0.0572,0.03025,0.054715,5e-04,0.0142275014568467,0.23030303,0.0526417557651133,"081028A",3.038,0.60616631460762
"081029A",4.48156171,21.49704581,-11.86327943,1.43,-0.301029996,2.51960373,2.43136376415899,0.87,1.95818,-5.677780705,20.0843953605381,462.122978557239,140.737398834261,2.0449,0.09061905849176,6.34840295622991,5.91152975366536,0.7569,3.8344689124,32.2371937340703,0.0734806588231774,0.083250805,0.04285341,0.169198521,0.001,0.0250675025476,0.109090909,0.105283510661638,"081029A",3.8479,0.685553652846326
"081109A",3.98832983023023,21.71466751,-10.8639834188585,3.08,0.556302501,1.97012879100137,1.70070371714502,0.917940270744509,1.95996,-5.552841969,15.9067748347043,471.52678506985,118.026135725232,9.4864,0.309472472618855,3.88140745313251,2.89239313351089,0.842614340654502,3.8414432016,30.8340539326878,0.0861743624797326,0.827185516096811,0.61713858749426,0.640627738522745,0.225394210207841,0.0658021941832558,0.17,0.144764827428965,"081109A",0.98,0.296665190261531
"081203A",4.02089,21.66176916,-10.9243983,1.54,0.462397998,1.86904,2.46834733041216,0.82,2.03508,-5.113509275,16.1675563921,469.232243141127,119.342478217043,2.3716,0.213811908554408,3.4933105216,6.09273854355282,0.6724,4.1415506064,26.147977105511,0.12256244375552,0.05695,0.03932,0.064395,0.0325,0.0102548874161921,0.036363636,0.0181523294061522,"081203A",2.1,0.491361693834273
"081221A",2.93195749,21.57331844,-9.354577731,1.21,1.260071388,1.23586126,1.53147891704226,0.991,2.4947,-4.742321425,8.5963747231671,465.408068513644,87.5081245253211,1.4641,1.58777990285625,1.52735305396879,2.34542767334492,0.982081,6.22352809,22.489612498014,0.0102431891779573,0.0249855,0.031176651,0.012861856,5e-04,0.00436257641157646,0.078787879,0.00723101035372789,"081221A",2.26,0.513217600067939
"081228A",3.40760454754527,21.21643247,-10.9063213159454,1.78,0.814247596,1.33954865647793,0.99211148778695,0.974046229821116,2.03418,-5.548213564,11.6117687524512,450.13700675407,118.947844646645,3.1684,0.662999147591779,1.79439060307182,0.984285204198835,0.94876605782873,4.1378882724,30.7826737517536,0.202660966173494,0.796941891158412,0.591827966362107,0.323894322748471,0.23294878354463,0.0501350050952,0.139393939,0.144764827428965,"081228A",3.44,0.64738297011462
"081230A",3.66959365,20.67248024,-11.32975415,1.97,-0.15490196,0.99376498,1.78318869107526,1.02,2.08621,-6.086186148,13.4659175561203,427.35143927319,128.363329099442,3.8809,0.0239946172118416,0.9875688354744,3.17976190797869,1.0404,4.3522721641,37.0416618281071,0.0985519956259729,0.0701444,0.08735027,0.040381418,0.02,0.0256789050871822,0.096969697,0.0376012540900799,"081230A",2.1,0.491361693834273
"090102A",3.15380077,21.72376179,-9.457174573,1.36,0.740362689,1.42487631,1.43136376415899,0.667,1.76997,-7.167491087,9.94645929685259,471.921826308664,89.4381509041977,1.8496,0.548136911263311,2.03027249879922,2.04880222534738,0.444889,3.1327938009,51.3729284822244,0.0360303570814986,0.036239983,0.041590346,0.021786596,0.002673458,0.0116121519146922,0.048484848,0.0382849130607791,"090102A",1.547,0.406028944963615
"090205A",3.70655,21.81792086,-11.3419886,2.15,-0.301029996,1.29089,0.944482672150169,1.01,2.03416,-6.721246399,13.7385129025,476.021670653223,128.64070540253,4.6225,0.09061905849176,1.6663969921,0.892047517991923,1.0201,4.1378069056,45.1751531560705,0.0885407573811254,0.13445,0.114585,0.084185,0.025,0.0415592805603905,0.139393939,0.0526417557651133,"090205A",4.6497,0.752025387323213
"090313A",3.64134122179907,21.08891889,-10.2865995752338,1.21,1.1430148,1.21689401033555,2.23894889831176,0.931695612711147,1.88733,-4.928117993,13.2593658935732,444.742499948999,105.814130821199,1.4641,1.30648283301904,1.48083103239054,5.01289216925145,0.8680567147452,3.5620145289,24.2863469529303,0.269476254010303,0.785580100887332,0.601546963755422,0.321706516322964,0.227868711433463,0.0894135698123102,0.278787879,0.144764827428965,"090313A",3.38,0.6414741105041
"090418A",3.52813657,22.02365981,-10.04720756,1.48,0.278753601,1.52909667,1.7481880270062,0.98,2.03408,-5.337242168,12.4477476565714,485.041591426609,100.946379753721,2.1904,0.0777035700704672,2.33813662620509,3.05616137776783,0.9604,4.1374814464,28.4861539598773,0.032023099707459,0.028659405,0.030759021,0.042154514,0.003531332,0.0114438598573077,0.042424242,0.0415592806019498,"090418A",1.608,0.416307587059883
"090423A",3.91521772,22.7516324,-11.2798407,0.8,0.230448921,1.43267533,1.01283722470517,0.77,1.8158,-6.229147988,15.328929795002,517.63677686473,127.234806217376,0.64,0.0531067051900642,2.05255860119061,1.02583924374848,0.5929,3.29712964,38.8022846564045,0.0447672759398327,0.08569564,0.077643595,0.064053366,0.005,0.017844662826724,0.303030303,0.0309657384329063,"090423A",8.26,0.966610986681934
"090424A",2.99599056,21.63012977,-9.050609993,1.19,1.851258349,1.1284106,1.68124123737559,0.924,1.96315,-4.677780705,8.97595943560911,467.86251386704,81.9135412453915,1.4161,3.42715747474221,1.27331048219236,2.8265720982522,0.853776,3.8539579225,21.8816323240703,0.020561192440785,0.011257098,0.013394814,0.005546887,0,0,0.090909091,0.00741433173843615,"090424A",0.544,0.188647295999717
"090516A",4.33113504,21.19589965,-11.27490548,1.84,0.204119983,1.76098314,2.32221929473392,0.502,2.09,-5.045757491,18.7587307347158,449.26616197287,127.123493582934,3.3856,0.0416649674599203,3.10106161936426,5.3927024528345,0.252004,4.3681,25.4596686579826,0.13235641353242,0.03779605,0.029715315,0.053351589,0.479087085,0.0175472518118213,0.066666667,0.0329010970302395,"090516A",4.109,0.708335902682263
"090519A",3.44619,22.13069392,-11.76000021,1.02,-0.22184875,1.42452,1.80617997398389,0.63,1.46604,-5.920818754,11.8762255161,489.767613380725,138.2976049392,1.0404,0.0492168678765625,2.0292572304,3.26228609842043,0.3969,2.1492732816,35.0560947177181,0.0559162050288593,0.21145,0.24029,0.3065,0.03,0.0219340647449938,0.121212121,0.0877362588943192,"090519A",3.85,0.685741738602264
"090529A",4.472757799,21.81792086,-12.1873998,2,-0.397940009,0.8815438,2,0.64,2.22623,-6.167491087,20.0055623285153,476.021670653223,148.53271388504,4,0.15835625076292,0.77711947131844,4,0.4096,4.9561000129,38.0379463082244,0.0457201049030991,0.11547934,0.21900534,0.113675222,0.125,0.0658021941832558,0.181818182,0.065802194705171,"090529A",2.625,0.559308010907013
"090530A",3.6839464,20.90942658,-11.16052195,1.61,0.397940009,0.88610581,1.68124123737559,1.09,2.03975,-5.958607315,13.571461078073,437.204119904411,124.557250196432,2.5921,0.15835625076292,0.785183506515756,2.8265720982522,1.1881,4.1605800625,35.5050011343715,0.323703994596272,0.089175625,0.115365029,0.038514202,0.035,0.023928070636996,0.103030303,0.0315850532370607,"090530A",1.266,0.355259905527378
"090618A",3.67275453,21.39200012,-9.640164518,1.42,1.589949601,1.30942861,2.05384642685225,0.8945,1.82831,-3.978810701,13.4891258376355,457.61766913408,92.9327719341062,2.0164,2.52793973372006,1.71460328468653,4.21828514509377,0.80013025,3.3427174561,15.8309345943921,0.00227712475506529,0.009695255,0.014245613,0.010591616,0.002482662,0.00250675025669951,0.048484848,0.00541303397821518,"090618A",0.54,0.187520720836463
"090726A",3.6149226191937,21.77771022,-10.5991429343319,1.77,0.113943352,1.28878477519945,0.819543935541869,0.986945379520451,2.03975,-6.48148606,13.0676655427582,474.268662426292,112.341830942397,3.1329,0.0129830874649959,1.66096619678589,0.671652262283455,0.974061182156768,4.1605800625,42.0096615459743,0.0605561232063109,0.780728491785435,0.59737926029967,0.331578228404545,0.233948449337867,0.0501350050952,0.4,0.065802194705171,"090726A",2.71,0.569373909615046
"090809A",4.56066,21.91952315,-11.8559,1.34,0.041392685,1.6367,0.732393759822969,0.96,1.94644,-6.468521083,20.7996196356,480.465495123386,140.56236481,1.7956,0.00171335437150922,2.67878689,0.536400619427624,0.9216,3.7886286736,41.8417650012155,0.0978170519847638,0.338,0.237865,0.319405,0.01,0.0387071730789222,0.145454545,0.0478561411902437,"090809A",2.737,0.572523097849638
"090812A",3.52924,21.77771022,-10.16730017,1.24,0.556302501,1.37252,1.82412583391655,0.53,1.88559,-5.236572006,12.4555349776,474.268662426292,103.373992746882,1.5376,0.309472472618855,1.8838111504,3.32743505796175,0.2809,3.5554496481,27.4216863740229,0.0954430381792181,0.10615,0.13258,0.08412,0.015,0.00907616471193707,0.03030303,0.0146227097949671,"090812A",2.452,0.538070787043172
"090927A",4.20121889,21.01785522,-11.6716204,1.8,0.301029996,1.13087741,0.342422680822206,0.92,2.06549,-6.698970004,17.6502401616928,441.750238048881,136.226722761696,3.24,0.09061905849176,1.27888371644831,0.117253292341467,0.8464,4.2662489401,44.8761991144918,0.079140097248206,0.076268475,0.093241949,0.074843971,0.01,0.0394813165061122,0.121212121,0.0263208776246799,"090927A",1.37,0.374748346010104
"091018A",2.89655535,21.19187281,-9.627087997,1.77,1.012837225,1.18074867,0.643452676486187,0.91,1.98015,-5.853871964,8.39003289561362,449.095473195217,92.6808233019815,3.1329,1.0258392443457,1.39416742170677,0.414031346877238,0.8281,3.9209940225,34.2678169709052,0.0593271632973848,0.024288603,0.034497878,0.016335114,0.002061639,0.0188006269082896,0.145454545,0.0102217000493888,"091018A",0.971,0.294686624279443
"091020A",2.95265011,21.70587483,-9.71219827,1.53,0.62324929,1.17417264,1.53907609879278,0.895,2.08587,-5.431798276,8.71814267208301,471.145002135627,94.326795235791,2.3409,0.388439677485504,1.37868138852457,2.36875523787519,0.801025,4.3508536569,29.5044325111566,0.0611908230548872,0.034480687,0.045271255,0.018244861,0.002182887,0.00711375072842337,0.042424242,0.0188006269582444,"091020A",1.71,0.432969290874406
"091024A",3.83074061161209,21.96198081,-10.1855529891299,1.4,0.255272505,1.58406284437556,1.69897000433602,0.878666286787889,2.00403,-5.63638802,14.6745736334542,482.328601098808,103.745489694372,1.96,0.065164051808975,2.50925509493119,2.88649907563353,0.772054443537617,4.0161362409,31.7688699119995,0.0692396239964869,0.784232101010277,0.608501885794009,0.324328990956475,0.23048524494157,0.0394813165204961,0.084848485,0.0526417553674108,"091024A",1.09,0.320146286111054
"091029A",4.30368998,21.45058625,-11.34678749,1.46,0.255272505,1.12123368,1.59328606702046,1.064,2.11535,-5.619788758,18.5217474439524,460.127650468689,128.74958634322,2.1316,0.065164051808975,1.25716496516634,2.53856049136152,1.132096,4.4747056225,31.5820256845432,0.0535069670692151,0.02563352,0.034224003,0.026782025,0.002,0.0109670323640116,0.163636364,0.0146227099269182,"091029A",2.752,0.574262829707027
"091109A",3.37933883,21.89596701,-11.14630179,1.31,0.113943352,1.06152816,1.68124123737559,0.89,1.96352,-5.795880017,11.4199309279458,479.433371303008,124.240043593757,1.7161,0.0129830874649959,1.12684203447299,2.8265720982522,0.7921,3.8554107904,33.5922251714599,0.151171637033423,0.05941034,0.074268877,0.033719571,0.03,0.0329010970878164,0.151515152,0.0809873158881255,"091109A",3.076,0.610234175334389
"091127A",3.98466812,20.87872913,-9.844663963,2.05,1.667452953,1.39581701,0.851258348719075,0.758,1.80187,-5.045757491,15.8775800265443,435.921330083911,96.9174085443909,4.2025,2.78039935046842,1.94830512540534,0.724640776263927,0.574564,3.2467354969,25.4596686579826,0.00919722887858148,0.018562516,0.021935207,0.013587309,0.00244132,0.00877362590591064,0.042424242,0.0152830902649864,"091127A",0.49,0.173186268412274
"091208B",3.31388094,21.91211094,-10.18045606,1.74,1.181843588,1.1606541,1.17318626841227,0.86,2.03333,-5.48148606,10.9818068844953,480.140605846868,103.641685589591,3.0276,1.39675426649671,1.34711793984681,1.37636602039112,0.7396,4.1344308889,30.0466894259743,0.0844607533808763,0.036806415,0.052928177,0.030502454,0.034663611,0.0159520470810336,0.066666667,0.0173163668981098,"091208B",1.063,0.314499227973151
"100219A",4.7218991,21.87736847,-12.13548892,1.34,-0.397940009,1.35481,1.27415784926368,0.46,1.58721,-6.431798276,22.2963311105808,478.61925117215,147.270091327443,1.7956,0.15835625076292,1.8355101361,1.62347822484025,0.2116,2.5192355841,41.3680290631566,0.153567256521456,0.326395625,0.103773463,0.730853403,0.005,0.0426825043705403,0.151515152,0.065802194705171,"100219A",4.6667,0.753330221324521
"100316B",3.5543767,21.41315218,-11.1481304,2.23,0.113943352,1.36246063,0.57978359661681,1.08,2.23535,-6.698970004,12.6335937255029,458.523086283839,124.280811415404,4.9729,0.0129830874649959,1.8562989683,0.336149018905924,1.1664,4.9967896225,44.8761991144918,0.0508837166213357,0.10431242,0.207348761,0.13322096,0.02,0.0263208776707414,0.109090909,0.0202468291390677,"100316B",1.18,0.338456493604605
"100316D",4.69897251923629,21.35034301,-10.8880724003258,1.61,-0.27572413,1.84067108842269,1.27415784926368,0.925339207422517,1.94644,-5.602059991,22.0803427365378,455.837146644656,118.550120594737,2.5921,0.0760237958642569,3.38807005575519,1.62347822484025,0.856252648793332,3.7886286736,31.3830761427629,0.0132262962918312,0.803285473761195,0.6211327130978,0.34650879515893,0.225574115311384,0.0438681294899875,0.151515152,0.065802194705171,"100316D",0.06,0.0253058652647703
"100418A",5.54363,21.01365445,-12.48811664,2.16,0,1.81145,0.845098040014257,0.84,2.26662,-6.468521083,30.7318335769,441.573673344005,155.953057214245,4.6656,0,3.2813511025,0.714190697235938,0.7056,5.1375662244,41.8417650012155,0.0597638752654211,0.10745,0.075475,0.16786,0.01,0.0387071730789222,0.151515152,0.0526417552900893,"100418A",0.6235,0.21045229296202
"100425A",3.60199415,20.53466438,-11.50168945,2.42,0.146128036,0.86819371,1.568201724067,1.46,2.17077,-6.327902142,12.9743618566342,421.672441199241,132.288860204241,5.8564,0.0213534029052173,0.753760318083564,2.4592566473667,2.1316,4.7122423929,40.0423455187282,0.0442926372656583,0.070859065,0.115125536,0.055076895,0.035,0.0504016806776366,0.193939394,0.037601253750777,"100425A",1.755,0.440121603187804
"100508A",3.84194921121396,21.91211094,-10.8517434454491,1.45,0.861534411,1.1782026139447,1.61172330800734,0.835410240223385,2.10553,-5.148741651,14.7605737415476,480.140605846868,117.760335805848,2.1025,0.742241541337117,1.38816139950612,2.59765202157413,0.697910269470094,4.4332565809,26.5095405887422,0.0285379269892753,0.787713705947776,0.618446352907823,0.365381403517091,0.229111511465508,0.0842660934455674,0.18,0.144764827428965,"100508A",0.5201,0.181872159010334
"100513A",3.74522911,22.05240534,-11.57186521,1.62,-0.22184875,0.96306136,1.92427928606188,1.36,2.25722,-5.853871964,14.0267410863914,486.30858127966,133.908064438408,2.6244,0.0492168678765625,0.92748718312505,3.70285077076682,1.8496,5.0950421284,34.2678169709052,0.0768849139192809,0.09817689,0.128616618,0.061569437,0.025,0.0188006269082896,0.084848485,0.0438681298090717,"100513A",4.772,0.761326322421457
"100621A",3.64164386,22.28454803,-9.804100348,1.9,1.10720997,0.94079321,1.80345711564841,0.27,2.3024,-4.677780705,13.2615700030757,496.601080901377,96.1203836336537,3.61,1.2259139176674,0.885091863982104,3.2524575679829,0.0729,5.30104576,21.8816323240703,0.0114965181804537,0.041282476,0.060455075,0.024177265,0.150679792,0,0.018181818,0.00616895571002009,"100621A",0.542,0.188084373714938
"100704A",3.62503495,21.52730245,-10.35163999,1.73,0.633468456,1.01294211,2.29556709996248,1.29,2.11575,-5.22184875,13.1408783887215,463.424750773776,107.156450482567,2.9929,0.401282284747024,1.02605171821125,5.26962831043015,1.6641,4.4763980625,27.2677043678766,0.0511462885027281,0.04763446,0.053639373,0.01813996,0.01,0.00877362590478576,0.036363636,0.0122422686602628,"100704A",3.6,0.662757831681574
"100728A",4.03148606,21.52592288,-10.17587417,1.18,0.707570176,1.5588143,2.29776051109913,0.96,1.90402,-4.420216403,16.2528798519743,463.365355835707,103.548415123673,1.3924,0.500655553964671,2.42990202188449,5.27970336636655,0.9216,3.6252921604,19.5383130493503,0.0276692267800383,0.0760751,0.053762484,0.034265796,0.005,0,0.012121212,0.0103219128043059,"100728A",1.567,0.409425868671443
"100814A",5.22729477,20.89608288,-11.49349497,1.47,0.397940009,1.76532941,2.2417954312952,1.1425,1.89414,-5.045757491,27.3246106124694,436.646279727829,132.100426625415,2.1609,0.15835625076292,3.11638792581095,5.02564675577603,1.30530625,3.5877663396,25.4596686579826,0.0235643330368845,0.04362636,0.035347138,0.084015169,0.01745135,0.00584908393727375,0.024242424,0.0210567021001345,"100814A",1.44,0.387389826338729
"100816A",3.97801299,21.34783526,-11.5559552,0.73,1.037426498,1.04455013,0.462397997898956,1.09,1.91138,-5.698970004,15.8245873486087,455.730070288099,133.540100584407,0.5329,1.07625373875254,1.09108497408302,0.213811908460963,1.1881,3.6533735044,32.4782591064918,0.093024842605729,0.08674922,0.112014005,0.047175154,0.015,0.0131604388353707,0.145454545,0.00965903766658571,"100816A",0.804,0.256236533205923
"100901A",4.91124,21.53188109,-11.34103516,1.52,-0.096910013,1.50754,2.64246452024212,1.075,1.98285,-5.677780705,24.1202783376,463.6219032739,128.619078500356,2.3104,0.00939155061966017,2.2726768516,6.98261874073842,1.155625,3.9316941225,32.2371937340703,0.0223211438643939,0.0283,0.02425,0.036255,5e-04,0.0376012538214001,0.127272727,0.0658021941113909,"100901A",1.408,0.381656482585787
"100906A",3.94074768,21.96198081,-10.4698003,1.78,1.004321374,1.71220056,2.05842602445701,0.87,2.02817,-4.920818754,15.5294922774254,482.328601098808,109.61671832188,3.1684,1.00866142227325,2.93163075766431,4.23711769816187,0.7569,4.1134735489,24.2144572097181,0.00604043447967716,0.048743085,0.039933316,0.059340084,0,0,0.018181818,0.0104241099532164,"100906A",1.727,0.43568513794163
"101219B",4.42003952,20.49692965,-11.99567863,1.56,-0.22184875,0.66918137,1.53147891704226,0.94,1.85684,-5.677780705,19.5367493583618,420.124125077049,143.896305794239,2.4336,0.0492168678765625,0.447803705955077,2.34542767334492,0.8836,3.4478547856,32.2371937340703,0.0692396239964869,0.089446275,0.166829365,0.039390628,0.105,0.0501350050952,0.096969697,0.131604388703391,"101219B",0.55,0.190331698170291
"101225A",4.33304892244245,22.05240534,-11.3736117878053,1.89,0.113943352,1.081762148015,2.23426412437879,0.88669336058317,2.06584,-5.59345982,18.7753129642797,486.30858127966,129.359045099703,3.5721,0.0129830874649959,1.17020934487802,4.99193617748612,0.786225115702276,4.2676949056,31.2867927579544,0.032760188740062,0.800118678111731,0.628989393274306,0.334310647049546,0.227094115424487,0.0868588963917867,0.278787879,0.144764827428965,"101225A",0.33,0.123851640967086
"110106B",3.87203946,21.29748256,-10.81530857,1.76,0.322219295,1.22519883,1.39445168082622,1.03,2.05121,-5.698970004,14.9926895797971,453.582763393504,116.970899464315,3.0976,0.103825274070297,1.50111217303337,1.94449549015906,1.0609,4.2074624641,32.4782591064918,0.2911632385275,0.045543555,0.058714404,0.049891228,0.005,0.0131604388353707,0.066666667,0.0376012538590013,"110106B",0.618,0.208978517276253
"110205A",4.12222878013207,21.64321572,-10.9425788240247,1.43,-0.15490196,1.75677821119087,2.32221929473392,0.895041020124281,2.28823,-5.585026652,16.9927701157491,468.428786702455,119.740031319993,2.0449,0.0239946172118416,3.08626968331498,5.3927024528345,0.801098427705113,5.2359965329,31.1925227035503,0.0130126209875294,0.79091788200405,0.597330458143502,0.33773541137999,0.223643919184428,0.0438681294899875,0.103030303,0.065802194705171,"110205A",2.21,0.506505032404872
"110213A",3.84089,21.56708403,-9.896196279,1.83,0.204119983,1.8412,1.68124123737559,1.1905,1.96436,-5.229147988,14.7524359921,465.139113557081,97.9347007924934,3.3489,0.0416649674599203,3.39001744,2.8265720982522,1.41729025,3.8587102096,27.3439886804045,0.144764827301084,0.03588,0.023515,0.02785,0.226362665,0.017844662826724,0.072727273,0.0987032913621525,"110213A",1.46,0.390935107103379
"110422A",3.50066971,22.02088312,-9.681936665,0.86,1.487138375,1.42239886,1.41329976408125,0.778,1.89199,-4.387216143,12.2546884185115,484.919293384701,93.7398975850713,0.7396,2.21158054639764,2.0232185169293,1.99741622315212,0.605284,3.5796261601,19.2476654853998,0.00950159657498538,0.024137407,0.029472713,0.022779716,0.005,0.00641972626198059,0.060606061,0.00857357580371156,"110422A",1.77,0.442479769064449
"110503A",2.54166555,21.13638759,-9.08249449,0.88,0.130333768,1.14649063,1,0.687,1.90907,-5,6.4600637680568,446.746880354706,82.4917061608804,0.7744,0.0169868910810778,1.3144407646778,1,0.471969,3.6445482649,25,0.147896600362852,0.028998071,0.028887961,0.006289914,0.001,0.0105283510764424,0.151515152,0.0116981677590657,"110503A",1.613,0.417139409727326
"110715A",2.61109719,22.0746007,-9.075720714,1.25,1.731588765,0.95853538,1.11394335230684,0.755,1.85342,-4.928117993,6.8178285356259,487.287996064441,82.3687064785287,1.5625,2.99839965107422,0.918790074711744,1.24086979214859,0.570025,3.4351656964,24.2863469529303,0.133629071354847,0.02377653,0.035600881,0.009554076,0.0015,0.00446116571350155,0.072727273,0.00537160769705798,"110715A",0.82,0.260071387985075
"110726A",3.55827071374676,22.00679538,-10.7263616556889,0.9,-0.22184875,1.08793065956226,1.92427928606188,0.852982066790967,2.0457,-5.920818754,12.6612904723079,484.299042897189,115.054834368634,0.81,0.0492168678765625,1.18359312001558,3.70285077076682,0.727578406266989,4.18488849,35.0560947177181,0.0132262962918312,0.791912376723641,0.602901712374331,0.330539157307387,0.226553874244627,0.0169812114071368,0.018181818,0.0877362588943192,"110726A",1.036,0.308777773664721
"110731A",5.08952072,21.95954126,-12.08512818,1.15,1.041392685,1.42351927,1.58883172559421,0.39,1.85145,-5.22184875,25.9032211593093,482.221452349642,146.05032312703,1.3225,1.08449872437151,2.02640711206133,2.52438625225467,0.1521,3.4278671025,27.2677043678766,0.130539784510126,0.097418495,0.090702815,0.110855301,0.13,0.00438681295239289,0.03030303,0.00717842119827721,"110731A",2.83,0.583198773968623
"110801A",3.85800981238743,21.34755638,-10.4210927868045,2.04,0.146128036,1.56948002709827,0.643452676486187,0.939307359937664,1.98504,-6.48148606,14.8842397124777,455.718163397279,108.599174871188,4.1616,0.0213534029052173,2.46326755546038,0.414031346877238,0.882298316433063,3.9403838016,42.0096615459743,0.0299157959458657,0.792158735604408,0.608196293348684,0.324248831521333,0.227729142017067,0.0510934685037089,0.151515152,0.144764827428965,"110801A",1.858,0.456062224454951
"110808A",4.50711,21.65363309,-12.08440021,2.32,-0.397940009,0.807091,1.68124123737559,1.4,2.33721,-6.48148606,20.3140405521,468.879825996343,146.032728435448,5.3824,0.15835625076292,0.651395882281,2.8265720982522,1.96,5.4625505841,42.0096615459743,0.204728382142163,0.0837,0.155655,0.0776,0.025,0.0638081883241343,0.260606061,0.131604388324606,"110808A",1.348,0.370698092575577
"110818A",3.84627415,22.06812647,-11.28316228,1.58,0.204119983,1.37167718,2.01283722470517,0.83,1.95985,-5.397940009,14.7938248369582,487.002205895915,127.309751036815,2.4964,0.0416649674599203,1.88149828613275,4.05151369315882,0.6889,3.8410120225,29.1377563407629,0.0761271871111022,0.05514905,0.059648416,0.067338189,0.01,0.0131604388554913,0.066666667,0.0493516456810763,"110818A",3.36,0.639486489268586
"111008A",3.98993393,22.17059025,-10.66756154,1.86,0.806179974,1.21584288,1.80250006776439,0.829,1.94053,-5.27572413,15.9195727657652,491.535072033395,113.796869209687,3.4596,0.649926150478641,1.47827390884669,3.24900649429064,0.687241,3.7656566809,27.8332650958643,0.0161841208084427,0.028511085,0.035676696,0.027351291,0.001,0.0148986100001386,0.054545455,0.0287884599571287,"111008A",4.9898,0.777412321496744
"111107A",3.53131336709198,21.20847898,-10.7248414939784,1.35,0.595496222,1.10134217299602,1.2148438480477,0.935403071863093,2.45742,-5.795880017,12.4701740966025,449.799580645102,115.02222507096,1.8225,0.354615750416273,1.21295458201959,1.47584557513934,0.87497890685091,6.0389130564,33.5922251714599,0.0559162050288593,0.806390619571828,0.605142549618797,0.33208882400523,0.220249918541631,0.0421545307074316,0.181818182,0.065802194705171,"111107A",2.893,0.590284403718162
"111123A",4.42202873,21.35034301,-11.60730305,1.68,-0.045757491,1.46723371,2.46239799789896,1.25,2.55463,-5.13667714,19.5543380889454,455.837146644656,134.729484094539,2.8224,0.00209374798261508,2.15277475976036,6.06340390005679,1.5625,6.5261344369,26.3854520405986,0.131921983968531,0.07308827,0.070655771,0.105884147,0.005,0.0108167990541397,0.042424242,0.029245419876464,"111123A",3.1516,0.618215503279417
"111209A",4.13326,21.14009932,-9.057000407,1.48,-0.301029996,2.77382,3.14612803567824,0.2529,1.81212,-4.443697499,17.0838382276,446.903799259465,82.0292563723982,2.1904,0.09061905849176,7.6940773924,9.89812161688061,0.06395841,3.2837788944,19.7464474626189,0.00916727683590926,0.02099,0.010455,0.04435,4.99999999999997e-05,0.00731135491027843,0.018181818,0.0526417557651133,"111209A",0.677,0.224533062606086
"111228A",4.10627835,21.41342718,-10.65757732,2.27,1.093421685,1.15297662,2.00518051250378,0.99,2.03824,-5.070581074,16.8615218876787,458.534863593163,113.583954331778,5.1529,1.19557098122824,1.32935508626662,4.02074888772492,0.9801,4.1544222976,25.710792428007,0.023242060923901,0.030118345,0.037264425,0.023299272,0,0.00619314768795071,0.036363636,0.0106132571364139,"111228A",0.714,0.234010817587179
"120118B",3.68307,21.451745,-10.95467702,2.08,0.342422681,1.0241,1.36660971039243,1.01,2.20884,-5.744727495,13.5650046249,460.177363545025,120.004948612516,4.3264,0.117253292463228,1.04878081,1.86762210053888,1.0201,4.8789741456,33.001893991809,0.366834332160994,0.1172,0.131765,0.077156,0.005,0.0146227098318706,0.066666667,0.0358921059636159,"120118B",2.943,0.595826777073223
"120119A",3.64646774254851,21.91375294,-10.5043362407221,1.48,1.041392685,1.51645141261907,1.76492298464989,0.919019404760086,1.83562,-5.431798276,13.2967269974468,480.212567915359,110.341079858148,2.1904,1.08449872437151,2.29962488683437,3.11495314174547,0.844596666325584,3.3695007844,29.5044325111566,0.0563106258528354,0.782194345404046,0.594936406879137,0.330038659189344,0.224387176370398,0.0248403283013014,0.121212121,0.0789626331522811,"120119A",3.1,0.612783856719735
"120327A",3.48517215,22.16619025,-10.15181088,1.52,0.591064607,1.44859414,1.79865064544527,0.63,1.75797,-5.443697499,12.1464249151356,491.339990199195,103.059264143286,2.3104,0.349357369648064,2.09842498244234,3.23514414436068,0.3969,3.0904585209,29.6338424606189,0.0519338355314378,0.04362492,0.051679097,0.058002882,0.02,0.00731135491027843,0.036363636,0.0134978859726414,"120327A",2.813,0.581266805273671
"120404A",3.79948,21.70983536,-11.02687215,1.85,0.079181246,1.90651,1.58771096501891,0.69,1.89579,-5.795880017,14.4360482704,471.316951358306,121.591909412446,3.4225,0.00626966971811252,3.6347803801,2.52082610844128,0.4761,3.5940197241,33.5922251714599,0.179553274171887,0.11705,0.068285,0.121385,0.005,0.0164505485439082,0.078787879,0.0438681294132183,"120404A",2.876,0.588383768378728
"120422A",5.23266697,20.79066861,-12.73992861,1.19,-0.22184875,0.86153199,0.728353782021228,1.1,2.32199,-6.638272164,27.380803618929,432.251901250839,162.305780987897,1.4161,0.0492168678765625,0.74223736979336,0.530499231784627,1.21,5.3916375601,44.0666573233372,0.181516258611527,0.11830242,0.217818621,0.214451933,0.035,0.0457754394646476,0.145454545,0.0877362588943192,"120422A",0.283,0.108226656374928
"120711A",3.98916576847715,20.99642367,-10.8853199401505,1.37,-0.259637311,1.29968377054099,1.64836001098093,0.859778906767753,1.94468,-5.853871964,15.9134435283899,440.849806930136,118.490190199438,1.8769,0.0674115332633107,1.68917790340766,2.71709072580106,0.739219768522752,3.7817803024,34.2678169709052,0.0734806588231774,0.789288818989204,0.601366832769709,0.34353019776589,0.221513999647057,0.0438681294899875,0.115151515,0.065802194705171,"120711A",1.405,0.381115080709851
"120729A",3.52138487,21.34792103,-10.29756946,1.62,0.462397998,2.26312734,1.85430604180108,0.645,1.8831,-5.619788758,12.4001514026649,455.733732303116,106.039936783525,2.6244,0.213811908554408,5.12174535705548,3.43845089665999,0.416025,3.54606561,31.5820256845432,0.223182009809232,0.06906832,0.047294772,0.130088482,0.013331067,0.0109670323640116,0.048484848,0.0181523294061522,"120729A",0.8,0.255272505103306
"120802A",3.53838419,22.12127744,-11.17198494,1.21,0.477121255,0.54215516,1.69897000433602,0.91,2.03526,-5.721246399,12.520162676042,489.350915577453,124.813247499587,1.4641,0.227644691972775,0.293932217514626,2.88649907563353,0.8281,4.1422832676,32.7326603580705,0.269476254010303,0.07803221,0.220557212,0.11816229,0.055,0.0415592805603905,0.284848485,0.0175472517520363,"120802A",3.796,0.680879174426811
"120811C",3.15909591,21.91722026,-10.14327111,1.4,0.612783857,1.01613299,1.42813479402879,0.65,1.92121,-5.522878745,9.97988696857873,480.364543925354,102.885948810961,1.96,0.375504055399796,1.03252625336634,2.03956898991565,0.4225,3.6910478641,30.5021896319728,0.0598545187455953,0.05294686,0.084200302,0.03800099,0.090734018,0.026320877674116,0.181818182,0.0128394525014921,"120811C",2.671,0.564784384503987
"120815A",3.58090636615568,22.05240534,-10.643378176534,1.51,-0.22184875,1.06131526219266,2.02530586526477,0.898201874731595,1.88733,-6.008773924,12.8228904031742,486.30858127966,113.281499008721,2.2801,0.0492168678765625,1.12639008576308,4.10186384787588,0.806766607771352,3.5620145289,36.1053640697424,0.0875106835217229,0.776676127656796,0.598038441557092,0.334707377492856,0.223572282716502,0.017844662826724,0.018181818,0.0877362588943192,"120815A",2.36,0.526339277389844
"120907A",3.2113827,21.0438101,-10.37675071,1.73,0.462397998,1.05329104,1.22788670461367,0.78,1.82021,-6.173925197,10.3129788458593,442.841943524862,107.676955297485,2.9929,0.213811908554408,1.10942201494428,1.50770575936703,0.6084,3.3131644441,38.1173523381515,0.0352171865714314,0.04130341,0.062296694,0.028647271,0.005,0.0432133812541372,0.151515152,0.0363046588123045,"120907A",0.97,0.294466226161593
"120922A",3.59799,21.0163605,-10.59516628,1.58,0.301029996,1.06622,2.2380461031288,1.17,2.06954,-5.207608311,12.9455320401,441.68740866596,112.257548500849,2.4964,0.09061905849176,1.1368250884,5.00885035972999,1.3689,4.2829958116,27.1191843207963,0.0759139130615947,0.16365,0.133375,0.03563,0.005,0.0297171200079232,0.218181818,0.0263208776246799,"120922A",3.1,0.612783856719735
"121024A",4.17178823,21.94617755,-11.31158018,1.41,0.113943352,1.30353551,1.83884909073726,0.87,2.00683,-5.958607315,17.4038170359665,481.634709056124,127.951846168569,1.9881,0.0129830874649959,1.69920482583096,3.38136597850523,0.7569,4.0273666489,35.5050011343715,0.201804932881205,0.063305895,0.065435085,0.06666149,0,0.023928070636996,0.133333333,0.0404936579440628,"121024A",2.298,0.5182506513085
"121027A",5.40919042,22.07736427,-11.92081875,1.82,0.113943352,1.50995764,1.79657433321043,1.16,2.37144,-5.698970004,29.2593409998198,487.410013110273,142.105919670352,3.3124,0.0129830874649959,2.27997207459437,3.2276793347505,1.3456,5.6237276736,32.4782591064918,0.0334396932055774,0.041584155,0.037953731,0.058939694,0,0.0131604388353707,0.054545455,0.0404936579440628,"121027A",1.773,0.442949869577862
"121128A",3.23392922,22.04029767,-9.617982957,1.32,1.11058971,1.54546584,1.36735592102602,0.9455,1.98504,-5.161150909,10.4582981999698,485.774721382207,92.5055961611425,1.7424,1.23340950395788,2.38846466260691,1.86966221476491,0.89397025,3.9403838016,26.6374787054715,0.030393384687225,0.028690024,0.029795568,0.032445001,0.010337721,0.0152584798116998,0.109090909,0.00816151245369952,"121128A",2.2,0.505149978319906
"121211A",4.20933518,21.66138196,-11.2823295,2.36,0,1.15615612,2.26007138798507,0.95,2.0682,-5.886056648,17.7185026575856,469.215468417013,127.29095894657,5.5696,0,1.33669697381345,5.10792267878878,0.9025,4.27745124,34.645662863465,0.0937486856167922,0.054250775,0.063247159,0.074602829,0.005,0.0540590334499272,0.157575758,0.0789626331522811,"121211A",1.023,0.305995882770805
"121217A",3.64890891237636,21.08891889,-10.5969691561563,1.47,0.294466226,1.11650034584075,2.26834391395106,0.911860744804798,2.06584,-5.431798276,13.3145362508196,444.742499948999,112.295755296529,2.1609,0.0867103582546831,1.24657302226252,5.14538411195884,0.831490017915961,4.2676949056,29.5044325111566,0.0421049044034134,0.795574097606822,0.597919400791734,0.325069966515506,0.225057952117321,0.0438681294899875,0.218181818,0.065802194705171,"121217A",3.1,0.612783856719735
"130215A",4.53662770957163,22.3877421,-11.1923725234257,1.35,0.113943352,1.82422644915759,1.68124123737559,0.930875842899076,1.84304,-5.869666232,20.5809909752531,501.210996336112,125.269202703135,1.8225,0.0129830874649959,3.32780213780612,2.8265720982522,0.866529834893066,3.3967964416,34.4529816750811,0.0660733688053005,0.807619584961964,0.623371035810341,0.431182268106599,0.228165683605448,0.0248403283013014,0.036363636,0.100638650276148,"130215A",0.6,0.204119982655925
"130408A",3.58393,20.06405721,-10.32975415,1.28,0.69019608,1.39277,1.44715803134222,0.945,2.03183,-5.638272164,12.8445542449,402.566391726153,106.703820799442,1.6384,0.476370628847366,1.9398082729,2.09426636767829,0.893025,4.1283331489,31.7901129953372,0.202660966173494,0.077,0.070305,0.0643,0.117120218,0.0457754394646476,0.157575758,0.05371607691878,"130408A",3.757,0.677333151419902
"130418A",2.59006,21.12149747,-9.247183569,2.07,-0.22184875,1.28449,2.47712125471966,0.198,1.68684,-5.744727495,6.7084108036,446.117655375216,85.5104039587836,4.2849,0.0492168678765625,1.6499145601,6.13612971058392,0.039204,2.8454291856,33.001893991809,0.0667193561709255,0.06047,0.06867,0.031625,0.003,0.0292454196637412,0.103030303,0.0877362588943192,"130418A",1.218,0.345961541813141
"130420A",3.56731,20.79265849,-10.8728952,1.52,0.531478917,0.914676,2.09166695759568,1.17,2.29559,-5.148741651,12.7257006361,432.334647081769,118.219850030183,2.3104,0.282469839215493,0.836632184976,4.37507066149759,1.3689,5.2697334481,26.5095405887422,0.0412728533734682,0.05505,0.08535,0.0286905,0.005,0.0111214976087664,0.151515152,0.0154828692044739,"130420A",1.297,0.361160995195026
"130427A",3.99565951219172,20.49692965,-10.2224123288718,1.95,0.806179974,1.39960721560758,2.23894889831176,0.893726137369275,1.81426,-5.113509275,15.9652949373682,420.124125077049,104.49771382147,3.8025,0.649926150478641,1.95890035798082,5.01289216925145,0.798746408617005,3.2915393476,26.147977105511,0.0249708024012773,0.801987747614133,0.596498542351561,0.318755198824172,0.22220614282072,0.0510934685037089,0.4,0.065802194705171,"130427A",0.34,0.127104798364808
"130505A",3.24559,20.71960885,-8.91721463,1.18,1.477121255,1.3304,1.94448267215017,0.724,1.92439,-4.677780705,10.5338544481,429.302190896998,79.516716757486,1.3924,2.18188720197277,1.76996416,3.78101286229226,0.524176,3.7032768721,21.8816323240703,0.573753494860134,0.014975,0.024355,0.01565,0,0.0125337512738,0.042424242,0.027198240266324,"130505A",2.27,0.514547752660286
"130511A",2.65954,21.01365445,-10.51570016,1.35,0.113943352,1.16497,0.734799829588847,0.65,2.06879,-6.657577319,7.0731530116,441.573673344005,110.579949855024,1.8225,0.0129830874649959,1.3571551009,0.539930789563798,0.4225,4.2798920641,44.3233357584632,0.176931769719328,0.0838,0.089385,0.04916,0.01,0.0478561412369649,0.187878788,0.0404936579440628,"130511A",1.3033,0.362350507594848
"130514A",3.68772,21.19799139,-10.7212464,1.8,0.447158031,1.17745,2.3096301674259,0.65,2.0604,-5.040958608,13.5992787984,449.354838970514,114.945124369513,3.24,0.199950304687797,1.3863885025,5.33439151028379,0.4225,4.24524816,25.4112636875693,0.0272768816746671,0.078,0.078365,0.04188,0.08,0.00578480828803656,0.03030303,0.028200940433751,"130514A",3.6,0.662757831681574
"130604A",2.071571247,21.35024026,-8.316052869,1.51,-0.096910013,1.742079764,1.57634135020579,0.98,2.08823,-5.853871964,4.29140743139714,455.832759159725,69.1567353200031,2.2801,0.00939155061966017,3.0348419041383,2.48485205236862,0.9604,4.3607045329,34.2678169709052,0.0525216608426825,0.166441725,0.100184013,0.041653571,0.015,0.0188006269082896,0.072727273,0.0658021941113909,"130604A",1.06,0.313867220369153
"130606A",3.30222,20.24962877,-10.18045606,1.52,0.414973348,1.37571,2.44182077228928,0.44,1.86465,-5.537602002,10.9046569284,410.047465322812,103.641685589591,2.3104,0.172202879550329,1.8925780041,5.96248868398343,0.1936,3.4769196225,30.6650359325544,0.0303226794958065,0.06815,0.07782,0.05186,0.045,0.0181523294379188,0.072727273,0.0202468289563662,"130606A",5.913,0.839666556882433
"130702A",4.20636438462732,21.75351565,-10.5368975519988,1.28,0.113943352,1.42621282622865,1.59328606702046,0.844840665685034,1.88408,-5.958607315,17.6935013362612,473.215443134795,111.026210021318,1.6384,0.0129830874649959,2.03408302569912,2.53856049136152,0.713755750395132,3.5497574464,35.5050011343715,0.0249820977867784,0.801619066506638,0.605622779184701,0.322440897114556,0.225228303266962,0.0354526107425099,0.103030303,0.100638650276148,"130702A",0.15,0.0606978403536116
"130831A",3.31959,21.65033473,-9.89279003,1.93,1.133538908,1.28481,1.51188336097887,1.01,1.79449,-5.187086643,11.0196777681,468.736993921044,97.8672945776674,3.7249,1.28491045594983,1.6507367361,2.28579129720478,1.0201,3.2201943601,26.905867841989,0.0249128885171781,0.054815,0.089045,0.06727,0.009011148,0.000809873159060338,0.03030303,0.0116121519440579,"130831A",0.4791,0.16999753706657
"130925A",5.84588,21.99154725,-10.62525165,1.85,0.86332286,1.38344,2.25285303097989,1.5915,2.69002,-4.387216143,34.1743129744,483.628150448983,112.895972625828,3.4225,0.74532636059858,1.9139062336,5.07534677919529,2.53287225,7.2362076004,19.2476654853998,0.00859100615880472,0.06235,0.06424,0.12684,0.206936072,0.00641972626198059,0.084848485,0.0216335981299129,"130925A",0.347,0.129367595722986
"131030A",2.84594,20.84178667,-9.294136288,1.3,1.44870632,1.11188,1.61384182187607,0.693,2.09466,-4.537602002,8.0993744836,434.38007159779,86.3809693399184,1.69,2.09875000160794,1.2362771344,2.60448542603627,0.480249,4.3876005156,20.5898319285544,0.0427179076347192,0.025175,0.027575,0.00815,0.0075,0,0.018181818,0.006556802266626,"131030A",1.295,0.36078268987328
"131105A",3.9488,21.32749584,-10.91009489,1.45,0.544068044,1.19347,2.05037975626146,0.94,2.24976,-5.148741651,15.59302144,454.862078805217,119.030170508804,2.1025,0.296010036501986,1.4243706409,4.2040571448868,0.8836,5.0614200576,26.5095405887422,0.0158047698222509,0.03335,0.047885,0.04544,0.005,0.018535829347944,0.066666667,0.0451215046948386,"131105A",1.686,0.429106008332697
"131117A",2.87134,22.01669496,-10.838632,1.45,-0.15490196,0.951056,1.04139268515823,0.86,2.15896,-6.602059991,8.2445933956,484.734856961689,117.475943631424,2.1025,0.0239946172118416,0.904507515136,1.08449872470106,0.7396,4.6611082816,43.5871961247629,0.124850885271266,0.0823,0.12461,0.0362555,0.025,0.0421134042739674,0.854545455,0.0376012540900799,"131117A",4.042,0.702602841340427
"140206A",3.59073,22.00531353,-9.730487056,1.04,1.28780173,1.22509,1.97127584873811,0.672,1.88134,-4.795880017,12.8933419329,484.233823553601,94.6823783469835,1.0816,1.65843329579099,1.5008455081,3.88592847181814,0.451584,3.5394401956,23.0004651374599,0.0638117042913597,0.012995,0.021325,0.015545,0.021902336,0.00493516456317247,0.090909091,0.00678373136191891,"140206A",2.73,0.571708831808688
"140213A",3.829176603,20.99187128,-10.12551818,1.8,1.371067862,1.108879519,1.77815125038364,0.83,1.96657,-4.920818754,14.6625934569626,440.658659836089,102.526118413511,3.24,1.87982708220925,1.22961378765767,3.16182186924092,0.6889,3.8673975649,24.2144572097181,0.018986810867354,0.06303582,0.068643889,0.021746292,0.005,0,0.024242424,0.00896029879686819,"140213A",1.2076,0.343920385393226
"140419A",3.68383,22.04094236,-10.00568285,1.21,0.69019608,1.36898,1.97634997900327,0.678,1.87322,-4.795880017,13.5706034689,485.803140116842,100.113689294784,1.4641,0.476370628847366,1.8741062404,3.90595923950624,0.459684,3.5089531684,23.0004651374599,0.0175057628797337,0.023985,0.02442,0.017885,0.001,0,0.024242424,0.0107432153660297,"140419A",3.956,0.695131297704026
"140423A",3.90552,21.81946365,-10.85078089,1.33,0.322219295,1.18974,2.12710479836481,0.77,2.06486,-5.026872146,15.2530864704,476.088993973671,117.739445922789,1.7689,0.103825274070297,1.4154812676,4.52457482322659,0.5929,4.2636468196,25.2694435722306,0.0745819195311915,0.05035,0.05495,0.045115,0.149849463,0.00840028010644005,0.036363636,0.0250675025037319,"140423A",3.26,0.629409599102719
"140430A",4.14388,21.67796993,-11.36251027,2,0.397940009,0.875171,2.23954972084047,1.03,2.15785,-5.958607315,17.1717414544,469.934380285984,129.106639635855,4,0.15835625076292,0.765924279241,5.01558295211664,1.0609,4.6563166225,35.5050011343715,0.00923562857434798,0.0861,0.13071,0.0833725,0.035,0.0478561412739919,0.133333333,0.0210567021001345,"140430A",1.6,0.414973347970818
"140506A",3.30686,21.81764402,-9.903089987,1.68,1.037426498,0.948932,2.04571405894087,0.9,1.74751,-5.552841969,10.9353230596,476.009590583442,98.0711912906197,2.8224,1.07625373875254,0.900471940624,4.18494601094832,0.81,3.0537912001,30.8340539326878,0.0373575732783381,0.05516,0.06882,0.01557,0.047966029,0.0282009404055501,0.096969697,0.0217328347697396,"140506A",0.889,0.276231957921834
"140509A",3.58709,20.90144742,-11.09770006,1.59,0.204119983,1.40649,1.3654879848909,0.86,1.93407,-5.920818754,12.8672146681,436.870504251025,123.158946621724,2.5281,0.0416649674599203,1.9782141201,1.86455743688141,0.7396,3.7406267649,35.0560947177181,0.0968019365519981,0.08395,0.088715,0.10418,0.22,0.0438681294899875,0.121212121,0.065802194060479,"140509A",2.4,0.531478917042255
"140512A",3.53686,21.32824297,-9.504455662,1.45,0.832508913,1.25134,2.18977095634687,0.871,1.84304,-4.853871964,12.5093786596,454.893948187355,90.3346774309239,2.1025,0.693071090224441,1.5658517956,4.7950968412603,0.758641,3.3967964416,23.5600730429052,0.0134302087551698,0.01504,0.022285,0.02006,0.002482817,0.00564018807248688,0.024242424,0.0116121519263043,"140512A",0.725,0.236789099409293
"140518A",3.77824,22.46148952,-11.31158018,0.92,0,1.64981,1.78175537465247,0.94,1.93772,-6,14.2750974976,504.51851145707,127.951846168569,0.8464,0,2.7218730361,3.17465221510296,0.8836,3.7547587984,36,0.0174377429441569,0.09045,0.070125,0.18819,0,0.0263208776911062,0.36969697,0.0263208778621919,"140518A",4.707,0.756407872548958
"140614A",3.70006,20.48730103,-10.9589,1.5,-0.420216403,1.35595,2.85733249643127,0.83,1.77015,-5.886056648,13.6904440036,419.729503493839,120.09748921,2.25,0.176581825350258,1.8386004025,8.16434899516215,0.6889,3.1334310225,34.645662863465,0.0965452753437635,0.1129,0.098945,0.093145,0.05,0.0809873160298533,0.278787879,0.144764827428965,"140614A",4.233,0.718750734739665
"140629A",2.85608,21.74269921,-9.847711656,1.86,0.62324929,1.16056,1.6232492903979,0.815,1.95996,-5.619788758,8.1571929664,472.744968936535,96.9774248597183,3.4596,0.388439677485504,1.3468995136,2.63493825877729,0.664225,3.8414432016,31.5820256845432,0.11934296985134,0.042785,0.06161,0.03501,0.001678552,0.0219340647280231,0.066666667,0.025067502542057,"140629A",2.275,0.515211304327802
"140801A",3.90479434065681,21.05996459,-10.8440782709508,2.04,0.342422681,1.16819976385353,2,0.881118179751219,2.24976,-5.431798276,15.2474188428255,443.522108532054,117.594033546507,4.1616,0.117253292463228,1.36469068826744,4,0.776369246688101,5.0614200576,29.5044325111566,0.0605561232063109,0.796593048591223,0.603040211515551,0.332059522609551,0.22456636825286,0.0354526107425099,0.103030303,0.100638650276148,"140801A",1.32,0.3654879848909
"140907A",3.9165171783445,21.45692297,-10.6613361891277,1.54,0.230448921,1.2420981391189,2.26834391395106,0.942955639846034,2.04425,-5.790484985,15.3391068082676,460.399543340514,113.664089337605,2.3716,0.0531067051900642,1.54280778720263,5.14538411195884,0.889165338717443,4.1789580625,33.5297163615105,0.0745819195311915,0.799755389366727,0.593353942195063,0.315382132696304,0.22113642563126,0.0809873160298533,0.224242424,0.144764827428965,"140907A",1.21,0.344392273685111
"141004A",3.30337,21.49730845,-10.61083392,1.86,0.785329835,1.54959,0.593286067020457,1.08,1.79496,-6.173925197,10.9122533569,462.134270594441,112.589796477823,3.4596,0.616742949741127,2.4012291681,0.351988357320603,1.1664,3.2218814016,38.1173523381515,0.118918281379886,0.0853,0.081935,0.09774,0.005,0.0117854676147647,0.048484848,0.0129446939597113,"141004A",0.573,0.196728722623287
"141121A",5.76634,21.59590717,-12.65757732,1.73,-0.045757491,2.33322,2.74028371968188,0.82,1.93447,-5.27572413,33.2506769956,466.383206495257,160.214263611778,2.9929,0.00209374798261508,5.4439155684,7.50915486435356,0.6724,3.7421741809,27.8332650958643,0.0298708467608446,0.1675,0.090095,0.2969,0.01,0.0198648133335181,0.078787879,0.0877362591468426,"141121A",1.47,0.392696953259666
"141220A",2.77561,21.48574413,-9.872830386,0.62,0.949390007,1.42066,0.857935264719429,1.1,1.80565,-5.585026652,7.7040108721,461.63720081983,97.4727798307249,0.3844,0.90134138539146,2.0182748356,0.736052918449197,1.21,3.2603719225,31.1925227035503,0.0285379269892753,0.042455,0.057375,0.050735,0.07,0.0101234144958991,0.23030303,0.0207018138855974,"141220A",1.3195,0.365394376854778
"141221A",3.41492084622811,22.0746007,-10.2459208716378,1.86,0.079181246,1.38027921651567,2,0.816132529778379,2.26662,-5.698970004,11.6616843860033,487.287996064441,104.978894507864,3.4596,0.00626966971811252,1.90517071554511,4,0.666072306162457,5.1375662244,32.4782591064918,0.100484314152503,0.789870180047329,0.604107680179592,0.326133006280137,0.231064922918969,0.0329010970878164,0.363636364,0.0904780170030954,"141221A",1.45,0.389166084364532
"150120B",3.39431,21.52664292,-10.79048499,2.2,0.079181246,1.17705,1.38560627359831,0.92,2.01678,-6.26760624,11.5213403761,463.396355405186,116.434566319415,4.84,0.00626966971811252,1.3854467025,1.919904745435,0.8464,4.0674015684,39.2828879796869,0.0605561232063109,0.0711,0.090535,0.057705,0.005,0.0389938928598178,0.151515152,0.0438681294132183,"150120B",3.5,0.653212513775344
"150314A",2.49217,22.01715025,-8.609064893,1.08,1.58546073,1.19079,1.16996817399689,0.73,1.84772,-4.657577319,6.2109113089,484.754905131075,74.1159983318851,1.1664,2.51368572637213,1.4179808241,1.36882552816562,0.5329,3.4140691984,21.6930264824632,0.0772668657532129,0.015025,0.015855,0.009925,0,0.00358921059277238,0.018181818,0.00615293243518074,"150314A",1.758,0.440594261839831
"150323A",3.72466819665145,21.95954126,-10.9380565970514,1.74,0.861534411,1.01264155506106,1.49136169383427,0.951881792093787,2.10553,-5.27572413,13.8731531751467,482.221452349642,119.641082120299,3.0276,0.742241541337117,1.02544291903649,2.22415970183623,0.90607894611968,4.4332565809,27.8332650958643,0.148833498099688,0.792151625248467,0.617833962582175,0.328992164397519,0.232205148059609,0.0339867861224412,0.109090909,0.0900451080536063,"150323A",0.593,0.202215775801131
"150403A",3.19694,21.79039707,-8.821023053,1.23,1.245512668,1.24471,1.61172330800734,0.679,1.70996,-4.769551079,10.2204253636,474.821404468265,77.8104477015574,1.5129,1.55130180614848,1.5493029841,2.59765202157413,0.461041,2.9239632016,22.7486174951901,0.127565659233959,0.005105,0.006975,0.00458,0,0.00464486077306445,0.024242424,-0.00897302649073752,"150403A",2.06,0.48572142648158
"150821A",2.95174,22.340573,-8.853871964,2.1,0.322219295,1.82628,2.23578087032756,0.848,2.21622,-6.102372909,8.7127690276,499.101201968329,78.3910487549052,4.41,0.103825274070297,3.3352986384,4.99871610012266,0.719104,4.9116310884,37.2389551204971,0.249936990138878,0.021105,0.015485,0.027365,5e-04,0.0633033767677802,0.224242424,0.0904780170030954,"150821A",0.755,0.244277120801843
"150910A",3.85419,20.842422,-9.970616222,1.42,0.041392685,2.03808,2.04999285692014,0.6645,1.78547,-5.318758763,14.8547805561,434.406554826084,99.4131878464096,2.0164,0.00171335437150922,4.1537700864,4.20247071342361,0.44156025,3.1879031209,28.2891947789893,0.149214122903764,0.703965,0.02868,0.06663,0.002458792,0.0219340647615575,0.072727273,0.0957122823804874,"150910A",1.359,0.372727940885595
"151021A",3.15765,22.33647975,-9.642065153,1.57,0.986771734,1.33346,2.04218159451577,1.27,1.96079,-4.552841969,9.9707535225,498.91832762216,92.9694204146969,2.4649,0.973718455021367,1.7781155716,4.17050566497896,1.6129,3.8446974241,20.7283699946878,0.0143797213270818,0.06282,0.05208,0.02141,0.04,0.00940031346851669,0.024242424,0.0217079403838907,"151021A",2.33,0.52244423350632
"151027A",3.99907,21.65076489,-9.935542011,1.72,0.832508913,1.74508,2.11290649025331,0.9235,2.00612,-5.107905397,15.9925608649,468.755620322057,98.7149950523459,2.9584,0.693071090224441,3.0453042064,4.46437383655458,0.85285225,4.0245174544,26.0906975447017,0.0183350782589844,0.02221,0.01731,0.02499,0.002440971,0.00674894299290958,0.03030303,0.0232243038526087,"151027A",0.81,0.257678574869184
"151029A",2.7098,21.55195354,-10.76639985,0.49,0.255272505,1.23481,0.951823035315912,1.25,2.307153,-6.408935393,7.34301604,464.486701390319,115.91536573008,0.2401,0.065164051808975,1.5247557361,0.905967090557996,1.5625,5.322954965409,41.0744528716481,3.89871091300026,0.09735,0.12415,0.07301,0.33,0.040493657988788,0.654545455,0.04386812953948,"151029A",1.423,0.384353414137506
"151031A",3.69323,21.98623592,-11.5214335,2.41,0.230448921,0.897942,0.698970004336019,1.24,2.12551,-6.494850022,13.6399478329,483.394569929898,132.743429894922,5.8081,0.0531067051900642,0.806299835364,0.488559066961494,1.5376,4.5177927601,42.1830768082734,0.194222396714333,1.01707,0.166825,0.1244685,0.01,0.0246758228535885,0.109090909,0.0309657384329063,"151031A",1.167,0.335858911319818
"151112A",4.43227,21.0151543,-11.6171,1.77,0.278753601,1.1526,1.28600712207947,1.24,2.17922,-6.026872146,19.6450173529,441.636710252808,134.95701241,3.1329,0.0777035700704672,1.32848676,1.65381431803913,1.5376,4.7489998084,36.3231878642306,0.543566918166863,0.0472,0.063015,0.06854,0.005,0.0336011204257601,0.127272727,0.0277061869917745,"151112A",4.1,0.707570176097936
"151215A",3.06337,21.51035195,-10.72815839,1.99,0.204119983,1.07478,1.25042000230889,1.015,2.20942,-6.508638306,9.3842357569,462.695241012869,115.093382440927,3.9601,0.0416649674599203,1.1551520484,1.56355018217417,1.030225,4.8815367364,42.3623725983306,0.0244827442345724,0.093,0.11588,0.071395,0.35435971,0.0594342399249789,0.2,0.0329010970302395,"151215A",2.59,0.555094448578319
"160117B",4.10299,20.95374423,-11.74958,1.73,-0.420216403,0.973333,1.77815125038364,0.64,1.83834,-6.4710833,16.8345269401,439.059397256258,138.0526301764,2.9929,0.176581825350258,0.947377128889,3.16182186924092,0.4096,3.3794939556,41.8749190755389,0.0178168986276154,0.12265,0.162075,0.093958,0.015,0.00980902273641476,0.048484848,0.013580796821018,"160117B",0.87,0.271841606536499
"160121A",3.8244,22.23063027,-11.17263073,1.77,0.079181246,0.798663,1.07918124604762,1.02,2.2054,-6.214670165,14.62603536,494.20092220144,124.82767742894,3.1329,0.00626966971811252,0.637862587569,1.1646321618209,1.0404,4.86378916,38.6221252597411,0.0862757376210665,0.0694,0.120385,0.106048,0.03,0.0215744899112776,0.078787879,0.0438681294132183,"160121A",1.96,0.471291711058939
"160131A",3.83175487598627,21.51035195,-10.1669989514499,0.75,0.255272505,1.40607397601258,1.7481880270062,0.928153013807883,1.93407,-5.920818754,14.6823454296446,462.695241012869,103.367867678783,0.5625,0.065164051808975,1.97704402601982,3.05616137776783,0.861468017040657,3.7406267649,35.0560947177181,0.0636907468358741,0.791882608739384,0.597655825827631,0.323574021819557,0.224240250824514,0.0510934685037089,0.151515152,0.144764827428965,"160131A",0.972,0.294906910605192
"160203A",3.66139836,22.0158332,-11.36754271,1.93,0.113943352,1.146279559,1.30535136944662,0.61,1.75592,-5.920818754,13.4058379506107,484.696911490222,129.221027263674,3.7249,0.0129830874649959,1.31395682738123,1.70394219771618,0.3721,3.0832550464,35.0560947177181,0.0695758260308947,0.08458679,0.087010427,0.0601909,0.25,0.0219340647449938,0.121212121,0.0809873158881255,"160203A",3.52,0.655138434811382
"160227A",4.47751,21.4198963,-10.99567863,0.75,-0.22184875,1.10229,2.50037371435337,0.679,1.72551,-5.508638306,20.0480958001,458.811957502754,120.904948534239,0.5625,0.0492168678765625,1.2150432441,6.25186871142929,0.461041,2.9773847601,30.3450959863305,0.10341864138488,0.03055,0.03885,0.03434,0.001,0.0169812114071368,0.309090909,0.0438681298090717,"160227A",2.38,0.528916700277655
"160314A",3.41557926155533,21.45058625,-10.7390294135848,1.31,1.041392685,1.03591793204368,1,0.914946229000459,2.02179,-5.853871964,11.6661816919669,460.127650468689,115.326752745839,1.7161,1.08449872437151,1.07312596192965,1,0.837126601962161,4.0876348041,34.2678169709052,0.0937486856167922,0.798532886869125,0.626510154981781,0.330472733595869,0.224056644545645,0.0894135698123102,0.278787879,0.144764827428965,"160314A",0.726,0.237040791379191
"160327A",3.76407,20.72655851,-11.22402567,1.84,0.255272505,1.49693,1.44715803134222,0.78,1.93554,-5.853871964,14.1682229649,429.590227668453,125.978752240819,3.3856,0.065164051808975,2.2407994249,2.09426636767829,0.6084,3.7463150916,34.2678169709052,0.143091047552685,0.0673,0.06033,0.1004,0.02,0.0188006269082896,0.066666667,0.0292454196125618,"160327A",4.99,0.777426822389311
"160425A",3.70800436956235,20.99187128,-10.7214049247484,1.77,0.204119983,1.1779965468637,1.80345711564841,1.01502798081685,2.06008,-6.173925197,13.7492964046935,440.658659836089,114.94852356042,3.1329,0.0416649674599203,1.38767586442279,3.2524575679829,1.03028180184113,4.2439296064,38.1173523381515,0.0226602223459461,0.800886481665814,0.620979640356401,0.344855944591251,0.242322246266686,0.0250675025476,0.042424242,0.0904780170030954,"160425A",0.555,0.191730393362856
"160804A",4.38419,21.30214687,-11.5214335,1.4,0.462397998,0.948229,2.15896526038341,0.92,1.87827,-4.943095149,19.2211219561,453.781461271051,132.743429894922,1.96,0.213811908554408,0.899138236441,4.66113099554241,0.8464,3.5278981929,24.4341896520673,0.0579152245914454,0.05875,0.095375,0.070062,0.005,0.00692654676618381,0.139393939,0.0272284941841067,"160804A",0.736,0.239549720840473
"161014A",3.84408144953625,20.99187128,-10.7852632573858,2.05,0.51851394,1.44622641480088,1.78175537465247,0.904678778899726,2.28823,-5.769551079,14.7769621906687,440.658659836089,116.321903531116,4.2025,0.268856705974324,2.0915708428678,3.17465221510296,0.8184436929915,5.2359965329,33.2877196531901,0.0249820977867784,0.810680492590721,0.610120633827255,0.33217534800404,0.22562973526818,0.0354526107425099,0.060606061,0.0478561411902437,"161014A",2.823,0.582404298019028
"161023A",4.02819186157542,22.02365981,-10.4675346449079,1.97,0.255272505,1.44485764992057,2.0618293072947,0.878159122227812,2.15896,-5.853871964,16.2263296736625,485.041591426609,109.569281542347,3.8809,0.065164051808975,2.08761362853399,4.25114009241934,0.77116344395192,4.6611082816,34.2678169709052,0.134263479547411,0.772579351802873,0.581128739586688,0.318835623773188,0.223114719563744,0.0510934685037089,0.151515152,0.144764827428965,"161023A",2.71,0.569373909615046
"161108A",4.69106,21.16074757,-11.81247928,1.85,-0.22184875,0.883711,2.02160271602824,0.84,2.00325,-5.958607315,22.0060439236,447.777237721261,139.534666740429,3.4225,0.0492168678765625,0.780945131521,4.08687754145277,0.7056,4.0130105625,35.5050011343715,0.0491496346124695,0.13355,0.18179,0.0812555,0.005,0.023928070636996,0.103030303,0.0438681298090717,"161108A",1.159,0.334252642334231
"161117A",4.08464,21.87736847,-10.74958,1.19,0.832508913,1.141,2.09933527768596,1.375,1.92624,-4.698970004,16.6842839296,478.61925117215,115.5534701764,1.4161,0.693071090224441,1.301881,4.40720860813678,1.890625,3.7104005376,22.0803190984918,0.00378540227234077,0.03835,0.04019,0.02365,0.674290141,0,0.072727273,0.0116121519263043,"161117A",1.549,0.406369835469268
"161129A",3.70506,21.51361441,-10.43651891,1.57,0.531478917,2.32574,1.55059520748933,0.71,1.74506,-5.443697499,13.7274696036,462.83560498216,108.920926958788,2.4649,0.282469839215493,5.4090665476,2.40434549748887,0.5041,3.0452344036,29.6338424606189,0.0255903856410215,0.10625,0.050725,0.10628,0.005,0.00731135491027843,0.036363636,0.0154828692044739,"161129A",0.645,0.216165902285993
"161219B",4.0135,21.16590877,-10.13667714,1.29,0.72427587,0.871656,0.841359470454855,0.73,1.86204,-5.823908741,16.10818225,447.995694059963,102.752223440599,1.6641,0.524575535864257,0.759784182336,0.707885758524074,0.5329,3.4671929616,33.9179130234962,0.0495608715658856,0.0277,0.03841,0.008668,0,0.0175472517963205,0.212121212,0.0198648132987547,"161219B",0.1475,0.0597526942092988
"170113A",3.77901834983278,21.16590877,-10.7135447385991,1.51,0.431363764,1.30033452344097,1.27415784926368,0.901208075726529,2.01678,-6.173925197,14.2809796883729,447.995694059963,114.780040865964,2.2801,0.186074696892248,1.69086987285245,1.62347822484025,0.812175995754713,4.0674015684,38.1173523381515,0.0344768087786936,0.788297438828846,0.596261996640593,0.329160602604218,0.222643108424243,0.0868588963917867,0.224242424,0.144764827428965,"170113A",1.968,0.472463896606989
"170202A",3.77629,21.7153121,-10.65364703,1.68,0.672097858,1.1958,1.66464197555613,1.04,1.99768,-5.48148606,14.2603661641,471.554779600406,113.500195039828,2.8224,0.451715530728188,1.42993764,2.7710329067834,1.0816,3.9907253824,30.0466894259743,0.107617659076501,0.04485,0.068655,0.059155,0,0.00797602354051679,0.042424242,0.0168005602426795,"170202A",3.645,0.666985718329661
"170405A",3.6300738,21.35337952,-10.31069114,1.59,0.672097858,1.81152426,2.21669359916975,0.612,1.8473,-5.431798276,13.1774357934464,455.966816925155,106.310351784474,2.5281,0.451715530728188,3.28162014456855,4.91373051260016,0.374544,3.41251729,29.5044325111566,0.0933217274145018,0.048255345,0.035670699,0.072401387,0.0475,0.0213412521852701,0.072727273,0.0125337513552694,"170405A",3.51,0.65417654187796
"170519A",4.1513,21.33992622,-11.06348626,1.94,-0.15490196,1.37345,2.33525725643453,0.975,1.97351,-5.958607315,17.23329169,455.392451075043,122.400728225209,3.7636,0.0239946172118416,1.8863649025,5.45342645373014,0.950625,3.8947417201,35.5050011343715,0.0991498518293477,0.053,0.052235,0.066745,0.224423613,0.0478561412739919,0.157575758,0.0376012540900799,"170519A",0.818,0.259593878885949
"170531B",3.80257,21.87736847,-11.39577395,1.95,-0.096910013,1.02082,2.21518796949713,0.99,2.06685,-5.698970004,14.4595386049,478.61925117215,129.863663919499,3.8025,0.00939155061966017,1.0420734724,4.90705774020483,0.9801,4.2718689225,32.4782591064918,0.0233394026426705,0.08415,0.11435,0.107427,0.035,0.0263208776707414,0.084848485,0.0658021941113909,"170531B",2.366,0.527114111639805
"170604A",3.77546025245601,20.24962877,-10.5953107062182,1.38,0.322219295,1.06038923498139,1.78675142214556,0.903541572026249,1.94644,-5.443697499,14.2541001178752,410.047465322812,112.260608961303,1.9044,0.103825274070297,1.12442532966441,3.19248064453919,0.816387372379666,3.7886286736,29.6338424606189,0.0734806588231774,0.814374992222998,0.61988036836612,0.320019888508389,0.223473173074244,0.0277061870402603,0.048484848,0.0904780170030954,"170604A",1.329,0.367169488534681
"170607A",3.90269770902699,22.46148952,-10.454470339692,1.08,0.556302501,1.21907766758351,1.68928221447305,0.922577688081217,1.94644,-5.337242168,15.2310494080445,504.51851145707,109.2959500835,1.1664,0.309472472618855,1.48615035960086,2.85367440013496,0.851149590545283,3.7886286736,28.4861539598773,0.148833498099688,0.799414605579414,0.609897081116454,0.325080459950686,0.2261084731456,0.0394813165204961,0.066666667,0.0526417553674108,"170607A",0.557,0.19228861256812
"170705A",3.63746,21.08891889,-10.18641901,1.65,1.1430148,0.774169,2.33705972632052,0.66,1.89159,-5.022276395,13.2311152516,444.742499948999,103.763132247289,2.7225,1.30648283301904,0.599337640561,5.46184816438937,0.4356,3.5781127281,25.2232601877742,0.0361306862537016,0.04055,0.06603,0.027333,0.005,0.00831185611850908,0.03030303,0.0075743532835811,"170705A",2.01,0.478566495593843
"170714A",4.28080232,21.06857915,-10.075204,1.76,-0.397940009,2.38763,3,0.6815,1.84715,-5.552841969,18.3252685029174,443.885027399815,101.509735641616,3.0976,0.15835625076292,5.7007770169,9,0.46444225,3.4119631225,30.8340539326878,0.0402097830832432,0.066395795,0.023936409,0.149576982,0,0.0282009404055501,0.103030303,0.131604388324606,"170714A",0.793,0.253580289562183
"170903A",4.41384,21.73970839,-11.26042766,1.94,0.591064607,0.971187,1.46538285144842,1.14,2.20256,-5.619788758,19.4819835456,472.614920882236,126.797231086093,3.7636,0.349357369648064,0.943204188969,2.1473469013191,1.2996,4.8512705536,31.5820256845432,0.0534696644965983,0.04095,0.065935,0.051271,0.005,0.0219340647280231,0.072727273,0.0337447149872822,"170903A",0.886,0.27554168840131
"171205A",5.48376,21.75037415,-12.42945706,1.41,0,1.13263,2.27737997466725,0.67,1.66173,-5.443697499,30.0716237376,473.078775664988,154.491402806384,1.9881,0,1.2828507169,5.18645954901543,0.4489,2.7613465929,29.6338424606189,0.080640728753299,0.0719,0.109545,0.115455,0.01,0.0219340647308353,0.084848485,0.0789626331522811,"171205A",0.0368,0.0156949885265181
"171222A",4.78231,20.02880298,-12.10957898,2.07,-0.15490196,0.718496,2.24254142829838,1.34,1.99001,-5.721246399,22.8704889361,401.152948811657,146.641903072858,4.2849,0.0239946172118416,0.516236502016,5.02899205763456,1.7956,3.9601398001,32.7326603580705,0.0563106258528354,0.20975,0.378455,0.126956,0.015,0.0277061870402603,0.103030303,0.0752025075597391,"171222A",2.409,0.532627001228891
"180115A",3.52133717105875,22.04029767,-10.3467450058292,2.41,0.826074803,1.22752217885304,1.01283722470517,0.917745371078055,2.28823,-6.026872146,12.3998154722801,485.774721382207,107.055132215651,5.8081,0.682399580151489,1.50681069957612,1.02583924374848,0.842256566135197,5.2359965329,36.3231878642306,0.0593271632973848,0.809617337706784,0.612319986597634,0.321217640592788,0.22579494196465,0.0219340647449938,0.024242424,0.0210567021001345,"180115A",2.487,0.542451947375977
"180205A",3.21372,21.4933967,-10.30627305,2.04,0.531478917,1.09633,1.19033169817029,1.03,1.88733,-6,10.3279962384,461.966101703571,106.219264181156,4.1616,0.282469839215493,1.2019394689,1.41688955166897,1.0609,3.5620145289,36,0.0875106835217229,0.06455,0.088815,0.042095,0.005,0.0263208776911062,0.078787879,0.0232243038705776,"180205A",1.409,0.381836799998343
"180325A",3.80864859631863,21.65363309,-10.8212832153443,1.77,0.775974331,1.47236196219895,1.94448267215017,0.959583982394589,1.96436,-5.528708289,14.5058041302399,468.879825996343,117.100170426693,3.1329,0.602136162370898,2.16784974773035,3.78101286229226,0.920801419268258,3.8587102096,30.5666153448573,0.0299157959458657,0.800528055531453,0.597364496844485,0.326519071808976,0.230882099080446,0.0219340647449938,0.018181818,0.0789626332133755,"180325A",2.248,0.511616020569138
"180329B",4.02296,21.41988474,-11.14935376,0.97,0.146128036,1.50063,2.32221929473392,0.77,1.86768,-5.48148606,16.1842071616,458.811462274885,124.308089265626,0.9409,0.0213534029052173,2.2518903969,5.3927024528345,0.5929,3.4882285824,30.0466894259743,0.0910900482369355,0.04825,0.04314,0.069665,0,0.0239280706215504,0.339393939,0.075202507501554,"180329B",1.998,0.476831628512261
"180404A",4.20449,20.48730103,-11.62342304,1.95,0.113943352,1.17089,1.54654266347813,0.72,1.62007,-5.886056648,17.6777361601,419.729503493839,135.103963166803,3.8025,0.0129830874649959,1.3709833921,2.39179420995803,0.5184,2.6246268049,34.645662863465,1.08507712685514,0.0661,0.1242,0.10229,0.065,0.0202468290074633,0.072727273,0.0404936579440628,"180404A",1,0.301029995663981
"180620B",4.6659,21.21643247,-10.98296666,1.3,0.556302501,1.09835,2.29841638006129,0.9,1.99236,-5,21.77062281,450.13700675407,120.625556654672,1.69,0.309472472618855,1.2063727225,5.28271785613406,0.81,3.9694983696,25,0.059954291621591,0.0437,0.067125,0.059445,0.005,0.00789626330733186,0.121212121,0.0146227097949671,"180620B",1.1175,0.325823419002744
"180624A",4.171185481,21.1034582,-11.54363397,1.91,0.146128036,1.243849338,2.68699356626468,0.95,2.06008,-5.236572006,17.3987883169052,445.355947999147,133.255485233338,3.6481,0.0213534029052173,1.54716117564304,7.21993442514778,0.9025,4.2439296064,27.4216863740229,0.0343795484178418,0.088149935,0.099379055,0.123366444,0,0.0136142470679056,0.060606061,0.037601253750777,"180624A",2.855,0.586024382386976
"180720B",3.62033,21.24271531,-8.847711656,1.36,1.831869774,1.34127,1.68928221447305,0.729,1.8461,-4.065501549,13.1067893089,451.252953741708,78.2820015477183,1.8496,3.35574686889481,1.7990052129,2.85367440013496,0.531441,3.40808521,16.5283028449214,0.032760188740062,0.004975,0.00614,0.005375,0,0.00306056717510092,0.018181818,0.0100786866055382,"180720B",0.654,0.218535505216528
"180728A",3.8695,21.58733599,-9.42365865,1.97,2.120573931,1.1986,0.938519725176492,0.8595,1.70111,-4.528708289,14.97303025,466.013075145149,88.8053423517198,3.8809,4.49683379683679,1.43664196,0.880819274545358,0.73874025,2.8937752321,20.5091987668573,0.0148761559697317,0.009885,0.014745,0.0091,0.042486494,0.00533531304621856,0.018181818,0.00578261707263729,"180728A",0.117,0.0480531731156091
"181010A",3.15711,22.27837171,-9.928117993,1.52,0.146128036,1.07011,1.2148438480477,1.115,1.76613,-6.161150909,9.9673435521,496.325846048928,98.5675268829304,2.3104,0.0213534029052173,1.1451354121,1.47584557513934,1.243225,3.1192151769,37.9597805234715,0.0580681587729877,0.034615,0.057805,0.033375,0.007041969,0.0267023396704747,0.090909091,0.037601253750777,"181010A",1.39,0.378397900948138
"181020A",4.29043,20.65703194,-10.42365865,1.25,0.886490725,2.64643,2.37657695705651,1.228,1.93674,-5.091514981,18.4077895849,426.71296857018,108.65265965172,1.5625,0.785865805511026,7.0035917449,5.64811803281199,1.507984,3.7509618276,25.9235248017474,0.021146889716851,0.1418,0.047555,0.091985,0.029531206,0.00974847321620432,0.036363636,0.0102548874264469,"181020A",2.938,0.595275711802099
"181110A",3.7664,20.88432911,-10.39577395,2.02,0.568201724,1.92336,2.14113609012074,1.7505,1.76057,-5.004364805,14.18576896,436.155202374793,108.072116019499,4.0804,0.322853199156572,3.6993136896,4.58446375641752,3.06425025,3.0996067249,25.0436671015227,0.0342910112443923,0.0907,0.05473,0.07443,0.141485526,0.00797602353536826,0.03030303,0.0213412522066114,"181110A",1.505,0.398807730203264
"181201A",4.09164607507296,22.07736427,-10.4148128422702,1.66,0.612783857,1.32734573348404,1.28600712207947,0.872501609201795,1.90402,-5.443697499,16.74156760366,487.410013110273,108.468326539515,2.7556,0.375504055399796,1.76184669619829,1.65381431803913,0.761259058059721,3.6252921604,29.6338424606189,0.366834332160994,0.793226356646627,0.592601993039671,0.321712660718756,0.224661420068642,0.0191600506592421,0.054545455,0.131604388703391,"181201A",0.45,0.161368002234975
"190106A",4.19124,21.0438101,-10.43297363,1.43,0.740362689,1.26841,1.88536122003151,1.9365,1.94587,-5.22184875,17.5664927376,442.841943524862,108.846938764275,2.0449,0.548136911263311,1.6088639281,3.55458692999871,3.75003225,3.7864100569,27.2677043678766,0.0127388781590608,0.02855,0.031095,0.027005,0.225510462,0.00877362590478576,0.127272727,0.0143568424076625,"190106A",1.859,0.456214155357989
"190114A",3.74534,21.6447605,-10.75202673,2.06,-0.301029996,1.18375,1.8234742291703,0.86,1.83214,-6.096910013,14.0275717156,468.49565710236,115.606078802635,4.2436,0.09061905849176,1.4012640625,3.32505826444822,0.7396,3.3567369796,37.1723117066197,0.0664080102445273,0.03365,0.042215,0.04616,0,0.0394813165359268,0.133333333,0.105283510661638,"190114A",3.3765,0.641126932803509
"190719C",4.88123,20.95382587,-11.257,1.64,0.740362689,1.55953,2.26881190373978,0.915,1.5415,-5.292429824,23.8264063129,439.062818590281,126.720049,2.6896,0.548136911263311,2.4321338209,5.14750745455133,0.837225,2.37622225,28.0098134419647,0.0226602223459461,0.2175,0.1943,0.21085,0.22,0.025546734235364,0.09,0.0236887899489543,"190719C",2.469,0.54020429984206
"190829A",4.0838,22.04910001,-9.56068,2.56,1.255272505,1.03996,1.76492298464989,1.16,2.0913,-5.193820026,16.67742244,486.162811250982,91.4066020624,6.5536,1.57570906180898,1.0815168016,3.11495314174547,1.3456,4.37353569,26.9757664624786,0.0660733688053005,0.013585,0.0191599999999998,0.0096749999999999,0.075,0.0475009589564058,0.21,0.0651441723009837,"190829A",0.0785,0.0328201494385639
"191011A",3.15321333,21.65033473,-10.8132081,1.94,0.255272505,1.30602449,0.867467487859051,0.94,1.81479,-6.48148606,9.94275430448969,468.736993921044,116.925469413906,3.7636,0.065164051808975,1.70569996847976,0.752499842492494,0.8836,3.2934627441,42.0096615459743,0.0559978453466017,0.05719327,0.06597695,0.05756962,0.19,0.0526417553674108,0.17,0.0482549424451731,"191011A",1.722,0.434888120867316
"191221B",1.95518066,21.20847898,-8.11145684,1.24,0.681241237,1.15734724,1.68124123737559,1.39,1.843,-4.721246399,3.82273141323804,449.799580645102,65.7957320671828,1.5376,0.46408962298929,1.33945263393562,2.8265720982522,1.9321,3.396649,22.2901675600705,0.144764827301084,0.06184721,0.05366691,0.00551831,0.175,0.0228576043082148,0.05,0.0633346119989973,"191221B",1.148,0.332034277027518
"200205B",4.53640048,21.08891889,-11.7337376,1.36,0.301029996,1.56884903,2.66086547800387,0.516,1.90881,-5.26760624,20.5789293149442,444.742499948999,137.680598065654,1.8496,0.09061905849176,2.46128727893194,7.08020509203276,0.266256,3.6435556161,27.7476754996869,0.0051064352834491,0.10035241,0.08886983,0.19267266,0.18,0.0160849808046748,0.22,0.0434294481567233,"200205B",1.465,0.391816923613249
"200613A",4.27167189332817,21.75351565,-10.8512683518746,1.36,0.322219295,1.19862637371944,2.04218159451577,0.92310407409452,2.06008,-5.431798276,18.2471807642498,473.215443134795,117.750024844394,1.8496,0.103825274070297,1.43670518377582,4.17050566497896,0.852121131609902,4.2439296064,29.5044325111566,0.323703994596272,0.801522040311719,0.632671893153888,0.339232876898206,0.219657480450124,0.0894135698123102,0.278787879,0.144764827428965,"200613A",1.2255,0.347427598618541
"200829A",2.97975,21.08966848,-8.6381,0.83,1.994317153,1.29833,1.1152775913959,0.64,1.88219,-4.292429824,8.8789100625,444.774116596306,74.61677161,0.6889,3.97730090675002,1.6856607889,1.24384410586984,0.4096,3.5426391961,18.4249537939647,0.0969169434308637,0.0095499999999999,0.00926,0.00866,0.0195,0.00851557807845467,0.03,0.00704023475700731,"200829A",1.25,0.352182518111362
"201014A",4.2038976775986,22.22918251,-11.2310351905753,1.65,0.886490725,1.2631182151244,2.0618293072947,0.917800397887082,2.10553,-5.59345982,17.6727556837189,494.13655506289,126.13615145194,2.7225,0.785865805511026,1.59546762537906,4.25114009241934,0.842357570361686,4.4332565809,31.2867927579544,0.143091047552685,0.804537020614375,0.601400505369686,0.336383667914055,0.222271349304409,0.0438681294899875,0.58,0.0478561411902437,"201014A",4.56,0.745074791582057
"201015A",3.93503464717053,21.0163605,-10.896800879922,2.25,1.041392685,0.96984209558821,1.78461729263288,0.94774532200044,2.03824,-5.59345982,15.4844976744325,441.68740866596,118.74026941667,5.0625,1.08449872437151,0.940593690374932,3.18485888116429,0.898221195373718,4.1544222976,31.2867927579544,0.0942443169455569,0.803568301483868,0.597833390887947,0.335290751792453,0.22792356732131,0.0394813165204961,0.072727273,0.0478561411902437,"201015A",0.426,0.154119525515847
"201020A",3.96908872,20.93258486,-11.0900559,2.25,0.322219295,1.55158826,1.15136985024746,0.99,2.0761,-6.036212173,15.7536652672312,438.173108921101,122.989339865125,5.0625,0.103825274070297,2.40742612856983,1.32565253205886,0.9801,4.31019121,36.4358573974734,0.145589617977987,0.04915322,0.04826492,0.08306159,1.04,0.0330441453884962,0.14,0.0413613792035401,"201020A",2.903,0.591398551281249
"201021C",3.44567231123797,22.28454803,-10.1810306651682,2.02,0.267171728,1.26634495131926,2.26834391395106,0.864142024477113,2.0761,-5.552841969,11.872657676432,496.601080901377,103.653385405095,4.0804,0.071380732242506,1.60362953573177,5.14538411195884,0.746741438467404,4.31019121,30.8340539326878,0.0815374132522222,0.783946626602588,0.609747056807674,0.326357954114738,0.225244092944835,0.0668145357246291,0.17,0.0579059309278577,"201021C",1.07,0.315970345456918
"201104B",2.72159651,21.73058526,-9.38944702,1.47,0.612783857,1.19537497,0.937517892017347,0.605,1.55046,-5.744727495,7.40708756324418,472.218335742129,88.1617153413869,2.1609,0.375504055399796,1.4289213189025,0.87893979785265,0.366025,2.4039262116,33.001893991809,0.00811616012108338,0.02110237,0.02972805,0.02348264,0.175,0.0241274712225866,0.07,0.0317776449968039,"201104B",1.954,0.470410490975931
"201221A",3.69587,22.86332108,-10.8802,1.4,0,1.06263,1.64836001098093,0.4,1.45068,-5.744727495,13.6594550569,522.731450807172,118.37875204,1.96,0,1.1291825169,2.71709072580106,0.16,2.1044724624,33.001893991809,0.0600613222120642,0.08575,0.223272,0.0994399,0.525,0.0482549424451731,0.15,0.130288344570976,"201221A",5.7,0.826074802700826
"210204A",4.01366877454465,22.46148952,-10.5131495721328,2.56,0.681241237,1.28781737424419,2.06069784035361,0.893549929100971,2.0457,-5.443697499,16.1095370317548,504.51851145707,110.526313926036,6.5536,0.46408962298929,1.6584735894052,4.24647558923804,0.798431475796351,4.18488849,29.6338424606189,0.0174377429441569,0.780554055177007,0.609393496026596,0.320319874336548,0.223074066377845,0.0421134042739674,0.05,0.065802194705171,"210204A",0.876,0.273232834043046
"210210A",3.72413045,21.12319546,-10.1403778,1.53,0.84509804,1.5451851,0.819543935541869,0.965,1.85188,-6.008773924,13.8691476086172,446.189386441365,102.827261926733,2.3409,0.714190697211842,2.38759699326201,0.671652262283455,0.931225,3.4294595344,36.1053640697424,0.0387784332904449,0.05799791,0.08857348,0.10645081,0.15,0.0354526107425099,0.58,0.0310210344226792,"210210A",0.715,0.234264124378789
"210222B",3.24642494,21.14612804,-10.4520599,2.37,0.146128036,1.37828029,1.1078880251828,0.56,1.98,-6.468521083,10.539274891054,447.158731084074,109.245556153188,5.6169,0.0213534029052173,1.89965655780248,1.22741587634344,0.3136,3.9204,41.8417650012155,0.043498889845402,0.04184217,0.04927183,0.005516005,0.64,0.0894135698123102,0.33,0.0930631031960335,"210222B",2.198,0.504878459410216
"210411C",2.93128506,21.05996459,-9.72925773,1.6,0.681241237,1.16829405,1.10720996964787,1.21,1.88408,-5.920818754,8.5924321029792,443.522108532054,94.6584559767648,2.56,0.46408962298929,1.3649109872654,1.22591391688763,1.4641,3.5497574464,35.0560947177181,0.0202577864893789,0.05048963,0.05901459,0.03209979,0.14,0.0361912068292397,0.4,0.0271434051424274,"210411C",2.826,0.582744965691277
"210517A",3.057651,21.15768338,-10.8415194,1.85,0.176091259,1.21043545,0.48572142648158,0.66,1.71079,-6.823908741,9.349229637801,447.647566008328,117.538542900576,3.4225,0.0310081314962051,1.4651539786167,0.235925304143301,0.4356,2.9268024241,46.5657305054962,0.199990220154871,0.25872455,0.32132806,0.08060357,0.22,0.0868588963917867,0.25,0.0579059309278577,"210517A",2.486,0.542327382773974
"210610A",3.15453451,21.35337952,-10.4044334,1.41,0.380211242,1.0816785,1.13417710757677,0.88,1.83562,-6,9.95108797478094,455.966816925155,108.252234375036,1.9881,0.144560588543183,1.17002837736225,1.2863577113512,0.7744,3.3695007844,36,0.100484314152503,0.85146569,1.28215864,0.07850685,0.195,0.0434294481903252,0.19,0.0723824136024763,"210610A",3.54,0.657055852857104
"210610B",2.89514,21.03780485,-9.19036,0.98,1.130333768,1.05139,1.84123429550604,0.78,1.91684,-4.443697499,8.3818356196,442.589232906684,84.4627169296,0.9604,1.27765442708108,1.1054209321,3.39014373094763,0.6084,3.6742755856,19.7464474626189,0.0158369132201676,0.0225999999999997,0.0283100000000001,0.01291,0.029,0.0120637356019594,0.11,0.0225189731613911,"210610B",1.13,0.328379603438738
"210619B",2.91049117,21.83430305,-8.55006175,1.41,2.06069784,1.12578835,1.78461729263288,0.745,1.92306,-4.022276395,8.47095885064797,476.736789679239,73.103555928813,1.9881,4.24647558778067,1.26739940899572,3.18485888116429,0.555025,3.6981597636,16.1787073977742,0.00197833385893328,0.01027813,0.01099582,0.00437126,0.07,0.00457152086517999,0.02,0.00830824226926174,"210619B",1.937,0.4679039465228
"210722A",3.6504,20.54058972,-10.3507,1.62,0.342422681,1.43908,1.70070371714502,0.81,1.83712,-5.602059991,13.32542016,421.91582604537,107.13699049,2.6244,0.117253292463228,2.0709512464,2.89239313351089,0.6561,3.3750098944,31.3830761427629,0.0911698773853533,0.0364819,0.0395981,0.048071,0.09,0.0347435585260231,0.14,0.0987032913012404,"210722A",1.145,0.331427296520743
"210731A",4.80200435,20.92054437,-11.9404653,1.36,0.204119983,1.74153741,1.35237549500052,1.525,2.06317,-5.657577319,23.0592457774189,437.669176737139,142.574711580504,1.8496,0.0416649674599203,3.03295255042951,1.8289194794779,2.325625,4.2566704489,32.0081811204632,0.0513907268812215,0.16085961,0.11699725,0.27863334,0.235,0.0394813165204961,0.59,0.0814302152923456,"210731A",1.2525,0.352664799651101
"210822A",2.4985,21.53322281,-8.20842,1.3,1.442479769,1.267456,2.25719842613934,0.77,1.70788,-4.698970004,6.24250225,463.679684585104,67.3781588964,1.69,2.08074788397429,1.606444711936,5.09494473496593,0.5929,2.9168540944,22.0803190984918,0.10261648377714,0.017735,0.01621,0.008455,0.026,0.00868588963134467,0.4,0.010974950807848,"210822A",1.736,0.437116093048079
"211024B",3.43921565,20.98677173,-8.56429146,1.63,-0.045757491,1.92622006,2.78067727443337,1.07,2.08,-5.167491087,11.8282042872049,440.444587647127,73.3470882118289,2.6569,0.00209374798261508,3.7103237195464,7.73216610455018,1.1449,4.3264,26.7029641342244,0.0148638654800828,0.01916437,0.01167528,0.00965772,0.055,0.0191600506592421,0.09,0.096509884965017,"211024B",1.1137,0.325043347403704
"220101A",3.04134881,21.90370028,-8.69262974,1.13,0.86332286,1.20052929,2.23894889831176,0.491,1.62241,-4.602059991,9.24980258408842,479.772085956072,75.5618117967325,1.2769,0.74532636059858,1.4412705761479,5.01289216925145,0.241081,2.6322142081,21.1789561607629,0.0313174061528694,0.01431841,0.02317526,0.01255481,0.016,0,0.13,0.0178477184393304,"220101A",4.618,0.749581734865559
"220117A",3.43803362,21.99532933,-10.1070569,1.84,0.278753601,1.68612083,1.69731654173238,1.2,1.78537,-5.795880017,11.8200751722503,483.794512335158,102.152599179838,3.3856,0.0777035700704672,2.84300345335989,2.88088344283838,1.44,3.1875460369,33.5922251714599,0.0299157959458657,0.05084186,0.04500955,0.06200239,0.55,0.0542868101948971,0.18,0.0914304172328591,"220117A",4.961,0.775319121829478
"220521A",3.30131796,21.85427081,-10.6276115,1.97,0.672097858,1.71067512,1.13193929521042,1.1,2.02179,-6.091514981,10.8987002730186,477.609152636818,112.946126194932,3.8809,0.451715530728188,2.92640936618701,1.28128656804147,1.21,4.0876348041,37.1065547637474,0.0862659940924207,0.16334814,0.13206168,0.12291833,0.4,0.042893282151299,0.18,0.0369612324969336,"220521A",5.57,0.817565369559781
"220611A",5.53,20.42473959,-12.4941008,1.87,-0.301029996,2.26249671,1.75587485567249,0.32,1.90103,-6.173925197,30.5809,417.169987319313,156.102554800561,3.4969,0.09061905849176,5.11889136276082,3.08309650878289,0.1024,3.6139150609,38.1173523381515,0.0942443169455569,0.22640221,0.81046481,0.50304248,0.35,0.0842660934455674,0.29,0.144764827428965,"220611A",2.3608,0.526442668529935
"230116D",3.79761,21.75162856,-11.1278,1.38,-0.22184875,1.57289,1.61278385671974,0.84,1.76412,-6.090443971,14.4218417121,473.133345012208,123.82793284,1.9044,0.0492168678765625,2.4739829521,2.60107176849578,0.7056,3.1121193744,37.0935077638903,0.118428290732434,0.1014,0.13824,0.23491,0.22,0.0641814505632158,0.22,0.144764827428965,"230116D",3.81,0.682145076373832
"230325A",3.7823081,22.22918251,-10.9066853,1.82,0.51851394,0.931411844,1.58035466110659,1.025,2.0855,-5.886056648,14.3058545633256,494.13655506289,118.955784233236,3.3124,0.268856705974324,0.86752802314348,2.49752085488133,1.050625,4.34931025,34.645662863465,0.131947893472792,0.1875455,0.20042492,0.05714513,0.18,0.0668145357246291,0.18,0.0526417553674108,"230325A",1.664,0.425534220498263
"230328B",3.66388,21.14580437,-10.1038,1.22,0.924279286,1.20938,1.28397928423848,0.865,1.89331,-5.366531544,13.4240166544,447.145042454311,102.08677444,1.4884,0.85429219852867,1.4625999844,1.64860280235356,0.748225,3.5846227561,28.799660812747,0.0861743624797326,0.0267,0.03231,0.02421,0.84,0.0201997433247832,0.29,0.0258508620217341,"230328B",0.09,0.0374264979406237
"230414B",4.8792574,21.69224395,-11.9505263,1.6,-0.22184875,2.06160972,1.41463914673701,0.37,2.02038,-6.327902142,23.8071527754548,470.553447586312,142.815078846992,2.56,0.0492168678765625,4.25023463759848,2.00120391548081,0.1369,4.0819353444,40.0423455187282,0.148027729903839,0.11074106,0.069549,0.21988187,2.19,0.0924030812423339,0.3,0.144764827428965,"230414B",3.568,0.659726095237792
"230506C",4.25859,20.96124782,-11.4531,1.89,0.380211242,1.14181,1.49136169383427,1.11,2.08995,-5.769551079,18.1355887881,439.373910171455,131.17349961,3.5721,0.144560588543183,1.3037300761,2.22415970183623,1.2321,4.3678910025,33.2877196531901,0.0886038540634792,0.1023,0.11841,0.11299,0.29,0.0510934685037089,0.17,0.0904780170030954,"230506C",3.7,0.672097857935718
"230818A",3.9564,21.31377445,-11.0883,1.36,0.826074803,1.39195,0.99211148778695,1.02,2.00403,-5.721246399,15.65310096,454.276981305473,122.95039689,1.8496,0.682399580151489,1.9375248025,0.984285204198835,1.0404,4.0161362409,32.7326603580705,0.0552798328409481,0.2044,0.12794,0.19715,0.29,0.0228576043082148,0.1,0.0324100359406028,"230818A",2.42,0.534026106056135
"231210B",3.24045,21.82763844,-10.048,1.08,0.591064607,1.60174,0.873320601815399,0.84,1.66432281,-5.853871964,10.5005162025,476.445799867366,100.962304,1.1664,0.349357369648064,2.5655710276,0.76268887355521,0.7056,2.7699704158863,34.2678169709052,0.0376155997043379,0.05243,0.04808,0.060675,0.362,0.0620420687973556,0.19,0.0779502916284169,"231210B",3.13,0.615950051656401
"970508A",4.62476033495241,21.75037415,-11.281800796738,2.06,0.004321374,1.51673948508434,2.10720996964787,0.831330988699857,1.78537,-5.790484985,21.3884081557492,473.078775664988,127.279029217279,4.2436,1.8674273247876e-05,2.3004986656139,4.44033385618337,0.691111212772681,3.1875460369,33.5297163615105,0.0734806588231774,0.827255416846567,0.640133867167235,0.335474998704066,0.224013523807559,0.0248403283013014,0.042424242,0.0814302152923456,"970508A",0.83,0.262451089730429
