"","log10PeakFlux","log10NH","log10Ta","PhotonIndex","log10Fa","log10T90","Alpha","Beta","Gamma","log10Fluence","log10PeakFluxSqr","log10NHSqr","log10TaSqr","PhotonIndexSqr","log10FaSqr","log10T90Sqr","AlphaSqr","BetaSqr","GammaSqr","log10FluenceSqr","log10T90Err","log10FaErr","log10TaErr","AlphaErr","BetaErr","log10FluenceErr","PhotonIndexErr","log10PeakFluxErr","GRB","Redshift_crosscheck","log10z"
"050315A",0.285557309,21.91683806,4.86356,2.11,-11.3757179,1.980457892,1.10818,0.856,1.99544,-5.492144128,0.0815429767233215,480.347790548265,23.6542158736,4.4521,129.40695774038,3.92221346198508,1.2280629124,0.732736,3.9817807936,30.1636471227249,0.0636907468763651,0.03245,0.04512,0.049165,0.001,2655.88784462259,0.09,0.0111397817241549,"050315A",1.949,0.469674772551798
"050318A",0.499687083,20.92661714,4.132084541,1.9,-11.15490196,1.505149978,1.874408221,0.95,1.98053,-5.966576245,0.249687180917049,437.923304924142,17.0741226539712,3.61,124.431837737212,2.2654764562734,3.51340617895238,0.9025,3.9224990809,35.6000320873983,0.148833498209321,0.06181969,0.043780336,0.085906519,0.037,12451.2179846328,0.1,0.00377767385238113,"050318A",1.44,0.387389826338729
"050319A",0.181843588,20.93735437,3.73997,2.02,-10.70553377,2.183383742,0.863159,0.971,2.01045,-5.882728704,0.0330670904967137,438.372808014958,13.9873756009,4.0804,114.60845330061,4.76716456482992,0.745043459281,0.942841,4.0419092025,34.6064970048655,0.0311909396976911,0.04165,0.06193,0.034558,0.009,16266.2614421118,0.19,0.0171435492378283,"050319A",3.24,0.627365856592733
"050401A",1.029383778,22.12570242,3.12435,1.4,-9.653647026,1.506369717,0.984108,0.9995,1.78711,-5.085128182,1.05963096240955,489.546707578394,9.7615629225,1.96,93.1929009025986,2.26914972429466,0.968468555664,0.99900025,3.1937621521,25.8585286273706,0.00846336277739286,0.019455,0.02833,0.0260615,0.0174145,854.174137308062,0.07,0.00151561500656513,"050401A",2.9,0.591064607026499
"050505A",0.267171728,22.23063027,4.270583544,1.41,-11.04817696,1.770115295,1.462094791,0.973,2.01835,-5.603800653,0.071380732242506,494.20092220144,18.2378838062836,1.9881,122.062214139475,3.13330815759294,2.13772117786933,0.946729,4.0737367225,31.4025817585632,0.0504266082569071,0.03272177,0.030067592,0.035926291,5e-04,5445.31432923246,0.12,0.0170838936963119,"050505A",4.27,0.721810615212547
"050730A",-0.259637311,21.73850309,4.05018,1.53,-10.09854168,2.194514342,2.38763,0.5615,1.6177,-5.623423043,0.0674115332633107,472.562516593939,16.4039580324,2.3409,101.980544062697,4.81589319724369,5.7007770169,0.31528225,2.61695329,31.6228867205434,0.0500432094216776,0.0266,0.017795,0.0538,0.000210492,5061.25584929866,0.11,0.0872913637665652,"050730A",3.967,0.696094159995223
"050802A",0.439332694,21.25883595,3.63973,1.54,-10.28650946,1.477121255,1.44729,0.8585,1.8557,-5.698970004,0.193013216017298,451.938105949012,13.2476344729,2.3716,105.812276870669,2.18188720197277,2.0946483441,0.73702225,3.44362249,32.4782591064918,0.14763173580347,0.0275,0.0326,0.03274,0.002369606,7403.00913902223,0.13,0.0109737714416986,"050802A",1.7102,0.433001340945038
"050803A",-0.017728767,21.34755638,4.21721,1.38,-10.86012091,1.943988875,1.52234,1.218,2.11696,-5.66756154,0.000314309179340289,455.718163397279,17.7848601841,1.9044,117.942226179819,3.77909274612377,2.3175190756,1.483524,4.4815196416,32.1212538096872,0.0515724807527089,0.0489,0.04766,0.048695,0.22485626,5508.40011781839,0.11,0.0225122466501278,"050803A",3.5,0.653212513775344
"050824A",-0.301029996,20.9708274,5.08558,2.76,-12.23882419,1.353723938,0.954481,0.86,1.94709,-6.575118363,0.09061905849176,439.775601840591,25.8631239364,7.6176,149.788817553729,1.83256850031423,0.911033979361,0.7396,3.7911594681,43.2321814874598,0.0782985476819812,0.06855,0.12722,0.0899785,0.01,138614.509278076,0.38,0.113167018667173,"050824A",0.8278,0.261928672990642
"050826A",-0.420216403,21.96085591,4.76235,1.16,-12.33348202,1.550228353,1.801,1.11,2.45742,-6.384049948,0.176581825350258,482.279192299782,22.6799775225,1.3456,152.114778737663,2.40320794644509,3.243601,1.2321,6.0389130564,40.7560937385588,0.0717511921291969,0.23405,0.13858,0.23538,0.03,79616.1209742988,0.31,0.169802774145789,"050826A",0.297,0.11293997608408
"060115A",-0.060480747,21.43355223,3.69688,1,-11.29499204,2.144885418,0.889919,1,2.10553,-5.76700389,0.00365792075767801,459.397161196138,13.6669217344,1,127.576845183663,4.60053345634903,0.791955826561,1,4.4332565809,33.2583338672751,0.0469357822743554,0.0812,0.123015,0.053884,0.085,9675.37171788722,0.303030303,0.0299027659683125,"060115A",3.53,0.656098202012832
"060124A",-0.050609993,21.9172644,4.47599,1.84,-10.6893,1.134495856,1.3641,0.99,2.00895,-6.336299075,0.00256137139146005,480.366478779507,20.0344864801,3.3856,114.26113449,1.28708084728117,1.86076881,0.9801,4.0358801025,40.1486859678459,0.0416381769095578,0.04445,0.036665,0.01627,0.076380116,47037.3275022825,0.19,0.0428608829947994,"060124A",2.296,0.517987203025078
"060206A",0.445604203,22.33966406,3.93814,1.2,-10.63078414,0.880241776,1.17565,1.265,2.20424,-6.080398976,0.198563105731265,499.060590313656,15.5089466596,1.44,113.013571431276,0.774825584215634,1.3821529225,1.600225,4.8586739776,36.9712517073418,0.110636974360534,0.07055,0.07444,0.02867,0.013041887,11471.385453885,0.181818182,0.00411916454968562,"060206A",4.048,0.703119346236078
"060210A",0.434568904,22.3877421,4.15028,1.53,-10.66756154,2.40654018,1.20511,0.979,2.08163,-5.11577123,0.188850132323761,501.210996336112,17.2248240784,2.3409,113.796869209687,5.79143563795443,1.4522901121,0.958441,4.3331834569,26.1711152776957,0.207740121229715,0.0292,0.030365,0.02297,0.083622271,1314.72341208454,0.09,0.00713820221715588,"060210A",3.91,0.691081492122968
"060306A",0.775974331,21.61973178,3.61496,1.8,-10.70553377,2.13255996245349,1.03794,0.76,2.28823,-5.671620397,0.602136162370898,467.412802239142,13.0679358016,3.24,114.60845330061,4.54781199345965,1.0773194436,0.5776,5.2359965329,32.1672779276664,0.011262218728324,0.03495,0.04452,0.02498,0.01,2972.45620197602,0.060606061,0.00355321201703419,"060306A",1.559,0.408070285887185
"060418A",0.814247596,21.65363309,3.11887,1.7,-9.792961075,2.158362492,1.47655,0.98,1.94118,-5.079354999,0.662999147591779,468.879825996343,9.7273500769,2.89,95.9020866164651,4.65852864687245,2.1801999025,0.9604,3.7681797924,25.7998472058663,0.136485588124709,0.04904,0.057245,0.044705,0.005,687.700203391097,0.06,0.00155289278997044,"060418A",1.489,0.396024896608593
"060526A",0.222716471,21.0346260706325,3.8752,2.01,-11.3053948,2.47444938,1.05873,0.93,1.90677,-5.899629455,0.0496026264546938,442.455493931332,15.01717504,4.0401,127.811951583867,6.12289973418238,1.1209092129,0.8649,3.6357718329,34.8056277063036,0.0335716198838349,0.06785,0.09216,0.0623145,0.0305,19602.5004879854,0.24,0.0121732961766373,"060526A",3.221,0.625415352154408
"060604A",-0.468521083,21.99003057,4.45991,2.01,-11.76955108,1.977723605,1.21596,1.02,2.1711,-6.395773947,0.219512005215493,483.561444469534,19.8907972081,4.0401,138.522332624729,3.9113906577742,1.4785587216,1.0404,4.71367521,40.905924381124,0.0777158547080599,0.04195,0.04994,0.04695,0,123715.005921109,0.42,0.212106580353329,"060604A",2.1357,0.496334505996816
"060605A",-0.337242168,21.77333803,4.04162,1.55,-11.26121944,2.059904056,1.9179,0.835,2.02128,-6.156767222,0.11373227987734,474.078248968644,16.3346922244,2.4025,126.815063275834,4.24320471992525,3.67834041,0.697225,4.0855728384,37.9057826258936,0.132471980179598,0.05315,0.037375,0.085,0.10149311,34941.8242721373,0.2,0.106963155437817,"060605A",3.78,0.679427896612119
"060614A",1.06069784,20.51216256,5.03344,2.02,-11.78251606,2.036229544,1.9453,0.783,1.89544,-4.690369833,1.12507990778067,420.748812887866,25.3355182336,4.0804,138.827684704158,4.14623075585845,3.78419209,0.613089,3.5926927936,21.9995691703164,0.0132262962944593,0.0429,0.0289,0.05983,0.006,164.518562949175,0.04,0.00105536980673643,"060614A",0.125,0.0511525224473813
"060707A",0.004321374,21.20847898,3.5545,0.6,-10.9132,1.820857989,0.861995,1.12,2.09345,-5.795880017,1.8674273247876e-05,449.799580645102,12.63447025,0.36,119.09793424,3.31552381610512,0.743035380025,1.2544,4.3825329025,33.5922251714599,0.0414232996019404,0.07695,0.127895,0.0364485,0.035,11125.1431304959,0.363636364,0.0425259191391797,"060707A",3.425,0.645913275033844
"060708A",0.28780173,20.79066861,3.50569,1.68,-10.86966623,1.008600172,1.12969,1.485,2.20484,-6.306273051,0.0828298357909929,432.251901250839,12.2898623761,2.8224,118.149643951602,1.01727430695843,1.2761994961,2.205225,4.8613194256,39.7690797937688,0.153333382237578,0.06115,0.062725,0.028525,0.33410152,28596.7346737925,0.12,0.0070160584709956,"060708A",1.92,0.465382851448418
"060714A",0.10720997,22.0125926,3.73449,1.93,-10.86012091,2.060660074,1.20488,0.87,2.04425,-5.548213564,0.0114939776674009,484.554232973575,13.9464155601,3.7249,117.942226179819,4.24631994057768,1.4517358144,0.7569,4.1789580625,30.7826737517536,0.0344798070207195,0.0352,0.046765,0.035305,0.005,3932.89378641218,0.11,0.0149655275968552,"060714A",2.711,0.569490954348783
"060729A",0.068185862,20.86562801,5.1057,1.75,-11.15058059,2.062017599,1.35481,1.317,1.92492,-5.583359493,0.00464931177668304,435.374432251696,26.06817249,3.0625,124.335447494085,4.25191657858572,1.8355101361,1.734489,3.7053170064,31.1739032280732,0.127647038192483,0.0116,0.012825,0.013425,0.077392286,5842.11456583765,0.14,0.0179118418999252,"060729A",0.54,0.187520720836463
"060814A",0.861534411,22.00679538,4.22387,1.53,-10.91009489,2.162265614,1.29504,0.97,2.11591,-4.835647144,0.742241541337117,484.299042897189,17.8410777769,2.3409,119.030170508804,4.6753925854868,1.6771286016,0.9409,4.4770751281,23.3834833012754,0.0146412491965932,0.0353,0.034855,0.024565,0,211.475860598359,0.03,0.0010348986003866,"060814A",1.9229,0.465813957269479
"060906A",0.294466226,22.41960057,4.33479,2.03,-11.8827287,1.638489257,1.71887,1.06,2.07859,-5.655607726,0.0867103582546831,502.638489718344,18.7904043441,4.1209,141.199241357804,2.68464704530441,2.9545140769,1.1236,4.3205363881,31.9858987503909,0.0815374132437055,0.08845,0.072145,0.169635,0.005,5251.97897563666,0.11,0.0136079970173461,"060906A",3.686,0.670802284260944
"060908A",0.481442629,21.80952201,2.81918,1,-9.627087997,1.285557309,1.38309,1.185,2.13395,-5.552841969,0.231787005018432,475.655250304674,7.9477758724,1,92.6808233019815,1.65265759472332,1.9129379481,1.404225,4.5537426025,30.8340539326878,0.0299356101990356,0.045185,0.05993,0.04964,0.003474954,2670.39518600681,0.181818182,0.00513598058359029,"060908A",1.8836,0.459935016851525
"060926A",0.037426498,22.50004427,3.351,2.54,-10.84771166,0.903089987,1.45111,1.357,2.00443,-6.659555885,0.001400742752544,506.25199215196,11.229201,6.4516,117.6728482585,0.81557152461966,2.1057202321,1.841449,4.0177396249,44.3496845854381,0.0658325115034435,0.08245,0.09927,0.11561,0.009157091,98315.1405671832,0.23,0.0222250970063741,"060926A",3.2,0.6232492903979
"060927A",0.431363764,22.10710478,3.15198,0.9,-10.77728353,1.352953912,1.39098,0.83,1.94856,-5.946921557,0.186074696892248,488.724081753899,9.9349779204,0.81,116.149840286009,1.8304842879961,1.9348253604,0.6889,3.7968860736,35.3658760051113,0.0249377639674928,0.08115,0.108435,0.118785,0.178498106,10044.3224338419,0.242424242,0.0043983522714937,"060927A",5.47,0.8109042806687
"061021A",0.78604121,20.87141063,3.23849,1.3,-10.04095861,1.664641976,1.01707,0.785,1.99282,-5.528708289,0.617860783818264,435.615781686077,10.4878174801,1.69,100.820849807733,2.77103290826118,1.0344313849,0.616225,3.9713315524,30.5666153448573,0.0507507174713444,0.0264,0.03399,0.010415,0.016800037,2174.23546173133,0.06,0.00136411178941135,"061021A",0.3463,0.129141845792285
"061121A",1.324282455,21.75351565,3.78753,1.41,-10.03011836,1.90982337,1.35185,0.9485,1.90181,-4.863279433,1.75372402062083,473.215443134795,14.3453835009,1.9881,100.603274315609,3.64742530459816,1.8274984225,0.89965225,3.6168812761,23.6514868434408,0.246558916936231,0.01265,0.01703,0.01585,0.002358211,199.977234329801,0.03,0.000194877422777606,"061121A",1.314,0.364363354615731
"070110A",-0.22184875,21.3989672,4.26825,1.58,-11.04866248,1.946550511,1.42725,1.186,2.08596,-5.790484985,0.0492168678765625,457.915797226676,18.2179580625,2.4964,122.07294259696,3.78905889187436,2.0370425625,1.406596,4.3512291216,33.5297163615105,0.0711120769415451,0.05475,0.053995,0.046555,0.12166788,7761.79809938012,0.12,0.0628705654505522,"070110A",2.352,0.525304009958239
"070208A",-0.045757491,21.8647258,3.44468,1.94,-10.86327943,1.806179974,1.2125,1.14,2.20341,-6.351639989,0.00209374798261508,478.066234309186,11.8658203024,3.7636,118.010839974261,3.26228609847864,1.47015625,1.2996,4.8550156281,40.3433305498639,0.153546286600926,0.1619,0.14114,0.06357,0.015,96198.8705900588,0.36,0.0512278682050789,"070208A",1.165,0.335457900689384
"070223A",-0.161150909,21.70173804,4.22335,1.85,-11.86327943,1.9408513687054,0.991734,1.03,2.25837,-5.769551079,0.0259696154715263,470.965433956783,17.8366852225,3.4225,140.737398834261,3.76690403540562,0.983536326756,1.0609,5.1002350569,33.2877196531901,0.0402373538487879,0.16615,0.203105,0.079308,0.06,4744.66108770945,0.072727273,0.0823548608140042,"070223A",1.6295,0.419873175149476
"070306A",0.609594409,22.44245468,4.86926,1.66,-11.2737,2.321184027,1.89982,0.831,1.94468,-5.269217724,0.371605343484059,503.663772063854,23.7096929476,2.7556,127.09631169,5.38789528719994,3.6093160324,0.690561,3.7817803024,27.7646554229157,0.134263479640872,0.0335,0.02824,0.06188,0.001,1863.67467004326,0.1,0.002391107508181,"070306A",1.4959,0.397227181043161
"070508A",1.382017043,21.89306622,3.02525,1.1,-9.161150909,1.320146286,1.37377,0.764,1.82568,-4.707743929,1.90997110714246,479.306348513305,9.1521375625,1.21,83.9266859774715,1.74278621643959,1.8872440129,0.583696,3.3331074624,22.1628529010364,0.0152922340458476,0.010795,0.01189,0.013355,5e-04,134.035286797259,0.060606061,0.00019809083138423,"070508A",0.82,0.260071387985075
"070521A",0.814913181,22.27524914,3.55243,1.1,-10.01233374,1.57863921,1.44502,0.98,2.00022,-5.096367484,0.664083492567539,496.186724249071,12.6197589049,1.21,100.246826921142,2.49210175534942,2.0880828004,0.9604,4.0008800484,25.9729615319725,0.0323072045959819,0.04901,0.04844,0.0562,0.147518075,520.327568240774,0.121212121,0.00119427963155013,"070521A",2.0865,0.489466281303128
"070529A",0.155336037,22.56252244,3.09323,1.34,-10.24641694,2.038222638,1.21432,0.76,1.97999,-5.590066877,0.0241292843908654,509.067418855503,9.5680718329,1.7956,104.989060108319,4.15435152205568,1.4745730624,0.5776,3.9203604001,31.2488476893325,0.0794726286723922,0.0552,0.068045,0.03501,0.015,6996.30058980722,0.16,0.0332046609947927,"070529A",2.4996,0.544018407858776
"070802A",-0.397940009,21.91375294,3.92184,1.79,-11.6716204,1.214843848,1.16348,0.78,1.99014,-6.552841969,0.15835625076292,480.212567915359,15.3808289856,3.2041,136.226722761696,1.47584557502345,1.3536857104,0.6084,3.9606572196,42.9397378706878,0.079968777148268,0.17395,0.236245,0.2088785,0.045,120288.072084526,0.27,0.117882311290408,"070802A",2.45,0.537819095073274
"070809A",0.079181246,20.80619355,4.18985,1.69,-11.9625735,1.16168428403346,1.17521,0.396,1.37246,-7,0.00626966971811252,432.897690040062,17.5548430225,2.8561,143.103164742902,1.34951037577033,1.3811185441,0.156816,1.8836464516,49,0.00812673734142058,0.1917,0.206985,0.395643,0.0595,114298.690111723,0.133333333,0.00588357934847585,"070809A",0.2187,0.0858968111315881
"071003A",0.799340549,20.86974084,4.78411,1.36,-11.67760082,2.170643023,1.97901,0.837,1.91015,-5.080921908,0.638945313275621,435.546082728764,22.8877084921,1.8496,136.366360911265,4.71169113329858,3.9164805801,0.700569,3.6486730225,25.8157674351944,0.0131768929142836,0.1359,0.098505,0.183105,0.032,821.360276804957,0.07,0.00190084856079545,"071003A",1.60435,0.415699348887829
"071020A",0.924279286,20.99642367,2.311950854,1.11,-9.169411331,0.62324929,1.119196934,0.844,1.59788,-5.638272164,0.85429219852867,440.849806930136,5.34511675131133,1.2321,84.0781041570712,0.388439677485504,1.252601777075,0.712336,2.5532204944,31.7901129953372,0.0601790285006581,0.035099822,0.039262062,0.011153209,0.001,3565.43854882314,0.05,0.000801920469705523,"071020A",2.145,0.497620649781288
"071117A",1.053078443,22.04291793,3.901990464,1.57,-11.23542972,0.819543936,1.104952391,0.94,2.0457,-5.619788758,1.1089742071113,485.890230868716,15.2255295811469,2.4649,126.234880993059,0.671652263034372,1.22091978637662,0.8836,4.18488849,31.5820256845432,0.120079755643196,0.101024385,0.117162967,0.089387802,0.01,3274.50855183053,0.06,0.000590842500629893,"071117A",1.331,0.367542273520577
"080310A",0.113943352,21.025718487627,4.32608056,2.32,-11.3990271,2.560456622,1.59590648,0.878,2.09352,-5.638272164,0.0129830874649959,442.080837920941,18.7149730116099,5.3824,129.937818826534,6.55593811314365,2.54691749290599,0.770884,4.3828259904,31.7901129953372,0.0207895824764161,0.04247343,0.03798676,0.065276352,0.0375,7130.87709764628,0.16,0.0223209110124826,"080310A",2.42,0.534026106056135
"080411A",1.635483747,21.57289018,4.20932562,1.75,-10.11350927,1.748188027,1.28909841,0.91,1.97674,-4.578396073,2.67480708670116,465.38959071834,17.7184221751884,3.0625,102.283069754376,3.05616137774615,1.66177471066453,0.8281,3.9075010276,20.9617106012618,0.00776276208190557,0.06043543,0.049275581,0.010296793,0,27.062057148228,0.03,9.09585759323742e-05,"080411A",1.03,0.307496037913213
"080516A",0.255272505,22.03528962,3.77452827,1.82,-11.12090412,0.763427994,0.94016916,1.48,2.3315,-6.585026652,0.065164051808975,485.55398863728,14.2470636610292,3.3124,123.674508446233,0.582822302022864,0.883918049415106,2.1904,5.43589225,43.3625760075503,0.0159503209161228,0.077803665,0.111057696,0.084888358,0.03,111604.554976063,0.27,0.0174640461080635,"080516A",3.2,0.6232492903979
"080607A",1.36361198,22.38386741,3.46298403,1.31,-10.0540393,1.899984563,1.7256074,1.06,2.03418,-4.619788758,1.85943763199952,501.03752022846,11.992258392035,1.7161,101.083706245944,3.6099413396383,2.97772089893476,1.1236,4.1378882724,21.3424481685432,0.0179615292332226,0.11042072,0.069659314,0.037637388,0.02,0,0.04,0.000388809937087499,"080607A",3.036,0.605951157564873
"080710A",0,20.89722339,4.09266933,1.47,-11.23284413,2.077948999,1.52133785,1.3,2.00149,-5.853871964,0,436.693945411563,16.7499422447226,2.1609,126.176787248875,4.3178720424451,2.31446885384262,1.69,4.0059622201,34.2678169709052,0.063286086716648,0.06269498,0.054210787,0.06401643,0.150517844,19246.0915661414,0.23,0.0377223392370084,"080710A",0.845,0.265996370495079
"080810A",0.301029996,21.45079548,3.2687548,1.34,-9.931814138,2.03666881,1.44529526,1.079,2.11482,-5.337242168,0.09061905849176,460.136626724788,10.684757942523,1.7956,98.6409320717767,4.14801984162682,2.08887838857847,1.164241,4.4724636324,28.4861539598773,0.0173110727824034,0.031830706,0.039738688,0.036139295,0.0015,1782.71927303226,0.06,0.00943058480195555,"080810A",3.35,0.638489256954637
"080928A",0.322219295,21.51035195,4.08450503,1.77,-11.1260984,2.368584372,1.76031774,0.99,2.13864,-5.602059991,0.103825274070297,462.695241012869,16.6831813400953,3.1329,123.790065606483,5.61019192728263,3.09871854575871,0.9801,4.5737810496,31.3830761427629,0.0386609346233468,0.064484035,0.047916769,0.075970735,0,6035.57437759419,0.12,0.0042769093064043,"080928A",1.692,0.430075055551939
"081007A",0.414973348,21.69605744,3.58176278,2.51,-10.58502665,0.958563883,1.00469263,0.92,2.102,-6.148741651,0.172202879550329,470.718908439779,12.8290246121933,6.3001,112.04278918121,0.918844717792038,1.00940728077632,0.8464,4.418404,37.8070238907422,0.140327919478768,0.053161115,0.084284398,0.039134851,0.005,29932.4253002206,0.2,0.0111604554976063,"081007A",0.5295,0.184549481320698
"081008A",0.113943352,21.1376737,3.85550833,1.69,-10.79317412,2.268297087,1.47398467,0.84,1.98207,-5.366531544,0.0129830874649959,446.801249447672,14.8649444826994,2.8561,116.492607584638,5.14517167489269,2.17263080739501,0.7056,3.9286014849,28.799660812747,0.0944643171466364,0.06052989,0.056285684,0.063988679,0.025,2040.14811913293,0.07,0.0111604555062413,"081008A",1.9685,0.472537053262077
"081029A",-0.301029996,21.49704581,4.48156171,1.43,-11.86327943,2.431283332,2.51960373,0.87,1.95818,-5.677780705,0.09061905849176,462.122978557239,20.0843953605381,2.0449,140.737398834261,5.91113864046102,6.34840295622991,0.7569,3.8344689124,32.2371937340703,0.0734942688403521,0.083250805,0.04285341,0.169198521,0.001,8553.8184060017,0.18,0.150889357933368,"081029A",3.8479,0.685553652846326
"081221A",1.260071388,21.57331844,2.93195749,1.21,-9.354577731,1.531478917,1.23586126,0.991,2.4947,-4.742321425,1.58777990285625,465.408068513644,8.5963747231671,1.4641,87.5081245253211,2.34542767321549,1.52735305396879,0.982081,6.22352809,22.489612498014,0.0102431891789539,0.0249855,0.031176651,0.012861856,5e-04,172.716060094637,0.13,0.000284705493988357,"081221A",2.26,0.513217600067939
"081230A",-0.15490196,20.67248024,3.66959365,1.97,-11.32975415,0.907209226455443,0.99376498,1.02,2.08621,-6.086186148,0.0239946172118416,427.35143927319,13.4659175561203,3.8809,128.363329099442,0.823028580565884,0.9875688354744,1.0404,4.3522721641,37.0416618281071,0.740704337003765,0.0701444,0.08735027,0.040381418,0.02,13604.5023974288,0.096969697,0.0882399347017278,"081230A",2.1,0.491361693834273
"090102A",0.740362689,21.72376179,3.15380077,1.36,-9.457174573,1.432006687,1.42487631,0.667,1.76997,-7.167491087,0.548136911263311,471.921826308664,9.94645929685259,1.8496,89.4381509041977,2.05064315161272,2.03027249879922,0.444889,3.1327938009,51.3729284822244,0.0359770577590371,0.036239983,0.041590346,0.021786596,0.002673458,122369.182597888,0.08,0.00498807798591989,"090102A",1.547,0.406028944963615
"090205A",-0.301029996,21.81792086,3.70655,2.15,-11.3419886,0.944482672,1.29089,1.01,2.03416,-6.721246399,0.09061905849176,476.021670653223,13.7385129025,4.6225,128.64070540253,0.89204751770826,1.6663969921,1.0201,4.1378069056,45.1751531560705,0.0885407574117407,0.13445,0.114585,0.084185,0.025,156741.022585521,0.23,0.0754446785323893,"090205A",4.6497,0.752025387323213
"090423A",0.230448921,22.7516324,3.91521772,0.8,-11.2798407,0.989894564,1.43267533,0.77,1.8158,-6.229147988,0.0531067051900642,517.63677686473,15.328929795002,0.64,127.234806217376,0.97989124783675,2.05255860119061,0.5929,3.29712964,38.8022846564045,0.047195797531391,0.08569564,0.077643595,0.064053366,0.005,21673.2776618835,0.5,0.0130527127454836,"090423A",8.26,0.966610986681934
"090424A",1.851258349,21.63012977,2.99599056,1.19,-9.050609993,1.681241237,1.1284106,0.924,1.96315,-4.677780705,3.42715747474221,467.86251386704,8.97595943560911,1.4161,81.9135412453915,2.82657209698929,1.27331048219236,0.853776,3.8539579225,21.8816323240703,0.0205611924585667,0.011257098,0.013394814,0.005546887,0,0,0.15,7.48310617213456e-05,"090424A",0.544,0.188647295999717
"090519A",-0.22184875,22.13069392,3.44619,1.02,-11.76000021,1.806179974,1.42452,0.63,1.46604,-5.920818754,0.0492168678765625,489.767613380725,11.8762255161,1.0404,138.2976049392,3.26228609847864,2.0292572304,0.3969,2.1492732816,35.0560947177181,0.0559162050267847,0.21145,0.24029,0.3065,0.03,13098.0345793683,0.2,0.104784275992195,"090519A",3.85,0.685741738602264
"090529A",-0.397940009,21.0064782044289,4.472757799,2,-12.1873998,1.837651558,0.8815438,0.64,2.22623,-6.167491087,0.15835625076292,441.272126553145,20.0055623285153,4,148.53271388504,3.37696324861983,0.77711947131844,0.4096,4.9561000129,38.0379463082244,0.0664439832683159,0.11547934,0.21900534,0.113675222,0.125,69342.5353152435,0.3,0.117882311290408,"090529A",2.625,0.559308010907013
"090530A",0.397940009,20.90942658,3.6839464,1.61,-11.16052195,1.681241237,0.88610581,1.09,2.03975,-5.958607315,0.15835625076292,437.204119904411,13.571461078073,2.5921,124.557250196432,2.82657209698929,0.785183506515756,1.1881,4.1605800625,35.5050011343715,0.323703994876218,0.089175625,0.115365029,0.038514202,0.035,15587.7437432909,0.17,0.00905336147953239,"090530A",1.266,0.355259905527378
"090618A",1.589949601,21.39200012,3.67275453,1.42,-9.640164518,2.05388479,1.30942861,0.8945,1.82831,-3.978810701,2.52793973372006,457.61766913408,13.4891258376355,2.0164,92.9327719341062,4.21844273059334,1.71460328468653,0.80013025,3.3427174561,15.8309345943921,0.00227692361547263,0.009695255,0.014245613,0.010591616,0.002482662,17.1076372388536,0.08,9.97147499690192e-05,"090618A",0.54,0.187520720836463
"090809A",0.041392685,21.91952315,4.56066,1.34,-11.8559,0.73239376,1.6367,0.96,1.94644,-6.468521083,0.00171335437150922,480.465495123386,20.7996196356,1.7956,140.56236481,0.536400619686938,2.67878689,0.9216,3.7886286736,41.8417650012155,0.0978170519448906,0.338,0.237865,0.319405,0.01,81579.4542768195,0.24,0.0311754870917686,"090809A",2.737,0.572523097849638
"090812A",0.556302501,21.77771022,3.52924,1.24,-10.16730017,1.824125834,1.37252,0.53,1.88559,-5.236572006,0.309472472618855,474.268662426292,12.4555349776,1.5376,103.373992746882,3.3274350582662,1.8838111504,0.2809,3.5554496481,27.4216863740229,0.0954430381608785,0.10615,0.13258,0.08412,0.015,1121.35374238754,0.05,0.00291067430887943,"090812A",2.452,0.538070787043172
"090927A",0.301029996,21.01785522,4.20121889,1.8,-11.6716204,0.342422681,1.13087741,0.92,2.06549,-6.698970004,0.09061905849176,441.750238048881,17.6502401616928,3.24,136.226722761696,0.117253292463228,1.27888371644831,0.8464,4.2662489401,44.8761991144918,0.0791400972158072,0.076268475,0.093241949,0.074843971,0.01,141458.772029333,0.2,0.00943058480195555,"090927A",1.37,0.374748346010104
"091018A",1.012837225,21.19187281,2.89655535,1.77,-9.627087997,0.639486489,1.18074867,0.91,1.98015,-5.853871964,1.0258392443457,449.095473195217,8.39003289561362,3.1329,92.6808233019815,0.408942969613547,1.39416742170677,0.8281,3.9209940225,34.2678169709052,0.0598714492362227,0.024288603,0.034497878,0.016335114,0.002061639,9623.04562796554,0.24,0.000711138450425608,"091018A",0.971,0.294686624279443
"091020A",0.62324929,21.70587483,2.95265011,1.53,-9.71219827,1.590061231,1.17417264,0.895,2.08587,-5.431798276,0.388439677485504,471.145002135627,8.71814267208301,2.3409,94.326795235791,2.52829471832924,1.37868138852457,0.801025,4.3508536569,29.5044325111566,0.0544128110188212,0.034480687,0.045271255,0.018244861,0.002182887,1377.73339561699,0.07,0.00320768188130392,"091020A",1.71,0.432969290874406
"091029A",0.255272505,21.45058625,4.30368998,1.46,-11.34678749,1.593286067,1.12123368,1.064,2.11535,-5.619788758,0.065164051808975,460.127650468689,18.5217474439524,2.1316,128.74958634322,2.53856049129633,1.25716496516634,1.132096,4.4747056225,31.5820256845432,0.0535069670717355,0.02563352,0.034224003,0.026782025,0.002,3274.50855183053,0.27,0.00582134862226292,"091029A",2.752,0.574262829707027
"091127A",1.667452953,20.87872913,3.98466812,2.05,-9.844663963,0.84260924,1.39581701,0.758,1.80187,-5.045757491,2.78039935046842,435.921330083911,15.8775800265443,4.2025,96.9174085443909,0.709990331333378,1.94830512540534,0.574564,3.2467354969,25.4596686579826,0.0093822306004846,0.018562516,0.021935207,0.013587309,0.00244132,698.561854514012,0.07,0.00023551928908673,"091127A",0.49,0.173186268412274
"050416A",0.688419822,21.75162856,2.99481,3.08,-10.5559552,0.397940009,0.842217,0.9,2.06183,-6.435333936,0.473921851322512,473.133345012208,8.9688869361,9.4864,111.428190184407,0.15835625076292,0.709329475089,0.81,4.2511429489,41.4135228678333,0.0771432232434421,0.0484,0.070765,0.0149485,0.005,51812.9375456888,0.22,0.0038016332352199,"050416A",0.6528,0.218220304175545
"050820A",0.389166084,21.61964524,3.750945731,1.25,-10.01818139,1.414973348,1.136499703,0.9,1.96878,-5.463441557,0.151450240935895,467.409060303455,14.0695938769071,1.5625,100.363958362942,2.00214957555033,1.29163157491909,0.81,3.8760946884,29.8491936467546,0.378773543191014,0.266741013,0.238477529,0.012525701,0.0405,3857.15512761613,0.12,0.007227103697097,"050820A",2.6147,0.558072259099146
"050922C",0.860936621,21.44930866,2.52429,1.37,-9.477555766,0.653212514,1.22035,1.064,2.2119,-5.790484985,0.741211865378898,460.072841991951,6.3720400041,1.8769,89.8240632976399,0.4266865884462,1.4892541225,1.132096,4.89250161,33.5297163615105,0.0434736058796182,0.03194,0.034305,0.013275,0.013,3880.89918373157,0.06,0.00114510509712601,"050922C",2.198,0.504878459410216
"051016B",0.113943352,21.71466751,4.25742,2.4,-11.59006688,0.602059991,1.14771,0.73,1.89482,-6.769551079,0.0129830874649959,471.52678506985,18.1256250564,5.76,134.329650282873,0.36247623276292,1.3172382441,0.5329,3.5903428324,45.8268218111901,0.0509829166339321,0.04535,0.058175,0.04854,0.005,143579.837901114,0.23,0.0178567288768006,"051016B",0.9364,0.286995073968852
"051109A",0.595496222,21.97057233,3.91123,1.51,-10.51999306,1.57054294,1.22299,1.06,2.06584,-5.657577319,0.354615750416273,482.706048507762,15.2977201129,2.2801,110.670253982448,2.46660512638384,1.4957045401,1.1236,4.2676949056,32.0081811204632,0.0827679937346041,0.04815,0.04637,0.019155,0.054794381,10599.6655161413,0.2,0.00838349810284054,"051109A",2.346,0.524525936626376
"051109B",-0.259637311,21.36742302,3.65548,1.97,-11.57511836,1.155336037,1.251,1.06,2.12549,-6.591760035,0.0674115332633107,456.566766515626,13.3625340304,3.8809,133.983365048009,1.33480135839087,1.565001,1.1236,4.5177077401,43.4513003590232,0.114743908376789,0.0922,0.126645,0.12217,0.01,117997.430810171,0.24,0.0810562665802752,"051109B",0.08,0.0334237554869497
"060223A",0.130333768,22.49782636,2.78682,1.74,-10.9636,1.053078443,1.1892,0.81,2.01015,-6.171984936,0.0169868910810778,506.152190924711,7.7663657124,3.0276,120.20052496,1.1089742071113,1.41419664,0.6561,4.0407030225,38.0933980502109,0.042104904450281,0.1982,0.23477,0.18005,0.045,19988.4783960126,0.12,0.0186283158010624,"060223A",4.41,0.73319726510657
"060502A",0.227886705,21.45692297,3.3865,1.46,-10.55284197,1.45331834,0.897152,0.87,2.02719,-5.63638802,0.051932350315757,460.399543340514,11.46838225,2.1316,111.362473643793,2.11213419738036,0.804881711104,0.7569,4.1094992961,31.7688699119995,0.150287880735964,0.05675,0.075085,0.0205255,0.015,3605.32835371532,0.08,0.0138680214151639,"060502A",1.5026,0.398391440229475
"060510B",-0.244125144,22.00215742,4.43617,1.78,-12.2656,2.43964843,1.00735,1.38,2.1317,-5.390405591,0.0595970859330207,484.094931134461,19.6796042689,3.1684,150.44494336,5.95188446200147,1.0147540225,1.9044,4.54414489,29.0564724354841,0.0335971369822932,0.2206,0.31628,0.2313695,0.03,2003.97580621777,0.08,0.0638574536893906,"060510B",4.9,0.770852011642144
"060912A",0.933487288,21.36738202,2.455171016,1.74,-10.1079054,0.698970004,1.045731532,0.63,1.8948,-5.869666232,0.871398516857595,456.565014388619,6.02786471780647,3.0276,102.169751575349,0.48855906649176,1.09355443701907,0.3969,3.59026704,34.4529816750811,0.0503781599397554,0.147419953,0.156564864,0.028937785,0.0785,6416.41981196936,0.09,0.00112731873681498,"060912A",0.937,0.287129620719111
"061222A",0.930949031,22.56660835,3.92091,1.35,-9.954677021,1.853698212,1.35061,0.86,1.92748,-5.097453221,0.866666098319839,509.25181242229,15.3735352281,1.8225,99.0955945924254,3.436197061172,1.8241473721,0.7396,3.7151791504,25.9840293402833,0.0973208922530927,0.02311,0.024435,0.018075,0.005,466.801397033827,0.04,0.000673975191590261,"061222A",2.088,0.489677291663699
"070714B",0.431363764,21.64321572,3.22974,1.36,-10.74232143,1.806179974,1.64623,0.93,2.07429,-6.142667504,0.186074696892248,468.428786702455,10.4312204676,1.8496,115.397469705437,3.26228609847864,2.7100732129,0.8649,4.3026790041,37.7323640646976,0.0570608478017886,0.09935,0.0946,0.108425,0.005,32745.0861757534,0.19,0.00517453221657478,"070714B",0.923,0.28397928423848
"070721B",0.176091259,21.89473409,3.94739,1.34,-10.50863831,2.531478917,2.5054,0.52,1.52512,-5.443697499,0.0310081314962051,479.379380871808,15.5818878121,1.7956,110.4314791304,6.40838550721549,6.27702916,0.2704,2.3259910144,29.6338424606189,0.0272330828957319,0.3648,0.10084,0.09144,0,2910.67430887943,0.11,0.0251482261612299,"070721B",3.626,0.6652056284346
"070810A",0.278753601,21.93100401,3.36583,2.04,-10.77728353,1.041392685,1.36994,1.02,2.17076,-6.161150909,0.0777035700704672,480.968936886636,11.3288115889,4.1616,116.149840286009,1.08449872437151,1.8767356036,1.0404,4.7121989776,37.9597805234715,0.197037086589132,0.06175,0.07187,0.077915,0.01,23769.5903101443,0.14,0.0104494015818934,"070810A",2.17,0.501059262217751
"080319B",1.394451681,20.8771334,5.36799912,1.04,-12.15181088,1.68090255756894,1.42250979,0.73,1.81426,-4.091514981,1.94449549064373,435.854699001396,28.8154145523208,1.0816,147.666507663286,2.82543340804182,2.02353410264584,0.5329,3.2915393476,16.7404948397474,0.00162180613819454,0.097779455,0.087626454,0.075139905,0,28.7473993974167,0.02,0.000153332867801245,"080319B",0.937,0.287129620719111
"080905B",-0.301029996,22.33533151,3.67820615,1.78,-10.11125904,2.10720997,1.36946226,0.375,1.86248,-5.744727495,0.09061905849176,498.867033661599,13.5292004818978,3.1684,102.237559373982,4.4403338576674,1.87542688156431,0.140625,3.4688317504,33.001893991809,0.0951998384562338,0.03236457,0.038825489,0.033301752,0.00558525,11642.6972445258,0.15,0.0754446785323893,"080905B",2.374,0.528145078253106
"080916A",0.431363764,21.7431239,3.60698,1.17,-10.75269955,1.77815125,0.998947,0.83,1.88453,-5.397940009,0.186074696892248,472.763436930751,13.0103047204,1.3689,115.62054761257,3.16182186787656,0.997895108809,0.6889,3.5514533209,29.1377563407629,0.0457883734954798,0.0592,0.073495,0.0260505,0.01,1178.82310204672,0.21,0.00517453221657478,"080916A",0.6887,0.227552503379865
"081028A",-0.301029996,20.90308999,4.75426,1.25,-11.3994,2.414973348,2.20023,0.945,2.51,-5.431798276,0.09061905849176,436.939171130038,22.6029881476,1.5625,129.94632036,5.83209627155033,4.8410120529,0.893025,6.3001,29.5044325111566,0.0544346314312377,0.0572,0.03025,0.054715,5e-04,2755.4666738571,0.38,0.0754446785323893,"081028A",3.038,0.60616631460762
"081203A",0.462397998,21.66176916,4.02089,1.54,-10.9243983,2.46834733,1.86904,0.82,2.03508,-5.113509275,0.213811908554408,469.232243141127,16.1675563921,2.3716,119.342478217043,6.09273854151813,3.4933105216,0.6724,4.1415506064,26.147977105511,0.122562443871835,0.05695,0.03932,0.064395,0.0325,954.351633611598,0.06,0.00448541497302058,"081203A",2.1,0.491361693834273
"090418A",0.278753601,22.02365981,3.52813657,1.48,-10.04720756,1.748188027,1.52909667,0.98,2.03408,-5.337242168,0.0777035700704672,485.041591426609,12.4477476565714,2.1904,100.946379753721,3.05616137774615,2.33813662620509,0.9604,4.1374814464,28.4861539598773,0.0320230997079162,0.028659405,0.030759021,0.042154514,0.003531332,1782.71927303226,0.07,0.0156741022585521,"090418A",1.608,0.416307587059883
"090516A",0.204119983,21.19589965,4.33113504,1.84,-11.27490548,2.322219295,1.76098314,0.502,2.09,-5.045757491,0.0416649674599203,449.26616197287,18.7587307347158,3.3856,127.123493582934,5.3927024540703,3.10106161936426,0.252004,4.3681,25.4596686579826,0.132356413451328,0.03779605,0.029715315,0.053351589,0.479087085,1397.12366077308,0.11,0.0147352887527822,"090516A",4.109,0.708335902682263
"091109A",0.113943352,21.89596701,3.37933883,1.31,-11.14630179,1.681241237,1.06152816,0.89,1.96352,-5.795880017,0.0129830874649959,479.433371303008,11.4199309279458,1.7161,124.240043593757,2.82657209698929,1.12684203447299,0.7921,3.8554107904,33.5922251714599,0.15117163716416,0.05941034,0.074268877,0.033719571,0.03,14735.2887527822,0.25,0.0446418216908924,"091109A",3.076,0.610234175334389
"091208B",1.181843588,21.91211094,3.31388094,1.74,-10.18045606,1.173186268,1.1606541,0.86,2.03333,-5.48148606,1.39675426649671,480.140605846868,10.9818068844953,3.0276,103.641685589591,1.37636601942377,1.34711793984681,0.7396,4.1344308889,30.0466894259743,0.0844607534610546,0.036806415,0.052928177,0.030502454,0.034663611,3463.94305182866,0.11,0.000816359480712774,"091208B",1.063,0.314499227973151
"100316B",0.113943352,21.41315218,3.5543767,2.23,-11.1481304,0.579783597,1.36246063,1.08,2.23535,-6.698970004,0.0129830874649959,458.523086283839,12.6335937255029,4.9729,124.280811415404,0.336149019350258,1.8562989683,1.1664,4.9967896225,44.8761991144918,0.0508837165764397,0.10431242,0.207348761,0.13322096,0.02,94305.8480195556,0.18,0.0111604555062413,"100316B",1.18,0.338456493604605
"100418A",0,21.90370028,5.54363,2.16,-12.48811664,0.84509804,1.81145,0.84,2.26662,-6.468521083,0,479.772085956072,30.7318335769,4.6656,155.953057214245,0.714190697211842,3.2813511025,0.7056,5.1375662244,41.8417650012155,0.059763875267383,0.10745,0.075475,0.16786,0.01,81579.4542768195,0.25,0.0377223392370084,"100418A",0.6235,0.21045229296202
"100425A",0.146128036,20.53466438,3.60199415,2.42,-11.50168945,1.568201724,0.86819371,1.46,2.17077,-6.327902142,0.0213534029052173,421.672441199241,12.9743618566342,5.8564,132.288860204241,2.45925664715657,0.753760318083564,2.1316,4.7122423929,40.0423455187282,0.0442926372724909,0.070859065,0.115125536,0.055076895,0.035,76844.9646985677,0.32,0.0192460915661414,"100425A",1.755,0.440121603187804
"100513A",-0.22184875,22.05240534,3.74522911,1.62,-11.57186521,1.924279286,0.96306136,1.36,2.25722,-5.853871964,0.0492168678765625,486.30858127966,14.0267410863914,2.6244,133.908064438408,3.70285077052867,0.92748718312505,1.8496,5.0950421284,34.2678169709052,0.0768849139302361,0.09817689,0.128616618,0.061569437,0.025,9623.04562796554,0.14,0.0523921383580096,"100513A",4.772,0.761326322421457
"100621A",1.10720997,22.28454803,3.64164386,1.9,-9.804100348,1.803457116,0.94079321,0.27,2.3024,-4.677780705,1.2259139176674,496.601080901377,13.2615700030757,3.61,96.1203836336537,3.25245756925104,0.885091863982104,0.0729,5.30104576,21.8816323240703,0.0114965181711467,0.041282476,0.060455075,0.024177265,0.150679792,0,0.03,0.000345358334378083,"100621A",0.542,0.188084373714938
"100704A",0.633468456,21.52730245,3.62503495,1.73,-10.35163999,2.2955671,1.01294211,1.29,2.11575,-5.22184875,0.401282284747024,463.424750773776,13.1408783887215,2.9929,107.156450482567,5.26962831060241,1.02605171821125,1.6641,4.4763980625,27.2677043678766,0.0511462884983093,0.04763446,0.053639373,0.01813996,0.01,1047.84278163667,0.06,0.00204014811913293,"100704A",3.6,0.662757831681574
"100728A",0.707570176,21.52592288,4.03148606,1.18,-10.17587417,2.297760511,1.5588143,0.96,1.90402,-4.420216403,0.500655553964671,463.365355835707,16.2528798519743,1.3924,103.548415123673,5.27970336591098,2.42990202188449,0.9216,3.6252921604,19.5383130493503,0.0276692267863542,0.0760751,0.053762484,0.034265796,0.005,0,0.02,0.00145030138684342,"100728A",1.567,0.409425868671443
"100814A",0.397940009,20.89608288,5.22729477,1.47,-11.49349497,2.241795431,1.76532941,1.1425,1.89414,-5.045757491,0.15835625076292,436.646279727829,27.3246106124694,2.1609,132.100426625415,5.02564675445248,3.11638792581095,1.30530625,3.5877663396,25.4596686579826,0.0235643330529017,0.04362636,0.035347138,0.084015169,0.01745135,465.70787083938,0.04,0.00603557437759419,"100814A",1.44,0.387389826338729
"100816A",1.037426498,21.34783526,3.97801299,0.73,-11.5559552,0.462397998,1.04455013,1.09,1.91138,-5.698970004,1.07625373875254,455.730070288099,15.8245873486087,0.5329,133.540100584407,0.213811908554408,1.09108497408302,1.1881,3.6533735044,32.4782591064918,0.0930248425840856,0.08674922,0.112014005,0.047175154,0.015,4715.29240097778,0.24,0.000635002760226822,"100816A",0.804,0.256236533205923
"100901A",-0.096910013,21.53188109,4.91124,1.52,-11.34103516,2.64246452,1.50754,1.075,1.98285,-5.677780705,0.00939155061966017,463.6219032739,24.1202783376,2.3104,128.619078500356,6.98261873945883,2.2726768516,1.155625,3.9316941225,32.2371937340703,0.0223211438768381,0.0283,0.02425,0.036255,5e-04,12830.727712406,0.21,0.0589411550567323,"100901A",1.408,0.381656482585787
"100906A",1.004321374,21.96198081,3.94074768,1.78,-10.4698003,2.058426024,1.71220056,0.87,2.02817,-4.920818754,1.00866142227325,482.328601098808,15.5294922774254,3.1684,109.61671832188,4.23711769628045,2.93163075766431,0.7569,4.1134735489,24.2144572097181,0.00604043448603348,0.048743085,0.039933316,0.059340084,0,0,0.03,0.000739581185594643,"100906A",1.727,0.43568513794163
"101219B",-0.22184875,20.49692965,4.42003952,1.56,-11.99567863,1.531478917,0.66918137,0.94,1.85684,-5.677780705,0.0492168678765625,420.124125077049,19.5367493583618,2.4336,143.896305794239,2.34542767321549,0.447803705955077,0.8836,3.4478547856,32.2371937340703,0.0692396240032236,0.089446275,0.166829365,0.039390628,0.105,17107.6368120034,0.16,0.157176414350205,"101219B",0.55,0.190331698170291
"110213A",0.204119983,21.56708403,3.84089,1.83,-9.896196279,1.681241237,1.8412,1.1905,1.96436,-5.229147988,0.0416649674599203,465.139113557081,14.7524359921,3.3489,97.9347007924934,2.82657209698929,3.39001744,1.41729025,3.8587102096,27.3439886804045,0.14476482742628,0.03588,0.023515,0.02785,0.226362665,2167.32776618835,0.12,0.0442058665297807,"110213A",1.46,0.390935107103379
"110422A",1.487138375,22.02088312,3.50066971,0.86,-9.681936665,1.413299764,1.42239886,0.778,1.89199,-4.387216143,2.21158054639764,484.919293384701,12.2546884185115,0.7396,93.7398975850713,1.99741622292246,2.0232185169293,0.605284,3.5796261601,19.2476654853998,0.00950159657676303,0.024137407,0.029472713,0.022779716,0.005,112.202076651869,0.1,0.000200120634056894,"110422A",1.77,0.442479769064449
"110503A",0.130333768,21.13638759,2.54166555,0.88,-9.08249449,1,1.14649063,0.687,1.90907,-5,0.0169868910810778,446.746880354706,6.4600637680568,0.7744,82.4917061608804,1,1.3144407646778,0.471969,3.6445482649,25,0.147896600362852,0.028998071,0.028887961,0.006289914,0.001,754.446776054279,0.25,0.00620943860035413,"110503A",1.613,0.417139409727326
"110715A",1.731588765,22.0746007,2.61109719,1.25,-9.075720714,1.113943352,0.95853538,0.755,1.85342,-4.928117993,2.99839965107422,487.287996064441,6.8178285356259,1.5625,82.3687064785287,1.240869791465,0.918790074711744,0.570025,3.4351656964,24.2863469529303,0.133629071449258,0.02377653,0.035600881,0.009554076,0.0015,270.915952785432,0.12,7.14140712767968e-05,"110715A",0.82,0.260071387985075
"110731A",1.041392685,21.95954126,5.08952072,1.15,-12.08512818,1.588831726,1.42351927,0.39,1.85145,-5.22184875,1.08449872437151,482.221452349642,25.9032211593093,1.3225,146.05032312703,2.52438625354414,2.02640711206133,0.1521,3.4278671025,27.2677043678766,0.130539784388153,0.097418495,0.090702815,0.110855301,0.13,523.921354627131,0.05,0.000467632308350595,"110731A",2.83,0.583198773968623
"110808A",-0.397940009,21.0498741606011,4.50711,2.32,-12.08440021,1.681241237,0.807091,1.4,2.33721,-6.48148606,0.15835625076292,443.097202177143,20.3140405521,5.3824,146.032728435448,2.82657209698929,0.651395882281,1.96,5.4625505841,42.0096615459743,0.204728382319217,0.0837,0.155655,0.0776,0.025,138557.720757103,0.43,0.235764621495079,"110808A",1.348,0.370698092575577
"110818A",0.204119983,22.06812647,3.84627415,1.58,-11.28316228,2.012837225,1.37167718,0.83,1.95985,-5.397940009,0.0416649674599203,487.002205895915,14.7938248369582,2.4964,127.309751036815,4.0515136943457,1.88149828613275,0.6889,3.8410120225,29.1377563407629,0.0761271870594219,0.05514905,0.059648416,0.067338189,0.01,2357.64620409343,0.11,0.0221029331291733,"110818A",3.36,0.639486489268586
"111008A",0.806179974,22.17059025,3.98993393,1.86,-10.66756154,1.802500068,1.21584288,0.829,1.94053,-5.27572413,0.649926150478641,491.535072033395,15.9195727657652,3.4596,113.796869209687,3.24900649514,1.47827390884669,0.687241,3.7656566809,27.8332650958643,0.0161841207996628,0.028511085,0.035676696,0.027351291,0.001,2014.36490387373,0.09,0.00322334443406988,"111008A",4.9898,0.777412321496744
"111123A",-0.045757491,21.35034301,4.42202873,1.68,-11.60730305,2.462397998,1.46723371,1.25,2.55463,-5.13667714,0.00209374798261508,455.837146644656,19.5543380889454,2.8224,134.729484094539,6.06340390055441,2.15277475976036,1.5625,6.5261344369,26.3854520405986,0.131921983937837,0.07308827,0.070655771,0.105884147,0.005,1061.80348549523,0.07,0.0232853945070678,"111123A",3.1516,0.618215503279417
"111209A",-0.301029996,21.14009932,4.13326,1.48,-9.057000407,2.505149978,2.77382,0.2529,1.81212,-4.443697499,0.09061905849176,446.903799259465,17.0838382276,2.1904,82.0292563723982,6.2757764122734,7.6940773924,0.06395841,3.2837788944,19.7464474626189,0.0401068361866461,0.02099,0.010455,0.04435,5e-05,145.533721475839,0.03,0.0754446785323893,"111209A",0.677,0.224533062606086
"111228A",1.093421685,21.41342718,4.10627835,2.27,-10.65757732,2.005180513,1.15297662,0.99,2.03824,-5.070581074,1.19557098122824,458.534863593163,16.8615218876787,5.1529,113.583954331778,4.02074888971494,1.32935508626662,0.9801,4.1544222976,25.710792428007,0.023242060897345,0.030118345,0.037264425,0.023299272,0,522.108519239801,0.06,0.000613331471679521,"111228A",0.714,0.234010817587179
"120118B",0.342422681,21.451745,3.68307,2.08,-10.95467702,1.36660971,1.0241,1.01,2.20884,-5.744727495,0.117253292463228,460.177363545025,13.5650046249,4.3264,120.004948612516,1.86762209946628,1.04878081,1.0201,4.8789741456,33.001893991809,0.366834332492466,0.1172,0.131765,0.077156,0.005,5821.34862226292,0.11,0.0116908076997196,"120118B",2.943,0.595826777073223
"120327A",0.591064607,22.16619025,3.48517215,1.52,-10.15181088,1.798650645,1.44859414,0.63,1.75797,-5.443697499,0.349357369648064,491.339990199195,12.1464249151356,2.3104,103.059264143286,3.23514414275892,2.09842498244234,0.3969,3.0904585209,29.6338424606189,0.051933835584684,0.04362492,0.051679097,0.058002882,0.02,1455.33721475839,0.06,0.00248010122200827,"120327A",2.813,0.581266805273671
"120404A",0.079181246,21.70983536,3.79948,1.85,-11.02687215,1.587710965,1.90651,0.69,1.89579,-5.795880017,0.00626966971811252,471.316951358306,14.4360482704,3.4225,121.591909412446,2.52082610838123,3.6347803801,0.4761,3.5940197241,33.5922251714599,0.179553274179706,0.11705,0.068285,0.121385,0.005,7367.6443763911,0.13,0.0261960691587366,"120404A",2.876,0.588383768378728
"120422A",-0.22184875,20.95382587,5.23266697,1.19,-12.73992861,0.728353782,0.86153199,1.1,2.32199,-6.638272164,0.0492168678765625,439.062818590281,27.380803618929,1.4161,162.305780987897,0.530499231753704,0.74223736979336,1.21,5.3916375601,44.0666573233372,0.181516258620399,0.11830242,0.217818621,0.214451933,0.035,142617.540064689,0.24,0.104784275992195,"120422A",0.283,0.108226656374928
"120729A",0.462397998,21.34792103,3.52138487,1.62,-10.29756946,1.854306042,2.26312734,0.645,1.8831,-5.619788758,0.213811908554408,455.733732303116,12.4001514026649,2.6244,106.039936783525,3.43845089739771,5.12174535705548,0.416025,3.54606561,31.5820256845432,0.223182009707008,0.06906832,0.047294772,0.130088482,0.013331067,3274.50855183053,0.08,0.00448541497302058,"120729A",0.8,0.255272505103306
"120802A",0.477121255,22.12127744,3.53838419,1.21,-11.17198494,1.698970004,0.54215516,0.91,2.03526,-5.721246399,0.227644691972775,489.350915577453,12.520162676042,1.4641,124.813247499587,2.88649907449176,0.293932217514626,0.8281,4.1422832676,32.7326603580705,0.2694762542188,0.07803221,0.220557212,0.11816229,0.055,15674.1022585521,0.47,0.00419137097537379,"120802A",3.796,0.680879174426811
"120811C",0.612783857,21.91722026,3.15909591,1.4,-10.14327111,1.428134794,1.01613299,0.65,1.92121,-5.522878745,0.375504055399796,480.364543925354,9.97988696857873,1.96,102.885948810961,2.03956898983342,1.03252625336634,0.4225,3.6910478641,30.5021896319728,0.0598545187495629,0.05294686,0.084200302,0.03800099,0.090734018,6287.0565354431,0.3,0.00224404163896285,"120811C",2.671,0.564784384503987
"120907A",0.462397998,21.0438101,3.2113827,1.73,-10.37675071,1.227886705,1.05329104,0.78,1.82021,-6.173925197,0.213811908554408,442.841943524862,10.3129788458593,2.9929,107.676955297485,1.50770576031576,1.10942201494428,0.6084,3.3131644441,38.1173523381515,0.035217186540104,0.04130341,0.062296694,0.028647271,0.005,46218.0588605941,0.25,0.00897082979628443,"120907A",0.97,0.294466226161593
"120922A",0.301029996,21.0163605,3.59799,1.58,-10.59516628,2.238046103,1.06622,1.17,2.06954,-5.207608311,0.09061905849176,441.68740866596,12.9455320401,2.4964,112.257548500849,5.00885035915349,1.1368250884,1.3689,4.2829958116,27.1191843207963,0.075913913084108,0.16365,0.133375,0.03563,0.005,3434.65630010076,0.36,0.00943058480195555,"120922A",3.1,0.612783856719735
"121024A",0.113943352,21.94617755,4.17178823,1.41,-11.31158018,1.838849091,1.30353551,0.87,2.00683,-5.958607315,0.0129830874649959,481.634709056124,17.4038170359665,1.9881,127.951846168569,3.38136597947153,1.69920482583096,0.7569,4.0273666489,35.5050011343715,0.201804932759115,0.063305895,0.065435085,0.06666149,0,15587.7437432909,0.22,0.0223209110124826,"121024A",2.298,0.5182506513085
"121027A",0.113943352,22.07736427,5.40919042,1.82,-11.92081875,1.796574333,1.50995764,1.16,2.37144,-5.698970004,0.0129830874649959,487.410013110273,29.2593409998198,3.3124,142.105919670352,3.22767933399439,2.27997207459437,1.3456,5.6237276736,32.4782591064918,0.03343969322178,0.041584155,0.037953731,0.058939694,0,4715.29240097778,0.09,0.0223209110124826,"121027A",1.773,0.442949869577862
"121128A",1.11058971,22.04029767,3.23392922,1.32,-9.617982957,1.367355921,1.54546584,0.9455,1.98504,-5.161150909,1.23340950395788,485.774721382207,10.4582981999698,1.7424,92.5055961611425,1.86966221469376,2.38846466260691,0.89397025,3.9403838016,26.6374787054715,0.0303933846890459,0.028690024,0.029795568,0.032445001,0.010337721,1584.63935400962,0.18,0.000453366271891632,"121128A",2.2,0.505149978319906
"121211A",0,21.66138196,4.20933518,2.36,-11.2823295,2.260071388,1.15615612,0.95,2.0682,-5.886056648,0,469.215468417013,17.7185026575856,5.5696,127.29095894657,5.10792267885625,1.33669697381345,0.9025,4.27745124,34.645662863465,0.0937486856135703,0.054250775,0.063247159,0.074602829,0.005,29798.4160145835,0.26,0.0565835092898071,"121211A",1.023,0.305995882770805
"130408A",0.69019608,20.06405721,3.58393,1.28,-10.32975415,1.447158031,1.39277,0.945,2.03183,-5.638272164,0.476370628847366,402.566391726153,12.8445542449,1.6384,106.703820799442,2.0942663666878,1.9398082729,0.893025,4.1283331489,31.7901129953372,0.202660966333188,0.077,0.070305,0.0643,0.117120218,14261.7540064689,0.26,0.00785554757169108,"130408A",3.757,0.677333151419902
"130418A",-0.22184875,21.12149747,2.59006,2.07,-9.247183569,2.07200023240372,1.28449,0.198,1.68684,-5.744727495,0.0492168678765625,446.117655375216,6.7084108036,4.2849,85.5104039587836,4.29318496308105,1.6499145601,0.039204,2.8454291856,33.001893991809,0.169579312058568,0.06047,0.06867,0.031625,0.003,11642.6972445258,0.17,0.104784275992195,"130418A",1.218,0.345961541813141
"130420A",0.531478917,20.79265849,3.56731,1.52,-10.8728952,2.091666958,0.914676,1.17,2.29559,-5.148741651,0.282469839215493,432.334647081769,12.7257006361,2.3104,118.219850030183,4.37507066318897,0.836632184976,1.3689,5.2697334481,26.5095405887422,0.0412728533350444,0.05505,0.08535,0.0286905,0.005,1122.4659564043,0.25,0.00326317811997931,"130420A",1.297,0.361160995195026
"130511A",0.113943352,21.01365445,2.65954,1.35,-10.51570016,0.73479983,1.16497,0.65,2.06879,-6.657577319,0.0129830874649959,441.573673344005,7.0731530116,1.8225,110.579949855024,0.539930790168029,1.3571551009,0.4225,4.2798920641,44.3233357584632,0.176931769551824,0.0838,0.089385,0.04916,0.01,155877.435338239,0.31,0.0223209110124826,"130511A",1.3033,0.362350507594848
"130514A",0.447158031,21.19799139,3.68772,1.8,-10.7212464,2.309630167,1.17745,0.65,2.0604,-5.040958608,0.199950304687797,449.354838970514,13.5992787984,3.24,114.945124369513,5.33439150831645,1.3863885025,0.4225,4.24524816,25.4112636875693,0.0272768817014167,0.078,0.078365,0.04188,0.08,455.528809823687,0.05,0.00721728438711364,"130514A",3.6,0.662757831681574
"130604A",-0.096910013,21.35024026,2.071571247,1.51,-8.316052869,1.57634135,1.742079764,0.98,2.08823,-5.853871964,0.00939155061966017,455.832759159725,4.29140743139714,2.2801,69.1567353200031,2.48485205171982,3.0348419041383,0.9604,4.3607045329,34.2678169709052,0.0525216608675702,0.166441725,0.100184013,0.041653571,0.015,9623.04562796554,0.12,0.0589411550567323,"130604A",1.06,0.313867220369153
"130606A",0.414973348,20.24962877,3.30222,1.52,-10.18045606,2.441820772,1.37571,0.44,1.86465,-5.537602002,0.172202879550329,410.047465322812,10.9046569284,2.3104,103.641685589591,5.96248868257068,1.8925780041,0.1936,3.4769196225,30.6650359325544,0.0303226795160044,0.06815,0.07782,0.05186,0.045,4485.41497302057,0.12,0.00558022774880315,"130606A",5.913,0.839666556882433
"130831A",1.133538908,21.65363309,3.31959,1.93,-9.89279003,1.511883361,1.28481,1.01,1.79449,-5.187086643,1.28491045594983,468.879825996343,11.0196777681,3.7249,97.8672945776674,2.28579129726866,1.6507367361,1.0201,3.2201943601,26.905867841989,0.0249128885159663,0.054815,0.089045,0.06727,0.009011148,89.2836626214968,0.05,0.000611845913924873,"130831A",0.4791,0.16999753706657
"131030A",1.44870632,20.84178667,2.84594,1.3,-9.294136288,1.613841822,1.11188,0.693,2.09466,-4.537602002,2.09875000160794,434.38007159779,8.0993744836,1.69,86.3809693399184,2.60448542643628,1.2362771344,0.480249,4.3876005156,20.5898319285544,0.0427179076225292,0.025175,0.027575,0.00815,0.0075,0,0.03,0.000167206837487806,"131030A",1.295,0.36078268987328
"131105A",0.544068044,21.32749584,3.9488,1.45,-10.91009489,2.050379756,1.19347,0.94,2.24976,-5.148741651,0.296010036501986,454.862078805217,15.59302144,2.1025,119.030170508804,4.20405714381462,1.4243706409,0.8836,5.0614200576,26.5095405887422,0.0158047698317659,0.03335,0.047885,0.04544,0.005,1870.77657361776,0.11,0.00923812399086001,"131105A",1.686,0.429106008332697
"131117A",-0.15490196,22.01669496,2.87134,2.42,-10.838632,1.041392685,0.951056,0.86,2.15896,-6.602059991,0.0239946172118416,484.734856961689,8.2445933956,5.8564,117.475943631424,1.08449872437151,0.904507515136,0.7396,4.6611082816,43.5871961247629,0.124850885316753,0.0823,0.12461,0.0362555,0.025,120711.485814706,1.41,0.0384921831620647,"131117A",4.042,0.702602841340427
"140206A",1.28780173,22.00531353,3.59073,1.04,-9.730487056,1.971275849,1.22509,0.672,1.88134,-4.795880017,1.65843329579099,484.233823553601,12.8933419329,1.0816,94.6823783469835,3.88592847285067,1.5008455081,0.451584,3.5394401956,23.0004651374599,0.063811704252879,0.012995,0.021325,0.015545,0.021902336,221.029344863436,0.15,0.000250573521618338,"140206A",2.73,0.571708831808688
"140213A",1.371067862,20.99187128,3.829176603,1.8,-10.12551818,1.77815125,1.108879519,0.83,1.96657,-4.920818754,1.87982708220925,440.658659836089,14.6625934569626,3.24,102.526118413511,3.16182186787656,1.22961378765767,0.6889,3.8673975649,24.2144572097181,0.0189868108841264,0.06303582,0.068643889,0.021746292,0.005,0,0.04,0.000273226541772542,"140213A",1.2076,0.343920385393226
"140419A",0.69019608,22.04094236,3.68383,1.21,-10.00568285,1.976349979,1.36898,0.678,1.87322,-4.795880017,0.476370628847366,485.803140116842,13.5706034689,1.4641,100.113689294784,3.9059592394933,1.8741062404,0.459684,3.5089531684,23.0004651374599,0.0175057628798656,0.023985,0.02442,0.017885,0.001,0,0.04,0.0015711094788856,"140419A",3.956,0.695131297704026
"140423A",0.322219295,21.81946365,3.90552,1.33,-10.85078089,2.127104798,1.18974,0.77,2.06486,-5.026872146,0.103825274070297,476.088993973671,15.2530864704,1.7689,117.739445922789,4.52457482167462,1.4154812676,0.5929,4.2636468196,25.2694435722306,0.0745819195938403,0.05035,0.05495,0.045115,0.149849463,640.374697625675,0.06,0.0085538184060017,"140423A",3.26,0.629409599102719
"140430A",0.397940009,21.67796993,4.14388,2,-11.36251027,2.239549721,0.875171,1.03,2.15785,-5.958607315,0.15835625076292,469.934380285984,17.1717414544,4,129.106639635855,5.01558295283118,0.765924279241,1.0609,4.6563166225,35.5050011343715,0.00923562857095551,0.0861,0.13071,0.0833725,0.035,31175.4870917686,0.22,0.00603557437759419,"140430A",1.6,0.414973347970818
"140506A",1.037426498,21.81764402,3.30686,1.68,-9.903089987,2.045714059,0.948932,0.9,1.74751,-5.552841969,1.07625373875254,476.009590583442,10.9353230596,2.8224,98.0711912906197,4.18494601119025,0.900471940624,0.81,3.0537912001,30.8340539326878,0.0373575732732516,0.05516,0.06882,0.01557,0.047966029,7217.28438711365,0.16,0.00142875621051035,"140506A",0.889,0.276231957921834
"140509A",0.204119983,20.90144742,3.58709,1.59,-11.09770006,1.17092730333444,1.40649,0.86,1.93407,-5.920818754,0.0416649674599203,436.870504251025,12.8672146681,2.5281,123.158946621724,1.37107074969407,1.9782141201,0.7396,3.7406267649,35.0560947177181,0.151511196244018,0.08395,0.088715,0.10418,0.22,15848.6216709369,0.121212121,0.0317728693503986,"140509A",2.4,0.531478917042255
"140512A",0.832508913,21.32824297,3.53686,1.45,-9.504455662,2.189770956,1.25134,0.871,1.84304,-4.853871964,0.693071090224441,454.893948187355,12.5093786596,2.1025,90.3346774309239,4.79509683974115,1.5658517956,0.758641,3.3967964416,23.5600730429052,0.0134302087658966,0.01504,0.022285,0.02006,0.002482817,288.691362634759,0.04,0.00122369182597888,"140512A",0.725,0.236789099409293
"140518A",0,22.46148952,3.77824,0.92,-11.31158018,1.781755375,1.64981,0.94,1.93772,-6,0,504.51851145707,14.2750974976,0.8464,127.951846168569,3.17465221634139,2.7218730361,0.8836,3.7547587984,36,0.0174377429302028,0.09045,0.070125,0.18819,0,18861.1696185042,0.61,0.0188611696185042,"140518A",4.707,0.756407872548958
"140614A",-1.4317581319867,22.340573,3.70006,1.5,-10.9589,2.857332496,1.35595,0.83,1.77015,-5.886056648,2.04993134851005,499.101201968329,13.6904440036,2.25,120.09748921,8.16434899269759,1.8386004025,0.6889,3.1334310225,34.645662863465,0.0965452754396361,0.1129,0.098945,0.093145,0.05,44641.8216908925,0.46,1.91684098967921,"140614A",4.233,0.718750734739665
"140629A",0.62324929,21.74269921,2.85608,1.86,-9.847711656,1.62324929,1.16056,0.815,1.95996,-5.619788758,0.388439677485504,472.744968936535,8.1571929664,3.4596,96.9774248597183,2.6349382574855,1.3468995136,0.664225,3.8414432016,31.5820256845432,0.119342969960682,0.042785,0.06161,0.03501,0.001678552,6549.0172846171,0.11,0.0042769092095397,"140629A",2.275,0.515211304327802
"141004A",0.785329835,21.49730845,3.30337,1.86,-10.61083392,0.593286067,1.54959,1.08,1.79496,-6.173925197,0.616742949741127,462.134270594441,10.9122533569,3.4596,112.589796477823,0.351988357296328,2.4012291681,1.1664,3.2218814016,38.1173523381515,0.118918281385487,0.0853,0.081935,0.09774,0.005,12604.9254384351,0.08,0.00152065329411617,"141004A",0.573,0.196728722623287
"141121A",-0.045757491,21.59590717,5.76634,1.73,-12.65757732,2.74028372,2.33322,0.82,1.93447,-5.27572413,0.00209374798261508,466.383206495257,33.2506769956,2.9929,160.214263611778,7.50915486609704,5.4439155684,0.6724,3.7421741809,27.8332650958643,0.0298708467389642,0.1675,0.090095,0.2969,0.01,2685.8198172034,0.13,0.069856184003753,"141121A",1.47,0.392696953259666
"141220A",0.949390007,21.48574413,2.77561,0.62,-9.872830386,0.857935265,1.42066,1.1,1.80565,-5.585026652,0.90134138539146,461.63720081983,7.7040108721,0.3844,97.4727798307249,0.73605291893062,2.0182748356,1.21,3.2603719225,31.1925227035503,0.0285379269708387,0.042455,0.057375,0.050735,0.07,2790.11387440157,0.38,0.00166681211917537,"141220A",1.3195,0.365394376854778
"150120B",0.079181246,21.52664292,3.39431,2.2,-10.79048499,2.01762288488796,1.17705,0.92,2.01678,-6.26760624,0.00626966971811252,463.396355405186,11.5213403761,4.84,116.434566319415,4.0708021056236,1.3854467025,0.8464,4.0674015684,39.2828879796869,0.0141299769251025,0.0711,0.090535,0.057705,0.005,31370.6007947825,0.151515152,0.0196194981643146,"150120B",3.5,0.653212513775344
"150314A",1.58546073,22.01715025,2.49217,1.08,-8.609064893,1.169968174,1.19079,0.73,1.84772,-4.657577319,2.51368572637213,484.754905131075,6.2109113089,1.1664,74.1159983318851,1.36882552817289,1.4179808241,0.5329,3.4140691984,21.6930264824632,0.07726686575266,0.015025,0.015855,0.009925,0,116.908067126866,0.03,0.000114522202626528,"150314A",1.758,0.440594261839831
"150403A",1.245512668,21.79039707,3.19694,1.23,-8.821023053,1.611723308,1.24471,0.679,1.70996,-4.769551079,1.55130180614848,474.821404468265,10.2204253636,1.5129,77.8104477015574,2.59765202155046,1.5493029841,0.461041,2.9239632016,22.7486174951901,0.127565659236116,0.005105,0.006975,0.00458,0,195.790682240898,0.04,0.000365337746778415,"150403A",2.06,0.48572142648158
"150821A",-1.49776679460977,22.340573,2.95174,2.1,-8.853871964,2.23578087,1.82628,0.848,2.21622,-6.102372909,2.24330537103562,499.101201968329,8.7127690276,4.41,78.3910487549052,4.99871609865796,3.3352986384,0.719104,4.9116310884,37.2389551204971,0.249936990327389,0.021105,0.015485,0.027365,5e-04,57420.6418754114,0.37,2.57412336828769,"150821A",0.755,0.244277120801843
"151021A",0.986771734,22.33647975,3.15765,1.57,-9.642065153,2.042181595,1.33346,1.27,1.96079,-4.552841969,0.973718455021367,498.91832762216,9.9707535225,2.4649,92.9694204146969,4.17050566695674,1.7781155716,1.6129,3.8446974241,20.7283699946878,0.0143797213110485,0.06282,0.05208,0.02141,0.04,240.576141066949,0.04,0.00160367052168909,"151021A",2.33,0.52244423350632
"151027A",0.832508913,21.65076489,3.99907,1.72,-9.935542011,2.11290649,1.74508,0.9235,2.00612,-5.107905397,0.693071090224441,468.755620322057,15.9925608649,2.9584,98.7149950523459,4.46437383548412,3.0453042064,0.85285225,4.0245174544,26.0906975447017,0.0183350782696789,0.02221,0.01731,0.02499,0.002440971,620.025305022345,0.05,0.00244738358809092,"151027A",0.81,0.257678574869184
"151215A",0.204119983,22.00679538,3.06337,1.99,-10.72815839,1.250420002,1.07478,1.015,2.20942,-6.508638306,0.0416649674599203,484.299042897189,9.3842357569,3.9601,115.093382440927,1.56355018140168,1.1551520484,1.030225,4.8815367364,42.3623725983306,0.0244827442519859,0.093,0.11588,0.071395,0.35435971,137386.251793984,0.33,0.0147352887527822,"151215A",2.59,0.555094448578319
"160117B",-0.705929807788426,20.95374423,4.10299,1.73,-11.74958,0.697062187810827,0.973333,0.64,1.83834,-6.4710833,0.498336893524204,439.059397256258,16.8345269401,2.9929,138.0526301764,0.485895693675617,0.947377128889,0.4096,3.3794939556,41.8749190755389,0.214744065864423,0.12265,0.162075,0.093958,0.015,7231.29715821325,0.0041822719666068,0.269622358612971,"160117B",0.87,0.271841606536499
"160121A",0.079181246,21.43355223,3.8244,1.77,-11.17263073,1.079181246,0.798663,1.02,2.2054,-6.214670165,0.00626966971811252,459.397161196138,14.62603536,3.1329,124.82767742894,1.16463216171811,0.637862587569,1.0404,4.86378916,38.6221252597411,0.0862757376305275,0.0694,0.120385,0.106048,0.03,25344.2213312835,0.13,0.0261960691587366,"160121A",1.96,0.471291711058939
"160203A",0.113943352,22.0158332,3.66139836,1.93,-11.36754271,1.305351369,1.146279559,0.61,1.75592,-5.920818754,0.0129830874649959,484.696911490222,13.4058379506107,3.7249,129.221027263674,1.70394219655017,1.31395682738123,0.3721,3.0832550464,35.0560947177181,0.0695758261024457,0.08458679,0.087010427,0.0601909,0.25,13098.0345793683,0.2,0.0446418216908924,"160203A",3.52,0.655138434811382
"160227A",-0.22184875,21.4198963,4.47751,0.75,-10.99567863,2.500373714,1.10229,0.679,1.72551,-5.508638306,0.0492168678765625,458.811957502754,20.0480958001,0.5625,120.904948534239,6.25186870966215,1.2150432441,0.461041,2.9773847601,30.3450959863305,0.103418641469029,0.03055,0.03885,0.03434,0.001,3925.32149984168,0.51,0.0523921383580096,"160227A",2.38,0.528916700277655
"160327A",0.255272505,20.72655851,3.76407,1.84,-11.22402567,1.447158031,1.49693,0.78,1.93554,-5.853871964,0.065164051808975,429.590227668453,14.1682229649,3.3856,125.978752240819,2.0942663666878,2.2407994249,0.6084,3.7463150916,34.2678169709052,0.143091047665439,0.0673,0.06033,0.1004,0.02,9623.04562796554,0.11,0.0116426972445258,"160327A",4.99,0.777426822389311
"160804A",0.462397998,21.30214687,4.38419,1.4,-11.5214335,2.15896526,0.948229,0.92,1.87827,-4.943095149,0.213811908554408,453.781461271051,19.2211219561,1.96,132.743429894922,4.66113099388687,0.899138236441,0.8464,3.5278981929,24.4341896520673,0.057915224642575,0.05875,0.095375,0.070062,0.005,435.391723439503,0.23,0.00672812230977415,"160804A",0.736,0.239549720840473
"161108A",-0.22184875,21.16074757,4.69106,1.85,-11.81247928,2.021602716,0.883711,0.84,2.00325,-5.958607315,0.0492168678765625,447.777237721261,22.0060439236,3.4225,139.534666740429,4.08687754133858,0.780945131521,0.7056,4.0130105625,35.5050011343715,0.0491496346156657,0.13355,0.18179,0.0812555,0.005,15587.7437432909,0.17,0.0523921383580096,"161108A",1.159,0.334252642334231
"161117A",0.832508913,21.87736847,4.08464,1.19,-10.74958,2.099335278,1.141,1.375,1.92624,-4.698970004,0.693071090224441,478.61925117215,16.6842839296,1.4161,115.5534701764,4.40720860945534,1.301881,1.890625,3.7104005376,22.0803190984918,0.00378540226960351,0.03835,0.04019,0.02365,0.674290141,0,0.12,0.00122369182597888,"161117A",1.549,0.406369835469268
"161129A",0.531478917,21.51361441,3.70506,1.57,-10.43651891,1.550595207,2.32574,0.71,1.74506,-5.443697499,0.282469839215493,462.83560498216,13.7274696036,2.4649,108.920926958788,2.40434549597137,5.4090665476,0.5041,3.0452344036,29.6338424606189,0.0255903856698547,0.10625,0.050725,0.10628,0.005,1455.33721475839,0.06,0.00326317811997931,"161129A",0.645,0.216165902285993
"161219B",0.72427587,21.16590877,4.0135,1.29,-10.13667714,0.84135947,0.871656,0.73,1.86204,-5.823908741,0.524575535864257,447.995694059963,16.10818225,1.6641,102.752223440599,0.707885757758681,0.759784182336,0.5329,3.4671929616,33.9179130234962,0.0495608716177928,0.0277,0.03841,0.008668,0,8382.74195723342,0.35,0.0026858198172034,"161219B",0.1475,0.0597526942092988
"170202A",0.672097858,21.7153121,3.77629,1.68,-10.65364703,1.664641976,1.1958,1.04,1.99768,-5.48148606,0.451715530728188,471.554779600406,14.2603661641,2.8224,113.500195039828,2.77103290826118,1.42993764,1.0816,3.9907253824,30.0466894259743,0.10761765896651,0.04485,0.068655,0.059155,0,1731.97152591433,0.07,0.00256149879248456,"170202A",3.645,0.666985718329661
"170405A",-0.0335186812736592,21.93100401,3.6300738,1.59,-10.31069114,2.216693599,1.81152426,0.612,1.8473,-5.431798276,0.00112350199432515,480.968936886636,13.1774357934464,2.5281,106.310351784474,4.91373051184757,3.28162014456855,0.374544,3.41251729,29.5044325111566,0.0933217274509788,0.048255345,0.035670699,0.072401387,0.0475,4133.20006947409,0.12,0.0722254901788599,"170405A",3.51,0.65417654187796
"170519A",-0.15490196,21.33992622,4.1513,1.94,-11.06348626,2.335257256,1.37345,0.975,1.97351,-5.958607315,0.0239946172118416,455.392451075043,17.23329169,3.7636,122.400728225209,5.45342645170065,1.8863649025,0.950625,3.8947417201,35.5050011343715,0.0991498519285518,0.053,0.052235,0.066745,0.224423613,31175.4870917686,0.26,0.0384921831620647,"170519A",0.818,0.259593878885949
"170531B",-0.096910013,21.34792103,3.80257,1.95,-11.39577395,2.215187969,1.02082,0.99,2.06685,-5.698970004,0.00939155061966017,455.733732303116,14.4595386049,3.8025,129.863663919499,4.90705773800235,1.0420734724,0.9801,4.2718689225,32.4782591064918,0.0233394026693868,0.08415,0.11435,0.107427,0.035,9430.58480195556,0.14,0.0589411550567323,"170531B",2.366,0.527114111639805
"170705A",1.1430148,21.08891889,3.63746,1.65,-10.18641901,2.337059726,0.774169,0.66,1.89159,-5.022276395,1.30648283301904,444.742499948999,13.2311152516,2.7225,103.763132247289,5.4618481628912,0.599337640561,0.4356,3.5781127281,25.2232601877742,0.0361306862803674,0.04055,0.06603,0.027333,0.005,626.964109113255,0.05,0.000390480199039689,"170705A",2.01,0.478566495593843
"170903A",0.591064607,21.73970839,4.41384,1.94,-11.26042766,1.465382851,0.971187,1.14,2.20256,-5.619788758,0.349357369648064,472.614920882236,19.4819835456,3.7636,126.797231086093,2.14734690000489,0.943204188969,1.2996,4.8512705536,31.5820256845432,0.0534696645518069,0.04095,0.065935,0.051271,0.005,6549.0172846171,0.12,0.00620025305502066,"170903A",0.886,0.27554168840131
"171205A",0,21.81946365,5.48376,1.41,-12.42945706,2.277379975,1.13263,0.67,1.66173,-5.443697499,0,476.088993973671,30.0716237376,1.9881,154.491402806384,5.186459550531,1.2828507169,0.4489,2.7613465929,29.6338424606189,0.0806407286915141,0.0719,0.109545,0.115455,0.01,4366.01152363783,0.14,0.0565835092898071,"171205A",0.0368,0.0156949885265181
"171222A",-0.15490196,20.02880298,4.78231,2.07,-12.10957898,2.242541428,0.718496,1.34,1.99001,-5.721246399,0.0239946172118416,401.152948811657,22.8704889361,4.2849,146.641903072858,5.02899205629628,0.516236502016,1.7956,3.9601398001,32.7326603580705,0.0563106258915239,0.20975,0.378455,0.126956,0.015,10449.4015818934,0.17,0.0769843663241295,"171222A",2.409,0.532627001228891
"180205A",0.531478917,21.4933967,3.21372,2.04,-10.30627305,1.190331698,1.09633,1.03,1.88733,-6,0.282469839215493,461.966101703571,10.3279962384,4.1616,106.219264181156,1.41688955126356,1.2019394689,1.0609,3.5620145289,36,0.0875106835560367,0.06455,0.088815,0.042095,0.005,18861.1696185042,0.13,0.00489476717996897,"180205A",1.409,0.381836799998343
"180329B",0.146128036,21.41988474,4.02296,0.97,-11.14935376,2.322219295,1.50063,0.77,1.86768,-5.48148606,0.0213534029052173,458.811462274885,16.1842071616,0.9409,124.308089265626,5.3927024540703,2.2518903969,0.5929,3.4882285824,30.0466894259743,0.091090048181127,0.04825,0.04314,0.069665,0,5195.914577743,0.56,0.0384921831322829,"180329B",1.998,0.476831628512261
"180620B",0.556302501,21.21643247,4.6659,1.3,-10.98296666,2.29841638,1.09835,0.9,1.99236,-5,0.309472472618855,450.13700675407,21.77062281,1.69,120.625556654672,5.2827178558523,1.2063727225,0.81,3.9694983696,25,0.0599542916300528,0.0437,0.067125,0.059445,0.005,565.835071183347,0.2,0.00291067430887943,"180620B",1.1175,0.325823419002744
"180624A",0.146128036,21.1034582,4.171185481,1.91,-11.54363397,2.686993566,1.243849338,0.95,2.06008,-5.236572006,0.0213534029052173,445.355947999147,17.3987883169052,3.6481,133.255485233338,7.2199344237254,1.54716117564304,0.9025,4.2439296064,27.4216863740229,0.0343795484387942,0.088149935,0.099379055,0.123366444,0,1682.03061358131,0.1,0.0192460915661414,"180624A",2.855,0.586024382386976
"180720B",1.831869774,21.24271531,3.62033,1.36,-8.847711656,3.06444019010425,1.34127,0.729,1.8461,-4.065501549,3.35574686889481,451.252953741708,13.1067893089,1.8496,78.2820015477183,9.39079367872618,1.7990052129,0.531441,3.40808521,16.5283028449214,0.00138098327707093,0.004975,0.00614,0.005375,0,25.5018527906347,0.03,0.000106365901495395,"180720B",0.654,0.218535505216528
"180728A",2.120573931,21.58733599,3.8695,1.97,-9.42365865,0.938519725,1.1986,0.8595,1.70111,-4.528708289,4.49683379683679,466.013075145149,14.97303025,3.8809,88.8053423517198,0.880819274214076,1.43664196,0.73874025,2.8937752321,20.5091987668573,0.0148761559757772,0.009885,0.014745,0.0091,0.042486494,129.162509504725,0.03,3.13919830261231e-05,"180728A",0.117,0.0480531731156091
"181010A",0.146128036,22.27837171,3.15711,1.52,-9.928117993,1.214843848,1.07011,1.115,1.76613,-6.161150909,0.0213534029052173,496.325846048928,9.9673435521,2.3104,98.5675268829304,1.47584557502345,1.1451354121,1.243225,3.1192151769,37.9597805234715,0.0580681587793652,0.034615,0.057805,0.033375,0.007041969,27731.188065756,0.15,0.0192460915661414,"181010A",1.39,0.378397900948138
"181020A",0.886490725,20.65703194,4.29043,1.25,-10.42365865,2.376576957,2.64643,1.228,1.93674,-5.091514981,0.785865805511026,426.71296857018,18.4077895849,1.5625,108.65265965172,5.64811803254338,7.0035917449,1.507984,3.7509618276,25.9235248017474,0.0211468897196027,0.1418,0.047555,0.091985,0.029531206,862.422035539104,0.06,0.000954351633611598,"181020A",2.938,0.595275711802099
"190114A",-0.301029996,21.6447605,3.74534,2.06,-10.75202673,1.823474229,1.18375,0.86,1.83214,-6.096910013,0.09061905849176,468.49565710236,14.0275717156,4.2436,115.606078802635,3.32505826382714,1.4012640625,0.7396,3.3567369796,37.1723117066197,0.0664080102705681,0.03365,0.042215,0.04616,0,35364.6930340393,0.22,0.150889357933368,"190114A",3.3765,0.641126932803509
"190719C",0.740362689,20.95382587,4.88123,1.64,-11.257,2.268811904,1.55953,0.915,1.5415,-5.292429824,0.548136911263311,439.062818590281,23.8264063129,2.6896,126.720049,5.14750745573211,2.4321338209,0.837225,2.37622225,28.0098134419647,0.0226602223323686,0.2175,0.1943,0.21085,0.22,2175.45208026513,0.09,0.00187052923484963,"190719C",2.469,0.54020429984206
"190829A",1.255272505,22.04910001,4.0838,2.56,-9.56068,1.764922985,1.03996,1.16,2.0913,-5.193820026,1.57570906180898,486.162811250982,16.67742244,6.5536,91.4066020624,3.11495314298131,1.0815168016,1.3456,4.37353569,26.9757664624786,0.0660733687520347,0.013585,0.01916,0.009675,0.075,3223.34443406988,0.21,0.00157176413524923,"190829A",0.0785,0.0328201494385639
"191011A",0.255272505,21.65033473,3.15321333,1.94,-10.8132081,0.867467488,1.30602449,0.94,1.81479,-6.48148606,0.065164051808975,468.736993921044,9.94275430448969,3.7636,116.925469413906,0.75249984273703,1.70569996847976,0.8836,3.2934627441,42.0096615459743,0.0559978453284278,0.05719327,0.06597695,0.05756962,0.19,69278.8597205294,0.17,0.0116426972445258,"191011A",1.722,0.434888120867316
"191221B",0.681241237,21.13638759,1.95518066,1.24,-8.11145684,1.681241237,1.15734724,1.39,1.843,-4.721246399,0.46408962298929,446.746880354706,3.82273141323804,1.5376,65.7957320671828,2.82657209698929,1.33945263393562,1.9321,3.396649,22.2901675600705,0.14476482742628,0.06184721,0.05366691,0.00551831,0.175,522.470067665867,0.05,0.00573039011018149,"191221B",1.148,0.332034277027518
"200205B",0.301029996,22.03528962,4.53640048,1.36,-11.7337376,2.660865478,1.56884903,0.516,1.90881,-5.26760624,0.09061905849176,485.55398863728,20.5789293149442,1.8496,137.680598065654,7.08020509201217,2.46128727893194,0.266256,3.6435556161,27.7476754996869,0.0051064352834946,0.10035241,0.08886983,0.19267266,0.18,1293.6330531428,0.22,0.00943058480195555,"200205B",1.465,0.391816923613249
"200829A",1.994317153,21.08966848,2.97975,0.83,-8.6381,1.115277591,1.29833,0.64,1.88219,-4.292429824,3.97730090675002,444.774116596306,8.8789100625,0.6889,74.61677161,1.24384410498676,1.6856607889,0.4096,3.5426391961,18.4249537939647,0.0969169435192129,0.00955,0.00926,0.00866,0.0195,72.5150693421709,0.03,3.09780669653121e-05,"200829A",1.25,0.352182518111362
"201104B",0.612783857,21.73058526,2.72159651,1.47,-9.38944702,0.937517892,1.19537497,0.605,1.55046,-5.744727495,0.375504055399796,472.218335742129,7.40708756324418,2.1609,88.1617153413869,0.878939797820124,1.4289213189025,0.366025,2.4039262116,33.001893991809,0.00811616012140756,0.02110237,0.02972805,0.02348264,0.175,5821.34862226292,0.07,0.00336606240548154,"201104B",1.954,0.470410490975931
"210210A",0.84509804,21.12319546,3.72413045,1.53,-10.1403778,0.819543936,1.5451851,0.965,1.85188,-6.008773924,0.714190697211842,446.189386441365,13.8691476086172,2.3409,102.827261926733,0.671652263034372,2.38759699326201,0.931225,3.4294595344,36.1053640697424,0.038778433249538,0.05799791,0.08857348,0.10645081,0.15,15711.0952198578,0.58,0.0019246091270822,"210210A",0.715,0.234264124378789
"210411C",0.681241237,21.05996459,2.93128506,1.6,-9.72925773,1.10720997,1.16829405,1.21,1.88408,-5.920818754,0.46408962298929,443.522108532054,8.5924321029792,2.56,94.6584559767648,1.2259139176674,1.3649109872654,1.4641,3.5497574464,35.0560947177181,0.0202577864729536,0.05048963,0.05901459,0.03209979,0.14,13098.0345793683,0.4,0.00245588146286664,"210411C",2.826,0.582744965691277
"210517A",0.176091259,21.15768338,3.057651,1.85,-10.8415194,0.485721426,1.21043545,0.66,1.71079,-6.823908741,0.0310081314962051,447.647566008328,9.349229637801,3.4225,117.538542900576,0.235925303675473,1.4651539786167,0.4356,2.9268024241,46.5657305054962,0.199990220376636,0.25872455,0.32132806,0.08060357,0.22,251482.261612299,0.25,0.0167654842039965,"210517A",2.486,0.542327382773974
"210610B",1.130333768,21.03780485,2.89514,0.98,-9.19036,1.841234296,1.05139,0.78,1.91684,-4.443697499,1.27765442708108,442.589232906684,8.3818356196,0.9604,84.4627169296,3.39014373276662,1.1054209321,0.6084,3.6742755856,19.7464474626189,0.015836913202155,0.0226,0.02831,0.01291,0.029,145.533721475839,0.11,0.000724434498012989,"210610B",1.13,0.328379603438738
"210619B",2.06069784,21.83430305,2.91049117,1.41,-8.55006175,1.784617293,1.12578835,0.745,1.92306,-4.022276395,4.24647558778067,476.736789679239,8.47095885064797,1.9881,73.103555928813,3.18485888247465,1.26739940899572,0.555025,3.6981597636,16.1787073977742,0.00197833385726092,0.01027813,0.01099582,0.00437126,0.07,20.8988036371085,0.02,3.13758578943889e-05,"210619B",1.937,0.4679039465228
"210722A",0.342422681,20.54058972,3.6504,1.62,-10.3507,1.700703717,1.43908,0.81,1.83712,-5.602059991,0.117253292463228,421.91582604537,13.32542016,2.6244,107.13699049,2.89239313301762,2.0709512464,0.6561,3.3750098944,31.3830761427629,0.0911698774157967,0.0364819,0.0395981,0.048071,0.09,6035.57437759419,0.14,0.0194846793679282,"210722A",1.145,0.331427296520743
"210822A",1.442479769,21.53322281,2.4985,1.3,-8.20842,2.257198426,1.267456,0.77,1.70788,-4.698970004,2.08074788397429,463.679684585104,6.24250225,1.69,67.3781588964,5.09494473433688,1.606444711936,0.5929,2.9168540944,22.0803190984918,0.102616483810065,0.017735,0.01621,0.008455,0.026,188.611704725001,0.4,0.000172070781919346,"210822A",1.736,0.437116093048079
"211024B",-0.045757491,20.98677173,3.43921565,1.63,-8.56429146,2.780677274,1.92622006,1.07,2.08,-5.167491087,0.00209374798261508,440.444587647127,11.8282042872049,2.6569,73.3470882118289,7.73216610214007,3.7103237195464,1.1449,4.3264,26.7029641342244,0.014863865494915,0.01916437,0.01167528,0.00965772,0.055,1223.69182597888,0.09,0.0465707894966851,"211024B",1.1137,0.325043347403704
"220101A",0.86332286,21.90370028,3.04134881,1.13,-8.69262974,2.238948898,1.20052929,0.491,1.62241,-4.602059991,0.74532636059858,479.772085956072,9.24980258408842,1.2769,75.5618117967325,5.01289216785541,1.4412705761479,0.241081,2.6322142081,21.1789561607629,0.0313174061753508,0.01431841,0.02317526,0.01255481,0.016,0,0.13,0.00106180348549523,"220101A",4.618,0.749581734865559
"220117A",0.278753601,21.99532933,3.43803362,1.84,-10.1070569,1.697316542,1.68612083,1.2,1.78537,-5.795880017,0.0777035700704672,483.794512335158,11.8200751722503,3.3856,102.152599179838,2.88088344374684,2.84300345335989,1.44,3.1875460369,33.5922251714599,0.0299157959274313,0.05084186,0.04500955,0.06200239,0.55,14735.2887527822,0.18,0.0208988029352107,"220117A",4.961,0.775319121829478
"220521A",0.672097858,21.85427081,3.30131796,1.97,-10.6276115,1.131939295,1.71067512,1.1,2.02179,-6.091514981,0.451715530728188,477.609152636818,10.8987002730186,3.8809,112.946126194932,1.2812865675651,2.92640936618701,1.21,4.0876348041,37.1065547637474,0.0862659941342183,0.16334814,0.13206168,0.12291833,0.4,22997.9205902654,0.18,0.00341533172331275,"220521A",5.57,0.817565369559781
"230116D",-0.22184875,21.19799139,3.79761,1.38,-11.1278,1.612783857,1.57289,0.84,1.76412,-6.090443971,0.0492168678765625,449.354838970514,14.4218417121,1.9044,123.82793284,2.6010717693998,2.4739829521,0.7056,3.1121193744,37.0935077638903,0.118428290656009,0.1014,0.13824,0.23491,0.22,34327.1552035997,0.22,0.104784275992195,"230116D",3.81,0.682145076373832
"230325A",0.51851394,22.22918251,3.7823081,1.82,-10.9066853,1.580354661,0.931411844,1.025,2.0855,-5.886056648,0.268856705974324,494.13655506289,14.3058545633256,3.3124,118.955784233236,2.49752085454443,0.86752802314348,1.050625,4.34931025,34.645662863465,0.131947893505177,0.1875455,0.20042492,0.05714513,0.18,22320.9110124826,0.18,0.00692788597205294,"230325A",1.664,0.425534220498263
"230328B",0.924279286,21.14580437,3.66388,1.22,-10.1038,1.283979284,1.20938,0.865,1.89331,-5.366531544,0.85429219852867,447.145042454311,13.4240166544,1.4884,102.08677444,1.64860280174115,1.4625999844,0.748225,3.5846227561,28.799660812747,0.0861743625270527,0.0267,0.03231,0.02421,0.84,2040.14811913293,0.29,0.00133653413340978,"230328B",0.09,0.0374264979406237
"230506C",0.380211242,20.96124782,4.25859,1.89,-11.4531,1.491361694,1.14181,1.11,2.08995,-5.769551079,0.144560588543183,439.373910171455,18.1355887881,3.5721,131.17349961,2.22415970233055,1.3037300761,1.2321,4.3678910025,33.2877196531901,0.0886038540296678,0.1023,0.11841,0.11299,0.29,13052.7127454836,0.17,0.0163725431210647,"230506C",3.7,0.672097857935718
"230818A",0.826074803,21.31377445,3.9564,1.36,-11.0883,0.992111488,1.39195,1.02,2.00403,-5.721246399,0.682399580151489,454.276981305473,15.65310096,1.8496,122.95039689,0.984285204621574,1.9375248025,1.0404,4.0161362409,32.7326603580705,0.0552798328138297,0.2044,0.12794,0.19715,0.29,5224.70067665867,0.1,0.00210082086319246,"230818A",2.42,0.534026106056135
"231210B",0.591064607,21.82763844,3.24045,1.08,-10.048,0.873320602,1.60174,0.84,1.66432281,-5.853871964,0.349357369648064,476.445799867366,10.5005162025,1.1664,100.962304,0.762688873877642,2.5655710276,0.7056,2.7699704158863,34.2678169709052,0.037615599688349,0.05243,0.04808,0.060675,0.362,19246.0915661414,0.19,0.00868035427702893,"231210B",3.13,0.615950051656401
"100219A",0.289855130230697,21.124454950957,3.5550745491874,1.52504465854717,-10.9334393435974,1.274157849,1.53357463379648,0.942114320896965,1.97202616316193,-5.69179679775006,0.0840159965210542,446.242596975012,12.63855505028,2.32576121056326,119.540095880123,1.62347822416831,2.35185115742401,0.88757939363915,3.88888718819516,32.3965507868778,0.119457709009036,0.822151956287133,0.641482520744618,0.293124676071266,0.208586164642881,5924.23184679264,0.13,0.0101856767799417,"100219A",4.67,0.753583058892907
"100316D",0.495381444432507,21.0181712301283,4.66846146620404,1.62106480406034,-10.8579131682838,2.717570654,1.75355963791299,0.926569920416175,1.97511221140147,-5.60848553566029,0.245402775488037,441.763521858992,21.794532461432,2.62785109896319,117.89427836999,7.38519025948199,3.07497140371754,0.858531817420036,3.90106824762721,31.4551100037107,0.00430329755216147,0.818778561102085,0.646027282674018,0.29804023577143,0.188997090716444,4890.13427563106,0.13,0.00634546680422111,"100316D",0.06,0.0253058652647703
"100508A",0.506534562362493,21.039792627256,3.8328814755778,1.61071307571023,-10.8612914243937,1.716003344,1.16053591955701,0.869609100140076,1.97562080047127,-5.61450821670677,0.256577262867762,442.672873797938,14.6909804058275,2.59439661226392,117.967651405608,2.94466747661918,1.34684362058204,0.756219987046432,3.90307754725475,31.5227025154678,0.043188556271497,0.796620830265322,0.607234309860418,0.308882747368254,0.212233474672427,4958.42176685438,0.13,0.00618458351572092,"100508A",0.5201,0.181872159010334
"101225A",0.481949095029603,20.9896952412981,4.30533837026906,1.62542823387651,-11.4453444190571,3.036628895,1.06841621588844,0.884844013925587,1.97924625112447,-5.63738764148557,0.232274930199853,440.567306322572,18.535938482511,2.64201694348293,130.995908870841,9.22111504594892,1.14151321037337,0.782948928979945,3.91741572259026,31.7801394203743,0.00206415894290363,0.82410854545242,0.662357828439583,0.285695253257142,0.200375461263254,5226.64363862159,0.13,0.00654479316165008,"101225A",0.33,0.123851640967086
"110205A",0.412209911494278,21.0168569325565,4.12447667765623,1.58565431269495,-10.9414959935364,2.409933123,1.66548696307048,0.895777934730225,1.98188845291399,-5.6237333032953,0.169917011134121,441.708275323547,17.0113078645302,2.51429959936811,119.716334576574,5.80777765733253,2.77384682415774,0.802418108349547,3.92788183979381,31.6263762665927,0.00873854058256627,0.754318547138539,0.581541943084264,0.29068528294933,0.207689479656747,5064.87290603686,0.13,0.00768484494731249,"110205A",2.21,0.506505032404872
"110801A",0.455183865758435,21.0461726074213,3.79945122167876,1.58437201046924,-10.4137429727986,2.58546073,1.50053150005181,0.936567812898905,1.9795616848489,-5.60732256663104,0.207192351646793,442.941381421369,14.4358295859162,2.51023466755833,108.446042703512,6.68460718637213,2.25159478264773,0.877159268158238,3.91866446412182,31.4420663662497,0.00583325954666165,0.798224989661218,0.594043641633318,0.282593371513314,0.206518476204361,4877.05681962812,0.13,0.00696083204777167,"110801A",1.858,0.456062224454951
"111107A",0.394746867175387,21.0304405952617,3.51009002092789,1.56826540461709,-10.7456500455475,1.424881637,1.08283531471763,0.915132186757025,1.98293804372666,-5.63910777959185,0.155825089144783,442.279431630831,12.3207319550176,2.45945637931879,115.468994901374,2.0302876794598,1.17253231879963,0.837466919238694,3.93204328525852,31.7995365498534,0.0844287566202461,0.795220945221138,0.61484531367953,0.280521103009922,0.195759763064699,5247.38619354454,0.13,0.00800015043835499,"111107A",2.893,0.590284403718162
"011211A",0.407670110265506,21.0064782044289,4.230517003406,1.58935270487296,-11.1556017679022,2.431363764,1.70514534884549,0.872784899366723,1.98227274428226,-5.6272359550548,0.16619491880389,441.272126553145,17.8972741161073,2.52604202048698,124.447450804023,5.91152975289225,2.90752066068939,0.761753480562581,3.92940523272434,31.6657844938615,0.00831779603269816,0.809873988821759,0.603392395305161,0.273896198207744,0.186034126725646,5105.88705502256,0.13,0.007765598105109,"011211A",2.14,0.496929648073215
"120119A",0.384002153824336,21.0435456942438,3.60478989503004,1.56137258192413,-10.5100924659545,2.404491618,1.45932907066163,0.924798509238243,1.9797968269026,-5.63287845102419,0.147457654141729,442.830815385727,12.9945101873107,2.43788433958443,110.462043642913,5.78157994103226,2.12964133647815,0.855252282689276,3.91959547581359,31.7293196440127,0.00884871917556533,0.782521865319912,0.609775585931412,0.288597001845839,0.212987778020553,5172.65722049095,0.13,0.00820054785060654,"120119A",3.1,0.612783856719735
"120711A",0.462768518051664,21.0235639660048,3.94868708395473,1.5994070830406,-10.9060212482064,2.06069784,1.26456792636399,0.883697489430178,1.9805119540083,-5.61987578877233,0.214154701299733,441.990241832695,15.5921296869909,2.55810301728044,118.941299466329,4.24647558778067,1.59913204038852,0.780921252825199,3.92242759996977,31.5830038812294,0.0195287385203038,0.817157200618843,0.598893967856559,0.291497156350018,0.19229195781084,5020.08461610928,0.13,0.00684032131897095,"120711A",1.405,0.381115080709851
"120815A",0.430473315766805,21.0329690493416,3.49974291621967,1.57698776623267,-10.6405737471681,0.986771734,1.05434694614828,0.905105920688666,1.98192875454315,-5.62645158550065,0.185307275587268,442.385787030561,12.2482004796298,2.4868904148475,113.221809668923,0.973718455021367,1.11164748285221,0.819216727665678,3.92804158808497,31.6569574439828,0.231526281379706,0.803771857728396,0.61759060465579,0.262851365024431,0.194151734967599,5096.67374904332,0.13,0.00736837474153106,"120815A",2.36,0.526339277389844
"121217A",0.383305472243957,21.0346260706325,3.62635592511988,1.56405182895723,-10.6318676827102,2.890979597,1.11033568408378,0.909985911496193,1.98226786516539,-5.63988564207157,0.146923085052163,442.455493931332,13.1504572956521,2.44625812366445,113.036610422657,8.35776303027028,1.2328453313498,0.828074359121557,3.92938588926737,31.808310055645,0.00288663872487537,0.772543233003998,0.608955613987584,0.284653402473555,0.197166543651574,5256.79318024501,0.13,0.00821371346926079,"121217A",3.1,0.612783856719735
"130215A",0.469557493898141,21.0066304780365,4.47566872912981,1.61626348818181,-11.228179355626,1.81756537,1.75651920397818,0.917729069050746,1.97901888149976,-5.61997215340098,0.220484240075903,441.278524040773,20.0316105729104,2.61230766322962,126.072011642106,3.30354387422324,3.08535971394416,0.842226644180749,3.91651573333258,31.5840870050025,0.0341827233748845,0.80102769884649,0.604706718140506,0.377133530081475,0.195427526178432,5021.1986350159,0.13,0.00673422351640957,"130215A",0.6,0.204119982655925
"130427A",0.530686247826309,21.0700782777424,3.95079661430382,1.6059990736639,-10.1973351685941,2.211734423,1.35409362082739,0.901404152249152,1.97214970710577,-5.58909690061846,0.281627893631967,443.948198630191,15.6087938875945,2.57923302460931,103.985644540645,4.89176915788314,1.83356953396542,0.812529445692012,3.88937446723737,31.2380041645029,0.0137923289772479,0.823208209661506,0.615892584134049,0.285559024763179,0.196880473119962,4676.62071804364,0.13,0.00585003915778454,"130427A",0.34,0.127104798364808
"130702A",0.519605747915102,21.0478723564765,4.20648598495872,1.61415426539806,-10.545824962906,1.770852012,1.38251632363694,0.874664368986522,1.9725474607179,-5.60113332969495,0.269990133266412,443.012930734528,17.6945243416541,2.60549399250276,111.214424148252,3.13591684840445,1.91135138512261,0.765037758374591,3.89094348478464,31.3726945770197,0.0380644902738276,0.811304404698888,0.590056585799739,0.270710259946931,0.202565480789461,4808.04560529696,0.13,0.00600121620054628,"130702A",0.15,0.0606978403536116
"140801A",0.469592760983326,21.0254293793994,3.87093375875993,1.60081840202782,-10.8898438335152,0.84509804,1.16276287374139,0.899465591105711,1.98069229835217,-5.62036230355883,0.220517361167943,442.06868058811,14.9841281647073,2.56261955627089,118.58869871835,0.714190697211842,1.35201750055134,0.809038349583146,3.92314198075161,31.5884724232651,0.320829275440011,0.777590705099899,0.596124798452059,0.268427202917427,0.197079706400395,5025.71147534096,0.13,0.00673367668286331,"140801A",1.32,0.3654879848909
"140907A",0.481193895821116,21.0365044087997,3.86888301641837,1.6004177327729,-10.6675502245585,1.898725182,1.19695792520182,0.932791245404936,1.97992893140863,-5.61263075562889,0.231547565375503,442.534517741451,14.9682557947305,2.56133691937396,113.796627793479,3.60515731676093,1.43270827470344,0.870099507504091,3.92011857342893,31.5016239990313,0.0283561228015601,0.779614455981657,0.626351214038264,0.282820408006585,0.196499674101842,4937.03270659384,0.13,0.00655618387164655,"140907A",1.21,0.344392273685111
"141221A",0.494629551635003,21.0693289691215,3.40655032988471,1.58344644324374,-10.2134759676048,1.567026366,1.33687036320959,0.864392906044507,1.97468064384839,-5.59550196661247,0.244658393350644,443.916623209062,11.6045851500376,2.50730263862124,104.31509134084,2.45557163173917,1.78722236802814,0.747175096020068,3.8993636451895,31.309642258364,0.0608619221904846,0.801513827503022,0.613619986977102,0.266627710054679,0.213030184448872,4746.10361476884,0.13,0.00635646220820536,"141221A",1.45,0.389166084364532
"150323A",0.503192230514359,21.0335936899955,3.67492827464631,1.61213619231842,-10.9739260261202,2.174931594,1.00440913019217,0.940599166789692,1.97858665033894,-5.6214798457814,0.253202420850015,442.412063515821,13.5050978237949,2.59898310258292,120.427052426758,4.73032743857938,1.00883770081339,0.884726792565462,3.91480513289948,31.6010356565265,0.0150120650104803,0.760236915615354,0.603148404528635,0.269392927913526,0.204600138765944,5038.66047061465,0.13,0.00623236371449758,"150323A",0.593,0.202215775801131
"150910A",0.503408642102868,21.0762724387552,3.42956686333961,1.58349239547302,-10.0519667160358,2.049992857,1.35641845691502,0.884878966906934,1.97411515508083,-5.58935282242147,0.253420260943854,444.209259912631,11.7619288701171,2.50744816652087,101.042034860292,4.20247071375102,1.83987103025973,0.783010786074283,3.89713064551983,31.2408649735109,0.0200160866986934,0.788330575104645,0.615730247334606,0.275473546181531,0.197619933030904,4679.37737732896,0.13,0.00622925886330325,"150910A",1.3585,0.372635880581721
"160131A",0.511090348261717,21.0697093122097,3.75232338430684,1.59479468294395,-10.1331485075194,2.511883361,1.36119162004146,0.920889072829207,1.97494456192697,-5.59011848720692,0.261213344086283,443.932650501018,14.0799307804159,2.54337008074628,102.680698675442,6.30955801926866,1.85284262647109,0.848036684456237,3.90040602268493,31.2494247010126,0.00691016900891419,0.822297024770114,0.620714482357302,0.267906116331233,0.205718973695338,4687.6344350753,0.13,0.00612004580565872,"160131A",0.972,0.294906910605192
"160314A",0.513723549217897,21.054656296686,3.37291088267816,1.60326482803457,-10.7213559479983,0.941014244,1.03871216515792,0.924658119768825,1.97660585732279,-5.61136983189681,0.263911885021033,443.29855177158,11.3765278224888,2.57045810881272,114.947473363679,0.885507807410892,1.07892296204705,0.854992638454419,3.90697071520277,31.4874713903216,0.257251423423117,0.755460895452024,0.650017060181139,0.287405364383067,0.190095211680571,4922.71939247312,0.13,0.00608305119762593,"160314A",0.726,0.237040791379191
"160425A",0.512597722952014,21.0499341324303,3.66402376624325,1.60852208668843,-10.6884625623508,2.483701382,1.18190609882058,0.975065476344945,1.97737744159829,-5.60979130929778,0.26275642557559,443.099726979653,13.4250701595954,2.58734330336451,114.243231946775,6.16877255494871,1.39690202642928,0.950752683159794,3.9100215465418,31.4697585338729,0.00737344845282604,0.772881918763161,0.610379423568307,0.27999309900213,0.207812103652522,4904.85934738557,0.13,0.00609884081375707,"160425A",0.555,0.191730393362856
"161014A",0.389475213672697,21.0258854334949,3.76286926224575,1.57168538181587,-10.8243351164,1.26245109,1.3889077727368,0.915640869741086,1.98245522652893,-5.63559385641168,0.151690942065393,442.087858262455,14.1591850847539,2.47019493941369,117.166230712129,1.59378275464219,1.9290648011687,0.838398202340213,3.93012872519187,31.7599181144251,0.1227215806892,0.763636781037765,0.620420617975041,0.280769237615468,0.195230833000052,5205.10033010252,0.13,0.00809785147965414,"161014A",2.823,0.582404298019028
"161023A",0.402829428465789,21.032410632897,3.98560092947136,1.57196094743394,-10.4650002988299,1.643452676,1.39183974218314,0.892301882712798,1.98076258972617,-5.62306442006139,0.162271548438074,442.362297030797,15.885014769003,2.47106122025741,109.516231254511,2.70093669825156,1.93721786792044,0.796202649892804,3.9234204368587,31.6188534721603,0.0510410211481933,0.777410589726627,0.638631321064819,0.272088363879232,0.191308852484248,5057.07819262446,0.13,0.00785263827374027,"161023A",2.71,0.569373909615046
"170113A",0.442301697223467,21.0286073363147,3.76680133950169,1.58706193253574,-10.7421911628546,1.315130317,1.25498217765659,0.914479273982707,1.98187178555743,-5.62142656857963,0.19563079136676,442.202326504907,14.1887923312717,2.51876557770407,115.394670979311,1.72956775069252,1.57498026623569,0.836272342543939,3.92781577438858,31.6004366659329,0.108703045932032,0.73466578885982,0.616179213557235,0.257728222149647,0.18946727365802,5038.04238938954,0.13,0.00717039901383927,"170113A",1.968,0.472463896606989
"170607A",0.517822425010255,21.0569092636072,3.8826082802534,1.60643047650671,-10.4119099297195,1.361727836,1.21254328168375,0.919467460899354,1.97507974471337,-5.59948806636102,0.268140063843501,443.393427735788,15.0746470578923,2.58061887584957,108.407868384593,1.85430269933724,1.47026120995639,0.845420411652706,3.90093999797704,31.3542666053195,0.0976436925259709,0.785961061671918,0.610410681958188,0.279276240543408,0.208943722217232,4789.86546148572,0.13,0.00602590937450324,"170607A",0.557,0.19228861256812
"170714A",0.48042682018575,21.0309276847289,3.94551730645095,1.60805712653298,-11.0700247039308,3,1.62604458387889,0.933612092093398,1.97863645796086,-5.61721273713889,0.230809929553791,442.299919280298,15.567106815504,2.5858477221935,122.545446945637,9,2.64402098876186,0.871631538503012,3.91500223277189,31.5530789342753,0.00224580492800636,0.827352875630253,0.595679855487994,0.394054489333476,0.194010229417449,4989.39612979484,0.13,0.00656777400936694,"170714A",0.793,0.253580289562183
"180115A",0.431026502148218,21.0461668306551,3.48681361736081,1.57068570928032,-10.336360564531,1.611723308,1.20963652693163,0.923859333156446,1.98021298337791,-5.61837896547482,0.185783845554128,442.941138263769,12.1578692022128,2.46705359733742,106.840349719991,2.59765202155046,1.46322052728722,0.853516067460273,3.92124345953843,31.5661821996899,0.0549096559424039,0.764380199711754,0.623203238679162,0.269951350521256,0.203752609182255,5002.81236021282,0.13,0.00735899518489921,"180115A",2.487,0.542451947375977
"180325A",0.423909665773026,21.0282462643259,3.75219624032856,1.58171571327311,-10.7837875026657,1.973589623,1.42522451873374,0.930163512524357,1.98219774326758,-5.62455054532653,0.179699404735798,442.187140953136,14.0789766259358,2.50182459761506,116.290072902648,3.89505600001328,2.03126492879982,0.865204160031649,3.92910789341508,31.635568836933,0.0238661522870964,0.812245962412652,0.600863285955832,0.283581660015697,0.211017473918601,5074.41280159975,0.13,0.00748058143544289,"180325A",2.248,0.511616020569138
"181201A",0.519819691979929,21.057850162735,4.07213208802757,1.60755166281677,-10.3393308594863,1.283301229,1.30637263791841,0.880600729829293,1.97332931723777,-5.59521883342805,0.270212512170109,443.433053476198,16.5822597423438,2.58422234862495,106.901762621927,1.64686204435291,1.70660946910191,0.775457645375884,3.8940285942701,31.3064737939479,0.116969006587154,0.790195011305888,0.593146075195411,0.282124910737301,0.204768947327362,4743.01045666855,0.13,0.00599826058299421,"181201A",0.45,0.161368002234975
"200613A",0.467272562893578,21.0161753096459,4.2748501791616,1.60625054996329,-10.800895630958,2.580924976,1.17249219086114,0.921245242046176,1.98169776251659,-5.61811329492292,0.218343648033133,441.679624645769,18.274344054278,2.58004082925738,116.659346430848,6.6611737317406,1.37473793763036,0.848692795992717,3.92712602196324,31.5631969945896,0.00589450111897357,0.796061372728431,0.635956958001147,0.284198757018858,0.201447598680721,4999.75293041452,0.13,0.00676974730467326,"200613A",1.2255,0.347427598618541
"201014A",0.282660881869353,21.0967476824204,4.12551519286497,1.53590882087495,-11.2208770880878,1.558708571,1.25332021979061,0.909959737529345,1.97802436751012,-5.69103163810513,0.0798971741391605,445.072762775709,17.0198756065597,2.35901590604147,125.908082625974,2.42957240930886,1.57081157333598,0.828026723924475,3.9125803984638,32.3878411059136,0.0620388100992343,0.867820460197347,0.597736241555835,0.290538120150241,0.195118585776804,5913.80345669811,0.13,0.0103558115567653,"201014A",4.56,0.745074791582057
"201015A",0.508979304306961,21.0327235461916,3.86290782658855,1.61536055062472,-10.8744534301265,0.990338855,0.97710747153225,0.931358189666251,1.97754578040983,-5.61845652878926,0.259059932212798,442.375459770523,14.9220568767191,2.6093897085146,118.25373740399,0.980771047722711,0.954739010924148,0.867428077458397,3.9106873136167,31.5670537658947,0.229632405614316,0.782303351908868,0.594100997396298,0.281264883908167,0.20598682969823,5003.70592293853,0.13,0.00614986690070142,"201015A",0.426,0.154119525515847
"201020A",0.396975749470296,21.0339058174013,3.74523813589335,1.56843445789394,-10.4939558343666,1.15136985,1.0801678478918,0.928397219905648,1.98291723111045,-5.63284607922872,0.157589745667503,442.425193935307,14.0268086945499,2.45998664870906,110.123109053636,1.32565253148902,1.1667625796192,0.861921397928535,3.93196074543473,31.7289549522823,0.15849011498137,0.836007515371256,0.58473935372231,0.271068695646534,0.204181258398446,5172.27167112747,0.13,0.00795919731662059,"201020A",2.903,0.591398551281249
"201021C",0.515373165542825,21.0753120178413,3.39860279969865,1.58989282422092,-10.1703163878534,1.387033701,1.23328174600482,0.892993537035123,1.97411506812606,-5.59191539504537,0.265609499761632,444.168776649365,11.5505009901195,2.52775919250918,103.43533542904,1.92386248770976,1.5209838650287,0.797437457186499,3.89713030220234,31.2695177853454,0.0921166911183962,0.800870781276215,0.625636889312602,0.283176699822988,0.198882689246876,4707.06985781755,0.13,0.00605998927242942,"201021C",1.07,0.315970345456918
"020124A",0.361525238118136,21.032293612934,3.94319258244172,1.56556393855231,-10.8083317784885,1.661907293,1.66736924582972,0.94988322427092,1.98166655078002,-5.63981771268517,0.130700497796375,442.357374620665,15.5487677422234,2.45099044569541,116.820035833885,2.76193585052659,2.78012020193876,0.902278139751318,3.92700231848038,31.8075438323174,0.0489175544934962,0.827047190487285,0.592048087087502,0.274868399287968,0.205480516542842,5255.971012742,0.13,0.00863614216248587,"020124A",3.198,0.623042434246382
"021004A",0.406318554660202,21.0082010290248,4.32702575418751,1.58691996404692,-10.856477514141,2,1.3506804889308,0.896534889857964,1.98403872814103,-5.62795502011061,0.165094767861156,441.344510475917,18.723151877402,2.51831497229067,117.86310401505,4,1.82433778317835,0.803774808732632,3.93640967476349,31.6738777083882,0.0224580492800636,0.773255876815631,0.621071583214842,0.272050608772837,0.204755347330682,5114.34791793769,0.13,0.00778980284781083,"021004A",2.34,0.523746466811564
"210204A",0.49899415765056,21.0463384426018,3.99163391245165,1.6036572399056,-10.5010192525423,2.301029996,1.25751522589486,0.903338857950866,1.97688968034549,-5.60369363774012,0.248995169369392,442.948361840537,15.933141291034,2.57171654310166,110.271405342264,5.29473904249176,1.58134454335739,0.816021092283976,3.90809280825649,31.4013823856491,0.0112290246313437,0.774439121700677,0.622892435985763,0.265486834299161,0.20016320343651,4836.47432299509,0.13,0.00629290047522651,"210204A",0.876,0.273232834043046
"030226A",0.424117952344718,21.0206447177185,4.14553232498341,1.58834177244241,-10.9084487632826,1.344195716,1.74785148911539,0.881417829667745,1.98060276169042,-5.61835768177076,0.179876037501077,441.867504348545,17.1854382574823,2.52282958608548,118.994254421162,1.80686212291275,3.05498482800288,0.776897390456198,3.92278729961574,31.5659430403125,0.101666135235017,0.796726187310422,0.57640877385438,0.286535165213746,0.203072034957873,5002.56719069512,0.13,0.00747699462705712,"030226A",1.99,0.47567118832443
"030329A",0.519707783415393,21.0498741606011,4.3699983980086,1.61335926638866,-10.3864851345367,1.798650645,1.45313390700951,0.870977015678142,1.9720631975782,-5.59502984702601,0.270096180142541,443.097202177143,19.0968859985977,2.60292812244214,107.879073449952,3.23514414275892,2.11159815170073,0.758600961839602,3.88903325524235,31.3043589891119,0.0357043709111115,0.806815745268984,0.616913898019911,0.281048951948844,0.200747345347066,4740.94695018416,0.13,0.00599980640789262,"030329A",0.17,0.0681858617461616
"050502B",0.336939216437548,21.0550920205546,3.63036368965925,1.54974738340681,-10.7626910741881,1.243038049,1.37475540759348,0.917993764257099,1.97913788103069,-5.65759525616371,0.113528035573549,443.316899994023,13.1795405191964,2.40171695237625,115.835519158408,1.54514359126173,1.88995243070752,0.842712551214919,3.91698675213066,32.0083840825661,0.128331710079093,0.783015873026614,0.577971324520002,0.285255518020958,0.210846063042181,5475.58474473732,0.13,0.00913914998005544,"050502B",3.793,0.680607428991788
"050502A",0.336257742105754,21.054318216256,3.709817945101,1.55009908075911,-10.7362101463867,1.301029996,1.41991981222155,0.911423283849173,1.9787497214804,-5.65594520536349,0.113069269126059,443.28431555137,13.7627491857934,2.40280716017022,115.266208307376,1.69267905049176,2.01617227313927,0.83069240234241,3.91545046025875,31.9897161660742,0.112290246313437,0.770241993309833,0.606444429320719,0.270902966661056,0.196238337183941,5454.8203754316,0.13,0.00915350195863019,"050502A",3.79,0.680335513414563
"050525A",0.524310327313351,21.0699971816824,3.5661995948462,1.60068108066377,-10.3844677348636,0.944482672,1.24726817349991,0.887527848075075,1.97329134604551,-5.59644405114165,0.274901319327433,443.944781236105,12.7177795502812,2.56217992199492,107.837170136423,0.89204751770826,1.55567789662581,0.787705681108773,3.89387873637808,31.3201860175588,0.255205105543512,0.787492769458897,0.60042962486481,0.27276692392261,0.196065926987861,4756.41017874315,0.13,0.00593655770462347,"050525A",0.61,0.20682587603185
"050603A",0.393670650018966,21.0365987998598,3.95572119646738,1.56878318183887,-10.4820759778086,1.322219295,1.63424587879425,0.90833347764695,1.97968881597903,-5.62284045069981,0.154976580686355,442.538489066261,15.6477301841813,2.46108067162048,109.873916804552,1.7482638640703,2.67075959235598,0.825069706614203,3.91916780811244,31.616334734026,0.106943091744305,0.781305482286903,0.578619876650054,0.289815312423011,0.201801983276413,5054.47088671102,0.13,0.00802000004812144,"050603A",2.82,0.582063362911709
"050801A",0.492320646428895,21.0701835438696,3.3569897613723,1.5813755722511,-10.121843348776,1.28780173,1.31019462141209,0.91781272340908,1.97601445414842,-5.59524290191814,0.242379618900165,443.952634572351,11.2693802579584,2.5007487005125,102.45171277716,1.65843329579099,1.71660994597716,0.842380195251593,3.9046331230035,31.3067431314653,0.115763140600286,0.769065603510117,0.613550566909707,0.275011453778411,0.20181650093352,4743.27332038954,0.13,0.00639034601720786,"050801A",1.56,0.40823996531185
"050904A",0.239162273915582,21.4967993804702,4.34819637148309,1.39439501153098,-11.4141427314807,2.259044094,1.86582572424239,0.926554085547202,1.9366006972226,-5.81718901014106,0.0571985932644717,462.112383604183,18.9068116849787,1.94433744818247,130.282654294613,5.10328021863628,3.48130563324462,0.858502473444211,3.75042226048306,33.8396879797059,0.0123688105183115,0.878640498443869,0.616789116525615,0.291521574494943,0.210993899275735,7907.22794980614,0.13,0.0114467644746818,"050904A",6.295,0.86302529622947
"050908A",0.364485713358794,21.038814239688,3.52620642563177,1.56157077916104,-10.7987875402066,1.239799818,1.12886369581263,0.988397344695032,1.98463178248609,-5.65178580376506,0.132849835242669,442.631704612099,12.4341317561668,2.43850329832962,116.613812338521,1.53710358871283,1.27433324372375,0.97692931100019,3.93876331205392,31.9426827716403,0.129292166397143,0.793120118461833,0.648863903961896,0.279105249806342,0.220475336596593,5402.82688707549,0.13,0.00857747197067848,"050908A",3.34,0.637489729512511
"051028A",0.341878014651344,21.0386019479129,3.78929851504016,1.55819385088897,-10.9208140571457,1.204119983,1.22617340379997,0.934325012549839,1.98301825035074,-5.65767971479803,0.116880576901945,442.622771922724,14.3587832360856,2.42796807694819,119.264179670751,1.44990493345992,1.5035012161864,0.872963229076256,3.93236138122412,32.0093397552371,0.140362807889193,0.767005469333688,0.668055659117682,0.292946021139731,0.203493319236535,5476.64970273221,0.13,0.00903580825266766,"051028A",3.6,0.662757831681574
"051111A",0.497917543977059,21.0737000983578,3.36870224701627,1.58026842022412,-9.99915091150366,1.776555911,1.23032638259351,0.896712722568867,1.97512667264974,-5.5915125802994,0.247921880600146,444.100835835526,11.3481548290525,2.49724827995762,99.9830189510245,3.15615090490904,1.51370300770562,0.804093706816869,3.90112537301245,31.2650129356464,0.0375678308208745,0.84167006435997,0.592177227843515,0.274979853078917,0.201523011414935,4702.70600292277,0.13,0.00630851989372278,"051111A",1.55,0.406540180433955
"060512A",0.520344748482812,21.0541572819153,3.64897866076983,1.60850207501112,-10.6758325451871,0.92890769,1.10954659990307,0.892770570057967,1.97457753334701,-5.60814650933831,0.270758657273641,443.277538851628,13.3150452667535,2.58727892531507,113.973400532876,0.862869496541136,1.23109365735647,0.797039290761628,3.89895643519875,31.4513072702034,0.264523548794802,0.793423562686926,0.610439681840417,0.288936716080171,0.208274777232724,4886.31834572169,0.13,0.00599101314418156,"060512A",0.44,0.15836249209525
"060607A",0.389618425226081,21.0438986863829,3.62054379973058,1.5612625161333,-10.4188106089101,2.009450896,1.33679614564696,0.904692753092901,1.97960787547738,-5.63073178576027,0.151802517275652,442.84567192275,13.1083374057675,2.43754064428288,108.551614504338,4.0378929034352,1.78702393501657,0.818468977498812,3.91884734065206,31.705140443171,0.0219746078959429,0.804928981322599,0.600366002881621,0.277395610771954,0.204116646546746,5147.15248482894,0.13,0.00809518159839069,"060607A",3.07,0.60959440922522
"060904B",0.507819269195718,21.053500634993,3.7590325669501,1.60442376724511,-10.5883534453498,2.234264124,1.30953280753281,0.925945240139644,1.97617659381797,-5.60470807997071,0.257880410166473,443.249888987652,14.1303258393915,2.57417562490101,112.113228683651,4.99193617579349,1.71487617400476,0.857374587737264,3.90527392995399,31.412752661689,0.0130950724779308,0.775256271187084,0.60612567257617,0.282871268195849,0.196814314741617,4847.78475557458,0.13,0.00616631564261218,"060904B",0.7,0.230448921378274
"061007A",0.542525497945515,21.1200262149776,3.13344227804525,1.56883158669184,-9.06316736281652,1.876852648,1.57334794819469,0.943646757745928,1.96862940134342,-5.55180894907147,0.294333915921029,446.055507321342,9.81846050984139,2.46123254740203,82.1410026464226,3.52257586230461,2.47542376608844,0.890469203404402,3.87550171983375,30.8225826069901,0.0298208063463662,0.890368040482369,0.64774535592478,0.279463885936541,0.19926753083088,4291.84666747398,0.13,0.0056927160633208,"061007A",1.26,0.354108439147401
"061126A",0.490014503133301,21.0459063706054,3.64132019364013,1.59794202005416,-10.6429787860363,2.281033367,1.18575908719508,0.915190937975956,1.97840261950082,-5.61054360625558,0.240114213280976,442.930174960288,13.2592127526114,2.55341869945477,113.272997440019,5.20311322136736,1.40602461286571,0.83757445295331,3.91407692484772,31.4781995576954,0.0117581409910335,0.782289455778941,0.628222359538955,0.274005538608674,0.201378810356391,4913.36304395185,0.13,0.00642436959139084,"061126A",1.1588,0.334212409393176
"070125A",0.446102681825331,21.0185468488707,4.25845963241837,1.59796904549918,-10.9015023731412,1.77815125,1.59147961738547,0.886656876010672,1.98069369963033,-5.61631651166825,0.199007602731752,441.779311638174,18.1344784409368,2.55350507037356,118.842753991602,3.16182186787656,2.5328073725534,0.786160415777005,3.92314753175528,31.5430111592375,0.0374300821665039,0.79625834004854,0.632386001143638,0.26180008590973,0.193472988629488,4979.11045186844,0.13,0.00710791685645795,"070125A",1.55,0.406540180433955
"070411A",0.39022916039765,21.0376157125218,3.54512517275081,1.56577117892844,-10.6614707977792,2.089021501,1.39074047916452,0.939257089700753,1.98145915439312,-5.63481841842806,0.152278797624654,442.581274867745,12.5679124904715,2.45163938476295,113.666959571899,4.36401083164029,1.93415908038676,0.882203880553129,3.92618038052831,31.7511786086561,0.018295763152312,0.830512100630995,0.622020566589438,0.30017096914321,0.202638283921516,5195.8148534373,0.13,0.0080838055905205,"070411A",2.95,0.59659709562646
"070612A",0.485500595547555,21.0453205682508,4.29490176167059,1.60570636468594,-10.6643135460757,2.566790912,2.01750384753001,0.928442991651922,1.97562615566642,-5.59786986039691,0.235710828277031,442.905517820439,18.4461811424011,2.57829292959294,113.727583409015,6.58841558592579,4.07032177479839,0.86200638874757,3.90309870695328,31.3361469739401,0.00608949276024844,0.80727012502061,0.584321630046158,0.400005002855116,0.214388055509574,4772.05135887791,0.13,0.0064914904925291,"070612A",0.671,0.222976449893391
"071010A",0.466711552384212,21.025718487627,4.22728014498134,1.60511711759957,-11.0097517059946,0.77815125,1.81234833830586,0.884516372529736,1.97796784141472,-5.61232866082208,0.217819673128882,442.080837920941,17.8698974241534,2.57640096121115,121.214632627651,0.605519367876562,3.28460649936003,0.782369213273164,3.9123567816708,31.4982329970849,0.37430082166504,0.796969627900217,0.594489190334362,0.275953286103564,0.195304338134514,4933.59970572031,0.13,0.00677849794188669,"071010A",0.99,0.298853076409707
"071010B",0.513910450692912,21.0623976439637,3.50251949809925,1.59704390801795,-10.3620156458001,1.552668216,1.03680484017768,0.906188744008195,1.97586154321608,-5.60050029113449,0.264103951331392,443.624594512448,12.2676428345654,2.55054924413725,107.371368243807,2.41077858897662,1.07496427661587,0.82117803976715,3.90402883796022,31.3656035109975,0.062907701080855,0.841972921086861,0.593402161458891,0.280450720047944,0.215986767651673,4801.04238236464,0.13,0.00608043387992796,"071010B",0.947,0.289365951520032
"071025A",0.282110714786669,21.1686912872649,3.57160081672478,1.50923930971166,-10.7844281981506,2.376832349,1.39399863015596,0.921537869560161,1.96749996277632,-5.70514499095327,0.0795864553974451,448.113490815525,12.7563323940291,2.27780329397892,116.303891561065,5.64933201525286,1.94323218087668,0.84923204503348,3.8710561035248,32.5486793677992,0.00943060774968575,0.797931933012949,0.622375377666814,0.274894386498469,0.198654774729186,6109.1422773708,0.13,0.0103689386794057,"071025A",5,0.778151250383644
"071112C",0.522931251181566,21.0742803287708,3.25373237661387,1.59467014405814,-10.4032286685627,1.176091259,1.17533084295455,0.879913657174972,1.97349181756308,-5.5978486253047,0.273457093462318,444.125291375616,10.5867743786253,2.5429728683504,108.227166730406,1.38319064949621,1.38140259040025,0.774248044083033,3.89466995398844,31.3359092318257,0.149720328552953,0.812424930997323,0.613956477483681,0.266866321274483,0.19167345663978,4771.81803223553,0.13,0.00595543885037941,"071112C",0.82,0.260071387985075
"080319C",0.445996972176958,21.0462077480066,3.53623804698494,1.58085470487786,-10.6684390703431,1.531478917,1.69701999520679,0.913754040542593,1.97855910429125,-5.61268202928037,0.198913299191014,442.942860572253,12.5049795249439,2.49910159793447,113.815592197622,2.34542767321549,2.87987686413166,0.834946446607914,3.91469612917379,31.5021995618068,0.0660530861242607,0.767351691255829,0.590954141048344,0.397323455738987,0.207004899718235,4937.61561668954,0.13,0.00710964717280949,"080319C",1.95,0.469822015978163
"080330A",0.476733816485408,21.0477340961499,3.64042465182194,1.58978665665452,-10.5274185472066,1.783188691,1.26531718071842,0.877907083627025,1.97789124794577,-5.60818218189376,0.227275131780743,443.00711058223,13.2526916455929,2.52742161367674,110.826541268069,3.17976190771029,1.60102756782122,0.770720847482508,3.91205378870048,31.4517073853107,0.0369984337462195,0.784901545370465,0.599984472469636,0.272340103751185,0.211109545451254,4886.71971996967,0.13,0.00662386091013289,"080330A",1.51,0.399673721481038
"080413B",0.452665565768918,21.0109769754883,4.43526683966263,1.60739480105007,-11.1393181743893,0.903089987,1.8391472998556,0.907784505325222,1.98024064284958,-5.61684893123396,0.204906114432895,441.4611534645,19.6715919390109,2.58371804644279,124.08440939028,0.81557152461966,3.38246279056616,0.824072708108559,3.92135300359332,31.548991916304,0.280725615995587,0.844904696161984,0.620293351732969,0.277349693055528,0.192306703165898,4985.21829244573,0.13,0.00700131237979403,"080413B",1.1,0.322219294733919
"080603A",0.459848204054048,21.0336465342043,3.73852616692566,1.59101790473244,-10.695921119596,1.77815125,1.20604909239641,0.90574028184772,1.98070824734896,-5.61708599969266,0.211460370771733,442.414286525844,13.9765779007879,2.53133797317919,114.402728596619,3.16182186787656,1.4545544132702,0.820365458161587,3.9232051611162,31.5516551279433,0.0374300821665039,0.764855445129845,0.649598016777649,0.283762204668398,0.196920393366508,4987.94031791464,0.13,0.00688647248911664,"080603A",1.69,0.429752280002408
"080603B",0.401381501595164,21.0277041840152,3.91194960677745,1.5732354822267,-10.6233813083771,1.77815125,1.34507228609575,0.882738443144279,1.98128803581299,-5.62734179634873,0.161107109822788,442.16434325045,15.3033497259662,2.47506988253709,112.856230423175,3.16182186787656,1.80921945482284,0.779227159004785,3.9255022808557,31.6669756929333,0.0374300821665039,0.744368919529571,0.605201623334486,0.264628858424407,0.197817305138437,5107.1315551766,0.13,0.00787886246318142,"080603B",2.6893,0.566943971856554
"081228A",0.358460383550268,21.0429936359592,3.38118395973577,1.55676124135262,-10.8750132016766,0.477121255,1.30027915398102,0.941183330074743,1.98155919008621,-5.65301614102319,0.128493846575005,442.807581163019,11.4324049695744,2.42350556257775,118.26591213664,0.227644691972775,1.6907258782776,0.885826060810583,3.9265768238151,31.9565914906688,0.748601642185562,0.762888972612087,0.638676195187086,0.27786112002877,0.210147621136552,5418.15456022683,0.13,0.00869730373900263,"081228A",3.44,0.64738297011462
"090313A",0.37524249014987,21.0518654815194,3.63482091771727,1.55510290195902,-10.2916980617426,1.893872679,1.18251337653882,0.923633879357445,1.97992776273143,-5.63733990136199,0.140806926413875,443.181040251989,13.211923103875,2.41834503568136,105.919048994076,3.58675372426264,1.39833788569325,0.853099543096884,3.92011394563468,31.779601163488,0.0286747309365001,0.793718806105817,0.605438514527348,0.282073717746858,0.195389757887318,5226.06912775451,0.13,0.00836763120327089,"090313A",3.38,0.6414741105041
"090726A",0.406563635500919,21.035177693548,3.56856366633087,1.57114082992579,-10.6153586557152,1.773054693,1.25086987324864,0.95537769672947,1.98275332120524,-5.63089147179914,0.165293989711724,442.478700599141,12.7346466406568,2.46848350745991,112.685839389467,3.14372294436932,1.56467543980106,0.912746543408107,3.93131073275041,31.7069387671802,0.0378719212460373,0.777195177129161,0.625659349945523,0.287859866692389,0.206002744299082,5149.0453928723,0.13,0.00778540815036068,"090726A",2.71,0.569373909615046
"091024A",0.50093690180798,21.0673064933157,3.80119318627547,1.59269031149352,-10.2048321049238,1.995196292,1.51753718130589,0.892041451449135,1.97460412687326,-5.59101155086506,0.250937779592978,443.8314028833,14.4490696393871,2.53666242832534,104.138598289684,3.98080824361055,2.30291909664583,0.795737951103479,3.8990614578649,31.2594101619065,0.022707835449174,0.801362715979047,0.61216342663035,0.277009331144064,0.185978328458134,4697.28379374845,0.13,0.00626481310016959,"091024A",1.09,0.320146286111054
"000926A",0.420447835448275,21.0198533432187,4.23118097454324,1.58861921591303,-10.8605261040488,1.397940009,1.75943237017218,0.916599497951259,1.98172317746477,-5.61827197952452,0.17677638233314,441.834234570421,17.9028924393367,2.52371101316814,117.951027256724,1.95423626876292,3.09560226520971,0.8401546396445,3.92722675210106,31.5649800359103,0.0898321970524164,0.827660020283902,0.65389439792829,0.293384266877723,0.19416267362819,5001.58009791903,0.13,0.00754044862718687,"000926A",2.04,0.482873583608754
"970508A",0.459011917813043,20.9900163651187,4.62003633362784,1.61702774697593,-11.2915218298013,1.120573931,1.46015725712989,0.868082342816862,1.98048621894195,-5.62653940597558,0.210691940694408,440.580787007952,21.3447357240414,2.61477873449007,127.49846523288,1.25568593483679,2.13205921554907,0.753566953910413,3.922325663419,31.657945686996,0.170136737050821,0.80752163501987,0.652792575964957,0.293291217842421,0.210423580194429,5097.70447263215,0.13,0.0068997459956337,"970508A",0.83,0.262451089730429
