"formula_idx","wins","formula","r","rmse","bias"
1883,17,"Response ~  (log10FaSqr+PhotonIndexSqr+log10Fa+log10Ta+log10PeakFlux)^2+log10NH+PhotonIndex+Alpha+log10T90+log10PeakFluxSqr+log10NHSqr+log10TaSqr+AlphaSqr+log10T90Sqr",0.58,0.16,-0.16
145,16,"Response ~  (log10FaSqr+log10Fa+log10PeakFlux)^2+log10NH+PhotonIndex+log10Ta+Alpha+log10T90+log10PeakFluxSqr+log10NHSqr+PhotonIndexSqr+log10TaSqr+AlphaSqr+log10T90Sqr",0.52,0.16,-0.14
666,14,"Response ~  (log10FaSqr+log10TaSqr+log10Fa+log10PeakFlux)^2+log10NH+PhotonIndex+log10Ta+Alpha+log10T90+log10PeakFluxSqr+log10NHSqr+PhotonIndexSqr+AlphaSqr+log10T90Sqr",0.55,0.16,-0.16
597,12,"Response ~  (log10FaSqr+log10Fa+log10Ta+log10PeakFlux)^2+log10NH+PhotonIndex+Alpha+log10T90+log10PeakFluxSqr+log10NHSqr+PhotonIndexSqr+log10TaSqr+AlphaSqr+log10T90Sqr",0.51,0.16,-0.16
552,8,"Response ~  (log10FaSqr+log10Fa+PhotonIndex+log10PeakFlux)^2+log10NH+log10Ta+Alpha+log10T90+log10PeakFluxSqr+log10NHSqr+PhotonIndexSqr+log10TaSqr+AlphaSqr+log10T90Sqr",0.49,0.16,-0.13
2050,8,"Response ~  (log10FaSqr+log10TaSqr+PhotonIndexSqr+log10Fa+log10PeakFlux)^2+log10NH+PhotonIndex+log10Ta+Alpha+log10T90+log10PeakFluxSqr+log10NHSqr+AlphaSqr+log10T90Sqr",0.49,0.16,-0.16
663,7,"Response ~  (log10FaSqr+PhotonIndexSqr+log10Fa+log10PeakFlux)^2+log10NH+PhotonIndex+log10Ta+Alpha+log10T90+log10PeakFluxSqr+log10NHSqr+log10TaSqr+AlphaSqr+log10T90Sqr",0.5,0.17,-0.17
3272,6,"Response ~  (log10T90Sqr+AlphaSqr+PhotonIndexSqr+Alpha+log10Fa)^2+log10PeakFlux+log10NH+PhotonIndex+log10Ta+log10T90+log10PeakFluxSqr+log10NHSqr+log10TaSqr+log10FaSqr",0.42,0.16,-0.22
1697,5,"Response ~  (log10FaSqr+log10Fa+log10Ta+PhotonIndex+log10PeakFlux)^2+log10NH+Alpha+log10T90+log10PeakFluxSqr+log10NHSqr+PhotonIndexSqr+log10TaSqr+AlphaSqr+log10T90Sqr",0.53,0.16,-0.13
551,4,"Response ~  (log10TaSqr+log10Fa+PhotonIndex+log10PeakFlux)^2+log10NH+log10Ta+Alpha+log10T90+log10PeakFluxSqr+log10NHSqr+PhotonIndexSqr+log10FaSqr+AlphaSqr+log10T90Sqr",0.51,0.17,-0.17
670,4,"Response ~  (log10T90Sqr+log10FaSqr+log10Fa+log10PeakFlux)^2+log10NH+PhotonIndex+log10Ta+Alpha+log10T90+log10PeakFluxSqr+log10NHSqr+PhotonIndexSqr+log10TaSqr+AlphaSqr",0.51,0.16,-0.081
774,4,"Response ~  (log10T90Sqr+log10Fa+PhotonIndex+log10NH)^2+log10PeakFlux+log10Ta+Alpha+log10T90+log10PeakFluxSqr+log10NHSqr+PhotonIndexSqr+log10TaSqr+log10FaSqr+AlphaSqr",0.51,0.17,-0.35
648,3,"Response ~  (log10FaSqr+log10T90+log10Fa+log10PeakFlux)^2+log10NH+PhotonIndex+log10Ta+Alpha+log10PeakFluxSqr+log10NHSqr+PhotonIndexSqr+log10TaSqr+AlphaSqr+log10T90Sqr",0.55,0.16,-0.19
250,2,"Response ~  (log10Fa+log10Ta+PhotonIndex)^2+log10PeakFlux+log10NH+Alpha+log10T90+log10PeakFluxSqr+log10NHSqr+PhotonIndexSqr+log10TaSqr+log10FaSqr+AlphaSqr+log10T90Sqr",0.51,0.18,-0.0029
267,2,"Response ~  (AlphaSqr+log10Fa+PhotonIndex)^2+log10PeakFlux+log10NH+log10Ta+Alpha+log10T90+log10PeakFluxSqr+log10NHSqr+PhotonIndexSqr+log10TaSqr+log10FaSqr+log10T90Sqr",0.54,0.16,-0.22
303,2,"Response ~  (log10T90Sqr+log10FaSqr+PhotonIndex)^2+log10PeakFlux+log10NH+log10Ta+log10Fa+Alpha+log10T90+log10PeakFluxSqr+log10NHSqr+PhotonIndexSqr+log10TaSqr+AlphaSqr",0.48,0.17,-0.24
353,2,"Response ~  (PhotonIndexSqr+Alpha+log10Fa)^2+log10PeakFlux+log10NH+PhotonIndex+log10Ta+log10T90+log10PeakFluxSqr+log10NHSqr+log10TaSqr+log10FaSqr+AlphaSqr+log10T90Sqr",0.47,0.16,-0.18
378,2,"Response ~  (AlphaSqr+PhotonIndexSqr+log10Fa)^2+log10PeakFlux+log10NH+PhotonIndex+log10Ta+Alpha+log10T90+log10PeakFluxSqr+log10NHSqr+log10TaSqr+log10FaSqr+log10T90Sqr",0.57,0.17,-0.23
413,2,"Response ~  (log10T90Sqr+AlphaSqr+Alpha)^2+log10PeakFlux+log10NH+PhotonIndex+log10Ta+log10Fa+log10T90+log10PeakFluxSqr+log10NHSqr+PhotonIndexSqr+log10TaSqr+log10FaSqr",0.49,0.17,-0.13
463,2,"Response ~  (AlphaSqr+log10FaSqr+PhotonIndexSqr)^2+log10PeakFlux+log10NH+PhotonIndex+log10Ta+log10Fa+Alpha+log10T90+log10PeakFluxSqr+log10NHSqr+log10TaSqr+log10T90Sqr",0.52,0.17,-0.16
596,2,"Response ~  (log10TaSqr+log10Fa+log10Ta+log10PeakFlux)^2+log10NH+PhotonIndex+Alpha+log10T90+log10PeakFluxSqr+log10NHSqr+PhotonIndexSqr+log10FaSqr+AlphaSqr+log10T90Sqr",0.51,0.17,-0.087
932,2,"Response ~  (log10FaSqr+PhotonIndexSqr+log10T90+log10NH)^2+log10PeakFlux+PhotonIndex+log10Ta+log10Fa+Alpha+log10PeakFluxSqr+log10NHSqr+log10TaSqr+AlphaSqr+log10T90Sqr",0.5,0.16,-0.23
969,2,"Response ~  (AlphaSqr+log10FaSqr+PhotonIndexSqr+log10NH)^2+log10PeakFlux+PhotonIndex+log10Ta+log10Fa+Alpha+log10T90+log10PeakFluxSqr+log10NHSqr+log10TaSqr+log10T90Sqr",0.58,0.16,-0.1
978,2,"Response ~  (log10PeakFluxSqr+log10Fa+log10Ta+PhotonIndex)^2+log10PeakFlux+log10NH+Alpha+log10T90+log10NHSqr+PhotonIndexSqr+log10TaSqr+log10FaSqr+AlphaSqr+log10T90Sqr",0.49,0.15,-0.025
1018,2,"Response ~  (AlphaSqr+log10FaSqr+log10Ta+PhotonIndex)^2+log10PeakFlux+log10NH+log10Fa+Alpha+log10T90+log10PeakFluxSqr+log10NHSqr+PhotonIndexSqr+log10TaSqr+log10T90Sqr",0.47,0.16,-0.24
1030,2,"Response ~  (log10NHSqr+log10T90+log10Fa+PhotonIndex)^2+log10PeakFlux+log10NH+log10Ta+Alpha+log10PeakFluxSqr+PhotonIndexSqr+log10TaSqr+log10FaSqr+AlphaSqr+log10T90Sqr",0.52,0.17,-0.31
1055,2,"Response ~  (log10T90Sqr+log10FaSqr+log10Fa+PhotonIndex)^2+log10PeakFlux+log10NH+log10Ta+Alpha+log10T90+log10PeakFluxSqr+log10NHSqr+PhotonIndexSqr+log10TaSqr+AlphaSqr",0.57,0.15,0.0029
1113,2,"Response ~  (AlphaSqr+PhotonIndexSqr+log10PeakFluxSqr+PhotonIndex)^2+log10PeakFlux+log10NH+log10Ta+log10Fa+Alpha+log10T90+log10NHSqr+log10TaSqr+log10FaSqr+log10T90Sqr",0.48,0.17,-0.32
1168,2,"Response ~  (log10FaSqr+PhotonIndexSqr+log10Fa+log10Ta)^2+log10PeakFlux+log10NH+PhotonIndex+Alpha+log10T90+log10PeakFluxSqr+log10NHSqr+log10TaSqr+AlphaSqr+log10T90Sqr",0.55,0.16,-0.16
1281,2,"Response ~  (AlphaSqr+PhotonIndexSqr+Alpha+log10Fa)^2+log10PeakFlux+log10NH+PhotonIndex+log10Ta+log10T90+log10PeakFluxSqr+log10NHSqr+log10TaSqr+log10FaSqr+log10T90Sqr",0.51,0.16,0.013
1328,2,"Response ~  (log10T90Sqr+PhotonIndexSqr+log10NHSqr+log10Fa)^2+log10PeakFlux+log10NH+PhotonIndex+log10Ta+Alpha+log10T90+log10PeakFluxSqr+log10TaSqr+log10FaSqr+AlphaSqr",0.52,0.17,-0.043
1336,2,"Response ~  (AlphaSqr+log10TaSqr+PhotonIndexSqr+log10Fa)^2+log10PeakFlux+log10NH+PhotonIndex+log10Ta+Alpha+log10T90+log10PeakFluxSqr+log10NHSqr+log10FaSqr+log10T90Sqr",0.48,0.17,-0.23
1394,2,"Response ~  (AlphaSqr+log10FaSqr+PhotonIndexSqr+Alpha)^2+log10PeakFlux+log10NH+PhotonIndex+log10Ta+log10Fa+log10T90+log10PeakFluxSqr+log10NHSqr+log10TaSqr+log10T90Sqr",0.4,0.17,-0.13
1766,2,"Response ~  (log10FaSqr+log10TaSqr+log10Fa+PhotonIndex+log10PeakFlux)^2+log10NH+log10Ta+Alpha+log10T90+log10PeakFluxSqr+log10NHSqr+PhotonIndexSqr+AlphaSqr+log10T90Sqr",0.49,0.17,-0.12
2016,2,"Response ~  (log10FaSqr+PhotonIndexSqr+log10T90+log10Fa+log10PeakFlux)^2+log10NH+PhotonIndex+log10Ta+Alpha+log10PeakFluxSqr+log10NHSqr+log10TaSqr+AlphaSqr+log10T90Sqr",0.54,0.17,-0.23
2053,2,"Response ~  (AlphaSqr+log10FaSqr+PhotonIndexSqr+log10Fa+log10PeakFlux)^2+log10NH+PhotonIndex+log10Ta+Alpha+log10T90+log10PeakFluxSqr+log10NHSqr+log10TaSqr+log10T90Sqr",0.49,0.17,-0.31
2314,2,"Response ~  (log10T90Sqr+log10FaSqr+log10T90+PhotonIndex+log10NH)^2+log10PeakFlux+log10Ta+log10Fa+Alpha+log10PeakFluxSqr+log10NHSqr+PhotonIndexSqr+log10TaSqr+AlphaSqr",0.54,0.16,-0.2
2567,2,"Response ~  (log10FaSqr+PhotonIndexSqr+log10T90+Alpha+log10NH)^2+log10PeakFlux+PhotonIndex+log10Ta+log10Fa+log10PeakFluxSqr+log10NHSqr+log10TaSqr+AlphaSqr+log10T90Sqr",0.37,0.17,-0.24
2627,2,"Response ~  (log10FaSqr+PhotonIndexSqr+log10NHSqr+log10T90+log10NH)^2+log10PeakFlux+PhotonIndex+log10Ta+log10Fa+Alpha+log10PeakFluxSqr+log10TaSqr+AlphaSqr+log10T90Sqr",0.59,0.16,-0.26
2848,2,"Response ~  (log10T90Sqr+log10FaSqr+log10T90+log10Fa+PhotonIndex)^2+log10PeakFlux+log10NH+log10Ta+Alpha+log10PeakFluxSqr+log10NHSqr+PhotonIndexSqr+log10TaSqr+AlphaSqr",0.47,0.17,-0.067
2987,2,"Response ~  (AlphaSqr+log10TaSqr+PhotonIndexSqr+log10PeakFluxSqr+PhotonIndex)^2+log10PeakFlux+log10NH+log10Ta+log10Fa+Alpha+log10T90+log10NHSqr+log10FaSqr+log10T90Sqr",0.4,0.18,-0.33
3234,2,"Response ~  (AlphaSqr+PhotonIndexSqr+log10T90+Alpha+log10Fa)^2+log10PeakFlux+log10NH+PhotonIndex+log10Ta+log10PeakFluxSqr+log10NHSqr+log10TaSqr+log10FaSqr+log10T90Sqr",0.42,0.17,-0.15
3242,2,"Response ~  (PhotonIndexSqr+log10NHSqr+log10PeakFluxSqr+Alpha+log10Fa)^2+log10PeakFlux+log10NH+PhotonIndex+log10Ta+log10T90+log10TaSqr+log10FaSqr+AlphaSqr+log10T90Sqr",0.62,0.17,-0.39
3268,2,"Response ~  (AlphaSqr+log10TaSqr+PhotonIndexSqr+Alpha+log10Fa)^2+log10PeakFlux+log10NH+PhotonIndex+log10Ta+log10T90+log10PeakFluxSqr+log10NHSqr+log10FaSqr+log10T90Sqr",0.37,0.19,-0.12
3415,2,"Response ~  (log10T90Sqr+AlphaSqr+log10FaSqr+PhotonIndexSqr+Alpha)^2+log10PeakFlux+log10NH+PhotonIndex+log10Ta+log10Fa+log10T90+log10PeakFluxSqr+log10NHSqr+log10TaSqr",0.42,0.17,-0.28
3995,2,"Response ~  (log10FaSqr+PhotonIndexSqr+log10Fa+log10Ta+PhotonIndex+log10PeakFlux)^2+log10NH+Alpha+log10T90+log10PeakFluxSqr+log10NHSqr+log10TaSqr+AlphaSqr+log10T90Sqr",0.44,0.17,-0.082
4156,2,"Response ~  (log10FaSqr+log10TaSqr+log10NHSqr+log10Fa+PhotonIndex+log10PeakFlux)^2+log10NH+log10Ta+Alpha+log10T90+log10PeakFluxSqr+PhotonIndexSqr+AlphaSqr+log10T90Sqr",0.37,0.16,-0.28
6283,2,"Response ~  (AlphaSqr+PhotonIndexSqr+log10NHSqr+log10T90+Alpha+log10Fa)^2+log10PeakFlux+log10NH+PhotonIndex+log10Ta+log10PeakFluxSqr+log10TaSqr+log10FaSqr+log10T90Sqr",0.48,0.17,-0.19
6296,2,"Response ~  (log10T90Sqr+AlphaSqr+PhotonIndexSqr+log10T90+Alpha+log10Fa)^2+log10PeakFlux+log10NH+PhotonIndex+log10Ta+log10PeakFluxSqr+log10NHSqr+log10TaSqr+log10FaSqr",0.36,0.21,-0.05
274,1,"Response ~  (log10FaSqr+Alpha+PhotonIndex)^2+log10PeakFlux+log10NH+log10Ta+log10Fa+log10T90+log10PeakFluxSqr+log10NHSqr+PhotonIndexSqr+log10TaSqr+AlphaSqr+log10T90Sqr",0.47,0.17,-0.15
377,1,"Response ~  (log10FaSqr+PhotonIndexSqr+log10Fa)^2+log10PeakFlux+log10NH+PhotonIndex+log10Ta+Alpha+log10T90+log10PeakFluxSqr+log10NHSqr+log10TaSqr+AlphaSqr+log10T90Sqr",0.48,0.16,-0.25
654,1,"Response ~  (log10FaSqr+log10PeakFluxSqr+log10Fa+log10PeakFlux)^2+log10NH+PhotonIndex+log10Ta+Alpha+log10T90+log10NHSqr+PhotonIndexSqr+log10TaSqr+AlphaSqr+log10T90Sqr",0.47,0.16,-0.13
885,1,"Response ~  (log10T90Sqr+PhotonIndexSqr+log10Fa+log10NH)^2+log10PeakFlux+PhotonIndex+log10Ta+Alpha+log10T90+log10PeakFluxSqr+log10NHSqr+log10TaSqr+log10FaSqr+AlphaSqr",0.56,0.16,0.092
1004,1,"Response ~  (AlphaSqr+log10PeakFluxSqr+log10Ta+PhotonIndex)^2+log10PeakFlux+log10NH+log10Fa+Alpha+log10T90+log10NHSqr+PhotonIndexSqr+log10TaSqr+log10FaSqr+log10T90Sqr",0.45,0.17,-0.17
1046,1,"Response ~  (log10T90Sqr+log10NHSqr+log10Fa+PhotonIndex)^2+log10PeakFlux+log10NH+log10Ta+Alpha+log10T90+log10PeakFluxSqr+PhotonIndexSqr+log10TaSqr+log10FaSqr+AlphaSqr",0.51,0.15,-0.23
1119,1,"Response ~  (log10T90Sqr+log10FaSqr+log10PeakFluxSqr+PhotonIndex)^2+log10PeakFlux+log10NH+log10Ta+log10Fa+Alpha+log10T90+log10NHSqr+PhotonIndexSqr+log10TaSqr+AlphaSqr",0.67,0.15,0.07
1135,1,"Response ~  (log10T90Sqr+log10FaSqr+PhotonIndexSqr+PhotonIndex)^2+log10PeakFlux+log10NH+log10Ta+log10Fa+Alpha+log10T90+log10PeakFluxSqr+log10NHSqr+log10TaSqr+AlphaSqr",0.57,0.16,-0.24
1319,1,"Response ~  (log10FaSqr+log10TaSqr+log10PeakFluxSqr+log10Fa)^2+log10PeakFlux+log10NH+PhotonIndex+log10Ta+Alpha+log10T90+log10NHSqr+PhotonIndexSqr+AlphaSqr+log10T90Sqr",0.34,0.18,-0.29
1487,1,"Response ~  (log10FaSqr+log10Fa+PhotonIndex+log10NH+log10PeakFlux)^2+log10Ta+Alpha+log10T90+log10PeakFluxSqr+log10NHSqr+PhotonIndexSqr+log10TaSqr+AlphaSqr+log10T90Sqr",0.44,0.18,0.0046
1532,1,"Response ~  (log10FaSqr+log10Fa+log10Ta+log10NH+log10PeakFlux)^2+PhotonIndex+Alpha+log10T90+log10PeakFluxSqr+log10NHSqr+PhotonIndexSqr+log10TaSqr+AlphaSqr+log10T90Sqr",0.46,0.18,-0.18
1598,1,"Response ~  (log10FaSqr+PhotonIndexSqr+log10Fa+log10NH+log10PeakFlux)^2+PhotonIndex+log10Ta+Alpha+log10T90+log10PeakFluxSqr+log10NHSqr+log10TaSqr+AlphaSqr+log10T90Sqr",0.44,0.17,-0.098
2057,1,"Response ~  (log10T90Sqr+log10FaSqr+log10TaSqr+log10Fa+log10PeakFlux)^2+log10NH+PhotonIndex+log10Ta+Alpha+log10T90+log10PeakFluxSqr+log10NHSqr+PhotonIndexSqr+AlphaSqr",0.46,0.17,-0.14
2819,1,"Response ~  (log10TaSqr+PhotonIndexSqr+Alpha+log10Fa+PhotonIndex)^2+log10PeakFlux+log10NH+log10Ta+log10T90+log10PeakFluxSqr+log10NHSqr+log10FaSqr+AlphaSqr+log10T90Sqr",0.44,0.18,-0.23
3006,1,"Response ~  (AlphaSqr+log10FaSqr+log10TaSqr+PhotonIndexSqr+PhotonIndex)^2+log10PeakFlux+log10NH+log10Ta+log10Fa+Alpha+log10T90+log10PeakFluxSqr+log10NHSqr+log10T90Sqr",0.37,0.18,-0.31
3306,1,"Response ~  (log10T90Sqr+log10FaSqr+PhotonIndexSqr+log10T90+log10Fa)^2+log10PeakFlux+log10NH+PhotonIndex+log10Ta+Alpha+log10PeakFluxSqr+log10NHSqr+log10TaSqr+AlphaSqr",0.43,0.16,-0.27
4927,1,"Response ~  (log10T90Sqr+log10FaSqr+log10T90+log10Fa+PhotonIndex+log10NH)^2+log10PeakFlux+log10Ta+Alpha+log10PeakFluxSqr+log10NHSqr+PhotonIndexSqr+log10TaSqr+AlphaSqr",0.59,0.16,-0.18
8422,1,"Response ~  (log10T90Sqr+AlphaSqr+log10T90+Alpha+log10Fa+PhotonIndex+log10NH)^2+log10PeakFlux+log10Ta+log10PeakFluxSqr+log10NHSqr+PhotonIndexSqr+log10TaSqr+log10FaSqr",0.45,0.21,-0.014
8739,1,"Response ~  (log10T90Sqr+log10FaSqr+PhotonIndexSqr+log10T90+log10Fa+log10Ta+log10NH)^2+log10PeakFlux+PhotonIndex+Alpha+log10PeakFluxSqr+log10NHSqr+log10TaSqr+AlphaSqr",0.52,0.17,0.055
9392,1,"Response ~  (log10T90Sqr+AlphaSqr+log10NHSqr+log10T90+Alpha+log10Fa+PhotonIndex)^2+log10PeakFlux+log10NH+log10Ta+log10PeakFluxSqr+PhotonIndexSqr+log10TaSqr+log10FaSqr",0.44,0.18,-0.32
3,0,"Response ~  PhotonIndex:PhotonIndex+log10PeakFlux+log10NH+log10Ta+log10Fa+Alpha+log10T90+log10PeakFluxSqr+log10NHSqr+PhotonIndexSqr+log10TaSqr+log10FaSqr+AlphaSqr+log10T90Sqr",0.48,0.2,-0.28
5,0,"Response ~  log10Fa:log10Fa+log10PeakFlux+log10NH+PhotonIndex+log10Ta+Alpha+log10T90+log10PeakFluxSqr+log10NHSqr+PhotonIndexSqr+log10TaSqr+log10FaSqr+AlphaSqr+log10T90Sqr",0.44,0.19,0.083
14,0,"Response ~  log10T90Sqr:log10T90Sqr+log10PeakFlux+log10NH+PhotonIndex+log10Ta+log10Fa+Alpha+log10T90+log10PeakFluxSqr+log10NHSqr+PhotonIndexSqr+log10TaSqr+log10FaSqr+AlphaSqr",0.42,0.2,-0.11
18,0,"Response ~  (log10Fa+log10PeakFlux)^2+log10NH+PhotonIndex+log10Ta+Alpha+log10T90+log10PeakFluxSqr+log10NHSqr+PhotonIndexSqr+log10TaSqr+log10FaSqr+AlphaSqr+log10T90Sqr",0.56,0.15,-0.0014
21,0,"Response ~  (log10PeakFluxSqr+log10PeakFlux)^2+log10NH+PhotonIndex+log10Ta+log10Fa+Alpha+log10T90+log10NHSqr+PhotonIndexSqr+log10TaSqr+log10FaSqr+AlphaSqr+log10T90Sqr",0.28,0.21,0.011
28,0,"Response ~  (PhotonIndex+log10NH)^2+log10PeakFlux+log10Ta+log10Fa+Alpha+log10T90+log10PeakFluxSqr+log10NHSqr+PhotonIndexSqr+log10TaSqr+log10FaSqr+AlphaSqr+log10T90Sqr",0.63,0.17,-0.5
41,0,"Response ~  (log10Fa+PhotonIndex)^2+log10PeakFlux+log10NH+log10Ta+Alpha+log10T90+log10PeakFluxSqr+log10NHSqr+PhotonIndexSqr+log10TaSqr+log10FaSqr+AlphaSqr+log10T90Sqr",0.59,0.15,-0.21
42,0,"Response ~  (Alpha+PhotonIndex)^2+log10PeakFlux+log10NH+log10Ta+log10Fa+log10T90+log10PeakFluxSqr+log10NHSqr+PhotonIndexSqr+log10TaSqr+log10FaSqr+AlphaSqr+log10T90Sqr",0.37,0.17,0.15
48,0,"Response ~  (log10FaSqr+PhotonIndex)^2+log10PeakFlux+log10NH+log10Ta+log10Fa+Alpha+log10T90+log10PeakFluxSqr+log10NHSqr+PhotonIndexSqr+log10TaSqr+AlphaSqr+log10T90Sqr",0.61,0.15,-0.17
50,0,"Response ~  (log10T90Sqr+PhotonIndex)^2+log10PeakFlux+log10NH+log10Ta+log10Fa+Alpha+log10T90+log10PeakFluxSqr+log10NHSqr+PhotonIndexSqr+log10TaSqr+log10FaSqr+AlphaSqr",0.48,0.17,-0.31
63,0,"Response ~  (log10PeakFluxSqr+log10Fa)^2+log10PeakFlux+log10NH+PhotonIndex+log10Ta+Alpha+log10T90+log10NHSqr+PhotonIndexSqr+log10TaSqr+log10FaSqr+AlphaSqr+log10T90Sqr",0.36,0.18,-0.054
65,0,"Response ~  (PhotonIndexSqr+log10Fa)^2+log10PeakFlux+log10NH+PhotonIndex+log10Ta+Alpha+log10T90+log10PeakFluxSqr+log10NHSqr+log10TaSqr+log10FaSqr+AlphaSqr+log10T90Sqr",0.43,0.19,-0.11
75,0,"Response ~  (log10FaSqr+Alpha)^2+log10PeakFlux+log10NH+PhotonIndex+log10Ta+log10Fa+log10T90+log10PeakFluxSqr+log10NHSqr+PhotonIndexSqr+log10TaSqr+AlphaSqr+log10T90Sqr",0.62,0.17,-0.49
80,0,"Response ~  (PhotonIndexSqr+log10T90)^2+log10PeakFlux+log10NH+PhotonIndex+log10Ta+log10Fa+Alpha+log10PeakFluxSqr+log10NHSqr+log10TaSqr+log10FaSqr+AlphaSqr+log10T90Sqr",0.46,0.17,-0.16
85,0,"Response ~  (log10NHSqr+log10PeakFluxSqr)^2+log10PeakFlux+log10NH+PhotonIndex+log10Ta+log10Fa+Alpha+log10T90+PhotonIndexSqr+log10TaSqr+log10FaSqr+AlphaSqr+log10T90Sqr",0.58,0.15,-0.2
86,0,"Response ~  (PhotonIndexSqr+log10PeakFluxSqr)^2+log10PeakFlux+log10NH+PhotonIndex+log10Ta+log10Fa+Alpha+log10T90+log10NHSqr+log10TaSqr+log10FaSqr+AlphaSqr+log10T90Sqr",0.58,0.15,-0.25
88,0,"Response ~  (log10FaSqr+log10PeakFluxSqr)^2+log10PeakFlux+log10NH+PhotonIndex+log10Ta+log10Fa+Alpha+log10T90+log10NHSqr+PhotonIndexSqr+log10TaSqr+AlphaSqr+log10T90Sqr",0.5,0.17,-0.22
97,0,"Response ~  (log10FaSqr+PhotonIndexSqr)^2+log10PeakFlux+log10NH+PhotonIndex+log10Ta+log10Fa+Alpha+log10T90+log10PeakFluxSqr+log10NHSqr+log10TaSqr+AlphaSqr+log10T90Sqr",0.56,0.18,-0.49
98,0,"Response ~  (AlphaSqr+PhotonIndexSqr)^2+log10PeakFlux+log10NH+PhotonIndex+log10Ta+log10Fa+Alpha+log10T90+log10PeakFluxSqr+log10NHSqr+log10TaSqr+log10FaSqr+log10T90Sqr",0.43,0.19,-0.11
110,0,"Response ~  (log10T90+log10NH+log10PeakFlux)^2+PhotonIndex+log10Ta+log10Fa+Alpha+log10PeakFluxSqr+log10NHSqr+PhotonIndexSqr+log10TaSqr+log10FaSqr+AlphaSqr+log10T90Sqr",0.56,0.14,-0.054
129,0,"Response ~  (log10Fa+log10Ta+log10PeakFlux)^2+log10NH+PhotonIndex+Alpha+log10T90+log10PeakFluxSqr+log10NHSqr+PhotonIndexSqr+log10TaSqr+log10FaSqr+AlphaSqr+log10T90Sqr",0.52,0.17,0.21
144,0,"Response ~  (log10TaSqr+log10Fa+log10PeakFlux)^2+log10NH+PhotonIndex+log10Ta+Alpha+log10T90+log10PeakFluxSqr+log10NHSqr+PhotonIndexSqr+log10FaSqr+AlphaSqr+log10T90Sqr",0.48,0.17,0.038
156,0,"Response ~  (log10PeakFluxSqr+log10T90+log10PeakFlux)^2+log10NH+PhotonIndex+log10Ta+log10Fa+Alpha+log10NHSqr+PhotonIndexSqr+log10TaSqr+log10FaSqr+AlphaSqr+log10T90Sqr",0.49,0.19,-0.51
178,0,"Response ~  (log10FaSqr+log10TaSqr+log10PeakFlux)^2+log10NH+PhotonIndex+log10Ta+log10Fa+Alpha+log10T90+log10PeakFluxSqr+log10NHSqr+PhotonIndexSqr+AlphaSqr+log10T90Sqr",0.43,0.17,-0.053
185,0,"Response ~  (log10Fa+PhotonIndex+log10NH)^2+log10PeakFlux+log10Ta+Alpha+log10T90+log10PeakFluxSqr+log10NHSqr+PhotonIndexSqr+log10TaSqr+log10FaSqr+AlphaSqr+log10T90Sqr",0.49,0.16,-0.091
192,0,"Response ~  (log10FaSqr+PhotonIndex+log10NH)^2+log10PeakFlux+log10Ta+log10Fa+Alpha+log10T90+log10PeakFluxSqr+log10NHSqr+PhotonIndexSqr+log10TaSqr+AlphaSqr+log10T90Sqr",0.59,0.15,-0.19
194,0,"Response ~  (log10T90Sqr+PhotonIndex+log10NH)^2+log10PeakFlux+log10Ta+log10Fa+Alpha+log10T90+log10PeakFluxSqr+log10NHSqr+PhotonIndexSqr+log10TaSqr+log10FaSqr+AlphaSqr",0.52,0.16,-0.25
223,0,"Response ~  (log10NHSqr+log10T90+log10NH)^2+log10PeakFlux+PhotonIndex+log10Ta+log10Fa+Alpha+log10PeakFluxSqr+PhotonIndexSqr+log10TaSqr+log10FaSqr+AlphaSqr+log10T90Sqr",0.6,0.17,-0.54
224,0,"Response ~  (PhotonIndexSqr+log10T90+log10NH)^2+log10PeakFlux+PhotonIndex+log10Ta+log10Fa+Alpha+log10PeakFluxSqr+log10NHSqr+log10TaSqr+log10FaSqr+AlphaSqr+log10T90Sqr",0.35,0.16,0.16
226,0,"Response ~  (log10FaSqr+log10T90+log10NH)^2+log10PeakFlux+PhotonIndex+log10Ta+log10Fa+Alpha+log10PeakFluxSqr+log10NHSqr+PhotonIndexSqr+log10TaSqr+AlphaSqr+log10T90Sqr",0.53,0.15,-0.27
230,0,"Response ~  (PhotonIndexSqr+log10PeakFluxSqr+log10NH)^2+log10PeakFlux+PhotonIndex+log10Ta+log10Fa+Alpha+log10T90+log10NHSqr+log10TaSqr+log10FaSqr+AlphaSqr+log10T90Sqr",0.56,0.16,-0.29
241,0,"Response ~  (log10FaSqr+PhotonIndexSqr+log10NH)^2+log10PeakFlux+PhotonIndex+log10Ta+log10Fa+Alpha+log10T90+log10PeakFluxSqr+log10NHSqr+log10TaSqr+AlphaSqr+log10T90Sqr",0.37,0.17,-0.14
257,0,"Response ~  (log10FaSqr+log10Ta+PhotonIndex)^2+log10PeakFlux+log10NH+log10Fa+Alpha+log10T90+log10PeakFluxSqr+log10NHSqr+PhotonIndexSqr+log10TaSqr+AlphaSqr+log10T90Sqr",0.53,0.16,-0.27
258,0,"Response ~  (AlphaSqr+log10Ta+PhotonIndex)^2+log10PeakFlux+log10NH+log10Fa+Alpha+log10T90+log10PeakFluxSqr+log10NHSqr+PhotonIndexSqr+log10TaSqr+log10FaSqr+log10T90Sqr",0.55,0.17,-0.23
260,0,"Response ~  (Alpha+log10Fa+PhotonIndex)^2+log10PeakFlux+log10NH+log10Ta+log10T90+log10PeakFluxSqr+log10NHSqr+PhotonIndexSqr+log10TaSqr+log10FaSqr+AlphaSqr+log10T90Sqr",0.55,0.15,-0.17
261,0,"Response ~  (log10T90+log10Fa+PhotonIndex)^2+log10PeakFlux+log10NH+log10Ta+Alpha+log10PeakFluxSqr+log10NHSqr+PhotonIndexSqr+log10TaSqr+log10FaSqr+AlphaSqr+log10T90Sqr",0.44,0.17,-0.4
263,0,"Response ~  (log10NHSqr+log10Fa+PhotonIndex)^2+log10PeakFlux+log10NH+log10Ta+Alpha+log10T90+log10PeakFluxSqr+PhotonIndexSqr+log10TaSqr+log10FaSqr+AlphaSqr+log10T90Sqr",0.57,0.16,-0.39
266,0,"Response ~  (log10FaSqr+log10Fa+PhotonIndex)^2+log10PeakFlux+log10NH+log10Ta+Alpha+log10T90+log10PeakFluxSqr+log10NHSqr+PhotonIndexSqr+log10TaSqr+AlphaSqr+log10T90Sqr",0.46,0.16,-0.029
268,0,"Response ~  (log10T90Sqr+log10Fa+PhotonIndex)^2+log10PeakFlux+log10NH+log10Ta+Alpha+log10T90+log10PeakFluxSqr+log10NHSqr+PhotonIndexSqr+log10TaSqr+log10FaSqr+AlphaSqr",0.5,0.16,-0.33
270,0,"Response ~  (log10PeakFluxSqr+Alpha+PhotonIndex)^2+log10PeakFlux+log10NH+log10Ta+log10Fa+log10T90+log10NHSqr+PhotonIndexSqr+log10TaSqr+log10FaSqr+AlphaSqr+log10T90Sqr",0.46,0.16,-0.22
272,0,"Response ~  (PhotonIndexSqr+Alpha+PhotonIndex)^2+log10PeakFlux+log10NH+log10Ta+log10Fa+log10T90+log10PeakFluxSqr+log10NHSqr+log10TaSqr+log10FaSqr+AlphaSqr+log10T90Sqr",0.5,0.16,-0.18
281,0,"Response ~  (log10FaSqr+log10T90+PhotonIndex)^2+log10PeakFlux+log10NH+log10Ta+log10Fa+Alpha+log10PeakFluxSqr+log10NHSqr+PhotonIndexSqr+log10TaSqr+AlphaSqr+log10T90Sqr",0.52,0.16,-0.25
283,0,"Response ~  (log10T90Sqr+log10T90+PhotonIndex)^2+log10PeakFlux+log10NH+log10Ta+log10Fa+Alpha+log10PeakFluxSqr+log10NHSqr+PhotonIndexSqr+log10TaSqr+log10FaSqr+AlphaSqr",0.45,0.18,-0.3
287,0,"Response ~  (log10FaSqr+log10PeakFluxSqr+PhotonIndex)^2+log10PeakFlux+log10NH+log10Ta+log10Fa+Alpha+log10T90+log10NHSqr+PhotonIndexSqr+log10TaSqr+AlphaSqr+log10T90Sqr",0.46,0.19,-0.066
289,0,"Response ~  (log10T90Sqr+log10PeakFluxSqr+PhotonIndex)^2+log10PeakFlux+log10NH+log10Ta+log10Fa+Alpha+log10T90+log10NHSqr+PhotonIndexSqr+log10TaSqr+log10FaSqr+AlphaSqr",0.57,0.16,-0.35
293,0,"Response ~  (AlphaSqr+log10NHSqr+PhotonIndex)^2+log10PeakFlux+log10NH+log10Ta+log10Fa+Alpha+log10T90+log10PeakFluxSqr+PhotonIndexSqr+log10TaSqr+log10FaSqr+log10T90Sqr",0.49,0.16,-0.14
294,0,"Response ~  (log10T90Sqr+log10NHSqr+PhotonIndex)^2+log10PeakFlux+log10NH+log10Ta+log10Fa+Alpha+log10T90+log10PeakFluxSqr+PhotonIndexSqr+log10TaSqr+log10FaSqr+AlphaSqr",0.48,0.17,-0.069
297,0,"Response ~  (AlphaSqr+PhotonIndexSqr+PhotonIndex)^2+log10PeakFlux+log10NH+log10Ta+log10Fa+Alpha+log10T90+log10PeakFluxSqr+log10NHSqr+log10TaSqr+log10FaSqr+log10T90Sqr",0.52,0.16,0.023
302,0,"Response ~  (AlphaSqr+log10FaSqr+PhotonIndex)^2+log10PeakFlux+log10NH+log10Ta+log10Fa+Alpha+log10T90+log10PeakFluxSqr+log10NHSqr+PhotonIndexSqr+log10TaSqr+log10T90Sqr",0.46,0.16,-0.28
309,0,"Response ~  (PhotonIndexSqr+log10Fa+log10Ta)^2+log10PeakFlux+log10NH+PhotonIndex+Alpha+log10T90+log10PeakFluxSqr+log10NHSqr+log10TaSqr+log10FaSqr+AlphaSqr+log10T90Sqr",0.57,0.17,-0.36
311,0,"Response ~  (log10FaSqr+log10Fa+log10Ta)^2+log10PeakFlux+log10NH+PhotonIndex+Alpha+log10T90+log10PeakFluxSqr+log10NHSqr+PhotonIndexSqr+log10TaSqr+AlphaSqr+log10T90Sqr",0.44,0.17,-0.14
317,0,"Response ~  (PhotonIndexSqr+Alpha+log10Ta)^2+log10PeakFlux+log10NH+PhotonIndex+log10Fa+log10T90+log10PeakFluxSqr+log10NHSqr+log10TaSqr+log10FaSqr+AlphaSqr+log10T90Sqr",0.58,0.14,-0.086
324,0,"Response ~  (PhotonIndexSqr+log10T90+log10Ta)^2+log10PeakFlux+log10NH+PhotonIndex+log10Fa+Alpha+log10PeakFluxSqr+log10NHSqr+log10TaSqr+log10FaSqr+AlphaSqr+log10T90Sqr",0.55,0.17,-0.36
327,0,"Response ~  (AlphaSqr+log10T90+log10Ta)^2+log10PeakFlux+log10NH+PhotonIndex+log10Fa+Alpha+log10PeakFluxSqr+log10NHSqr+PhotonIndexSqr+log10TaSqr+log10FaSqr+log10T90Sqr",0.56,0.16,-0.17
341,0,"Response ~  (log10FaSqr+PhotonIndexSqr+log10Ta)^2+log10PeakFlux+log10NH+PhotonIndex+log10Fa+Alpha+log10T90+log10PeakFluxSqr+log10NHSqr+log10TaSqr+AlphaSqr+log10T90Sqr",0.59,0.15,-0.11
347,0,"Response ~  (AlphaSqr+log10FaSqr+log10Ta)^2+log10PeakFlux+log10NH+PhotonIndex+log10Fa+Alpha+log10T90+log10PeakFluxSqr+log10NHSqr+PhotonIndexSqr+log10TaSqr+log10T90Sqr",0.42,0.2,-0.1
355,0,"Response ~  (log10FaSqr+Alpha+log10Fa)^2+log10PeakFlux+log10NH+PhotonIndex+log10Ta+log10T90+log10PeakFluxSqr+log10NHSqr+PhotonIndexSqr+log10TaSqr+AlphaSqr+log10T90Sqr",0.52,0.17,-0.15
360,0,"Response ~  (PhotonIndexSqr+log10T90+log10Fa)^2+log10PeakFlux+log10NH+PhotonIndex+log10Ta+Alpha+log10PeakFluxSqr+log10NHSqr+log10TaSqr+log10FaSqr+AlphaSqr+log10T90Sqr",0.62,0.15,-0.3
366,0,"Response ~  (PhotonIndexSqr+log10PeakFluxSqr+log10Fa)^2+log10PeakFlux+log10NH+PhotonIndex+log10Ta+Alpha+log10T90+log10NHSqr+log10TaSqr+log10FaSqr+AlphaSqr+log10T90Sqr",0.43,0.18,-0.16
368,0,"Response ~  (log10FaSqr+log10PeakFluxSqr+log10Fa)^2+log10PeakFlux+log10NH+PhotonIndex+log10Ta+Alpha+log10T90+log10NHSqr+PhotonIndexSqr+log10TaSqr+AlphaSqr+log10T90Sqr",0.54,0.16,-0.049
375,0,"Response ~  (log10T90Sqr+log10NHSqr+log10Fa)^2+log10PeakFlux+log10NH+PhotonIndex+log10Ta+Alpha+log10T90+log10PeakFluxSqr+PhotonIndexSqr+log10TaSqr+log10FaSqr+AlphaSqr",0.52,0.15,-0.27
376,0,"Response ~  (log10TaSqr+PhotonIndexSqr+log10Fa)^2+log10PeakFlux+log10NH+PhotonIndex+log10Ta+Alpha+log10T90+log10PeakFluxSqr+log10NHSqr+log10FaSqr+AlphaSqr+log10T90Sqr",0.41,0.17,-0.34
379,0,"Response ~  (log10T90Sqr+PhotonIndexSqr+log10Fa)^2+log10PeakFlux+log10NH+PhotonIndex+log10Ta+Alpha+log10T90+log10PeakFluxSqr+log10NHSqr+log10TaSqr+log10FaSqr+AlphaSqr",0.51,0.15,-0.35
383,0,"Response ~  (AlphaSqr+log10FaSqr+log10Fa)^2+log10PeakFlux+log10NH+PhotonIndex+log10Ta+Alpha+log10T90+log10PeakFluxSqr+log10NHSqr+PhotonIndexSqr+log10TaSqr+log10T90Sqr",0.46,0.17,0.038
391,0,"Response ~  (AlphaSqr+log10T90+Alpha)^2+log10PeakFlux+log10NH+PhotonIndex+log10Ta+log10Fa+log10PeakFluxSqr+log10NHSqr+PhotonIndexSqr+log10TaSqr+log10FaSqr+log10T90Sqr",0.45,0.17,-0.04
394,0,"Response ~  (PhotonIndexSqr+log10PeakFluxSqr+Alpha)^2+log10PeakFlux+log10NH+PhotonIndex+log10Ta+log10Fa+log10T90+log10NHSqr+log10TaSqr+log10FaSqr+AlphaSqr+log10T90Sqr",0.47,0.17,-0.23
404,0,"Response ~  (log10TaSqr+PhotonIndexSqr+Alpha)^2+log10PeakFlux+log10NH+PhotonIndex+log10Ta+log10Fa+log10T90+log10PeakFluxSqr+log10NHSqr+log10FaSqr+AlphaSqr+log10T90Sqr",0.58,0.15,-0.16
405,0,"Response ~  (log10FaSqr+PhotonIndexSqr+Alpha)^2+log10PeakFlux+log10NH+PhotonIndex+log10Ta+log10Fa+log10T90+log10PeakFluxSqr+log10NHSqr+log10TaSqr+AlphaSqr+log10T90Sqr",0.39,0.17,-0.14
412,0,"Response ~  (log10T90Sqr+log10FaSqr+Alpha)^2+log10PeakFlux+log10NH+PhotonIndex+log10Ta+log10Fa+log10T90+log10PeakFluxSqr+log10NHSqr+PhotonIndexSqr+log10TaSqr+AlphaSqr",0.42,0.2,-0.11
426,0,"Response ~  (log10FaSqr+PhotonIndexSqr+log10T90)^2+log10PeakFlux+log10NH+PhotonIndex+log10Ta+log10Fa+Alpha+log10PeakFluxSqr+log10NHSqr+log10TaSqr+AlphaSqr+log10T90Sqr",0.58,0.15,-0.29
441,0,"Response ~  (log10FaSqr+PhotonIndexSqr+log10PeakFluxSqr)^2+log10PeakFlux+log10NH+PhotonIndex+log10Ta+log10Fa+Alpha+log10T90+log10NHSqr+log10TaSqr+AlphaSqr+log10T90Sqr",0.52,0.16,-0.069
442,0,"Response ~  (AlphaSqr+PhotonIndexSqr+log10PeakFluxSqr)^2+log10PeakFlux+log10NH+PhotonIndex+log10Ta+log10Fa+Alpha+log10T90+log10NHSqr+log10TaSqr+log10FaSqr+log10T90Sqr",0.5,0.15,-0.056
444,0,"Response ~  (log10FaSqr+log10TaSqr+log10PeakFluxSqr)^2+log10PeakFlux+log10NH+PhotonIndex+log10Ta+log10Fa+Alpha+log10T90+log10NHSqr+PhotonIndexSqr+AlphaSqr+log10T90Sqr",0.37,0.17,-0.21
453,0,"Response ~  (log10T90Sqr+PhotonIndexSqr+log10NHSqr)^2+log10PeakFlux+log10NH+PhotonIndex+log10Ta+log10Fa+Alpha+log10T90+log10PeakFluxSqr+log10TaSqr+log10FaSqr+AlphaSqr",0.52,0.17,-0.29
460,0,"Response ~  (log10FaSqr+log10TaSqr+PhotonIndexSqr)^2+log10PeakFlux+log10NH+PhotonIndex+log10Ta+log10Fa+Alpha+log10T90+log10PeakFluxSqr+log10NHSqr+AlphaSqr+log10T90Sqr",0.5,0.16,-0.21
464,0,"Response ~  (log10T90Sqr+log10FaSqr+PhotonIndexSqr)^2+log10PeakFlux+log10NH+PhotonIndex+log10Ta+log10Fa+Alpha+log10T90+log10PeakFluxSqr+log10NHSqr+log10TaSqr+AlphaSqr",0.43,0.15,-0.39
497,0,"Response ~  (log10FaSqr+log10Fa+log10NH+log10PeakFlux)^2+PhotonIndex+log10Ta+Alpha+log10T90+log10PeakFluxSqr+log10NHSqr+PhotonIndexSqr+log10TaSqr+AlphaSqr+log10T90Sqr",0.51,0.17,-0.17
508,0,"Response ~  (log10PeakFluxSqr+log10T90+log10NH+log10PeakFlux)^2+PhotonIndex+log10Ta+log10Fa+Alpha+log10NHSqr+PhotonIndexSqr+log10TaSqr+log10FaSqr+AlphaSqr+log10T90Sqr",0.072,0.23,-0.28
516,0,"Response ~  (PhotonIndexSqr+log10PeakFluxSqr+log10NH+log10PeakFlux)^2+PhotonIndex+log10Ta+log10Fa+Alpha+log10T90+log10NHSqr+log10TaSqr+log10FaSqr+AlphaSqr+log10T90Sqr",0.16,0.25,-0.11
536,0,"Response ~  (log10Fa+log10Ta+PhotonIndex+log10PeakFlux)^2+log10NH+Alpha+log10T90+log10PeakFluxSqr+log10NHSqr+PhotonIndexSqr+log10TaSqr+log10FaSqr+AlphaSqr+log10T90Sqr",0.46,0.17,-0.065
543,0,"Response ~  (log10FaSqr+log10Ta+PhotonIndex+log10PeakFlux)^2+log10NH+log10Fa+Alpha+log10T90+log10PeakFluxSqr+log10NHSqr+PhotonIndexSqr+log10TaSqr+AlphaSqr+log10T90Sqr",0.59,0.18,-0.28
553,0,"Response ~  (AlphaSqr+log10Fa+PhotonIndex+log10PeakFlux)^2+log10NH+log10Ta+Alpha+log10T90+log10PeakFluxSqr+log10NHSqr+PhotonIndexSqr+log10TaSqr+log10FaSqr+log10T90Sqr",0.38,0.18,-0.23
569,0,"Response ~  (log10T90Sqr+log10T90+PhotonIndex+log10PeakFlux)^2+log10NH+log10Ta+log10Fa+Alpha+log10PeakFluxSqr+log10NHSqr+PhotonIndexSqr+log10TaSqr+log10FaSqr+AlphaSqr",0.42,0.18,-0.02
570,0,"Response ~  (log10NHSqr+log10PeakFluxSqr+PhotonIndex+log10PeakFlux)^2+log10NH+log10Ta+log10Fa+Alpha+log10T90+PhotonIndexSqr+log10TaSqr+log10FaSqr+AlphaSqr+log10T90Sqr",0.18,0.25,-0.013
585,0,"Response ~  (log10FaSqr+log10TaSqr+PhotonIndex+log10PeakFlux)^2+log10NH+log10Ta+log10Fa+Alpha+log10T90+log10PeakFluxSqr+log10NHSqr+PhotonIndexSqr+AlphaSqr+log10T90Sqr",0.49,0.17,0.072
591,0,"Response ~  (Alpha+log10Fa+log10Ta+log10PeakFlux)^2+log10NH+PhotonIndex+log10T90+log10PeakFluxSqr+log10NHSqr+PhotonIndexSqr+log10TaSqr+log10FaSqr+AlphaSqr+log10T90Sqr",0.47,0.17,-0.24
595,0,"Response ~  (PhotonIndexSqr+log10Fa+log10Ta+log10PeakFlux)^2+log10NH+PhotonIndex+Alpha+log10T90+log10PeakFluxSqr+log10NHSqr+log10TaSqr+log10FaSqr+AlphaSqr+log10T90Sqr",0.48,0.17,-0.23
627,0,"Response ~  (log10FaSqr+PhotonIndexSqr+log10Ta+log10PeakFlux)^2+log10NH+PhotonIndex+log10Fa+Alpha+log10T90+log10PeakFluxSqr+log10NHSqr+log10TaSqr+AlphaSqr+log10T90Sqr",0.6,0.17,-0.28
630,0,"Response ~  (log10FaSqr+log10TaSqr+log10Ta+log10PeakFlux)^2+log10NH+PhotonIndex+log10Fa+Alpha+log10T90+log10PeakFluxSqr+log10NHSqr+PhotonIndexSqr+AlphaSqr+log10T90Sqr",0.5,0.17,0.077
641,0,"Response ~  (log10FaSqr+Alpha+log10Fa+log10PeakFlux)^2+log10NH+PhotonIndex+log10Ta+log10T90+log10PeakFluxSqr+log10NHSqr+PhotonIndexSqr+log10TaSqr+AlphaSqr+log10T90Sqr",0.46,0.17,-0.039
662,0,"Response ~  (log10TaSqr+PhotonIndexSqr+log10Fa+log10PeakFlux)^2+log10NH+PhotonIndex+log10Ta+Alpha+log10T90+log10PeakFluxSqr+log10NHSqr+log10FaSqr+AlphaSqr+log10T90Sqr",0.6,0.17,-0.28
668,0,"Response ~  (log10T90Sqr+log10TaSqr+log10Fa+log10PeakFlux)^2+log10NH+PhotonIndex+log10Ta+Alpha+log10T90+log10PeakFluxSqr+log10NHSqr+PhotonIndexSqr+log10FaSqr+AlphaSqr",0.56,0.17,-0.16
669,0,"Response ~  (AlphaSqr+log10FaSqr+log10Fa+log10PeakFlux)^2+log10NH+PhotonIndex+log10Ta+Alpha+log10T90+log10PeakFluxSqr+log10NHSqr+PhotonIndexSqr+log10TaSqr+log10T90Sqr",0.58,0.16,-0.16
753,0,"Response ~  (log10T90Sqr+log10FaSqr+log10TaSqr+log10PeakFlux)^2+log10NH+PhotonIndex+log10Ta+log10Fa+Alpha+log10T90+log10PeakFluxSqr+log10NHSqr+PhotonIndexSqr+AlphaSqr",0.61,0.17,-0.52
756,0,"Response ~  (log10Fa+log10Ta+PhotonIndex+log10NH)^2+log10PeakFlux+Alpha+log10T90+log10PeakFluxSqr+log10NHSqr+PhotonIndexSqr+log10TaSqr+log10FaSqr+AlphaSqr+log10T90Sqr",0.45,0.19,-0.037
766,0,"Response ~  (Alpha+log10Fa+PhotonIndex+log10NH)^2+log10PeakFlux+log10Ta+log10T90+log10PeakFluxSqr+log10NHSqr+PhotonIndexSqr+log10TaSqr+log10FaSqr+AlphaSqr+log10T90Sqr",0.51,0.15,-0.17
767,0,"Response ~  (log10T90+log10Fa+PhotonIndex+log10NH)^2+log10PeakFlux+log10Ta+Alpha+log10PeakFluxSqr+log10NHSqr+PhotonIndexSqr+log10TaSqr+log10FaSqr+AlphaSqr+log10T90Sqr",0.38,0.16,-0.24
771,0,"Response ~  (log10TaSqr+log10Fa+PhotonIndex+log10NH)^2+log10PeakFlux+log10Ta+Alpha+log10T90+log10PeakFluxSqr+log10NHSqr+PhotonIndexSqr+log10FaSqr+AlphaSqr+log10T90Sqr",0.43,0.19,-0.023
772,0,"Response ~  (log10FaSqr+log10Fa+PhotonIndex+log10NH)^2+log10PeakFlux+log10Ta+Alpha+log10T90+log10PeakFluxSqr+log10NHSqr+PhotonIndexSqr+log10TaSqr+AlphaSqr+log10T90Sqr",0.55,0.16,-0.24
773,0,"Response ~  (AlphaSqr+log10Fa+PhotonIndex+log10NH)^2+log10PeakFlux+log10Ta+Alpha+log10T90+log10PeakFluxSqr+log10NHSqr+PhotonIndexSqr+log10TaSqr+log10FaSqr+log10T90Sqr",0.45,0.16,-0.25
787,0,"Response ~  (log10FaSqr+log10T90+PhotonIndex+log10NH)^2+log10PeakFlux+log10Ta+log10Fa+Alpha+log10PeakFluxSqr+log10NHSqr+PhotonIndexSqr+log10TaSqr+AlphaSqr+log10T90Sqr",0.53,0.16,-0.1
793,0,"Response ~  (log10FaSqr+log10PeakFluxSqr+PhotonIndex+log10NH)^2+log10PeakFlux+log10Ta+log10Fa+Alpha+log10T90+log10NHSqr+PhotonIndexSqr+log10TaSqr+AlphaSqr+log10T90Sqr",0.54,0.17,-0.27
794,0,"Response ~  (AlphaSqr+log10PeakFluxSqr+PhotonIndex+log10NH)^2+log10PeakFlux+log10Ta+log10Fa+Alpha+log10T90+log10NHSqr+PhotonIndexSqr+log10TaSqr+log10FaSqr+log10T90Sqr",0.44,0.16,-0.17
795,0,"Response ~  (log10T90Sqr+log10PeakFluxSqr+PhotonIndex+log10NH)^2+log10PeakFlux+log10Ta+log10Fa+Alpha+log10T90+log10NHSqr+PhotonIndexSqr+log10TaSqr+log10FaSqr+AlphaSqr",0.53,0.15,-0.28
804,0,"Response ~  (log10T90Sqr+PhotonIndexSqr+PhotonIndex+log10NH)^2+log10PeakFlux+log10Ta+log10Fa+Alpha+log10T90+log10PeakFluxSqr+log10NHSqr+log10TaSqr+log10FaSqr+AlphaSqr",0.37,0.17,-0.37
805,0,"Response ~  (log10FaSqr+log10TaSqr+PhotonIndex+log10NH)^2+log10PeakFlux+log10Ta+log10Fa+Alpha+log10T90+log10PeakFluxSqr+log10NHSqr+PhotonIndexSqr+AlphaSqr+log10T90Sqr",0.48,0.18,-0.067
808,0,"Response ~  (AlphaSqr+log10FaSqr+PhotonIndex+log10NH)^2+log10PeakFlux+log10Ta+log10Fa+Alpha+log10T90+log10PeakFluxSqr+log10NHSqr+PhotonIndexSqr+log10TaSqr+log10T90Sqr",0.52,0.15,-0.16
809,0,"Response ~  (log10T90Sqr+log10FaSqr+PhotonIndex+log10NH)^2+log10PeakFlux+log10Ta+log10Fa+Alpha+log10T90+log10PeakFluxSqr+log10NHSqr+PhotonIndexSqr+log10TaSqr+AlphaSqr",0.5,0.17,-0.29
828,0,"Response ~  (log10PeakFluxSqr+log10T90+log10Ta+log10NH)^2+log10PeakFlux+PhotonIndex+log10Fa+Alpha+log10NHSqr+PhotonIndexSqr+log10TaSqr+log10FaSqr+AlphaSqr+log10T90Sqr",0.54,0.15,-0.27
837,0,"Response ~  (log10TaSqr+log10PeakFluxSqr+log10Ta+log10NH)^2+log10PeakFlux+PhotonIndex+log10Fa+Alpha+log10T90+log10NHSqr+PhotonIndexSqr+log10FaSqr+AlphaSqr+log10T90Sqr",0.39,0.17,-0.06
847,0,"Response ~  (log10FaSqr+PhotonIndexSqr+log10Ta+log10NH)^2+log10PeakFlux+PhotonIndex+log10Fa+Alpha+log10T90+log10PeakFluxSqr+log10NHSqr+log10TaSqr+AlphaSqr+log10T90Sqr",0.64,0.14,-0.13
864,0,"Response ~  (log10PeakFluxSqr+log10T90+log10Fa+log10NH)^2+log10PeakFlux+PhotonIndex+log10Ta+Alpha+log10NHSqr+PhotonIndexSqr+log10TaSqr+log10FaSqr+AlphaSqr+log10T90Sqr",0.54,0.17,-0.29
866,0,"Response ~  (PhotonIndexSqr+log10T90+log10Fa+log10NH)^2+log10PeakFlux+PhotonIndex+log10Ta+Alpha+log10PeakFluxSqr+log10NHSqr+log10TaSqr+log10FaSqr+AlphaSqr+log10T90Sqr",0.61,0.17,-0.46
872,0,"Response ~  (PhotonIndexSqr+log10PeakFluxSqr+log10Fa+log10NH)^2+log10PeakFlux+PhotonIndex+log10Ta+Alpha+log10T90+log10NHSqr+log10TaSqr+log10FaSqr+AlphaSqr+log10T90Sqr",0.34,0.21,-0.088
876,0,"Response ~  (log10T90Sqr+log10PeakFluxSqr+log10Fa+log10NH)^2+log10PeakFlux+PhotonIndex+log10Ta+Alpha+log10T90+log10NHSqr+PhotonIndexSqr+log10TaSqr+log10FaSqr+AlphaSqr",0.54,0.17,-0.29
877,0,"Response ~  (PhotonIndexSqr+log10NHSqr+log10Fa+log10NH)^2+log10PeakFlux+PhotonIndex+log10Ta+Alpha+log10T90+log10PeakFluxSqr+log10TaSqr+log10FaSqr+AlphaSqr+log10T90Sqr",0.48,0.18,-0.068
883,0,"Response ~  (log10FaSqr+PhotonIndexSqr+log10Fa+log10NH)^2+log10PeakFlux+PhotonIndex+log10Ta+Alpha+log10T90+log10PeakFluxSqr+log10NHSqr+log10TaSqr+AlphaSqr+log10T90Sqr",0.43,0.17,-0.018
884,0,"Response ~  (AlphaSqr+PhotonIndexSqr+log10Fa+log10NH)^2+log10PeakFlux+PhotonIndex+log10Ta+Alpha+log10T90+log10PeakFluxSqr+log10NHSqr+log10TaSqr+log10FaSqr+log10T90Sqr",0.53,0.15,-0.15
897,0,"Response ~  (AlphaSqr+log10T90+Alpha+log10NH)^2+log10PeakFlux+PhotonIndex+log10Ta+log10Fa+log10PeakFluxSqr+log10NHSqr+PhotonIndexSqr+log10TaSqr+log10FaSqr+log10T90Sqr",0.45,0.17,-0.11
919,0,"Response ~  (log10T90Sqr+AlphaSqr+Alpha+log10NH)^2+log10PeakFlux+PhotonIndex+log10Ta+log10Fa+log10T90+log10PeakFluxSqr+log10NHSqr+PhotonIndexSqr+log10TaSqr+log10FaSqr",0.49,0.18,0.0046
934,0,"Response ~  (log10T90Sqr+PhotonIndexSqr+log10T90+log10NH)^2+log10PeakFlux+PhotonIndex+log10Ta+log10Fa+Alpha+log10PeakFluxSqr+log10NHSqr+log10TaSqr+log10FaSqr+AlphaSqr",0.44,0.2,-0.042
970,0,"Response ~  (log10T90Sqr+log10FaSqr+PhotonIndexSqr+log10NH)^2+log10PeakFlux+PhotonIndex+log10Ta+log10Fa+Alpha+log10T90+log10PeakFluxSqr+log10NHSqr+log10TaSqr+AlphaSqr",0.52,0.17,-0.27
976,0,"Response ~  (Alpha+log10Fa+log10Ta+PhotonIndex)^2+log10PeakFlux+log10NH+log10T90+log10PeakFluxSqr+log10NHSqr+PhotonIndexSqr+log10TaSqr+log10FaSqr+AlphaSqr+log10T90Sqr",0.48,0.17,-0.43
980,0,"Response ~  (PhotonIndexSqr+log10Fa+log10Ta+PhotonIndex)^2+log10PeakFlux+log10NH+Alpha+log10T90+log10PeakFluxSqr+log10NHSqr+log10TaSqr+log10FaSqr+AlphaSqr+log10T90Sqr",0.63,0.16,-0.3
981,0,"Response ~  (log10TaSqr+log10Fa+log10Ta+PhotonIndex)^2+log10PeakFlux+log10NH+Alpha+log10T90+log10PeakFluxSqr+log10NHSqr+PhotonIndexSqr+log10FaSqr+AlphaSqr+log10T90Sqr",0.46,0.17,-0.0054
982,0,"Response ~  (log10FaSqr+log10Fa+log10Ta+PhotonIndex)^2+log10PeakFlux+log10NH+Alpha+log10T90+log10PeakFluxSqr+log10NHSqr+PhotonIndexSqr+log10TaSqr+AlphaSqr+log10T90Sqr",0.52,0.17,-0.33
983,0,"Response ~  (AlphaSqr+log10Fa+log10Ta+PhotonIndex)^2+log10PeakFlux+log10NH+Alpha+log10T90+log10PeakFluxSqr+log10NHSqr+PhotonIndexSqr+log10TaSqr+log10FaSqr+log10T90Sqr",0.59,0.17,-0.23
984,0,"Response ~  (log10T90Sqr+log10Fa+log10Ta+PhotonIndex)^2+log10PeakFlux+log10NH+Alpha+log10T90+log10PeakFluxSqr+log10NHSqr+PhotonIndexSqr+log10TaSqr+log10FaSqr+AlphaSqr",0.49,0.16,-0.21
1001,0,"Response ~  (PhotonIndexSqr+log10PeakFluxSqr+log10Ta+PhotonIndex)^2+log10PeakFlux+log10NH+log10Fa+Alpha+log10T90+log10NHSqr+log10TaSqr+log10FaSqr+AlphaSqr+log10T90Sqr",0.46,0.17,-0.13
1003,0,"Response ~  (log10FaSqr+log10PeakFluxSqr+log10Ta+PhotonIndex)^2+log10PeakFlux+log10NH+log10Fa+Alpha+log10T90+log10NHSqr+PhotonIndexSqr+log10TaSqr+AlphaSqr+log10T90Sqr",0.55,0.17,-0.23
1010,0,"Response ~  (log10T90Sqr+log10NHSqr+log10Ta+PhotonIndex)^2+log10PeakFlux+log10NH+log10Fa+Alpha+log10T90+log10PeakFluxSqr+PhotonIndexSqr+log10TaSqr+log10FaSqr+AlphaSqr",0.55,0.15,-0.31
1024,0,"Response ~  (PhotonIndexSqr+Alpha+log10Fa+PhotonIndex)^2+log10PeakFlux+log10NH+log10Ta+log10T90+log10PeakFluxSqr+log10NHSqr+log10TaSqr+log10FaSqr+AlphaSqr+log10T90Sqr",0.48,0.17,-0.45
1027,0,"Response ~  (AlphaSqr+Alpha+log10Fa+PhotonIndex)^2+log10PeakFlux+log10NH+log10Ta+log10T90+log10PeakFluxSqr+log10NHSqr+PhotonIndexSqr+log10TaSqr+log10FaSqr+log10T90Sqr",0.37,0.18,-0.24
1029,0,"Response ~  (log10PeakFluxSqr+log10T90+log10Fa+PhotonIndex)^2+log10PeakFlux+log10NH+log10Ta+Alpha+log10NHSqr+PhotonIndexSqr+log10TaSqr+log10FaSqr+AlphaSqr+log10T90Sqr",0.4,0.17,-0.22
1032,0,"Response ~  (log10TaSqr+log10T90+log10Fa+PhotonIndex)^2+log10PeakFlux+log10NH+log10Ta+Alpha+log10PeakFluxSqr+log10NHSqr+PhotonIndexSqr+log10FaSqr+AlphaSqr+log10T90Sqr",0.41,0.17,-0.21
1034,0,"Response ~  (AlphaSqr+log10T90+log10Fa+PhotonIndex)^2+log10PeakFlux+log10NH+log10Ta+Alpha+log10PeakFluxSqr+log10NHSqr+PhotonIndexSqr+log10TaSqr+log10FaSqr+log10T90Sqr",0.52,0.19,-0.33
1035,0,"Response ~  (log10T90Sqr+log10T90+log10Fa+PhotonIndex)^2+log10PeakFlux+log10NH+log10Ta+Alpha+log10PeakFluxSqr+log10NHSqr+PhotonIndexSqr+log10TaSqr+log10FaSqr+AlphaSqr",0.49,0.16,-0.36
1036,0,"Response ~  (log10NHSqr+log10PeakFluxSqr+log10Fa+PhotonIndex)^2+log10PeakFlux+log10NH+log10Ta+Alpha+log10T90+PhotonIndexSqr+log10TaSqr+log10FaSqr+AlphaSqr+log10T90Sqr",0.35,0.21,-0.084
1037,0,"Response ~  (PhotonIndexSqr+log10PeakFluxSqr+log10Fa+PhotonIndex)^2+log10PeakFlux+log10NH+log10Ta+Alpha+log10T90+log10NHSqr+log10TaSqr+log10FaSqr+AlphaSqr+log10T90Sqr",0.43,0.17,-0.11
1038,0,"Response ~  (log10TaSqr+log10PeakFluxSqr+log10Fa+PhotonIndex)^2+log10PeakFlux+log10NH+log10Ta+Alpha+log10T90+log10NHSqr+PhotonIndexSqr+log10FaSqr+AlphaSqr+log10T90Sqr",0.37,0.18,-0.26
1039,0,"Response ~  (log10FaSqr+log10PeakFluxSqr+log10Fa+PhotonIndex)^2+log10PeakFlux+log10NH+log10Ta+Alpha+log10T90+log10NHSqr+PhotonIndexSqr+log10TaSqr+AlphaSqr+log10T90Sqr",0.34,0.19,-0.17
1040,0,"Response ~  (AlphaSqr+log10PeakFluxSqr+log10Fa+PhotonIndex)^2+log10PeakFlux+log10NH+log10Ta+Alpha+log10T90+log10NHSqr+PhotonIndexSqr+log10TaSqr+log10FaSqr+log10T90Sqr",0.51,0.17,-0.22
1045,0,"Response ~  (AlphaSqr+log10NHSqr+log10Fa+PhotonIndex)^2+log10PeakFlux+log10NH+log10Ta+Alpha+log10T90+log10PeakFluxSqr+PhotonIndexSqr+log10TaSqr+log10FaSqr+log10T90Sqr",0.41,0.16,-0.084
1047,0,"Response ~  (log10TaSqr+PhotonIndexSqr+log10Fa+PhotonIndex)^2+log10PeakFlux+log10NH+log10Ta+Alpha+log10T90+log10PeakFluxSqr+log10NHSqr+log10FaSqr+AlphaSqr+log10T90Sqr",0.5,0.14,0.015
1048,0,"Response ~  (log10FaSqr+PhotonIndexSqr+log10Fa+PhotonIndex)^2+log10PeakFlux+log10NH+log10Ta+Alpha+log10T90+log10PeakFluxSqr+log10NHSqr+log10TaSqr+AlphaSqr+log10T90Sqr",0.52,0.16,-0.14
1049,0,"Response ~  (AlphaSqr+PhotonIndexSqr+log10Fa+PhotonIndex)^2+log10PeakFlux+log10NH+log10Ta+Alpha+log10T90+log10PeakFluxSqr+log10NHSqr+log10TaSqr+log10FaSqr+log10T90Sqr",0.54,0.16,-0.19
1050,0,"Response ~  (log10T90Sqr+PhotonIndexSqr+log10Fa+PhotonIndex)^2+log10PeakFlux+log10NH+log10Ta+Alpha+log10T90+log10PeakFluxSqr+log10NHSqr+log10TaSqr+log10FaSqr+AlphaSqr",0.56,0.16,-0.17
1051,0,"Response ~  (log10FaSqr+log10TaSqr+log10Fa+PhotonIndex)^2+log10PeakFlux+log10NH+log10Ta+Alpha+log10T90+log10PeakFluxSqr+log10NHSqr+PhotonIndexSqr+AlphaSqr+log10T90Sqr",0.57,0.15,-0.17
1052,0,"Response ~  (AlphaSqr+log10TaSqr+log10Fa+PhotonIndex)^2+log10PeakFlux+log10NH+log10Ta+Alpha+log10T90+log10PeakFluxSqr+log10NHSqr+PhotonIndexSqr+log10FaSqr+log10T90Sqr",0.59,0.17,-0.26
1054,0,"Response ~  (AlphaSqr+log10FaSqr+log10Fa+PhotonIndex)^2+log10PeakFlux+log10NH+log10Ta+Alpha+log10T90+log10PeakFluxSqr+log10NHSqr+PhotonIndexSqr+log10TaSqr+log10T90Sqr",0.38,0.16,0.17
1056,0,"Response ~  (log10T90Sqr+AlphaSqr+log10Fa+PhotonIndex)^2+log10PeakFlux+log10NH+log10Ta+Alpha+log10T90+log10PeakFluxSqr+log10NHSqr+PhotonIndexSqr+log10TaSqr+log10FaSqr",0.43,0.17,-0.28
1061,0,"Response ~  (log10FaSqr+log10T90+Alpha+PhotonIndex)^2+log10PeakFlux+log10NH+log10Ta+log10Fa+log10PeakFluxSqr+log10NHSqr+PhotonIndexSqr+log10TaSqr+AlphaSqr+log10T90Sqr",0.34,0.17,0.16
1062,0,"Response ~  (AlphaSqr+log10T90+Alpha+PhotonIndex)^2+log10PeakFlux+log10NH+log10Ta+log10Fa+log10PeakFluxSqr+log10NHSqr+PhotonIndexSqr+log10TaSqr+log10FaSqr+log10T90Sqr",0.51,0.16,-0.18
1064,0,"Response ~  (log10NHSqr+log10PeakFluxSqr+Alpha+PhotonIndex)^2+log10PeakFlux+log10NH+log10Ta+log10Fa+log10T90+PhotonIndexSqr+log10TaSqr+log10FaSqr+AlphaSqr+log10T90Sqr",0.44,0.16,-0.069
1065,0,"Response ~  (PhotonIndexSqr+log10PeakFluxSqr+Alpha+PhotonIndex)^2+log10PeakFlux+log10NH+log10Ta+log10Fa+log10T90+log10NHSqr+log10TaSqr+log10FaSqr+AlphaSqr+log10T90Sqr",0.38,0.18,-0.34
1066,0,"Response ~  (log10TaSqr+log10PeakFluxSqr+Alpha+PhotonIndex)^2+log10PeakFlux+log10NH+log10Ta+log10Fa+log10T90+log10NHSqr+PhotonIndexSqr+log10FaSqr+AlphaSqr+log10T90Sqr",0.45,0.16,-0.22
1067,0,"Response ~  (log10FaSqr+log10PeakFluxSqr+Alpha+PhotonIndex)^2+log10PeakFlux+log10NH+log10Ta+log10Fa+log10T90+log10NHSqr+PhotonIndexSqr+log10TaSqr+AlphaSqr+log10T90Sqr",0.5,0.16,-0.26
1076,0,"Response ~  (log10FaSqr+PhotonIndexSqr+Alpha+PhotonIndex)^2+log10PeakFlux+log10NH+log10Ta+log10Fa+log10T90+log10PeakFluxSqr+log10NHSqr+log10TaSqr+AlphaSqr+log10T90Sqr",0.45,0.17,-0.018
1080,0,"Response ~  (AlphaSqr+log10TaSqr+Alpha+PhotonIndex)^2+log10PeakFlux+log10NH+log10Ta+log10Fa+log10T90+log10PeakFluxSqr+log10NHSqr+PhotonIndexSqr+log10FaSqr+log10T90Sqr",0.2,0.2,-0.31
1082,0,"Response ~  (AlphaSqr+log10FaSqr+Alpha+PhotonIndex)^2+log10PeakFlux+log10NH+log10Ta+log10Fa+log10T90+log10PeakFluxSqr+log10NHSqr+PhotonIndexSqr+log10TaSqr+log10T90Sqr",0.62,0.15,-0.14
1084,0,"Response ~  (log10T90Sqr+AlphaSqr+Alpha+PhotonIndex)^2+log10PeakFlux+log10NH+log10Ta+log10Fa+log10T90+log10PeakFluxSqr+log10NHSqr+PhotonIndexSqr+log10TaSqr+log10FaSqr",0.47,0.17,-0.11
1085,0,"Response ~  (log10NHSqr+log10PeakFluxSqr+log10T90+PhotonIndex)^2+log10PeakFlux+log10NH+log10Ta+log10Fa+Alpha+PhotonIndexSqr+log10TaSqr+log10FaSqr+AlphaSqr+log10T90Sqr",0.57,0.16,-0.22
1099,0,"Response ~  (log10T90Sqr+PhotonIndexSqr+log10T90+PhotonIndex)^2+log10PeakFlux+log10NH+log10Ta+log10Fa+Alpha+log10PeakFluxSqr+log10NHSqr+log10TaSqr+log10FaSqr+AlphaSqr",0.43,0.19,-0.32
1103,0,"Response ~  (AlphaSqr+log10FaSqr+log10T90+PhotonIndex)^2+log10PeakFlux+log10NH+log10Ta+log10Fa+Alpha+log10PeakFluxSqr+log10NHSqr+PhotonIndexSqr+log10TaSqr+log10T90Sqr",0.42,0.15,-0.39
1104,0,"Response ~  (log10T90Sqr+log10FaSqr+log10T90+PhotonIndex)^2+log10PeakFlux+log10NH+log10Ta+log10Fa+Alpha+log10PeakFluxSqr+log10NHSqr+PhotonIndexSqr+log10TaSqr+AlphaSqr",0.51,0.17,-0.23
1106,0,"Response ~  (PhotonIndexSqr+log10NHSqr+log10PeakFluxSqr+PhotonIndex)^2+log10PeakFlux+log10NH+log10Ta+log10Fa+Alpha+log10T90+log10TaSqr+log10FaSqr+AlphaSqr+log10T90Sqr",0.5,0.15,-0.18
1114,0,"Response ~  (log10T90Sqr+PhotonIndexSqr+log10PeakFluxSqr+PhotonIndex)^2+log10PeakFlux+log10NH+log10Ta+log10Fa+Alpha+log10T90+log10NHSqr+log10TaSqr+log10FaSqr+AlphaSqr",0.47,0.17,-0.32
1115,0,"Response ~  (log10FaSqr+log10TaSqr+log10PeakFluxSqr+PhotonIndex)^2+log10PeakFlux+log10NH+log10Ta+log10Fa+Alpha+log10T90+log10NHSqr+PhotonIndexSqr+AlphaSqr+log10T90Sqr",0.59,0.15,-0.18
1124,0,"Response ~  (log10T90Sqr+PhotonIndexSqr+log10NHSqr+PhotonIndex)^2+log10PeakFlux+log10NH+log10Ta+log10Fa+Alpha+log10T90+log10PeakFluxSqr+log10TaSqr+log10FaSqr+AlphaSqr",0.32,0.18,-0.21
1132,0,"Response ~  (AlphaSqr+log10TaSqr+PhotonIndexSqr+PhotonIndex)^2+log10PeakFlux+log10NH+log10Ta+log10Fa+Alpha+log10T90+log10PeakFluxSqr+log10NHSqr+log10FaSqr+log10T90Sqr",0.27,0.19,-0.33
1134,0,"Response ~  (AlphaSqr+log10FaSqr+PhotonIndexSqr+PhotonIndex)^2+log10PeakFlux+log10NH+log10Ta+log10Fa+Alpha+log10T90+log10PeakFluxSqr+log10NHSqr+log10TaSqr+log10T90Sqr",0.67,0.16,-0.49
1137,0,"Response ~  (AlphaSqr+log10FaSqr+log10TaSqr+PhotonIndex)^2+log10PeakFlux+log10NH+log10Ta+log10Fa+Alpha+log10T90+log10PeakFluxSqr+log10NHSqr+PhotonIndexSqr+log10T90Sqr",0.6,0.17,-0.34
1142,0,"Response ~  (log10PeakFluxSqr+Alpha+log10Fa+log10Ta)^2+log10PeakFlux+log10NH+PhotonIndex+log10T90+log10NHSqr+PhotonIndexSqr+log10TaSqr+log10FaSqr+AlphaSqr+log10T90Sqr",0.44,0.19,0.011
1157,0,"Response ~  (PhotonIndexSqr+log10PeakFluxSqr+log10Fa+log10Ta)^2+log10PeakFlux+log10NH+PhotonIndex+Alpha+log10T90+log10NHSqr+log10TaSqr+log10FaSqr+AlphaSqr+log10T90Sqr",0.49,0.16,-0.1
1159,0,"Response ~  (log10FaSqr+log10PeakFluxSqr+log10Fa+log10Ta)^2+log10PeakFlux+log10NH+PhotonIndex+Alpha+log10T90+log10NHSqr+PhotonIndexSqr+log10TaSqr+AlphaSqr+log10T90Sqr",0.31,0.2,-0.085
1167,0,"Response ~  (log10TaSqr+PhotonIndexSqr+log10Fa+log10Ta)^2+log10PeakFlux+log10NH+PhotonIndex+Alpha+log10T90+log10PeakFluxSqr+log10NHSqr+log10FaSqr+AlphaSqr+log10T90Sqr",0.47,0.17,-0.2
1169,0,"Response ~  (AlphaSqr+PhotonIndexSqr+log10Fa+log10Ta)^2+log10PeakFlux+log10NH+PhotonIndex+Alpha+log10T90+log10PeakFluxSqr+log10NHSqr+log10TaSqr+log10FaSqr+log10T90Sqr",0.48,0.16,-0.043
1170,0,"Response ~  (log10T90Sqr+PhotonIndexSqr+log10Fa+log10Ta)^2+log10PeakFlux+log10NH+PhotonIndex+Alpha+log10T90+log10PeakFluxSqr+log10NHSqr+log10TaSqr+log10FaSqr+AlphaSqr",0.48,0.17,-0.2
1175,0,"Response ~  (log10T90Sqr+log10FaSqr+log10Fa+log10Ta)^2+log10PeakFlux+log10NH+PhotonIndex+Alpha+log10T90+log10PeakFluxSqr+log10NHSqr+PhotonIndexSqr+log10TaSqr+AlphaSqr",0.6,0.14,-0.26
1182,0,"Response ~  (AlphaSqr+log10T90+Alpha+log10Ta)^2+log10PeakFlux+log10NH+PhotonIndex+log10Fa+log10PeakFluxSqr+log10NHSqr+PhotonIndexSqr+log10TaSqr+log10FaSqr+log10T90Sqr",0.39,0.2,0.053
1196,0,"Response ~  (log10FaSqr+PhotonIndexSqr+Alpha+log10Ta)^2+log10PeakFlux+log10NH+PhotonIndex+log10Fa+log10T90+log10PeakFluxSqr+log10NHSqr+log10TaSqr+AlphaSqr+log10T90Sqr",0.57,0.15,-0.25
1204,0,"Response ~  (log10T90Sqr+AlphaSqr+Alpha+log10Ta)^2+log10PeakFlux+log10NH+PhotonIndex+log10Fa+log10T90+log10PeakFluxSqr+log10NHSqr+PhotonIndexSqr+log10TaSqr+log10FaSqr",0.42,0.16,0.051
1232,0,"Response ~  (log10FaSqr+PhotonIndexSqr+log10PeakFluxSqr+log10Ta)^2+log10PeakFlux+log10NH+PhotonIndex+log10Fa+Alpha+log10T90+log10NHSqr+log10TaSqr+AlphaSqr+log10T90Sqr",0.51,0.18,-0.31
1233,0,"Response ~  (AlphaSqr+PhotonIndexSqr+log10PeakFluxSqr+log10Ta)^2+log10PeakFlux+log10NH+PhotonIndex+log10Fa+Alpha+log10T90+log10NHSqr+log10TaSqr+log10FaSqr+log10T90Sqr",0.46,0.17,-0.21
1234,0,"Response ~  (log10T90Sqr+PhotonIndexSqr+log10PeakFluxSqr+log10Ta)^2+log10PeakFlux+log10NH+PhotonIndex+log10Fa+Alpha+log10T90+log10NHSqr+log10TaSqr+log10FaSqr+AlphaSqr",0.5,0.19,-0.49
1235,0,"Response ~  (log10FaSqr+log10TaSqr+log10PeakFluxSqr+log10Ta)^2+log10PeakFlux+log10NH+PhotonIndex+log10Fa+Alpha+log10T90+log10NHSqr+PhotonIndexSqr+AlphaSqr+log10T90Sqr",0.59,0.14,0.068
1251,0,"Response ~  (log10FaSqr+log10TaSqr+PhotonIndexSqr+log10Ta)^2+log10PeakFlux+log10NH+PhotonIndex+log10Fa+Alpha+log10T90+log10PeakFluxSqr+log10NHSqr+AlphaSqr+log10T90Sqr",0.52,0.18,0.21
1254,0,"Response ~  (AlphaSqr+log10FaSqr+PhotonIndexSqr+log10Ta)^2+log10PeakFlux+log10NH+PhotonIndex+log10Fa+Alpha+log10T90+log10PeakFluxSqr+log10NHSqr+log10TaSqr+log10T90Sqr",0.33,0.19,-0.097
1255,0,"Response ~  (log10T90Sqr+log10FaSqr+PhotonIndexSqr+log10Ta)^2+log10PeakFlux+log10NH+PhotonIndex+log10Fa+Alpha+log10T90+log10PeakFluxSqr+log10NHSqr+log10TaSqr+AlphaSqr",0.49,0.18,0.22
1263,0,"Response ~  (PhotonIndexSqr+log10T90+Alpha+log10Fa)^2+log10PeakFlux+log10NH+PhotonIndex+log10Ta+log10PeakFluxSqr+log10NHSqr+log10TaSqr+log10FaSqr+AlphaSqr+log10T90Sqr",0.6,0.16,-0.29
1271,0,"Response ~  (log10FaSqr+log10PeakFluxSqr+Alpha+log10Fa)^2+log10PeakFlux+log10NH+PhotonIndex+log10Ta+log10T90+log10NHSqr+PhotonIndexSqr+log10TaSqr+AlphaSqr+log10T90Sqr",0.42,0.19,-0.45
1272,0,"Response ~  (AlphaSqr+log10PeakFluxSqr+Alpha+log10Fa)^2+log10PeakFlux+log10NH+PhotonIndex+log10Ta+log10T90+log10NHSqr+PhotonIndexSqr+log10TaSqr+log10FaSqr+log10T90Sqr",0.31,0.21,-0.079
1274,0,"Response ~  (PhotonIndexSqr+log10NHSqr+Alpha+log10Fa)^2+log10PeakFlux+log10NH+PhotonIndex+log10Ta+log10T90+log10PeakFluxSqr+log10TaSqr+log10FaSqr+AlphaSqr+log10T90Sqr",0.22,0.16,-0.24
1279,0,"Response ~  (log10TaSqr+PhotonIndexSqr+Alpha+log10Fa)^2+log10PeakFlux+log10NH+PhotonIndex+log10Ta+log10T90+log10PeakFluxSqr+log10NHSqr+log10FaSqr+AlphaSqr+log10T90Sqr",0.34,0.17,0.15
1295,0,"Response ~  (PhotonIndexSqr+log10NHSqr+log10T90+log10Fa)^2+log10PeakFlux+log10NH+PhotonIndex+log10Ta+Alpha+log10PeakFluxSqr+log10TaSqr+log10FaSqr+AlphaSqr+log10T90Sqr",0.54,0.17,-0.28
1301,0,"Response ~  (log10FaSqr+PhotonIndexSqr+log10T90+log10Fa)^2+log10PeakFlux+log10NH+PhotonIndex+log10Ta+Alpha+log10PeakFluxSqr+log10NHSqr+log10TaSqr+AlphaSqr+log10T90Sqr",0.43,0.16,-0.15
1302,0,"Response ~  (AlphaSqr+PhotonIndexSqr+log10T90+log10Fa)^2+log10PeakFlux+log10NH+PhotonIndex+log10Ta+Alpha+log10PeakFluxSqr+log10NHSqr+log10TaSqr+log10FaSqr+log10T90Sqr",0.49,0.17,-0.3
1308,0,"Response ~  (log10T90Sqr+log10FaSqr+log10T90+log10Fa)^2+log10PeakFlux+log10NH+PhotonIndex+log10Ta+Alpha+log10PeakFluxSqr+log10NHSqr+PhotonIndexSqr+log10TaSqr+AlphaSqr",0.26,0.19,-0.27
1315,0,"Response ~  (log10TaSqr+PhotonIndexSqr+log10PeakFluxSqr+log10Fa)^2+log10PeakFlux+log10NH+PhotonIndex+log10Ta+Alpha+log10T90+log10NHSqr+log10FaSqr+AlphaSqr+log10T90Sqr",0.5,0.17,-0.3
1316,0,"Response ~  (log10FaSqr+PhotonIndexSqr+log10PeakFluxSqr+log10Fa)^2+log10PeakFlux+log10NH+PhotonIndex+log10Ta+Alpha+log10T90+log10NHSqr+log10TaSqr+AlphaSqr+log10T90Sqr",0.43,0.17,-0.084
1317,0,"Response ~  (AlphaSqr+PhotonIndexSqr+log10PeakFluxSqr+log10Fa)^2+log10PeakFlux+log10NH+PhotonIndex+log10Ta+Alpha+log10T90+log10NHSqr+log10TaSqr+log10FaSqr+log10T90Sqr",0.58,0.16,-0.22
1321,0,"Response ~  (log10T90Sqr+log10TaSqr+log10PeakFluxSqr+log10Fa)^2+log10PeakFlux+log10NH+PhotonIndex+log10Ta+Alpha+log10T90+log10NHSqr+PhotonIndexSqr+log10FaSqr+AlphaSqr",0.37,0.18,-0.22
1327,0,"Response ~  (AlphaSqr+PhotonIndexSqr+log10NHSqr+log10Fa)^2+log10PeakFlux+log10NH+PhotonIndex+log10Ta+Alpha+log10T90+log10PeakFluxSqr+log10TaSqr+log10FaSqr+log10T90Sqr",0.22,0.16,-0.24
1335,0,"Response ~  (log10FaSqr+log10TaSqr+PhotonIndexSqr+log10Fa)^2+log10PeakFlux+log10NH+PhotonIndex+log10Ta+Alpha+log10T90+log10PeakFluxSqr+log10NHSqr+AlphaSqr+log10T90Sqr",0.51,0.17,-0.18
1337,0,"Response ~  (log10T90Sqr+log10TaSqr+PhotonIndexSqr+log10Fa)^2+log10PeakFlux+log10NH+PhotonIndex+log10Ta+Alpha+log10T90+log10PeakFluxSqr+log10NHSqr+log10FaSqr+AlphaSqr",0.55,0.16,-0.23
1338,0,"Response ~  (AlphaSqr+log10FaSqr+PhotonIndexSqr+log10Fa)^2+log10PeakFlux+log10NH+PhotonIndex+log10Ta+Alpha+log10T90+log10PeakFluxSqr+log10NHSqr+log10TaSqr+log10T90Sqr",0.53,0.17,-0.14
1339,0,"Response ~  (log10T90Sqr+log10FaSqr+PhotonIndexSqr+log10Fa)^2+log10PeakFlux+log10NH+PhotonIndex+log10Ta+Alpha+log10T90+log10PeakFluxSqr+log10NHSqr+log10TaSqr+AlphaSqr",0.57,0.15,-0.24
1344,0,"Response ~  (log10T90Sqr+AlphaSqr+log10FaSqr+log10Fa)^2+log10PeakFlux+log10NH+PhotonIndex+log10Ta+Alpha+log10T90+log10PeakFluxSqr+log10NHSqr+PhotonIndexSqr+log10TaSqr",0.38,0.17,0.2
1349,0,"Response ~  (AlphaSqr+log10PeakFluxSqr+log10T90+Alpha)^2+log10PeakFlux+log10NH+PhotonIndex+log10Ta+log10Fa+log10NHSqr+PhotonIndexSqr+log10TaSqr+log10FaSqr+log10T90Sqr",0.31,0.18,-0.27
1354,0,"Response ~  (AlphaSqr+log10NHSqr+log10T90+Alpha)^2+log10PeakFlux+log10NH+PhotonIndex+log10Ta+log10Fa+log10PeakFluxSqr+PhotonIndexSqr+log10TaSqr+log10FaSqr+log10T90Sqr",0.51,0.18,-0.28
1358,0,"Response ~  (AlphaSqr+PhotonIndexSqr+log10T90+Alpha)^2+log10PeakFlux+log10NH+PhotonIndex+log10Ta+log10Fa+log10PeakFluxSqr+log10NHSqr+log10TaSqr+log10FaSqr+log10T90Sqr",0.54,0.19,-0.48
1363,0,"Response ~  (AlphaSqr+log10FaSqr+log10T90+Alpha)^2+log10PeakFlux+log10NH+PhotonIndex+log10Ta+log10Fa+log10PeakFluxSqr+log10NHSqr+PhotonIndexSqr+log10TaSqr+log10T90Sqr",0.51,0.17,-0.11
1371,0,"Response ~  (log10TaSqr+PhotonIndexSqr+log10PeakFluxSqr+Alpha)^2+log10PeakFlux+log10NH+PhotonIndex+log10Ta+log10Fa+log10T90+log10NHSqr+log10FaSqr+AlphaSqr+log10T90Sqr",0.46,0.17,-0.19
1372,0,"Response ~  (log10FaSqr+PhotonIndexSqr+log10PeakFluxSqr+Alpha)^2+log10PeakFlux+log10NH+PhotonIndex+log10Ta+log10Fa+log10T90+log10NHSqr+log10TaSqr+AlphaSqr+log10T90Sqr",0.55,0.15,-0.12
1380,0,"Response ~  (log10T90Sqr+AlphaSqr+log10PeakFluxSqr+Alpha)^2+log10PeakFlux+log10NH+PhotonIndex+log10Ta+log10Fa+log10T90+log10NHSqr+PhotonIndexSqr+log10TaSqr+log10FaSqr",0.18,0.21,-0.28
1390,0,"Response ~  (log10T90Sqr+AlphaSqr+log10NHSqr+Alpha)^2+log10PeakFlux+log10NH+PhotonIndex+log10Ta+log10Fa+log10T90+log10PeakFluxSqr+PhotonIndexSqr+log10TaSqr+log10FaSqr",0.51,0.18,-0.29
1391,0,"Response ~  (log10FaSqr+log10TaSqr+PhotonIndexSqr+Alpha)^2+log10PeakFlux+log10NH+PhotonIndex+log10Ta+log10Fa+log10T90+log10PeakFluxSqr+log10NHSqr+AlphaSqr+log10T90Sqr",0.56,0.15,-0.17
1396,0,"Response ~  (log10T90Sqr+AlphaSqr+PhotonIndexSqr+Alpha)^2+log10PeakFlux+log10NH+PhotonIndex+log10Ta+log10Fa+log10T90+log10PeakFluxSqr+log10NHSqr+log10TaSqr+log10FaSqr",0.48,0.18,-0.012
1400,0,"Response ~  (log10T90Sqr+AlphaSqr+log10FaSqr+Alpha)^2+log10PeakFlux+log10NH+PhotonIndex+log10Ta+log10Fa+log10T90+log10PeakFluxSqr+log10NHSqr+PhotonIndexSqr+log10TaSqr",0.41,0.18,-0.02
1419,0,"Response ~  (log10T90Sqr+PhotonIndexSqr+log10NHSqr+log10T90)^2+log10PeakFlux+log10NH+PhotonIndex+log10Ta+log10Fa+Alpha+log10PeakFluxSqr+log10TaSqr+log10FaSqr+AlphaSqr",0.31,0.19,-0.43
1430,0,"Response ~  (log10T90Sqr+log10FaSqr+PhotonIndexSqr+log10T90)^2+log10PeakFlux+log10NH+PhotonIndex+log10Ta+log10Fa+Alpha+log10PeakFluxSqr+log10NHSqr+log10TaSqr+AlphaSqr",0.64,0.17,-0.33
1437,0,"Response ~  (log10FaSqr+PhotonIndexSqr+log10NHSqr+log10PeakFluxSqr)^2+log10PeakFlux+log10NH+PhotonIndex+log10Ta+log10Fa+Alpha+log10T90+log10TaSqr+AlphaSqr+log10T90Sqr",0.31,0.18,-0.1
1439,0,"Response ~  (log10T90Sqr+PhotonIndexSqr+log10NHSqr+log10PeakFluxSqr)^2+log10PeakFlux+log10NH+PhotonIndex+log10Ta+log10Fa+Alpha+log10T90+log10TaSqr+log10FaSqr+AlphaSqr",0.52,0.15,-0.25
1446,0,"Response ~  (log10FaSqr+log10TaSqr+PhotonIndexSqr+log10PeakFluxSqr)^2+log10PeakFlux+log10NH+PhotonIndex+log10Ta+log10Fa+Alpha+log10T90+log10NHSqr+AlphaSqr+log10T90Sqr",0.53,0.16,-0.18
1449,0,"Response ~  (AlphaSqr+log10FaSqr+PhotonIndexSqr+log10PeakFluxSqr)^2+log10PeakFlux+log10NH+PhotonIndex+log10Ta+log10Fa+Alpha+log10T90+log10NHSqr+log10TaSqr+log10T90Sqr",0.54,0.17,-0.23
1458,0,"Response ~  (log10T90Sqr+log10TaSqr+PhotonIndexSqr+log10NHSqr)^2+log10PeakFlux+log10NH+PhotonIndex+log10Ta+log10Fa+Alpha+log10T90+log10PeakFluxSqr+log10FaSqr+AlphaSqr",0.43,0.2,0.082
1466,0,"Response ~  (AlphaSqr+log10FaSqr+log10TaSqr+PhotonIndexSqr)^2+log10PeakFlux+log10NH+PhotonIndex+log10Ta+log10Fa+Alpha+log10T90+log10PeakFluxSqr+log10NHSqr+log10T90Sqr",0.47,0.17,-0.068
1467,0,"Response ~  (log10T90Sqr+log10FaSqr+log10TaSqr+PhotonIndexSqr)^2+log10PeakFlux+log10NH+PhotonIndex+log10Ta+log10Fa+Alpha+log10T90+log10PeakFluxSqr+log10NHSqr+AlphaSqr",0.53,0.18,-0.18
1531,0,"Response ~  (log10TaSqr+log10Fa+log10Ta+log10NH+log10PeakFlux)^2+PhotonIndex+Alpha+log10T90+log10PeakFluxSqr+log10NHSqr+PhotonIndexSqr+log10FaSqr+AlphaSqr+log10T90Sqr",0.25,0.2,0.044
1594,0,"Response ~  (log10FaSqr+log10NHSqr+log10Fa+log10NH+log10PeakFlux)^2+PhotonIndex+log10Ta+Alpha+log10T90+log10PeakFluxSqr+PhotonIndexSqr+log10TaSqr+AlphaSqr+log10T90Sqr",0.6,0.16,-0.14
1597,0,"Response ~  (log10TaSqr+PhotonIndexSqr+log10Fa+log10NH+log10PeakFlux)^2+PhotonIndex+log10Ta+Alpha+log10T90+log10PeakFluxSqr+log10NHSqr+log10FaSqr+AlphaSqr+log10T90Sqr",0.46,0.18,0.029
1601,0,"Response ~  (log10FaSqr+log10TaSqr+log10Fa+log10NH+log10PeakFlux)^2+PhotonIndex+log10Ta+Alpha+log10T90+log10PeakFluxSqr+log10NHSqr+PhotonIndexSqr+AlphaSqr+log10T90Sqr",0.53,0.17,-0.12
1605,0,"Response ~  (log10T90Sqr+log10FaSqr+log10Fa+log10NH+log10PeakFlux)^2+PhotonIndex+log10Ta+Alpha+log10T90+log10PeakFluxSqr+log10NHSqr+PhotonIndexSqr+log10TaSqr+AlphaSqr",0.51,0.18,-0.58
1612,0,"Response ~  (AlphaSqr+log10T90+Alpha+log10NH+log10PeakFlux)^2+PhotonIndex+log10Ta+log10Fa+log10PeakFluxSqr+log10NHSqr+PhotonIndexSqr+log10TaSqr+log10FaSqr+log10T90Sqr",0.31,0.2,-0.27
1694,0,"Response ~  (log10NHSqr+log10Fa+log10Ta+PhotonIndex+log10PeakFlux)^2+log10NH+Alpha+log10T90+log10PeakFluxSqr+PhotonIndexSqr+log10TaSqr+log10FaSqr+AlphaSqr+log10T90Sqr",0.52,0.17,-0.35
1695,0,"Response ~  (PhotonIndexSqr+log10Fa+log10Ta+PhotonIndex+log10PeakFlux)^2+log10NH+Alpha+log10T90+log10PeakFluxSqr+log10NHSqr+log10TaSqr+log10FaSqr+AlphaSqr+log10T90Sqr",0.3,0.17,0.15
1696,0,"Response ~  (log10TaSqr+log10Fa+log10Ta+PhotonIndex+log10PeakFlux)^2+log10NH+Alpha+log10T90+log10PeakFluxSqr+log10NHSqr+PhotonIndexSqr+log10FaSqr+AlphaSqr+log10T90Sqr",0.48,0.17,-0.15
1730,0,"Response ~  (log10FaSqr+log10TaSqr+log10Ta+PhotonIndex+log10PeakFlux)^2+log10NH+log10Fa+Alpha+log10T90+log10PeakFluxSqr+log10NHSqr+PhotonIndexSqr+AlphaSqr+log10T90Sqr",0.53,0.18,-0.22
1741,0,"Response ~  (log10FaSqr+Alpha+log10Fa+PhotonIndex+log10PeakFlux)^2+log10NH+log10Ta+log10T90+log10PeakFluxSqr+log10NHSqr+PhotonIndexSqr+log10TaSqr+AlphaSqr+log10T90Sqr",0.54,0.17,-0.28
1748,0,"Response ~  (log10FaSqr+log10T90+log10Fa+PhotonIndex+log10PeakFlux)^2+log10NH+log10Ta+Alpha+log10PeakFluxSqr+log10NHSqr+PhotonIndexSqr+log10TaSqr+AlphaSqr+log10T90Sqr",0.47,0.19,-0.13
1758,0,"Response ~  (log10TaSqr+log10NHSqr+log10Fa+PhotonIndex+log10PeakFlux)^2+log10NH+log10Ta+Alpha+log10T90+log10PeakFluxSqr+PhotonIndexSqr+log10FaSqr+AlphaSqr+log10T90Sqr",0.49,0.2,0.11
1759,0,"Response ~  (log10FaSqr+log10NHSqr+log10Fa+PhotonIndex+log10PeakFlux)^2+log10NH+log10Ta+Alpha+log10T90+log10PeakFluxSqr+PhotonIndexSqr+log10TaSqr+AlphaSqr+log10T90Sqr",0.45,0.17,0.11
1762,0,"Response ~  (log10TaSqr+PhotonIndexSqr+log10Fa+PhotonIndex+log10PeakFlux)^2+log10NH+log10Ta+Alpha+log10T90+log10PeakFluxSqr+log10NHSqr+log10FaSqr+AlphaSqr+log10T90Sqr",0.64,0.14,-0.11
1763,0,"Response ~  (log10FaSqr+PhotonIndexSqr+log10Fa+PhotonIndex+log10PeakFlux)^2+log10NH+log10Ta+Alpha+log10T90+log10PeakFluxSqr+log10NHSqr+log10TaSqr+AlphaSqr+log10T90Sqr",0.52,0.16,-0.1
1764,0,"Response ~  (AlphaSqr+PhotonIndexSqr+log10Fa+PhotonIndex+log10PeakFlux)^2+log10NH+log10Ta+Alpha+log10T90+log10PeakFluxSqr+log10NHSqr+log10TaSqr+log10FaSqr+log10T90Sqr",0.37,0.18,-0.25
1769,0,"Response ~  (AlphaSqr+log10FaSqr+log10Fa+PhotonIndex+log10PeakFlux)^2+log10NH+log10Ta+Alpha+log10T90+log10PeakFluxSqr+log10NHSqr+PhotonIndexSqr+log10TaSqr+log10T90Sqr",0.55,0.15,-0.11
1770,0,"Response ~  (log10T90Sqr+log10FaSqr+log10Fa+PhotonIndex+log10PeakFlux)^2+log10NH+log10Ta+Alpha+log10T90+log10PeakFluxSqr+log10NHSqr+PhotonIndexSqr+log10TaSqr+AlphaSqr",0.44,0.18,-0.27
1859,0,"Response ~  (PhotonIndexSqr+Alpha+log10Fa+log10Ta+log10PeakFlux)^2+log10NH+PhotonIndex+log10T90+log10PeakFluxSqr+log10NHSqr+log10TaSqr+log10FaSqr+AlphaSqr+log10T90Sqr",0.37,0.18,-0.21
1861,0,"Response ~  (log10FaSqr+Alpha+log10Fa+log10Ta+log10PeakFlux)^2+log10NH+PhotonIndex+log10T90+log10PeakFluxSqr+log10NHSqr+PhotonIndexSqr+log10TaSqr+AlphaSqr+log10T90Sqr",0.39,0.19,-0.35
1868,0,"Response ~  (log10FaSqr+log10T90+log10Fa+log10Ta+log10PeakFlux)^2+log10NH+PhotonIndex+Alpha+log10PeakFluxSqr+log10NHSqr+PhotonIndexSqr+log10TaSqr+AlphaSqr+log10T90Sqr",0.46,0.17,-0.16
1882,0,"Response ~  (log10TaSqr+PhotonIndexSqr+log10Fa+log10Ta+log10PeakFlux)^2+log10NH+PhotonIndex+Alpha+log10T90+log10PeakFluxSqr+log10NHSqr+log10FaSqr+AlphaSqr+log10T90Sqr",0.41,0.18,-0.17
1884,0,"Response ~  (AlphaSqr+PhotonIndexSqr+log10Fa+log10Ta+log10PeakFlux)^2+log10NH+PhotonIndex+Alpha+log10T90+log10PeakFluxSqr+log10NHSqr+log10TaSqr+log10FaSqr+log10T90Sqr",0.43,0.17,-0.28
1886,0,"Response ~  (log10FaSqr+log10TaSqr+log10Fa+log10Ta+log10PeakFlux)^2+log10NH+PhotonIndex+Alpha+log10T90+log10PeakFluxSqr+log10NHSqr+PhotonIndexSqr+AlphaSqr+log10T90Sqr",0.51,0.17,-0.23
1889,0,"Response ~  (AlphaSqr+log10FaSqr+log10Fa+log10Ta+log10PeakFlux)^2+log10NH+PhotonIndex+Alpha+log10T90+log10PeakFluxSqr+log10NHSqr+PhotonIndexSqr+log10TaSqr+log10T90Sqr",0.35,0.19,-0.29
1890,0,"Response ~  (log10T90Sqr+log10FaSqr+log10Fa+log10Ta+log10PeakFlux)^2+log10NH+PhotonIndex+Alpha+log10T90+log10PeakFluxSqr+log10NHSqr+PhotonIndexSqr+log10TaSqr+AlphaSqr",0.43,0.18,-0.16
1948,0,"Response ~  (AlphaSqr+PhotonIndexSqr+log10PeakFluxSqr+log10Ta+log10PeakFlux)^2+log10NH+PhotonIndex+log10Fa+Alpha+log10T90+log10NHSqr+log10TaSqr+log10FaSqr+log10T90Sqr",0.28,0.22,-0.31
1966,0,"Response ~  (log10FaSqr+log10TaSqr+PhotonIndexSqr+log10Ta+log10PeakFlux)^2+log10NH+PhotonIndex+log10Fa+Alpha+log10T90+log10PeakFluxSqr+log10NHSqr+AlphaSqr+log10T90Sqr",0.34,0.19,-0.2
1969,0,"Response ~  (AlphaSqr+log10FaSqr+PhotonIndexSqr+log10Ta+log10PeakFlux)^2+log10NH+PhotonIndex+log10Fa+Alpha+log10T90+log10PeakFluxSqr+log10NHSqr+log10TaSqr+log10T90Sqr",0.44,0.17,-0.45
1981,0,"Response ~  (AlphaSqr+log10T90+Alpha+log10Fa+log10PeakFlux)^2+log10NH+PhotonIndex+log10Ta+log10PeakFluxSqr+log10NHSqr+PhotonIndexSqr+log10TaSqr+log10FaSqr+log10T90Sqr",0.35,0.24,0.25
1995,0,"Response ~  (log10FaSqr+PhotonIndexSqr+Alpha+log10Fa+log10PeakFlux)^2+log10NH+PhotonIndex+log10Ta+log10T90+log10PeakFluxSqr+log10NHSqr+log10TaSqr+AlphaSqr+log10T90Sqr",0.54,0.17,-0.25
2002,0,"Response ~  (log10T90Sqr+log10FaSqr+Alpha+log10Fa+log10PeakFlux)^2+log10NH+PhotonIndex+log10Ta+log10T90+log10PeakFluxSqr+log10NHSqr+PhotonIndexSqr+log10TaSqr+AlphaSqr",0.48,0.16,-0.15
2012,0,"Response ~  (log10FaSqr+log10NHSqr+log10T90+log10Fa+log10PeakFlux)^2+log10NH+PhotonIndex+log10Ta+Alpha+log10PeakFluxSqr+PhotonIndexSqr+log10TaSqr+AlphaSqr+log10T90Sqr",0.55,0.17,-0.14
2019,0,"Response ~  (log10FaSqr+log10TaSqr+log10T90+log10Fa+log10PeakFlux)^2+log10NH+PhotonIndex+log10Ta+Alpha+log10PeakFluxSqr+log10NHSqr+PhotonIndexSqr+AlphaSqr+log10T90Sqr",0.5,0.17,-0.099
2023,0,"Response ~  (log10T90Sqr+log10FaSqr+log10T90+log10Fa+log10PeakFlux)^2+log10NH+PhotonIndex+log10Ta+Alpha+log10PeakFluxSqr+log10NHSqr+PhotonIndexSqr+log10TaSqr+AlphaSqr",0.44,0.19,-0.17
2031,0,"Response ~  (log10FaSqr+PhotonIndexSqr+log10PeakFluxSqr+log10Fa+log10PeakFlux)^2+log10NH+PhotonIndex+log10Ta+Alpha+log10T90+log10NHSqr+log10TaSqr+AlphaSqr+log10T90Sqr",0.41,0.18,-0.084
2034,0,"Response ~  (log10FaSqr+log10TaSqr+log10PeakFluxSqr+log10Fa+log10PeakFlux)^2+log10NH+PhotonIndex+log10Ta+Alpha+log10T90+log10NHSqr+PhotonIndexSqr+AlphaSqr+log10T90Sqr",0.44,0.18,-0.15
2040,0,"Response ~  (log10TaSqr+PhotonIndexSqr+log10NHSqr+log10Fa+log10PeakFlux)^2+log10NH+PhotonIndex+log10Ta+Alpha+log10T90+log10PeakFluxSqr+log10FaSqr+AlphaSqr+log10T90Sqr",0.6,0.17,-0.39
2041,0,"Response ~  (log10FaSqr+PhotonIndexSqr+log10NHSqr+log10Fa+log10PeakFlux)^2+log10NH+PhotonIndex+log10Ta+Alpha+log10T90+log10PeakFluxSqr+log10TaSqr+AlphaSqr+log10T90Sqr",0.28,0.18,-0.093
2044,0,"Response ~  (log10FaSqr+log10TaSqr+log10NHSqr+log10Fa+log10PeakFlux)^2+log10NH+PhotonIndex+log10Ta+Alpha+log10T90+log10PeakFluxSqr+PhotonIndexSqr+AlphaSqr+log10T90Sqr",0.46,0.17,-0.11
2048,0,"Response ~  (log10T90Sqr+log10FaSqr+log10NHSqr+log10Fa+log10PeakFlux)^2+log10NH+PhotonIndex+log10Ta+Alpha+log10T90+log10PeakFluxSqr+PhotonIndexSqr+log10TaSqr+AlphaSqr",0.54,0.17,-0.19
2051,0,"Response ~  (AlphaSqr+log10TaSqr+PhotonIndexSqr+log10Fa+log10PeakFlux)^2+log10NH+PhotonIndex+log10Ta+Alpha+log10T90+log10PeakFluxSqr+log10NHSqr+log10FaSqr+log10T90Sqr",0.54,0.17,-0.21
2054,0,"Response ~  (log10T90Sqr+log10FaSqr+PhotonIndexSqr+log10Fa+log10PeakFlux)^2+log10NH+PhotonIndex+log10Ta+Alpha+log10T90+log10PeakFluxSqr+log10NHSqr+log10TaSqr+AlphaSqr",0.59,0.16,-0.14
2056,0,"Response ~  (AlphaSqr+log10FaSqr+log10TaSqr+log10Fa+log10PeakFlux)^2+log10NH+PhotonIndex+log10Ta+Alpha+log10T90+log10PeakFluxSqr+log10NHSqr+PhotonIndexSqr+log10T90Sqr",0.44,0.17,-0.14
2164,0,"Response ~  (AlphaSqr+log10FaSqr+PhotonIndexSqr+log10PeakFluxSqr+log10PeakFlux)^2+log10NH+PhotonIndex+log10Ta+log10Fa+Alpha+log10T90+log10NHSqr+log10TaSqr+log10T90Sqr",0.26,0.22,-0.2
2187,0,"Response ~  (log10T90+log10Fa+log10Ta+PhotonIndex+log10NH)^2+log10PeakFlux+Alpha+log10PeakFluxSqr+log10NHSqr+PhotonIndexSqr+log10TaSqr+log10FaSqr+AlphaSqr+log10T90Sqr",0.44,0.18,0.015
2189,0,"Response ~  (log10NHSqr+log10Fa+log10Ta+PhotonIndex+log10NH)^2+log10PeakFlux+Alpha+log10T90+log10PeakFluxSqr+PhotonIndexSqr+log10TaSqr+log10FaSqr+AlphaSqr+log10T90Sqr",0.46,0.18,-0.072
2192,0,"Response ~  (log10FaSqr+log10Fa+log10Ta+PhotonIndex+log10NH)^2+log10PeakFlux+Alpha+log10T90+log10PeakFluxSqr+log10NHSqr+PhotonIndexSqr+log10TaSqr+AlphaSqr+log10T90Sqr",0.57,0.16,-0.31
2207,0,"Response ~  (log10FaSqr+log10T90+log10Ta+PhotonIndex+log10NH)^2+log10PeakFlux+log10Fa+Alpha+log10PeakFluxSqr+log10NHSqr+PhotonIndexSqr+log10TaSqr+AlphaSqr+log10T90Sqr",0.49,0.18,0.19
2229,0,"Response ~  (log10T90Sqr+log10FaSqr+log10Ta+PhotonIndex+log10NH)^2+log10PeakFlux+log10Fa+Alpha+log10T90+log10PeakFluxSqr+log10NHSqr+PhotonIndexSqr+log10TaSqr+AlphaSqr",0.5,0.18,0.062
2233,0,"Response ~  (log10NHSqr+Alpha+log10Fa+PhotonIndex+log10NH)^2+log10PeakFlux+log10Ta+log10T90+log10PeakFluxSqr+PhotonIndexSqr+log10TaSqr+log10FaSqr+AlphaSqr+log10T90Sqr",0.26,0.18,0.23
2234,0,"Response ~  (PhotonIndexSqr+Alpha+log10Fa+PhotonIndex+log10NH)^2+log10PeakFlux+log10Ta+log10T90+log10PeakFluxSqr+log10NHSqr+log10TaSqr+log10FaSqr+AlphaSqr+log10T90Sqr",0.64,0.12,-0.26
2236,0,"Response ~  (log10FaSqr+Alpha+log10Fa+PhotonIndex+log10NH)^2+log10PeakFlux+log10Ta+log10T90+log10PeakFluxSqr+log10NHSqr+PhotonIndexSqr+log10TaSqr+AlphaSqr+log10T90Sqr",0.38,0.19,-0.16
2245,0,"Response ~  (log10T90Sqr+log10T90+log10Fa+PhotonIndex+log10NH)^2+log10PeakFlux+log10Ta+Alpha+log10PeakFluxSqr+log10NHSqr+PhotonIndexSqr+log10TaSqr+log10FaSqr+AlphaSqr",0.53,0.16,-0.22
2249,0,"Response ~  (log10FaSqr+log10PeakFluxSqr+log10Fa+PhotonIndex+log10NH)^2+log10PeakFlux+log10Ta+Alpha+log10T90+log10NHSqr+PhotonIndexSqr+log10TaSqr+AlphaSqr+log10T90Sqr",0.55,0.16,-0.15
2250,0,"Response ~  (AlphaSqr+log10PeakFluxSqr+log10Fa+PhotonIndex+log10NH)^2+log10PeakFlux+log10Ta+Alpha+log10T90+log10NHSqr+PhotonIndexSqr+log10TaSqr+log10FaSqr+log10T90Sqr",0.45,0.16,-0.13
2251,0,"Response ~  (log10T90Sqr+log10PeakFluxSqr+log10Fa+PhotonIndex+log10NH)^2+log10PeakFlux+log10Ta+Alpha+log10T90+log10NHSqr+PhotonIndexSqr+log10TaSqr+log10FaSqr+AlphaSqr",0.42,0.18,-0.19
2255,0,"Response ~  (AlphaSqr+log10NHSqr+log10Fa+PhotonIndex+log10NH)^2+log10PeakFlux+log10Ta+Alpha+log10T90+log10PeakFluxSqr+PhotonIndexSqr+log10TaSqr+log10FaSqr+log10T90Sqr",0.25,0.21,0.012
2256,0,"Response ~  (log10T90Sqr+log10NHSqr+log10Fa+PhotonIndex+log10NH)^2+log10PeakFlux+log10Ta+Alpha+log10T90+log10PeakFluxSqr+PhotonIndexSqr+log10TaSqr+log10FaSqr+AlphaSqr",0.55,0.16,-0.2
2259,0,"Response ~  (AlphaSqr+PhotonIndexSqr+log10Fa+PhotonIndex+log10NH)^2+log10PeakFlux+log10Ta+Alpha+log10T90+log10PeakFluxSqr+log10NHSqr+log10TaSqr+log10FaSqr+log10T90Sqr",0.64,0.15,-0.18
2260,0,"Response ~  (log10T90Sqr+PhotonIndexSqr+log10Fa+PhotonIndex+log10NH)^2+log10PeakFlux+log10Ta+Alpha+log10T90+log10PeakFluxSqr+log10NHSqr+log10TaSqr+log10FaSqr+AlphaSqr",0.54,0.17,0.066
2264,0,"Response ~  (AlphaSqr+log10FaSqr+log10Fa+PhotonIndex+log10NH)^2+log10PeakFlux+log10Ta+Alpha+log10T90+log10PeakFluxSqr+log10NHSqr+PhotonIndexSqr+log10TaSqr+log10T90Sqr",0.61,0.16,-0.15
2265,0,"Response ~  (log10T90Sqr+log10FaSqr+log10Fa+PhotonIndex+log10NH)^2+log10PeakFlux+log10Ta+Alpha+log10T90+log10PeakFluxSqr+log10NHSqr+PhotonIndexSqr+log10TaSqr+AlphaSqr",0.48,0.17,-0.33
2272,0,"Response ~  (AlphaSqr+log10T90+Alpha+PhotonIndex+log10NH)^2+log10PeakFlux+log10Ta+log10Fa+log10PeakFluxSqr+log10NHSqr+PhotonIndexSqr+log10TaSqr+log10FaSqr+log10T90Sqr",0.38,0.17,-0.25
2282,0,"Response ~  (log10FaSqr+log10NHSqr+Alpha+PhotonIndex+log10NH)^2+log10PeakFlux+log10Ta+log10Fa+log10T90+log10PeakFluxSqr+PhotonIndexSqr+log10TaSqr+AlphaSqr+log10T90Sqr",0.32,0.17,0.18
2288,0,"Response ~  (log10T90Sqr+PhotonIndexSqr+Alpha+PhotonIndex+log10NH)^2+log10PeakFlux+log10Ta+log10Fa+log10T90+log10PeakFluxSqr+log10NHSqr+log10TaSqr+log10FaSqr+AlphaSqr",0.43,0.18,-0.36
2294,0,"Response ~  (log10T90Sqr+AlphaSqr+Alpha+PhotonIndex+log10NH)^2+log10PeakFlux+log10Ta+log10Fa+log10T90+log10PeakFluxSqr+log10NHSqr+PhotonIndexSqr+log10TaSqr+log10FaSqr",0.3,0.19,-0.14
2300,0,"Response ~  (log10T90Sqr+log10PeakFluxSqr+log10T90+PhotonIndex+log10NH)^2+log10PeakFlux+log10Ta+log10Fa+Alpha+log10NHSqr+PhotonIndexSqr+log10TaSqr+log10FaSqr+AlphaSqr",0.51,0.2,-0.26
2329,0,"Response ~  (log10T90Sqr+log10FaSqr+log10PeakFluxSqr+PhotonIndex+log10NH)^2+log10PeakFlux+log10Ta+log10Fa+Alpha+log10T90+log10NHSqr+PhotonIndexSqr+log10TaSqr+AlphaSqr",0.32,0.2,-0.12
2338,0,"Response ~  (AlphaSqr+log10FaSqr+log10NHSqr+PhotonIndex+log10NH)^2+log10PeakFlux+log10Ta+log10Fa+Alpha+log10T90+log10PeakFluxSqr+PhotonIndexSqr+log10TaSqr+log10T90Sqr",0.39,0.18,-0.14
2344,0,"Response ~  (AlphaSqr+log10FaSqr+PhotonIndexSqr+PhotonIndex+log10NH)^2+log10PeakFlux+log10Ta+log10Fa+Alpha+log10T90+log10PeakFluxSqr+log10NHSqr+log10TaSqr+log10T90Sqr",0.64,0.12,-0.26
2345,0,"Response ~  (log10T90Sqr+log10FaSqr+PhotonIndexSqr+PhotonIndex+log10NH)^2+log10PeakFlux+log10Ta+log10Fa+Alpha+log10T90+log10PeakFluxSqr+log10NHSqr+log10TaSqr+AlphaSqr",0.53,0.17,-0.23
2363,0,"Response ~  (log10FaSqr+log10T90+log10Fa+log10Ta+log10NH)^2+log10PeakFlux+PhotonIndex+Alpha+log10PeakFluxSqr+log10NHSqr+PhotonIndexSqr+log10TaSqr+AlphaSqr+log10T90Sqr",0.51,0.17,-0.096
2430,0,"Response ~  (log10FaSqr+log10TaSqr+log10T90+log10Ta+log10NH)^2+log10PeakFlux+PhotonIndex+log10Fa+Alpha+log10PeakFluxSqr+log10NHSqr+PhotonIndexSqr+AlphaSqr+log10T90Sqr",0.44,0.19,-0.16
2465,0,"Response ~  (log10T90Sqr+log10FaSqr+PhotonIndexSqr+log10Ta+log10NH)^2+log10PeakFlux+PhotonIndex+log10Fa+Alpha+log10T90+log10PeakFluxSqr+log10NHSqr+log10TaSqr+AlphaSqr",0.6,0.17,-0.16
2492,0,"Response ~  (log10T90Sqr+PhotonIndexSqr+Alpha+log10Fa+log10NH)^2+log10PeakFlux+PhotonIndex+log10Ta+log10T90+log10PeakFluxSqr+log10NHSqr+log10TaSqr+log10FaSqr+AlphaSqr",0.35,0.17,-0.0049
2513,0,"Response ~  (log10T90Sqr+PhotonIndexSqr+log10T90+log10Fa+log10NH)^2+log10PeakFlux+PhotonIndex+log10Ta+Alpha+log10PeakFluxSqr+log10NHSqr+log10TaSqr+log10FaSqr+AlphaSqr",0.6,0.17,-0.21
2533,0,"Response ~  (log10T90Sqr+log10FaSqr+log10PeakFluxSqr+log10Fa+log10NH)^2+log10PeakFlux+PhotonIndex+log10Ta+Alpha+log10T90+log10NHSqr+PhotonIndexSqr+log10TaSqr+AlphaSqr",0.49,0.17,-0.3
2538,0,"Response ~  (log10T90Sqr+PhotonIndexSqr+log10NHSqr+log10Fa+log10NH)^2+log10PeakFlux+PhotonIndex+log10Ta+Alpha+log10T90+log10PeakFluxSqr+log10TaSqr+log10FaSqr+AlphaSqr",0.47,0.18,-0.37
2552,0,"Response ~  (log10T90Sqr+log10FaSqr+log10TaSqr+log10Fa+log10NH)^2+log10PeakFlux+PhotonIndex+log10Ta+Alpha+log10T90+log10PeakFluxSqr+log10NHSqr+PhotonIndexSqr+AlphaSqr",0.61,0.17,-0.073
2559,0,"Response ~  (AlphaSqr+log10PeakFluxSqr+log10T90+Alpha+log10NH)^2+log10PeakFlux+PhotonIndex+log10Ta+log10Fa+log10NHSqr+PhotonIndexSqr+log10TaSqr+log10FaSqr+log10T90Sqr",0.24,0.2,-0.21
2568,0,"Response ~  (AlphaSqr+PhotonIndexSqr+log10T90+Alpha+log10NH)^2+log10PeakFlux+PhotonIndex+log10Ta+log10Fa+log10PeakFluxSqr+log10NHSqr+log10TaSqr+log10FaSqr+log10T90Sqr",0.43,0.18,-0.23
2590,0,"Response ~  (log10T90Sqr+AlphaSqr+log10PeakFluxSqr+Alpha+log10NH)^2+log10PeakFlux+PhotonIndex+log10Ta+log10Fa+log10T90+log10NHSqr+PhotonIndexSqr+log10TaSqr+log10FaSqr",0.22,0.21,-0.26
2600,0,"Response ~  (log10T90Sqr+AlphaSqr+log10NHSqr+Alpha+log10NH)^2+log10PeakFlux+PhotonIndex+log10Ta+log10Fa+log10T90+log10PeakFluxSqr+PhotonIndexSqr+log10TaSqr+log10FaSqr",0.45,0.2,-0.22
2605,0,"Response ~  (log10T90Sqr+log10FaSqr+PhotonIndexSqr+Alpha+log10NH)^2+log10PeakFlux+PhotonIndex+log10Ta+log10Fa+log10T90+log10PeakFluxSqr+log10NHSqr+log10TaSqr+AlphaSqr",0.31,0.17,0.19
2606,0,"Response ~  (log10T90Sqr+AlphaSqr+PhotonIndexSqr+Alpha+log10NH)^2+log10PeakFlux+PhotonIndex+log10Ta+log10Fa+log10T90+log10PeakFluxSqr+log10NHSqr+log10TaSqr+log10FaSqr",0.45,0.17,-0.21
2638,0,"Response ~  (log10T90Sqr+log10TaSqr+PhotonIndexSqr+log10T90+log10NH)^2+log10PeakFlux+PhotonIndex+log10Ta+log10Fa+Alpha+log10PeakFluxSqr+log10NHSqr+log10FaSqr+AlphaSqr",0.44,0.2,0.059
2640,0,"Response ~  (log10T90Sqr+log10FaSqr+PhotonIndexSqr+log10T90+log10NH)^2+log10PeakFlux+PhotonIndex+log10Ta+log10Fa+Alpha+log10PeakFluxSqr+log10NHSqr+log10TaSqr+AlphaSqr",0.55,0.17,-0.28
2669,0,"Response ~  (AlphaSqr+log10FaSqr+PhotonIndexSqr+log10NHSqr+log10NH)^2+log10PeakFlux+PhotonIndex+log10Ta+log10Fa+Alpha+log10T90+log10PeakFluxSqr+log10TaSqr+log10T90Sqr",0.42,0.17,-0.09
2684,0,"Response ~  (PhotonIndexSqr+Alpha+log10Fa+log10Ta+PhotonIndex)^2+log10PeakFlux+log10NH+log10T90+log10PeakFluxSqr+log10NHSqr+log10TaSqr+log10FaSqr+AlphaSqr+log10T90Sqr",0.5,0.18,-0.25
2686,0,"Response ~  (log10FaSqr+Alpha+log10Fa+log10Ta+PhotonIndex)^2+log10PeakFlux+log10NH+log10T90+log10PeakFluxSqr+log10NHSqr+PhotonIndexSqr+log10TaSqr+AlphaSqr+log10T90Sqr",0.41,0.18,-0.22
2687,0,"Response ~  (AlphaSqr+Alpha+log10Fa+log10Ta+PhotonIndex)^2+log10PeakFlux+log10NH+log10T90+log10PeakFluxSqr+log10NHSqr+PhotonIndexSqr+log10TaSqr+log10FaSqr+log10T90Sqr",0.17,0.2,-0.25
2691,0,"Response ~  (PhotonIndexSqr+log10T90+log10Fa+log10Ta+PhotonIndex)^2+log10PeakFlux+log10NH+Alpha+log10PeakFluxSqr+log10NHSqr+log10TaSqr+log10FaSqr+AlphaSqr+log10T90Sqr",0.54,0.16,-0.25
2695,0,"Response ~  (log10T90Sqr+log10T90+log10Fa+log10Ta+PhotonIndex)^2+log10PeakFlux+log10NH+Alpha+log10PeakFluxSqr+log10NHSqr+PhotonIndexSqr+log10TaSqr+log10FaSqr+AlphaSqr",0.55,0.16,-0.26
2696,0,"Response ~  (log10NHSqr+log10PeakFluxSqr+log10Fa+log10Ta+PhotonIndex)^2+log10PeakFlux+log10NH+Alpha+log10T90+PhotonIndexSqr+log10TaSqr+log10FaSqr+AlphaSqr+log10T90Sqr",0.52,0.17,-0.26
2699,0,"Response ~  (log10FaSqr+log10PeakFluxSqr+log10Fa+log10Ta+PhotonIndex)^2+log10PeakFlux+log10NH+Alpha+log10T90+log10NHSqr+PhotonIndexSqr+log10TaSqr+AlphaSqr+log10T90Sqr",0.44,0.17,-0.29
2708,0,"Response ~  (log10FaSqr+PhotonIndexSqr+log10Fa+log10Ta+PhotonIndex)^2+log10PeakFlux+log10NH+Alpha+log10T90+log10PeakFluxSqr+log10NHSqr+log10TaSqr+AlphaSqr+log10T90Sqr",0.58,0.14,-0.031
2709,0,"Response ~  (AlphaSqr+PhotonIndexSqr+log10Fa+log10Ta+PhotonIndex)^2+log10PeakFlux+log10NH+Alpha+log10T90+log10PeakFluxSqr+log10NHSqr+log10TaSqr+log10FaSqr+log10T90Sqr",0.43,0.17,-0.27
2714,0,"Response ~  (AlphaSqr+log10FaSqr+log10Fa+log10Ta+PhotonIndex)^2+log10PeakFlux+log10NH+Alpha+log10T90+log10PeakFluxSqr+log10NHSqr+PhotonIndexSqr+log10TaSqr+log10T90Sqr",0.58,0.15,-0.17
2715,0,"Response ~  (log10T90Sqr+log10FaSqr+log10Fa+log10Ta+PhotonIndex)^2+log10PeakFlux+log10NH+Alpha+log10T90+log10PeakFluxSqr+log10NHSqr+PhotonIndexSqr+log10TaSqr+AlphaSqr",0.5,0.19,-0.31
2722,0,"Response ~  (AlphaSqr+log10T90+Alpha+log10Ta+PhotonIndex)^2+log10PeakFlux+log10NH+log10Fa+log10PeakFluxSqr+log10NHSqr+PhotonIndexSqr+log10TaSqr+log10FaSqr+log10T90Sqr",0.37,0.17,0.19
2728,0,"Response ~  (AlphaSqr+log10PeakFluxSqr+Alpha+log10Ta+PhotonIndex)^2+log10PeakFlux+log10NH+log10Fa+log10T90+log10NHSqr+PhotonIndexSqr+log10TaSqr+log10FaSqr+log10T90Sqr",0.42,0.19,-0.078
2736,0,"Response ~  (log10FaSqr+PhotonIndexSqr+Alpha+log10Ta+PhotonIndex)^2+log10PeakFlux+log10NH+log10Fa+log10T90+log10PeakFluxSqr+log10NHSqr+log10TaSqr+AlphaSqr+log10T90Sqr",0.35,0.18,-0.24
2742,0,"Response ~  (AlphaSqr+log10FaSqr+Alpha+log10Ta+PhotonIndex)^2+log10PeakFlux+log10NH+log10Fa+log10T90+log10PeakFluxSqr+log10NHSqr+PhotonIndexSqr+log10TaSqr+log10T90Sqr",0.19,0.2,-0.25
2744,0,"Response ~  (log10T90Sqr+AlphaSqr+Alpha+log10Ta+PhotonIndex)^2+log10PeakFlux+log10NH+log10Fa+log10T90+log10PeakFluxSqr+log10NHSqr+PhotonIndexSqr+log10TaSqr+log10FaSqr",0.51,0.19,-0.49
2760,0,"Response ~  (log10FaSqr+log10TaSqr+log10T90+log10Ta+PhotonIndex)^2+log10PeakFlux+log10NH+log10Fa+Alpha+log10PeakFluxSqr+log10NHSqr+PhotonIndexSqr+AlphaSqr+log10T90Sqr",0.41,0.2,-0.11
2764,0,"Response ~  (log10T90Sqr+log10FaSqr+log10T90+log10Ta+PhotonIndex)^2+log10PeakFlux+log10NH+log10Fa+Alpha+log10PeakFluxSqr+log10NHSqr+PhotonIndexSqr+log10TaSqr+AlphaSqr",0.51,0.16,-0.21
2773,0,"Response ~  (AlphaSqr+PhotonIndexSqr+log10PeakFluxSqr+log10Ta+PhotonIndex)^2+log10PeakFlux+log10NH+log10Fa+Alpha+log10T90+log10NHSqr+log10TaSqr+log10FaSqr+log10T90Sqr",0.41,0.18,-0.063
2775,0,"Response ~  (log10FaSqr+log10TaSqr+log10PeakFluxSqr+log10Ta+PhotonIndex)^2+log10PeakFlux+log10NH+log10Fa+Alpha+log10T90+log10NHSqr+PhotonIndexSqr+AlphaSqr+log10T90Sqr",0.39,0.17,-0.13
2784,0,"Response ~  (log10T90Sqr+PhotonIndexSqr+log10NHSqr+log10Ta+PhotonIndex)^2+log10PeakFlux+log10NH+log10Fa+Alpha+log10T90+log10PeakFluxSqr+log10TaSqr+log10FaSqr+AlphaSqr",0.37,0.19,-0.39
2789,0,"Response ~  (log10T90Sqr+log10FaSqr+log10NHSqr+log10Ta+PhotonIndex)^2+log10PeakFlux+log10NH+log10Fa+Alpha+log10T90+log10PeakFluxSqr+PhotonIndexSqr+log10TaSqr+AlphaSqr",0.39,0.19,0.015
2794,0,"Response ~  (AlphaSqr+log10FaSqr+PhotonIndexSqr+log10Ta+PhotonIndex)^2+log10PeakFlux+log10NH+log10Fa+Alpha+log10T90+log10PeakFluxSqr+log10NHSqr+log10TaSqr+log10T90Sqr",0.44,0.18,-0.15
2803,0,"Response ~  (PhotonIndexSqr+log10T90+Alpha+log10Fa+PhotonIndex)^2+log10PeakFlux+log10NH+log10Ta+log10PeakFluxSqr+log10NHSqr+log10TaSqr+log10FaSqr+AlphaSqr+log10T90Sqr",0.4,0.18,-0.31
2806,0,"Response ~  (AlphaSqr+log10T90+Alpha+log10Fa+PhotonIndex)^2+log10PeakFlux+log10NH+log10Ta+log10PeakFluxSqr+log10NHSqr+PhotonIndexSqr+log10TaSqr+log10FaSqr+log10T90Sqr",0.45,0.17,-0.2
2809,0,"Response ~  (PhotonIndexSqr+log10PeakFluxSqr+Alpha+log10Fa+PhotonIndex)^2+log10PeakFlux+log10NH+log10Ta+log10T90+log10NHSqr+log10TaSqr+log10FaSqr+AlphaSqr+log10T90Sqr",0.49,0.18,-0.42
2810,0,"Response ~  (log10TaSqr+log10PeakFluxSqr+Alpha+log10Fa+PhotonIndex)^2+log10PeakFlux+log10NH+log10Ta+log10T90+log10NHSqr+PhotonIndexSqr+log10FaSqr+AlphaSqr+log10T90Sqr",0.21,0.17,-0.19
2820,0,"Response ~  (log10FaSqr+PhotonIndexSqr+Alpha+log10Fa+PhotonIndex)^2+log10PeakFlux+log10NH+log10Ta+log10T90+log10PeakFluxSqr+log10NHSqr+log10TaSqr+AlphaSqr+log10T90Sqr",0.66,0.15,-0.13
2821,0,"Response ~  (AlphaSqr+PhotonIndexSqr+Alpha+log10Fa+PhotonIndex)^2+log10PeakFlux+log10NH+log10Ta+log10T90+log10PeakFluxSqr+log10NHSqr+log10TaSqr+log10FaSqr+log10T90Sqr",0.44,0.17,-0.13
2823,0,"Response ~  (log10FaSqr+log10TaSqr+Alpha+log10Fa+PhotonIndex)^2+log10PeakFlux+log10NH+log10Ta+log10T90+log10PeakFluxSqr+log10NHSqr+PhotonIndexSqr+AlphaSqr+log10T90Sqr",0.6,0.14,0.05
2826,0,"Response ~  (AlphaSqr+log10FaSqr+Alpha+log10Fa+PhotonIndex)^2+log10PeakFlux+log10NH+log10Ta+log10T90+log10PeakFluxSqr+log10NHSqr+PhotonIndexSqr+log10TaSqr+log10T90Sqr",0.52,0.17,-0.3
2828,0,"Response ~  (log10T90Sqr+AlphaSqr+Alpha+log10Fa+PhotonIndex)^2+log10PeakFlux+log10NH+log10Ta+log10T90+log10PeakFluxSqr+log10NHSqr+PhotonIndexSqr+log10TaSqr+log10FaSqr",0.43,0.18,-0.15
2830,0,"Response ~  (PhotonIndexSqr+log10PeakFluxSqr+log10T90+log10Fa+PhotonIndex)^2+log10PeakFlux+log10NH+log10Ta+Alpha+log10NHSqr+log10TaSqr+log10FaSqr+AlphaSqr+log10T90Sqr",0.51,0.17,-0.3
2839,0,"Response ~  (log10T90Sqr+log10NHSqr+log10T90+log10Fa+PhotonIndex)^2+log10PeakFlux+log10NH+log10Ta+Alpha+log10PeakFluxSqr+PhotonIndexSqr+log10TaSqr+log10FaSqr+AlphaSqr",0.54,0.16,-0.21
2842,0,"Response ~  (AlphaSqr+PhotonIndexSqr+log10T90+log10Fa+PhotonIndex)^2+log10PeakFlux+log10NH+log10Ta+Alpha+log10PeakFluxSqr+log10NHSqr+log10TaSqr+log10FaSqr+log10T90Sqr",0.41,0.17,-0.02
2844,0,"Response ~  (log10FaSqr+log10TaSqr+log10T90+log10Fa+PhotonIndex)^2+log10PeakFlux+log10NH+log10Ta+Alpha+log10PeakFluxSqr+log10NHSqr+PhotonIndexSqr+AlphaSqr+log10T90Sqr",0.57,0.15,-0.26
2846,0,"Response ~  (log10T90Sqr+log10TaSqr+log10T90+log10Fa+PhotonIndex)^2+log10PeakFlux+log10NH+log10Ta+Alpha+log10PeakFluxSqr+log10NHSqr+PhotonIndexSqr+log10FaSqr+AlphaSqr",0.4,0.19,-0.46
2849,0,"Response ~  (log10T90Sqr+AlphaSqr+log10T90+log10Fa+PhotonIndex)^2+log10PeakFlux+log10NH+log10Ta+Alpha+log10PeakFluxSqr+log10NHSqr+PhotonIndexSqr+log10TaSqr+log10FaSqr",0.2,0.17,-0.2
2851,0,"Response ~  (log10TaSqr+log10NHSqr+log10PeakFluxSqr+log10Fa+PhotonIndex)^2+log10PeakFlux+log10NH+log10Ta+Alpha+log10T90+PhotonIndexSqr+log10FaSqr+AlphaSqr+log10T90Sqr",0.45,0.18,-0.35
2852,0,"Response ~  (log10FaSqr+log10NHSqr+log10PeakFluxSqr+log10Fa+PhotonIndex)^2+log10PeakFlux+log10NH+log10Ta+Alpha+log10T90+PhotonIndexSqr+log10TaSqr+AlphaSqr+log10T90Sqr",0.56,0.16,-0.16
2855,0,"Response ~  (log10TaSqr+PhotonIndexSqr+log10PeakFluxSqr+log10Fa+PhotonIndex)^2+log10PeakFlux+log10NH+log10Ta+Alpha+log10T90+log10NHSqr+log10FaSqr+AlphaSqr+log10T90Sqr",0.5,0.19,-0.31
2856,0,"Response ~  (log10FaSqr+PhotonIndexSqr+log10PeakFluxSqr+log10Fa+PhotonIndex)^2+log10PeakFlux+log10NH+log10Ta+Alpha+log10T90+log10NHSqr+log10TaSqr+AlphaSqr+log10T90Sqr",0.46,0.18,-0.15
2857,0,"Response ~  (AlphaSqr+PhotonIndexSqr+log10PeakFluxSqr+log10Fa+PhotonIndex)^2+log10PeakFlux+log10NH+log10Ta+Alpha+log10T90+log10NHSqr+log10TaSqr+log10FaSqr+log10T90Sqr",0.49,0.17,0.043
2860,0,"Response ~  (AlphaSqr+log10TaSqr+log10PeakFluxSqr+log10Fa+PhotonIndex)^2+log10PeakFlux+log10NH+log10Ta+Alpha+log10T90+log10NHSqr+PhotonIndexSqr+log10FaSqr+log10T90Sqr",0.49,0.18,-0.28
2867,0,"Response ~  (AlphaSqr+PhotonIndexSqr+log10NHSqr+log10Fa+PhotonIndex)^2+log10PeakFlux+log10NH+log10Ta+Alpha+log10T90+log10PeakFluxSqr+log10TaSqr+log10FaSqr+log10T90Sqr",0.36,0.17,-0.017
2868,0,"Response ~  (log10T90Sqr+PhotonIndexSqr+log10NHSqr+log10Fa+PhotonIndex)^2+log10PeakFlux+log10NH+log10Ta+Alpha+log10T90+log10PeakFluxSqr+log10TaSqr+log10FaSqr+AlphaSqr",0.46,0.18,-0.027
2873,0,"Response ~  (log10T90Sqr+log10FaSqr+log10NHSqr+log10Fa+PhotonIndex)^2+log10PeakFlux+log10NH+log10Ta+Alpha+log10T90+log10PeakFluxSqr+PhotonIndexSqr+log10TaSqr+AlphaSqr",0.47,0.18,-0.26
2876,0,"Response ~  (AlphaSqr+log10TaSqr+PhotonIndexSqr+log10Fa+PhotonIndex)^2+log10PeakFlux+log10NH+log10Ta+Alpha+log10T90+log10PeakFluxSqr+log10NHSqr+log10FaSqr+log10T90Sqr",0.5,0.16,-0.19
2878,0,"Response ~  (AlphaSqr+log10FaSqr+PhotonIndexSqr+log10Fa+PhotonIndex)^2+log10PeakFlux+log10NH+log10Ta+Alpha+log10T90+log10PeakFluxSqr+log10NHSqr+log10TaSqr+log10T90Sqr",0.51,0.16,0.03
2881,0,"Response ~  (AlphaSqr+log10FaSqr+log10TaSqr+log10Fa+PhotonIndex)^2+log10PeakFlux+log10NH+log10Ta+Alpha+log10T90+log10PeakFluxSqr+log10NHSqr+PhotonIndexSqr+log10T90Sqr",0.45,0.18,-0.37
2882,0,"Response ~  (log10T90Sqr+log10FaSqr+log10TaSqr+log10Fa+PhotonIndex)^2+log10PeakFlux+log10NH+log10Ta+Alpha+log10T90+log10PeakFluxSqr+log10NHSqr+PhotonIndexSqr+AlphaSqr",0.55,0.17,-0.21
2889,0,"Response ~  (AlphaSqr+log10PeakFluxSqr+log10T90+Alpha+PhotonIndex)^2+log10PeakFlux+log10NH+log10Ta+log10Fa+log10NHSqr+PhotonIndexSqr+log10TaSqr+log10FaSqr+log10T90Sqr",0.3,0.2,-0.34
2894,0,"Response ~  (AlphaSqr+log10NHSqr+log10T90+Alpha+PhotonIndex)^2+log10PeakFlux+log10NH+log10Ta+log10Fa+log10PeakFluxSqr+PhotonIndexSqr+log10TaSqr+log10FaSqr+log10T90Sqr",0.3,0.19,-0.15
2897,0,"Response ~  (log10FaSqr+PhotonIndexSqr+log10T90+Alpha+PhotonIndex)^2+log10PeakFlux+log10NH+log10Ta+log10Fa+log10PeakFluxSqr+log10NHSqr+log10TaSqr+AlphaSqr+log10T90Sqr",0.39,0.17,0.045
2898,0,"Response ~  (AlphaSqr+PhotonIndexSqr+log10T90+Alpha+PhotonIndex)^2+log10PeakFlux+log10NH+log10Ta+log10Fa+log10PeakFluxSqr+log10NHSqr+log10TaSqr+log10FaSqr+log10T90Sqr",0.52,0.2,-0.23
2903,0,"Response ~  (AlphaSqr+log10FaSqr+log10T90+Alpha+PhotonIndex)^2+log10PeakFlux+log10NH+log10Ta+log10Fa+log10PeakFluxSqr+log10NHSqr+PhotonIndexSqr+log10TaSqr+log10T90Sqr",0.57,0.17,-0.12
2904,0,"Response ~  (log10T90Sqr+log10FaSqr+log10T90+Alpha+PhotonIndex)^2+log10PeakFlux+log10NH+log10Ta+log10Fa+log10PeakFluxSqr+log10NHSqr+PhotonIndexSqr+log10TaSqr+AlphaSqr",0.39,0.17,-0.28
2906,0,"Response ~  (PhotonIndexSqr+log10NHSqr+log10PeakFluxSqr+Alpha+PhotonIndex)^2+log10PeakFlux+log10NH+log10Ta+log10Fa+log10T90+log10TaSqr+log10FaSqr+AlphaSqr+log10T90Sqr",0.22,0.18,-0.23
2913,0,"Response ~  (AlphaSqr+PhotonIndexSqr+log10PeakFluxSqr+Alpha+PhotonIndex)^2+log10PeakFlux+log10NH+log10Ta+log10Fa+log10T90+log10NHSqr+log10TaSqr+log10FaSqr+log10T90Sqr",0.29,0.19,-0.39
2914,0,"Response ~  (log10T90Sqr+PhotonIndexSqr+log10PeakFluxSqr+Alpha+PhotonIndex)^2+log10PeakFlux+log10NH+log10Ta+log10Fa+log10T90+log10NHSqr+log10TaSqr+log10FaSqr+AlphaSqr",0.38,0.18,-0.44
2920,0,"Response ~  (log10T90Sqr+AlphaSqr+log10PeakFluxSqr+Alpha+PhotonIndex)^2+log10PeakFlux+log10NH+log10Ta+log10Fa+log10T90+log10NHSqr+PhotonIndexSqr+log10TaSqr+log10FaSqr",0.32,0.19,-0.29
2930,0,"Response ~  (log10T90Sqr+AlphaSqr+log10NHSqr+Alpha+PhotonIndex)^2+log10PeakFlux+log10NH+log10Ta+log10Fa+log10T90+log10PeakFluxSqr+PhotonIndexSqr+log10TaSqr+log10FaSqr",0.44,0.18,-0.21
2931,0,"Response ~  (log10FaSqr+log10TaSqr+PhotonIndexSqr+Alpha+PhotonIndex)^2+log10PeakFlux+log10NH+log10Ta+log10Fa+log10T90+log10PeakFluxSqr+log10NHSqr+AlphaSqr+log10T90Sqr",0.36,0.18,-0.047
2936,0,"Response ~  (log10T90Sqr+AlphaSqr+PhotonIndexSqr+Alpha+PhotonIndex)^2+log10PeakFlux+log10NH+log10Ta+log10Fa+log10T90+log10PeakFluxSqr+log10NHSqr+log10TaSqr+log10FaSqr",0.61,0.17,-0.53
2937,0,"Response ~  (AlphaSqr+log10FaSqr+log10TaSqr+Alpha+PhotonIndex)^2+log10PeakFlux+log10NH+log10Ta+log10Fa+log10T90+log10PeakFluxSqr+log10NHSqr+PhotonIndexSqr+log10T90Sqr",0.2,0.2,-0.24
2940,0,"Response ~  (log10T90Sqr+AlphaSqr+log10FaSqr+Alpha+PhotonIndex)^2+log10PeakFlux+log10NH+log10Ta+log10Fa+log10T90+log10PeakFluxSqr+log10NHSqr+PhotonIndexSqr+log10TaSqr",0.44,0.18,-0.14
2941,0,"Response ~  (PhotonIndexSqr+log10NHSqr+log10PeakFluxSqr+log10T90+PhotonIndex)^2+log10PeakFlux+log10NH+log10Ta+log10Fa+Alpha+log10TaSqr+log10FaSqr+AlphaSqr+log10T90Sqr",0.55,0.17,-0.2
2945,0,"Response ~  (log10T90Sqr+log10NHSqr+log10PeakFluxSqr+log10T90+PhotonIndex)^2+log10PeakFlux+log10NH+log10Ta+log10Fa+Alpha+PhotonIndexSqr+log10TaSqr+log10FaSqr+AlphaSqr",0.5,0.2,-0.26
2949,0,"Response ~  (log10T90Sqr+PhotonIndexSqr+log10PeakFluxSqr+log10T90+PhotonIndex)^2+log10PeakFlux+log10NH+log10Ta+log10Fa+Alpha+log10NHSqr+log10TaSqr+log10FaSqr+AlphaSqr",0.38,0.22,-0.37
2954,0,"Response ~  (log10T90Sqr+log10FaSqr+log10PeakFluxSqr+log10T90+PhotonIndex)^2+log10PeakFlux+log10NH+log10Ta+log10Fa+Alpha+log10NHSqr+PhotonIndexSqr+log10TaSqr+AlphaSqr",0.45,0.18,-0.29
2966,0,"Response ~  (log10FaSqr+log10TaSqr+PhotonIndexSqr+log10T90+PhotonIndex)^2+log10PeakFlux+log10NH+log10Ta+log10Fa+Alpha+log10PeakFluxSqr+log10NHSqr+AlphaSqr+log10T90Sqr",0.55,0.14,-0.066
2973,0,"Response ~  (log10T90Sqr+log10FaSqr+log10TaSqr+log10T90+PhotonIndex)^2+log10PeakFlux+log10NH+log10Ta+log10Fa+Alpha+log10PeakFluxSqr+log10NHSqr+PhotonIndexSqr+AlphaSqr",0.51,0.17,-0.28
2974,0,"Response ~  (log10T90Sqr+AlphaSqr+log10TaSqr+log10T90+PhotonIndex)^2+log10PeakFlux+log10NH+log10Ta+log10Fa+Alpha+log10PeakFluxSqr+log10NHSqr+PhotonIndexSqr+log10FaSqr",0.24,0.2,-0.078
2986,0,"Response ~  (log10FaSqr+log10TaSqr+PhotonIndexSqr+log10PeakFluxSqr+PhotonIndex)^2+log10PeakFlux+log10NH+log10Ta+log10Fa+Alpha+log10T90+log10NHSqr+AlphaSqr+log10T90Sqr",0.37,0.17,-0.17
2989,0,"Response ~  (AlphaSqr+log10FaSqr+PhotonIndexSqr+log10PeakFluxSqr+PhotonIndex)^2+log10PeakFlux+log10NH+log10Ta+log10Fa+Alpha+log10T90+log10NHSqr+log10TaSqr+log10T90Sqr",0.37,0.22,-0.14
2991,0,"Response ~  (log10T90Sqr+AlphaSqr+PhotonIndexSqr+log10PeakFluxSqr+PhotonIndex)^2+log10PeakFlux+log10NH+log10Ta+log10Fa+Alpha+log10T90+log10NHSqr+log10TaSqr+log10FaSqr",0.35,0.18,-0.33
3009,0,"Response ~  (log10T90Sqr+AlphaSqr+log10FaSqr+PhotonIndexSqr+PhotonIndex)^2+log10PeakFlux+log10NH+log10Ta+log10Fa+Alpha+log10T90+log10PeakFluxSqr+log10NHSqr+log10TaSqr",0.43,0.18,-0.27
3015,0,"Response ~  (log10FaSqr+log10T90+Alpha+log10Fa+log10Ta)^2+log10PeakFlux+log10NH+PhotonIndex+log10PeakFluxSqr+log10NHSqr+PhotonIndexSqr+log10TaSqr+AlphaSqr+log10T90Sqr",0.13,0.2,-0.24
3031,0,"Response ~  (AlphaSqr+PhotonIndexSqr+Alpha+log10Fa+log10Ta)^2+log10PeakFlux+log10NH+PhotonIndex+log10T90+log10PeakFluxSqr+log10NHSqr+log10TaSqr+log10FaSqr+log10T90Sqr",0.35,0.18,-0.04
3042,0,"Response ~  (log10FaSqr+log10PeakFluxSqr+log10T90+log10Fa+log10Ta)^2+log10PeakFlux+log10NH+PhotonIndex+Alpha+log10NHSqr+PhotonIndexSqr+log10TaSqr+AlphaSqr+log10T90Sqr",0.54,0.19,-0.68
3053,0,"Response ~  (log10T90Sqr+PhotonIndexSqr+log10T90+log10Fa+log10Ta)^2+log10PeakFlux+log10NH+PhotonIndex+Alpha+log10PeakFluxSqr+log10NHSqr+log10TaSqr+log10FaSqr+AlphaSqr",0.48,0.17,-0.35
3054,0,"Response ~  (log10FaSqr+log10TaSqr+log10T90+log10Fa+log10Ta)^2+log10PeakFlux+log10NH+PhotonIndex+Alpha+log10PeakFluxSqr+log10NHSqr+PhotonIndexSqr+AlphaSqr+log10T90Sqr",0.21,0.22,0.18
3060,0,"Response ~  (PhotonIndexSqr+log10NHSqr+log10PeakFluxSqr+log10Fa+log10Ta)^2+log10PeakFlux+log10NH+PhotonIndex+Alpha+log10T90+log10TaSqr+log10FaSqr+AlphaSqr+log10T90Sqr",0.33,0.18,-0.18
3066,0,"Response ~  (log10FaSqr+PhotonIndexSqr+log10PeakFluxSqr+log10Fa+log10Ta)^2+log10PeakFlux+log10NH+PhotonIndex+Alpha+log10T90+log10NHSqr+log10TaSqr+AlphaSqr+log10T90Sqr",0.52,0.16,-0.031
3067,0,"Response ~  (AlphaSqr+PhotonIndexSqr+log10PeakFluxSqr+log10Fa+log10Ta)^2+log10PeakFlux+log10NH+PhotonIndex+Alpha+log10T90+log10NHSqr+log10TaSqr+log10FaSqr+log10T90Sqr",0.49,0.18,-0.29
3075,0,"Response ~  (log10TaSqr+PhotonIndexSqr+log10NHSqr+log10Fa+log10Ta)^2+log10PeakFlux+log10NH+PhotonIndex+Alpha+log10T90+log10PeakFluxSqr+log10FaSqr+AlphaSqr+log10T90Sqr",0.55,0.18,-0.49
3078,0,"Response ~  (log10T90Sqr+PhotonIndexSqr+log10NHSqr+log10Fa+log10Ta)^2+log10PeakFlux+log10NH+PhotonIndex+Alpha+log10T90+log10PeakFluxSqr+log10TaSqr+log10FaSqr+AlphaSqr",0.57,0.15,-0.27
3144,0,"Response ~  (AlphaSqr+log10FaSqr+PhotonIndexSqr+Alpha+log10Ta)^2+log10PeakFlux+log10NH+PhotonIndex+log10Fa+log10T90+log10PeakFluxSqr+log10NHSqr+log10TaSqr+log10T90Sqr",0.33,0.19,-0.072
3146,0,"Response ~  (log10T90Sqr+AlphaSqr+PhotonIndexSqr+Alpha+log10Ta)^2+log10PeakFlux+log10NH+PhotonIndex+log10Fa+log10T90+log10PeakFluxSqr+log10NHSqr+log10TaSqr+log10FaSqr",0.44,0.2,-0.31
3169,0,"Response ~  (log10T90Sqr+PhotonIndexSqr+log10NHSqr+log10T90+log10Ta)^2+log10PeakFlux+log10NH+PhotonIndex+log10Fa+Alpha+log10PeakFluxSqr+log10TaSqr+log10FaSqr+AlphaSqr",0.45,0.2,0.058
3180,0,"Response ~  (log10T90Sqr+log10FaSqr+PhotonIndexSqr+log10T90+log10Ta)^2+log10PeakFlux+log10NH+PhotonIndex+log10Fa+Alpha+log10PeakFluxSqr+log10NHSqr+log10TaSqr+AlphaSqr",0.51,0.17,-0.21
3196,0,"Response ~  (log10FaSqr+log10TaSqr+PhotonIndexSqr+log10PeakFluxSqr+log10Ta)^2+log10PeakFlux+log10NH+PhotonIndex+log10Fa+Alpha+log10T90+log10NHSqr+AlphaSqr+log10T90Sqr",0.51,0.17,-0.53
3199,0,"Response ~  (AlphaSqr+log10FaSqr+PhotonIndexSqr+log10PeakFluxSqr+log10Ta)^2+log10PeakFlux+log10NH+PhotonIndex+log10Fa+Alpha+log10T90+log10NHSqr+log10TaSqr+log10T90Sqr",0.49,0.18,-0.28
3235,0,"Response ~  (log10T90Sqr+PhotonIndexSqr+log10T90+Alpha+log10Fa)^2+log10PeakFlux+log10NH+PhotonIndex+log10Ta+log10PeakFluxSqr+log10NHSqr+log10TaSqr+log10FaSqr+AlphaSqr",0.21,0.17,-0.21
3249,0,"Response ~  (AlphaSqr+PhotonIndexSqr+log10PeakFluxSqr+Alpha+log10Fa)^2+log10PeakFlux+log10NH+PhotonIndex+log10Ta+log10T90+log10NHSqr+log10TaSqr+log10FaSqr+log10T90Sqr",0.38,0.19,-0.081
3260,0,"Response ~  (log10T90Sqr+PhotonIndexSqr+log10NHSqr+Alpha+log10Fa)^2+log10PeakFlux+log10NH+PhotonIndex+log10Ta+log10T90+log10PeakFluxSqr+log10TaSqr+log10FaSqr+AlphaSqr",0.35,0.17,-0.24
3295,0,"Response ~  (log10T90Sqr+PhotonIndexSqr+log10NHSqr+log10T90+log10Fa)^2+log10PeakFlux+log10NH+PhotonIndex+log10Ta+Alpha+log10PeakFluxSqr+log10TaSqr+log10FaSqr+AlphaSqr",0.53,0.16,-0.14
3304,0,"Response ~  (log10T90Sqr+log10TaSqr+PhotonIndexSqr+log10T90+log10Fa)^2+log10PeakFlux+log10NH+PhotonIndex+log10Ta+Alpha+log10PeakFluxSqr+log10NHSqr+log10FaSqr+AlphaSqr",0.44,0.17,-0.23
3309,0,"Response ~  (log10T90Sqr+log10FaSqr+log10TaSqr+log10T90+log10Fa)^2+log10PeakFlux+log10NH+PhotonIndex+log10Ta+Alpha+log10PeakFluxSqr+log10NHSqr+PhotonIndexSqr+AlphaSqr",0.35,0.19,-0.13
3313,0,"Response ~  (log10FaSqr+PhotonIndexSqr+log10NHSqr+log10PeakFluxSqr+log10Fa)^2+log10PeakFlux+log10NH+PhotonIndex+log10Ta+Alpha+log10T90+log10TaSqr+AlphaSqr+log10T90Sqr",0.34,0.2,-0.11
3314,0,"Response ~  (AlphaSqr+PhotonIndexSqr+log10NHSqr+log10PeakFluxSqr+log10Fa)^2+log10PeakFlux+log10NH+PhotonIndex+log10Ta+Alpha+log10T90+log10TaSqr+log10FaSqr+log10T90Sqr",0.33,0.21,-0.083
3315,0,"Response ~  (log10T90Sqr+PhotonIndexSqr+log10NHSqr+log10PeakFluxSqr+log10Fa)^2+log10PeakFlux+log10NH+PhotonIndex+log10Ta+Alpha+log10T90+log10TaSqr+log10FaSqr+AlphaSqr",0.39,0.19,-0.22
3322,0,"Response ~  (log10FaSqr+log10TaSqr+PhotonIndexSqr+log10PeakFluxSqr+log10Fa)^2+log10PeakFlux+log10NH+PhotonIndex+log10Ta+Alpha+log10T90+log10NHSqr+AlphaSqr+log10T90Sqr",0.54,0.17,-0.54
3325,0,"Response ~  (AlphaSqr+log10FaSqr+PhotonIndexSqr+log10PeakFluxSqr+log10Fa)^2+log10PeakFlux+log10NH+PhotonIndex+log10Ta+Alpha+log10T90+log10NHSqr+log10TaSqr+log10T90Sqr",0.47,0.17,-0.29
3326,0,"Response ~  (log10T90Sqr+log10FaSqr+PhotonIndexSqr+log10PeakFluxSqr+log10Fa)^2+log10PeakFlux+log10NH+PhotonIndex+log10Ta+Alpha+log10T90+log10NHSqr+log10TaSqr+AlphaSqr",0.39,0.17,0.18
3329,0,"Response ~  (log10T90Sqr+log10FaSqr+log10TaSqr+log10PeakFluxSqr+log10Fa)^2+log10PeakFlux+log10NH+PhotonIndex+log10Ta+Alpha+log10T90+log10NHSqr+PhotonIndexSqr+AlphaSqr",0.31,0.2,-0.18
3336,0,"Response ~  (log10T90Sqr+log10FaSqr+PhotonIndexSqr+log10NHSqr+log10Fa)^2+log10PeakFlux+log10NH+PhotonIndex+log10Ta+Alpha+log10T90+log10PeakFluxSqr+log10TaSqr+AlphaSqr",0.63,0.15,-0.23
3342,0,"Response ~  (AlphaSqr+log10FaSqr+log10TaSqr+PhotonIndexSqr+log10Fa)^2+log10PeakFlux+log10NH+PhotonIndex+log10Ta+Alpha+log10T90+log10PeakFluxSqr+log10NHSqr+log10T90Sqr",0.49,0.18,-0.29
3343,0,"Response ~  (log10T90Sqr+log10FaSqr+log10TaSqr+PhotonIndexSqr+log10Fa)^2+log10PeakFlux+log10NH+PhotonIndex+log10Ta+Alpha+log10T90+log10PeakFluxSqr+log10NHSqr+AlphaSqr",0.55,0.17,-0.21
3350,0,"Response ~  (AlphaSqr+log10NHSqr+log10PeakFluxSqr+log10T90+Alpha)^2+log10PeakFlux+log10NH+PhotonIndex+log10Ta+log10Fa+PhotonIndexSqr+log10TaSqr+log10FaSqr+log10T90Sqr",0.24,0.2,-0.21
3354,0,"Response ~  (AlphaSqr+PhotonIndexSqr+log10PeakFluxSqr+log10T90+Alpha)^2+log10PeakFlux+log10NH+PhotonIndex+log10Ta+log10Fa+log10NHSqr+log10TaSqr+log10FaSqr+log10T90Sqr",0.31,0.19,-0.009
3361,0,"Response ~  (log10T90Sqr+AlphaSqr+log10PeakFluxSqr+log10T90+Alpha)^2+log10PeakFlux+log10NH+PhotonIndex+log10Ta+log10Fa+log10NHSqr+PhotonIndexSqr+log10TaSqr+log10FaSqr",0.14,0.25,0.11
3364,0,"Response ~  (AlphaSqr+PhotonIndexSqr+log10NHSqr+log10T90+Alpha)^2+log10PeakFlux+log10NH+PhotonIndex+log10Ta+log10Fa+log10PeakFluxSqr+log10TaSqr+log10FaSqr+log10T90Sqr",0.59,0.14,-0.23
3371,0,"Response ~  (log10T90Sqr+AlphaSqr+log10NHSqr+log10T90+Alpha)^2+log10PeakFlux+log10NH+PhotonIndex+log10Ta+log10Fa+log10PeakFluxSqr+PhotonIndexSqr+log10TaSqr+log10FaSqr",0.37,0.19,0.21
3373,0,"Response ~  (AlphaSqr+log10TaSqr+PhotonIndexSqr+log10T90+Alpha)^2+log10PeakFlux+log10NH+PhotonIndex+log10Ta+log10Fa+log10PeakFluxSqr+log10NHSqr+log10FaSqr+log10T90Sqr",0.3,0.19,-0.14
3375,0,"Response ~  (AlphaSqr+log10FaSqr+PhotonIndexSqr+log10T90+Alpha)^2+log10PeakFlux+log10NH+PhotonIndex+log10Ta+log10Fa+log10PeakFluxSqr+log10NHSqr+log10TaSqr+log10T90Sqr",0.42,0.18,-0.25
3377,0,"Response ~  (log10T90Sqr+AlphaSqr+PhotonIndexSqr+log10T90+Alpha)^2+log10PeakFlux+log10NH+PhotonIndex+log10Ta+log10Fa+log10PeakFluxSqr+log10NHSqr+log10TaSqr+log10FaSqr",0.42,0.21,-0.37
3384,0,"Response ~  (AlphaSqr+PhotonIndexSqr+log10NHSqr+log10PeakFluxSqr+Alpha)^2+log10PeakFlux+log10NH+PhotonIndex+log10Ta+log10Fa+log10T90+log10TaSqr+log10FaSqr+log10T90Sqr",0.32,0.2,-0.36
3391,0,"Response ~  (log10T90Sqr+AlphaSqr+log10NHSqr+log10PeakFluxSqr+Alpha)^2+log10PeakFlux+log10NH+PhotonIndex+log10Ta+log10Fa+log10T90+PhotonIndexSqr+log10TaSqr+log10FaSqr",0.22,0.21,-0.27
3392,0,"Response ~  (log10FaSqr+log10TaSqr+PhotonIndexSqr+log10PeakFluxSqr+Alpha)^2+log10PeakFlux+log10NH+PhotonIndex+log10Ta+log10Fa+log10T90+log10NHSqr+AlphaSqr+log10T90Sqr",0.27,0.17,-0.17
3397,0,"Response ~  (log10T90Sqr+AlphaSqr+PhotonIndexSqr+log10PeakFluxSqr+Alpha)^2+log10PeakFlux+log10NH+PhotonIndex+log10Ta+log10Fa+log10T90+log10NHSqr+log10TaSqr+log10FaSqr",0.42,0.18,-0.3
3400,0,"Response ~  (log10T90Sqr+AlphaSqr+log10TaSqr+log10PeakFluxSqr+Alpha)^2+log10PeakFlux+log10NH+PhotonIndex+log10Ta+log10Fa+log10T90+log10NHSqr+PhotonIndexSqr+log10FaSqr",0.2,0.23,-0.062
3407,0,"Response ~  (log10T90Sqr+AlphaSqr+PhotonIndexSqr+log10NHSqr+Alpha)^2+log10PeakFlux+log10NH+PhotonIndex+log10Ta+log10Fa+log10T90+log10PeakFluxSqr+log10TaSqr+log10FaSqr",0.46,0.19,-0.054
3412,0,"Response ~  (AlphaSqr+log10FaSqr+log10TaSqr+PhotonIndexSqr+Alpha)^2+log10PeakFlux+log10NH+PhotonIndex+log10Ta+log10Fa+log10T90+log10PeakFluxSqr+log10NHSqr+log10T90Sqr",0.2,0.2,-0.23
3420,0,"Response ~  (log10T90Sqr+PhotonIndexSqr+log10NHSqr+log10PeakFluxSqr+log10T90)^2+log10PeakFlux+log10NH+PhotonIndex+log10Ta+log10Fa+Alpha+log10TaSqr+log10FaSqr+AlphaSqr",0.49,0.19,-0.28
3439,0,"Response ~  (log10T90Sqr+log10TaSqr+PhotonIndexSqr+log10NHSqr+log10T90)^2+log10PeakFlux+log10NH+PhotonIndex+log10Ta+log10Fa+Alpha+log10PeakFluxSqr+log10FaSqr+AlphaSqr",0.45,0.2,0.061
3448,0,"Response ~  (log10T90Sqr+log10FaSqr+log10TaSqr+PhotonIndexSqr+log10T90)^2+log10PeakFlux+log10NH+PhotonIndex+log10Ta+log10Fa+Alpha+log10PeakFluxSqr+log10NHSqr+AlphaSqr",0.51,0.19,-0.14
3450,0,"Response ~  (log10T90Sqr+AlphaSqr+log10FaSqr+PhotonIndexSqr+log10T90)^2+log10PeakFlux+log10NH+PhotonIndex+log10Ta+log10Fa+Alpha+log10PeakFluxSqr+log10NHSqr+log10TaSqr",0.5,0.16,-0.15
3462,0,"Response ~  (AlphaSqr+log10FaSqr+log10TaSqr+PhotonIndexSqr+log10PeakFluxSqr)^2+log10PeakFlux+log10NH+PhotonIndex+log10Ta+log10Fa+Alpha+log10T90+log10NHSqr+log10T90Sqr",0.67,0.15,-0.16
3478,0,"Response ~  (log10TaSqr+log10Fa+log10Ta+PhotonIndex+log10NH+log10PeakFlux)^2+Alpha+log10T90+log10PeakFluxSqr+log10NHSqr+PhotonIndexSqr+log10FaSqr+AlphaSqr+log10T90Sqr",0.25,0.2,0.1
3479,0,"Response ~  (log10FaSqr+log10Fa+log10Ta+PhotonIndex+log10NH+log10PeakFlux)^2+Alpha+log10T90+log10PeakFluxSqr+log10NHSqr+PhotonIndexSqr+log10TaSqr+AlphaSqr+log10T90Sqr",0.4,0.18,-0.11
3512,0,"Response ~  (log10FaSqr+log10TaSqr+log10Ta+PhotonIndex+log10NH+log10PeakFlux)^2+log10Fa+Alpha+log10T90+log10PeakFluxSqr+log10NHSqr+PhotonIndexSqr+AlphaSqr+log10T90Sqr",0.23,0.2,0.11
3523,0,"Response ~  (log10FaSqr+Alpha+log10Fa+PhotonIndex+log10NH+log10PeakFlux)^2+log10Ta+log10T90+log10PeakFluxSqr+log10NHSqr+PhotonIndexSqr+log10TaSqr+AlphaSqr+log10T90Sqr",0.38,0.19,-0.091
3530,0,"Response ~  (log10FaSqr+log10T90+log10Fa+PhotonIndex+log10NH+log10PeakFlux)^2+log10Ta+Alpha+log10PeakFluxSqr+log10NHSqr+PhotonIndexSqr+log10TaSqr+AlphaSqr+log10T90Sqr",0.51,0.17,-0.14
3541,0,"Response ~  (log10FaSqr+log10NHSqr+log10Fa+PhotonIndex+log10NH+log10PeakFlux)^2+log10Ta+Alpha+log10T90+log10PeakFluxSqr+PhotonIndexSqr+log10TaSqr+AlphaSqr+log10T90Sqr",0.47,0.14,-0.00061
3548,0,"Response ~  (log10FaSqr+log10TaSqr+log10Fa+PhotonIndex+log10NH+log10PeakFlux)^2+log10Ta+Alpha+log10T90+log10PeakFluxSqr+log10NHSqr+PhotonIndexSqr+AlphaSqr+log10T90Sqr",0.36,0.18,-0.12
3551,0,"Response ~  (AlphaSqr+log10FaSqr+log10Fa+PhotonIndex+log10NH+log10PeakFlux)^2+log10Ta+Alpha+log10T90+log10PeakFluxSqr+log10NHSqr+PhotonIndexSqr+log10TaSqr+log10T90Sqr",0.42,0.18,-0.13
3552,0,"Response ~  (log10T90Sqr+log10FaSqr+log10Fa+PhotonIndex+log10NH+log10PeakFlux)^2+log10Ta+Alpha+log10T90+log10PeakFluxSqr+log10NHSqr+PhotonIndexSqr+log10TaSqr+AlphaSqr",0.44,0.17,-0.0067
3602,0,"Response ~  (log10T90Sqr+AlphaSqr+log10T90+PhotonIndex+log10NH+log10PeakFlux)^2+log10Ta+log10Fa+Alpha+log10PeakFluxSqr+log10NHSqr+PhotonIndexSqr+log10TaSqr+log10FaSqr",0.39,0.18,0.0092
3650,0,"Response ~  (log10FaSqr+log10T90+log10Fa+log10Ta+log10NH+log10PeakFlux)^2+PhotonIndex+Alpha+log10PeakFluxSqr+log10NHSqr+PhotonIndexSqr+log10TaSqr+AlphaSqr+log10T90Sqr",0.35,0.19,-0.38
3661,0,"Response ~  (log10FaSqr+log10NHSqr+log10Fa+log10Ta+log10NH+log10PeakFlux)^2+PhotonIndex+Alpha+log10T90+log10PeakFluxSqr+PhotonIndexSqr+log10TaSqr+AlphaSqr+log10T90Sqr",0.45,0.17,-0.32
3664,0,"Response ~  (log10TaSqr+PhotonIndexSqr+log10Fa+log10Ta+log10NH+log10PeakFlux)^2+PhotonIndex+Alpha+log10T90+log10PeakFluxSqr+log10NHSqr+log10FaSqr+AlphaSqr+log10T90Sqr",0.42,0.19,-0.21
3665,0,"Response ~  (log10FaSqr+PhotonIndexSqr+log10Fa+log10Ta+log10NH+log10PeakFlux)^2+PhotonIndex+Alpha+log10T90+log10PeakFluxSqr+log10NHSqr+log10TaSqr+AlphaSqr+log10T90Sqr",0.48,0.17,0.02
3668,0,"Response ~  (log10FaSqr+log10TaSqr+log10Fa+log10Ta+log10NH+log10PeakFlux)^2+PhotonIndex+Alpha+log10T90+log10PeakFluxSqr+log10NHSqr+PhotonIndexSqr+AlphaSqr+log10T90Sqr",0.35,0.19,-0.32
3672,0,"Response ~  (log10T90Sqr+log10FaSqr+log10Fa+log10Ta+log10NH+log10PeakFlux)^2+PhotonIndex+Alpha+log10T90+log10PeakFluxSqr+log10NHSqr+PhotonIndexSqr+log10TaSqr+AlphaSqr",0.49,0.19,-0.34
3750,0,"Response ~  (log10T90Sqr+log10TaSqr+PhotonIndexSqr+log10Ta+log10NH+log10PeakFlux)^2+PhotonIndex+log10Fa+Alpha+log10T90+log10PeakFluxSqr+log10NHSqr+log10FaSqr+AlphaSqr",0.44,0.19,-0.094
3777,0,"Response ~  (log10FaSqr+PhotonIndexSqr+Alpha+log10Fa+log10NH+log10PeakFlux)^2+PhotonIndex+log10Ta+log10T90+log10PeakFluxSqr+log10NHSqr+log10TaSqr+AlphaSqr+log10T90Sqr",0.27,0.2,0.17
3798,0,"Response ~  (log10FaSqr+PhotonIndexSqr+log10T90+log10Fa+log10NH+log10PeakFlux)^2+PhotonIndex+log10Ta+Alpha+log10PeakFluxSqr+log10NHSqr+log10TaSqr+AlphaSqr+log10T90Sqr",0.45,0.18,-0.01
3823,0,"Response ~  (log10FaSqr+PhotonIndexSqr+log10NHSqr+log10Fa+log10NH+log10PeakFlux)^2+PhotonIndex+log10Ta+Alpha+log10T90+log10PeakFluxSqr+log10TaSqr+AlphaSqr+log10T90Sqr",0.39,0.18,-0.36
3830,0,"Response ~  (log10T90Sqr+log10FaSqr+log10NHSqr+log10Fa+log10NH+log10PeakFlux)^2+PhotonIndex+log10Ta+Alpha+log10T90+log10PeakFluxSqr+PhotonIndexSqr+log10TaSqr+AlphaSqr",0.5,0.14,-0.05
3832,0,"Response ~  (log10FaSqr+log10TaSqr+PhotonIndexSqr+log10Fa+log10NH+log10PeakFlux)^2+PhotonIndex+log10Ta+Alpha+log10T90+log10PeakFluxSqr+log10NHSqr+AlphaSqr+log10T90Sqr",0.54,0.17,-0.23
3927,0,"Response ~  (log10T90Sqr+log10FaSqr+PhotonIndexSqr+log10T90+log10NH+log10PeakFlux)^2+PhotonIndex+log10Ta+log10Fa+Alpha+log10PeakFluxSqr+log10NHSqr+log10TaSqr+AlphaSqr",0.57,0.18,-0.2
3973,0,"Response ~  (log10FaSqr+Alpha+log10Fa+log10Ta+PhotonIndex+log10PeakFlux)^2+log10NH+log10T90+log10PeakFluxSqr+log10NHSqr+PhotonIndexSqr+log10TaSqr+AlphaSqr+log10T90Sqr",0.31,0.19,0.13
3990,0,"Response ~  (log10TaSqr+log10NHSqr+log10Fa+log10Ta+PhotonIndex+log10PeakFlux)^2+log10NH+Alpha+log10T90+log10PeakFluxSqr+PhotonIndexSqr+log10FaSqr+AlphaSqr+log10T90Sqr",0.3,0.19,0.049
3991,0,"Response ~  (log10FaSqr+log10NHSqr+log10Fa+log10Ta+PhotonIndex+log10PeakFlux)^2+log10NH+Alpha+log10T90+log10PeakFluxSqr+PhotonIndexSqr+log10TaSqr+AlphaSqr+log10T90Sqr",0.55,0.18,-0.093
3994,0,"Response ~  (log10TaSqr+PhotonIndexSqr+log10Fa+log10Ta+PhotonIndex+log10PeakFlux)^2+log10NH+Alpha+log10T90+log10PeakFluxSqr+log10NHSqr+log10FaSqr+AlphaSqr+log10T90Sqr",0.3,0.17,0.12
3998,0,"Response ~  (log10FaSqr+log10TaSqr+log10Fa+log10Ta+PhotonIndex+log10PeakFlux)^2+log10NH+Alpha+log10T90+log10PeakFluxSqr+log10NHSqr+PhotonIndexSqr+AlphaSqr+log10T90Sqr",0.25,0.19,-0.0083
3999,0,"Response ~  (AlphaSqr+log10TaSqr+log10Fa+log10Ta+PhotonIndex+log10PeakFlux)^2+log10NH+Alpha+log10T90+log10PeakFluxSqr+log10NHSqr+PhotonIndexSqr+log10FaSqr+log10T90Sqr",0.3,0.2,-0.2
4001,0,"Response ~  (AlphaSqr+log10FaSqr+log10Fa+log10Ta+PhotonIndex+log10PeakFlux)^2+log10NH+Alpha+log10T90+log10PeakFluxSqr+log10NHSqr+PhotonIndexSqr+log10TaSqr+log10T90Sqr",0.38,0.18,-0.2
4018,0,"Response ~  (log10TaSqr+log10NHSqr+Alpha+log10Ta+PhotonIndex+log10PeakFlux)^2+log10NH+log10Fa+log10T90+log10PeakFluxSqr+PhotonIndexSqr+log10FaSqr+AlphaSqr+log10T90Sqr",0.14,0.22,0.24
4051,0,"Response ~  (log10T90Sqr+log10FaSqr+log10T90+log10Ta+PhotonIndex+log10PeakFlux)^2+log10NH+log10Fa+Alpha+log10PeakFluxSqr+log10NHSqr+PhotonIndexSqr+log10TaSqr+AlphaSqr",0.53,0.18,-0.17
4084,0,"Response ~  (AlphaSqr+log10FaSqr+log10TaSqr+log10Ta+PhotonIndex+log10PeakFlux)^2+log10NH+log10Fa+Alpha+log10T90+log10PeakFluxSqr+log10NHSqr+PhotonIndexSqr+log10T90Sqr",0.3,0.2,-0.22
4103,0,"Response ~  (log10FaSqr+log10NHSqr+Alpha+log10Fa+PhotonIndex+log10PeakFlux)^2+log10NH+log10Ta+log10T90+log10PeakFluxSqr+PhotonIndexSqr+log10TaSqr+AlphaSqr+log10T90Sqr",0.37,0.18,-0.24
4115,0,"Response ~  (log10T90Sqr+AlphaSqr+Alpha+log10Fa+PhotonIndex+log10PeakFlux)^2+log10NH+log10Ta+log10T90+log10PeakFluxSqr+log10NHSqr+PhotonIndexSqr+log10TaSqr+log10FaSqr",0.34,0.19,-0.23
4119,0,"Response ~  (log10FaSqr+log10PeakFluxSqr+log10T90+log10Fa+PhotonIndex+log10PeakFlux)^2+log10NH+log10Ta+Alpha+log10NHSqr+PhotonIndexSqr+log10TaSqr+AlphaSqr+log10T90Sqr",0.26,0.2,0.021
4124,0,"Response ~  (log10FaSqr+log10NHSqr+log10T90+log10Fa+PhotonIndex+log10PeakFlux)^2+log10NH+log10Ta+Alpha+log10PeakFluxSqr+PhotonIndexSqr+log10TaSqr+AlphaSqr+log10T90Sqr",0.55,0.17,-0.089
4128,0,"Response ~  (log10FaSqr+PhotonIndexSqr+log10T90+log10Fa+PhotonIndex+log10PeakFlux)^2+log10NH+log10Ta+Alpha+log10PeakFluxSqr+log10NHSqr+log10TaSqr+AlphaSqr+log10T90Sqr",0.33,0.16,-0.3
4135,0,"Response ~  (log10T90Sqr+log10FaSqr+log10T90+log10Fa+PhotonIndex+log10PeakFlux)^2+log10NH+log10Ta+Alpha+log10PeakFluxSqr+log10NHSqr+PhotonIndexSqr+log10TaSqr+AlphaSqr",0.46,0.17,0.0033
4139,0,"Response ~  (log10FaSqr+log10NHSqr+log10PeakFluxSqr+log10Fa+PhotonIndex+log10PeakFlux)^2+log10NH+log10Ta+Alpha+log10T90+PhotonIndexSqr+log10TaSqr+AlphaSqr+log10T90Sqr",0.41,0.19,0.11
4146,0,"Response ~  (log10FaSqr+log10TaSqr+log10PeakFluxSqr+log10Fa+PhotonIndex+log10PeakFlux)^2+log10NH+log10Ta+Alpha+log10T90+log10NHSqr+PhotonIndexSqr+AlphaSqr+log10T90Sqr",0.42,0.18,-0.15
4149,0,"Response ~  (AlphaSqr+log10FaSqr+log10PeakFluxSqr+log10Fa+PhotonIndex+log10PeakFlux)^2+log10NH+log10Ta+Alpha+log10T90+log10NHSqr+PhotonIndexSqr+log10TaSqr+log10T90Sqr",0.31,0.2,0.14
4153,0,"Response ~  (log10FaSqr+PhotonIndexSqr+log10NHSqr+log10Fa+PhotonIndex+log10PeakFlux)^2+log10NH+log10Ta+Alpha+log10T90+log10PeakFluxSqr+log10TaSqr+AlphaSqr+log10T90Sqr",0.2,0.21,0.21
4160,0,"Response ~  (log10T90Sqr+log10FaSqr+log10NHSqr+log10Fa+PhotonIndex+log10PeakFlux)^2+log10NH+log10Ta+Alpha+log10T90+log10PeakFluxSqr+PhotonIndexSqr+log10TaSqr+AlphaSqr",0.52,0.17,-0.31
4162,0,"Response ~  (log10FaSqr+log10TaSqr+PhotonIndexSqr+log10Fa+PhotonIndex+log10PeakFlux)^2+log10NH+log10Ta+Alpha+log10T90+log10PeakFluxSqr+log10NHSqr+AlphaSqr+log10T90Sqr",0.41,0.17,-0.17
4165,0,"Response ~  (AlphaSqr+log10FaSqr+PhotonIndexSqr+log10Fa+PhotonIndex+log10PeakFlux)^2+log10NH+log10Ta+Alpha+log10T90+log10PeakFluxSqr+log10NHSqr+log10TaSqr+log10T90Sqr",0.47,0.18,-0.35
4171,0,"Response ~  (log10T90Sqr+AlphaSqr+log10FaSqr+log10Fa+PhotonIndex+log10PeakFlux)^2+log10NH+log10Ta+Alpha+log10T90+log10PeakFluxSqr+log10NHSqr+PhotonIndexSqr+log10TaSqr",0.49,0.2,-0.32
4181,0,"Response ~  (AlphaSqr+log10NHSqr+log10T90+Alpha+PhotonIndex+log10PeakFlux)^2+log10NH+log10Ta+log10Fa+log10PeakFluxSqr+PhotonIndexSqr+log10TaSqr+log10FaSqr+log10T90Sqr",0.4,0.19,-0.21
4199,0,"Response ~  (log10FaSqr+PhotonIndexSqr+log10PeakFluxSqr+Alpha+PhotonIndex+log10PeakFlux)^2+log10NH+log10Ta+log10Fa+log10T90+log10NHSqr+log10TaSqr+AlphaSqr+log10T90Sqr",0.25,0.23,-0.12
4338,0,"Response ~  (log10FaSqr+PhotonIndexSqr+log10T90+log10Fa+log10Ta+log10PeakFlux)^2+log10NH+PhotonIndex+Alpha+log10PeakFluxSqr+log10NHSqr+log10TaSqr+AlphaSqr+log10T90Sqr",0.48,0.19,-0.35
4353,0,"Response ~  (log10FaSqr+PhotonIndexSqr+log10PeakFluxSqr+log10Fa+log10Ta+log10PeakFlux)^2+log10NH+PhotonIndex+Alpha+log10T90+log10NHSqr+log10TaSqr+AlphaSqr+log10T90Sqr",0.46,0.18,0.092
4362,0,"Response ~  (log10TaSqr+PhotonIndexSqr+log10NHSqr+log10Fa+log10Ta+log10PeakFlux)^2+log10NH+PhotonIndex+Alpha+log10T90+log10PeakFluxSqr+log10FaSqr+AlphaSqr+log10T90Sqr",0.25,0.2,0.096
4363,0,"Response ~  (log10FaSqr+PhotonIndexSqr+log10NHSqr+log10Fa+log10Ta+log10PeakFlux)^2+log10NH+PhotonIndex+Alpha+log10T90+log10PeakFluxSqr+log10TaSqr+AlphaSqr+log10T90Sqr",0.46,0.21,0.15
4367,0,"Response ~  (AlphaSqr+log10TaSqr+log10NHSqr+log10Fa+log10Ta+log10PeakFlux)^2+log10NH+PhotonIndex+Alpha+log10T90+log10PeakFluxSqr+PhotonIndexSqr+log10FaSqr+log10T90Sqr",0.18,0.21,0.065
4375,0,"Response ~  (AlphaSqr+log10FaSqr+PhotonIndexSqr+log10Fa+log10Ta+log10PeakFlux)^2+log10NH+PhotonIndex+Alpha+log10T90+log10PeakFluxSqr+log10NHSqr+log10TaSqr+log10T90Sqr",0.44,0.18,-0.18
4495,0,"Response ~  (log10T90Sqr+log10TaSqr+PhotonIndexSqr+log10NHSqr+log10Ta+log10PeakFlux)^2+log10NH+PhotonIndex+log10Fa+Alpha+log10T90+log10PeakFluxSqr+log10FaSqr+AlphaSqr",0.44,0.19,-0.094
4521,0,"Response ~  (AlphaSqr+PhotonIndexSqr+log10T90+Alpha+log10Fa+log10PeakFlux)^2+log10NH+PhotonIndex+log10Ta+log10PeakFluxSqr+log10NHSqr+log10TaSqr+log10FaSqr+log10T90Sqr",0.4,0.25,0.16
4544,0,"Response ~  (log10TaSqr+PhotonIndexSqr+log10NHSqr+Alpha+log10Fa+log10PeakFlux)^2+log10NH+PhotonIndex+log10Ta+log10T90+log10PeakFluxSqr+log10FaSqr+AlphaSqr+log10T90Sqr",0.59,0.18,-0.56
4545,0,"Response ~  (log10FaSqr+PhotonIndexSqr+log10NHSqr+Alpha+log10Fa+log10PeakFlux)^2+log10NH+PhotonIndex+log10Ta+log10T90+log10PeakFluxSqr+log10TaSqr+AlphaSqr+log10T90Sqr",0.31,0.18,0.18
4554,0,"Response ~  (log10FaSqr+log10TaSqr+PhotonIndexSqr+Alpha+log10Fa+log10PeakFlux)^2+log10NH+PhotonIndex+log10Ta+log10T90+log10PeakFluxSqr+log10NHSqr+AlphaSqr+log10T90Sqr",0.51,0.17,0.065
4557,0,"Response ~  (AlphaSqr+log10FaSqr+PhotonIndexSqr+Alpha+log10Fa+log10PeakFlux)^2+log10NH+PhotonIndex+log10Ta+log10T90+log10PeakFluxSqr+log10NHSqr+log10TaSqr+log10T90Sqr",0.44,0.2,-0.42
4587,0,"Response ~  (log10T90Sqr+log10FaSqr+log10NHSqr+log10T90+log10Fa+log10PeakFlux)^2+log10NH+PhotonIndex+log10Ta+Alpha+log10PeakFluxSqr+PhotonIndexSqr+log10TaSqr+AlphaSqr",0.52,0.17,0.11
4593,0,"Response ~  (log10T90Sqr+log10FaSqr+PhotonIndexSqr+log10T90+log10Fa+log10PeakFlux)^2+log10NH+PhotonIndex+log10Ta+Alpha+log10PeakFluxSqr+log10NHSqr+log10TaSqr+AlphaSqr",0.47,0.19,-0.17
4596,0,"Response ~  (log10T90Sqr+log10FaSqr+log10TaSqr+log10T90+log10Fa+log10PeakFlux)^2+log10NH+PhotonIndex+log10Ta+Alpha+log10PeakFluxSqr+log10NHSqr+PhotonIndexSqr+AlphaSqr",0.48,0.17,-0.18
4619,0,"Response ~  (log10FaSqr+log10TaSqr+PhotonIndexSqr+log10NHSqr+log10Fa+log10PeakFlux)^2+log10NH+PhotonIndex+log10Ta+Alpha+log10T90+log10PeakFluxSqr+AlphaSqr+log10T90Sqr",0.56,0.16,-0.26
4623,0,"Response ~  (log10T90Sqr+log10FaSqr+PhotonIndexSqr+log10NHSqr+log10Fa+log10PeakFlux)^2+log10NH+PhotonIndex+log10Ta+Alpha+log10T90+log10PeakFluxSqr+log10TaSqr+AlphaSqr",0.46,0.17,-0.23
4629,0,"Response ~  (AlphaSqr+log10FaSqr+log10TaSqr+PhotonIndexSqr+log10Fa+log10PeakFlux)^2+log10NH+PhotonIndex+log10Ta+Alpha+log10T90+log10PeakFluxSqr+log10NHSqr+log10T90Sqr",0.51,0.19,-0.31
4632,0,"Response ~  (log10T90Sqr+AlphaSqr+log10FaSqr+PhotonIndexSqr+log10Fa+log10PeakFlux)^2+log10NH+PhotonIndex+log10Ta+Alpha+log10T90+log10PeakFluxSqr+log10NHSqr+log10TaSqr",0.49,0.2,-0.32
4694,0,"Response ~  (log10T90Sqr+AlphaSqr+PhotonIndexSqr+log10NHSqr+Alpha+log10PeakFlux)^2+log10NH+PhotonIndex+log10Ta+log10Fa+log10T90+log10PeakFluxSqr+log10TaSqr+log10FaSqr",0.37,0.2,-0.21
4765,0,"Response ~  (log10FaSqr+Alpha+log10Fa+log10Ta+PhotonIndex+log10NH)^2+log10PeakFlux+log10T90+log10PeakFluxSqr+log10NHSqr+PhotonIndexSqr+log10TaSqr+AlphaSqr+log10T90Sqr",0.3,0.21,0.23
4772,0,"Response ~  (log10FaSqr+log10T90+log10Fa+log10Ta+PhotonIndex+log10NH)^2+log10PeakFlux+Alpha+log10PeakFluxSqr+log10NHSqr+PhotonIndexSqr+log10TaSqr+AlphaSqr+log10T90Sqr",0.37,0.2,0.15
4794,0,"Response ~  (log10T90Sqr+log10FaSqr+log10Fa+log10Ta+PhotonIndex+log10NH)^2+log10PeakFlux+Alpha+log10T90+log10PeakFluxSqr+log10NHSqr+PhotonIndexSqr+log10TaSqr+AlphaSqr",0.23,0.19,-0.16
4801,0,"Response ~  (AlphaSqr+log10T90+Alpha+log10Ta+PhotonIndex+log10NH)^2+log10PeakFlux+log10Fa+log10PeakFluxSqr+log10NHSqr+PhotonIndexSqr+log10TaSqr+log10FaSqr+log10T90Sqr",0.48,0.2,0.099
4847,0,"Response ~  (log10FaSqr+log10NHSqr+log10PeakFluxSqr+log10Ta+PhotonIndex+log10NH)^2+log10PeakFlux+log10Fa+Alpha+log10T90+PhotonIndexSqr+log10TaSqr+AlphaSqr+log10T90Sqr",0.51,0.17,-0.26
4856,0,"Response ~  (log10T90Sqr+log10TaSqr+log10PeakFluxSqr+log10Ta+PhotonIndex+log10NH)^2+log10PeakFlux+log10Fa+Alpha+log10T90+log10NHSqr+PhotonIndexSqr+log10FaSqr+AlphaSqr",0.43,0.16,-0.052
4885,0,"Response ~  (AlphaSqr+log10T90+Alpha+log10Fa+PhotonIndex+log10NH)^2+log10PeakFlux+log10Ta+log10PeakFluxSqr+log10NHSqr+PhotonIndexSqr+log10TaSqr+log10FaSqr+log10T90Sqr",0.51,0.17,-0.14
4886,0,"Response ~  (log10T90Sqr+log10T90+Alpha+log10Fa+PhotonIndex+log10NH)^2+log10PeakFlux+log10Ta+log10PeakFluxSqr+log10NHSqr+PhotonIndexSqr+log10TaSqr+log10FaSqr+AlphaSqr",0.33,0.18,-0.23
4891,0,"Response ~  (AlphaSqr+log10PeakFluxSqr+Alpha+log10Fa+PhotonIndex+log10NH)^2+log10PeakFlux+log10Ta+log10T90+log10NHSqr+PhotonIndexSqr+log10TaSqr+log10FaSqr+log10T90Sqr",0.32,0.2,-0.13
4897,0,"Response ~  (log10T90Sqr+log10NHSqr+Alpha+log10Fa+PhotonIndex+log10NH)^2+log10PeakFlux+log10Ta+log10T90+log10PeakFluxSqr+PhotonIndexSqr+log10TaSqr+log10FaSqr+AlphaSqr",0.42,0.19,-0.3
4898,0,"Response ~  (log10TaSqr+PhotonIndexSqr+Alpha+log10Fa+PhotonIndex+log10NH)^2+log10PeakFlux+log10Ta+log10T90+log10PeakFluxSqr+log10NHSqr+log10FaSqr+AlphaSqr+log10T90Sqr",0.35,0.16,0.15
4907,0,"Response ~  (log10T90Sqr+AlphaSqr+Alpha+log10Fa+PhotonIndex+log10NH)^2+log10PeakFlux+log10Ta+log10T90+log10PeakFluxSqr+log10NHSqr+PhotonIndexSqr+log10TaSqr+log10FaSqr",0.55,0.18,-0.069
4911,0,"Response ~  (log10FaSqr+log10PeakFluxSqr+log10T90+log10Fa+PhotonIndex+log10NH)^2+log10PeakFlux+log10Ta+Alpha+log10NHSqr+PhotonIndexSqr+log10TaSqr+AlphaSqr+log10T90Sqr",0.48,0.16,-0.15
4913,0,"Response ~  (log10T90Sqr+log10PeakFluxSqr+log10T90+log10Fa+PhotonIndex+log10NH)^2+log10PeakFlux+log10Ta+Alpha+log10NHSqr+PhotonIndexSqr+log10TaSqr+log10FaSqr+AlphaSqr",0.45,0.17,0.034
4916,0,"Response ~  (log10FaSqr+log10NHSqr+log10T90+log10Fa+PhotonIndex+log10NH)^2+log10PeakFlux+log10Ta+Alpha+log10PeakFluxSqr+PhotonIndexSqr+log10TaSqr+AlphaSqr+log10T90Sqr",0.47,0.16,-0.4
4918,0,"Response ~  (log10T90Sqr+log10NHSqr+log10T90+log10Fa+PhotonIndex+log10NH)^2+log10PeakFlux+log10Ta+Alpha+log10PeakFluxSqr+PhotonIndexSqr+log10TaSqr+log10FaSqr+AlphaSqr",0.54,0.16,-0.22
4922,0,"Response ~  (log10T90Sqr+PhotonIndexSqr+log10T90+log10Fa+PhotonIndex+log10NH)^2+log10PeakFlux+log10Ta+Alpha+log10PeakFluxSqr+log10NHSqr+log10TaSqr+log10FaSqr+AlphaSqr",0.46,0.21,-0.46
4928,0,"Response ~  (log10T90Sqr+AlphaSqr+log10T90+log10Fa+PhotonIndex+log10NH)^2+log10PeakFlux+log10Ta+Alpha+log10PeakFluxSqr+log10NHSqr+PhotonIndexSqr+log10TaSqr+log10FaSqr",0.32,0.17,0.21
4931,0,"Response ~  (log10FaSqr+log10NHSqr+log10PeakFluxSqr+log10Fa+PhotonIndex+log10NH)^2+log10PeakFlux+log10Ta+Alpha+log10T90+PhotonIndexSqr+log10TaSqr+AlphaSqr+log10T90Sqr",0.46,0.18,0.054
4942,0,"Response ~  (log10T90Sqr+log10FaSqr+log10PeakFluxSqr+log10Fa+PhotonIndex+log10NH)^2+log10PeakFlux+log10Ta+Alpha+log10T90+log10NHSqr+PhotonIndexSqr+log10TaSqr+AlphaSqr",0.48,0.18,-0.33
4948,0,"Response ~  (log10FaSqr+log10TaSqr+log10NHSqr+log10Fa+PhotonIndex+log10NH)^2+log10PeakFlux+log10Ta+Alpha+log10T90+log10PeakFluxSqr+PhotonIndexSqr+AlphaSqr+log10T90Sqr",0.38,0.18,-0.36
4950,0,"Response ~  (log10T90Sqr+log10TaSqr+log10NHSqr+log10Fa+PhotonIndex+log10NH)^2+log10PeakFlux+log10Ta+Alpha+log10T90+log10PeakFluxSqr+PhotonIndexSqr+log10FaSqr+AlphaSqr",0.41,0.2,-0.086
4951,0,"Response ~  (AlphaSqr+log10FaSqr+log10NHSqr+log10Fa+PhotonIndex+log10NH)^2+log10PeakFlux+log10Ta+Alpha+log10T90+log10PeakFluxSqr+PhotonIndexSqr+log10TaSqr+log10T90Sqr",0.48,0.18,0.048
4959,0,"Response ~  (log10T90Sqr+AlphaSqr+PhotonIndexSqr+log10Fa+PhotonIndex+log10NH)^2+log10PeakFlux+log10Ta+Alpha+log10T90+log10PeakFluxSqr+log10NHSqr+log10TaSqr+log10FaSqr",0.46,0.19,0.038
4960,0,"Response ~  (AlphaSqr+log10FaSqr+log10TaSqr+log10Fa+PhotonIndex+log10NH)^2+log10PeakFlux+log10Ta+Alpha+log10T90+log10PeakFluxSqr+log10NHSqr+PhotonIndexSqr+log10T90Sqr",0.15,0.2,-0.34
4961,0,"Response ~  (log10T90Sqr+log10FaSqr+log10TaSqr+log10Fa+PhotonIndex+log10NH)^2+log10PeakFlux+log10Ta+Alpha+log10T90+log10PeakFluxSqr+log10NHSqr+PhotonIndexSqr+AlphaSqr",0.35,0.2,0.16
4968,0,"Response ~  (AlphaSqr+log10PeakFluxSqr+log10T90+Alpha+PhotonIndex+log10NH)^2+log10PeakFlux+log10Ta+log10Fa+log10NHSqr+PhotonIndexSqr+log10TaSqr+log10FaSqr+log10T90Sqr",0.54,0.17,-0.34
4982,0,"Response ~  (AlphaSqr+log10FaSqr+log10T90+Alpha+PhotonIndex+log10NH)^2+log10PeakFlux+log10Ta+log10Fa+log10PeakFluxSqr+log10NHSqr+PhotonIndexSqr+log10TaSqr+log10T90Sqr",0.5,0.19,0.047
4984,0,"Response ~  (log10T90Sqr+AlphaSqr+log10T90+Alpha+PhotonIndex+log10NH)^2+log10PeakFlux+log10Ta+log10Fa+log10PeakFluxSqr+log10NHSqr+PhotonIndexSqr+log10TaSqr+log10FaSqr",0.51,0.17,-0.11
4991,0,"Response ~  (log10FaSqr+PhotonIndexSqr+log10PeakFluxSqr+Alpha+PhotonIndex+log10NH)^2+log10PeakFlux+log10Ta+log10Fa+log10T90+log10NHSqr+log10TaSqr+AlphaSqr+log10T90Sqr",0.43,0.17,0.083
4993,0,"Response ~  (log10T90Sqr+PhotonIndexSqr+log10PeakFluxSqr+Alpha+PhotonIndex+log10NH)^2+log10PeakFlux+log10Ta+log10Fa+log10T90+log10NHSqr+log10TaSqr+log10FaSqr+AlphaSqr",0.21,0.18,-0.2
4999,0,"Response ~  (log10T90Sqr+AlphaSqr+log10PeakFluxSqr+Alpha+PhotonIndex+log10NH)^2+log10PeakFlux+log10Ta+log10Fa+log10T90+log10NHSqr+PhotonIndexSqr+log10TaSqr+log10FaSqr",0.31,0.18,-0.27
5015,0,"Response ~  (log10T90Sqr+AlphaSqr+PhotonIndexSqr+Alpha+PhotonIndex+log10NH)^2+log10PeakFlux+log10Ta+log10Fa+log10T90+log10PeakFluxSqr+log10NHSqr+log10TaSqr+log10FaSqr",0.35,0.2,-0.25
5019,0,"Response ~  (log10T90Sqr+AlphaSqr+log10FaSqr+Alpha+PhotonIndex+log10NH)^2+log10PeakFlux+log10Ta+log10Fa+log10T90+log10PeakFluxSqr+log10NHSqr+PhotonIndexSqr+log10TaSqr",0.6,0.17,-0.33
5033,0,"Response ~  (log10T90Sqr+log10FaSqr+log10PeakFluxSqr+log10T90+PhotonIndex+log10NH)^2+log10PeakFlux+log10Ta+log10Fa+Alpha+log10NHSqr+PhotonIndexSqr+log10TaSqr+AlphaSqr",0.36,0.23,-0.055
5043,0,"Response ~  (log10T90Sqr+log10FaSqr+log10NHSqr+log10T90+PhotonIndex+log10NH)^2+log10PeakFlux+log10Ta+log10Fa+Alpha+log10PeakFluxSqr+PhotonIndexSqr+log10TaSqr+AlphaSqr",0.6,0.17,-0.2
5052,0,"Response ~  (log10T90Sqr+log10FaSqr+log10TaSqr+log10T90+PhotonIndex+log10NH)^2+log10PeakFlux+log10Ta+log10Fa+Alpha+log10PeakFluxSqr+log10NHSqr+PhotonIndexSqr+AlphaSqr",0.38,0.2,-0.42
5063,0,"Response ~  (log10T90Sqr+log10FaSqr+log10NHSqr+log10PeakFluxSqr+PhotonIndex+log10NH)^2+log10PeakFlux+log10Ta+log10Fa+Alpha+log10T90+PhotonIndexSqr+log10TaSqr+AlphaSqr",0.47,0.17,-0.26
5168,0,"Response ~  (log10T90Sqr+log10FaSqr+PhotonIndexSqr+log10Fa+log10Ta+log10NH)^2+log10PeakFlux+PhotonIndex+Alpha+log10T90+log10PeakFluxSqr+log10NHSqr+log10TaSqr+AlphaSqr",0.39,0.19,-0.53
5187,0,"Response ~  (AlphaSqr+PhotonIndexSqr+log10T90+Alpha+log10Ta+log10NH)^2+log10PeakFlux+PhotonIndex+log10Fa+log10PeakFluxSqr+log10NHSqr+log10TaSqr+log10FaSqr+log10T90Sqr",0.44,0.18,-0.16
5194,0,"Response ~  (log10T90Sqr+AlphaSqr+log10T90+Alpha+log10Ta+log10NH)^2+log10PeakFlux+PhotonIndex+log10Fa+log10PeakFluxSqr+log10NHSqr+PhotonIndexSqr+log10TaSqr+log10FaSqr",0.36,0.19,0.056
5313,0,"Response ~  (AlphaSqr+PhotonIndexSqr+log10T90+Alpha+log10Fa+log10NH)^2+log10PeakFlux+PhotonIndex+log10Ta+log10PeakFluxSqr+log10NHSqr+log10TaSqr+log10FaSqr+log10T90Sqr",0.44,0.16,-0.45
5314,0,"Response ~  (log10T90Sqr+PhotonIndexSqr+log10T90+Alpha+log10Fa+log10NH)^2+log10PeakFlux+PhotonIndex+log10Ta+log10PeakFluxSqr+log10NHSqr+log10TaSqr+log10FaSqr+AlphaSqr",0.43,0.18,-0.28
5328,0,"Response ~  (AlphaSqr+PhotonIndexSqr+log10PeakFluxSqr+Alpha+log10Fa+log10NH)^2+log10PeakFlux+PhotonIndex+log10Ta+log10T90+log10NHSqr+log10TaSqr+log10FaSqr+log10T90Sqr",0.32,0.21,-0.12
5385,0,"Response ~  (log10T90Sqr+log10FaSqr+PhotonIndexSqr+log10T90+log10Fa+log10NH)^2+log10PeakFlux+PhotonIndex+log10Ta+Alpha+log10PeakFluxSqr+log10NHSqr+log10TaSqr+AlphaSqr",0.44,0.19,-0.3
5388,0,"Response ~  (log10T90Sqr+log10FaSqr+log10TaSqr+log10T90+log10Fa+log10NH)^2+log10PeakFlux+PhotonIndex+log10Ta+Alpha+log10PeakFluxSqr+log10NHSqr+PhotonIndexSqr+AlphaSqr",0.39,0.18,-0.17
5422,0,"Response ~  (log10T90Sqr+log10FaSqr+log10TaSqr+PhotonIndexSqr+log10Fa+log10NH)^2+log10PeakFlux+PhotonIndex+log10Ta+Alpha+log10T90+log10PeakFluxSqr+log10NHSqr+AlphaSqr",0.24,0.19,-0.36
5429,0,"Response ~  (AlphaSqr+log10NHSqr+log10PeakFluxSqr+log10T90+Alpha+log10NH)^2+log10PeakFlux+PhotonIndex+log10Ta+log10Fa+PhotonIndexSqr+log10TaSqr+log10FaSqr+log10T90Sqr",0.52,0.17,-0.3
5452,0,"Response ~  (AlphaSqr+log10TaSqr+PhotonIndexSqr+log10T90+Alpha+log10NH)^2+log10PeakFlux+PhotonIndex+log10Ta+log10Fa+log10PeakFluxSqr+log10NHSqr+log10FaSqr+log10T90Sqr",0.44,0.18,-0.22
5454,0,"Response ~  (AlphaSqr+log10FaSqr+PhotonIndexSqr+log10T90+Alpha+log10NH)^2+log10PeakFlux+PhotonIndex+log10Ta+log10Fa+log10PeakFluxSqr+log10NHSqr+log10TaSqr+log10T90Sqr",0.49,0.18,-0.11
5455,0,"Response ~  (log10T90Sqr+log10FaSqr+PhotonIndexSqr+log10T90+Alpha+log10NH)^2+log10PeakFlux+PhotonIndex+log10Ta+log10Fa+log10PeakFluxSqr+log10NHSqr+log10TaSqr+AlphaSqr",0.21,0.21,-0.094
5476,0,"Response ~  (log10T90Sqr+AlphaSqr+PhotonIndexSqr+log10PeakFluxSqr+Alpha+log10NH)^2+log10PeakFlux+PhotonIndex+log10Ta+log10Fa+log10T90+log10NHSqr+log10TaSqr+log10FaSqr",0.29,0.19,-0.21
5494,0,"Response ~  (log10T90Sqr+AlphaSqr+log10FaSqr+PhotonIndexSqr+Alpha+log10NH)^2+log10PeakFlux+PhotonIndex+log10Ta+log10Fa+log10T90+log10PeakFluxSqr+log10NHSqr+log10TaSqr",0.5,0.18,-0.3
5527,0,"Response ~  (log10T90Sqr+log10FaSqr+log10TaSqr+PhotonIndexSqr+log10T90+log10NH)^2+log10PeakFlux+PhotonIndex+log10Ta+log10Fa+Alpha+log10PeakFluxSqr+log10NHSqr+AlphaSqr",0.5,0.19,-0.1
5529,0,"Response ~  (log10T90Sqr+AlphaSqr+log10FaSqr+PhotonIndexSqr+log10T90+log10NH)^2+log10PeakFlux+PhotonIndex+log10Ta+log10Fa+Alpha+log10PeakFluxSqr+log10NHSqr+log10TaSqr",0.31,0.18,-0.21
5560,0,"Response ~  (PhotonIndexSqr+log10PeakFluxSqr+Alpha+log10Fa+log10Ta+PhotonIndex)^2+log10PeakFlux+log10NH+log10T90+log10NHSqr+log10TaSqr+log10FaSqr+AlphaSqr+log10T90Sqr",0.46,0.18,-0.23
5571,0,"Response ~  (log10FaSqr+PhotonIndexSqr+Alpha+log10Fa+log10Ta+PhotonIndex)^2+log10PeakFlux+log10NH+log10T90+log10PeakFluxSqr+log10NHSqr+log10TaSqr+AlphaSqr+log10T90Sqr",0.4,0.18,-0.45
5572,0,"Response ~  (AlphaSqr+PhotonIndexSqr+Alpha+log10Fa+log10Ta+PhotonIndex)^2+log10PeakFlux+log10NH+log10T90+log10PeakFluxSqr+log10NHSqr+log10TaSqr+log10FaSqr+log10T90Sqr",0.21,0.2,-0.24
5599,0,"Response ~  (log10T90Sqr+log10FaSqr+log10T90+log10Fa+log10Ta+PhotonIndex)^2+log10PeakFlux+log10NH+Alpha+log10PeakFluxSqr+log10NHSqr+PhotonIndexSqr+log10TaSqr+AlphaSqr",0.57,0.16,-0.21
5629,0,"Response ~  (AlphaSqr+log10FaSqr+PhotonIndexSqr+log10Fa+log10Ta+PhotonIndex)^2+log10PeakFlux+log10NH+Alpha+log10T90+log10PeakFluxSqr+log10NHSqr+log10TaSqr+log10T90Sqr",0.5,0.17,-0.2
5633,0,"Response ~  (log10T90Sqr+log10FaSqr+log10TaSqr+log10Fa+log10Ta+PhotonIndex)^2+log10PeakFlux+log10NH+Alpha+log10T90+log10PeakFluxSqr+log10NHSqr+PhotonIndexSqr+AlphaSqr",0.35,0.22,0.12
5635,0,"Response ~  (log10T90Sqr+AlphaSqr+log10FaSqr+log10Fa+log10Ta+PhotonIndex)^2+log10PeakFlux+log10NH+Alpha+log10T90+log10PeakFluxSqr+log10NHSqr+PhotonIndexSqr+log10TaSqr",0.3,0.18,-0.07
5640,0,"Response ~  (AlphaSqr+log10PeakFluxSqr+log10T90+Alpha+log10Ta+PhotonIndex)^2+log10PeakFlux+log10NH+log10Fa+log10NHSqr+PhotonIndexSqr+log10TaSqr+log10FaSqr+log10T90Sqr",0.44,0.18,-0.19
5663,0,"Response ~  (log10FaSqr+PhotonIndexSqr+log10PeakFluxSqr+Alpha+log10Ta+PhotonIndex)^2+log10PeakFlux+log10NH+log10Fa+log10T90+log10NHSqr+log10TaSqr+AlphaSqr+log10T90Sqr",0.36,0.22,-0.14
5664,0,"Response ~  (AlphaSqr+PhotonIndexSqr+log10PeakFluxSqr+Alpha+log10Ta+PhotonIndex)^2+log10PeakFlux+log10NH+log10Fa+log10T90+log10NHSqr+log10TaSqr+log10FaSqr+log10T90Sqr",0.29,0.21,-0.2
5724,0,"Response ~  (log10T90Sqr+log10FaSqr+log10TaSqr+log10T90+log10Ta+PhotonIndex)^2+log10PeakFlux+log10NH+log10Fa+Alpha+log10PeakFluxSqr+log10NHSqr+PhotonIndexSqr+AlphaSqr",0.54,0.18,-0.19
5771,0,"Response ~  (AlphaSqr+log10NHSqr+log10T90+Alpha+log10Fa+PhotonIndex)^2+log10PeakFlux+log10NH+log10Ta+log10PeakFluxSqr+PhotonIndexSqr+log10TaSqr+log10FaSqr+log10T90Sqr",0.54,0.15,-0.095
5772,0,"Response ~  (log10T90Sqr+log10NHSqr+log10T90+Alpha+log10Fa+PhotonIndex)^2+log10PeakFlux+log10NH+log10Ta+log10PeakFluxSqr+PhotonIndexSqr+log10TaSqr+log10FaSqr+AlphaSqr",0.41,0.17,0.012
5775,0,"Response ~  (AlphaSqr+PhotonIndexSqr+log10T90+Alpha+log10Fa+PhotonIndex)^2+log10PeakFlux+log10NH+log10Ta+log10PeakFluxSqr+log10NHSqr+log10TaSqr+log10FaSqr+log10T90Sqr",0.52,0.19,-0.51
5782,0,"Response ~  (log10T90Sqr+AlphaSqr+log10T90+Alpha+log10Fa+PhotonIndex)^2+log10PeakFlux+log10NH+log10Ta+log10PeakFluxSqr+log10NHSqr+PhotonIndexSqr+log10TaSqr+log10FaSqr",0.4,0.17,-0.085
5789,0,"Response ~  (log10FaSqr+PhotonIndexSqr+log10PeakFluxSqr+Alpha+log10Fa+PhotonIndex)^2+log10PeakFlux+log10NH+log10Ta+log10T90+log10NHSqr+log10TaSqr+AlphaSqr+log10T90Sqr",0.48,0.17,-0.2
5790,0,"Response ~  (AlphaSqr+PhotonIndexSqr+log10PeakFluxSqr+Alpha+log10Fa+PhotonIndex)^2+log10PeakFlux+log10NH+log10Ta+log10T90+log10NHSqr+log10TaSqr+log10FaSqr+log10T90Sqr",0.36,0.2,-0.069
5800,0,"Response ~  (AlphaSqr+PhotonIndexSqr+log10NHSqr+Alpha+log10Fa+PhotonIndex)^2+log10PeakFlux+log10NH+log10Ta+log10T90+log10PeakFluxSqr+log10TaSqr+log10FaSqr+log10T90Sqr",0.34,0.16,0.14
5807,0,"Response ~  (log10T90Sqr+AlphaSqr+log10NHSqr+Alpha+log10Fa+PhotonIndex)^2+log10PeakFlux+log10NH+log10Ta+log10T90+log10PeakFluxSqr+PhotonIndexSqr+log10TaSqr+log10FaSqr",0.5,0.18,-0.14
5813,0,"Response ~  (log10T90Sqr+AlphaSqr+PhotonIndexSqr+Alpha+log10Fa+PhotonIndex)^2+log10PeakFlux+log10NH+log10Ta+log10T90+log10PeakFluxSqr+log10NHSqr+log10TaSqr+log10FaSqr",0.6,0.16,-0.31
5820,0,"Response ~  (log10FaSqr+log10NHSqr+log10PeakFluxSqr+log10T90+log10Fa+PhotonIndex)^2+log10PeakFlux+log10NH+log10Ta+Alpha+PhotonIndexSqr+log10TaSqr+AlphaSqr+log10T90Sqr",0.49,0.17,0.042
5822,0,"Response ~  (log10T90Sqr+log10NHSqr+log10PeakFluxSqr+log10T90+log10Fa+PhotonIndex)^2+log10PeakFlux+log10NH+log10Ta+Alpha+PhotonIndexSqr+log10TaSqr+log10FaSqr+AlphaSqr",0.45,0.17,0.033
5836,0,"Response ~  (log10T90Sqr+PhotonIndexSqr+log10NHSqr+log10T90+log10Fa+PhotonIndex)^2+log10PeakFlux+log10NH+log10Ta+Alpha+log10PeakFluxSqr+log10TaSqr+log10FaSqr+AlphaSqr",0.44,0.19,-0.11
5850,0,"Response ~  (log10T90Sqr+log10FaSqr+log10TaSqr+log10T90+log10Fa+PhotonIndex)^2+log10PeakFlux+log10NH+log10Ta+Alpha+log10PeakFluxSqr+log10NHSqr+PhotonIndexSqr+AlphaSqr",0.56,0.16,-0.27
5856,0,"Response ~  (log10T90Sqr+PhotonIndexSqr+log10NHSqr+log10PeakFluxSqr+log10Fa+PhotonIndex)^2+log10PeakFlux+log10NH+log10Ta+Alpha+log10T90+log10TaSqr+log10FaSqr+AlphaSqr",0.57,0.16,-0.26
5861,0,"Response ~  (log10T90Sqr+log10FaSqr+log10NHSqr+log10PeakFluxSqr+log10Fa+PhotonIndex)^2+log10PeakFlux+log10NH+log10Ta+Alpha+log10T90+PhotonIndexSqr+log10TaSqr+AlphaSqr",0.45,0.17,-0.17
5868,0,"Response ~  (log10T90Sqr+AlphaSqr+PhotonIndexSqr+log10PeakFluxSqr+log10Fa+PhotonIndex)^2+log10PeakFlux+log10NH+log10Ta+Alpha+log10T90+log10NHSqr+log10TaSqr+log10FaSqr",0.37,0.18,-0.3
5869,0,"Response ~  (AlphaSqr+log10FaSqr+log10TaSqr+log10PeakFluxSqr+log10Fa+PhotonIndex)^2+log10PeakFlux+log10NH+log10Ta+Alpha+log10T90+log10NHSqr+PhotonIndexSqr+log10T90Sqr",0.54,0.17,-0.56
5880,0,"Response ~  (log10T90Sqr+log10FaSqr+log10TaSqr+log10NHSqr+log10Fa+PhotonIndex)^2+log10PeakFlux+log10NH+log10Ta+Alpha+log10T90+log10PeakFluxSqr+PhotonIndexSqr+AlphaSqr",0.32,0.21,0.14
5883,0,"Response ~  (AlphaSqr+log10FaSqr+log10TaSqr+PhotonIndexSqr+log10Fa+PhotonIndex)^2+log10PeakFlux+log10NH+log10Ta+Alpha+log10T90+log10PeakFluxSqr+log10NHSqr+log10T90Sqr",0.38,0.18,-0.19
5887,0,"Response ~  (log10T90Sqr+AlphaSqr+log10FaSqr+log10TaSqr+log10Fa+PhotonIndex)^2+log10PeakFlux+log10NH+log10Ta+Alpha+log10T90+log10PeakFluxSqr+log10NHSqr+PhotonIndexSqr",0.41,0.18,-0.35
5888,0,"Response ~  (PhotonIndexSqr+log10NHSqr+log10PeakFluxSqr+log10T90+Alpha+PhotonIndex)^2+log10PeakFlux+log10NH+log10Ta+log10Fa+log10TaSqr+log10FaSqr+AlphaSqr+log10T90Sqr",0.34,0.19,-0.34
5895,0,"Response ~  (AlphaSqr+PhotonIndexSqr+log10PeakFluxSqr+log10T90+Alpha+PhotonIndex)^2+log10PeakFlux+log10NH+log10Ta+log10Fa+log10NHSqr+log10TaSqr+log10FaSqr+log10T90Sqr",0.21,0.21,-0.33
5900,0,"Response ~  (AlphaSqr+log10FaSqr+log10PeakFluxSqr+log10T90+Alpha+PhotonIndex)^2+log10PeakFlux+log10NH+log10Ta+log10Fa+log10NHSqr+PhotonIndexSqr+log10TaSqr+log10T90Sqr",0.38,0.19,-0.1
5905,0,"Response ~  (AlphaSqr+PhotonIndexSqr+log10NHSqr+log10T90+Alpha+PhotonIndex)^2+log10PeakFlux+log10NH+log10Ta+log10Fa+log10PeakFluxSqr+log10TaSqr+log10FaSqr+log10T90Sqr",0.35,0.2,-0.27
5922,0,"Response ~  (log10T90Sqr+AlphaSqr+log10FaSqr+log10T90+Alpha+PhotonIndex)^2+log10PeakFlux+log10NH+log10Ta+log10Fa+log10PeakFluxSqr+log10NHSqr+PhotonIndexSqr+log10TaSqr",0.52,0.2,-0.42
5938,0,"Response ~  (log10T90Sqr+AlphaSqr+PhotonIndexSqr+log10PeakFluxSqr+Alpha+PhotonIndex)^2+log10PeakFlux+log10NH+log10Ta+log10Fa+log10T90+log10NHSqr+log10TaSqr+log10FaSqr",0.34,0.19,-0.077
5948,0,"Response ~  (log10T90Sqr+AlphaSqr+PhotonIndexSqr+log10NHSqr+Alpha+PhotonIndex)^2+log10PeakFlux+log10NH+log10Ta+log10Fa+log10T90+log10PeakFluxSqr+log10TaSqr+log10FaSqr",0.46,0.2,-0.0043
5957,0,"Response ~  (log10T90Sqr+AlphaSqr+log10FaSqr+log10TaSqr+Alpha+PhotonIndex)^2+log10PeakFlux+log10NH+log10Ta+log10Fa+log10T90+log10PeakFluxSqr+log10NHSqr+PhotonIndexSqr",0.54,0.17,-0.25
6065,0,"Response ~  (log10T90Sqr+AlphaSqr+PhotonIndexSqr+Alpha+log10Fa+log10Ta)^2+log10PeakFlux+log10NH+PhotonIndex+log10T90+log10PeakFluxSqr+log10NHSqr+log10TaSqr+log10FaSqr",0.35,0.18,-0.15
6078,0,"Response ~  (log10T90Sqr+PhotonIndexSqr+log10PeakFluxSqr+log10T90+log10Fa+log10Ta)^2+log10PeakFlux+log10NH+PhotonIndex+Alpha+log10NHSqr+log10TaSqr+log10FaSqr+AlphaSqr",0.44,0.19,-0.49
6088,0,"Response ~  (log10T90Sqr+PhotonIndexSqr+log10NHSqr+log10T90+log10Fa+log10Ta)^2+log10PeakFlux+log10NH+PhotonIndex+Alpha+log10PeakFluxSqr+log10TaSqr+log10FaSqr+AlphaSqr",0.56,0.17,-0.34
6089,0,"Response ~  (log10FaSqr+log10TaSqr+log10NHSqr+log10T90+log10Fa+log10Ta)^2+log10PeakFlux+log10NH+PhotonIndex+Alpha+log10PeakFluxSqr+PhotonIndexSqr+AlphaSqr+log10T90Sqr",0.18,0.23,0.3
6097,0,"Response ~  (log10T90Sqr+log10TaSqr+PhotonIndexSqr+log10T90+log10Fa+log10Ta)^2+log10PeakFlux+log10NH+PhotonIndex+Alpha+log10PeakFluxSqr+log10NHSqr+log10FaSqr+AlphaSqr",0.55,0.17,-0.23
6099,0,"Response ~  (log10T90Sqr+log10FaSqr+PhotonIndexSqr+log10T90+log10Fa+log10Ta)^2+log10PeakFlux+log10NH+PhotonIndex+Alpha+log10PeakFluxSqr+log10NHSqr+log10TaSqr+AlphaSqr",0.57,0.16,-0.29
6118,0,"Response ~  (AlphaSqr+log10FaSqr+PhotonIndexSqr+log10PeakFluxSqr+log10Fa+log10Ta)^2+log10PeakFlux+log10NH+PhotonIndex+Alpha+log10T90+log10NHSqr+log10TaSqr+log10T90Sqr",0.44,0.19,-0.096
6129,0,"Response ~  (log10T90Sqr+log10FaSqr+PhotonIndexSqr+log10NHSqr+log10Fa+log10Ta)^2+log10PeakFlux+log10NH+PhotonIndex+Alpha+log10T90+log10PeakFluxSqr+log10TaSqr+AlphaSqr",0.31,0.21,0.15
6136,0,"Response ~  (log10T90Sqr+log10FaSqr+log10TaSqr+PhotonIndexSqr+log10Fa+log10Ta)^2+log10PeakFlux+log10NH+PhotonIndex+Alpha+log10T90+log10PeakFluxSqr+log10NHSqr+AlphaSqr",0.35,0.22,0.13
6154,0,"Response ~  (log10T90Sqr+AlphaSqr+log10PeakFluxSqr+log10T90+Alpha+log10Ta)^2+log10PeakFlux+log10NH+PhotonIndex+log10Fa+log10NHSqr+PhotonIndexSqr+log10TaSqr+log10FaSqr",0.17,0.25,0.057
6168,0,"Response ~  (AlphaSqr+log10FaSqr+PhotonIndexSqr+log10T90+Alpha+log10Ta)^2+log10PeakFlux+log10NH+PhotonIndex+log10Fa+log10PeakFluxSqr+log10NHSqr+log10TaSqr+log10T90Sqr",0.32,0.19,-0.14
6190,0,"Response ~  (log10T90Sqr+AlphaSqr+PhotonIndexSqr+log10PeakFluxSqr+Alpha+log10Ta)^2+log10PeakFlux+log10NH+PhotonIndex+log10Fa+log10T90+log10NHSqr+log10TaSqr+log10FaSqr",0.31,0.19,-0.4
6208,0,"Response ~  (log10T90Sqr+AlphaSqr+log10FaSqr+PhotonIndexSqr+Alpha+log10Ta)^2+log10PeakFlux+log10NH+PhotonIndex+log10Fa+log10T90+log10PeakFluxSqr+log10NHSqr+log10TaSqr",0.42,0.18,0.035
6241,0,"Response ~  (log10T90Sqr+log10FaSqr+log10TaSqr+PhotonIndexSqr+log10T90+log10Ta)^2+log10PeakFlux+log10NH+PhotonIndex+log10Fa+Alpha+log10PeakFluxSqr+log10NHSqr+AlphaSqr",0.53,0.18,-0.21
6282,0,"Response ~  (log10FaSqr+PhotonIndexSqr+log10NHSqr+log10T90+Alpha+log10Fa)^2+log10PeakFlux+log10NH+PhotonIndex+log10Ta+log10PeakFluxSqr+log10TaSqr+AlphaSqr+log10T90Sqr",0.43,0.18,0.12
6284,0,"Response ~  (log10T90Sqr+PhotonIndexSqr+log10NHSqr+log10T90+Alpha+log10Fa)^2+log10PeakFlux+log10NH+PhotonIndex+log10Ta+log10PeakFluxSqr+log10TaSqr+log10FaSqr+AlphaSqr",0.31,0.18,-0.22
6294,0,"Response ~  (AlphaSqr+log10FaSqr+PhotonIndexSqr+log10T90+Alpha+log10Fa)^2+log10PeakFlux+log10NH+PhotonIndex+log10Ta+log10PeakFluxSqr+log10NHSqr+log10TaSqr+log10T90Sqr",0.36,0.19,-0.021
6300,0,"Response ~  (log10T90Sqr+AlphaSqr+log10FaSqr+log10T90+Alpha+log10Fa)^2+log10PeakFlux+log10NH+PhotonIndex+log10Ta+log10PeakFluxSqr+log10NHSqr+PhotonIndexSqr+log10TaSqr",0.47,0.17,-0.2
6316,0,"Response ~  (log10T90Sqr+AlphaSqr+PhotonIndexSqr+log10PeakFluxSqr+Alpha+log10Fa)^2+log10PeakFlux+log10NH+PhotonIndex+log10Ta+log10T90+log10NHSqr+log10TaSqr+log10FaSqr",0.53,0.19,-0.49
6326,0,"Response ~  (log10T90Sqr+AlphaSqr+PhotonIndexSqr+log10NHSqr+Alpha+log10Fa)^2+log10PeakFlux+log10NH+PhotonIndex+log10Ta+log10T90+log10PeakFluxSqr+log10TaSqr+log10FaSqr",0.5,0.18,-0.27
6331,0,"Response ~  (AlphaSqr+log10FaSqr+log10TaSqr+PhotonIndexSqr+Alpha+log10Fa)^2+log10PeakFlux+log10NH+PhotonIndex+log10Ta+log10T90+log10PeakFluxSqr+log10NHSqr+log10T90Sqr",0.38,0.18,-0.34
6333,0,"Response ~  (log10T90Sqr+AlphaSqr+log10TaSqr+PhotonIndexSqr+Alpha+log10Fa)^2+log10PeakFlux+log10NH+PhotonIndex+log10Ta+log10T90+log10PeakFluxSqr+log10NHSqr+log10FaSqr",0.31,0.19,-0.15
6334,0,"Response ~  (log10T90Sqr+AlphaSqr+log10FaSqr+PhotonIndexSqr+Alpha+log10Fa)^2+log10PeakFlux+log10NH+PhotonIndex+log10Ta+log10T90+log10PeakFluxSqr+log10NHSqr+log10TaSqr",0.58,0.19,-0.24
6337,0,"Response ~  (log10FaSqr+PhotonIndexSqr+log10NHSqr+log10PeakFluxSqr+log10T90+log10Fa)^2+log10PeakFlux+log10NH+PhotonIndex+log10Ta+Alpha+log10TaSqr+AlphaSqr+log10T90Sqr",0.42,0.16,-0.2
6358,0,"Response ~  (log10T90Sqr+log10TaSqr+PhotonIndexSqr+log10NHSqr+log10T90+log10Fa)^2+log10PeakFlux+log10NH+PhotonIndex+log10Ta+Alpha+log10PeakFluxSqr+log10FaSqr+AlphaSqr",0.39,0.19,-0.44
6360,0,"Response ~  (log10T90Sqr+log10FaSqr+PhotonIndexSqr+log10NHSqr+log10T90+log10Fa)^2+log10PeakFlux+log10NH+PhotonIndex+log10Ta+Alpha+log10PeakFluxSqr+log10TaSqr+AlphaSqr",0.54,0.16,-0.21
6361,0,"Response ~  (log10T90Sqr+AlphaSqr+PhotonIndexSqr+log10NHSqr+log10T90+log10Fa)^2+log10PeakFlux+log10NH+PhotonIndex+log10Ta+Alpha+log10PeakFluxSqr+log10TaSqr+log10FaSqr",0.31,0.18,-0.21
6367,0,"Response ~  (log10T90Sqr+log10FaSqr+log10TaSqr+PhotonIndexSqr+log10T90+log10Fa)^2+log10PeakFlux+log10NH+PhotonIndex+log10Ta+Alpha+log10PeakFluxSqr+log10NHSqr+AlphaSqr",0.55,0.15,-0.13
6368,0,"Response ~  (log10T90Sqr+AlphaSqr+log10TaSqr+PhotonIndexSqr+log10T90+log10Fa)^2+log10PeakFlux+log10NH+PhotonIndex+log10Ta+Alpha+log10PeakFluxSqr+log10NHSqr+log10FaSqr",0.5,0.16,-0.07
6374,0,"Response ~  (AlphaSqr+log10FaSqr+PhotonIndexSqr+log10NHSqr+log10PeakFluxSqr+log10Fa)^2+log10PeakFlux+log10NH+PhotonIndex+log10Ta+Alpha+log10T90+log10TaSqr+log10T90Sqr",0.51,0.16,-0.23
6375,0,"Response ~  (log10T90Sqr+log10FaSqr+PhotonIndexSqr+log10NHSqr+log10PeakFluxSqr+log10Fa)^2+log10PeakFlux+log10NH+PhotonIndex+log10Ta+Alpha+log10T90+log10TaSqr+AlphaSqr",0.5,0.17,-0.31
6382,0,"Response ~  (log10T90Sqr+log10FaSqr+log10TaSqr+PhotonIndexSqr+log10PeakFluxSqr+log10Fa)^2+log10PeakFlux+log10NH+PhotonIndex+log10Ta+Alpha+log10T90+log10NHSqr+AlphaSqr",0.54,0.17,0.022
6394,0,"Response ~  (AlphaSqr+PhotonIndexSqr+log10NHSqr+log10PeakFluxSqr+log10T90+Alpha)^2+log10PeakFlux+log10NH+PhotonIndex+log10Ta+log10Fa+log10TaSqr+log10FaSqr+log10T90Sqr",0.36,0.2,-0.23
6405,0,"Response ~  (AlphaSqr+log10FaSqr+PhotonIndexSqr+log10PeakFluxSqr+log10T90+Alpha)^2+log10PeakFlux+log10NH+PhotonIndex+log10Ta+log10Fa+log10NHSqr+log10TaSqr+log10T90Sqr",0.37,0.2,-0.1
6425,0,"Response ~  (log10T90Sqr+AlphaSqr+log10FaSqr+PhotonIndexSqr+log10T90+Alpha)^2+log10PeakFlux+log10NH+PhotonIndex+log10Ta+log10Fa+log10PeakFluxSqr+log10NHSqr+log10TaSqr",0.49,0.2,-0.4
6432,0,"Response ~  (log10T90Sqr+AlphaSqr+PhotonIndexSqr+log10NHSqr+log10PeakFluxSqr+Alpha)^2+log10PeakFlux+log10NH+PhotonIndex+log10Ta+log10Fa+log10T90+log10TaSqr+log10FaSqr",0.22,0.19,-0.21
6468,0,"Response ~  (log10T90Sqr+AlphaSqr+log10FaSqr+log10TaSqr+PhotonIndexSqr+log10T90)^2+log10PeakFlux+log10NH+PhotonIndex+log10Ta+log10Fa+Alpha+log10PeakFluxSqr+log10NHSqr",0.39,0.19,-0.42
6499,0,"Response ~  (log10FaSqr+log10NHSqr+log10Fa+log10Ta+PhotonIndex+log10NH+log10PeakFlux)^2+Alpha+log10T90+log10PeakFluxSqr+PhotonIndexSqr+log10TaSqr+AlphaSqr+log10T90Sqr",0.55,0.17,-0.56
6593,0,"Response ~  (log10T90Sqr+log10FaSqr+log10TaSqr+log10Ta+PhotonIndex+log10NH+log10PeakFlux)^2+log10Fa+Alpha+log10T90+log10PeakFluxSqr+log10NHSqr+PhotonIndexSqr+AlphaSqr",0.33,0.21,0.092
6611,0,"Response ~  (log10FaSqr+log10NHSqr+Alpha+log10Fa+PhotonIndex+log10NH+log10PeakFlux)^2+log10Ta+log10T90+log10PeakFluxSqr+PhotonIndexSqr+log10TaSqr+AlphaSqr+log10T90Sqr",0.25,0.2,0.18
6643,0,"Response ~  (log10T90Sqr+log10FaSqr+log10T90+log10Fa+PhotonIndex+log10NH+log10PeakFlux)^2+log10Ta+Alpha+log10PeakFluxSqr+log10NHSqr+PhotonIndexSqr+log10TaSqr+AlphaSqr",0.45,0.18,0.018
6664,0,"Response ~  (log10FaSqr+log10TaSqr+log10NHSqr+log10Fa+PhotonIndex+log10NH+log10PeakFlux)^2+log10Ta+Alpha+log10T90+log10PeakFluxSqr+PhotonIndexSqr+AlphaSqr+log10T90Sqr",0.45,0.16,-0.2
6667,0,"Response ~  (AlphaSqr+log10FaSqr+log10NHSqr+log10Fa+PhotonIndex+log10NH+log10PeakFlux)^2+log10Ta+Alpha+log10T90+log10PeakFluxSqr+PhotonIndexSqr+log10TaSqr+log10T90Sqr",0.43,0.19,-0.16
6870,0,"Response ~  (log10TaSqr+PhotonIndexSqr+log10NHSqr+log10Fa+log10Ta+log10NH+log10PeakFlux)^2+PhotonIndex+Alpha+log10T90+log10PeakFluxSqr+log10FaSqr+AlphaSqr+log10T90Sqr",0.38,0.22,0.098
6871,0,"Response ~  (log10FaSqr+PhotonIndexSqr+log10NHSqr+log10Fa+log10Ta+log10NH+log10PeakFlux)^2+PhotonIndex+Alpha+log10T90+log10PeakFluxSqr+log10TaSqr+AlphaSqr+log10T90Sqr",0.6,0.19,-0.48
6971,0,"Response ~  (log10FaSqr+log10TaSqr+PhotonIndexSqr+log10T90+log10Ta+log10NH+log10PeakFlux)^2+PhotonIndex+log10Fa+Alpha+log10PeakFluxSqr+log10NHSqr+AlphaSqr+log10T90Sqr",0.41,0.18,-0.25
7101,0,"Response ~  (log10T90Sqr+log10FaSqr+PhotonIndexSqr+log10T90+log10Fa+log10NH+log10PeakFlux)^2+PhotonIndex+log10Ta+Alpha+log10PeakFluxSqr+log10NHSqr+log10TaSqr+AlphaSqr",0.38,0.2,-0.038
7127,0,"Response ~  (log10FaSqr+log10TaSqr+PhotonIndexSqr+log10NHSqr+log10Fa+log10NH+log10PeakFlux)^2+PhotonIndex+log10Ta+Alpha+log10T90+log10PeakFluxSqr+AlphaSqr+log10T90Sqr",0.36,0.18,-0.069
7138,0,"Response ~  (log10T90Sqr+log10FaSqr+log10TaSqr+PhotonIndexSqr+log10Fa+log10NH+log10PeakFlux)^2+PhotonIndex+log10Ta+Alpha+log10T90+log10PeakFluxSqr+log10NHSqr+AlphaSqr",0.58,0.17,-0.13
7315,0,"Response ~  (log10T90Sqr+log10FaSqr+log10T90+log10Fa+log10Ta+PhotonIndex+log10PeakFlux)^2+log10NH+Alpha+log10PeakFluxSqr+log10NHSqr+PhotonIndexSqr+log10TaSqr+AlphaSqr",0.51,0.19,-0.24
7496,0,"Response ~  (AlphaSqr+log10FaSqr+log10T90+Alpha+log10Fa+PhotonIndex+log10PeakFlux)^2+log10NH+log10Ta+log10PeakFluxSqr+log10NHSqr+PhotonIndexSqr+log10TaSqr+log10T90Sqr",0.39,0.26,0.19
7533,0,"Response ~  (log10T90Sqr+AlphaSqr+log10FaSqr+Alpha+log10Fa+PhotonIndex+log10PeakFlux)^2+log10NH+log10Ta+log10T90+log10PeakFluxSqr+log10NHSqr+PhotonIndexSqr+log10TaSqr",0.4,0.26,0.25
7553,0,"Response ~  (log10FaSqr+log10TaSqr+log10NHSqr+log10T90+log10Fa+PhotonIndex+log10PeakFlux)^2+log10NH+log10Ta+Alpha+log10PeakFluxSqr+PhotonIndexSqr+AlphaSqr+log10T90Sqr",0.37,0.19,-0.058
7563,0,"Response ~  (log10T90Sqr+log10FaSqr+PhotonIndexSqr+log10T90+log10Fa+PhotonIndex+log10PeakFlux)^2+log10NH+log10Ta+Alpha+log10PeakFluxSqr+log10NHSqr+log10TaSqr+AlphaSqr",0.45,0.26,-0.29
7566,0,"Response ~  (log10T90Sqr+log10FaSqr+log10TaSqr+log10T90+log10Fa+PhotonIndex+log10PeakFlux)^2+log10NH+log10Ta+Alpha+log10PeakFluxSqr+log10NHSqr+PhotonIndexSqr+AlphaSqr",0.49,0.18,-0.29
7748,0,"Response ~  (AlphaSqr+log10FaSqr+log10T90+Alpha+log10Fa+log10Ta+log10PeakFlux)^2+log10NH+PhotonIndex+log10PeakFluxSqr+log10NHSqr+PhotonIndexSqr+log10TaSqr+log10T90Sqr",0.17,0.26,-0.095
7815,0,"Response ~  (log10T90Sqr+log10FaSqr+PhotonIndexSqr+log10T90+log10Fa+log10Ta+log10PeakFlux)^2+log10NH+PhotonIndex+Alpha+log10PeakFluxSqr+log10NHSqr+log10TaSqr+AlphaSqr",0.52,0.16,-0.21
7841,0,"Response ~  (log10FaSqr+log10TaSqr+PhotonIndexSqr+log10NHSqr+log10Fa+log10Ta+log10PeakFlux)^2+log10NH+PhotonIndex+Alpha+log10T90+log10PeakFluxSqr+AlphaSqr+log10T90Sqr",0.26,0.19,0.053
8010,0,"Response ~  (AlphaSqr+log10FaSqr+PhotonIndexSqr+log10T90+Alpha+log10Fa+log10PeakFlux)^2+log10NH+PhotonIndex+log10Ta+log10PeakFluxSqr+log10NHSqr+log10TaSqr+log10T90Sqr",0.41,0.26,0.11
8050,0,"Response ~  (log10T90Sqr+AlphaSqr+log10FaSqr+PhotonIndexSqr+Alpha+log10Fa+log10PeakFlux)^2+log10NH+PhotonIndex+log10Ta+log10T90+log10PeakFluxSqr+log10NHSqr+log10TaSqr",0.42,0.25,0.15
8076,0,"Response ~  (log10T90Sqr+log10FaSqr+PhotonIndexSqr+log10NHSqr+log10T90+log10Fa+log10PeakFlux)^2+log10NH+PhotonIndex+log10Ta+Alpha+log10PeakFluxSqr+log10TaSqr+AlphaSqr",0.35,0.16,-0.31
8237,0,"Response ~  (log10T90Sqr+log10TaSqr+log10T90+log10Fa+log10Ta+PhotonIndex+log10NH)^2+log10PeakFlux+Alpha+log10PeakFluxSqr+log10NHSqr+PhotonIndexSqr+log10FaSqr+AlphaSqr",0.39,0.2,0.13
8239,0,"Response ~  (log10T90Sqr+log10FaSqr+log10T90+log10Fa+log10Ta+PhotonIndex+log10NH)^2+log10PeakFlux+Alpha+log10PeakFluxSqr+log10NHSqr+PhotonIndexSqr+log10TaSqr+AlphaSqr",0.35,0.19,-0.27
8260,0,"Response ~  (log10FaSqr+log10TaSqr+log10NHSqr+log10Fa+log10Ta+PhotonIndex+log10NH)^2+log10PeakFlux+Alpha+log10T90+log10PeakFluxSqr+PhotonIndexSqr+AlphaSqr+log10T90Sqr",0.43,0.16,-0.24
8264,0,"Response ~  (log10T90Sqr+log10FaSqr+log10NHSqr+log10Fa+log10Ta+PhotonIndex+log10NH)^2+log10PeakFlux+Alpha+log10T90+log10PeakFluxSqr+PhotonIndexSqr+log10TaSqr+AlphaSqr",0.54,0.18,-0.17
8270,0,"Response ~  (log10T90Sqr+log10FaSqr+PhotonIndexSqr+log10Fa+log10Ta+PhotonIndex+log10NH)^2+log10PeakFlux+Alpha+log10T90+log10PeakFluxSqr+log10NHSqr+log10TaSqr+AlphaSqr",0.55,0.19,-0.15
8296,0,"Response ~  (log10T90Sqr+AlphaSqr+log10T90+Alpha+log10Ta+PhotonIndex+log10NH)^2+log10PeakFlux+log10Fa+log10PeakFluxSqr+log10NHSqr+PhotonIndexSqr+log10TaSqr+log10FaSqr",0.33,0.22,0.095
8355,0,"Response ~  (log10T90Sqr+log10FaSqr+log10NHSqr+log10T90+log10Ta+PhotonIndex+log10NH)^2+log10PeakFlux+log10Fa+Alpha+log10PeakFluxSqr+PhotonIndexSqr+log10TaSqr+AlphaSqr",0.42,0.18,-0.42
8366,0,"Response ~  (log10T90Sqr+AlphaSqr+log10FaSqr+log10T90+log10Ta+PhotonIndex+log10NH)^2+log10PeakFlux+log10Fa+Alpha+log10PeakFluxSqr+log10NHSqr+PhotonIndexSqr+log10TaSqr",0.44,0.18,-0.55
8453,0,"Response ~  (log10T90Sqr+AlphaSqr+PhotonIndexSqr+Alpha+log10Fa+PhotonIndex+log10NH)^2+log10PeakFlux+log10Ta+log10T90+log10PeakFluxSqr+log10NHSqr+log10TaSqr+log10FaSqr",0.46,0.19,-0.29
8462,0,"Response ~  (log10T90Sqr+log10NHSqr+log10PeakFluxSqr+log10T90+log10Fa+PhotonIndex+log10NH)^2+log10PeakFlux+log10Ta+Alpha+PhotonIndexSqr+log10TaSqr+log10FaSqr+AlphaSqr",0.59,0.18,-0.23
8471,0,"Response ~  (log10T90Sqr+log10FaSqr+log10PeakFluxSqr+log10T90+log10Fa+PhotonIndex+log10NH)^2+log10PeakFlux+log10Ta+Alpha+log10NHSqr+PhotonIndexSqr+log10TaSqr+AlphaSqr",0.32,0.24,-0.044
8487,0,"Response ~  (log10T90Sqr+log10FaSqr+PhotonIndexSqr+log10T90+log10Fa+PhotonIndex+log10NH)^2+log10PeakFlux+log10Ta+Alpha+log10PeakFluxSqr+log10NHSqr+log10TaSqr+AlphaSqr",0.43,0.19,-0.043
8490,0,"Response ~  (log10T90Sqr+log10FaSqr+log10TaSqr+log10T90+log10Fa+PhotonIndex+log10NH)^2+log10PeakFlux+log10Ta+Alpha+log10PeakFluxSqr+log10NHSqr+PhotonIndexSqr+AlphaSqr",0.48,0.17,-0.47
8501,0,"Response ~  (log10T90Sqr+log10FaSqr+log10NHSqr+log10PeakFluxSqr+log10Fa+PhotonIndex+log10NH)^2+log10PeakFlux+log10Ta+Alpha+log10T90+PhotonIndexSqr+log10TaSqr+AlphaSqr",0.47,0.18,-0.26
8542,0,"Response ~  (log10T90Sqr+AlphaSqr+log10PeakFluxSqr+log10T90+Alpha+PhotonIndex+log10NH)^2+log10PeakFlux+log10Ta+log10Fa+log10NHSqr+PhotonIndexSqr+log10TaSqr+log10FaSqr",0.45,0.22,-0.28
8556,0,"Response ~  (AlphaSqr+log10FaSqr+PhotonIndexSqr+log10T90+Alpha+PhotonIndex+log10NH)^2+log10PeakFlux+log10Ta+log10Fa+log10PeakFluxSqr+log10NHSqr+log10TaSqr+log10T90Sqr",0.39,0.19,-0.22
8557,0,"Response ~  (log10T90Sqr+log10FaSqr+PhotonIndexSqr+log10T90+Alpha+PhotonIndex+log10NH)^2+log10PeakFlux+log10Ta+log10Fa+log10PeakFluxSqr+log10NHSqr+log10TaSqr+AlphaSqr",0.44,0.2,-0.21
8561,0,"Response ~  (log10T90Sqr+AlphaSqr+log10TaSqr+log10T90+Alpha+PhotonIndex+log10NH)^2+log10PeakFlux+log10Ta+log10Fa+log10PeakFluxSqr+log10NHSqr+PhotonIndexSqr+log10FaSqr",0.32,0.22,0.11
8562,0,"Response ~  (log10T90Sqr+AlphaSqr+log10FaSqr+log10T90+Alpha+PhotonIndex+log10NH)^2+log10PeakFlux+log10Ta+log10Fa+log10PeakFluxSqr+log10NHSqr+PhotonIndexSqr+log10TaSqr",0.44,0.2,-0.17
8596,0,"Response ~  (log10T90Sqr+AlphaSqr+log10FaSqr+PhotonIndexSqr+Alpha+PhotonIndex+log10NH)^2+log10PeakFlux+log10Ta+log10Fa+log10T90+log10PeakFluxSqr+log10NHSqr+log10TaSqr",0.55,0.17,-0.39
8810,0,"Response ~  (log10T90Sqr+AlphaSqr+PhotonIndexSqr+log10T90+Alpha+log10Ta+log10NH)^2+log10PeakFlux+PhotonIndex+log10Fa+log10PeakFluxSqr+log10NHSqr+log10TaSqr+log10FaSqr",0.32,0.22,0.082
8881,0,"Response ~  (log10T90Sqr+log10FaSqr+log10TaSqr+PhotonIndexSqr+log10T90+log10Ta+log10NH)^2+log10PeakFlux+PhotonIndex+log10Fa+Alpha+log10PeakFluxSqr+log10NHSqr+AlphaSqr",0.45,0.16,-0.017
8936,0,"Response ~  (log10T90Sqr+AlphaSqr+PhotonIndexSqr+log10T90+Alpha+log10Fa+log10NH)^2+log10PeakFlux+PhotonIndex+log10Ta+log10PeakFluxSqr+log10NHSqr+log10TaSqr+log10FaSqr",0.47,0.21,-0.17
8970,0,"Response ~  (log10T90Sqr+AlphaSqr+log10FaSqr+log10NHSqr+Alpha+log10Fa+log10NH)^2+log10PeakFlux+PhotonIndex+log10Ta+log10T90+log10PeakFluxSqr+PhotonIndexSqr+log10TaSqr",0.5,0.18,-0.15
9015,0,"Response ~  (log10T90Sqr+log10FaSqr+PhotonIndexSqr+log10NHSqr+log10PeakFluxSqr+log10Fa+log10NH)^2+log10PeakFlux+PhotonIndex+log10Ta+Alpha+log10T90+log10TaSqr+AlphaSqr",0.47,0.18,-0.27
9047,0,"Response ~  (log10T90Sqr+AlphaSqr+PhotonIndexSqr+log10PeakFluxSqr+log10T90+Alpha+log10NH)^2+log10PeakFlux+PhotonIndex+log10Ta+log10Fa+log10NHSqr+log10TaSqr+log10FaSqr",0.46,0.22,-0.28
9055,0,"Response ~  (AlphaSqr+log10FaSqr+PhotonIndexSqr+log10NHSqr+log10T90+Alpha+log10NH)^2+log10PeakFlux+PhotonIndex+log10Ta+log10Fa+log10PeakFluxSqr+log10TaSqr+log10T90Sqr",0.44,0.19,-0.15
9072,0,"Response ~  (log10T90Sqr+AlphaSqr+PhotonIndexSqr+log10NHSqr+log10PeakFluxSqr+Alpha+log10NH)^2+log10PeakFlux+PhotonIndex+log10Ta+log10Fa+log10T90+log10TaSqr+log10FaSqr",0.37,0.2,-0.19
9171,0,"Response ~  (log10T90Sqr+AlphaSqr+log10FaSqr+Alpha+log10Fa+log10Ta+PhotonIndex)^2+log10PeakFlux+log10NH+log10T90+log10PeakFluxSqr+log10NHSqr+PhotonIndexSqr+log10TaSqr",0.17,0.22,-0.19
9193,0,"Response ~  (log10T90Sqr+log10TaSqr+log10NHSqr+log10T90+log10Fa+log10Ta+PhotonIndex)^2+log10PeakFlux+log10NH+Alpha+log10PeakFluxSqr+PhotonIndexSqr+log10FaSqr+AlphaSqr",0.42,0.17,0.025
9195,0,"Response ~  (log10T90Sqr+log10FaSqr+log10NHSqr+log10T90+log10Fa+log10Ta+PhotonIndex)^2+log10PeakFlux+log10NH+Alpha+log10PeakFluxSqr+PhotonIndexSqr+log10TaSqr+AlphaSqr",0.5,0.18,0.0045
9200,0,"Response ~  (AlphaSqr+log10FaSqr+PhotonIndexSqr+log10T90+log10Fa+log10Ta+PhotonIndex)^2+log10PeakFlux+log10NH+Alpha+log10PeakFluxSqr+log10NHSqr+log10TaSqr+log10T90Sqr",0.35,0.19,-0.45
9206,0,"Response ~  (log10T90Sqr+AlphaSqr+log10FaSqr+log10T90+log10Fa+log10Ta+PhotonIndex)^2+log10PeakFlux+log10NH+Alpha+log10PeakFluxSqr+log10NHSqr+PhotonIndexSqr+log10TaSqr",0.31,0.19,-0.28
9234,0,"Response ~  (log10T90Sqr+log10FaSqr+log10TaSqr+log10NHSqr+log10Fa+log10Ta+PhotonIndex)^2+log10PeakFlux+log10NH+Alpha+log10T90+log10PeakFluxSqr+PhotonIndexSqr+AlphaSqr",0.35,0.21,-0.45
9266,0,"Response ~  (log10T90Sqr+AlphaSqr+log10NHSqr+log10T90+Alpha+log10Ta+PhotonIndex)^2+log10PeakFlux+log10NH+log10Fa+log10PeakFluxSqr+PhotonIndexSqr+log10TaSqr+log10FaSqr",0.33,0.22,0.097
9276,0,"Response ~  (log10T90Sqr+AlphaSqr+log10FaSqr+log10T90+Alpha+log10Ta+PhotonIndex)^2+log10PeakFlux+log10NH+log10Fa+log10PeakFluxSqr+log10NHSqr+PhotonIndexSqr+log10TaSqr",0.33,0.21,-0.058
9292,0,"Response ~  (log10T90Sqr+AlphaSqr+PhotonIndexSqr+log10PeakFluxSqr+Alpha+log10Ta+PhotonIndex)^2+log10PeakFlux+log10NH+log10Fa+log10T90+log10NHSqr+log10TaSqr+log10FaSqr",0.39,0.21,-0.12
9372,0,"Response ~  (log10T90Sqr+log10NHSqr+log10PeakFluxSqr+log10T90+Alpha+log10Fa+PhotonIndex)^2+log10PeakFlux+log10NH+log10Ta+PhotonIndexSqr+log10TaSqr+log10FaSqr+AlphaSqr",0.1,0.19,0.26
9385,0,"Response ~  (AlphaSqr+PhotonIndexSqr+log10NHSqr+log10T90+Alpha+log10Fa+PhotonIndex)^2+log10PeakFlux+log10NH+log10Ta+log10PeakFluxSqr+log10TaSqr+log10FaSqr+log10T90Sqr",0.55,0.17,-0.37
9399,0,"Response ~  (AlphaSqr+log10FaSqr+log10TaSqr+log10T90+Alpha+log10Fa+PhotonIndex)^2+log10PeakFlux+log10NH+log10Ta+log10PeakFluxSqr+log10NHSqr+PhotonIndexSqr+log10T90Sqr",0.22,0.21,-0.26
9400,0,"Response ~  (log10T90Sqr+log10FaSqr+log10TaSqr+log10T90+Alpha+log10Fa+PhotonIndex)^2+log10PeakFlux+log10NH+log10Ta+log10PeakFluxSqr+log10NHSqr+PhotonIndexSqr+AlphaSqr",0.55,0.16,-0.27
9452,0,"Response ~  (log10T90Sqr+log10FaSqr+PhotonIndexSqr+log10PeakFluxSqr+log10T90+log10Fa+PhotonIndex)^2+log10PeakFlux+log10NH+log10Ta+Alpha+log10NHSqr+log10TaSqr+AlphaSqr",0.34,0.29,-0.09
9465,0,"Response ~  (log10T90Sqr+log10FaSqr+log10TaSqr+log10NHSqr+log10T90+log10Fa+PhotonIndex)^2+log10PeakFlux+log10NH+log10Ta+Alpha+log10PeakFluxSqr+PhotonIndexSqr+AlphaSqr",0.47,0.18,-0.14
9472,0,"Response ~  (log10T90Sqr+AlphaSqr+log10FaSqr+log10TaSqr+log10T90+log10Fa+PhotonIndex)^2+log10PeakFlux+log10NH+log10Ta+Alpha+log10PeakFluxSqr+log10NHSqr+PhotonIndexSqr",0.44,0.19,0.14
9507,0,"Response ~  (AlphaSqr+log10FaSqr+PhotonIndexSqr+log10PeakFluxSqr+log10T90+Alpha+PhotonIndex)^2+log10PeakFlux+log10NH+log10Ta+log10Fa+log10NHSqr+log10TaSqr+log10T90Sqr",0.34,0.21,-0.08
9522,0,"Response ~  (log10T90Sqr+AlphaSqr+log10TaSqr+log10NHSqr+log10T90+Alpha+PhotonIndex)^2+log10PeakFlux+log10NH+log10Ta+log10Fa+log10PeakFluxSqr+PhotonIndexSqr+log10FaSqr",0.28,0.21,0.024
9607,0,"Response ~  (log10T90Sqr+log10FaSqr+PhotonIndexSqr+log10T90+Alpha+log10Fa+log10Ta)^2+log10PeakFlux+log10NH+PhotonIndex+log10PeakFluxSqr+log10NHSqr+log10TaSqr+AlphaSqr",0.56,0.19,-0.42
9646,0,"Response ~  (log10T90Sqr+AlphaSqr+log10FaSqr+PhotonIndexSqr+Alpha+log10Fa+log10Ta)^2+log10PeakFlux+log10NH+PhotonIndex+log10T90+log10PeakFluxSqr+log10NHSqr+log10TaSqr",0.37,0.16,-0.38
9672,0,"Response ~  (log10T90Sqr+log10FaSqr+PhotonIndexSqr+log10NHSqr+log10T90+log10Fa+log10Ta)^2+log10PeakFlux+log10NH+PhotonIndex+Alpha+log10PeakFluxSqr+log10TaSqr+AlphaSqr",0.36,0.18,-0.08
9681,0,"Response ~  (log10T90Sqr+AlphaSqr+log10FaSqr+PhotonIndexSqr+log10T90+log10Fa+log10Ta)^2+log10PeakFlux+log10NH+PhotonIndex+Alpha+log10PeakFluxSqr+log10NHSqr+log10TaSqr",0.41,0.17,-0.29
9729,0,"Response ~  (log10T90Sqr+AlphaSqr+PhotonIndexSqr+log10NHSqr+log10T90+Alpha+log10Ta)^2+log10PeakFlux+log10NH+PhotonIndex+log10Fa+log10PeakFluxSqr+log10TaSqr+log10FaSqr",0.29,0.21,0.019
9813,0,"Response ~  (log10T90Sqr+AlphaSqr+PhotonIndexSqr+log10NHSqr+log10T90+Alpha+log10Fa)^2+log10PeakFlux+log10NH+PhotonIndex+log10Ta+log10PeakFluxSqr+log10TaSqr+log10FaSqr",0.5,0.21,-0.31
9820,0,"Response ~  (log10T90Sqr+AlphaSqr+log10TaSqr+PhotonIndexSqr+log10T90+Alpha+log10Fa)^2+log10PeakFlux+log10NH+PhotonIndex+log10Ta+log10PeakFluxSqr+log10NHSqr+log10FaSqr",0.51,0.2,-0.41
9849,0,"Response ~  (log10T90Sqr+AlphaSqr+PhotonIndexSqr+log10NHSqr+log10PeakFluxSqr+log10T90+log10Fa)^2+log10PeakFlux+log10NH+PhotonIndex+log10Ta+Alpha+log10TaSqr+log10FaSqr",0.3,0.18,-0.2
9860,0,"Response ~  (log10T90Sqr+log10FaSqr+log10TaSqr+PhotonIndexSqr+log10NHSqr+log10T90+log10Fa)^2+log10PeakFlux+log10NH+PhotonIndex+log10Ta+Alpha+log10PeakFluxSqr+AlphaSqr",0.45,0.2,0.12
9877,0,"Response ~  (log10T90Sqr+AlphaSqr+PhotonIndexSqr+log10NHSqr+log10PeakFluxSqr+log10T90+Alpha)^2+log10PeakFlux+log10NH+PhotonIndex+log10Ta+log10Fa+log10TaSqr+log10FaSqr",0.46,0.22,-0.28
9955,0,"Response ~  (log10T90Sqr+log10FaSqr+log10T90+log10Fa+log10Ta+PhotonIndex+log10NH+log10PeakFlux)^2+Alpha+log10PeakFluxSqr+log10NHSqr+PhotonIndexSqr+log10TaSqr+AlphaSqr",0.5,0.17,-0.1
9989,0,"Response ~  (log10T90Sqr+log10FaSqr+log10TaSqr+log10Fa+log10Ta+PhotonIndex+log10NH+log10PeakFlux)^2+Alpha+log10T90+log10PeakFluxSqr+log10NHSqr+PhotonIndexSqr+AlphaSqr",0.42,0.24,-0.16
10141,0,"Response ~  (log10FaSqr+log10NHSqr+log10PeakFluxSqr+Alpha+log10Fa+PhotonIndex+log10NH+log10PeakFlux)^2+log10Ta+log10T90+PhotonIndexSqr+log10TaSqr+AlphaSqr+log10T90Sqr",0.15,0.22,0.28
10266,0,"Response ~  (AlphaSqr+log10FaSqr+log10NHSqr+log10T90+Alpha+PhotonIndex+log10NH+log10PeakFlux)^2+log10Ta+log10Fa+log10PeakFluxSqr+PhotonIndexSqr+log10TaSqr+log10T90Sqr",0.35,0.27,0.29
10419,0,"Response ~  (AlphaSqr+log10FaSqr+PhotonIndexSqr+Alpha+log10Fa+log10Ta+log10NH+log10PeakFlux)^2+PhotonIndex+log10T90+log10PeakFluxSqr+log10NHSqr+log10TaSqr+log10T90Sqr",0.018,0.35,3.1
10441,0,"Response ~  (log10TaSqr+PhotonIndexSqr+log10NHSqr+log10T90+log10Fa+log10Ta+log10NH+log10PeakFlux)^2+PhotonIndex+Alpha+log10PeakFluxSqr+log10FaSqr+AlphaSqr+log10T90Sqr",0.24,0.24,0.055
10716,0,"Response ~  (log10T90Sqr+log10FaSqr+PhotonIndexSqr+log10NHSqr+log10T90+log10Fa+log10NH+log10PeakFlux)^2+PhotonIndex+log10Ta+Alpha+log10PeakFluxSqr+log10TaSqr+AlphaSqr",0.43,0.2,0.034
11148,0,"Response ~  (log10T90Sqr+AlphaSqr+log10FaSqr+log10NHSqr+Alpha+log10Fa+PhotonIndex+log10PeakFlux)^2+log10NH+log10Ta+log10T90+log10PeakFluxSqr+PhotonIndexSqr+log10TaSqr",0.43,0.24,-0.017
11580,0,"Response ~  (log10T90Sqr+AlphaSqr+log10FaSqr+log10TaSqr+PhotonIndexSqr+log10T90+log10Fa+log10PeakFlux)^2+log10NH+PhotonIndex+log10Ta+Alpha+log10PeakFluxSqr+log10NHSqr",0.46,0.22,-0.32
11644,0,"Response ~  (log10T90Sqr+AlphaSqr+log10T90+Alpha+log10Fa+log10Ta+PhotonIndex+log10NH)^2+log10PeakFlux+log10PeakFluxSqr+log10NHSqr+PhotonIndexSqr+log10TaSqr+log10FaSqr",0.3,0.22,-0.02
11691,0,"Response ~  (log10T90Sqr+log10TaSqr+log10PeakFluxSqr+log10T90+log10Fa+log10Ta+PhotonIndex+log10NH)^2+log10PeakFlux+Alpha+log10NHSqr+PhotonIndexSqr+log10FaSqr+AlphaSqr",0.47,0.16,0.055
11703,0,"Response ~  (log10T90Sqr+log10FaSqr+log10NHSqr+log10T90+log10Fa+log10Ta+PhotonIndex+log10NH)^2+log10PeakFlux+Alpha+log10PeakFluxSqr+PhotonIndexSqr+log10TaSqr+AlphaSqr",0.34,0.19,-0.039
11709,0,"Response ~  (log10T90Sqr+log10FaSqr+PhotonIndexSqr+log10T90+log10Fa+log10Ta+PhotonIndex+log10NH)^2+log10PeakFlux+Alpha+log10PeakFluxSqr+log10NHSqr+log10TaSqr+AlphaSqr",0.5,0.22,-0.047
11883,0,"Response ~  (AlphaSqr+PhotonIndexSqr+log10PeakFluxSqr+log10T90+Alpha+log10Fa+PhotonIndex+log10NH)^2+log10PeakFlux+log10Ta+log10NHSqr+log10TaSqr+log10FaSqr+log10T90Sqr",0.33,0.22,-0.14
11973,0,"Response ~  (log10T90Sqr+log10FaSqr+log10TaSqr+log10NHSqr+log10T90+log10Fa+PhotonIndex+log10NH)^2+log10PeakFlux+log10Ta+Alpha+log10PeakFluxSqr+PhotonIndexSqr+AlphaSqr",0.38,0.19,-0.28
12020,0,"Response ~  (log10T90Sqr+AlphaSqr+log10TaSqr+log10PeakFluxSqr+log10T90+Alpha+PhotonIndex+log10NH)^2+log10PeakFlux+log10Ta+log10Fa+log10NHSqr+PhotonIndexSqr+log10FaSqr",0.17,0.25,-0.026
12036,0,"Response ~  (log10T90Sqr+AlphaSqr+log10FaSqr+log10TaSqr+log10T90+Alpha+PhotonIndex+log10NH)^2+log10PeakFlux+log10Ta+log10Fa+log10PeakFluxSqr+log10NHSqr+PhotonIndexSqr",0.29,0.22,-0.018
12180,0,"Response ~  (log10T90Sqr+log10FaSqr+PhotonIndexSqr+log10NHSqr+log10T90+log10Fa+log10Ta+log10NH)^2+log10PeakFlux+PhotonIndex+Alpha+log10PeakFluxSqr+log10TaSqr+AlphaSqr",0.5,0.17,-0.24
12245,0,"Response ~  (log10T90Sqr+AlphaSqr+log10FaSqr+PhotonIndexSqr+log10T90+Alpha+log10Ta+log10NH)^2+log10PeakFlux+PhotonIndex+log10Fa+log10PeakFluxSqr+log10NHSqr+log10TaSqr",0.47,0.2,-0.39
12328,0,"Response ~  (log10T90Sqr+AlphaSqr+log10TaSqr+PhotonIndexSqr+log10T90+Alpha+log10Fa+log10NH)^2+log10PeakFlux+PhotonIndex+log10Ta+log10PeakFluxSqr+log10NHSqr+log10FaSqr",0.29,0.22,-0.027
12400,0,"Response ~  (log10T90Sqr+AlphaSqr+log10FaSqr+log10TaSqr+PhotonIndexSqr+log10T90+Alpha+log10NH)^2+log10PeakFlux+PhotonIndex+log10Ta+log10Fa+log10PeakFluxSqr+log10NHSqr",0.29,0.22,-0.024
12439,0,"Response ~  (log10T90Sqr+log10FaSqr+log10NHSqr+log10T90+Alpha+log10Fa+log10Ta+PhotonIndex)^2+log10PeakFlux+log10NH+log10PeakFluxSqr+PhotonIndexSqr+log10TaSqr+AlphaSqr",0.45,0.2,-0.12
12654,0,"Response ~  (log10T90Sqr+AlphaSqr+log10TaSqr+log10NHSqr+log10T90+Alpha+log10Fa+PhotonIndex)^2+log10PeakFlux+log10NH+log10Ta+log10PeakFluxSqr+PhotonIndexSqr+log10FaSqr",0.3,0.22,-0.018
14471,0,"Response ~  (log10T90Sqr+log10FaSqr+log10TaSqr+log10NHSqr+log10PeakFluxSqr+log10T90+log10Fa+PhotonIndex+log10NH)^2+log10PeakFlux+log10Ta+Alpha+PhotonIndexSqr+AlphaSqr",0.41,0.17,-0.27
14511,0,"Response ~  (log10T90Sqr+AlphaSqr+log10FaSqr+log10TaSqr+log10NHSqr+log10T90+Alpha+PhotonIndex+log10NH)^2+log10PeakFlux+log10Ta+log10Fa+log10PeakFluxSqr+PhotonIndexSqr",0.26,0.23,-0.034
