"formula_idx","wins","formula","r","rmse","bias"
817,12,"Response ~  (log10FaSqr+log10Fa+log10Ta+log10PeakFlux)^2+log10NH+PhotonIndex+Alpha+log10T90+log10NHSqr+log10PeakFluxSqr+PhotonIndexSqr+log10TaSqr+AlphaSqr+log10T90Sqr",0.53,0.17,-0.14
211,8,"Response ~  (log10FaSqr+log10Fa+log10PeakFlux)^2+log10NH+PhotonIndex+log10Ta+Alpha+log10T90+log10NHSqr+log10PeakFluxSqr+PhotonIndexSqr+log10TaSqr+AlphaSqr+log10T90Sqr",0.52,0.16,-0.21
3548,7,"Response ~  (log10FaSqr+log10TaSqr+log10Fa+PhotonIndex+log10PeakFlux+log10NH)^2+log10Ta+Alpha+log10T90+log10NHSqr+log10PeakFluxSqr+PhotonIndexSqr+AlphaSqr+log10T90Sqr",0.49,0.17,-0.065
497,6,"Response ~  (log10FaSqr+log10Fa+log10PeakFlux+log10NH)^2+PhotonIndex+log10Ta+Alpha+log10T90+log10NHSqr+log10PeakFluxSqr+PhotonIndexSqr+log10TaSqr+AlphaSqr+log10T90Sqr",0.5,0.17,-0.2
1358,5,"Response ~  (AlphaSqr+PhotonIndexSqr+log10T90+Alpha)^2+log10NH+log10PeakFlux+PhotonIndex+log10Ta+log10Fa+log10NHSqr+log10PeakFluxSqr+log10TaSqr+log10FaSqr+log10T90Sqr",0.5,0.16,-0.19
2903,5,"Response ~  (AlphaSqr+log10FaSqr+log10T90+Alpha+PhotonIndex)^2+log10NH+log10PeakFlux+log10Ta+log10Fa+log10NHSqr+log10PeakFluxSqr+PhotonIndexSqr+log10TaSqr+log10T90Sqr",0.5,0.17,-0.21
378,4,"Response ~  (AlphaSqr+PhotonIndexSqr+log10Fa)^2+log10NH+log10PeakFlux+PhotonIndex+log10Ta+Alpha+log10T90+log10NHSqr+log10PeakFluxSqr+log10TaSqr+log10FaSqr+log10T90Sqr",0.49,0.16,-0.053
1335,4,"Response ~  (log10FaSqr+log10TaSqr+PhotonIndexSqr+log10Fa)^2+log10NH+log10PeakFlux+PhotonIndex+log10Ta+Alpha+log10T90+log10NHSqr+log10PeakFluxSqr+AlphaSqr+log10T90Sqr",0.42,0.17,-0.26
1697,4,"Response ~  (log10FaSqr+log10Fa+log10Ta+PhotonIndex+log10NH)^2+log10PeakFlux+Alpha+log10T90+log10NHSqr+log10PeakFluxSqr+PhotonIndexSqr+log10TaSqr+AlphaSqr+log10T90Sqr",0.47,0.16,-0.035
2261,4,"Response ~  (log10FaSqr+log10TaSqr+log10Fa+PhotonIndex+log10PeakFlux)^2+log10NH+log10Ta+Alpha+log10T90+log10NHSqr+log10PeakFluxSqr+PhotonIndexSqr+AlphaSqr+log10T90Sqr",0.52,0.17,-0.17
2378,4,"Response ~  (log10FaSqr+PhotonIndexSqr+log10Fa+log10Ta+log10PeakFlux)^2+log10NH+PhotonIndex+Alpha+log10T90+log10NHSqr+log10PeakFluxSqr+log10TaSqr+AlphaSqr+log10T90Sqr",0.54,0.16,-0.088
3234,4,"Response ~  (AlphaSqr+PhotonIndexSqr+log10T90+Alpha+log10Fa)^2+log10NH+log10PeakFlux+PhotonIndex+log10Ta+log10NHSqr+log10PeakFluxSqr+log10TaSqr+log10FaSqr+log10T90Sqr",0.5,0.16,-0.22
360,3,"Response ~  (PhotonIndexSqr+log10T90+log10Fa)^2+log10NH+log10PeakFlux+PhotonIndex+log10Ta+Alpha+log10NHSqr+log10PeakFluxSqr+log10TaSqr+log10FaSqr+AlphaSqr+log10T90Sqr",0.54,0.16,-0.14
1316,3,"Response ~  (log10FaSqr+PhotonIndexSqr+log10NHSqr+log10Fa)^2+log10NH+log10PeakFlux+PhotonIndex+log10Ta+Alpha+log10T90+log10PeakFluxSqr+log10TaSqr+AlphaSqr+log10T90Sqr",0.51,0.16,-0.039
1487,3,"Response ~  (log10FaSqr+log10Fa+PhotonIndex+log10PeakFlux+log10NH)^2+log10Ta+Alpha+log10T90+log10NHSqr+log10PeakFluxSqr+PhotonIndexSqr+log10TaSqr+AlphaSqr+log10T90Sqr",0.49,0.17,-0.29
2545,3,"Response ~  (log10FaSqr+log10TaSqr+PhotonIndexSqr+log10Fa+log10PeakFlux)^2+log10NH+PhotonIndex+log10Ta+Alpha+log10T90+log10NHSqr+log10PeakFluxSqr+AlphaSqr+log10T90Sqr",0.47,0.17,-0.11
3415,3,"Response ~  (log10T90Sqr+AlphaSqr+log10FaSqr+PhotonIndexSqr+Alpha)^2+log10NH+log10PeakFlux+PhotonIndex+log10Ta+log10Fa+log10T90+log10NHSqr+log10PeakFluxSqr+log10TaSqr",0.48,0.17,-0.21
30,2,"Response ~  (log10Fa+log10PeakFlux)^2+log10NH+PhotonIndex+log10Ta+Alpha+log10T90+log10NHSqr+log10PeakFluxSqr+PhotonIndexSqr+log10TaSqr+log10FaSqr+AlphaSqr+log10T90Sqr",0.54,0.17,-0.24
119,2,"Response ~  (log10Fa+PhotonIndex+log10NH)^2+log10PeakFlux+log10Ta+Alpha+log10T90+log10NHSqr+log10PeakFluxSqr+PhotonIndexSqr+log10TaSqr+log10FaSqr+AlphaSqr+log10T90Sqr",0.57,0.16,-0.21
260,2,"Response ~  (Alpha+log10Fa+PhotonIndex)^2+log10NH+log10PeakFlux+log10Ta+log10T90+log10NHSqr+log10PeakFluxSqr+PhotonIndexSqr+log10TaSqr+log10FaSqr+AlphaSqr+log10T90Sqr",0.39,0.17,-0.22
261,2,"Response ~  (log10T90+log10Fa+PhotonIndex)^2+log10NH+log10PeakFlux+log10Ta+Alpha+log10NHSqr+log10PeakFluxSqr+PhotonIndexSqr+log10TaSqr+log10FaSqr+AlphaSqr+log10T90Sqr",0.54,0.16,-0.089
262,2,"Response ~  (log10NHSqr+log10Fa+PhotonIndex)^2+log10NH+log10PeakFlux+log10Ta+Alpha+log10T90+log10PeakFluxSqr+PhotonIndexSqr+log10TaSqr+log10FaSqr+AlphaSqr+log10T90Sqr",0.51,0.17,-0.12
266,2,"Response ~  (log10FaSqr+log10Fa+PhotonIndex)^2+log10NH+log10PeakFlux+log10Ta+Alpha+log10T90+log10NHSqr+log10PeakFluxSqr+PhotonIndexSqr+log10TaSqr+AlphaSqr+log10T90Sqr",0.59,0.15,-0.14
268,2,"Response ~  (log10T90Sqr+log10Fa+PhotonIndex)^2+log10NH+log10PeakFlux+log10Ta+Alpha+log10T90+log10NHSqr+log10PeakFluxSqr+PhotonIndexSqr+log10TaSqr+log10FaSqr+AlphaSqr",0.51,0.17,-0.42
293,2,"Response ~  (AlphaSqr+log10PeakFluxSqr+PhotonIndex)^2+log10NH+log10PeakFlux+log10Ta+log10Fa+Alpha+log10T90+log10NHSqr+PhotonIndexSqr+log10TaSqr+log10FaSqr+log10T90Sqr",0.54,0.17,-0.14
309,2,"Response ~  (PhotonIndexSqr+log10Fa+log10Ta)^2+log10NH+log10PeakFlux+PhotonIndex+Alpha+log10T90+log10NHSqr+log10PeakFluxSqr+log10TaSqr+log10FaSqr+AlphaSqr+log10T90Sqr",0.64,0.13,-0.063
377,2,"Response ~  (log10FaSqr+PhotonIndexSqr+log10Fa)^2+log10NH+log10PeakFlux+PhotonIndex+log10Ta+Alpha+log10T90+log10NHSqr+log10PeakFluxSqr+log10TaSqr+AlphaSqr+log10T90Sqr",0.54,0.15,-0.17
391,2,"Response ~  (AlphaSqr+log10T90+Alpha)^2+log10NH+log10PeakFlux+PhotonIndex+log10Ta+log10Fa+log10NHSqr+log10PeakFluxSqr+PhotonIndexSqr+log10TaSqr+log10FaSqr+log10T90Sqr",0.51,0.17,-0.13
451,2,"Response ~  (log10FaSqr+PhotonIndexSqr+log10PeakFluxSqr)^2+log10NH+log10PeakFlux+PhotonIndex+log10Ta+log10Fa+Alpha+log10T90+log10NHSqr+log10TaSqr+AlphaSqr+log10T90Sqr",0.51,0.16,-0.13
460,2,"Response ~  (log10FaSqr+log10TaSqr+PhotonIndexSqr)^2+log10NH+log10PeakFlux+PhotonIndex+log10Ta+log10Fa+Alpha+log10T90+log10NHSqr+log10PeakFluxSqr+AlphaSqr+log10T90Sqr",0.52,0.16,-0.26
543,2,"Response ~  (log10FaSqr+log10Ta+PhotonIndex+log10NH)^2+log10PeakFlux+log10Fa+Alpha+log10T90+log10NHSqr+log10PeakFluxSqr+PhotonIndexSqr+log10TaSqr+AlphaSqr+log10T90Sqr",0.56,0.16,-0.21
573,2,"Response ~  (log10FaSqr+log10NHSqr+PhotonIndex+log10NH)^2+log10PeakFlux+log10Ta+log10Fa+Alpha+log10T90+log10PeakFluxSqr+PhotonIndexSqr+log10TaSqr+AlphaSqr+log10T90Sqr",0.64,0.13,-0.35
579,2,"Response ~  (AlphaSqr+log10PeakFluxSqr+PhotonIndex+log10NH)^2+log10PeakFlux+log10Ta+log10Fa+Alpha+log10T90+log10NHSqr+PhotonIndexSqr+log10TaSqr+log10FaSqr+log10T90Sqr",0.4,0.17,-0.054
772,2,"Response ~  (log10FaSqr+log10Fa+PhotonIndex+log10PeakFlux)^2+log10NH+log10Ta+Alpha+log10T90+log10NHSqr+log10PeakFluxSqr+PhotonIndexSqr+log10TaSqr+AlphaSqr+log10T90Sqr",0.51,0.17,-0.073
868,2,"Response ~  (log10FaSqr+log10T90+log10Fa+log10PeakFlux)^2+log10NH+PhotonIndex+log10Ta+Alpha+log10NHSqr+log10PeakFluxSqr+PhotonIndexSqr+log10TaSqr+AlphaSqr+log10T90Sqr",0.57,0.16,-0.19
874,2,"Response ~  (log10FaSqr+log10NHSqr+log10Fa+log10PeakFlux)^2+log10NH+PhotonIndex+log10Ta+Alpha+log10T90+log10PeakFluxSqr+PhotonIndexSqr+log10TaSqr+AlphaSqr+log10T90Sqr",0.52,0.17,-0.069
882,2,"Response ~  (log10TaSqr+PhotonIndexSqr+log10Fa+log10PeakFlux)^2+log10NH+PhotonIndex+log10Ta+Alpha+log10T90+log10NHSqr+log10PeakFluxSqr+log10FaSqr+AlphaSqr+log10T90Sqr",0.48,0.17,-0.067
1035,2,"Response ~  (log10T90Sqr+log10T90+log10Fa+PhotonIndex)^2+log10NH+log10PeakFlux+log10Ta+Alpha+log10NHSqr+log10PeakFluxSqr+PhotonIndexSqr+log10TaSqr+log10FaSqr+AlphaSqr",0.55,0.16,-0.12
1053,2,"Response ~  (log10T90Sqr+log10TaSqr+log10Fa+PhotonIndex)^2+log10NH+log10PeakFlux+log10Ta+Alpha+log10T90+log10NHSqr+log10PeakFluxSqr+PhotonIndexSqr+log10FaSqr+AlphaSqr",0.56,0.16,-0.26
1140,2,"Response ~  (log10T90Sqr+AlphaSqr+log10FaSqr+PhotonIndex)^2+log10NH+log10PeakFlux+log10Ta+log10Fa+Alpha+log10T90+log10NHSqr+log10PeakFluxSqr+PhotonIndexSqr+log10TaSqr",0.54,0.17,0.059
1280,2,"Response ~  (log10FaSqr+PhotonIndexSqr+Alpha+log10Fa)^2+log10NH+log10PeakFlux+PhotonIndex+log10Ta+log10T90+log10NHSqr+log10PeakFluxSqr+log10TaSqr+AlphaSqr+log10T90Sqr",0.46,0.17,-0.2
1302,2,"Response ~  (AlphaSqr+PhotonIndexSqr+log10T90+log10Fa)^2+log10NH+log10PeakFlux+PhotonIndex+log10Ta+Alpha+log10NHSqr+log10PeakFluxSqr+log10TaSqr+log10FaSqr+log10T90Sqr",0.41,0.17,-0.0026
1394,2,"Response ~  (AlphaSqr+log10FaSqr+PhotonIndexSqr+Alpha)^2+log10NH+log10PeakFlux+PhotonIndex+log10Ta+log10Fa+log10T90+log10NHSqr+log10PeakFluxSqr+log10TaSqr+log10T90Sqr",0.48,0.16,-0.1
1396,2,"Response ~  (log10T90Sqr+AlphaSqr+PhotonIndexSqr+Alpha)^2+log10NH+log10PeakFlux+PhotonIndex+log10Ta+log10Fa+log10T90+log10NHSqr+log10PeakFluxSqr+log10TaSqr+log10FaSqr",0.51,0.16,-0.1
1598,2,"Response ~  (log10FaSqr+PhotonIndexSqr+log10Fa+log10PeakFlux+log10NH)^2+PhotonIndex+log10Ta+Alpha+log10T90+log10NHSqr+log10PeakFluxSqr+log10TaSqr+AlphaSqr+log10T90Sqr",0.45,0.18,-0.16
1986,2,"Response ~  (log10FaSqr+log10NHSqr+Alpha+log10Fa+log10NH)^2+log10PeakFlux+PhotonIndex+log10Ta+log10T90+log10PeakFluxSqr+PhotonIndexSqr+log10TaSqr+AlphaSqr+log10T90Sqr",0.45,0.19,0.1
2073,2,"Response ~  (AlphaSqr+PhotonIndexSqr+log10T90+Alpha+log10NH)^2+log10PeakFlux+PhotonIndex+log10Ta+log10Fa+log10NHSqr+log10PeakFluxSqr+log10TaSqr+log10FaSqr+log10T90Sqr",0.54,0.16,-0.26
2192,2,"Response ~  (log10FaSqr+log10Fa+log10Ta+PhotonIndex+log10PeakFlux)^2+log10NH+Alpha+log10T90+log10NHSqr+log10PeakFluxSqr+PhotonIndexSqr+log10TaSqr+AlphaSqr+log10T90Sqr",0.49,0.17,-0.08
2249,2,"Response ~  (log10FaSqr+log10NHSqr+log10Fa+PhotonIndex+log10PeakFlux)^2+log10NH+log10Ta+Alpha+log10T90+log10PeakFluxSqr+PhotonIndexSqr+log10TaSqr+AlphaSqr+log10T90Sqr",0.5,0.17,-0.21
2693,2,"Response ~  (log10FaSqr+log10T90+log10Fa+log10Ta+PhotonIndex)^2+log10NH+log10PeakFlux+Alpha+log10NHSqr+log10PeakFluxSqr+PhotonIndexSqr+log10TaSqr+AlphaSqr+log10T90Sqr",0.48,0.17,-0.17
2695,2,"Response ~  (log10T90Sqr+log10T90+log10Fa+log10Ta+PhotonIndex)^2+log10NH+log10PeakFlux+Alpha+log10NHSqr+log10PeakFluxSqr+PhotonIndexSqr+log10TaSqr+log10FaSqr+AlphaSqr",0.45,0.17,-0.14
2856,2,"Response ~  (log10FaSqr+PhotonIndexSqr+log10NHSqr+log10Fa+PhotonIndex)^2+log10NH+log10PeakFlux+log10Ta+Alpha+log10T90+log10PeakFluxSqr+log10TaSqr+AlphaSqr+log10T90Sqr",0.6,0.15,-0.039
2930,2,"Response ~  (log10T90Sqr+AlphaSqr+log10PeakFluxSqr+Alpha+PhotonIndex)^2+log10NH+log10PeakFlux+log10Ta+log10Fa+log10T90+log10NHSqr+PhotonIndexSqr+log10TaSqr+log10FaSqr",0.43,0.18,-0.23
3146,2,"Response ~  (log10T90Sqr+AlphaSqr+PhotonIndexSqr+Alpha+log10Ta)^2+log10NH+log10PeakFlux+PhotonIndex+log10Fa+log10T90+log10NHSqr+log10PeakFluxSqr+log10TaSqr+log10FaSqr",0.46,0.18,-0.39
3272,2,"Response ~  (log10T90Sqr+AlphaSqr+PhotonIndexSqr+Alpha+log10Fa)^2+log10NH+log10PeakFlux+PhotonIndex+log10Ta+log10T90+log10NHSqr+log10PeakFluxSqr+log10TaSqr+log10FaSqr",0.51,0.16,-0.13
3304,2,"Response ~  (log10T90Sqr+log10TaSqr+PhotonIndexSqr+log10T90+log10Fa)^2+log10NH+log10PeakFlux+PhotonIndex+log10Ta+Alpha+log10NHSqr+log10PeakFluxSqr+log10FaSqr+AlphaSqr",0.51,0.16,-0.24
3665,2,"Response ~  (log10FaSqr+PhotonIndexSqr+log10Fa+log10Ta+log10PeakFlux+log10NH)^2+PhotonIndex+Alpha+log10T90+log10NHSqr+log10PeakFluxSqr+log10TaSqr+AlphaSqr+log10T90Sqr",0.46,0.18,-0.088
4609,2,"Response ~  (log10FaSqr+log10TaSqr+PhotonIndexSqr+log10NHSqr+log10Fa+log10NH)^2+log10PeakFlux+PhotonIndex+log10Ta+Alpha+log10T90+log10PeakFluxSqr+AlphaSqr+log10T90Sqr",0.51,0.17,-0.067
4778,2,"Response ~  (log10FaSqr+log10NHSqr+log10Fa+log10Ta+PhotonIndex+log10PeakFlux)^2+log10NH+Alpha+log10T90+log10PeakFluxSqr+PhotonIndexSqr+log10TaSqr+AlphaSqr+log10T90Sqr",0.51,0.17,-0.096
5145,2,"Response ~  (log10FaSqr+PhotonIndexSqr+log10NHSqr+log10Fa+log10Ta+log10PeakFlux)^2+log10NH+PhotonIndex+Alpha+log10T90+log10PeakFluxSqr+log10TaSqr+AlphaSqr+log10T90Sqr",0.53,0.15,-0.086
5401,2,"Response ~  (log10FaSqr+log10TaSqr+PhotonIndexSqr+log10NHSqr+log10Fa+log10PeakFlux)^2+log10NH+PhotonIndex+log10Ta+Alpha+log10T90+log10PeakFluxSqr+AlphaSqr+log10T90Sqr",0.59,0.16,-0.031
5599,2,"Response ~  (log10T90Sqr+log10FaSqr+log10T90+log10Fa+log10Ta+PhotonIndex)^2+log10NH+log10PeakFlux+Alpha+log10NHSqr+log10PeakFluxSqr+PhotonIndexSqr+log10TaSqr+AlphaSqr",0.55,0.17,-0.13
5850,2,"Response ~  (log10T90Sqr+log10FaSqr+log10TaSqr+log10T90+log10Fa+PhotonIndex)^2+log10NH+log10PeakFlux+log10Ta+Alpha+log10NHSqr+log10PeakFluxSqr+PhotonIndexSqr+AlphaSqr",0.54,0.17,-0.11
18,1,"Response ~  (log10Fa+log10NH)^2+log10PeakFlux+PhotonIndex+log10Ta+Alpha+log10T90+log10NHSqr+log10PeakFluxSqr+PhotonIndexSqr+log10TaSqr+log10FaSqr+AlphaSqr+log10T90Sqr",0.59,0.16,-0.037
366,1,"Response ~  (PhotonIndexSqr+log10NHSqr+log10Fa)^2+log10NH+log10PeakFlux+PhotonIndex+log10Ta+Alpha+log10T90+log10PeakFluxSqr+log10TaSqr+log10FaSqr+AlphaSqr+log10T90Sqr",0.53,0.17,-0.36
464,1,"Response ~  (log10T90Sqr+log10FaSqr+PhotonIndexSqr)^2+log10NH+log10PeakFlux+PhotonIndex+log10Ta+log10Fa+Alpha+log10T90+log10NHSqr+log10PeakFluxSqr+log10TaSqr+AlphaSqr",0.53,0.17,-0.22
588,1,"Response ~  (AlphaSqr+log10FaSqr+PhotonIndex+log10NH)^2+log10PeakFlux+log10Ta+log10Fa+Alpha+log10T90+log10NHSqr+log10PeakFluxSqr+PhotonIndexSqr+log10TaSqr+log10T90Sqr",0.46,0.17,-0.29
850,1,"Response ~  (log10FaSqr+log10TaSqr+log10Ta+log10PeakFlux)^2+log10NH+PhotonIndex+log10Fa+Alpha+log10T90+log10NHSqr+log10PeakFluxSqr+PhotonIndexSqr+AlphaSqr+log10T90Sqr",0.52,0.17,-0.22
1062,1,"Response ~  (AlphaSqr+log10T90+Alpha+PhotonIndex)^2+log10NH+log10PeakFlux+log10Ta+log10Fa+log10NHSqr+log10PeakFluxSqr+PhotonIndexSqr+log10TaSqr+log10FaSqr+log10T90Sqr",0.52,0.16,-0.23
1336,1,"Response ~  (AlphaSqr+log10TaSqr+PhotonIndexSqr+log10Fa)^2+log10NH+log10PeakFlux+PhotonIndex+log10Ta+Alpha+log10T90+log10NHSqr+log10PeakFluxSqr+log10FaSqr+log10T90Sqr",0.56,0.16,-0.37
1532,1,"Response ~  (log10FaSqr+log10Fa+log10Ta+log10PeakFlux+log10NH)^2+PhotonIndex+Alpha+log10T90+log10NHSqr+log10PeakFluxSqr+PhotonIndexSqr+log10TaSqr+AlphaSqr+log10T90Sqr",0.5,0.16,-0.27
1776,1,"Response ~  (log10FaSqr+log10T90+Alpha+PhotonIndex+log10NH)^2+log10PeakFlux+log10Ta+log10Fa+log10NHSqr+log10PeakFluxSqr+PhotonIndexSqr+log10TaSqr+AlphaSqr+log10T90Sqr",0.4,0.19,-0.15
1777,1,"Response ~  (AlphaSqr+log10T90+Alpha+PhotonIndex+log10NH)^2+log10PeakFlux+log10Ta+log10Fa+log10NHSqr+log10PeakFluxSqr+PhotonIndexSqr+log10TaSqr+log10FaSqr+log10T90Sqr",0.34,0.19,-0.21
2243,1,"Response ~  (log10FaSqr+log10T90+log10Fa+PhotonIndex+log10PeakFlux)^2+log10NH+log10Ta+Alpha+log10NHSqr+log10PeakFluxSqr+PhotonIndexSqr+log10TaSqr+AlphaSqr+log10T90Sqr",0.52,0.17,-0.062
2363,1,"Response ~  (log10FaSqr+log10T90+log10Fa+log10Ta+log10PeakFlux)^2+log10NH+PhotonIndex+Alpha+log10NHSqr+log10PeakFluxSqr+PhotonIndexSqr+log10TaSqr+AlphaSqr+log10T90Sqr",0.43,0.17,-0.17
2526,1,"Response ~  (log10FaSqr+PhotonIndexSqr+log10NHSqr+log10Fa+log10PeakFlux)^2+log10NH+PhotonIndex+log10Ta+Alpha+log10T90+log10PeakFluxSqr+log10TaSqr+AlphaSqr+log10T90Sqr",0.51,0.16,-0.18
3053,1,"Response ~  (log10T90Sqr+PhotonIndexSqr+log10T90+log10Fa+log10Ta)^2+log10NH+log10PeakFlux+PhotonIndex+Alpha+log10NHSqr+log10PeakFluxSqr+log10TaSqr+log10FaSqr+AlphaSqr",0.38,0.18,-0.023
3088,1,"Response ~  (AlphaSqr+log10FaSqr+PhotonIndexSqr+log10Fa+log10Ta)^2+log10NH+log10PeakFlux+PhotonIndex+Alpha+log10T90+log10NHSqr+log10PeakFluxSqr+log10TaSqr+log10T90Sqr",0.44,0.19,-0.15
3249,1,"Response ~  (AlphaSqr+PhotonIndexSqr+log10NHSqr+Alpha+log10Fa)^2+log10NH+log10PeakFlux+PhotonIndex+log10Ta+log10T90+log10PeakFluxSqr+log10TaSqr+log10FaSqr+log10T90Sqr",0.49,0.17,-0.057
3343,1,"Response ~  (log10T90Sqr+log10FaSqr+log10TaSqr+PhotonIndexSqr+log10Fa)^2+log10NH+log10PeakFlux+PhotonIndex+log10Ta+Alpha+log10T90+log10NHSqr+log10PeakFluxSqr+AlphaSqr",0.39,0.18,-0.19
3364,1,"Response ~  (AlphaSqr+PhotonIndexSqr+log10PeakFluxSqr+log10T90+Alpha)^2+log10NH+log10PeakFlux+PhotonIndex+log10Ta+log10Fa+log10NHSqr+log10TaSqr+log10FaSqr+log10T90Sqr",0.49,0.17,-0.063
3805,1,"Response ~  (log10T90Sqr+log10FaSqr+log10T90+log10Fa+log10PeakFlux+log10NH)^2+PhotonIndex+log10Ta+Alpha+log10NHSqr+log10PeakFluxSqr+PhotonIndexSqr+log10TaSqr+AlphaSqr",0.44,0.2,-0.37
4115,1,"Response ~  (log10T90Sqr+AlphaSqr+Alpha+log10Fa+PhotonIndex+log10NH)^2+log10PeakFlux+log10Ta+log10T90+log10NHSqr+log10PeakFluxSqr+PhotonIndexSqr+log10TaSqr+log10FaSqr",0.47,0.19,-0.18
4217,1,"Response ~  (log10T90Sqr+AlphaSqr+log10PeakFluxSqr+Alpha+PhotonIndex+log10NH)^2+log10PeakFlux+log10Ta+log10Fa+log10T90+log10NHSqr+PhotonIndexSqr+log10TaSqr+log10FaSqr",0.38,0.2,-0.18
6099,1,"Response ~  (log10T90Sqr+log10FaSqr+PhotonIndexSqr+log10T90+log10Fa+log10Ta)^2+log10NH+log10PeakFlux+PhotonIndex+Alpha+log10NHSqr+log10PeakFluxSqr+log10TaSqr+AlphaSqr",0.57,0.16,-0.13
6413,1,"Response ~  (AlphaSqr+log10TaSqr+PhotonIndexSqr+log10PeakFluxSqr+log10T90+Alpha)^2+log10NH+log10PeakFlux+PhotonIndex+log10Ta+log10Fa+log10NHSqr+log10FaSqr+log10T90Sqr",0.48,0.19,-0.19
7330,1,"Response ~  (log10T90Sqr+log10FaSqr+log10NHSqr+log10Fa+log10Ta+PhotonIndex+log10NH)^2+log10PeakFlux+Alpha+log10T90+log10PeakFluxSqr+PhotonIndexSqr+log10TaSqr+AlphaSqr",0.59,0.17,-0.14
9484,1,"Response ~  (log10T90Sqr+log10FaSqr+log10TaSqr+PhotonIndexSqr+log10NHSqr+log10Fa+PhotonIndex)^2+log10NH+log10PeakFlux+log10Ta+Alpha+log10T90+log10PeakFluxSqr+AlphaSqr",0.6,0.18,-0.1
10455,1,"Response ~  (log10T90Sqr+log10FaSqr+PhotonIndexSqr+log10T90+log10Fa+log10Ta+log10PeakFlux+log10NH)^2+PhotonIndex+Alpha+log10NHSqr+log10PeakFluxSqr+log10TaSqr+AlphaSqr",0.51,0.2,-0.32
9,0,"Response ~  log10PeakFluxSqr:log10PeakFluxSqr+log10NH+log10PeakFlux+PhotonIndex+log10Ta+log10Fa+Alpha+log10T90+log10NHSqr+PhotonIndexSqr+log10TaSqr+log10FaSqr+AlphaSqr+log10T90Sqr",0.56,0.17,-0.14
14,0,"Response ~  log10T90Sqr:log10T90Sqr+log10NH+log10PeakFlux+PhotonIndex+log10Ta+log10Fa+Alpha+log10T90+log10NHSqr+log10PeakFluxSqr+PhotonIndexSqr+log10TaSqr+log10FaSqr+AlphaSqr",0.47,0.16,-0.16
15,0,"Response ~  (log10PeakFlux+log10NH)^2+PhotonIndex+log10Ta+log10Fa+Alpha+log10T90+log10NHSqr+log10PeakFluxSqr+PhotonIndexSqr+log10TaSqr+log10FaSqr+AlphaSqr+log10T90Sqr",0.43,0.16,-0.025
16,0,"Response ~  (PhotonIndex+log10NH)^2+log10PeakFlux+log10Ta+log10Fa+Alpha+log10T90+log10NHSqr+log10PeakFluxSqr+PhotonIndexSqr+log10TaSqr+log10FaSqr+AlphaSqr+log10T90Sqr",0.5,0.16,-0.18
25,0,"Response ~  (log10FaSqr+log10NH)^2+log10PeakFlux+PhotonIndex+log10Ta+log10Fa+Alpha+log10T90+log10NHSqr+log10PeakFluxSqr+PhotonIndexSqr+log10TaSqr+AlphaSqr+log10T90Sqr",0.45,0.16,-0.2
27,0,"Response ~  (log10T90Sqr+log10NH)^2+log10PeakFlux+PhotonIndex+log10Ta+log10Fa+Alpha+log10T90+log10NHSqr+log10PeakFluxSqr+PhotonIndexSqr+log10TaSqr+log10FaSqr+AlphaSqr",0.52,0.15,-0.18
41,0,"Response ~  (log10Fa+PhotonIndex)^2+log10NH+log10PeakFlux+log10Ta+Alpha+log10T90+log10NHSqr+log10PeakFluxSqr+PhotonIndexSqr+log10TaSqr+log10FaSqr+AlphaSqr+log10T90Sqr",0.42,0.17,-0.0042
43,0,"Response ~  (log10T90+PhotonIndex)^2+log10NH+log10PeakFlux+log10Ta+log10Fa+Alpha+log10NHSqr+log10PeakFluxSqr+PhotonIndexSqr+log10TaSqr+log10FaSqr+AlphaSqr+log10T90Sqr",0.63,0.14,-0.35
45,0,"Response ~  (log10PeakFluxSqr+PhotonIndex)^2+log10NH+log10PeakFlux+log10Ta+log10Fa+Alpha+log10T90+log10NHSqr+PhotonIndexSqr+log10TaSqr+log10FaSqr+AlphaSqr+log10T90Sqr",0.51,0.18,-0.23
48,0,"Response ~  (log10FaSqr+PhotonIndex)^2+log10NH+log10PeakFlux+log10Ta+log10Fa+Alpha+log10T90+log10NHSqr+log10PeakFluxSqr+PhotonIndexSqr+log10TaSqr+AlphaSqr+log10T90Sqr",0.59,0.16,-0.11
49,0,"Response ~  (AlphaSqr+PhotonIndex)^2+log10NH+log10PeakFlux+log10Ta+log10Fa+Alpha+log10T90+log10NHSqr+log10PeakFluxSqr+PhotonIndexSqr+log10TaSqr+log10FaSqr+log10T90Sqr",0.55,0.17,-0.41
50,0,"Response ~  (log10T90Sqr+PhotonIndex)^2+log10NH+log10PeakFlux+log10Ta+log10Fa+Alpha+log10T90+log10NHSqr+log10PeakFluxSqr+PhotonIndexSqr+log10TaSqr+log10FaSqr+AlphaSqr",0.58,0.16,-0.029
54,0,"Response ~  (log10NHSqr+log10Ta)^2+log10NH+log10PeakFlux+PhotonIndex+log10Fa+Alpha+log10T90+log10PeakFluxSqr+PhotonIndexSqr+log10TaSqr+log10FaSqr+AlphaSqr+log10T90Sqr",0.53,0.17,-0.24
61,0,"Response ~  (Alpha+log10Fa)^2+log10NH+log10PeakFlux+PhotonIndex+log10Ta+log10T90+log10NHSqr+log10PeakFluxSqr+PhotonIndexSqr+log10TaSqr+log10FaSqr+AlphaSqr+log10T90Sqr",0.54,0.17,-0.26
65,0,"Response ~  (PhotonIndexSqr+log10Fa)^2+log10NH+log10PeakFlux+PhotonIndex+log10Ta+Alpha+log10T90+log10NHSqr+log10PeakFluxSqr+log10TaSqr+log10FaSqr+AlphaSqr+log10T90Sqr",0.49,0.17,-0.19
72,0,"Response ~  (log10PeakFluxSqr+Alpha)^2+log10NH+log10PeakFlux+PhotonIndex+log10Ta+log10Fa+log10T90+log10NHSqr+PhotonIndexSqr+log10TaSqr+log10FaSqr+AlphaSqr+log10T90Sqr",0.48,0.17,-0.25
74,0,"Response ~  (log10TaSqr+Alpha)^2+log10NH+log10PeakFlux+PhotonIndex+log10Ta+log10Fa+log10T90+log10NHSqr+log10PeakFluxSqr+PhotonIndexSqr+log10FaSqr+AlphaSqr+log10T90Sqr",0.5,0.17,-0.25
85,0,"Response ~  (log10PeakFluxSqr+log10NHSqr)^2+log10NH+log10PeakFlux+PhotonIndex+log10Ta+log10Fa+Alpha+log10T90+PhotonIndexSqr+log10TaSqr+log10FaSqr+AlphaSqr+log10T90Sqr",0.48,0.17,-0.25
97,0,"Response ~  (log10FaSqr+PhotonIndexSqr)^2+log10NH+log10PeakFlux+PhotonIndex+log10Ta+log10Fa+Alpha+log10T90+log10NHSqr+log10PeakFluxSqr+log10TaSqr+AlphaSqr+log10T90Sqr",0.57,0.16,-0.24
100,0,"Response ~  (log10FaSqr+log10TaSqr)^2+log10NH+log10PeakFlux+PhotonIndex+log10Ta+log10Fa+Alpha+log10T90+log10NHSqr+log10PeakFluxSqr+PhotonIndexSqr+AlphaSqr+log10T90Sqr",0.43,0.16,-0.32
103,0,"Response ~  (AlphaSqr+log10FaSqr)^2+log10NH+log10PeakFlux+PhotonIndex+log10Ta+log10Fa+Alpha+log10T90+log10NHSqr+log10PeakFluxSqr+PhotonIndexSqr+log10TaSqr+log10T90Sqr",0.54,0.17,-0.041
104,0,"Response ~  (log10T90Sqr+log10FaSqr)^2+log10NH+log10PeakFlux+PhotonIndex+log10Ta+log10Fa+Alpha+log10T90+log10NHSqr+log10PeakFluxSqr+PhotonIndexSqr+log10TaSqr+AlphaSqr",0.67,0.14,-0.29
123,0,"Response ~  (log10PeakFluxSqr+PhotonIndex+log10NH)^2+log10PeakFlux+log10Ta+log10Fa+Alpha+log10T90+log10NHSqr+PhotonIndexSqr+log10TaSqr+log10FaSqr+AlphaSqr+log10T90Sqr",0.59,0.16,-0.055
126,0,"Response ~  (log10FaSqr+PhotonIndex+log10NH)^2+log10PeakFlux+log10Ta+log10Fa+Alpha+log10T90+log10NHSqr+log10PeakFluxSqr+PhotonIndexSqr+log10TaSqr+AlphaSqr+log10T90Sqr",0.46,0.16,-0.21
141,0,"Response ~  (log10NHSqr+log10Fa+log10NH)^2+log10PeakFlux+PhotonIndex+log10Ta+Alpha+log10T90+log10PeakFluxSqr+PhotonIndexSqr+log10TaSqr+log10FaSqr+AlphaSqr+log10T90Sqr",0.51,0.19,-0.6
143,0,"Response ~  (PhotonIndexSqr+log10Fa+log10NH)^2+log10PeakFlux+PhotonIndex+log10Ta+Alpha+log10T90+log10NHSqr+log10PeakFluxSqr+log10TaSqr+log10FaSqr+AlphaSqr+log10T90Sqr",0.46,0.16,-0.12
145,0,"Response ~  (log10FaSqr+log10Fa+log10NH)^2+log10PeakFlux+PhotonIndex+log10Ta+Alpha+log10T90+log10NHSqr+log10PeakFluxSqr+PhotonIndexSqr+log10TaSqr+AlphaSqr+log10T90Sqr",0.41,0.17,-0.033
163,0,"Response ~  (log10PeakFluxSqr+log10NHSqr+log10NH)^2+log10PeakFlux+PhotonIndex+log10Ta+log10Fa+Alpha+log10T90+PhotonIndexSqr+log10TaSqr+log10FaSqr+AlphaSqr+log10T90Sqr",0.53,0.17,0.075
169,0,"Response ~  (PhotonIndexSqr+log10PeakFluxSqr+log10NH)^2+log10PeakFlux+PhotonIndex+log10Ta+log10Fa+Alpha+log10T90+log10NHSqr+log10TaSqr+log10FaSqr+AlphaSqr+log10T90Sqr",0.38,0.18,-0.3
175,0,"Response ~  (log10FaSqr+PhotonIndexSqr+log10NH)^2+log10PeakFlux+PhotonIndex+log10Ta+log10Fa+Alpha+log10T90+log10NHSqr+log10PeakFluxSqr+log10TaSqr+AlphaSqr+log10T90Sqr",0.53,0.16,-0.29
181,0,"Response ~  (AlphaSqr+log10FaSqr+log10NH)^2+log10PeakFlux+PhotonIndex+log10Ta+log10Fa+Alpha+log10T90+log10NHSqr+log10PeakFluxSqr+PhotonIndexSqr+log10TaSqr+log10T90Sqr",0.49,0.17,-0.23
185,0,"Response ~  (log10Fa+PhotonIndex+log10PeakFlux)^2+log10NH+log10Ta+Alpha+log10T90+log10NHSqr+log10PeakFluxSqr+PhotonIndexSqr+log10TaSqr+log10FaSqr+AlphaSqr+log10T90Sqr",0.58,0.15,-0.056
187,0,"Response ~  (log10T90+PhotonIndex+log10PeakFlux)^2+log10NH+log10Ta+log10Fa+Alpha+log10NHSqr+log10PeakFluxSqr+PhotonIndexSqr+log10TaSqr+log10FaSqr+AlphaSqr+log10T90Sqr",0.44,0.17,-0.31
208,0,"Response ~  (log10PeakFluxSqr+log10Fa+log10PeakFlux)^2+log10NH+PhotonIndex+log10Ta+Alpha+log10T90+log10NHSqr+PhotonIndexSqr+log10TaSqr+log10FaSqr+AlphaSqr+log10T90Sqr",0.42,0.18,-0.062
210,0,"Response ~  (log10TaSqr+log10Fa+log10PeakFlux)^2+log10NH+PhotonIndex+log10Ta+Alpha+log10T90+log10NHSqr+log10PeakFluxSqr+PhotonIndexSqr+log10FaSqr+AlphaSqr+log10T90Sqr",0.47,0.18,-0.2
213,0,"Response ~  (log10T90Sqr+log10Fa+log10PeakFlux)^2+log10NH+PhotonIndex+log10Ta+Alpha+log10T90+log10NHSqr+log10PeakFluxSqr+PhotonIndexSqr+log10TaSqr+log10FaSqr+AlphaSqr",0.67,0.14,-0.27
247,0,"Response ~  (AlphaSqr+log10FaSqr+log10PeakFlux)^2+log10NH+PhotonIndex+log10Ta+log10Fa+Alpha+log10T90+log10NHSqr+log10PeakFluxSqr+PhotonIndexSqr+log10TaSqr+log10T90Sqr",0.6,0.15,-0.18
248,0,"Response ~  (log10T90Sqr+log10FaSqr+log10PeakFlux)^2+log10NH+PhotonIndex+log10Ta+log10Fa+Alpha+log10T90+log10NHSqr+log10PeakFluxSqr+PhotonIndexSqr+log10TaSqr+AlphaSqr",0.41,0.17,-0.31
250,0,"Response ~  (log10Fa+log10Ta+PhotonIndex)^2+log10NH+log10PeakFlux+Alpha+log10T90+log10NHSqr+log10PeakFluxSqr+PhotonIndexSqr+log10TaSqr+log10FaSqr+AlphaSqr+log10T90Sqr",0.59,0.16,-0.15
257,0,"Response ~  (log10FaSqr+log10Ta+PhotonIndex)^2+log10NH+log10PeakFlux+log10Fa+Alpha+log10T90+log10NHSqr+log10PeakFluxSqr+PhotonIndexSqr+log10TaSqr+AlphaSqr+log10T90Sqr",0.49,0.16,-0.25
259,0,"Response ~  (log10T90Sqr+log10Ta+PhotonIndex)^2+log10NH+log10PeakFlux+log10Fa+Alpha+log10T90+log10NHSqr+log10PeakFluxSqr+PhotonIndexSqr+log10TaSqr+log10FaSqr+AlphaSqr",0.59,0.15,-0.028
263,0,"Response ~  (log10PeakFluxSqr+log10Fa+PhotonIndex)^2+log10NH+log10PeakFlux+log10Ta+Alpha+log10T90+log10NHSqr+PhotonIndexSqr+log10TaSqr+log10FaSqr+AlphaSqr+log10T90Sqr",0.55,0.15,-0.13
264,0,"Response ~  (PhotonIndexSqr+log10Fa+PhotonIndex)^2+log10NH+log10PeakFlux+log10Ta+Alpha+log10T90+log10NHSqr+log10PeakFluxSqr+log10TaSqr+log10FaSqr+AlphaSqr+log10T90Sqr",0.65,0.14,-0.27
265,0,"Response ~  (log10TaSqr+log10Fa+PhotonIndex)^2+log10NH+log10PeakFlux+log10Ta+Alpha+log10T90+log10NHSqr+log10PeakFluxSqr+PhotonIndexSqr+log10FaSqr+AlphaSqr+log10T90Sqr",0.43,0.17,-0.083
267,0,"Response ~  (AlphaSqr+log10Fa+PhotonIndex)^2+log10NH+log10PeakFlux+log10Ta+Alpha+log10T90+log10NHSqr+log10PeakFluxSqr+PhotonIndexSqr+log10TaSqr+log10FaSqr+log10T90Sqr",0.52,0.17,-0.17
271,0,"Response ~  (log10PeakFluxSqr+Alpha+PhotonIndex)^2+log10NH+log10PeakFlux+log10Ta+log10Fa+log10T90+log10NHSqr+PhotonIndexSqr+log10TaSqr+log10FaSqr+AlphaSqr+log10T90Sqr",0.51,0.17,-0.21
274,0,"Response ~  (log10FaSqr+Alpha+PhotonIndex)^2+log10NH+log10PeakFlux+log10Ta+log10Fa+log10T90+log10NHSqr+log10PeakFluxSqr+PhotonIndexSqr+log10TaSqr+AlphaSqr+log10T90Sqr",0.48,0.17,-0.48
281,0,"Response ~  (log10FaSqr+log10T90+PhotonIndex)^2+log10NH+log10PeakFlux+log10Ta+log10Fa+Alpha+log10NHSqr+log10PeakFluxSqr+PhotonIndexSqr+log10TaSqr+AlphaSqr+log10T90Sqr",0.51,0.15,-0.22
283,0,"Response ~  (log10T90Sqr+log10T90+PhotonIndex)^2+log10NH+log10PeakFlux+log10Ta+log10Fa+Alpha+log10NHSqr+log10PeakFluxSqr+PhotonIndexSqr+log10TaSqr+log10FaSqr+AlphaSqr",0.54,0.17,-0.4
284,0,"Response ~  (log10PeakFluxSqr+log10NHSqr+PhotonIndex)^2+log10NH+log10PeakFlux+log10Ta+log10Fa+Alpha+log10T90+PhotonIndexSqr+log10TaSqr+log10FaSqr+AlphaSqr+log10T90Sqr",0.57,0.16,-0.25
290,0,"Response ~  (PhotonIndexSqr+log10PeakFluxSqr+PhotonIndex)^2+log10NH+log10PeakFlux+log10Ta+log10Fa+Alpha+log10T90+log10NHSqr+log10TaSqr+log10FaSqr+AlphaSqr+log10T90Sqr",0.51,0.17,-0.24
292,0,"Response ~  (log10FaSqr+log10PeakFluxSqr+PhotonIndex)^2+log10NH+log10PeakFlux+log10Ta+log10Fa+Alpha+log10T90+log10NHSqr+PhotonIndexSqr+log10TaSqr+AlphaSqr+log10T90Sqr",0.61,0.16,-0.12
294,0,"Response ~  (log10T90Sqr+log10PeakFluxSqr+PhotonIndex)^2+log10NH+log10PeakFlux+log10Ta+log10Fa+Alpha+log10T90+log10NHSqr+PhotonIndexSqr+log10TaSqr+log10FaSqr+AlphaSqr",0.55,0.17,-0.3
298,0,"Response ~  (log10T90Sqr+PhotonIndexSqr+PhotonIndex)^2+log10NH+log10PeakFlux+log10Ta+log10Fa+Alpha+log10T90+log10NHSqr+log10PeakFluxSqr+log10TaSqr+log10FaSqr+AlphaSqr",0.52,0.18,-0.43
299,0,"Response ~  (log10FaSqr+log10TaSqr+PhotonIndex)^2+log10NH+log10PeakFlux+log10Ta+log10Fa+Alpha+log10T90+log10NHSqr+log10PeakFluxSqr+PhotonIndexSqr+AlphaSqr+log10T90Sqr",0.52,0.18,-0.35
300,0,"Response ~  (AlphaSqr+log10TaSqr+PhotonIndex)^2+log10NH+log10PeakFlux+log10Ta+log10Fa+Alpha+log10T90+log10NHSqr+log10PeakFluxSqr+PhotonIndexSqr+log10FaSqr+log10T90Sqr",0.53,0.16,-0.26
302,0,"Response ~  (AlphaSqr+log10FaSqr+PhotonIndex)^2+log10NH+log10PeakFlux+log10Ta+log10Fa+Alpha+log10T90+log10NHSqr+log10PeakFluxSqr+PhotonIndexSqr+log10TaSqr+log10T90Sqr",0.45,0.17,-0.27
303,0,"Response ~  (log10T90Sqr+log10FaSqr+PhotonIndex)^2+log10NH+log10PeakFlux+log10Ta+log10Fa+Alpha+log10T90+log10NHSqr+log10PeakFluxSqr+PhotonIndexSqr+log10TaSqr+AlphaSqr",0.51,0.18,-0.35
308,0,"Response ~  (log10PeakFluxSqr+log10Fa+log10Ta)^2+log10NH+log10PeakFlux+PhotonIndex+Alpha+log10T90+log10NHSqr+PhotonIndexSqr+log10TaSqr+log10FaSqr+AlphaSqr+log10T90Sqr",0.41,0.16,-0.098
311,0,"Response ~  (log10FaSqr+log10Fa+log10Ta)^2+log10NH+log10PeakFlux+PhotonIndex+Alpha+log10T90+log10NHSqr+log10PeakFluxSqr+PhotonIndexSqr+log10TaSqr+AlphaSqr+log10T90Sqr",0.42,0.18,-0.27
341,0,"Response ~  (log10FaSqr+PhotonIndexSqr+log10Ta)^2+log10NH+log10PeakFlux+PhotonIndex+log10Fa+Alpha+log10T90+log10NHSqr+log10PeakFluxSqr+log10TaSqr+AlphaSqr+log10T90Sqr",0.49,0.16,-0.12
353,0,"Response ~  (PhotonIndexSqr+Alpha+log10Fa)^2+log10NH+log10PeakFlux+PhotonIndex+log10Ta+log10T90+log10NHSqr+log10PeakFluxSqr+log10TaSqr+log10FaSqr+AlphaSqr+log10T90Sqr",0.51,0.16,-0.32
355,0,"Response ~  (log10FaSqr+Alpha+log10Fa)^2+log10NH+log10PeakFlux+PhotonIndex+log10Ta+log10T90+log10NHSqr+log10PeakFluxSqr+PhotonIndexSqr+log10TaSqr+AlphaSqr+log10T90Sqr",0.55,0.16,-0.16
357,0,"Response ~  (log10T90Sqr+Alpha+log10Fa)^2+log10NH+log10PeakFlux+PhotonIndex+log10Ta+log10T90+log10NHSqr+log10PeakFluxSqr+PhotonIndexSqr+log10TaSqr+log10FaSqr+AlphaSqr",0.48,0.18,0.067
368,0,"Response ~  (log10FaSqr+log10NHSqr+log10Fa)^2+log10NH+log10PeakFlux+PhotonIndex+log10Ta+Alpha+log10T90+log10PeakFluxSqr+PhotonIndexSqr+log10TaSqr+AlphaSqr+log10T90Sqr",0.49,0.17,-0.17
372,0,"Response ~  (log10TaSqr+log10PeakFluxSqr+log10Fa)^2+log10NH+log10PeakFlux+PhotonIndex+log10Ta+Alpha+log10T90+log10NHSqr+PhotonIndexSqr+log10FaSqr+AlphaSqr+log10T90Sqr",0.44,0.16,-0.034
373,0,"Response ~  (log10FaSqr+log10PeakFluxSqr+log10Fa)^2+log10NH+log10PeakFlux+PhotonIndex+log10Ta+Alpha+log10T90+log10NHSqr+PhotonIndexSqr+log10TaSqr+AlphaSqr+log10T90Sqr",0.52,0.18,-0.32
374,0,"Response ~  (AlphaSqr+log10PeakFluxSqr+log10Fa)^2+log10NH+log10PeakFlux+PhotonIndex+log10Ta+Alpha+log10T90+log10NHSqr+PhotonIndexSqr+log10TaSqr+log10FaSqr+log10T90Sqr",0.48,0.18,-0.23
376,0,"Response ~  (log10TaSqr+PhotonIndexSqr+log10Fa)^2+log10NH+log10PeakFlux+PhotonIndex+log10Ta+Alpha+log10T90+log10NHSqr+log10PeakFluxSqr+log10FaSqr+AlphaSqr+log10T90Sqr",0.55,0.16,-0.24
379,0,"Response ~  (log10T90Sqr+PhotonIndexSqr+log10Fa)^2+log10NH+log10PeakFlux+PhotonIndex+log10Ta+Alpha+log10T90+log10NHSqr+log10PeakFluxSqr+log10TaSqr+log10FaSqr+AlphaSqr",0.55,0.18,-0.35
380,0,"Response ~  (log10FaSqr+log10TaSqr+log10Fa)^2+log10NH+log10PeakFlux+PhotonIndex+log10Ta+Alpha+log10T90+log10NHSqr+log10PeakFluxSqr+PhotonIndexSqr+AlphaSqr+log10T90Sqr",0.45,0.17,-0.18
383,0,"Response ~  (AlphaSqr+log10FaSqr+log10Fa)^2+log10NH+log10PeakFlux+PhotonIndex+log10Ta+Alpha+log10T90+log10NHSqr+log10PeakFluxSqr+PhotonIndexSqr+log10TaSqr+log10T90Sqr",0.48,0.17,-0.21
405,0,"Response ~  (log10FaSqr+PhotonIndexSqr+Alpha)^2+log10NH+log10PeakFlux+PhotonIndex+log10Ta+log10Fa+log10T90+log10NHSqr+log10PeakFluxSqr+log10TaSqr+AlphaSqr+log10T90Sqr",0.51,0.17,-0.18
406,0,"Response ~  (AlphaSqr+PhotonIndexSqr+Alpha)^2+log10NH+log10PeakFlux+PhotonIndex+log10Ta+log10Fa+log10T90+log10NHSqr+log10PeakFluxSqr+log10TaSqr+log10FaSqr+log10T90Sqr",0.53,0.17,-0.08
413,0,"Response ~  (log10T90Sqr+AlphaSqr+Alpha)^2+log10NH+log10PeakFlux+PhotonIndex+log10Ta+log10Fa+log10T90+log10NHSqr+log10PeakFluxSqr+PhotonIndexSqr+log10TaSqr+log10FaSqr",0.49,0.17,-0.21
435,0,"Response ~  (PhotonIndexSqr+log10PeakFluxSqr+log10NHSqr)^2+log10NH+log10PeakFlux+PhotonIndex+log10Ta+log10Fa+Alpha+log10T90+log10TaSqr+log10FaSqr+AlphaSqr+log10T90Sqr",0.59,0.16,-0.071
453,0,"Response ~  (log10T90Sqr+PhotonIndexSqr+log10PeakFluxSqr)^2+log10NH+log10PeakFlux+PhotonIndex+log10Ta+log10Fa+Alpha+log10T90+log10NHSqr+log10TaSqr+log10FaSqr+AlphaSqr",0.52,0.16,-0.2
461,0,"Response ~  (AlphaSqr+log10TaSqr+PhotonIndexSqr)^2+log10NH+log10PeakFlux+PhotonIndex+log10Ta+log10Fa+Alpha+log10T90+log10NHSqr+log10PeakFluxSqr+log10FaSqr+log10T90Sqr",0.4,0.16,-0.28
463,0,"Response ~  (AlphaSqr+log10FaSqr+PhotonIndexSqr)^2+log10NH+log10PeakFlux+PhotonIndex+log10Ta+log10Fa+Alpha+log10T90+log10NHSqr+log10PeakFluxSqr+log10TaSqr+log10T90Sqr",0.47,0.16,-0.26
481,0,"Response ~  (log10Fa+log10Ta+log10PeakFlux+log10NH)^2+PhotonIndex+Alpha+log10T90+log10NHSqr+log10PeakFluxSqr+PhotonIndexSqr+log10TaSqr+log10FaSqr+AlphaSqr+log10T90Sqr",0.51,0.17,-0.21
496,0,"Response ~  (log10TaSqr+log10Fa+log10PeakFlux+log10NH)^2+PhotonIndex+log10Ta+Alpha+log10T90+log10NHSqr+log10PeakFluxSqr+PhotonIndexSqr+log10FaSqr+AlphaSqr+log10T90Sqr",0.53,0.17,0.021
536,0,"Response ~  (log10Fa+log10Ta+PhotonIndex+log10NH)^2+log10PeakFlux+Alpha+log10T90+log10NHSqr+log10PeakFluxSqr+PhotonIndexSqr+log10TaSqr+log10FaSqr+AlphaSqr+log10T90Sqr",0.46,0.16,-0.17
546,0,"Response ~  (Alpha+log10Fa+PhotonIndex+log10NH)^2+log10PeakFlux+log10Ta+log10T90+log10NHSqr+log10PeakFluxSqr+PhotonIndexSqr+log10TaSqr+log10FaSqr+AlphaSqr+log10T90Sqr",0.48,0.16,-0.23
548,0,"Response ~  (log10NHSqr+log10Fa+PhotonIndex+log10NH)^2+log10PeakFlux+log10Ta+Alpha+log10T90+log10PeakFluxSqr+PhotonIndexSqr+log10TaSqr+log10FaSqr+AlphaSqr+log10T90Sqr",0.56,0.16,-0.46
549,0,"Response ~  (log10PeakFluxSqr+log10Fa+PhotonIndex+log10NH)^2+log10PeakFlux+log10Ta+Alpha+log10T90+log10NHSqr+PhotonIndexSqr+log10TaSqr+log10FaSqr+AlphaSqr+log10T90Sqr",0.42,0.17,-0.015
551,0,"Response ~  (log10TaSqr+log10Fa+PhotonIndex+log10NH)^2+log10PeakFlux+log10Ta+Alpha+log10T90+log10NHSqr+log10PeakFluxSqr+PhotonIndexSqr+log10FaSqr+AlphaSqr+log10T90Sqr",0.55,0.16,-0.27
552,0,"Response ~  (log10FaSqr+log10Fa+PhotonIndex+log10NH)^2+log10PeakFlux+log10Ta+Alpha+log10T90+log10NHSqr+log10PeakFluxSqr+PhotonIndexSqr+log10TaSqr+AlphaSqr+log10T90Sqr",0.49,0.17,-0.082
553,0,"Response ~  (AlphaSqr+log10Fa+PhotonIndex+log10NH)^2+log10PeakFlux+log10Ta+Alpha+log10T90+log10NHSqr+log10PeakFluxSqr+PhotonIndexSqr+log10TaSqr+log10FaSqr+log10T90Sqr",0.48,0.19,-0.082
554,0,"Response ~  (log10T90Sqr+log10Fa+PhotonIndex+log10NH)^2+log10PeakFlux+log10Ta+Alpha+log10T90+log10NHSqr+log10PeakFluxSqr+PhotonIndexSqr+log10TaSqr+log10FaSqr+AlphaSqr",0.46,0.18,-0.21
567,0,"Response ~  (log10FaSqr+log10T90+PhotonIndex+log10NH)^2+log10PeakFlux+log10Ta+log10Fa+Alpha+log10NHSqr+log10PeakFluxSqr+PhotonIndexSqr+log10TaSqr+AlphaSqr+log10T90Sqr",0.64,0.15,-0.2
578,0,"Response ~  (log10FaSqr+log10PeakFluxSqr+PhotonIndex+log10NH)^2+log10PeakFlux+log10Ta+log10Fa+Alpha+log10T90+log10NHSqr+PhotonIndexSqr+log10TaSqr+AlphaSqr+log10T90Sqr",0.48,0.17,-0.38
580,0,"Response ~  (log10T90Sqr+log10PeakFluxSqr+PhotonIndex+log10NH)^2+log10PeakFlux+log10Ta+log10Fa+Alpha+log10T90+log10NHSqr+PhotonIndexSqr+log10TaSqr+log10FaSqr+AlphaSqr",0.51,0.18,-0.29
582,0,"Response ~  (log10FaSqr+PhotonIndexSqr+PhotonIndex+log10NH)^2+log10PeakFlux+log10Ta+log10Fa+Alpha+log10T90+log10NHSqr+log10PeakFluxSqr+log10TaSqr+AlphaSqr+log10T90Sqr",0.55,0.17,-0.2
585,0,"Response ~  (log10FaSqr+log10TaSqr+PhotonIndex+log10NH)^2+log10PeakFlux+log10Ta+log10Fa+Alpha+log10T90+log10NHSqr+log10PeakFluxSqr+PhotonIndexSqr+AlphaSqr+log10T90Sqr",0.49,0.16,-0.34
586,0,"Response ~  (AlphaSqr+log10TaSqr+PhotonIndex+log10NH)^2+log10PeakFlux+log10Ta+log10Fa+Alpha+log10T90+log10NHSqr+log10PeakFluxSqr+PhotonIndexSqr+log10FaSqr+log10T90Sqr",0.45,0.17,-0.31
597,0,"Response ~  (log10FaSqr+log10Fa+log10Ta+log10NH)^2+log10PeakFlux+PhotonIndex+Alpha+log10T90+log10NHSqr+log10PeakFluxSqr+PhotonIndexSqr+log10TaSqr+AlphaSqr+log10T90Sqr",0.52,0.17,0.061
603,0,"Response ~  (PhotonIndexSqr+Alpha+log10Ta+log10NH)^2+log10PeakFlux+PhotonIndex+log10Fa+log10T90+log10NHSqr+log10PeakFluxSqr+log10TaSqr+log10FaSqr+AlphaSqr+log10T90Sqr",0.41,0.19,-0.64
619,0,"Response ~  (AlphaSqr+log10NHSqr+log10Ta+log10NH)^2+log10PeakFlux+PhotonIndex+log10Fa+Alpha+log10T90+log10PeakFluxSqr+PhotonIndexSqr+log10TaSqr+log10FaSqr+log10T90Sqr",0.45,0.18,-0.28
621,0,"Response ~  (PhotonIndexSqr+log10PeakFluxSqr+log10Ta+log10NH)^2+log10PeakFlux+PhotonIndex+log10Fa+Alpha+log10T90+log10NHSqr+log10TaSqr+log10FaSqr+AlphaSqr+log10T90Sqr",0.38,0.17,-0.14
627,0,"Response ~  (log10FaSqr+PhotonIndexSqr+log10Ta+log10NH)^2+log10PeakFlux+PhotonIndex+log10Fa+Alpha+log10T90+log10NHSqr+log10PeakFluxSqr+log10TaSqr+AlphaSqr+log10T90Sqr",0.53,0.18,-0.37
637,0,"Response ~  (log10NHSqr+Alpha+log10Fa+log10NH)^2+log10PeakFlux+PhotonIndex+log10Ta+log10T90+log10PeakFluxSqr+PhotonIndexSqr+log10TaSqr+log10FaSqr+AlphaSqr+log10T90Sqr",0.43,0.2,-0.059
645,0,"Response ~  (log10PeakFluxSqr+log10T90+log10Fa+log10NH)^2+log10PeakFlux+PhotonIndex+log10Ta+Alpha+log10NHSqr+PhotonIndexSqr+log10TaSqr+log10FaSqr+AlphaSqr+log10T90Sqr",0.46,0.2,-0.61
651,0,"Response ~  (log10PeakFluxSqr+log10NHSqr+log10Fa+log10NH)^2+log10PeakFlux+PhotonIndex+log10Ta+Alpha+log10T90+PhotonIndexSqr+log10TaSqr+log10FaSqr+AlphaSqr+log10T90Sqr",0.2,0.19,0.18
652,0,"Response ~  (PhotonIndexSqr+log10NHSqr+log10Fa+log10NH)^2+log10PeakFlux+PhotonIndex+log10Ta+Alpha+log10T90+log10PeakFluxSqr+log10TaSqr+log10FaSqr+AlphaSqr+log10T90Sqr",0.61,0.15,-0.069
654,0,"Response ~  (log10FaSqr+log10NHSqr+log10Fa+log10NH)^2+log10PeakFlux+PhotonIndex+log10Ta+Alpha+log10T90+log10PeakFluxSqr+PhotonIndexSqr+log10TaSqr+AlphaSqr+log10T90Sqr",0.56,0.16,-0.34
655,0,"Response ~  (AlphaSqr+log10NHSqr+log10Fa+log10NH)^2+log10PeakFlux+PhotonIndex+log10Ta+Alpha+log10T90+log10PeakFluxSqr+PhotonIndexSqr+log10TaSqr+log10FaSqr+log10T90Sqr",0.39,0.17,0.067
657,0,"Response ~  (PhotonIndexSqr+log10PeakFluxSqr+log10Fa+log10NH)^2+log10PeakFlux+PhotonIndex+log10Ta+Alpha+log10T90+log10NHSqr+log10TaSqr+log10FaSqr+AlphaSqr+log10T90Sqr",0.38,0.17,-0.21
663,0,"Response ~  (log10FaSqr+PhotonIndexSqr+log10Fa+log10NH)^2+log10PeakFlux+PhotonIndex+log10Ta+Alpha+log10T90+log10NHSqr+log10PeakFluxSqr+log10TaSqr+AlphaSqr+log10T90Sqr",0.48,0.17,-0.063
665,0,"Response ~  (log10T90Sqr+PhotonIndexSqr+log10Fa+log10NH)^2+log10PeakFlux+PhotonIndex+log10Ta+Alpha+log10T90+log10NHSqr+log10PeakFluxSqr+log10TaSqr+log10FaSqr+AlphaSqr",0.59,0.16,-0.21
666,0,"Response ~  (log10FaSqr+log10TaSqr+log10Fa+log10NH)^2+log10PeakFlux+PhotonIndex+log10Ta+Alpha+log10T90+log10NHSqr+log10PeakFluxSqr+PhotonIndexSqr+AlphaSqr+log10T90Sqr",0.56,0.15,-0.055
677,0,"Response ~  (AlphaSqr+log10T90+Alpha+log10NH)^2+log10PeakFlux+PhotonIndex+log10Ta+log10Fa+log10NHSqr+log10PeakFluxSqr+PhotonIndexSqr+log10TaSqr+log10FaSqr+log10T90Sqr",0.37,0.19,-0.31
688,0,"Response ~  (AlphaSqr+log10PeakFluxSqr+Alpha+log10NH)^2+log10PeakFlux+PhotonIndex+log10Ta+log10Fa+log10T90+log10NHSqr+PhotonIndexSqr+log10TaSqr+log10FaSqr+log10T90Sqr",0.21,0.24,-0.13
699,0,"Response ~  (log10T90Sqr+AlphaSqr+Alpha+log10NH)^2+log10PeakFlux+PhotonIndex+log10Ta+log10Fa+log10T90+log10NHSqr+log10PeakFluxSqr+PhotonIndexSqr+log10TaSqr+log10FaSqr",0.39,0.19,-0.24
708,0,"Response ~  (log10FaSqr+log10PeakFluxSqr+log10T90+log10NH)^2+log10PeakFlux+PhotonIndex+log10Ta+log10Fa+Alpha+log10NHSqr+PhotonIndexSqr+log10TaSqr+AlphaSqr+log10T90Sqr",0.41,0.2,-0.087
711,0,"Response ~  (log10TaSqr+PhotonIndexSqr+log10T90+log10NH)^2+log10PeakFlux+PhotonIndex+log10Ta+log10Fa+Alpha+log10NHSqr+log10PeakFluxSqr+log10FaSqr+AlphaSqr+log10T90Sqr",0.53,0.18,-0.42
712,0,"Response ~  (log10FaSqr+PhotonIndexSqr+log10T90+log10NH)^2+log10PeakFlux+PhotonIndex+log10Ta+log10Fa+Alpha+log10NHSqr+log10PeakFluxSqr+log10TaSqr+AlphaSqr+log10T90Sqr",0.34,0.19,0.015
721,0,"Response ~  (PhotonIndexSqr+log10PeakFluxSqr+log10NHSqr+log10NH)^2+log10PeakFlux+PhotonIndex+log10Ta+log10Fa+Alpha+log10T90+log10TaSqr+log10FaSqr+AlphaSqr+log10T90Sqr",0.48,0.16,-0.17
723,0,"Response ~  (log10FaSqr+log10PeakFluxSqr+log10NHSqr+log10NH)^2+log10PeakFlux+PhotonIndex+log10Ta+log10Fa+Alpha+log10T90+PhotonIndexSqr+log10TaSqr+AlphaSqr+log10T90Sqr",0.52,0.17,-0.33
736,0,"Response ~  (log10TaSqr+PhotonIndexSqr+log10PeakFluxSqr+log10NH)^2+log10PeakFlux+PhotonIndex+log10Ta+log10Fa+Alpha+log10T90+log10NHSqr+log10FaSqr+AlphaSqr+log10T90Sqr",0.38,0.17,-0.14
737,0,"Response ~  (log10FaSqr+PhotonIndexSqr+log10PeakFluxSqr+log10NH)^2+log10PeakFlux+PhotonIndex+log10Ta+log10Fa+Alpha+log10T90+log10NHSqr+log10TaSqr+AlphaSqr+log10T90Sqr",0.54,0.17,-0.47
746,0,"Response ~  (log10FaSqr+log10TaSqr+PhotonIndexSqr+log10NH)^2+log10PeakFlux+PhotonIndex+log10Ta+log10Fa+Alpha+log10T90+log10NHSqr+log10PeakFluxSqr+AlphaSqr+log10T90Sqr",0.57,0.16,-0.21
750,0,"Response ~  (log10T90Sqr+log10FaSqr+PhotonIndexSqr+log10NH)^2+log10PeakFlux+PhotonIndex+log10Ta+log10Fa+Alpha+log10T90+log10NHSqr+log10PeakFluxSqr+log10TaSqr+AlphaSqr",0.61,0.16,-0.16
756,0,"Response ~  (log10Fa+log10Ta+PhotonIndex+log10PeakFlux)^2+log10NH+Alpha+log10T90+log10NHSqr+log10PeakFluxSqr+PhotonIndexSqr+log10TaSqr+log10FaSqr+AlphaSqr+log10T90Sqr",0.55,0.16,-0.12
771,0,"Response ~  (log10TaSqr+log10Fa+PhotonIndex+log10PeakFlux)^2+log10NH+log10Ta+Alpha+log10T90+log10NHSqr+log10PeakFluxSqr+PhotonIndexSqr+log10FaSqr+AlphaSqr+log10T90Sqr",0.53,0.16,-0.049
796,0,"Response ~  (PhotonIndexSqr+log10PeakFluxSqr+PhotonIndex+log10PeakFlux)^2+log10NH+log10Ta+log10Fa+Alpha+log10T90+log10NHSqr+log10TaSqr+log10FaSqr+AlphaSqr+log10T90Sqr",0.37,0.19,-0.22
805,0,"Response ~  (log10FaSqr+log10TaSqr+PhotonIndex+log10PeakFlux)^2+log10NH+log10Ta+log10Fa+Alpha+log10T90+log10NHSqr+log10PeakFluxSqr+PhotonIndexSqr+AlphaSqr+log10T90Sqr",0.48,0.16,-0.22
815,0,"Response ~  (PhotonIndexSqr+log10Fa+log10Ta+log10PeakFlux)^2+log10NH+PhotonIndex+Alpha+log10T90+log10NHSqr+log10PeakFluxSqr+log10TaSqr+log10FaSqr+AlphaSqr+log10T90Sqr",0.51,0.16,-0.12
816,0,"Response ~  (log10TaSqr+log10Fa+log10Ta+log10PeakFlux)^2+log10NH+PhotonIndex+Alpha+log10T90+log10NHSqr+log10PeakFluxSqr+PhotonIndexSqr+log10FaSqr+AlphaSqr+log10T90Sqr",0.43,0.17,-0.13
847,0,"Response ~  (log10FaSqr+PhotonIndexSqr+log10Ta+log10PeakFlux)^2+log10NH+PhotonIndex+log10Fa+Alpha+log10T90+log10NHSqr+log10PeakFluxSqr+log10TaSqr+AlphaSqr+log10T90Sqr",0.45,0.17,-0.17
861,0,"Response ~  (log10FaSqr+Alpha+log10Fa+log10PeakFlux)^2+log10NH+PhotonIndex+log10Ta+log10T90+log10NHSqr+log10PeakFluxSqr+PhotonIndexSqr+log10TaSqr+AlphaSqr+log10T90Sqr",0.51,0.17,-0.062
865,0,"Response ~  (log10PeakFluxSqr+log10T90+log10Fa+log10PeakFlux)^2+log10NH+PhotonIndex+log10Ta+Alpha+log10NHSqr+PhotonIndexSqr+log10TaSqr+log10FaSqr+AlphaSqr+log10T90Sqr",0.38,0.19,-0.063
872,0,"Response ~  (PhotonIndexSqr+log10NHSqr+log10Fa+log10PeakFlux)^2+log10NH+PhotonIndex+log10Ta+Alpha+log10T90+log10PeakFluxSqr+log10TaSqr+log10FaSqr+AlphaSqr+log10T90Sqr",0.4,0.17,-0.15
879,0,"Response ~  (log10FaSqr+log10PeakFluxSqr+log10Fa+log10PeakFlux)^2+log10NH+PhotonIndex+log10Ta+Alpha+log10T90+log10NHSqr+PhotonIndexSqr+log10TaSqr+AlphaSqr+log10T90Sqr",0.46,0.17,-0.17
883,0,"Response ~  (log10FaSqr+PhotonIndexSqr+log10Fa+log10PeakFlux)^2+log10NH+PhotonIndex+log10Ta+Alpha+log10T90+log10NHSqr+log10PeakFluxSqr+log10TaSqr+AlphaSqr+log10T90Sqr",0.51,0.17,-0.19
886,0,"Response ~  (log10FaSqr+log10TaSqr+log10Fa+log10PeakFlux)^2+log10NH+PhotonIndex+log10Ta+Alpha+log10T90+log10NHSqr+log10PeakFluxSqr+PhotonIndexSqr+AlphaSqr+log10T90Sqr",0.52,0.17,-0.2
890,0,"Response ~  (log10T90Sqr+log10FaSqr+log10Fa+log10PeakFlux)^2+log10NH+PhotonIndex+log10Ta+Alpha+log10T90+log10NHSqr+log10PeakFluxSqr+PhotonIndexSqr+log10TaSqr+AlphaSqr",0.52,0.17,-0.083
896,0,"Response ~  (log10FaSqr+log10T90+Alpha+log10PeakFlux)^2+log10NH+PhotonIndex+log10Ta+log10Fa+log10NHSqr+log10PeakFluxSqr+PhotonIndexSqr+log10TaSqr+AlphaSqr+log10T90Sqr",0.4,0.19,0.26
897,0,"Response ~  (AlphaSqr+log10T90+Alpha+log10PeakFlux)^2+log10NH+PhotonIndex+log10Ta+log10Fa+log10NHSqr+log10PeakFluxSqr+PhotonIndexSqr+log10TaSqr+log10FaSqr+log10T90Sqr",0.39,0.17,-0.15
935,0,"Response ~  (log10FaSqr+log10TaSqr+log10T90+log10PeakFlux)^2+log10NH+PhotonIndex+log10Ta+log10Fa+Alpha+log10NHSqr+log10PeakFluxSqr+PhotonIndexSqr+AlphaSqr+log10T90Sqr",0.49,0.18,0.21
959,0,"Response ~  (log10T90Sqr+PhotonIndexSqr+log10PeakFluxSqr+log10PeakFlux)^2+log10NH+PhotonIndex+log10Ta+log10Fa+Alpha+log10T90+log10NHSqr+log10TaSqr+log10FaSqr+AlphaSqr",0.24,0.22,-0.3
960,0,"Response ~  (log10FaSqr+log10TaSqr+log10PeakFluxSqr+log10PeakFlux)^2+log10NH+PhotonIndex+log10Ta+log10Fa+Alpha+log10T90+log10NHSqr+PhotonIndexSqr+AlphaSqr+log10T90Sqr",0.41,0.17,-0.059
966,0,"Response ~  (log10FaSqr+log10TaSqr+PhotonIndexSqr+log10PeakFlux)^2+log10NH+PhotonIndex+log10Ta+log10Fa+Alpha+log10T90+log10NHSqr+log10PeakFluxSqr+AlphaSqr+log10T90Sqr",0.54,0.16,-0.2
976,0,"Response ~  (Alpha+log10Fa+log10Ta+PhotonIndex)^2+log10NH+log10PeakFlux+log10T90+log10NHSqr+log10PeakFluxSqr+PhotonIndexSqr+log10TaSqr+log10FaSqr+AlphaSqr+log10T90Sqr",0.54,0.17,-0.25
977,0,"Response ~  (log10T90+log10Fa+log10Ta+PhotonIndex)^2+log10NH+log10PeakFlux+Alpha+log10NHSqr+log10PeakFluxSqr+PhotonIndexSqr+log10TaSqr+log10FaSqr+AlphaSqr+log10T90Sqr",0.55,0.15,-0.2
978,0,"Response ~  (log10NHSqr+log10Fa+log10Ta+PhotonIndex)^2+log10NH+log10PeakFlux+Alpha+log10T90+log10PeakFluxSqr+PhotonIndexSqr+log10TaSqr+log10FaSqr+AlphaSqr+log10T90Sqr",0.51,0.17,-0.012
979,0,"Response ~  (log10PeakFluxSqr+log10Fa+log10Ta+PhotonIndex)^2+log10NH+log10PeakFlux+Alpha+log10T90+log10NHSqr+PhotonIndexSqr+log10TaSqr+log10FaSqr+AlphaSqr+log10T90Sqr",0.42,0.17,-0.19
980,0,"Response ~  (PhotonIndexSqr+log10Fa+log10Ta+PhotonIndex)^2+log10NH+log10PeakFlux+Alpha+log10T90+log10NHSqr+log10PeakFluxSqr+log10TaSqr+log10FaSqr+AlphaSqr+log10T90Sqr",0.66,0.14,-0.28
981,0,"Response ~  (log10TaSqr+log10Fa+log10Ta+PhotonIndex)^2+log10NH+log10PeakFlux+Alpha+log10T90+log10NHSqr+log10PeakFluxSqr+PhotonIndexSqr+log10FaSqr+AlphaSqr+log10T90Sqr",0.52,0.17,-0.054
982,0,"Response ~  (log10FaSqr+log10Fa+log10Ta+PhotonIndex)^2+log10NH+log10PeakFlux+Alpha+log10T90+log10NHSqr+log10PeakFluxSqr+PhotonIndexSqr+log10TaSqr+AlphaSqr+log10T90Sqr",0.56,0.14,-0.22
987,0,"Response ~  (log10PeakFluxSqr+Alpha+log10Ta+PhotonIndex)^2+log10NH+log10PeakFlux+log10Fa+log10T90+log10NHSqr+PhotonIndexSqr+log10TaSqr+log10FaSqr+AlphaSqr+log10T90Sqr",0.6,0.16,-0.42
1000,0,"Response ~  (log10PeakFluxSqr+log10NHSqr+log10Ta+PhotonIndex)^2+log10NH+log10PeakFlux+log10Fa+Alpha+log10T90+PhotonIndexSqr+log10TaSqr+log10FaSqr+AlphaSqr+log10T90Sqr",0.61,0.15,-0.077
1008,0,"Response ~  (log10FaSqr+log10PeakFluxSqr+log10Ta+PhotonIndex)^2+log10NH+log10PeakFlux+log10Fa+Alpha+log10T90+log10NHSqr+PhotonIndexSqr+log10TaSqr+AlphaSqr+log10T90Sqr",0.43,0.16,-0.051
1010,0,"Response ~  (log10T90Sqr+log10PeakFluxSqr+log10Ta+PhotonIndex)^2+log10NH+log10PeakFlux+log10Fa+Alpha+log10T90+log10NHSqr+PhotonIndexSqr+log10TaSqr+log10FaSqr+AlphaSqr",0.52,0.19,-0.42
1012,0,"Response ~  (log10FaSqr+PhotonIndexSqr+log10Ta+PhotonIndex)^2+log10NH+log10PeakFlux+log10Fa+Alpha+log10T90+log10NHSqr+log10PeakFluxSqr+log10TaSqr+AlphaSqr+log10T90Sqr",0.65,0.14,-0.28
1018,0,"Response ~  (AlphaSqr+log10FaSqr+log10Ta+PhotonIndex)^2+log10NH+log10PeakFlux+log10Fa+Alpha+log10T90+log10NHSqr+log10PeakFluxSqr+PhotonIndexSqr+log10TaSqr+log10T90Sqr",0.27,0.19,-0.17
1019,0,"Response ~  (log10T90Sqr+log10FaSqr+log10Ta+PhotonIndex)^2+log10NH+log10PeakFlux+log10Fa+Alpha+log10T90+log10NHSqr+log10PeakFluxSqr+PhotonIndexSqr+log10TaSqr+AlphaSqr",0.5,0.17,-0.3
1024,0,"Response ~  (PhotonIndexSqr+Alpha+log10Fa+PhotonIndex)^2+log10NH+log10PeakFlux+log10Ta+log10T90+log10NHSqr+log10PeakFluxSqr+log10TaSqr+log10FaSqr+AlphaSqr+log10T90Sqr",0.5,0.16,-0.17
1026,0,"Response ~  (log10FaSqr+Alpha+log10Fa+PhotonIndex)^2+log10NH+log10PeakFlux+log10Ta+log10T90+log10NHSqr+log10PeakFluxSqr+PhotonIndexSqr+log10TaSqr+AlphaSqr+log10T90Sqr",0.48,0.17,-0.09
1027,0,"Response ~  (AlphaSqr+Alpha+log10Fa+PhotonIndex)^2+log10NH+log10PeakFlux+log10Ta+log10T90+log10NHSqr+log10PeakFluxSqr+PhotonIndexSqr+log10TaSqr+log10FaSqr+log10T90Sqr",0.49,0.17,-0.12
1028,0,"Response ~  (log10T90Sqr+Alpha+log10Fa+PhotonIndex)^2+log10NH+log10PeakFlux+log10Ta+log10T90+log10NHSqr+log10PeakFluxSqr+PhotonIndexSqr+log10TaSqr+log10FaSqr+AlphaSqr",0.45,0.16,0.025
1029,0,"Response ~  (log10NHSqr+log10T90+log10Fa+PhotonIndex)^2+log10NH+log10PeakFlux+log10Ta+Alpha+log10PeakFluxSqr+PhotonIndexSqr+log10TaSqr+log10FaSqr+AlphaSqr+log10T90Sqr",0.44,0.16,-0.31
1030,0,"Response ~  (log10PeakFluxSqr+log10T90+log10Fa+PhotonIndex)^2+log10NH+log10PeakFlux+log10Ta+Alpha+log10NHSqr+PhotonIndexSqr+log10TaSqr+log10FaSqr+AlphaSqr+log10T90Sqr",0.57,0.16,-0.4
1031,0,"Response ~  (PhotonIndexSqr+log10T90+log10Fa+PhotonIndex)^2+log10NH+log10PeakFlux+log10Ta+Alpha+log10NHSqr+log10PeakFluxSqr+log10TaSqr+log10FaSqr+AlphaSqr+log10T90Sqr",0.49,0.16,-0.35
1032,0,"Response ~  (log10TaSqr+log10T90+log10Fa+PhotonIndex)^2+log10NH+log10PeakFlux+log10Ta+Alpha+log10NHSqr+log10PeakFluxSqr+PhotonIndexSqr+log10FaSqr+AlphaSqr+log10T90Sqr",0.53,0.18,0.21
1033,0,"Response ~  (log10FaSqr+log10T90+log10Fa+PhotonIndex)^2+log10NH+log10PeakFlux+log10Ta+Alpha+log10NHSqr+log10PeakFluxSqr+PhotonIndexSqr+log10TaSqr+AlphaSqr+log10T90Sqr",0.45,0.19,-0.34
1034,0,"Response ~  (AlphaSqr+log10T90+log10Fa+PhotonIndex)^2+log10NH+log10PeakFlux+log10Ta+Alpha+log10NHSqr+log10PeakFluxSqr+PhotonIndexSqr+log10TaSqr+log10FaSqr+log10T90Sqr",0.41,0.17,-0.19
1036,0,"Response ~  (log10PeakFluxSqr+log10NHSqr+log10Fa+PhotonIndex)^2+log10NH+log10PeakFlux+log10Ta+Alpha+log10T90+PhotonIndexSqr+log10TaSqr+log10FaSqr+AlphaSqr+log10T90Sqr",0.53,0.17,-0.26
1037,0,"Response ~  (PhotonIndexSqr+log10NHSqr+log10Fa+PhotonIndex)^2+log10NH+log10PeakFlux+log10Ta+Alpha+log10T90+log10PeakFluxSqr+log10TaSqr+log10FaSqr+AlphaSqr+log10T90Sqr",0.45,0.17,-0.22
1039,0,"Response ~  (log10FaSqr+log10NHSqr+log10Fa+PhotonIndex)^2+log10NH+log10PeakFlux+log10Ta+Alpha+log10T90+log10PeakFluxSqr+PhotonIndexSqr+log10TaSqr+AlphaSqr+log10T90Sqr",0.53,0.16,-0.017
1041,0,"Response ~  (log10T90Sqr+log10NHSqr+log10Fa+PhotonIndex)^2+log10NH+log10PeakFlux+log10Ta+Alpha+log10T90+log10PeakFluxSqr+PhotonIndexSqr+log10TaSqr+log10FaSqr+AlphaSqr",0.61,0.15,-0.096
1043,0,"Response ~  (log10TaSqr+log10PeakFluxSqr+log10Fa+PhotonIndex)^2+log10NH+log10PeakFlux+log10Ta+Alpha+log10T90+log10NHSqr+PhotonIndexSqr+log10FaSqr+AlphaSqr+log10T90Sqr",0.43,0.16,-0.095
1044,0,"Response ~  (log10FaSqr+log10PeakFluxSqr+log10Fa+PhotonIndex)^2+log10NH+log10PeakFlux+log10Ta+Alpha+log10T90+log10NHSqr+PhotonIndexSqr+log10TaSqr+AlphaSqr+log10T90Sqr",0.52,0.19,-0.58
1045,0,"Response ~  (AlphaSqr+log10PeakFluxSqr+log10Fa+PhotonIndex)^2+log10NH+log10PeakFlux+log10Ta+Alpha+log10T90+log10NHSqr+PhotonIndexSqr+log10TaSqr+log10FaSqr+log10T90Sqr",0.53,0.17,-0.44
1047,0,"Response ~  (log10TaSqr+PhotonIndexSqr+log10Fa+PhotonIndex)^2+log10NH+log10PeakFlux+log10Ta+Alpha+log10T90+log10NHSqr+log10PeakFluxSqr+log10FaSqr+AlphaSqr+log10T90Sqr",0.53,0.18,0.21
1049,0,"Response ~  (AlphaSqr+PhotonIndexSqr+log10Fa+PhotonIndex)^2+log10NH+log10PeakFlux+log10Ta+Alpha+log10T90+log10NHSqr+log10PeakFluxSqr+log10TaSqr+log10FaSqr+log10T90Sqr",0.45,0.17,-0.12
1050,0,"Response ~  (log10T90Sqr+PhotonIndexSqr+log10Fa+PhotonIndex)^2+log10NH+log10PeakFlux+log10Ta+Alpha+log10T90+log10NHSqr+log10PeakFluxSqr+log10TaSqr+log10FaSqr+AlphaSqr",0.44,0.17,-0.17
1051,0,"Response ~  (log10FaSqr+log10TaSqr+log10Fa+PhotonIndex)^2+log10NH+log10PeakFlux+log10Ta+Alpha+log10T90+log10NHSqr+log10PeakFluxSqr+PhotonIndexSqr+AlphaSqr+log10T90Sqr",0.51,0.17,-0.18
1052,0,"Response ~  (AlphaSqr+log10TaSqr+log10Fa+PhotonIndex)^2+log10NH+log10PeakFlux+log10Ta+Alpha+log10T90+log10NHSqr+log10PeakFluxSqr+PhotonIndexSqr+log10FaSqr+log10T90Sqr",0.44,0.17,-0.064
1054,0,"Response ~  (AlphaSqr+log10FaSqr+log10Fa+PhotonIndex)^2+log10NH+log10PeakFlux+log10Ta+Alpha+log10T90+log10NHSqr+log10PeakFluxSqr+PhotonIndexSqr+log10TaSqr+log10T90Sqr",0.45,0.18,-0.4
1055,0,"Response ~  (log10T90Sqr+log10FaSqr+log10Fa+PhotonIndex)^2+log10NH+log10PeakFlux+log10Ta+Alpha+log10T90+log10NHSqr+log10PeakFluxSqr+PhotonIndexSqr+log10TaSqr+AlphaSqr",0.6,0.17,-0.14
1056,0,"Response ~  (log10T90Sqr+AlphaSqr+log10Fa+PhotonIndex)^2+log10NH+log10PeakFlux+log10Ta+Alpha+log10T90+log10NHSqr+log10PeakFluxSqr+PhotonIndexSqr+log10TaSqr+log10FaSqr",0.52,0.17,0.072
1073,0,"Response ~  (AlphaSqr+log10PeakFluxSqr+Alpha+PhotonIndex)^2+log10NH+log10PeakFlux+log10Ta+log10Fa+log10T90+log10NHSqr+PhotonIndexSqr+log10TaSqr+log10FaSqr+log10T90Sqr",0.35,0.18,-0.2
1074,0,"Response ~  (log10T90Sqr+log10PeakFluxSqr+Alpha+PhotonIndex)^2+log10NH+log10PeakFlux+log10Ta+log10Fa+log10T90+log10NHSqr+PhotonIndexSqr+log10TaSqr+log10FaSqr+AlphaSqr",0.57,0.16,-0.4
1075,0,"Response ~  (log10TaSqr+PhotonIndexSqr+Alpha+PhotonIndex)^2+log10NH+log10PeakFlux+log10Ta+log10Fa+log10T90+log10NHSqr+log10PeakFluxSqr+log10FaSqr+AlphaSqr+log10T90Sqr",0.33,0.16,-0.27
1076,0,"Response ~  (log10FaSqr+PhotonIndexSqr+Alpha+PhotonIndex)^2+log10NH+log10PeakFlux+log10Ta+log10Fa+log10T90+log10NHSqr+log10PeakFluxSqr+log10TaSqr+AlphaSqr+log10T90Sqr",0.51,0.16,-0.23
1080,0,"Response ~  (AlphaSqr+log10TaSqr+Alpha+PhotonIndex)^2+log10NH+log10PeakFlux+log10Ta+log10Fa+log10T90+log10NHSqr+log10PeakFluxSqr+PhotonIndexSqr+log10FaSqr+log10T90Sqr",0.47,0.16,0.027
1082,0,"Response ~  (AlphaSqr+log10FaSqr+Alpha+PhotonIndex)^2+log10NH+log10PeakFlux+log10Ta+log10Fa+log10T90+log10NHSqr+log10PeakFluxSqr+PhotonIndexSqr+log10TaSqr+log10T90Sqr",0.45,0.16,-0.26
1084,0,"Response ~  (log10T90Sqr+AlphaSqr+Alpha+PhotonIndex)^2+log10NH+log10PeakFlux+log10Ta+log10Fa+log10T90+log10NHSqr+log10PeakFluxSqr+PhotonIndexSqr+log10TaSqr+log10FaSqr",0.46,0.17,-0.2
1095,0,"Response ~  (log10T90Sqr+log10PeakFluxSqr+log10T90+PhotonIndex)^2+log10NH+log10PeakFlux+log10Ta+log10Fa+Alpha+log10NHSqr+PhotonIndexSqr+log10TaSqr+log10FaSqr+AlphaSqr",0.5,0.18,-0.39
1097,0,"Response ~  (log10FaSqr+PhotonIndexSqr+log10T90+PhotonIndex)^2+log10NH+log10PeakFlux+log10Ta+log10Fa+Alpha+log10NHSqr+log10PeakFluxSqr+log10TaSqr+AlphaSqr+log10T90Sqr",0.59,0.15,-0.19
1098,0,"Response ~  (AlphaSqr+PhotonIndexSqr+log10T90+PhotonIndex)^2+log10NH+log10PeakFlux+log10Ta+log10Fa+Alpha+log10NHSqr+log10PeakFluxSqr+log10TaSqr+log10FaSqr+log10T90Sqr",0.51,0.17,-0.42
1104,0,"Response ~  (log10T90Sqr+log10FaSqr+log10T90+PhotonIndex)^2+log10NH+log10PeakFlux+log10Ta+log10Fa+Alpha+log10NHSqr+log10PeakFluxSqr+PhotonIndexSqr+log10TaSqr+AlphaSqr",0.46,0.16,-0.067
1121,0,"Response ~  (log10TaSqr+PhotonIndexSqr+log10PeakFluxSqr+PhotonIndex)^2+log10NH+log10PeakFlux+log10Ta+log10Fa+Alpha+log10T90+log10NHSqr+log10FaSqr+AlphaSqr+log10T90Sqr",0.49,0.18,0.052
1123,0,"Response ~  (AlphaSqr+PhotonIndexSqr+log10PeakFluxSqr+PhotonIndex)^2+log10NH+log10PeakFlux+log10Ta+log10Fa+Alpha+log10T90+log10NHSqr+log10TaSqr+log10FaSqr+log10T90Sqr",0.42,0.17,-0.23
1125,0,"Response ~  (log10FaSqr+log10TaSqr+log10PeakFluxSqr+PhotonIndex)^2+log10NH+log10PeakFlux+log10Ta+log10Fa+Alpha+log10T90+log10NHSqr+PhotonIndexSqr+AlphaSqr+log10T90Sqr",0.39,0.18,-0.48
1126,0,"Response ~  (AlphaSqr+log10TaSqr+log10PeakFluxSqr+PhotonIndex)^2+log10NH+log10PeakFlux+log10Ta+log10Fa+Alpha+log10T90+log10NHSqr+PhotonIndexSqr+log10FaSqr+log10T90Sqr",0.55,0.17,-0.13
1129,0,"Response ~  (log10T90Sqr+log10FaSqr+log10PeakFluxSqr+PhotonIndex)^2+log10NH+log10PeakFlux+log10Ta+log10Fa+Alpha+log10T90+log10NHSqr+PhotonIndexSqr+log10TaSqr+AlphaSqr",0.53,0.16,-0.43
1131,0,"Response ~  (log10FaSqr+log10TaSqr+PhotonIndexSqr+PhotonIndex)^2+log10NH+log10PeakFlux+log10Ta+log10Fa+Alpha+log10T90+log10NHSqr+log10PeakFluxSqr+AlphaSqr+log10T90Sqr",0.49,0.13,-0.09
1132,0,"Response ~  (AlphaSqr+log10TaSqr+PhotonIndexSqr+PhotonIndex)^2+log10NH+log10PeakFlux+log10Ta+log10Fa+Alpha+log10T90+log10NHSqr+log10PeakFluxSqr+log10FaSqr+log10T90Sqr",0.52,0.16,-0.28
1134,0,"Response ~  (AlphaSqr+log10FaSqr+PhotonIndexSqr+PhotonIndex)^2+log10NH+log10PeakFlux+log10Ta+log10Fa+Alpha+log10T90+log10NHSqr+log10PeakFluxSqr+log10TaSqr+log10T90Sqr",0.44,0.17,-0.18
1135,0,"Response ~  (log10T90Sqr+log10FaSqr+PhotonIndexSqr+PhotonIndex)^2+log10NH+log10PeakFlux+log10Ta+log10Fa+Alpha+log10T90+log10NHSqr+log10PeakFluxSqr+log10TaSqr+AlphaSqr",0.52,0.16,-0.18
1138,0,"Response ~  (log10T90Sqr+log10FaSqr+log10TaSqr+PhotonIndex)^2+log10NH+log10PeakFlux+log10Ta+log10Fa+Alpha+log10T90+log10NHSqr+log10PeakFluxSqr+PhotonIndexSqr+AlphaSqr",0.59,0.16,-0.3
1143,0,"Response ~  (log10PeakFluxSqr+Alpha+log10Fa+log10Ta)^2+log10NH+log10PeakFlux+PhotonIndex+log10T90+log10NHSqr+PhotonIndexSqr+log10TaSqr+log10FaSqr+AlphaSqr+log10T90Sqr",0.48,0.18,-0.079
1144,0,"Response ~  (PhotonIndexSqr+Alpha+log10Fa+log10Ta)^2+log10NH+log10PeakFlux+PhotonIndex+log10T90+log10NHSqr+log10PeakFluxSqr+log10TaSqr+log10FaSqr+AlphaSqr+log10T90Sqr",0.46,0.18,-0.31
1146,0,"Response ~  (log10FaSqr+Alpha+log10Fa+log10Ta)^2+log10NH+log10PeakFlux+PhotonIndex+log10T90+log10NHSqr+log10PeakFluxSqr+PhotonIndexSqr+log10TaSqr+AlphaSqr+log10T90Sqr",0.49,0.16,-0.24
1150,0,"Response ~  (log10PeakFluxSqr+log10T90+log10Fa+log10Ta)^2+log10NH+log10PeakFlux+PhotonIndex+Alpha+log10NHSqr+PhotonIndexSqr+log10TaSqr+log10FaSqr+AlphaSqr+log10T90Sqr",0.4,0.19,-0.086
1157,0,"Response ~  (PhotonIndexSqr+log10NHSqr+log10Fa+log10Ta)^2+log10NH+log10PeakFlux+PhotonIndex+Alpha+log10T90+log10PeakFluxSqr+log10TaSqr+log10FaSqr+AlphaSqr+log10T90Sqr",0.26,0.18,0.14
1159,0,"Response ~  (log10FaSqr+log10NHSqr+log10Fa+log10Ta)^2+log10NH+log10PeakFlux+PhotonIndex+Alpha+log10T90+log10PeakFluxSqr+PhotonIndexSqr+log10TaSqr+AlphaSqr+log10T90Sqr",0.52,0.16,-0.085
1162,0,"Response ~  (PhotonIndexSqr+log10PeakFluxSqr+log10Fa+log10Ta)^2+log10NH+log10PeakFlux+PhotonIndex+Alpha+log10T90+log10NHSqr+log10TaSqr+log10FaSqr+AlphaSqr+log10T90Sqr",0.48,0.16,-0.41
1164,0,"Response ~  (log10FaSqr+log10PeakFluxSqr+log10Fa+log10Ta)^2+log10NH+log10PeakFlux+PhotonIndex+Alpha+log10T90+log10NHSqr+PhotonIndexSqr+log10TaSqr+AlphaSqr+log10T90Sqr",0.46,0.18,-0.21
1167,0,"Response ~  (log10TaSqr+PhotonIndexSqr+log10Fa+log10Ta)^2+log10NH+log10PeakFlux+PhotonIndex+Alpha+log10T90+log10NHSqr+log10PeakFluxSqr+log10FaSqr+AlphaSqr+log10T90Sqr",0.5,0.17,-0.038
1168,0,"Response ~  (log10FaSqr+PhotonIndexSqr+log10Fa+log10Ta)^2+log10NH+log10PeakFlux+PhotonIndex+Alpha+log10T90+log10NHSqr+log10PeakFluxSqr+log10TaSqr+AlphaSqr+log10T90Sqr",0.44,0.17,-0.31
1169,0,"Response ~  (AlphaSqr+PhotonIndexSqr+log10Fa+log10Ta)^2+log10NH+log10PeakFlux+PhotonIndex+Alpha+log10T90+log10NHSqr+log10PeakFluxSqr+log10TaSqr+log10FaSqr+log10T90Sqr",0.44,0.17,-0.16
1170,0,"Response ~  (log10T90Sqr+PhotonIndexSqr+log10Fa+log10Ta)^2+log10NH+log10PeakFlux+PhotonIndex+Alpha+log10T90+log10NHSqr+log10PeakFluxSqr+log10TaSqr+log10FaSqr+AlphaSqr",0.53,0.18,-0.35
1171,0,"Response ~  (log10FaSqr+log10TaSqr+log10Fa+log10Ta)^2+log10NH+log10PeakFlux+PhotonIndex+Alpha+log10T90+log10NHSqr+log10PeakFluxSqr+PhotonIndexSqr+AlphaSqr+log10T90Sqr",0.44,0.17,-0.15
1175,0,"Response ~  (log10T90Sqr+log10FaSqr+log10Fa+log10Ta)^2+log10NH+log10PeakFlux+PhotonIndex+Alpha+log10T90+log10NHSqr+log10PeakFluxSqr+PhotonIndexSqr+log10TaSqr+AlphaSqr",0.51,0.16,-0.32
1182,0,"Response ~  (AlphaSqr+log10T90+Alpha+log10Ta)^2+log10NH+log10PeakFlux+PhotonIndex+log10Fa+log10NHSqr+log10PeakFluxSqr+PhotonIndexSqr+log10TaSqr+log10FaSqr+log10T90Sqr",0.36,0.19,-0.26
1196,0,"Response ~  (log10FaSqr+PhotonIndexSqr+Alpha+log10Ta)^2+log10NH+log10PeakFlux+PhotonIndex+log10Fa+log10T90+log10NHSqr+log10PeakFluxSqr+log10TaSqr+AlphaSqr+log10T90Sqr",0.55,0.17,0.19
1204,0,"Response ~  (log10T90Sqr+AlphaSqr+Alpha+log10Ta)^2+log10NH+log10PeakFlux+PhotonIndex+log10Fa+log10T90+log10NHSqr+log10PeakFluxSqr+PhotonIndexSqr+log10TaSqr+log10FaSqr",0.35,0.2,-0.24
1219,0,"Response ~  (log10T90Sqr+PhotonIndexSqr+log10T90+log10Ta)^2+log10NH+log10PeakFlux+PhotonIndex+log10Fa+Alpha+log10NHSqr+log10PeakFluxSqr+log10TaSqr+log10FaSqr+AlphaSqr",0.46,0.17,-0.12
1242,0,"Response ~  (log10FaSqr+PhotonIndexSqr+log10PeakFluxSqr+log10Ta)^2+log10NH+log10PeakFlux+PhotonIndex+log10Fa+Alpha+log10T90+log10NHSqr+log10TaSqr+AlphaSqr+log10T90Sqr",0.53,0.17,-0.11
1255,0,"Response ~  (log10T90Sqr+log10FaSqr+PhotonIndexSqr+log10Ta)^2+log10NH+log10PeakFlux+PhotonIndex+log10Fa+Alpha+log10T90+log10NHSqr+log10PeakFluxSqr+log10TaSqr+AlphaSqr",0.54,0.16,-0.25
1263,0,"Response ~  (PhotonIndexSqr+log10T90+Alpha+log10Fa)^2+log10NH+log10PeakFlux+PhotonIndex+log10Ta+log10NHSqr+log10PeakFluxSqr+log10TaSqr+log10FaSqr+AlphaSqr+log10T90Sqr",0.6,0.18,-0.46
1266,0,"Response ~  (AlphaSqr+log10T90+Alpha+log10Fa)^2+log10NH+log10PeakFlux+PhotonIndex+log10Ta+log10NHSqr+log10PeakFluxSqr+PhotonIndexSqr+log10TaSqr+log10FaSqr+log10T90Sqr",0.42,0.18,-0.098
1269,0,"Response ~  (PhotonIndexSqr+log10NHSqr+Alpha+log10Fa)^2+log10NH+log10PeakFlux+PhotonIndex+log10Ta+log10T90+log10PeakFluxSqr+log10TaSqr+log10FaSqr+AlphaSqr+log10T90Sqr",0.3,0.18,-0.26
1274,0,"Response ~  (PhotonIndexSqr+log10PeakFluxSqr+Alpha+log10Fa)^2+log10NH+log10PeakFlux+PhotonIndex+log10Ta+log10T90+log10NHSqr+log10TaSqr+log10FaSqr+AlphaSqr+log10T90Sqr",0.54,0.17,-0.43
1279,0,"Response ~  (log10TaSqr+PhotonIndexSqr+Alpha+log10Fa)^2+log10NH+log10PeakFlux+PhotonIndex+log10Ta+log10T90+log10NHSqr+log10PeakFluxSqr+log10FaSqr+AlphaSqr+log10T90Sqr",0.56,0.16,-0.075
1281,0,"Response ~  (AlphaSqr+PhotonIndexSqr+Alpha+log10Fa)^2+log10NH+log10PeakFlux+PhotonIndex+log10Ta+log10T90+log10NHSqr+log10PeakFluxSqr+log10TaSqr+log10FaSqr+log10T90Sqr",0.48,0.19,-0.12
1282,0,"Response ~  (log10T90Sqr+PhotonIndexSqr+Alpha+log10Fa)^2+log10NH+log10PeakFlux+PhotonIndex+log10Ta+log10T90+log10NHSqr+log10PeakFluxSqr+log10TaSqr+log10FaSqr+AlphaSqr",0.54,0.15,-0.25
1290,0,"Response ~  (PhotonIndexSqr+log10NHSqr+log10T90+log10Fa)^2+log10NH+log10PeakFlux+PhotonIndex+log10Ta+Alpha+log10PeakFluxSqr+log10TaSqr+log10FaSqr+AlphaSqr+log10T90Sqr",0.45,0.16,-0.091
1295,0,"Response ~  (PhotonIndexSqr+log10PeakFluxSqr+log10T90+log10Fa)^2+log10NH+log10PeakFlux+PhotonIndex+log10Ta+Alpha+log10NHSqr+log10TaSqr+log10FaSqr+AlphaSqr+log10T90Sqr",0.58,0.16,-0.19
1301,0,"Response ~  (log10FaSqr+PhotonIndexSqr+log10T90+log10Fa)^2+log10NH+log10PeakFlux+PhotonIndex+log10Ta+Alpha+log10NHSqr+log10PeakFluxSqr+log10TaSqr+AlphaSqr+log10T90Sqr",0.46,0.16,0.025
1303,0,"Response ~  (log10T90Sqr+PhotonIndexSqr+log10T90+log10Fa)^2+log10NH+log10PeakFlux+PhotonIndex+log10Ta+Alpha+log10NHSqr+log10PeakFluxSqr+log10TaSqr+log10FaSqr+AlphaSqr",0.55,0.16,-0.26
1310,0,"Response ~  (PhotonIndexSqr+log10PeakFluxSqr+log10NHSqr+log10Fa)^2+log10NH+log10PeakFlux+PhotonIndex+log10Ta+Alpha+log10T90+log10TaSqr+log10FaSqr+AlphaSqr+log10T90Sqr",0.47,0.17,-0.33
1317,0,"Response ~  (AlphaSqr+PhotonIndexSqr+log10NHSqr+log10Fa)^2+log10NH+log10PeakFlux+PhotonIndex+log10Ta+Alpha+log10T90+log10PeakFluxSqr+log10TaSqr+log10FaSqr+log10T90Sqr",0.58,0.15,-0.048
1318,0,"Response ~  (log10T90Sqr+PhotonIndexSqr+log10NHSqr+log10Fa)^2+log10NH+log10PeakFlux+PhotonIndex+log10Ta+Alpha+log10T90+log10PeakFluxSqr+log10TaSqr+log10FaSqr+AlphaSqr",0.44,0.17,-0.15
1319,0,"Response ~  (log10FaSqr+log10TaSqr+log10NHSqr+log10Fa)^2+log10NH+log10PeakFlux+PhotonIndex+log10Ta+Alpha+log10T90+log10PeakFluxSqr+PhotonIndexSqr+AlphaSqr+log10T90Sqr",0.51,0.16,-0.15
1322,0,"Response ~  (AlphaSqr+log10FaSqr+log10NHSqr+log10Fa)^2+log10NH+log10PeakFlux+PhotonIndex+log10Ta+Alpha+log10T90+log10PeakFluxSqr+PhotonIndexSqr+log10TaSqr+log10T90Sqr",0.51,0.17,0.063
1325,0,"Response ~  (log10TaSqr+PhotonIndexSqr+log10PeakFluxSqr+log10Fa)^2+log10NH+log10PeakFlux+PhotonIndex+log10Ta+Alpha+log10T90+log10NHSqr+log10FaSqr+AlphaSqr+log10T90Sqr",0.42,0.17,-0.16
1326,0,"Response ~  (log10FaSqr+PhotonIndexSqr+log10PeakFluxSqr+log10Fa)^2+log10NH+log10PeakFlux+PhotonIndex+log10Ta+Alpha+log10T90+log10NHSqr+log10TaSqr+AlphaSqr+log10T90Sqr",0.52,0.16,-0.22
1328,0,"Response ~  (log10T90Sqr+PhotonIndexSqr+log10PeakFluxSqr+log10Fa)^2+log10NH+log10PeakFlux+PhotonIndex+log10Ta+Alpha+log10T90+log10NHSqr+log10TaSqr+log10FaSqr+AlphaSqr",0.55,0.15,-0.14
1329,0,"Response ~  (log10FaSqr+log10TaSqr+log10PeakFluxSqr+log10Fa)^2+log10NH+log10PeakFlux+PhotonIndex+log10Ta+Alpha+log10T90+log10NHSqr+PhotonIndexSqr+AlphaSqr+log10T90Sqr",0.46,0.18,-0.18
1333,0,"Response ~  (log10T90Sqr+log10FaSqr+log10PeakFluxSqr+log10Fa)^2+log10NH+log10PeakFlux+PhotonIndex+log10Ta+Alpha+log10T90+log10NHSqr+PhotonIndexSqr+log10TaSqr+AlphaSqr",0.63,0.16,0.14
1337,0,"Response ~  (log10T90Sqr+log10TaSqr+PhotonIndexSqr+log10Fa)^2+log10NH+log10PeakFlux+PhotonIndex+log10Ta+Alpha+log10T90+log10NHSqr+log10PeakFluxSqr+log10FaSqr+AlphaSqr",0.59,0.15,-0.38
1338,0,"Response ~  (AlphaSqr+log10FaSqr+PhotonIndexSqr+log10Fa)^2+log10NH+log10PeakFlux+PhotonIndex+log10Ta+Alpha+log10T90+log10NHSqr+log10PeakFluxSqr+log10TaSqr+log10T90Sqr",0.47,0.19,-0.21
1339,0,"Response ~  (log10T90Sqr+log10FaSqr+PhotonIndexSqr+log10Fa)^2+log10NH+log10PeakFlux+PhotonIndex+log10Ta+Alpha+log10T90+log10NHSqr+log10PeakFluxSqr+log10TaSqr+AlphaSqr",0.57,0.16,-0.21
1341,0,"Response ~  (AlphaSqr+log10FaSqr+log10TaSqr+log10Fa)^2+log10NH+log10PeakFlux+PhotonIndex+log10Ta+Alpha+log10T90+log10NHSqr+log10PeakFluxSqr+PhotonIndexSqr+log10T90Sqr",0.57,0.16,-0.21
1354,0,"Response ~  (AlphaSqr+log10PeakFluxSqr+log10T90+Alpha)^2+log10NH+log10PeakFlux+PhotonIndex+log10Ta+log10Fa+log10NHSqr+PhotonIndexSqr+log10TaSqr+log10FaSqr+log10T90Sqr",0.36,0.19,-0.3
1361,0,"Response ~  (AlphaSqr+log10TaSqr+log10T90+Alpha)^2+log10NH+log10PeakFlux+PhotonIndex+log10Ta+log10Fa+log10NHSqr+log10PeakFluxSqr+PhotonIndexSqr+log10FaSqr+log10T90Sqr",0.43,0.19,-0.2
1363,0,"Response ~  (AlphaSqr+log10FaSqr+log10T90+Alpha)^2+log10NH+log10PeakFlux+PhotonIndex+log10Ta+log10Fa+log10NHSqr+log10PeakFluxSqr+PhotonIndexSqr+log10TaSqr+log10T90Sqr",0.35,0.2,-0.24
1365,0,"Response ~  (log10T90Sqr+AlphaSqr+log10T90+Alpha)^2+log10NH+log10PeakFlux+PhotonIndex+log10Ta+log10Fa+log10NHSqr+log10PeakFluxSqr+PhotonIndexSqr+log10TaSqr+log10FaSqr",0.34,0.2,-0.28
1383,0,"Response ~  (AlphaSqr+PhotonIndexSqr+log10PeakFluxSqr+Alpha)^2+log10NH+log10PeakFlux+PhotonIndex+log10Ta+log10Fa+log10T90+log10NHSqr+log10TaSqr+log10FaSqr+log10T90Sqr",0.46,0.18,-0.22
1390,0,"Response ~  (log10T90Sqr+AlphaSqr+log10PeakFluxSqr+Alpha)^2+log10NH+log10PeakFlux+PhotonIndex+log10Ta+log10Fa+log10T90+log10NHSqr+PhotonIndexSqr+log10TaSqr+log10FaSqr",0.44,0.18,-0.24
1391,0,"Response ~  (log10FaSqr+log10TaSqr+PhotonIndexSqr+Alpha)^2+log10NH+log10PeakFlux+PhotonIndex+log10Ta+log10Fa+log10T90+log10NHSqr+log10PeakFluxSqr+AlphaSqr+log10T90Sqr",0.49,0.16,-0.1
1400,0,"Response ~  (log10T90Sqr+AlphaSqr+log10FaSqr+Alpha)^2+log10NH+log10PeakFlux+PhotonIndex+log10Ta+log10Fa+log10T90+log10NHSqr+log10PeakFluxSqr+PhotonIndexSqr+log10TaSqr",0.42,0.18,-0.015
1419,0,"Response ~  (log10T90Sqr+PhotonIndexSqr+log10PeakFluxSqr+log10T90)^2+log10NH+log10PeakFlux+PhotonIndex+log10Ta+log10Fa+Alpha+log10NHSqr+log10TaSqr+log10FaSqr+AlphaSqr",0.42,0.2,-0.25
1422,0,"Response ~  (log10T90Sqr+log10TaSqr+log10PeakFluxSqr+log10T90)^2+log10NH+log10PeakFlux+PhotonIndex+log10Ta+log10Fa+Alpha+log10NHSqr+PhotonIndexSqr+log10FaSqr+AlphaSqr",0.33,0.18,0.14
1430,0,"Response ~  (log10T90Sqr+log10FaSqr+PhotonIndexSqr+log10T90)^2+log10NH+log10PeakFlux+PhotonIndex+log10Ta+log10Fa+Alpha+log10NHSqr+log10PeakFluxSqr+log10TaSqr+AlphaSqr",0.57,0.17,-0.36
1431,0,"Response ~  (log10T90Sqr+AlphaSqr+PhotonIndexSqr+log10T90)^2+log10NH+log10PeakFlux+PhotonIndex+log10Ta+log10Fa+Alpha+log10NHSqr+log10PeakFluxSqr+log10TaSqr+log10FaSqr",0.46,0.17,-0.37
1456,0,"Response ~  (log10FaSqr+log10TaSqr+PhotonIndexSqr+log10PeakFluxSqr)^2+log10NH+log10PeakFlux+PhotonIndex+log10Ta+log10Fa+Alpha+log10T90+log10NHSqr+AlphaSqr+log10T90Sqr",0.46,0.17,-0.17
1460,0,"Response ~  (log10T90Sqr+log10FaSqr+PhotonIndexSqr+log10PeakFluxSqr)^2+log10NH+log10PeakFlux+PhotonIndex+log10Ta+log10Fa+Alpha+log10T90+log10NHSqr+log10TaSqr+AlphaSqr",0.47,0.17,-0.37
1467,0,"Response ~  (log10T90Sqr+log10FaSqr+log10TaSqr+PhotonIndexSqr)^2+log10NH+log10PeakFlux+PhotonIndex+log10Ta+log10Fa+Alpha+log10T90+log10NHSqr+log10PeakFluxSqr+AlphaSqr",0.53,0.18,0.22
1469,0,"Response ~  (log10T90Sqr+AlphaSqr+log10FaSqr+PhotonIndexSqr)^2+log10NH+log10PeakFlux+PhotonIndex+log10Ta+log10Fa+Alpha+log10T90+log10NHSqr+log10PeakFluxSqr+log10TaSqr",0.46,0.19,-0.084
1565,0,"Response ~  (log10FaSqr+log10TaSqr+log10Ta+log10PeakFlux+log10NH)^2+PhotonIndex+log10Fa+Alpha+log10T90+log10NHSqr+log10PeakFluxSqr+PhotonIndexSqr+AlphaSqr+log10T90Sqr",0.53,0.19,-0.6
1576,0,"Response ~  (log10FaSqr+Alpha+log10Fa+log10PeakFlux+log10NH)^2+PhotonIndex+log10Ta+log10T90+log10NHSqr+log10PeakFluxSqr+PhotonIndexSqr+log10TaSqr+AlphaSqr+log10T90Sqr",0.52,0.18,0.064
1583,0,"Response ~  (log10FaSqr+log10T90+log10Fa+log10PeakFlux+log10NH)^2+PhotonIndex+log10Ta+Alpha+log10NHSqr+log10PeakFluxSqr+PhotonIndexSqr+log10TaSqr+AlphaSqr+log10T90Sqr",0.43,0.2,-0.032
1589,0,"Response ~  (log10FaSqr+log10NHSqr+log10Fa+log10PeakFlux+log10NH)^2+PhotonIndex+log10Ta+Alpha+log10T90+log10PeakFluxSqr+PhotonIndexSqr+log10TaSqr+AlphaSqr+log10T90Sqr",0.54,0.17,-0.035
1594,0,"Response ~  (log10FaSqr+log10PeakFluxSqr+log10Fa+log10PeakFlux+log10NH)^2+PhotonIndex+log10Ta+Alpha+log10T90+log10NHSqr+PhotonIndexSqr+log10TaSqr+AlphaSqr+log10T90Sqr",0.48,0.18,-0.23
1601,0,"Response ~  (log10FaSqr+log10TaSqr+log10Fa+log10PeakFlux+log10NH)^2+PhotonIndex+log10Ta+Alpha+log10T90+log10NHSqr+log10PeakFluxSqr+PhotonIndexSqr+AlphaSqr+log10T90Sqr",0.46,0.17,-0.051
1605,0,"Response ~  (log10T90Sqr+log10FaSqr+log10Fa+log10PeakFlux+log10NH)^2+PhotonIndex+log10Ta+Alpha+log10T90+log10NHSqr+log10PeakFluxSqr+PhotonIndexSqr+log10TaSqr+AlphaSqr",0.43,0.2,-0.027
1694,0,"Response ~  (log10PeakFluxSqr+log10Fa+log10Ta+PhotonIndex+log10NH)^2+log10PeakFlux+Alpha+log10T90+log10NHSqr+PhotonIndexSqr+log10TaSqr+log10FaSqr+AlphaSqr+log10T90Sqr",0.45,0.16,-0.2
1699,0,"Response ~  (log10T90Sqr+log10Fa+log10Ta+PhotonIndex+log10NH)^2+log10PeakFlux+Alpha+log10T90+log10NHSqr+log10PeakFluxSqr+PhotonIndexSqr+log10TaSqr+log10FaSqr+AlphaSqr",0.38,0.18,-0.049
1705,0,"Response ~  (log10FaSqr+Alpha+log10Ta+PhotonIndex+log10NH)^2+log10PeakFlux+log10Fa+log10T90+log10NHSqr+log10PeakFluxSqr+PhotonIndexSqr+log10TaSqr+AlphaSqr+log10T90Sqr",0.58,0.15,-0.42
1712,0,"Response ~  (log10FaSqr+log10T90+log10Ta+PhotonIndex+log10NH)^2+log10PeakFlux+log10Fa+Alpha+log10NHSqr+log10PeakFluxSqr+PhotonIndexSqr+log10TaSqr+AlphaSqr+log10T90Sqr",0.37,0.19,-0.044
1718,0,"Response ~  (log10FaSqr+log10NHSqr+log10Ta+PhotonIndex+log10NH)^2+log10PeakFlux+log10Fa+Alpha+log10T90+log10PeakFluxSqr+PhotonIndexSqr+log10TaSqr+AlphaSqr+log10T90Sqr",0.46,0.16,-0.061
1723,0,"Response ~  (log10FaSqr+log10PeakFluxSqr+log10Ta+PhotonIndex+log10NH)^2+log10PeakFlux+log10Fa+Alpha+log10T90+log10NHSqr+PhotonIndexSqr+log10TaSqr+AlphaSqr+log10T90Sqr",0.43,0.16,-0.18
1734,0,"Response ~  (log10T90Sqr+log10FaSqr+log10Ta+PhotonIndex+log10NH)^2+log10PeakFlux+log10Fa+Alpha+log10T90+log10NHSqr+log10PeakFluxSqr+PhotonIndexSqr+log10TaSqr+AlphaSqr",0.39,0.19,-0.18
1741,0,"Response ~  (log10FaSqr+Alpha+log10Fa+PhotonIndex+log10NH)^2+log10PeakFlux+log10Ta+log10T90+log10NHSqr+log10PeakFluxSqr+PhotonIndexSqr+log10TaSqr+AlphaSqr+log10T90Sqr",0.49,0.17,-0.32
1745,0,"Response ~  (log10PeakFluxSqr+log10T90+log10Fa+PhotonIndex+log10NH)^2+log10PeakFlux+log10Ta+Alpha+log10NHSqr+PhotonIndexSqr+log10TaSqr+log10FaSqr+AlphaSqr+log10T90Sqr",0.23,0.19,-0.2
1750,0,"Response ~  (log10T90Sqr+log10T90+log10Fa+PhotonIndex+log10NH)^2+log10PeakFlux+log10Ta+Alpha+log10NHSqr+log10PeakFluxSqr+PhotonIndexSqr+log10TaSqr+log10FaSqr+AlphaSqr",0.36,0.17,-0.096
1754,0,"Response ~  (log10FaSqr+log10NHSqr+log10Fa+PhotonIndex+log10NH)^2+log10PeakFlux+log10Ta+Alpha+log10T90+log10PeakFluxSqr+PhotonIndexSqr+log10TaSqr+AlphaSqr+log10T90Sqr",0.49,0.18,-0.17
1755,0,"Response ~  (AlphaSqr+log10NHSqr+log10Fa+PhotonIndex+log10NH)^2+log10PeakFlux+log10Ta+Alpha+log10T90+log10PeakFluxSqr+PhotonIndexSqr+log10TaSqr+log10FaSqr+log10T90Sqr",0.41,0.17,0.07
1758,0,"Response ~  (log10TaSqr+log10PeakFluxSqr+log10Fa+PhotonIndex+log10NH)^2+log10PeakFlux+log10Ta+Alpha+log10T90+log10NHSqr+PhotonIndexSqr+log10FaSqr+AlphaSqr+log10T90Sqr",0.52,0.16,-0.25
1759,0,"Response ~  (log10FaSqr+log10PeakFluxSqr+log10Fa+PhotonIndex+log10NH)^2+log10PeakFlux+log10Ta+Alpha+log10T90+log10NHSqr+PhotonIndexSqr+log10TaSqr+AlphaSqr+log10T90Sqr",0.47,0.18,-0.31
1761,0,"Response ~  (log10T90Sqr+log10PeakFluxSqr+log10Fa+PhotonIndex+log10NH)^2+log10PeakFlux+log10Ta+Alpha+log10T90+log10NHSqr+PhotonIndexSqr+log10TaSqr+log10FaSqr+AlphaSqr",0.43,0.17,-0.36
1765,0,"Response ~  (log10T90Sqr+PhotonIndexSqr+log10Fa+PhotonIndex+log10NH)^2+log10PeakFlux+log10Ta+Alpha+log10T90+log10NHSqr+log10PeakFluxSqr+log10TaSqr+log10FaSqr+AlphaSqr",0.55,0.15,-0.26
1766,0,"Response ~  (log10FaSqr+log10TaSqr+log10Fa+PhotonIndex+log10NH)^2+log10PeakFlux+log10Ta+Alpha+log10T90+log10NHSqr+log10PeakFluxSqr+PhotonIndexSqr+AlphaSqr+log10T90Sqr",0.5,0.17,-0.054
1770,0,"Response ~  (log10T90Sqr+log10FaSqr+log10Fa+PhotonIndex+log10NH)^2+log10PeakFlux+log10Ta+Alpha+log10T90+log10NHSqr+log10PeakFluxSqr+PhotonIndexSqr+log10TaSqr+AlphaSqr",0.45,0.18,-0.46
1787,0,"Response ~  (log10FaSqr+log10PeakFluxSqr+Alpha+PhotonIndex+log10NH)^2+log10PeakFlux+log10Ta+log10Fa+log10T90+log10NHSqr+PhotonIndexSqr+log10TaSqr+AlphaSqr+log10T90Sqr",0.39,0.17,0.095
1788,0,"Response ~  (AlphaSqr+log10PeakFluxSqr+Alpha+PhotonIndex+log10NH)^2+log10PeakFlux+log10Ta+log10Fa+log10T90+log10NHSqr+PhotonIndexSqr+log10TaSqr+log10FaSqr+log10T90Sqr",0.24,0.23,-0.035
1799,0,"Response ~  (log10T90Sqr+AlphaSqr+Alpha+PhotonIndex+log10NH)^2+log10PeakFlux+log10Ta+log10Fa+log10T90+log10NHSqr+log10PeakFluxSqr+PhotonIndexSqr+log10TaSqr+log10FaSqr",0.44,0.17,-0.31
1808,0,"Response ~  (log10FaSqr+log10PeakFluxSqr+log10T90+PhotonIndex+log10NH)^2+log10PeakFlux+log10Ta+log10Fa+Alpha+log10NHSqr+PhotonIndexSqr+log10TaSqr+AlphaSqr+log10T90Sqr",0.52,0.17,-0.019
1819,0,"Response ~  (log10T90Sqr+log10FaSqr+log10T90+PhotonIndex+log10NH)^2+log10PeakFlux+log10Ta+log10Fa+Alpha+log10NHSqr+log10PeakFluxSqr+PhotonIndexSqr+log10TaSqr+AlphaSqr",0.41,0.18,0.057
1823,0,"Response ~  (log10FaSqr+log10PeakFluxSqr+log10NHSqr+PhotonIndex+log10NH)^2+log10PeakFlux+log10Ta+log10Fa+Alpha+log10T90+PhotonIndexSqr+log10TaSqr+AlphaSqr+log10T90Sqr",0.26,0.18,-0.12
1825,0,"Response ~  (log10T90Sqr+log10PeakFluxSqr+log10NHSqr+PhotonIndex+log10NH)^2+log10PeakFlux+log10Ta+log10Fa+Alpha+log10T90+PhotonIndexSqr+log10TaSqr+log10FaSqr+AlphaSqr",0.6,0.15,-0.29
1833,0,"Response ~  (AlphaSqr+log10FaSqr+log10NHSqr+PhotonIndex+log10NH)^2+log10PeakFlux+log10Ta+log10Fa+Alpha+log10T90+log10PeakFluxSqr+PhotonIndexSqr+log10TaSqr+log10T90Sqr",0.42,0.17,-0.12
1840,0,"Response ~  (log10FaSqr+log10TaSqr+log10PeakFluxSqr+PhotonIndex+log10NH)^2+log10PeakFlux+log10Ta+log10Fa+Alpha+log10T90+log10NHSqr+PhotonIndexSqr+AlphaSqr+log10T90Sqr",0.25,0.18,-0.21
1843,0,"Response ~  (AlphaSqr+log10FaSqr+log10PeakFluxSqr+PhotonIndex+log10NH)^2+log10PeakFlux+log10Ta+log10Fa+Alpha+log10T90+log10NHSqr+PhotonIndexSqr+log10TaSqr+log10T90Sqr",0.52,0.16,-0.32
1850,0,"Response ~  (log10T90Sqr+log10FaSqr+PhotonIndexSqr+PhotonIndex+log10NH)^2+log10PeakFlux+log10Ta+log10Fa+Alpha+log10T90+log10NHSqr+log10PeakFluxSqr+log10TaSqr+AlphaSqr",0.54,0.17,-0.2
1853,0,"Response ~  (log10T90Sqr+log10FaSqr+log10TaSqr+PhotonIndex+log10NH)^2+log10PeakFlux+log10Ta+log10Fa+Alpha+log10T90+log10NHSqr+log10PeakFluxSqr+PhotonIndexSqr+AlphaSqr",0.6,0.16,-0.26
1861,0,"Response ~  (log10FaSqr+Alpha+log10Fa+log10Ta+log10NH)^2+log10PeakFlux+PhotonIndex+log10T90+log10NHSqr+log10PeakFluxSqr+PhotonIndexSqr+log10TaSqr+AlphaSqr+log10T90Sqr",0.53,0.16,-0.37
1874,0,"Response ~  (log10FaSqr+log10NHSqr+log10Fa+log10Ta+log10NH)^2+log10PeakFlux+PhotonIndex+Alpha+log10T90+log10PeakFluxSqr+PhotonIndexSqr+log10TaSqr+AlphaSqr+log10T90Sqr",0.45,0.16,-0.024
1879,0,"Response ~  (log10FaSqr+log10PeakFluxSqr+log10Fa+log10Ta+log10NH)^2+log10PeakFlux+PhotonIndex+Alpha+log10T90+log10NHSqr+PhotonIndexSqr+log10TaSqr+AlphaSqr+log10T90Sqr",0.58,0.16,-0.21
1883,0,"Response ~  (log10FaSqr+PhotonIndexSqr+log10Fa+log10Ta+log10NH)^2+log10PeakFlux+PhotonIndex+Alpha+log10T90+log10NHSqr+log10PeakFluxSqr+log10TaSqr+AlphaSqr+log10T90Sqr",0.39,0.16,0.14
1885,0,"Response ~  (log10T90Sqr+PhotonIndexSqr+log10Fa+log10Ta+log10NH)^2+log10PeakFlux+PhotonIndex+Alpha+log10T90+log10NHSqr+log10PeakFluxSqr+log10TaSqr+log10FaSqr+AlphaSqr",0.41,0.19,-0.19
1886,0,"Response ~  (log10FaSqr+log10TaSqr+log10Fa+log10Ta+log10NH)^2+log10PeakFlux+PhotonIndex+Alpha+log10T90+log10NHSqr+log10PeakFluxSqr+PhotonIndexSqr+AlphaSqr+log10T90Sqr",0.55,0.15,-0.22
1912,0,"Response ~  (AlphaSqr+PhotonIndexSqr+Alpha+log10Ta+log10NH)^2+log10PeakFlux+PhotonIndex+log10Fa+log10T90+log10NHSqr+log10PeakFluxSqr+log10TaSqr+log10FaSqr+log10T90Sqr",0.21,0.2,-0.16
1970,0,"Response ~  (log10T90Sqr+log10FaSqr+PhotonIndexSqr+log10Ta+log10NH)^2+log10PeakFlux+PhotonIndex+log10Fa+Alpha+log10T90+log10NHSqr+log10PeakFluxSqr+log10TaSqr+AlphaSqr",0.45,0.19,0.013
1984,0,"Response ~  (PhotonIndexSqr+log10NHSqr+Alpha+log10Fa+log10NH)^2+log10PeakFlux+PhotonIndex+log10Ta+log10T90+log10PeakFluxSqr+log10TaSqr+log10FaSqr+AlphaSqr+log10T90Sqr",0.36,0.2,-0.26
2010,0,"Response ~  (PhotonIndexSqr+log10PeakFluxSqr+log10T90+log10Fa+log10NH)^2+log10PeakFlux+PhotonIndex+log10Ta+Alpha+log10NHSqr+log10TaSqr+log10FaSqr+AlphaSqr+log10T90Sqr",0.22,0.19,-0.19
2025,0,"Response ~  (PhotonIndexSqr+log10PeakFluxSqr+log10NHSqr+log10Fa+log10NH)^2+log10PeakFlux+PhotonIndex+log10Ta+Alpha+log10T90+log10TaSqr+log10FaSqr+AlphaSqr+log10T90Sqr",0.5,0.17,-0.18
2027,0,"Response ~  (log10FaSqr+log10PeakFluxSqr+log10NHSqr+log10Fa+log10NH)^2+log10PeakFlux+PhotonIndex+log10Ta+Alpha+log10T90+PhotonIndexSqr+log10TaSqr+AlphaSqr+log10T90Sqr",0.33,0.19,-0.015
2031,0,"Response ~  (log10FaSqr+PhotonIndexSqr+log10NHSqr+log10Fa+log10NH)^2+log10PeakFlux+PhotonIndex+log10Ta+Alpha+log10T90+log10PeakFluxSqr+log10TaSqr+AlphaSqr+log10T90Sqr",0.49,0.17,-0.086
2032,0,"Response ~  (AlphaSqr+PhotonIndexSqr+log10NHSqr+log10Fa+log10NH)^2+log10PeakFlux+PhotonIndex+log10Ta+Alpha+log10T90+log10PeakFluxSqr+log10TaSqr+log10FaSqr+log10T90Sqr",0.41,0.19,-0.075
2037,0,"Response ~  (AlphaSqr+log10FaSqr+log10NHSqr+log10Fa+log10NH)^2+log10PeakFlux+PhotonIndex+log10Ta+Alpha+log10T90+log10PeakFluxSqr+PhotonIndexSqr+log10TaSqr+log10T90Sqr",0.41,0.2,0.28
2040,0,"Response ~  (log10TaSqr+PhotonIndexSqr+log10PeakFluxSqr+log10Fa+log10NH)^2+log10PeakFlux+PhotonIndex+log10Ta+Alpha+log10T90+log10NHSqr+log10FaSqr+AlphaSqr+log10T90Sqr",0.56,0.16,-0.12
2041,0,"Response ~  (log10FaSqr+PhotonIndexSqr+log10PeakFluxSqr+log10Fa+log10NH)^2+log10PeakFlux+PhotonIndex+log10Ta+Alpha+log10T90+log10NHSqr+log10TaSqr+AlphaSqr+log10T90Sqr",0.44,0.19,-0.15
2043,0,"Response ~  (log10T90Sqr+PhotonIndexSqr+log10PeakFluxSqr+log10Fa+log10NH)^2+log10PeakFlux+PhotonIndex+log10Ta+Alpha+log10T90+log10NHSqr+log10TaSqr+log10FaSqr+AlphaSqr",0.44,0.17,-0.093
2050,0,"Response ~  (log10FaSqr+log10TaSqr+PhotonIndexSqr+log10Fa+log10NH)^2+log10PeakFlux+PhotonIndex+log10Ta+Alpha+log10T90+log10NHSqr+log10PeakFluxSqr+AlphaSqr+log10T90Sqr",0.52,0.17,-0.47
2098,0,"Response ~  (AlphaSqr+PhotonIndexSqr+log10PeakFluxSqr+Alpha+log10NH)^2+log10PeakFlux+PhotonIndex+log10Ta+log10Fa+log10T90+log10NHSqr+log10TaSqr+log10FaSqr+log10T90Sqr",0.23,0.23,-0.043
2103,0,"Response ~  (AlphaSqr+log10FaSqr+log10PeakFluxSqr+Alpha+log10NH)^2+log10PeakFlux+PhotonIndex+log10Ta+log10Fa+log10T90+log10NHSqr+PhotonIndexSqr+log10TaSqr+log10T90Sqr",0.23,0.24,-0.11
2111,0,"Response ~  (log10T90Sqr+AlphaSqr+PhotonIndexSqr+Alpha+log10NH)^2+log10PeakFlux+PhotonIndex+log10Ta+log10Fa+log10T90+log10NHSqr+log10PeakFluxSqr+log10TaSqr+log10FaSqr",0.37,0.19,-0.18
2145,0,"Response ~  (log10T90Sqr+log10FaSqr+PhotonIndexSqr+log10T90+log10NH)^2+log10PeakFlux+PhotonIndex+log10Ta+log10Fa+Alpha+log10NHSqr+log10PeakFluxSqr+log10TaSqr+AlphaSqr",0.43,0.17,0.065
2152,0,"Response ~  (log10FaSqr+PhotonIndexSqr+log10PeakFluxSqr+log10NHSqr+log10NH)^2+log10PeakFlux+PhotonIndex+log10Ta+log10Fa+Alpha+log10T90+log10TaSqr+AlphaSqr+log10T90Sqr",0.41,0.17,0.066
2164,0,"Response ~  (AlphaSqr+log10FaSqr+PhotonIndexSqr+log10NHSqr+log10NH)^2+log10PeakFlux+PhotonIndex+log10Ta+log10Fa+Alpha+log10T90+log10PeakFluxSqr+log10TaSqr+log10T90Sqr",0.45,0.17,-0.038
2191,0,"Response ~  (log10TaSqr+log10Fa+log10Ta+PhotonIndex+log10PeakFlux)^2+log10NH+Alpha+log10T90+log10NHSqr+log10PeakFluxSqr+PhotonIndexSqr+log10FaSqr+AlphaSqr+log10T90Sqr",0.34,0.19,-0.17
2194,0,"Response ~  (log10T90Sqr+log10Fa+log10Ta+PhotonIndex+log10PeakFlux)^2+log10NH+Alpha+log10T90+log10NHSqr+log10PeakFluxSqr+PhotonIndexSqr+log10TaSqr+log10FaSqr+AlphaSqr",0.49,0.16,0.084
2225,0,"Response ~  (log10FaSqr+log10TaSqr+log10Ta+PhotonIndex+log10PeakFlux)^2+log10NH+log10Fa+Alpha+log10T90+log10NHSqr+log10PeakFluxSqr+PhotonIndexSqr+AlphaSqr+log10T90Sqr",0.52,0.18,-0.046
2246,0,"Response ~  (log10PeakFluxSqr+log10NHSqr+log10Fa+PhotonIndex+log10PeakFlux)^2+log10NH+log10Ta+Alpha+log10T90+PhotonIndexSqr+log10TaSqr+log10FaSqr+AlphaSqr+log10T90Sqr",0.32,0.19,-0.43
2248,0,"Response ~  (log10TaSqr+log10NHSqr+log10Fa+PhotonIndex+log10PeakFlux)^2+log10NH+log10Ta+Alpha+log10T90+log10PeakFluxSqr+PhotonIndexSqr+log10FaSqr+AlphaSqr+log10T90Sqr",0.31,0.18,0.0091
2251,0,"Response ~  (log10T90Sqr+log10NHSqr+log10Fa+PhotonIndex+log10PeakFlux)^2+log10NH+log10Ta+Alpha+log10T90+log10PeakFluxSqr+PhotonIndexSqr+log10TaSqr+log10FaSqr+AlphaSqr",0.35,0.18,-0.17
2254,0,"Response ~  (log10FaSqr+log10PeakFluxSqr+log10Fa+PhotonIndex+log10PeakFlux)^2+log10NH+log10Ta+Alpha+log10T90+log10NHSqr+PhotonIndexSqr+log10TaSqr+AlphaSqr+log10T90Sqr",0.42,0.19,-0.03
2257,0,"Response ~  (log10TaSqr+PhotonIndexSqr+log10Fa+PhotonIndex+log10PeakFlux)^2+log10NH+log10Ta+Alpha+log10T90+log10NHSqr+log10PeakFluxSqr+log10FaSqr+AlphaSqr+log10T90Sqr",0.48,0.16,-0.32
2258,0,"Response ~  (log10FaSqr+PhotonIndexSqr+log10Fa+PhotonIndex+log10PeakFlux)^2+log10NH+log10Ta+Alpha+log10T90+log10NHSqr+log10PeakFluxSqr+log10TaSqr+AlphaSqr+log10T90Sqr",0.48,0.17,-0.03
2264,0,"Response ~  (AlphaSqr+log10FaSqr+log10Fa+PhotonIndex+log10PeakFlux)^2+log10NH+log10Ta+Alpha+log10T90+log10NHSqr+log10PeakFluxSqr+PhotonIndexSqr+log10TaSqr+log10T90Sqr",0.58,0.16,-0.18
2265,0,"Response ~  (log10T90Sqr+log10FaSqr+log10Fa+PhotonIndex+log10PeakFlux)^2+log10NH+log10Ta+Alpha+log10T90+log10NHSqr+log10PeakFluxSqr+PhotonIndexSqr+log10TaSqr+AlphaSqr",0.41,0.19,-0.31
2314,0,"Response ~  (log10T90Sqr+log10FaSqr+log10T90+PhotonIndex+log10PeakFlux)^2+log10NH+log10Ta+log10Fa+Alpha+log10NHSqr+log10PeakFluxSqr+PhotonIndexSqr+log10TaSqr+AlphaSqr",0.5,0.17,-0.066
2356,0,"Response ~  (log10FaSqr+Alpha+log10Fa+log10Ta+log10PeakFlux)^2+log10NH+PhotonIndex+log10T90+log10NHSqr+log10PeakFluxSqr+PhotonIndexSqr+log10TaSqr+AlphaSqr+log10T90Sqr",0.48,0.17,-0.36
2367,0,"Response ~  (PhotonIndexSqr+log10NHSqr+log10Fa+log10Ta+log10PeakFlux)^2+log10NH+PhotonIndex+Alpha+log10T90+log10PeakFluxSqr+log10TaSqr+log10FaSqr+AlphaSqr+log10T90Sqr",0.59,0.16,-0.22
2368,0,"Response ~  (log10TaSqr+log10NHSqr+log10Fa+log10Ta+log10PeakFlux)^2+log10NH+PhotonIndex+Alpha+log10T90+log10PeakFluxSqr+PhotonIndexSqr+log10FaSqr+AlphaSqr+log10T90Sqr",0.57,0.18,-0.39
2369,0,"Response ~  (log10FaSqr+log10NHSqr+log10Fa+log10Ta+log10PeakFlux)^2+log10NH+PhotonIndex+Alpha+log10T90+log10PeakFluxSqr+PhotonIndexSqr+log10TaSqr+AlphaSqr+log10T90Sqr",0.48,0.18,0.11
2374,0,"Response ~  (log10FaSqr+log10PeakFluxSqr+log10Fa+log10Ta+log10PeakFlux)^2+log10NH+PhotonIndex+Alpha+log10T90+log10NHSqr+PhotonIndexSqr+log10TaSqr+AlphaSqr+log10T90Sqr",0.42,0.18,-0.042
2377,0,"Response ~  (log10TaSqr+PhotonIndexSqr+log10Fa+log10Ta+log10PeakFlux)^2+log10NH+PhotonIndex+Alpha+log10T90+log10NHSqr+log10PeakFluxSqr+log10FaSqr+AlphaSqr+log10T90Sqr",0.5,0.16,-0.067
2381,0,"Response ~  (log10FaSqr+log10TaSqr+log10Fa+log10Ta+log10PeakFlux)^2+log10NH+PhotonIndex+Alpha+log10T90+log10NHSqr+log10PeakFluxSqr+PhotonIndexSqr+AlphaSqr+log10T90Sqr",0.45,0.18,-0.088
2384,0,"Response ~  (AlphaSqr+log10FaSqr+log10Fa+log10Ta+log10PeakFlux)^2+log10NH+PhotonIndex+Alpha+log10T90+log10NHSqr+log10PeakFluxSqr+PhotonIndexSqr+log10TaSqr+log10T90Sqr",0.51,0.17,-0.13
2385,0,"Response ~  (log10T90Sqr+log10FaSqr+log10Fa+log10Ta+log10PeakFlux)^2+log10NH+PhotonIndex+Alpha+log10T90+log10NHSqr+log10PeakFluxSqr+PhotonIndexSqr+log10TaSqr+AlphaSqr",0.44,0.17,-0.17
2392,0,"Response ~  (AlphaSqr+log10T90+Alpha+log10Ta+log10PeakFlux)^2+log10NH+PhotonIndex+log10Fa+log10NHSqr+log10PeakFluxSqr+PhotonIndexSqr+log10TaSqr+log10FaSqr+log10T90Sqr",0.36,0.2,-0.25
2457,0,"Response ~  (log10T90Sqr+log10TaSqr+log10PeakFluxSqr+log10Ta+log10PeakFlux)^2+log10NH+PhotonIndex+log10Fa+Alpha+log10T90+log10NHSqr+PhotonIndexSqr+log10FaSqr+AlphaSqr",-0.014,0.2,-0.11
2461,0,"Response ~  (log10FaSqr+log10TaSqr+PhotonIndexSqr+log10Ta+log10PeakFlux)^2+log10NH+PhotonIndex+log10Fa+Alpha+log10T90+log10NHSqr+log10PeakFluxSqr+AlphaSqr+log10T90Sqr",0.42,0.18,-0.11
2502,0,"Response ~  (log10FaSqr+log10NHSqr+log10T90+log10Fa+log10PeakFlux)^2+log10NH+PhotonIndex+log10Ta+Alpha+log10PeakFluxSqr+PhotonIndexSqr+log10TaSqr+AlphaSqr+log10T90Sqr",0.48,0.18,-0.12
2511,0,"Response ~  (log10FaSqr+PhotonIndexSqr+log10T90+log10Fa+log10PeakFlux)^2+log10NH+PhotonIndex+log10Ta+Alpha+log10NHSqr+log10PeakFluxSqr+log10TaSqr+AlphaSqr+log10T90Sqr",0.46,0.2,-0.39
2513,0,"Response ~  (log10T90Sqr+PhotonIndexSqr+log10T90+log10Fa+log10PeakFlux)^2+log10NH+PhotonIndex+log10Ta+Alpha+log10NHSqr+log10PeakFluxSqr+log10TaSqr+log10FaSqr+AlphaSqr",0.43,0.18,-0.18
2514,0,"Response ~  (log10FaSqr+log10TaSqr+log10T90+log10Fa+log10PeakFlux)^2+log10NH+PhotonIndex+log10Ta+Alpha+log10NHSqr+log10PeakFluxSqr+PhotonIndexSqr+AlphaSqr+log10T90Sqr",0.56,0.17,-0.65
2522,0,"Response ~  (log10FaSqr+log10PeakFluxSqr+log10NHSqr+log10Fa+log10PeakFlux)^2+log10NH+PhotonIndex+log10Ta+Alpha+log10T90+PhotonIndexSqr+log10TaSqr+AlphaSqr+log10T90Sqr",0.48,0.18,0.085
2525,0,"Response ~  (log10TaSqr+PhotonIndexSqr+log10NHSqr+log10Fa+log10PeakFlux)^2+log10NH+PhotonIndex+log10Ta+Alpha+log10T90+log10PeakFluxSqr+log10FaSqr+AlphaSqr+log10T90Sqr",0.38,0.18,0.079
2529,0,"Response ~  (log10FaSqr+log10TaSqr+log10NHSqr+log10Fa+log10PeakFlux)^2+log10NH+PhotonIndex+log10Ta+Alpha+log10T90+log10PeakFluxSqr+PhotonIndexSqr+AlphaSqr+log10T90Sqr",0.53,0.17,0.056
2533,0,"Response ~  (log10T90Sqr+log10FaSqr+log10NHSqr+log10Fa+log10PeakFlux)^2+log10NH+PhotonIndex+log10Ta+Alpha+log10T90+log10PeakFluxSqr+PhotonIndexSqr+log10TaSqr+AlphaSqr",0.43,0.2,-0.022
2543,0,"Response ~  (log10T90Sqr+log10FaSqr+log10PeakFluxSqr+log10Fa+log10PeakFlux)^2+log10NH+PhotonIndex+log10Ta+Alpha+log10T90+log10NHSqr+PhotonIndexSqr+log10TaSqr+AlphaSqr",0.4,0.19,-0.37
2549,0,"Response ~  (log10T90Sqr+log10FaSqr+PhotonIndexSqr+log10Fa+log10PeakFlux)^2+log10NH+PhotonIndex+log10Ta+Alpha+log10T90+log10NHSqr+log10PeakFluxSqr+log10TaSqr+AlphaSqr",0.58,0.17,-0.15
2552,0,"Response ~  (log10T90Sqr+log10FaSqr+log10TaSqr+log10Fa+log10PeakFlux)^2+log10NH+PhotonIndex+log10Ta+Alpha+log10T90+log10NHSqr+log10PeakFluxSqr+PhotonIndexSqr+AlphaSqr",0.48,0.16,-0.22
2684,0,"Response ~  (PhotonIndexSqr+Alpha+log10Fa+log10Ta+PhotonIndex)^2+log10NH+log10PeakFlux+log10T90+log10NHSqr+log10PeakFluxSqr+log10TaSqr+log10FaSqr+AlphaSqr+log10T90Sqr",0.44,0.17,0.1
2687,0,"Response ~  (AlphaSqr+Alpha+log10Fa+log10Ta+PhotonIndex)^2+log10NH+log10PeakFlux+log10T90+log10NHSqr+log10PeakFluxSqr+PhotonIndexSqr+log10TaSqr+log10FaSqr+log10T90Sqr",0.29,0.19,-0.18
2696,0,"Response ~  (log10PeakFluxSqr+log10NHSqr+log10Fa+log10Ta+PhotonIndex)^2+log10NH+log10PeakFlux+Alpha+log10T90+PhotonIndexSqr+log10TaSqr+log10FaSqr+AlphaSqr+log10T90Sqr",0.42,0.17,-0.097
2699,0,"Response ~  (log10FaSqr+log10NHSqr+log10Fa+log10Ta+PhotonIndex)^2+log10NH+log10PeakFlux+Alpha+log10T90+log10PeakFluxSqr+PhotonIndexSqr+log10TaSqr+AlphaSqr+log10T90Sqr",0.51,0.17,-0.06
2703,0,"Response ~  (log10TaSqr+log10PeakFluxSqr+log10Fa+log10Ta+PhotonIndex)^2+log10NH+log10PeakFlux+Alpha+log10T90+log10NHSqr+PhotonIndexSqr+log10FaSqr+AlphaSqr+log10T90Sqr",0.3,0.16,-0.36
2704,0,"Response ~  (log10FaSqr+log10PeakFluxSqr+log10Fa+log10Ta+PhotonIndex)^2+log10NH+log10PeakFlux+Alpha+log10T90+log10NHSqr+PhotonIndexSqr+log10TaSqr+AlphaSqr+log10T90Sqr",0.35,0.18,-0.17
2708,0,"Response ~  (log10FaSqr+PhotonIndexSqr+log10Fa+log10Ta+PhotonIndex)^2+log10NH+log10PeakFlux+Alpha+log10T90+log10NHSqr+log10PeakFluxSqr+log10TaSqr+AlphaSqr+log10T90Sqr",0.43,0.18,-0.32
2709,0,"Response ~  (AlphaSqr+PhotonIndexSqr+log10Fa+log10Ta+PhotonIndex)^2+log10NH+log10PeakFlux+Alpha+log10T90+log10NHSqr+log10PeakFluxSqr+log10TaSqr+log10FaSqr+log10T90Sqr",0.37,0.18,-0.3
2715,0,"Response ~  (log10T90Sqr+log10FaSqr+log10Fa+log10Ta+PhotonIndex)^2+log10NH+log10PeakFlux+Alpha+log10T90+log10NHSqr+log10PeakFluxSqr+PhotonIndexSqr+log10TaSqr+AlphaSqr",0.41,0.18,-0.34
2722,0,"Response ~  (AlphaSqr+log10T90+Alpha+log10Ta+PhotonIndex)^2+log10NH+log10PeakFlux+log10Fa+log10NHSqr+log10PeakFluxSqr+PhotonIndexSqr+log10TaSqr+log10FaSqr+log10T90Sqr",0.3,0.19,-0.18
2742,0,"Response ~  (AlphaSqr+log10FaSqr+Alpha+log10Ta+PhotonIndex)^2+log10NH+log10PeakFlux+log10Fa+log10T90+log10NHSqr+log10PeakFluxSqr+PhotonIndexSqr+log10TaSqr+log10T90Sqr",0.29,0.19,-0.18
2744,0,"Response ~  (log10T90Sqr+AlphaSqr+Alpha+log10Ta+PhotonIndex)^2+log10NH+log10PeakFlux+log10Fa+log10T90+log10NHSqr+log10PeakFluxSqr+PhotonIndexSqr+log10TaSqr+log10FaSqr",0.35,0.19,-0.19
2750,0,"Response ~  (log10T90Sqr+log10NHSqr+log10T90+log10Ta+PhotonIndex)^2+log10NH+log10PeakFlux+log10Fa+Alpha+log10PeakFluxSqr+PhotonIndexSqr+log10TaSqr+log10FaSqr+AlphaSqr",0.33,0.17,-0.1
2764,0,"Response ~  (log10T90Sqr+log10FaSqr+log10T90+log10Ta+PhotonIndex)^2+log10NH+log10PeakFlux+log10Fa+Alpha+log10NHSqr+log10PeakFluxSqr+PhotonIndexSqr+log10TaSqr+AlphaSqr",0.42,0.16,-0.36
2773,0,"Response ~  (AlphaSqr+PhotonIndexSqr+log10NHSqr+log10Ta+PhotonIndex)^2+log10NH+log10PeakFlux+log10Fa+Alpha+log10T90+log10PeakFluxSqr+log10TaSqr+log10FaSqr+log10T90Sqr",0.51,0.17,-0.26
2783,0,"Response ~  (AlphaSqr+PhotonIndexSqr+log10PeakFluxSqr+log10Ta+PhotonIndex)^2+log10NH+log10PeakFlux+log10Fa+Alpha+log10T90+log10NHSqr+log10TaSqr+log10FaSqr+log10T90Sqr",0.42,0.18,-0.23
2795,0,"Response ~  (log10T90Sqr+log10FaSqr+PhotonIndexSqr+log10Ta+PhotonIndex)^2+log10NH+log10PeakFlux+log10Fa+Alpha+log10T90+log10NHSqr+log10PeakFluxSqr+log10TaSqr+AlphaSqr",0.3,0.18,-0.2
2806,0,"Response ~  (AlphaSqr+log10T90+Alpha+log10Fa+PhotonIndex)^2+log10NH+log10PeakFlux+log10Ta+log10NHSqr+log10PeakFluxSqr+PhotonIndexSqr+log10TaSqr+log10FaSqr+log10T90Sqr",0.5,0.17,-0.34
2816,0,"Response ~  (log10FaSqr+log10PeakFluxSqr+Alpha+log10Fa+PhotonIndex)^2+log10NH+log10PeakFlux+log10Ta+log10T90+log10NHSqr+PhotonIndexSqr+log10TaSqr+AlphaSqr+log10T90Sqr",0.53,0.17,-0.44
2820,0,"Response ~  (log10FaSqr+PhotonIndexSqr+Alpha+log10Fa+PhotonIndex)^2+log10NH+log10PeakFlux+log10Ta+log10T90+log10NHSqr+log10PeakFluxSqr+log10TaSqr+AlphaSqr+log10T90Sqr",0.46,0.19,-0.11
2823,0,"Response ~  (log10FaSqr+log10TaSqr+Alpha+log10Fa+PhotonIndex)^2+log10NH+log10PeakFlux+log10Ta+log10T90+log10NHSqr+log10PeakFluxSqr+PhotonIndexSqr+AlphaSqr+log10T90Sqr",0.45,0.17,-0.25
2826,0,"Response ~  (AlphaSqr+log10FaSqr+Alpha+log10Fa+PhotonIndex)^2+log10NH+log10PeakFlux+log10Ta+log10T90+log10NHSqr+log10PeakFluxSqr+PhotonIndexSqr+log10TaSqr+log10T90Sqr",0.38,0.18,-0.39
2828,0,"Response ~  (log10T90Sqr+AlphaSqr+Alpha+log10Fa+PhotonIndex)^2+log10NH+log10PeakFlux+log10Ta+log10T90+log10NHSqr+log10PeakFluxSqr+PhotonIndexSqr+log10TaSqr+log10FaSqr",0.5,0.16,-0.24
2829,0,"Response ~  (log10PeakFluxSqr+log10NHSqr+log10T90+log10Fa+PhotonIndex)^2+log10NH+log10PeakFlux+log10Ta+Alpha+PhotonIndexSqr+log10TaSqr+log10FaSqr+AlphaSqr+log10T90Sqr",0.44,0.18,-0.16
2830,0,"Response ~  (PhotonIndexSqr+log10NHSqr+log10T90+log10Fa+PhotonIndex)^2+log10NH+log10PeakFlux+log10Ta+Alpha+log10PeakFluxSqr+log10TaSqr+log10FaSqr+AlphaSqr+log10T90Sqr",0.48,0.19,-0.094
2834,0,"Response ~  (log10T90Sqr+log10NHSqr+log10T90+log10Fa+PhotonIndex)^2+log10NH+log10PeakFlux+log10Ta+Alpha+log10PeakFluxSqr+PhotonIndexSqr+log10TaSqr+log10FaSqr+AlphaSqr",0.37,0.18,0.025
2836,0,"Response ~  (log10TaSqr+log10PeakFluxSqr+log10T90+log10Fa+PhotonIndex)^2+log10NH+log10PeakFlux+log10Ta+Alpha+log10NHSqr+PhotonIndexSqr+log10FaSqr+AlphaSqr+log10T90Sqr",0.36,0.19,-0.44
2841,0,"Response ~  (log10FaSqr+PhotonIndexSqr+log10T90+log10Fa+PhotonIndex)^2+log10NH+log10PeakFlux+log10Ta+Alpha+log10NHSqr+log10PeakFluxSqr+log10TaSqr+AlphaSqr+log10T90Sqr",0.4,0.19,-0.38
2842,0,"Response ~  (AlphaSqr+PhotonIndexSqr+log10T90+log10Fa+PhotonIndex)^2+log10NH+log10PeakFlux+log10Ta+Alpha+log10NHSqr+log10PeakFluxSqr+log10TaSqr+log10FaSqr+log10T90Sqr",0.39,0.16,-0.25
2846,0,"Response ~  (log10T90Sqr+log10TaSqr+log10T90+log10Fa+PhotonIndex)^2+log10NH+log10PeakFlux+log10Ta+Alpha+log10NHSqr+log10PeakFluxSqr+PhotonIndexSqr+log10FaSqr+AlphaSqr",0.44,0.19,-0.13
2848,0,"Response ~  (log10T90Sqr+log10FaSqr+log10T90+log10Fa+PhotonIndex)^2+log10NH+log10PeakFlux+log10Ta+Alpha+log10NHSqr+log10PeakFluxSqr+PhotonIndexSqr+log10TaSqr+AlphaSqr",0.53,0.16,-0.26
2851,0,"Response ~  (log10TaSqr+log10PeakFluxSqr+log10NHSqr+log10Fa+PhotonIndex)^2+log10NH+log10PeakFlux+log10Ta+Alpha+log10T90+PhotonIndexSqr+log10FaSqr+AlphaSqr+log10T90Sqr",0.59,0.15,-0.073
2852,0,"Response ~  (log10FaSqr+log10PeakFluxSqr+log10NHSqr+log10Fa+PhotonIndex)^2+log10NH+log10PeakFlux+log10Ta+Alpha+log10T90+PhotonIndexSqr+log10TaSqr+AlphaSqr+log10T90Sqr",0.49,0.17,-0.04
2854,0,"Response ~  (log10T90Sqr+log10PeakFluxSqr+log10NHSqr+log10Fa+PhotonIndex)^2+log10NH+log10PeakFlux+log10Ta+Alpha+log10T90+PhotonIndexSqr+log10TaSqr+log10FaSqr+AlphaSqr",0.45,0.18,-0.21
2855,0,"Response ~  (log10TaSqr+PhotonIndexSqr+log10NHSqr+log10Fa+PhotonIndex)^2+log10NH+log10PeakFlux+log10Ta+Alpha+log10T90+log10PeakFluxSqr+log10FaSqr+AlphaSqr+log10T90Sqr",0.43,0.17,-0.22
2857,0,"Response ~  (AlphaSqr+PhotonIndexSqr+log10NHSqr+log10Fa+PhotonIndex)^2+log10NH+log10PeakFlux+log10Ta+Alpha+log10T90+log10PeakFluxSqr+log10TaSqr+log10FaSqr+log10T90Sqr",0.56,0.16,0.063
2859,0,"Response ~  (log10FaSqr+log10TaSqr+log10NHSqr+log10Fa+PhotonIndex)^2+log10NH+log10PeakFlux+log10Ta+Alpha+log10T90+log10PeakFluxSqr+PhotonIndexSqr+AlphaSqr+log10T90Sqr",0.53,0.16,-0.34
2860,0,"Response ~  (AlphaSqr+log10TaSqr+log10NHSqr+log10Fa+PhotonIndex)^2+log10NH+log10PeakFlux+log10Ta+Alpha+log10T90+log10PeakFluxSqr+PhotonIndexSqr+log10FaSqr+log10T90Sqr",0.46,0.16,-0.065
2862,0,"Response ~  (AlphaSqr+log10FaSqr+log10NHSqr+log10Fa+PhotonIndex)^2+log10NH+log10PeakFlux+log10Ta+Alpha+log10T90+log10PeakFluxSqr+PhotonIndexSqr+log10TaSqr+log10T90Sqr",0.42,0.17,-0.081
2863,0,"Response ~  (log10T90Sqr+log10FaSqr+log10NHSqr+log10Fa+PhotonIndex)^2+log10NH+log10PeakFlux+log10Ta+Alpha+log10T90+log10PeakFluxSqr+PhotonIndexSqr+log10TaSqr+AlphaSqr",0.55,0.17,-0.41
2867,0,"Response ~  (AlphaSqr+PhotonIndexSqr+log10PeakFluxSqr+log10Fa+PhotonIndex)^2+log10NH+log10PeakFlux+log10Ta+Alpha+log10T90+log10NHSqr+log10TaSqr+log10FaSqr+log10T90Sqr",0.43,0.17,-0.2
2868,0,"Response ~  (log10T90Sqr+PhotonIndexSqr+log10PeakFluxSqr+log10Fa+PhotonIndex)^2+log10NH+log10PeakFlux+log10Ta+Alpha+log10T90+log10NHSqr+log10TaSqr+log10FaSqr+AlphaSqr",0.4,0.17,0.033
2869,0,"Response ~  (log10FaSqr+log10TaSqr+log10PeakFluxSqr+log10Fa+PhotonIndex)^2+log10NH+log10PeakFlux+log10Ta+Alpha+log10T90+log10NHSqr+PhotonIndexSqr+AlphaSqr+log10T90Sqr",0.48,0.18,-0.21
2871,0,"Response ~  (log10T90Sqr+log10TaSqr+log10PeakFluxSqr+log10Fa+PhotonIndex)^2+log10NH+log10PeakFlux+log10Ta+Alpha+log10T90+log10NHSqr+PhotonIndexSqr+log10FaSqr+AlphaSqr",0.33,0.18,-0.17
2872,0,"Response ~  (AlphaSqr+log10FaSqr+log10PeakFluxSqr+log10Fa+PhotonIndex)^2+log10NH+log10PeakFlux+log10Ta+Alpha+log10T90+log10NHSqr+PhotonIndexSqr+log10TaSqr+log10T90Sqr",0.54,0.17,-0.44
2875,0,"Response ~  (log10FaSqr+log10TaSqr+PhotonIndexSqr+log10Fa+PhotonIndex)^2+log10NH+log10PeakFlux+log10Ta+Alpha+log10T90+log10NHSqr+log10PeakFluxSqr+AlphaSqr+log10T90Sqr",0.54,0.15,-0.14
2876,0,"Response ~  (AlphaSqr+log10TaSqr+PhotonIndexSqr+log10Fa+PhotonIndex)^2+log10NH+log10PeakFlux+log10Ta+Alpha+log10T90+log10NHSqr+log10PeakFluxSqr+log10FaSqr+log10T90Sqr",0.41,0.16,-0.23
2889,0,"Response ~  (AlphaSqr+log10NHSqr+log10T90+Alpha+PhotonIndex)^2+log10NH+log10PeakFlux+log10Ta+log10Fa+log10PeakFluxSqr+PhotonIndexSqr+log10TaSqr+log10FaSqr+log10T90Sqr",0.49,0.16,-0.13
2894,0,"Response ~  (AlphaSqr+log10PeakFluxSqr+log10T90+Alpha+PhotonIndex)^2+log10NH+log10PeakFlux+log10Ta+log10Fa+log10NHSqr+PhotonIndexSqr+log10TaSqr+log10FaSqr+log10T90Sqr",0.54,0.18,-0.33
2898,0,"Response ~  (AlphaSqr+PhotonIndexSqr+log10T90+Alpha+PhotonIndex)^2+log10NH+log10PeakFlux+log10Ta+log10Fa+log10NHSqr+log10PeakFluxSqr+log10TaSqr+log10FaSqr+log10T90Sqr",0.56,0.16,-0.17
2905,0,"Response ~  (log10T90Sqr+AlphaSqr+log10T90+Alpha+PhotonIndex)^2+log10NH+log10PeakFlux+log10Ta+log10Fa+log10NHSqr+log10PeakFluxSqr+PhotonIndexSqr+log10TaSqr+log10FaSqr",0.48,0.17,0.077
2920,0,"Response ~  (log10T90Sqr+AlphaSqr+log10NHSqr+Alpha+PhotonIndex)^2+log10NH+log10PeakFlux+log10Ta+log10Fa+log10T90+log10PeakFluxSqr+PhotonIndexSqr+log10TaSqr+log10FaSqr",0.54,0.17,0.15
2922,0,"Response ~  (log10FaSqr+PhotonIndexSqr+log10PeakFluxSqr+Alpha+PhotonIndex)^2+log10NH+log10PeakFlux+log10Ta+log10Fa+log10T90+log10NHSqr+log10TaSqr+AlphaSqr+log10T90Sqr",0.35,0.16,-0.26
2923,0,"Response ~  (AlphaSqr+PhotonIndexSqr+log10PeakFluxSqr+Alpha+PhotonIndex)^2+log10NH+log10PeakFlux+log10Ta+log10Fa+log10T90+log10NHSqr+log10TaSqr+log10FaSqr+log10T90Sqr",0.36,0.18,-0.25
2924,0,"Response ~  (log10T90Sqr+PhotonIndexSqr+log10PeakFluxSqr+Alpha+PhotonIndex)^2+log10NH+log10PeakFlux+log10Ta+log10Fa+log10T90+log10NHSqr+log10TaSqr+log10FaSqr+AlphaSqr",0.47,0.18,-0.37
2926,0,"Response ~  (AlphaSqr+log10TaSqr+log10PeakFluxSqr+Alpha+PhotonIndex)^2+log10NH+log10PeakFlux+log10Ta+log10Fa+log10T90+log10NHSqr+PhotonIndexSqr+log10FaSqr+log10T90Sqr",0.37,0.17,-0.27
2934,0,"Response ~  (AlphaSqr+log10FaSqr+PhotonIndexSqr+Alpha+PhotonIndex)^2+log10NH+log10PeakFlux+log10Ta+log10Fa+log10T90+log10NHSqr+log10PeakFluxSqr+log10TaSqr+log10T90Sqr",0.48,0.2,0.044
2936,0,"Response ~  (log10T90Sqr+AlphaSqr+PhotonIndexSqr+Alpha+PhotonIndex)^2+log10NH+log10PeakFlux+log10Ta+log10Fa+log10T90+log10NHSqr+log10PeakFluxSqr+log10TaSqr+log10FaSqr",0.52,0.17,0.16
2940,0,"Response ~  (log10T90Sqr+AlphaSqr+log10FaSqr+Alpha+PhotonIndex)^2+log10NH+log10PeakFlux+log10Ta+log10Fa+log10T90+log10NHSqr+log10PeakFluxSqr+PhotonIndexSqr+log10TaSqr",0.48,0.17,-0.043
2958,0,"Response ~  (AlphaSqr+PhotonIndexSqr+log10PeakFluxSqr+log10T90+PhotonIndex)^2+log10NH+log10PeakFlux+log10Ta+log10Fa+Alpha+log10NHSqr+log10TaSqr+log10FaSqr+log10T90Sqr",0.41,0.18,-0.23
2959,0,"Response ~  (log10T90Sqr+PhotonIndexSqr+log10PeakFluxSqr+log10T90+PhotonIndex)^2+log10NH+log10PeakFlux+log10Ta+log10Fa+Alpha+log10NHSqr+log10TaSqr+log10FaSqr+AlphaSqr",0.5,0.22,-0.37
2973,0,"Response ~  (log10T90Sqr+log10FaSqr+log10TaSqr+log10T90+PhotonIndex)^2+log10NH+log10PeakFlux+log10Ta+log10Fa+Alpha+log10NHSqr+log10PeakFluxSqr+PhotonIndexSqr+AlphaSqr",0.39,0.16,-0.37
2975,0,"Response ~  (log10T90Sqr+AlphaSqr+log10FaSqr+log10T90+PhotonIndex)^2+log10NH+log10PeakFlux+log10Ta+log10Fa+Alpha+log10NHSqr+log10PeakFluxSqr+PhotonIndexSqr+log10TaSqr",0.51,0.19,-0.3
2979,0,"Response ~  (log10T90Sqr+PhotonIndexSqr+log10PeakFluxSqr+log10NHSqr+PhotonIndex)^2+log10NH+log10PeakFlux+log10Ta+log10Fa+Alpha+log10T90+log10TaSqr+log10FaSqr+AlphaSqr",0.48,0.18,-0.38
2997,0,"Response ~  (AlphaSqr+log10TaSqr+PhotonIndexSqr+log10PeakFluxSqr+PhotonIndex)^2+log10NH+log10PeakFlux+log10Ta+log10Fa+Alpha+log10T90+log10NHSqr+log10FaSqr+log10T90Sqr",0.46,0.17,-0.1
2999,0,"Response ~  (AlphaSqr+log10FaSqr+PhotonIndexSqr+log10PeakFluxSqr+PhotonIndex)^2+log10NH+log10PeakFlux+log10Ta+log10Fa+Alpha+log10T90+log10NHSqr+log10TaSqr+log10T90Sqr",0.52,0.16,-0.18
3006,0,"Response ~  (AlphaSqr+log10FaSqr+log10TaSqr+PhotonIndexSqr+PhotonIndex)^2+log10NH+log10PeakFlux+log10Ta+log10Fa+Alpha+log10T90+log10NHSqr+log10PeakFluxSqr+log10T90Sqr",0.3,0.18,-0.17
3021,0,"Response ~  (log10FaSqr+log10NHSqr+Alpha+log10Fa+log10Ta)^2+log10NH+log10PeakFlux+PhotonIndex+log10T90+log10PeakFluxSqr+PhotonIndexSqr+log10TaSqr+AlphaSqr+log10T90Sqr",0.42,0.18,-0.22
3024,0,"Response ~  (PhotonIndexSqr+log10PeakFluxSqr+Alpha+log10Fa+log10Ta)^2+log10NH+log10PeakFlux+PhotonIndex+log10T90+log10NHSqr+log10TaSqr+log10FaSqr+AlphaSqr+log10T90Sqr",0.42,0.16,-0.12
3030,0,"Response ~  (log10FaSqr+PhotonIndexSqr+Alpha+log10Fa+log10Ta)^2+log10NH+log10PeakFlux+PhotonIndex+log10T90+log10NHSqr+log10PeakFluxSqr+log10TaSqr+AlphaSqr+log10T90Sqr",0.5,0.17,-0.06
3031,0,"Response ~  (AlphaSqr+PhotonIndexSqr+Alpha+log10Fa+log10Ta)^2+log10NH+log10PeakFlux+PhotonIndex+log10T90+log10NHSqr+log10PeakFluxSqr+log10TaSqr+log10FaSqr+log10T90Sqr",0.37,0.18,-0.0042
3032,0,"Response ~  (log10T90Sqr+PhotonIndexSqr+Alpha+log10Fa+log10Ta)^2+log10NH+log10PeakFlux+PhotonIndex+log10T90+log10NHSqr+log10PeakFluxSqr+log10TaSqr+log10FaSqr+AlphaSqr",0.44,0.17,-0.26
3054,0,"Response ~  (log10FaSqr+log10TaSqr+log10T90+log10Fa+log10Ta)^2+log10NH+log10PeakFlux+PhotonIndex+Alpha+log10NHSqr+log10PeakFluxSqr+PhotonIndexSqr+AlphaSqr+log10T90Sqr",0.21,0.19,-0.16
3056,0,"Response ~  (log10T90Sqr+log10TaSqr+log10T90+log10Fa+log10Ta)^2+log10NH+log10PeakFlux+PhotonIndex+Alpha+log10NHSqr+log10PeakFluxSqr+PhotonIndexSqr+log10FaSqr+AlphaSqr",0.53,0.17,-0.062
3058,0,"Response ~  (log10T90Sqr+log10FaSqr+log10T90+log10Fa+log10Ta)^2+log10NH+log10PeakFlux+PhotonIndex+Alpha+log10NHSqr+log10PeakFluxSqr+PhotonIndexSqr+log10TaSqr+AlphaSqr",0.38,0.19,-0.25
3060,0,"Response ~  (PhotonIndexSqr+log10PeakFluxSqr+log10NHSqr+log10Fa+log10Ta)^2+log10NH+log10PeakFlux+PhotonIndex+Alpha+log10T90+log10TaSqr+log10FaSqr+AlphaSqr+log10T90Sqr",0.34,0.18,0.011
3066,0,"Response ~  (log10FaSqr+PhotonIndexSqr+log10NHSqr+log10Fa+log10Ta)^2+log10NH+log10PeakFlux+PhotonIndex+Alpha+log10T90+log10PeakFluxSqr+log10TaSqr+AlphaSqr+log10T90Sqr",0.51,0.15,-0.061
3069,0,"Response ~  (log10FaSqr+log10TaSqr+log10NHSqr+log10Fa+log10Ta)^2+log10NH+log10PeakFlux+PhotonIndex+Alpha+log10T90+log10PeakFluxSqr+PhotonIndexSqr+AlphaSqr+log10T90Sqr",0.52,0.16,-0.38
3073,0,"Response ~  (log10T90Sqr+log10FaSqr+log10NHSqr+log10Fa+log10Ta)^2+log10NH+log10PeakFlux+PhotonIndex+Alpha+log10T90+log10PeakFluxSqr+PhotonIndexSqr+log10TaSqr+AlphaSqr",0.43,0.18,-0.37
3075,0,"Response ~  (log10TaSqr+PhotonIndexSqr+log10PeakFluxSqr+log10Fa+log10Ta)^2+log10NH+log10PeakFlux+PhotonIndex+Alpha+log10T90+log10NHSqr+log10FaSqr+AlphaSqr+log10T90Sqr",0.4,0.17,-0.041
3076,0,"Response ~  (log10FaSqr+PhotonIndexSqr+log10PeakFluxSqr+log10Fa+log10Ta)^2+log10NH+log10PeakFlux+PhotonIndex+Alpha+log10T90+log10NHSqr+log10TaSqr+AlphaSqr+log10T90Sqr",0.41,0.17,-0.23
3089,0,"Response ~  (log10T90Sqr+log10FaSqr+PhotonIndexSqr+log10Fa+log10Ta)^2+log10NH+log10PeakFlux+PhotonIndex+Alpha+log10T90+log10NHSqr+log10PeakFluxSqr+log10TaSqr+AlphaSqr",0.5,0.16,-0.06
3092,0,"Response ~  (log10T90Sqr+log10FaSqr+log10TaSqr+log10Fa+log10Ta)^2+log10NH+log10PeakFlux+PhotonIndex+Alpha+log10T90+log10NHSqr+log10PeakFluxSqr+PhotonIndexSqr+AlphaSqr",0.2,0.2,-0.16
3108,0,"Response ~  (AlphaSqr+PhotonIndexSqr+log10T90+Alpha+log10Ta)^2+log10NH+log10PeakFlux+PhotonIndex+log10Fa+log10NHSqr+log10PeakFluxSqr+log10TaSqr+log10FaSqr+log10T90Sqr",0.3,0.19,-0.18
3115,0,"Response ~  (log10T90Sqr+AlphaSqr+log10T90+Alpha+log10Ta)^2+log10NH+log10PeakFlux+PhotonIndex+log10Fa+log10NHSqr+log10PeakFluxSqr+PhotonIndexSqr+log10TaSqr+log10FaSqr",0.32,0.21,0.068
3119,0,"Response ~  (AlphaSqr+log10PeakFluxSqr+log10NHSqr+Alpha+log10Ta)^2+log10NH+log10PeakFlux+PhotonIndex+log10Fa+log10T90+PhotonIndexSqr+log10TaSqr+log10FaSqr+log10T90Sqr",0.23,0.24,-0.14
3144,0,"Response ~  (AlphaSqr+log10FaSqr+PhotonIndexSqr+Alpha+log10Ta)^2+log10NH+log10PeakFlux+PhotonIndex+log10Fa+log10T90+log10NHSqr+log10PeakFluxSqr+log10TaSqr+log10T90Sqr",0.39,0.16,0.12
3167,0,"Response ~  (log10FaSqr+PhotonIndexSqr+log10PeakFluxSqr+log10T90+log10Ta)^2+log10NH+log10PeakFlux+PhotonIndex+log10Fa+Alpha+log10NHSqr+log10TaSqr+AlphaSqr+log10T90Sqr",0.42,0.16,-0.053
3176,0,"Response ~  (log10FaSqr+log10TaSqr+PhotonIndexSqr+log10T90+log10Ta)^2+log10NH+log10PeakFlux+PhotonIndex+log10Fa+Alpha+log10NHSqr+log10PeakFluxSqr+AlphaSqr+log10T90Sqr",0.4,0.18,-0.26
3180,0,"Response ~  (log10T90Sqr+log10FaSqr+PhotonIndexSqr+log10T90+log10Ta)^2+log10NH+log10PeakFlux+PhotonIndex+log10Fa+Alpha+log10NHSqr+log10PeakFluxSqr+log10TaSqr+AlphaSqr",0.44,0.17,-0.16
3206,0,"Response ~  (log10FaSqr+log10TaSqr+PhotonIndexSqr+log10PeakFluxSqr+log10Ta)^2+log10NH+log10PeakFlux+PhotonIndex+log10Fa+Alpha+log10T90+log10NHSqr+AlphaSqr+log10T90Sqr",0.38,0.18,-0.013
3210,0,"Response ~  (log10T90Sqr+log10FaSqr+PhotonIndexSqr+log10PeakFluxSqr+log10Ta)^2+log10NH+log10PeakFlux+PhotonIndex+log10Fa+Alpha+log10T90+log10NHSqr+log10TaSqr+AlphaSqr",0.38,0.18,-0.44
3217,0,"Response ~  (log10T90Sqr+log10FaSqr+log10TaSqr+PhotonIndexSqr+log10Ta)^2+log10NH+log10PeakFlux+PhotonIndex+log10Fa+Alpha+log10T90+log10NHSqr+log10PeakFluxSqr+AlphaSqr",0.38,0.18,-0.41
3235,0,"Response ~  (log10T90Sqr+PhotonIndexSqr+log10T90+Alpha+log10Fa)^2+log10NH+log10PeakFlux+PhotonIndex+log10Ta+log10NHSqr+log10PeakFluxSqr+log10TaSqr+log10FaSqr+AlphaSqr",0.49,0.17,-0.25
3239,0,"Response ~  (AlphaSqr+log10FaSqr+log10T90+Alpha+log10Fa)^2+log10NH+log10PeakFlux+PhotonIndex+log10Ta+log10NHSqr+log10PeakFluxSqr+PhotonIndexSqr+log10TaSqr+log10T90Sqr",0.46,0.17,-0.084
3257,0,"Response ~  (log10TaSqr+PhotonIndexSqr+log10PeakFluxSqr+Alpha+log10Fa)^2+log10NH+log10PeakFlux+PhotonIndex+log10Ta+log10T90+log10NHSqr+log10FaSqr+AlphaSqr+log10T90Sqr",0.54,0.17,-0.42
3258,0,"Response ~  (log10FaSqr+PhotonIndexSqr+log10PeakFluxSqr+Alpha+log10Fa)^2+log10NH+log10PeakFlux+PhotonIndex+log10Ta+log10T90+log10NHSqr+log10TaSqr+AlphaSqr+log10T90Sqr",0.51,0.18,-0.19
3267,0,"Response ~  (log10FaSqr+log10TaSqr+PhotonIndexSqr+Alpha+log10Fa)^2+log10NH+log10PeakFlux+PhotonIndex+log10Ta+log10T90+log10NHSqr+log10PeakFluxSqr+AlphaSqr+log10T90Sqr",0.45,0.18,-0.27
3285,0,"Response ~  (log10T90Sqr+PhotonIndexSqr+log10NHSqr+log10T90+log10Fa)^2+log10NH+log10PeakFlux+PhotonIndex+log10Ta+Alpha+log10PeakFluxSqr+log10TaSqr+log10FaSqr+AlphaSqr",0.55,0.17,-0.33
3295,0,"Response ~  (log10T90Sqr+PhotonIndexSqr+log10PeakFluxSqr+log10T90+log10Fa)^2+log10NH+log10PeakFlux+PhotonIndex+log10Ta+Alpha+log10NHSqr+log10TaSqr+log10FaSqr+AlphaSqr",0.54,0.2,-0.4
3303,0,"Response ~  (AlphaSqr+log10TaSqr+PhotonIndexSqr+log10T90+log10Fa)^2+log10NH+log10PeakFlux+PhotonIndex+log10Ta+Alpha+log10NHSqr+log10PeakFluxSqr+log10FaSqr+log10T90Sqr",0.43,0.17,-0.26
3306,0,"Response ~  (log10T90Sqr+log10FaSqr+PhotonIndexSqr+log10T90+log10Fa)^2+log10NH+log10PeakFlux+PhotonIndex+log10Ta+Alpha+log10NHSqr+log10PeakFluxSqr+log10TaSqr+AlphaSqr",0.53,0.17,-0.23
3307,0,"Response ~  (log10T90Sqr+AlphaSqr+PhotonIndexSqr+log10T90+log10Fa)^2+log10NH+log10PeakFlux+PhotonIndex+log10Ta+Alpha+log10NHSqr+log10PeakFluxSqr+log10TaSqr+log10FaSqr",0.47,0.17,-0.32
3309,0,"Response ~  (log10T90Sqr+log10FaSqr+log10TaSqr+log10T90+log10Fa)^2+log10NH+log10PeakFlux+PhotonIndex+log10Ta+Alpha+log10NHSqr+log10PeakFluxSqr+PhotonIndexSqr+AlphaSqr",0.43,0.17,-0.22
3312,0,"Response ~  (log10TaSqr+PhotonIndexSqr+log10PeakFluxSqr+log10NHSqr+log10Fa)^2+log10NH+log10PeakFlux+PhotonIndex+log10Ta+Alpha+log10T90+log10FaSqr+AlphaSqr+log10T90Sqr",0.47,0.16,-0.18
3313,0,"Response ~  (log10FaSqr+PhotonIndexSqr+log10PeakFluxSqr+log10NHSqr+log10Fa)^2+log10NH+log10PeakFlux+PhotonIndex+log10Ta+Alpha+log10T90+log10TaSqr+AlphaSqr+log10T90Sqr",0.45,0.15,-0.42
3314,0,"Response ~  (AlphaSqr+PhotonIndexSqr+log10PeakFluxSqr+log10NHSqr+log10Fa)^2+log10NH+log10PeakFlux+PhotonIndex+log10Ta+Alpha+log10T90+log10TaSqr+log10FaSqr+log10T90Sqr",0.4,0.19,-0.091
3315,0,"Response ~  (log10T90Sqr+PhotonIndexSqr+log10PeakFluxSqr+log10NHSqr+log10Fa)^2+log10NH+log10PeakFlux+PhotonIndex+log10Ta+Alpha+log10T90+log10TaSqr+log10FaSqr+AlphaSqr",0.58,0.17,-0.19
3316,0,"Response ~  (log10FaSqr+log10TaSqr+log10PeakFluxSqr+log10NHSqr+log10Fa)^2+log10NH+log10PeakFlux+PhotonIndex+log10Ta+Alpha+log10T90+PhotonIndexSqr+AlphaSqr+log10T90Sqr",0.52,0.18,0.056
3322,0,"Response ~  (log10FaSqr+log10TaSqr+PhotonIndexSqr+log10NHSqr+log10Fa)^2+log10NH+log10PeakFlux+PhotonIndex+log10Ta+Alpha+log10T90+log10PeakFluxSqr+AlphaSqr+log10T90Sqr",0.48,0.17,-0.4
3325,0,"Response ~  (AlphaSqr+log10FaSqr+PhotonIndexSqr+log10NHSqr+log10Fa)^2+log10NH+log10PeakFlux+PhotonIndex+log10Ta+Alpha+log10T90+log10PeakFluxSqr+log10TaSqr+log10T90Sqr",0.4,0.17,0.024
3332,0,"Response ~  (log10FaSqr+log10TaSqr+PhotonIndexSqr+log10PeakFluxSqr+log10Fa)^2+log10NH+log10PeakFlux+PhotonIndex+log10Ta+Alpha+log10T90+log10NHSqr+AlphaSqr+log10T90Sqr",0.49,0.17,-0.052
3333,0,"Response ~  (AlphaSqr+log10TaSqr+PhotonIndexSqr+log10PeakFluxSqr+log10Fa)^2+log10NH+log10PeakFlux+PhotonIndex+log10Ta+Alpha+log10T90+log10NHSqr+log10FaSqr+log10T90Sqr",0.57,0.17,0.23
3334,0,"Response ~  (log10T90Sqr+log10TaSqr+PhotonIndexSqr+log10PeakFluxSqr+log10Fa)^2+log10NH+log10PeakFlux+PhotonIndex+log10Ta+Alpha+log10T90+log10NHSqr+log10FaSqr+AlphaSqr",0.45,0.16,-0.093
3335,0,"Response ~  (AlphaSqr+log10FaSqr+PhotonIndexSqr+log10PeakFluxSqr+log10Fa)^2+log10NH+log10PeakFlux+PhotonIndex+log10Ta+Alpha+log10T90+log10NHSqr+log10TaSqr+log10T90Sqr",0.44,0.19,-0.031
3342,0,"Response ~  (AlphaSqr+log10FaSqr+log10TaSqr+PhotonIndexSqr+log10Fa)^2+log10NH+log10PeakFlux+PhotonIndex+log10Ta+Alpha+log10T90+log10NHSqr+log10PeakFluxSqr+log10T90Sqr",0.52,0.17,-0.085
3354,0,"Response ~  (AlphaSqr+PhotonIndexSqr+log10NHSqr+log10T90+Alpha)^2+log10NH+log10PeakFlux+PhotonIndex+log10Ta+log10Fa+log10PeakFluxSqr+log10TaSqr+log10FaSqr+log10T90Sqr",0.46,0.17,-0.15
3365,0,"Response ~  (log10T90Sqr+PhotonIndexSqr+log10PeakFluxSqr+log10T90+Alpha)^2+log10NH+log10PeakFlux+PhotonIndex+log10Ta+log10Fa+log10NHSqr+log10TaSqr+log10FaSqr+AlphaSqr",0.53,0.2,-0.43
3373,0,"Response ~  (AlphaSqr+log10TaSqr+PhotonIndexSqr+log10T90+Alpha)^2+log10NH+log10PeakFlux+PhotonIndex+log10Ta+log10Fa+log10NHSqr+log10PeakFluxSqr+log10FaSqr+log10T90Sqr",0.4,0.18,-0.21
3375,0,"Response ~  (AlphaSqr+log10FaSqr+PhotonIndexSqr+log10T90+Alpha)^2+log10NH+log10PeakFlux+PhotonIndex+log10Ta+log10Fa+log10NHSqr+log10PeakFluxSqr+log10TaSqr+log10T90Sqr",0.47,0.18,-0.17
3376,0,"Response ~  (log10T90Sqr+log10FaSqr+PhotonIndexSqr+log10T90+Alpha)^2+log10NH+log10PeakFlux+PhotonIndex+log10Ta+log10Fa+log10NHSqr+log10PeakFluxSqr+log10TaSqr+AlphaSqr",0.56,0.19,-0.45
3377,0,"Response ~  (log10T90Sqr+AlphaSqr+PhotonIndexSqr+log10T90+Alpha)^2+log10NH+log10PeakFlux+PhotonIndex+log10Ta+log10Fa+log10NHSqr+log10PeakFluxSqr+log10TaSqr+log10FaSqr",0.4,0.2,-0.038
3397,0,"Response ~  (log10T90Sqr+AlphaSqr+PhotonIndexSqr+log10NHSqr+Alpha)^2+log10NH+log10PeakFlux+PhotonIndex+log10Ta+log10Fa+log10T90+log10PeakFluxSqr+log10TaSqr+log10FaSqr",0.54,0.17,0.16
3405,0,"Response ~  (AlphaSqr+log10FaSqr+PhotonIndexSqr+log10PeakFluxSqr+Alpha)^2+log10NH+log10PeakFlux+PhotonIndex+log10Ta+log10Fa+log10T90+log10NHSqr+log10TaSqr+log10T90Sqr",0.39,0.17,-0.29
3410,0,"Response ~  (log10T90Sqr+AlphaSqr+log10TaSqr+log10PeakFluxSqr+Alpha)^2+log10NH+log10PeakFlux+PhotonIndex+log10Ta+log10Fa+log10T90+log10NHSqr+PhotonIndexSqr+log10FaSqr",0.34,0.2,-0.18
3420,0,"Response ~  (log10T90Sqr+PhotonIndexSqr+log10PeakFluxSqr+log10NHSqr+log10T90)^2+log10NH+log10PeakFlux+PhotonIndex+log10Ta+log10Fa+Alpha+log10TaSqr+log10FaSqr+AlphaSqr",0.39,0.19,-0.21
3448,0,"Response ~  (log10T90Sqr+log10FaSqr+log10TaSqr+PhotonIndexSqr+log10T90)^2+log10NH+log10PeakFlux+PhotonIndex+log10Ta+log10Fa+Alpha+log10NHSqr+log10PeakFluxSqr+AlphaSqr",0.52,0.17,-0.13
3449,0,"Response ~  (log10T90Sqr+AlphaSqr+log10TaSqr+PhotonIndexSqr+log10T90)^2+log10NH+log10PeakFlux+PhotonIndex+log10Ta+log10Fa+Alpha+log10NHSqr+log10PeakFluxSqr+log10FaSqr",0.4,0.2,-0.097
3479,0,"Response ~  (log10FaSqr+log10Fa+log10Ta+PhotonIndex+log10PeakFlux+log10NH)^2+Alpha+log10T90+log10NHSqr+log10PeakFluxSqr+PhotonIndexSqr+log10TaSqr+AlphaSqr+log10T90Sqr",0.59,0.15,-0.092
3530,0,"Response ~  (log10FaSqr+log10T90+log10Fa+PhotonIndex+log10PeakFlux+log10NH)^2+log10Ta+Alpha+log10NHSqr+log10PeakFluxSqr+PhotonIndexSqr+log10TaSqr+AlphaSqr+log10T90Sqr",0.44,0.17,-0.086
3536,0,"Response ~  (log10FaSqr+log10NHSqr+log10Fa+PhotonIndex+log10PeakFlux+log10NH)^2+log10Ta+Alpha+log10T90+log10PeakFluxSqr+PhotonIndexSqr+log10TaSqr+AlphaSqr+log10T90Sqr",0.48,0.17,-0.26
3656,0,"Response ~  (log10FaSqr+log10NHSqr+log10Fa+log10Ta+log10PeakFlux+log10NH)^2+PhotonIndex+Alpha+log10T90+log10PeakFluxSqr+PhotonIndexSqr+log10TaSqr+AlphaSqr+log10T90Sqr",0.47,0.17,-0.43
3664,0,"Response ~  (log10TaSqr+PhotonIndexSqr+log10Fa+log10Ta+log10PeakFlux+log10NH)^2+PhotonIndex+Alpha+log10T90+log10NHSqr+log10PeakFluxSqr+log10FaSqr+AlphaSqr+log10T90Sqr",0.1,0.2,0.013
3813,0,"Response ~  (log10FaSqr+PhotonIndexSqr+log10NHSqr+log10Fa+log10PeakFlux+log10NH)^2+PhotonIndex+log10Ta+Alpha+log10T90+log10PeakFluxSqr+log10TaSqr+AlphaSqr+log10T90Sqr",0.48,0.18,-0.21
3814,0,"Response ~  (AlphaSqr+PhotonIndexSqr+log10NHSqr+log10Fa+log10PeakFlux+log10NH)^2+PhotonIndex+log10Ta+Alpha+log10T90+log10PeakFluxSqr+log10TaSqr+log10FaSqr+log10T90Sqr",0.37,0.21,-0.013
3832,0,"Response ~  (log10FaSqr+log10TaSqr+PhotonIndexSqr+log10Fa+log10PeakFlux+log10NH)^2+PhotonIndex+log10Ta+Alpha+log10T90+log10NHSqr+log10PeakFluxSqr+AlphaSqr+log10T90Sqr",0.51,0.17,-0.031
3836,0,"Response ~  (log10T90Sqr+log10FaSqr+PhotonIndexSqr+log10Fa+log10PeakFlux+log10NH)^2+PhotonIndex+log10Ta+Alpha+log10T90+log10NHSqr+log10PeakFluxSqr+log10TaSqr+AlphaSqr",0.47,0.2,-0.38
3974,0,"Response ~  (AlphaSqr+Alpha+log10Fa+log10Ta+PhotonIndex+log10NH)^2+log10PeakFlux+log10T90+log10NHSqr+log10PeakFluxSqr+PhotonIndexSqr+log10TaSqr+log10FaSqr+log10T90Sqr",0.27,0.2,-0.19
3980,0,"Response ~  (log10FaSqr+log10T90+log10Fa+log10Ta+PhotonIndex+log10NH)^2+log10PeakFlux+Alpha+log10NHSqr+log10PeakFluxSqr+PhotonIndexSqr+log10TaSqr+AlphaSqr+log10T90Sqr",0.4,0.19,-0.19
3986,0,"Response ~  (log10FaSqr+log10NHSqr+log10Fa+log10Ta+PhotonIndex+log10NH)^2+log10PeakFlux+Alpha+log10T90+log10PeakFluxSqr+PhotonIndexSqr+log10TaSqr+AlphaSqr+log10T90Sqr",0.33,0.19,-0.034
3991,0,"Response ~  (log10FaSqr+log10PeakFluxSqr+log10Fa+log10Ta+PhotonIndex+log10NH)^2+log10PeakFlux+Alpha+log10T90+log10NHSqr+PhotonIndexSqr+log10TaSqr+AlphaSqr+log10T90Sqr",0.46,0.17,-0.49
4001,0,"Response ~  (AlphaSqr+log10FaSqr+log10Fa+log10Ta+PhotonIndex+log10NH)^2+log10PeakFlux+Alpha+log10T90+log10NHSqr+log10PeakFluxSqr+PhotonIndexSqr+log10TaSqr+log10T90Sqr",0.55,0.17,-0.22
4002,0,"Response ~  (log10T90Sqr+log10FaSqr+log10Fa+log10Ta+PhotonIndex+log10NH)^2+log10PeakFlux+Alpha+log10T90+log10NHSqr+log10PeakFluxSqr+PhotonIndexSqr+log10TaSqr+AlphaSqr",0.45,0.18,-0.013
4051,0,"Response ~  (log10T90Sqr+log10FaSqr+log10T90+log10Ta+PhotonIndex+log10NH)^2+log10PeakFlux+log10Fa+Alpha+log10NHSqr+log10PeakFluxSqr+PhotonIndexSqr+log10TaSqr+AlphaSqr",0.4,0.18,0.077
4055,0,"Response ~  (log10FaSqr+log10PeakFluxSqr+log10NHSqr+log10Ta+PhotonIndex+log10NH)^2+log10PeakFlux+log10Fa+Alpha+log10T90+PhotonIndexSqr+log10TaSqr+AlphaSqr+log10T90Sqr",0.21,0.19,0.19
4076,0,"Response ~  (log10T90Sqr+log10FaSqr+log10PeakFluxSqr+log10Ta+PhotonIndex+log10NH)^2+log10PeakFlux+log10Fa+Alpha+log10T90+log10NHSqr+PhotonIndexSqr+log10TaSqr+AlphaSqr",0.22,0.19,0.2
4095,0,"Response ~  (log10PeakFluxSqr+log10NHSqr+Alpha+log10Fa+PhotonIndex+log10NH)^2+log10PeakFlux+log10Ta+log10T90+PhotonIndexSqr+log10TaSqr+log10FaSqr+AlphaSqr+log10T90Sqr",0.22,0.19,0.26
4104,0,"Response ~  (AlphaSqr+log10PeakFluxSqr+Alpha+log10Fa+PhotonIndex+log10NH)^2+log10PeakFlux+log10Ta+log10T90+log10NHSqr+PhotonIndexSqr+log10TaSqr+log10FaSqr+log10T90Sqr",0.58,0.16,-0.16
4121,0,"Response ~  (log10T90Sqr+log10NHSqr+log10T90+log10Fa+PhotonIndex+log10NH)^2+log10PeakFlux+log10Ta+Alpha+log10PeakFluxSqr+PhotonIndexSqr+log10TaSqr+log10FaSqr+AlphaSqr",0.33,0.19,-0.0019
4131,0,"Response ~  (log10FaSqr+log10TaSqr+log10T90+log10Fa+PhotonIndex+log10NH)^2+log10PeakFlux+log10Ta+Alpha+log10NHSqr+log10PeakFluxSqr+PhotonIndexSqr+AlphaSqr+log10T90Sqr",0.42,0.17,-0.22
4133,0,"Response ~  (log10T90Sqr+log10TaSqr+log10T90+log10Fa+PhotonIndex+log10NH)^2+log10PeakFlux+log10Ta+Alpha+log10NHSqr+log10PeakFluxSqr+PhotonIndexSqr+log10FaSqr+AlphaSqr",0.49,0.17,-0.12
4135,0,"Response ~  (log10T90Sqr+log10FaSqr+log10T90+log10Fa+PhotonIndex+log10NH)^2+log10PeakFlux+log10Ta+Alpha+log10NHSqr+log10PeakFluxSqr+PhotonIndexSqr+log10TaSqr+AlphaSqr",0.53,0.17,-0.048
4140,0,"Response ~  (AlphaSqr+log10PeakFluxSqr+log10NHSqr+log10Fa+PhotonIndex+log10NH)^2+log10PeakFlux+log10Ta+Alpha+log10T90+PhotonIndexSqr+log10TaSqr+log10FaSqr+log10T90Sqr",0.47,0.18,-0.51
4141,0,"Response ~  (log10T90Sqr+log10PeakFluxSqr+log10NHSqr+log10Fa+PhotonIndex+log10NH)^2+log10PeakFlux+log10Ta+Alpha+log10T90+PhotonIndexSqr+log10TaSqr+log10FaSqr+AlphaSqr",0.51,0.17,-0.16
4155,0,"Response ~  (log10T90Sqr+PhotonIndexSqr+log10PeakFluxSqr+log10Fa+PhotonIndex+log10NH)^2+log10PeakFlux+log10Ta+Alpha+log10T90+log10NHSqr+log10TaSqr+log10FaSqr+AlphaSqr",0.33,0.18,-0.19
4156,0,"Response ~  (log10FaSqr+log10TaSqr+log10PeakFluxSqr+log10Fa+PhotonIndex+log10NH)^2+log10PeakFlux+log10Ta+Alpha+log10T90+log10NHSqr+PhotonIndexSqr+AlphaSqr+log10T90Sqr",0.3,0.18,-0.23
4169,0,"Response ~  (log10T90Sqr+log10FaSqr+log10TaSqr+log10Fa+PhotonIndex+log10NH)^2+log10PeakFlux+log10Ta+Alpha+log10T90+log10NHSqr+log10PeakFluxSqr+PhotonIndexSqr+AlphaSqr",0.4,0.18,-0.5
4190,0,"Response ~  (AlphaSqr+log10FaSqr+log10T90+Alpha+PhotonIndex+log10NH)^2+log10PeakFlux+log10Ta+log10Fa+log10NHSqr+log10PeakFluxSqr+PhotonIndexSqr+log10TaSqr+log10T90Sqr",0.46,0.18,0.17
4196,0,"Response ~  (AlphaSqr+log10PeakFluxSqr+log10NHSqr+Alpha+PhotonIndex+log10NH)^2+log10PeakFlux+log10Ta+log10Fa+log10T90+PhotonIndexSqr+log10TaSqr+log10FaSqr+log10T90Sqr",0.21,0.22,-0.1
4213,0,"Response ~  (AlphaSqr+log10TaSqr+log10PeakFluxSqr+Alpha+PhotonIndex+log10NH)^2+log10PeakFlux+log10Ta+log10Fa+log10T90+log10NHSqr+PhotonIndexSqr+log10FaSqr+log10T90Sqr",0.26,0.23,0.011
4215,0,"Response ~  (AlphaSqr+log10FaSqr+log10PeakFluxSqr+Alpha+PhotonIndex+log10NH)^2+log10PeakFlux+log10Ta+log10Fa+log10T90+log10NHSqr+PhotonIndexSqr+log10TaSqr+log10T90Sqr",0.28,0.22,-0.049
4227,0,"Response ~  (log10T90Sqr+AlphaSqr+log10FaSqr+Alpha+PhotonIndex+log10NH)^2+log10PeakFlux+log10Ta+log10Fa+log10T90+log10NHSqr+log10PeakFluxSqr+PhotonIndexSqr+log10TaSqr",0.51,0.17,-0.51
4230,0,"Response ~  (log10FaSqr+log10PeakFluxSqr+log10NHSqr+log10T90+PhotonIndex+log10NH)^2+log10PeakFlux+log10Ta+log10Fa+Alpha+PhotonIndexSqr+log10TaSqr+AlphaSqr+log10T90Sqr",0.24,0.19,-0.2
4234,0,"Response ~  (log10FaSqr+PhotonIndexSqr+log10NHSqr+log10T90+PhotonIndex+log10NH)^2+log10PeakFlux+log10Ta+log10Fa+Alpha+log10PeakFluxSqr+log10TaSqr+AlphaSqr+log10T90Sqr",0.53,0.18,-0.46
4244,0,"Response ~  (log10FaSqr+PhotonIndexSqr+log10PeakFluxSqr+log10T90+PhotonIndex+log10NH)^2+log10PeakFlux+log10Ta+log10Fa+Alpha+log10NHSqr+log10TaSqr+AlphaSqr+log10T90Sqr",0.5,0.18,-0.3
4251,0,"Response ~  (log10T90Sqr+log10FaSqr+log10PeakFluxSqr+log10T90+PhotonIndex+log10NH)^2+log10PeakFlux+log10Ta+log10Fa+Alpha+log10NHSqr+PhotonIndexSqr+log10TaSqr+AlphaSqr",0.25,0.18,-0.12
4267,0,"Response ~  (log10FaSqr+log10TaSqr+log10PeakFluxSqr+log10NHSqr+PhotonIndex+log10NH)^2+log10PeakFlux+log10Ta+log10Fa+Alpha+log10T90+PhotonIndexSqr+AlphaSqr+log10T90Sqr",0.2,0.2,0.24
4271,0,"Response ~  (log10T90Sqr+log10FaSqr+log10PeakFluxSqr+log10NHSqr+PhotonIndex+log10NH)^2+log10PeakFlux+log10Ta+log10Fa+Alpha+log10T90+PhotonIndexSqr+log10TaSqr+AlphaSqr",0.39,0.17,-0.12
4318,0,"Response ~  (AlphaSqr+PhotonIndexSqr+Alpha+log10Fa+log10Ta+log10NH)^2+log10PeakFlux+PhotonIndex+log10T90+log10NHSqr+log10PeakFluxSqr+log10TaSqr+log10FaSqr+log10T90Sqr",0.26,0.2,-0.17
4347,0,"Response ~  (PhotonIndexSqr+log10PeakFluxSqr+log10NHSqr+log10Fa+log10Ta+log10NH)^2+log10PeakFlux+PhotonIndex+Alpha+log10T90+log10TaSqr+log10FaSqr+AlphaSqr+log10T90Sqr",0.21,0.2,0.24
4349,0,"Response ~  (log10FaSqr+log10PeakFluxSqr+log10NHSqr+log10Fa+log10Ta+log10NH)^2+log10PeakFlux+PhotonIndex+Alpha+log10T90+PhotonIndexSqr+log10TaSqr+AlphaSqr+log10T90Sqr",0.38,0.16,-0.4
4353,0,"Response ~  (log10FaSqr+PhotonIndexSqr+log10NHSqr+log10Fa+log10Ta+log10NH)^2+log10PeakFlux+PhotonIndex+Alpha+log10T90+log10PeakFluxSqr+log10TaSqr+AlphaSqr+log10T90Sqr",0.65,0.16,-0.17
4356,0,"Response ~  (log10FaSqr+log10TaSqr+log10NHSqr+log10Fa+log10Ta+log10NH)^2+log10PeakFlux+PhotonIndex+Alpha+log10T90+log10PeakFluxSqr+PhotonIndexSqr+AlphaSqr+log10T90Sqr",0.58,0.17,-0.44
4375,0,"Response ~  (AlphaSqr+log10FaSqr+PhotonIndexSqr+log10Fa+log10Ta+log10NH)^2+log10PeakFlux+PhotonIndex+Alpha+log10T90+log10NHSqr+log10PeakFluxSqr+log10TaSqr+log10T90Sqr",0.52,0.17,-0.094
4467,0,"Response ~  (log10T90Sqr+log10FaSqr+PhotonIndexSqr+log10T90+log10Ta+log10NH)^2+log10PeakFlux+PhotonIndex+log10Fa+Alpha+log10NHSqr+log10PeakFluxSqr+log10TaSqr+AlphaSqr",0.4,0.18,0.097
4474,0,"Response ~  (log10FaSqr+PhotonIndexSqr+log10PeakFluxSqr+log10NHSqr+log10Ta+log10NH)^2+log10PeakFlux+PhotonIndex+log10Fa+Alpha+log10T90+log10TaSqr+AlphaSqr+log10T90Sqr",0.21,0.19,0.2
4493,0,"Response ~  (log10FaSqr+log10TaSqr+PhotonIndexSqr+log10PeakFluxSqr+log10Ta+log10NH)^2+log10PeakFlux+PhotonIndex+log10Fa+Alpha+log10T90+log10NHSqr+AlphaSqr+log10T90Sqr",0.46,0.18,-0.21
4526,0,"Response ~  (AlphaSqr+log10FaSqr+log10T90+Alpha+log10Fa+log10NH)^2+log10PeakFlux+PhotonIndex+log10Ta+log10NHSqr+log10PeakFluxSqr+PhotonIndexSqr+log10TaSqr+log10T90Sqr",0.4,0.19,-0.27
4554,0,"Response ~  (log10FaSqr+log10TaSqr+PhotonIndexSqr+Alpha+log10Fa+log10NH)^2+log10PeakFlux+PhotonIndex+log10Ta+log10T90+log10NHSqr+log10PeakFluxSqr+AlphaSqr+log10T90Sqr",0.36,0.18,-0.043
4589,0,"Response ~  (log10FaSqr+log10TaSqr+PhotonIndexSqr+log10T90+log10Fa+log10NH)^2+log10PeakFlux+PhotonIndex+log10Ta+Alpha+log10NHSqr+log10PeakFluxSqr+AlphaSqr+log10T90Sqr",0.46,0.17,-0.29
4593,0,"Response ~  (log10T90Sqr+log10FaSqr+PhotonIndexSqr+log10T90+log10Fa+log10NH)^2+log10PeakFlux+PhotonIndex+log10Ta+Alpha+log10NHSqr+log10PeakFluxSqr+log10TaSqr+AlphaSqr",0.28,0.18,-0.14
4602,0,"Response ~  (log10T90Sqr+PhotonIndexSqr+log10PeakFluxSqr+log10NHSqr+log10Fa+log10NH)^2+log10PeakFlux+PhotonIndex+log10Ta+Alpha+log10T90+log10TaSqr+log10FaSqr+AlphaSqr",0.41,0.19,-0.21
4651,0,"Response ~  (AlphaSqr+PhotonIndexSqr+log10PeakFluxSqr+log10T90+Alpha+log10NH)^2+log10PeakFlux+PhotonIndex+log10Ta+log10Fa+log10NHSqr+log10TaSqr+log10FaSqr+log10T90Sqr",0.41,0.18,-0.3
4670,0,"Response ~  (log10FaSqr+PhotonIndexSqr+log10PeakFluxSqr+log10NHSqr+Alpha+log10NH)^2+log10PeakFlux+PhotonIndex+log10Ta+log10Fa+log10T90+log10TaSqr+AlphaSqr+log10T90Sqr",0.51,0.17,-0.42
4701,0,"Response ~  (log10T90Sqr+AlphaSqr+log10TaSqr+PhotonIndexSqr+Alpha+log10NH)^2+log10PeakFlux+PhotonIndex+log10Ta+log10Fa+log10T90+log10NHSqr+log10PeakFluxSqr+log10FaSqr",0.41,0.19,0.16
4749,0,"Response ~  (AlphaSqr+log10FaSqr+log10TaSqr+PhotonIndexSqr+log10NHSqr+log10NH)^2+log10PeakFlux+PhotonIndex+log10Ta+log10Fa+Alpha+log10T90+log10PeakFluxSqr+log10T90Sqr",0.48,0.17,-0.24
4787,0,"Response ~  (log10FaSqr+PhotonIndexSqr+log10Fa+log10Ta+PhotonIndex+log10PeakFlux)^2+log10NH+Alpha+log10T90+log10NHSqr+log10PeakFluxSqr+log10TaSqr+AlphaSqr+log10T90Sqr",0.46,0.17,-0.25
4905,0,"Response ~  (AlphaSqr+log10FaSqr+Alpha+log10Fa+PhotonIndex+log10PeakFlux)^2+log10NH+log10Ta+log10T90+log10NHSqr+log10PeakFluxSqr+PhotonIndexSqr+log10TaSqr+log10T90Sqr",0.28,0.22,-0.1
4923,0,"Response ~  (log10FaSqr+log10TaSqr+log10T90+log10Fa+PhotonIndex+log10PeakFlux)^2+log10NH+log10Ta+Alpha+log10NHSqr+log10PeakFluxSqr+PhotonIndexSqr+AlphaSqr+log10T90Sqr",0.33,0.19,-0.43
4927,0,"Response ~  (log10T90Sqr+log10FaSqr+log10T90+log10Fa+PhotonIndex+log10PeakFlux)^2+log10NH+log10Ta+Alpha+log10NHSqr+log10PeakFluxSqr+PhotonIndexSqr+log10TaSqr+AlphaSqr",0.55,0.18,-0.046
4931,0,"Response ~  (log10FaSqr+log10PeakFluxSqr+log10NHSqr+log10Fa+PhotonIndex+log10PeakFlux)^2+log10NH+log10Ta+Alpha+log10T90+PhotonIndexSqr+log10TaSqr+AlphaSqr+log10T90Sqr",0.18,0.2,-0.0036
4935,0,"Response ~  (log10FaSqr+PhotonIndexSqr+log10NHSqr+log10Fa+PhotonIndex+log10PeakFlux)^2+log10NH+log10Ta+Alpha+log10T90+log10PeakFluxSqr+log10TaSqr+AlphaSqr+log10T90Sqr",0.45,0.17,-0.069
4938,0,"Response ~  (log10FaSqr+log10TaSqr+log10NHSqr+log10Fa+PhotonIndex+log10PeakFlux)^2+log10NH+log10Ta+Alpha+log10T90+log10PeakFluxSqr+PhotonIndexSqr+AlphaSqr+log10T90Sqr",0.48,0.17,-0.096
4941,0,"Response ~  (AlphaSqr+log10FaSqr+log10NHSqr+log10Fa+PhotonIndex+log10PeakFlux)^2+log10NH+log10Ta+Alpha+log10T90+log10PeakFluxSqr+PhotonIndexSqr+log10TaSqr+log10T90Sqr",0.49,0.17,-0.33
4942,0,"Response ~  (log10T90Sqr+log10FaSqr+log10NHSqr+log10Fa+PhotonIndex+log10PeakFlux)^2+log10NH+log10Ta+Alpha+log10T90+log10PeakFluxSqr+PhotonIndexSqr+log10TaSqr+AlphaSqr",0.33,0.18,-0.072
4948,0,"Response ~  (log10FaSqr+log10TaSqr+log10PeakFluxSqr+log10Fa+PhotonIndex+log10PeakFlux)^2+log10NH+log10Ta+Alpha+log10T90+log10NHSqr+PhotonIndexSqr+AlphaSqr+log10T90Sqr",0.36,0.2,-0.38
5130,0,"Response ~  (log10FaSqr+PhotonIndexSqr+log10T90+log10Fa+log10Ta+log10PeakFlux)^2+log10NH+PhotonIndex+Alpha+log10NHSqr+log10PeakFluxSqr+log10TaSqr+AlphaSqr+log10T90Sqr",0.35,0.19,-0.4
5167,0,"Response ~  (AlphaSqr+log10FaSqr+PhotonIndexSqr+log10Fa+log10Ta+log10PeakFlux)^2+log10NH+PhotonIndex+Alpha+log10T90+log10NHSqr+log10PeakFluxSqr+log10TaSqr+log10T90Sqr",0.5,0.17,-0.29
5168,0,"Response ~  (log10T90Sqr+log10FaSqr+PhotonIndexSqr+log10Fa+log10Ta+log10PeakFlux)^2+log10NH+PhotonIndex+Alpha+log10T90+log10NHSqr+log10PeakFluxSqr+log10TaSqr+AlphaSqr",0.5,0.17,-0.066
5171,0,"Response ~  (log10T90Sqr+log10FaSqr+log10TaSqr+log10Fa+log10Ta+log10PeakFlux)^2+log10NH+PhotonIndex+Alpha+log10T90+log10NHSqr+log10PeakFluxSqr+PhotonIndexSqr+AlphaSqr",0.45,0.18,-0.092
5327,0,"Response ~  (log10FaSqr+PhotonIndexSqr+log10NHSqr+Alpha+log10Fa+log10PeakFlux)^2+log10NH+PhotonIndex+log10Ta+log10T90+log10PeakFluxSqr+log10TaSqr+AlphaSqr+log10T90Sqr",0.45,0.18,0.21
5351,0,"Response ~  (log10T90Sqr+AlphaSqr+PhotonIndexSqr+Alpha+log10Fa+log10PeakFlux)^2+log10NH+PhotonIndex+log10Ta+log10T90+log10NHSqr+log10PeakFluxSqr+log10TaSqr+log10FaSqr",0.32,0.24,0.16
5362,0,"Response ~  (log10FaSqr+PhotonIndexSqr+log10NHSqr+log10T90+log10Fa+log10PeakFlux)^2+log10NH+PhotonIndex+log10Ta+Alpha+log10PeakFluxSqr+log10TaSqr+AlphaSqr+log10T90Sqr",0.45,0.18,-0.16
5383,0,"Response ~  (log10T90Sqr+log10TaSqr+PhotonIndexSqr+log10T90+log10Fa+log10PeakFlux)^2+log10NH+PhotonIndex+log10Ta+Alpha+log10NHSqr+log10PeakFluxSqr+log10FaSqr+AlphaSqr",0.35,0.18,-0.03
5385,0,"Response ~  (log10T90Sqr+log10FaSqr+PhotonIndexSqr+log10T90+log10Fa+log10PeakFlux)^2+log10NH+PhotonIndex+log10Ta+Alpha+log10NHSqr+log10PeakFluxSqr+log10TaSqr+AlphaSqr",0.55,0.18,-0.38
5404,0,"Response ~  (AlphaSqr+log10FaSqr+PhotonIndexSqr+log10NHSqr+log10Fa+log10PeakFlux)^2+log10NH+PhotonIndex+log10Ta+Alpha+log10T90+log10PeakFluxSqr+log10TaSqr+log10T90Sqr",0.43,0.17,-0.074
5405,0,"Response ~  (log10T90Sqr+log10FaSqr+PhotonIndexSqr+log10NHSqr+log10Fa+log10PeakFlux)^2+log10NH+PhotonIndex+log10Ta+Alpha+log10T90+log10PeakFluxSqr+log10TaSqr+AlphaSqr",0.56,0.15,-0.061
5494,0,"Response ~  (log10T90Sqr+AlphaSqr+log10FaSqr+PhotonIndexSqr+Alpha+log10PeakFlux)^2+log10NH+PhotonIndex+log10Ta+log10Fa+log10T90+log10NHSqr+log10PeakFluxSqr+log10TaSqr",0.33,0.24,0.15
5558,0,"Response ~  (log10T90Sqr+log10T90+Alpha+log10Fa+log10Ta+PhotonIndex)^2+log10NH+log10PeakFlux+log10NHSqr+log10PeakFluxSqr+PhotonIndexSqr+log10TaSqr+log10FaSqr+AlphaSqr",0.38,0.2,-0.1
5563,0,"Response ~  (AlphaSqr+log10NHSqr+Alpha+log10Fa+log10Ta+PhotonIndex)^2+log10NH+log10PeakFlux+log10T90+log10PeakFluxSqr+PhotonIndexSqr+log10TaSqr+log10FaSqr+log10T90Sqr",0.27,0.2,-0.2
5571,0,"Response ~  (log10FaSqr+PhotonIndexSqr+Alpha+log10Fa+log10Ta+PhotonIndex)^2+log10NH+log10PeakFlux+log10T90+log10NHSqr+log10PeakFluxSqr+log10TaSqr+AlphaSqr+log10T90Sqr",0.56,0.16,-0.055
5579,0,"Response ~  (log10T90Sqr+AlphaSqr+Alpha+log10Fa+log10Ta+PhotonIndex)^2+log10NH+log10PeakFlux+log10T90+log10NHSqr+log10PeakFluxSqr+PhotonIndexSqr+log10TaSqr+log10FaSqr",0.41,0.18,-0.18
5583,0,"Response ~  (log10FaSqr+log10NHSqr+log10T90+log10Fa+log10Ta+PhotonIndex)^2+log10NH+log10PeakFlux+Alpha+log10PeakFluxSqr+PhotonIndexSqr+log10TaSqr+AlphaSqr+log10T90Sqr",0.39,0.19,-0.19
5585,0,"Response ~  (log10T90Sqr+log10NHSqr+log10T90+log10Fa+log10Ta+PhotonIndex)^2+log10NH+log10PeakFlux+Alpha+log10PeakFluxSqr+PhotonIndexSqr+log10TaSqr+log10FaSqr+AlphaSqr",0.33,0.19,0.0085
5603,0,"Response ~  (log10FaSqr+log10PeakFluxSqr+log10NHSqr+log10Fa+log10Ta+PhotonIndex)^2+log10NH+log10PeakFlux+Alpha+log10T90+PhotonIndexSqr+log10TaSqr+AlphaSqr+log10T90Sqr",0.4,0.16,-0.26
5607,0,"Response ~  (log10FaSqr+PhotonIndexSqr+log10NHSqr+log10Fa+log10Ta+PhotonIndex)^2+log10NH+log10PeakFlux+Alpha+log10T90+log10PeakFluxSqr+log10TaSqr+AlphaSqr+log10T90Sqr",0.49,0.17,-0.38
5610,0,"Response ~  (log10FaSqr+log10TaSqr+log10NHSqr+log10Fa+log10Ta+PhotonIndex)^2+log10NH+log10PeakFlux+Alpha+log10T90+log10PeakFluxSqr+PhotonIndexSqr+AlphaSqr+log10T90Sqr",0.48,0.17,-0.37
5622,0,"Response ~  (log10T90Sqr+log10TaSqr+log10PeakFluxSqr+log10Fa+log10Ta+PhotonIndex)^2+log10NH+log10PeakFlux+Alpha+log10T90+log10NHSqr+PhotonIndexSqr+log10FaSqr+AlphaSqr",0.39,0.19,-0.33
5630,0,"Response ~  (log10T90Sqr+log10FaSqr+PhotonIndexSqr+log10Fa+log10Ta+PhotonIndex)^2+log10NH+log10PeakFlux+Alpha+log10T90+log10NHSqr+log10PeakFluxSqr+log10TaSqr+AlphaSqr",0.55,0.18,0.065
5681,0,"Response ~  (log10T90Sqr+AlphaSqr+log10PeakFluxSqr+Alpha+log10Ta+PhotonIndex)^2+log10NH+log10PeakFlux+log10Fa+log10T90+log10NHSqr+PhotonIndexSqr+log10TaSqr+log10FaSqr",0.29,0.2,-0.21
5724,0,"Response ~  (log10T90Sqr+log10FaSqr+log10TaSqr+log10T90+log10Ta+PhotonIndex)^2+log10NH+log10PeakFlux+log10Fa+Alpha+log10NHSqr+log10PeakFluxSqr+PhotonIndexSqr+AlphaSqr",0.56,0.17,-0.38
5726,0,"Response ~  (log10T90Sqr+AlphaSqr+log10FaSqr+log10T90+log10Ta+PhotonIndex)^2+log10NH+log10PeakFlux+log10Fa+Alpha+log10NHSqr+log10PeakFluxSqr+PhotonIndexSqr+log10TaSqr",0.49,0.17,-0.07
5768,0,"Response ~  (PhotonIndexSqr+log10PeakFluxSqr+log10T90+Alpha+log10Fa+PhotonIndex)^2+log10NH+log10PeakFlux+log10Ta+log10NHSqr+log10TaSqr+log10FaSqr+AlphaSqr+log10T90Sqr",0.48,0.16,-0.18
5775,0,"Response ~  (AlphaSqr+PhotonIndexSqr+log10T90+Alpha+log10Fa+PhotonIndex)^2+log10NH+log10PeakFlux+log10Ta+log10NHSqr+log10PeakFluxSqr+log10TaSqr+log10FaSqr+log10T90Sqr",0.45,0.17,-0.33
5779,0,"Response ~  (log10T90Sqr+log10TaSqr+log10T90+Alpha+log10Fa+PhotonIndex)^2+log10NH+log10PeakFlux+log10Ta+log10NHSqr+log10PeakFluxSqr+PhotonIndexSqr+log10FaSqr+AlphaSqr",0.43,0.18,-0.075
5782,0,"Response ~  (log10T90Sqr+AlphaSqr+log10T90+Alpha+log10Fa+PhotonIndex)^2+log10NH+log10PeakFlux+log10Ta+log10NHSqr+log10PeakFluxSqr+PhotonIndexSqr+log10TaSqr+log10FaSqr",0.32,0.2,-0.057
5783,0,"Response ~  (PhotonIndexSqr+log10PeakFluxSqr+log10NHSqr+Alpha+log10Fa+PhotonIndex)^2+log10NH+log10PeakFlux+log10Ta+log10T90+log10TaSqr+log10FaSqr+AlphaSqr+log10T90Sqr",0.39,0.19,-0.11
5789,0,"Response ~  (log10FaSqr+PhotonIndexSqr+log10NHSqr+Alpha+log10Fa+PhotonIndex)^2+log10NH+log10PeakFlux+log10Ta+log10T90+log10PeakFluxSqr+log10TaSqr+AlphaSqr+log10T90Sqr",0.54,0.17,-0.42
5792,0,"Response ~  (log10FaSqr+log10TaSqr+log10NHSqr+Alpha+log10Fa+PhotonIndex)^2+log10NH+log10PeakFlux+log10Ta+log10T90+log10PeakFluxSqr+PhotonIndexSqr+AlphaSqr+log10T90Sqr",0.5,0.15,-0.071
5795,0,"Response ~  (AlphaSqr+log10FaSqr+log10NHSqr+Alpha+log10Fa+PhotonIndex)^2+log10NH+log10PeakFlux+log10Ta+log10T90+log10PeakFluxSqr+PhotonIndexSqr+log10TaSqr+log10T90Sqr",0.48,0.17,-0.18
5805,0,"Response ~  (AlphaSqr+log10FaSqr+log10PeakFluxSqr+Alpha+log10Fa+PhotonIndex)^2+log10NH+log10PeakFlux+log10Ta+log10T90+log10NHSqr+PhotonIndexSqr+log10TaSqr+log10T90Sqr",0.13,0.29,0.58
5807,0,"Response ~  (log10T90Sqr+AlphaSqr+log10PeakFluxSqr+Alpha+log10Fa+PhotonIndex)^2+log10NH+log10PeakFlux+log10Ta+log10T90+log10NHSqr+PhotonIndexSqr+log10TaSqr+log10FaSqr",0.49,0.17,-0.28
5816,0,"Response ~  (log10T90Sqr+AlphaSqr+log10TaSqr+Alpha+log10Fa+PhotonIndex)^2+log10NH+log10PeakFlux+log10Ta+log10T90+log10NHSqr+log10PeakFluxSqr+PhotonIndexSqr+log10FaSqr",0.3,0.19,-0.23
5817,0,"Response ~  (log10T90Sqr+AlphaSqr+log10FaSqr+Alpha+log10Fa+PhotonIndex)^2+log10NH+log10PeakFlux+log10Ta+log10T90+log10NHSqr+log10PeakFluxSqr+PhotonIndexSqr+log10TaSqr",0.53,0.19,-0.48
5822,0,"Response ~  (log10T90Sqr+log10PeakFluxSqr+log10NHSqr+log10T90+log10Fa+PhotonIndex)^2+log10NH+log10PeakFlux+log10Ta+Alpha+PhotonIndexSqr+log10TaSqr+log10FaSqr+AlphaSqr",0.39,0.19,0.061
5829,0,"Response ~  (log10T90Sqr+log10TaSqr+log10NHSqr+log10T90+log10Fa+PhotonIndex)^2+log10NH+log10PeakFlux+log10Ta+Alpha+log10PeakFluxSqr+PhotonIndexSqr+log10FaSqr+AlphaSqr",0.51,0.19,-0.28
5831,0,"Response ~  (log10T90Sqr+log10FaSqr+log10NHSqr+log10T90+log10Fa+PhotonIndex)^2+log10NH+log10PeakFlux+log10Ta+Alpha+log10PeakFluxSqr+PhotonIndexSqr+log10TaSqr+AlphaSqr",0.43,0.18,-0.43
5832,0,"Response ~  (log10T90Sqr+AlphaSqr+log10NHSqr+log10T90+log10Fa+PhotonIndex)^2+log10NH+log10PeakFlux+log10Ta+Alpha+log10PeakFluxSqr+PhotonIndexSqr+log10TaSqr+log10FaSqr",0.57,0.17,0.0053
5836,0,"Response ~  (log10T90Sqr+PhotonIndexSqr+log10PeakFluxSqr+log10T90+log10Fa+PhotonIndex)^2+log10NH+log10PeakFlux+log10Ta+Alpha+log10NHSqr+log10TaSqr+log10FaSqr+AlphaSqr",0.49,0.26,-0.38
5839,0,"Response ~  (log10T90Sqr+log10TaSqr+log10PeakFluxSqr+log10T90+log10Fa+PhotonIndex)^2+log10NH+log10PeakFlux+log10Ta+Alpha+log10NHSqr+PhotonIndexSqr+log10FaSqr+AlphaSqr",0.28,0.18,-0.33
5846,0,"Response ~  (AlphaSqr+log10FaSqr+PhotonIndexSqr+log10T90+log10Fa+PhotonIndex)^2+log10NH+log10PeakFlux+log10Ta+Alpha+log10NHSqr+log10PeakFluxSqr+log10TaSqr+log10T90Sqr",0.44,0.22,-0.44
5847,0,"Response ~  (log10T90Sqr+log10FaSqr+PhotonIndexSqr+log10T90+log10Fa+PhotonIndex)^2+log10NH+log10PeakFlux+log10Ta+Alpha+log10NHSqr+log10PeakFluxSqr+log10TaSqr+AlphaSqr",0.48,0.2,0.0052
5861,0,"Response ~  (log10T90Sqr+log10FaSqr+log10PeakFluxSqr+log10NHSqr+log10Fa+PhotonIndex)^2+log10NH+log10PeakFlux+log10Ta+Alpha+log10T90+PhotonIndexSqr+log10TaSqr+AlphaSqr",0.46,0.17,-0.45
5863,0,"Response ~  (log10FaSqr+log10TaSqr+PhotonIndexSqr+log10NHSqr+log10Fa+PhotonIndex)^2+log10NH+log10PeakFlux+log10Ta+Alpha+log10T90+log10PeakFluxSqr+AlphaSqr+log10T90Sqr",0.54,0.17,0.052
5869,0,"Response ~  (AlphaSqr+log10FaSqr+log10TaSqr+log10NHSqr+log10Fa+PhotonIndex)^2+log10NH+log10PeakFlux+log10Ta+Alpha+log10T90+log10PeakFluxSqr+PhotonIndexSqr+log10T90Sqr",0.55,0.15,-0.1
5870,0,"Response ~  (log10T90Sqr+log10FaSqr+log10TaSqr+log10NHSqr+log10Fa+PhotonIndex)^2+log10NH+log10PeakFlux+log10Ta+Alpha+log10T90+log10PeakFluxSqr+PhotonIndexSqr+AlphaSqr",0.42,0.18,-0.019
5883,0,"Response ~  (AlphaSqr+log10FaSqr+log10TaSqr+PhotonIndexSqr+log10Fa+PhotonIndex)^2+log10NH+log10PeakFlux+log10Ta+Alpha+log10T90+log10NHSqr+log10PeakFluxSqr+log10T90Sqr",0.33,0.2,-0.32
5887,0,"Response ~  (log10T90Sqr+AlphaSqr+log10FaSqr+log10TaSqr+log10Fa+PhotonIndex)^2+log10NH+log10PeakFlux+log10Ta+Alpha+log10T90+log10NHSqr+log10PeakFluxSqr+PhotonIndexSqr",0.53,0.17,-0.64
5895,0,"Response ~  (AlphaSqr+PhotonIndexSqr+log10NHSqr+log10T90+Alpha+PhotonIndex)^2+log10NH+log10PeakFlux+log10Ta+log10Fa+log10PeakFluxSqr+log10TaSqr+log10FaSqr+log10T90Sqr",0.41,0.18,-0.33
5905,0,"Response ~  (AlphaSqr+PhotonIndexSqr+log10PeakFluxSqr+log10T90+Alpha+PhotonIndex)^2+log10NH+log10PeakFlux+log10Ta+log10Fa+log10NHSqr+log10TaSqr+log10FaSqr+log10T90Sqr",0.39,0.18,-0.28
5956,0,"Response ~  (log10T90Sqr+AlphaSqr+log10FaSqr+PhotonIndexSqr+Alpha+PhotonIndex)^2+log10NH+log10PeakFlux+log10Ta+log10Fa+log10T90+log10NHSqr+log10PeakFluxSqr+log10TaSqr",0.46,0.18,-0.23
5957,0,"Response ~  (log10T90Sqr+AlphaSqr+log10FaSqr+log10TaSqr+Alpha+PhotonIndex)^2+log10NH+log10PeakFlux+log10Ta+log10Fa+log10T90+log10NHSqr+log10PeakFluxSqr+PhotonIndexSqr",0.41,0.18,-0.11
5985,0,"Response ~  (log10T90Sqr+log10FaSqr+log10TaSqr+log10PeakFluxSqr+log10T90+PhotonIndex)^2+log10NH+log10PeakFlux+log10Ta+log10Fa+Alpha+log10NHSqr+PhotonIndexSqr+AlphaSqr",0.62,0.15,-0.31
5992,0,"Response ~  (log10T90Sqr+AlphaSqr+log10FaSqr+log10TaSqr+log10T90+PhotonIndex)^2+log10NH+log10PeakFlux+log10Ta+log10Fa+Alpha+log10NHSqr+log10PeakFluxSqr+PhotonIndexSqr",0.57,0.17,-0.65
6028,0,"Response ~  (log10T90Sqr+PhotonIndexSqr+log10T90+Alpha+log10Fa+log10Ta)^2+log10NH+log10PeakFlux+PhotonIndex+log10NHSqr+log10PeakFluxSqr+log10TaSqr+log10FaSqr+AlphaSqr",0.38,0.2,-0.091
6065,0,"Response ~  (log10T90Sqr+AlphaSqr+PhotonIndexSqr+Alpha+log10Fa+log10Ta)^2+log10NH+log10PeakFlux+PhotonIndex+log10T90+log10NHSqr+log10PeakFluxSqr+log10TaSqr+log10FaSqr",0.47,0.16,-0.0087
6078,0,"Response ~  (log10T90Sqr+PhotonIndexSqr+log10NHSqr+log10T90+log10Fa+log10Ta)^2+log10NH+log10PeakFlux+PhotonIndex+Alpha+log10PeakFluxSqr+log10TaSqr+log10FaSqr+AlphaSqr",0.34,0.17,-0.32
6088,0,"Response ~  (log10T90Sqr+PhotonIndexSqr+log10PeakFluxSqr+log10T90+log10Fa+log10Ta)^2+log10NH+log10PeakFlux+PhotonIndex+Alpha+log10NHSqr+log10TaSqr+log10FaSqr+AlphaSqr",0.26,0.19,-0.092
6091,0,"Response ~  (log10T90Sqr+log10TaSqr+log10PeakFluxSqr+log10T90+log10Fa+log10Ta)^2+log10NH+log10PeakFlux+PhotonIndex+Alpha+log10NHSqr+PhotonIndexSqr+log10FaSqr+AlphaSqr",0.41,0.2,-0.11
6097,0,"Response ~  (log10T90Sqr+log10TaSqr+PhotonIndexSqr+log10T90+log10Fa+log10Ta)^2+log10NH+log10PeakFlux+PhotonIndex+Alpha+log10NHSqr+log10PeakFluxSqr+log10FaSqr+AlphaSqr",0.55,0.17,-0.085
6100,0,"Response ~  (log10T90Sqr+AlphaSqr+PhotonIndexSqr+log10T90+log10Fa+log10Ta)^2+log10NH+log10PeakFlux+PhotonIndex+Alpha+log10NHSqr+log10PeakFluxSqr+log10TaSqr+log10FaSqr",0.5,0.16,-0.31
6106,0,"Response ~  (log10FaSqr+PhotonIndexSqr+log10PeakFluxSqr+log10NHSqr+log10Fa+log10Ta)^2+log10NH+log10PeakFlux+PhotonIndex+Alpha+log10T90+log10TaSqr+AlphaSqr+log10T90Sqr",0.38,0.17,0.0075
6122,0,"Response ~  (log10T90Sqr+log10FaSqr+log10TaSqr+log10NHSqr+log10Fa+log10Ta)^2+log10NH+log10PeakFlux+PhotonIndex+Alpha+log10T90+log10PeakFluxSqr+PhotonIndexSqr+AlphaSqr",0.15,0.21,-0.14
6128,0,"Response ~  (AlphaSqr+log10FaSqr+PhotonIndexSqr+log10PeakFluxSqr+log10Fa+log10Ta)^2+log10NH+log10PeakFlux+PhotonIndex+Alpha+log10T90+log10NHSqr+log10TaSqr+log10T90Sqr",0.34,0.2,-0.28
6138,0,"Response ~  (log10T90Sqr+AlphaSqr+log10FaSqr+PhotonIndexSqr+log10Fa+log10Ta)^2+log10NH+log10PeakFlux+PhotonIndex+Alpha+log10T90+log10NHSqr+log10PeakFluxSqr+log10TaSqr",0.45,0.16,-0.071
6139,0,"Response ~  (log10T90Sqr+AlphaSqr+log10FaSqr+log10TaSqr+log10Fa+log10Ta)^2+log10NH+log10PeakFlux+PhotonIndex+Alpha+log10T90+log10NHSqr+log10PeakFluxSqr+PhotonIndexSqr",0.16,0.26,-0.13
6168,0,"Response ~  (AlphaSqr+log10FaSqr+PhotonIndexSqr+log10T90+Alpha+log10Ta)^2+log10NH+log10PeakFlux+PhotonIndex+log10Fa+log10NHSqr+log10PeakFluxSqr+log10TaSqr+log10T90Sqr",0.51,0.18,0.23
6170,0,"Response ~  (log10T90Sqr+AlphaSqr+PhotonIndexSqr+log10T90+Alpha+log10Ta)^2+log10NH+log10PeakFlux+PhotonIndex+log10Fa+log10NHSqr+log10PeakFluxSqr+log10TaSqr+log10FaSqr",0.3,0.21,0.034
6184,0,"Response ~  (log10T90Sqr+AlphaSqr+log10PeakFluxSqr+log10NHSqr+Alpha+log10Ta)^2+log10NH+log10PeakFlux+PhotonIndex+log10Fa+log10T90+PhotonIndexSqr+log10TaSqr+log10FaSqr",0.28,0.23,-0.12
6200,0,"Response ~  (log10T90Sqr+AlphaSqr+PhotonIndexSqr+log10PeakFluxSqr+Alpha+log10Ta)^2+log10NH+log10PeakFlux+PhotonIndex+log10Fa+log10T90+log10NHSqr+log10TaSqr+log10FaSqr",0.48,0.17,-0.27
6207,0,"Response ~  (log10T90Sqr+AlphaSqr+log10TaSqr+PhotonIndexSqr+Alpha+log10Ta)^2+log10NH+log10PeakFlux+PhotonIndex+log10Fa+log10T90+log10NHSqr+log10PeakFluxSqr+log10FaSqr",0.18,0.25,-0.22
6208,0,"Response ~  (log10T90Sqr+AlphaSqr+log10FaSqr+PhotonIndexSqr+Alpha+log10Ta)^2+log10NH+log10PeakFlux+PhotonIndex+log10Fa+log10T90+log10NHSqr+log10PeakFluxSqr+log10TaSqr",0.48,0.17,-0.11
6209,0,"Response ~  (log10T90Sqr+AlphaSqr+log10FaSqr+log10TaSqr+Alpha+log10Ta)^2+log10NH+log10PeakFlux+PhotonIndex+log10Fa+log10T90+log10NHSqr+log10PeakFluxSqr+PhotonIndexSqr",0.33,0.22,-0.15
6213,0,"Response ~  (log10T90Sqr+PhotonIndexSqr+log10PeakFluxSqr+log10NHSqr+log10T90+log10Ta)^2+log10NH+log10PeakFlux+PhotonIndex+log10Fa+Alpha+log10TaSqr+log10FaSqr+AlphaSqr",0.21,0.19,-0.051
6294,0,"Response ~  (AlphaSqr+log10FaSqr+PhotonIndexSqr+log10T90+Alpha+log10Fa)^2+log10NH+log10PeakFlux+PhotonIndex+log10Ta+log10NHSqr+log10PeakFluxSqr+log10TaSqr+log10T90Sqr",0.4,0.2,-0.29
6296,0,"Response ~  (log10T90Sqr+AlphaSqr+PhotonIndexSqr+log10T90+Alpha+log10Fa)^2+log10NH+log10PeakFlux+PhotonIndex+log10Ta+log10NHSqr+log10PeakFluxSqr+log10TaSqr+log10FaSqr",0.46,0.21,-0.31
6315,0,"Response ~  (log10T90Sqr+log10FaSqr+PhotonIndexSqr+log10NHSqr+Alpha+log10Fa)^2+log10NH+log10PeakFlux+PhotonIndex+log10Ta+log10T90+log10PeakFluxSqr+log10TaSqr+AlphaSqr",0.37,0.21,0.34
6316,0,"Response ~  (log10T90Sqr+AlphaSqr+PhotonIndexSqr+log10NHSqr+Alpha+log10Fa)^2+log10NH+log10PeakFlux+PhotonIndex+log10Ta+log10T90+log10PeakFluxSqr+log10TaSqr+log10FaSqr",0.47,0.17,-0.28
6326,0,"Response ~  (log10T90Sqr+AlphaSqr+PhotonIndexSqr+log10PeakFluxSqr+Alpha+log10Fa)^2+log10NH+log10PeakFlux+PhotonIndex+log10Ta+log10T90+log10NHSqr+log10TaSqr+log10FaSqr",0.47,0.18,-0.1
6332,0,"Response ~  (log10T90Sqr+log10FaSqr+log10TaSqr+PhotonIndexSqr+Alpha+log10Fa)^2+log10NH+log10PeakFlux+PhotonIndex+log10Ta+log10T90+log10NHSqr+log10PeakFluxSqr+AlphaSqr",0.55,0.17,-0.65
6333,0,"Response ~  (log10T90Sqr+AlphaSqr+log10TaSqr+PhotonIndexSqr+Alpha+log10Fa)^2+log10NH+log10PeakFlux+PhotonIndex+log10Ta+log10T90+log10NHSqr+log10PeakFluxSqr+log10FaSqr",0.4,0.2,-0.077
6334,0,"Response ~  (log10T90Sqr+AlphaSqr+log10FaSqr+PhotonIndexSqr+Alpha+log10Fa)^2+log10NH+log10PeakFlux+PhotonIndex+log10Ta+log10T90+log10NHSqr+log10PeakFluxSqr+log10TaSqr",0.47,0.18,-0.43
6335,0,"Response ~  (log10T90Sqr+AlphaSqr+log10FaSqr+log10TaSqr+Alpha+log10Fa)^2+log10NH+log10PeakFlux+PhotonIndex+log10Ta+log10T90+log10NHSqr+log10PeakFluxSqr+PhotonIndexSqr",0.54,0.21,0.21
6346,0,"Response ~  (log10FaSqr+log10TaSqr+PhotonIndexSqr+log10NHSqr+log10T90+log10Fa)^2+log10NH+log10PeakFlux+PhotonIndex+log10Ta+Alpha+log10PeakFluxSqr+AlphaSqr+log10T90Sqr",0.59,0.17,-0.15
6353,0,"Response ~  (log10T90Sqr+log10FaSqr+log10TaSqr+log10NHSqr+log10T90+log10Fa)^2+log10NH+log10PeakFlux+PhotonIndex+log10Ta+Alpha+log10PeakFluxSqr+PhotonIndexSqr+AlphaSqr",0.2,0.19,-0.2
6361,0,"Response ~  (log10T90Sqr+AlphaSqr+PhotonIndexSqr+log10PeakFluxSqr+log10T90+log10Fa)^2+log10NH+log10PeakFlux+PhotonIndex+log10Ta+Alpha+log10NHSqr+log10TaSqr+log10FaSqr",0.53,0.2,-0.42
6367,0,"Response ~  (log10T90Sqr+log10FaSqr+log10TaSqr+PhotonIndexSqr+log10T90+log10Fa)^2+log10NH+log10PeakFlux+PhotonIndex+log10Ta+Alpha+log10NHSqr+log10PeakFluxSqr+AlphaSqr",0.56,0.16,-0.3
6371,0,"Response ~  (log10FaSqr+log10TaSqr+PhotonIndexSqr+log10PeakFluxSqr+log10NHSqr+log10Fa)^2+log10NH+log10PeakFlux+PhotonIndex+log10Ta+Alpha+log10T90+AlphaSqr+log10T90Sqr",0.41,0.17,-0.12
6394,0,"Response ~  (AlphaSqr+PhotonIndexSqr+log10PeakFluxSqr+log10NHSqr+log10T90+Alpha)^2+log10NH+log10PeakFlux+PhotonIndex+log10Ta+log10Fa+log10TaSqr+log10FaSqr+log10T90Sqr",0.38,0.2,-0.19
6415,0,"Response ~  (AlphaSqr+log10FaSqr+PhotonIndexSqr+log10PeakFluxSqr+log10T90+Alpha)^2+log10NH+log10PeakFlux+PhotonIndex+log10Ta+log10Fa+log10NHSqr+log10TaSqr+log10T90Sqr",0.4,0.21,-0.044
6423,0,"Response ~  (log10T90Sqr+log10FaSqr+log10TaSqr+PhotonIndexSqr+log10T90+Alpha)^2+log10NH+log10PeakFlux+PhotonIndex+log10Ta+log10Fa+log10NHSqr+log10PeakFluxSqr+AlphaSqr",0.49,0.16,-0.3
6424,0,"Response ~  (log10T90Sqr+AlphaSqr+log10TaSqr+PhotonIndexSqr+log10T90+Alpha)^2+log10NH+log10PeakFlux+PhotonIndex+log10Ta+log10Fa+log10NHSqr+log10PeakFluxSqr+log10FaSqr",0.21,0.21,-0.2
6425,0,"Response ~  (log10T90Sqr+AlphaSqr+log10FaSqr+PhotonIndexSqr+log10T90+Alpha)^2+log10NH+log10PeakFlux+PhotonIndex+log10Ta+log10Fa+log10NHSqr+log10PeakFluxSqr+log10TaSqr",0.44,0.2,-0.43
6447,0,"Response ~  (log10T90Sqr+AlphaSqr+log10FaSqr+log10TaSqr+PhotonIndexSqr+Alpha)^2+log10NH+log10PeakFlux+PhotonIndex+log10Ta+log10Fa+log10T90+log10NHSqr+log10PeakFluxSqr",0.49,0.17,-0.25
6494,0,"Response ~  (log10FaSqr+log10NHSqr+log10Fa+log10Ta+PhotonIndex+log10PeakFlux+log10NH)^2+Alpha+log10T90+log10PeakFluxSqr+PhotonIndexSqr+log10TaSqr+AlphaSqr+log10T90Sqr",0.44,0.17,-0.075
6571,0,"Response ~  (AlphaSqr+log10TaSqr+log10NHSqr+log10Ta+PhotonIndex+log10PeakFlux+log10NH)^2+log10Fa+Alpha+log10T90+log10PeakFluxSqr+PhotonIndexSqr+log10FaSqr+log10T90Sqr",0.32,0.22,0.041
6607,0,"Response ~  (AlphaSqr+log10NHSqr+Alpha+log10Fa+PhotonIndex+log10PeakFlux+log10NH)^2+log10Ta+log10T90+log10PeakFluxSqr+PhotonIndexSqr+log10TaSqr+log10FaSqr+log10T90Sqr",0.29,0.24,0.037
6643,0,"Response ~  (log10T90Sqr+log10FaSqr+log10T90+log10Fa+PhotonIndex+log10PeakFlux+log10NH)^2+log10Ta+Alpha+log10NHSqr+log10PeakFluxSqr+PhotonIndexSqr+log10TaSqr+AlphaSqr",0.47,0.18,-0.25
6654,0,"Response ~  (log10FaSqr+log10TaSqr+log10NHSqr+log10Fa+PhotonIndex+log10PeakFlux+log10NH)^2+log10Ta+Alpha+log10T90+log10PeakFluxSqr+PhotonIndexSqr+AlphaSqr+log10T90Sqr",0.44,0.19,-0.34
6837,0,"Response ~  (log10FaSqr+log10NHSqr+log10T90+log10Fa+log10Ta+log10PeakFlux+log10NH)^2+PhotonIndex+Alpha+log10PeakFluxSqr+PhotonIndexSqr+log10TaSqr+AlphaSqr+log10T90Sqr",0.22,0.21,-0.086
6861,0,"Response ~  (log10FaSqr+PhotonIndexSqr+log10NHSqr+log10Fa+log10Ta+log10PeakFlux+log10NH)^2+PhotonIndex+Alpha+log10T90+log10PeakFluxSqr+log10TaSqr+AlphaSqr+log10T90Sqr",0.5,0.17,-0.095
7117,0,"Response ~  (log10FaSqr+log10TaSqr+PhotonIndexSqr+log10NHSqr+log10Fa+log10PeakFlux+log10NH)^2+PhotonIndex+log10Ta+Alpha+log10T90+log10PeakFluxSqr+AlphaSqr+log10T90Sqr",0.37,0.2,-0.08
7137,0,"Response ~  (AlphaSqr+log10FaSqr+log10TaSqr+PhotonIndexSqr+log10Fa+log10PeakFlux+log10NH)^2+PhotonIndex+log10Ta+Alpha+log10T90+log10NHSqr+log10PeakFluxSqr+log10T90Sqr",0.44,0.18,-0.33
7288,0,"Response ~  (AlphaSqr+PhotonIndexSqr+Alpha+log10Fa+log10Ta+PhotonIndex+log10NH)^2+log10PeakFlux+log10T90+log10NHSqr+log10PeakFluxSqr+log10TaSqr+log10FaSqr+log10T90Sqr",0.5,0.19,0.031
7299,0,"Response ~  (log10FaSqr+log10NHSqr+log10T90+log10Fa+log10Ta+PhotonIndex+log10NH)^2+log10PeakFlux+Alpha+log10PeakFluxSqr+PhotonIndexSqr+log10TaSqr+AlphaSqr+log10T90Sqr",0.55,0.17,-0.68
7308,0,"Response ~  (log10FaSqr+PhotonIndexSqr+log10T90+log10Fa+log10Ta+PhotonIndex+log10NH)^2+log10PeakFlux+Alpha+log10NHSqr+log10PeakFluxSqr+log10TaSqr+AlphaSqr+log10T90Sqr",0.31,0.17,0.15
7315,0,"Response ~  (log10T90Sqr+log10FaSqr+log10T90+log10Fa+log10Ta+PhotonIndex+log10NH)^2+log10PeakFlux+Alpha+log10NHSqr+log10PeakFluxSqr+PhotonIndexSqr+log10TaSqr+AlphaSqr",0.43,0.17,-0.04
7316,0,"Response ~  (log10T90Sqr+AlphaSqr+log10T90+log10Fa+log10Ta+PhotonIndex+log10NH)^2+log10PeakFlux+Alpha+log10NHSqr+log10PeakFluxSqr+PhotonIndexSqr+log10TaSqr+log10FaSqr",0.4,0.19,-0.47
7319,0,"Response ~  (log10FaSqr+log10PeakFluxSqr+log10NHSqr+log10Fa+log10Ta+PhotonIndex+log10NH)^2+log10PeakFlux+Alpha+log10T90+PhotonIndexSqr+log10TaSqr+AlphaSqr+log10T90Sqr",0.21,0.19,0.21
7532,0,"Response ~  (log10T90Sqr+AlphaSqr+log10TaSqr+Alpha+log10Fa+PhotonIndex+log10NH)^2+log10PeakFlux+log10Ta+log10T90+log10NHSqr+log10PeakFluxSqr+PhotonIndexSqr+log10FaSqr",0.29,0.2,-0.2
7563,0,"Response ~  (log10T90Sqr+log10FaSqr+PhotonIndexSqr+log10T90+log10Fa+PhotonIndex+log10NH)^2+log10PeakFlux+log10Ta+Alpha+log10NHSqr+log10PeakFluxSqr+log10TaSqr+AlphaSqr",0.44,0.24,-0.094
7566,0,"Response ~  (log10T90Sqr+log10FaSqr+log10TaSqr+log10T90+log10Fa+PhotonIndex+log10NH)^2+log10PeakFlux+log10Ta+Alpha+log10NHSqr+log10PeakFluxSqr+PhotonIndexSqr+AlphaSqr",0.45,0.18,-0.14
7573,0,"Response ~  (log10FaSqr+log10TaSqr+log10PeakFluxSqr+log10NHSqr+log10Fa+PhotonIndex+log10NH)^2+log10PeakFlux+log10Ta+Alpha+log10T90+PhotonIndexSqr+AlphaSqr+log10T90Sqr",0.53,0.17,-0.086
7579,0,"Response ~  (log10FaSqr+log10TaSqr+PhotonIndexSqr+log10NHSqr+log10Fa+PhotonIndex+log10NH)^2+log10PeakFlux+log10Ta+Alpha+log10T90+log10PeakFluxSqr+AlphaSqr+log10T90Sqr",0.54,0.17,-0.69
7583,0,"Response ~  (log10T90Sqr+log10FaSqr+PhotonIndexSqr+log10NHSqr+log10Fa+PhotonIndex+log10NH)^2+log10PeakFlux+log10Ta+Alpha+log10T90+log10PeakFluxSqr+log10TaSqr+AlphaSqr",0.44,0.21,-0.45
7586,0,"Response ~  (log10T90Sqr+log10FaSqr+log10TaSqr+log10NHSqr+log10Fa+PhotonIndex+log10NH)^2+log10PeakFlux+log10Ta+Alpha+log10T90+log10PeakFluxSqr+PhotonIndexSqr+AlphaSqr",0.34,0.2,-0.21
7596,0,"Response ~  (log10T90Sqr+log10FaSqr+log10TaSqr+log10PeakFluxSqr+log10Fa+PhotonIndex+log10NH)^2+log10PeakFlux+log10Ta+Alpha+log10T90+log10NHSqr+PhotonIndexSqr+AlphaSqr",0.43,0.18,-0.025
7603,0,"Response ~  (log10T90Sqr+AlphaSqr+log10FaSqr+log10TaSqr+log10Fa+PhotonIndex+log10NH)^2+log10PeakFlux+log10Ta+Alpha+log10T90+log10NHSqr+log10PeakFluxSqr+PhotonIndexSqr",0.3,0.21,-0.11
7638,0,"Response ~  (log10T90Sqr+AlphaSqr+log10FaSqr+log10T90+Alpha+PhotonIndex+log10NH)^2+log10PeakFlux+log10Ta+log10Fa+log10NHSqr+log10PeakFluxSqr+PhotonIndexSqr+log10TaSqr",0.48,0.21,-0.46
7646,0,"Response ~  (AlphaSqr+log10FaSqr+log10PeakFluxSqr+log10NHSqr+Alpha+PhotonIndex+log10NH)^2+log10PeakFlux+log10Ta+log10Fa+log10T90+PhotonIndexSqr+log10TaSqr+log10T90Sqr",0.3,0.22,-0.015
7672,0,"Response ~  (log10T90Sqr+AlphaSqr+log10FaSqr+PhotonIndexSqr+Alpha+PhotonIndex+log10NH)^2+log10PeakFlux+log10Ta+log10Fa+log10T90+log10NHSqr+log10PeakFluxSqr+log10TaSqr",0.4,0.18,-0.34
7682,0,"Response ~  (log10T90Sqr+log10FaSqr+log10PeakFluxSqr+log10NHSqr+log10T90+PhotonIndex+log10NH)^2+log10PeakFlux+log10Ta+log10Fa+Alpha+PhotonIndexSqr+log10TaSqr+AlphaSqr",0.51,0.18,-0.2
7712,0,"Response ~  (AlphaSqr+log10FaSqr+PhotonIndexSqr+log10PeakFluxSqr+log10NHSqr+PhotonIndex+log10NH)^2+log10PeakFlux+log10Ta+log10Fa+Alpha+log10T90+log10TaSqr+log10T90Sqr",0.46,0.17,-0.078
7748,0,"Response ~  (AlphaSqr+log10FaSqr+log10T90+Alpha+log10Fa+log10Ta+log10NH)^2+log10PeakFlux+PhotonIndex+log10NHSqr+log10PeakFluxSqr+PhotonIndexSqr+log10TaSqr+log10T90Sqr",0.27,0.2,-0.051
7813,0,"Response ~  (log10T90Sqr+log10TaSqr+PhotonIndexSqr+log10T90+log10Fa+log10Ta+log10NH)^2+log10PeakFlux+PhotonIndex+Alpha+log10NHSqr+log10PeakFluxSqr+log10FaSqr+AlphaSqr",0.55,0.18,-0.088
7815,0,"Response ~  (log10T90Sqr+log10FaSqr+PhotonIndexSqr+log10T90+log10Fa+log10Ta+log10NH)^2+log10PeakFlux+PhotonIndex+Alpha+log10NHSqr+log10PeakFluxSqr+log10TaSqr+AlphaSqr",0.49,0.17,0.06
7989,0,"Response ~  (AlphaSqr+PhotonIndexSqr+log10NHSqr+log10T90+Alpha+log10Fa+log10NH)^2+log10PeakFlux+PhotonIndex+log10Ta+log10PeakFluxSqr+log10TaSqr+log10FaSqr+log10T90Sqr",0.55,0.19,-0.42
8042,0,"Response ~  (log10T90Sqr+AlphaSqr+PhotonIndexSqr+log10PeakFluxSqr+Alpha+log10Fa+log10NH)^2+log10PeakFlux+PhotonIndex+log10Ta+log10T90+log10NHSqr+log10TaSqr+log10FaSqr",0.41,0.21,-0.0043
8083,0,"Response ~  (log10T90Sqr+log10FaSqr+log10TaSqr+PhotonIndexSqr+log10T90+log10Fa+log10NH)^2+log10PeakFlux+PhotonIndex+log10Ta+Alpha+log10NHSqr+log10PeakFluxSqr+AlphaSqr",0.55,0.18,-0.13
8087,0,"Response ~  (log10FaSqr+log10TaSqr+PhotonIndexSqr+log10PeakFluxSqr+log10NHSqr+log10Fa+log10NH)^2+log10PeakFlux+PhotonIndex+log10Ta+Alpha+log10T90+AlphaSqr+log10T90Sqr",0.47,0.2,-0.59
8121,0,"Response ~  (AlphaSqr+log10FaSqr+PhotonIndexSqr+log10NHSqr+log10T90+Alpha+log10NH)^2+log10PeakFlux+PhotonIndex+log10Ta+log10Fa+log10PeakFluxSqr+log10TaSqr+log10T90Sqr",0.49,0.18,-0.5
8156,0,"Response ~  (log10T90Sqr+AlphaSqr+log10FaSqr+PhotonIndexSqr+log10NHSqr+Alpha+log10NH)^2+log10PeakFlux+PhotonIndex+log10Ta+log10Fa+log10T90+log10PeakFluxSqr+log10TaSqr",0.45,0.18,0.15
8239,0,"Response ~  (log10T90Sqr+log10FaSqr+log10T90+log10Fa+log10Ta+PhotonIndex+log10PeakFlux)^2+log10NH+Alpha+log10NHSqr+log10PeakFluxSqr+PhotonIndexSqr+log10TaSqr+AlphaSqr",0.37,0.2,-0.17
8420,0,"Response ~  (AlphaSqr+log10FaSqr+log10T90+Alpha+log10Fa+PhotonIndex+log10PeakFlux)^2+log10NH+log10Ta+log10NHSqr+log10PeakFluxSqr+PhotonIndexSqr+log10TaSqr+log10T90Sqr",0.23,0.26,0.88
8435,0,"Response ~  (AlphaSqr+log10FaSqr+log10NHSqr+Alpha+log10Fa+PhotonIndex+log10PeakFlux)^2+log10NH+log10Ta+log10T90+log10PeakFluxSqr+PhotonIndexSqr+log10TaSqr+log10T90Sqr",0.27,0.22,-0.32
8510,0,"Response ~  (log10T90Sqr+log10FaSqr+log10TaSqr+log10NHSqr+log10Fa+PhotonIndex+log10PeakFlux)^2+log10NH+log10Ta+Alpha+log10T90+log10PeakFluxSqr+PhotonIndexSqr+AlphaSqr",0.6,0.14,-0.088
8561,0,"Response ~  (log10T90Sqr+AlphaSqr+log10TaSqr+log10T90+Alpha+PhotonIndex+log10PeakFlux)^2+log10NH+log10Ta+log10Fa+log10NHSqr+log10PeakFluxSqr+PhotonIndexSqr+log10FaSqr",0.41,0.22,-0.15
8707,0,"Response ~  (log10T90Sqr+log10FaSqr+log10TaSqr+Alpha+log10Fa+log10Ta+log10PeakFlux)^2+log10NH+PhotonIndex+log10T90+log10NHSqr+log10PeakFluxSqr+PhotonIndexSqr+AlphaSqr",0.13,0.28,-0.13
8739,0,"Response ~  (log10T90Sqr+log10FaSqr+PhotonIndexSqr+log10T90+log10Fa+log10Ta+log10PeakFlux)^2+log10NH+PhotonIndex+Alpha+log10NHSqr+log10PeakFluxSqr+log10TaSqr+AlphaSqr",0.43,0.19,0.038
8759,0,"Response ~  (log10T90Sqr+log10FaSqr+PhotonIndexSqr+log10NHSqr+log10Fa+log10Ta+log10PeakFlux)^2+log10NH+PhotonIndex+Alpha+log10T90+log10PeakFluxSqr+log10TaSqr+AlphaSqr",0.38,0.19,-0.14
8935,0,"Response ~  (log10T90Sqr+log10FaSqr+PhotonIndexSqr+log10T90+Alpha+log10Fa+log10PeakFlux)^2+log10NH+PhotonIndex+log10Ta+log10NHSqr+log10PeakFluxSqr+log10TaSqr+AlphaSqr",0.54,0.2,-0.43
8954,0,"Response ~  (AlphaSqr+log10FaSqr+PhotonIndexSqr+log10NHSqr+Alpha+log10Fa+log10PeakFlux)^2+log10NH+PhotonIndex+log10Ta+log10T90+log10PeakFluxSqr+log10TaSqr+log10T90Sqr",0.39,0.2,-0.33
8974,0,"Response ~  (log10T90Sqr+AlphaSqr+log10FaSqr+PhotonIndexSqr+Alpha+log10Fa+log10PeakFlux)^2+log10NH+PhotonIndex+log10Ta+log10T90+log10NHSqr+log10PeakFluxSqr+log10TaSqr",0.16,0.28,0.69
8990,0,"Response ~  (log10T90Sqr+log10FaSqr+PhotonIndexSqr+log10NHSqr+log10T90+log10Fa+log10PeakFlux)^2+log10NH+PhotonIndex+log10Ta+Alpha+log10PeakFluxSqr+log10TaSqr+AlphaSqr",0.42,0.21,-0.44
9007,0,"Response ~  (log10T90Sqr+log10FaSqr+log10TaSqr+PhotonIndexSqr+log10T90+log10Fa+log10PeakFlux)^2+log10NH+PhotonIndex+log10Ta+Alpha+log10NHSqr+log10PeakFluxSqr+AlphaSqr",0.59,0.17,0.068
9174,0,"Response ~  (log10FaSqr+log10PeakFluxSqr+log10NHSqr+log10T90+log10Fa+log10Ta+PhotonIndex)^2+log10NH+log10PeakFlux+Alpha+PhotonIndexSqr+log10TaSqr+AlphaSqr+log10T90Sqr",0.38,0.19,-0.19
9181,0,"Response ~  (log10FaSqr+log10TaSqr+log10NHSqr+log10T90+log10Fa+log10Ta+PhotonIndex)^2+log10NH+log10PeakFlux+Alpha+log10PeakFluxSqr+PhotonIndexSqr+AlphaSqr+log10T90Sqr",0.27,0.19,0.16
9185,0,"Response ~  (log10T90Sqr+log10FaSqr+log10NHSqr+log10T90+log10Fa+log10Ta+PhotonIndex)^2+log10NH+log10PeakFlux+Alpha+log10PeakFluxSqr+PhotonIndexSqr+log10TaSqr+AlphaSqr",0.48,0.18,-0.055
9201,0,"Response ~  (log10T90Sqr+log10FaSqr+PhotonIndexSqr+log10T90+log10Fa+log10Ta+PhotonIndex)^2+log10NH+log10PeakFlux+Alpha+log10NHSqr+log10PeakFluxSqr+log10TaSqr+AlphaSqr",0.37,0.2,-0.29
9215,0,"Response ~  (log10T90Sqr+log10FaSqr+log10PeakFluxSqr+log10NHSqr+log10Fa+log10Ta+PhotonIndex)^2+log10NH+log10PeakFlux+Alpha+log10T90+PhotonIndexSqr+log10TaSqr+AlphaSqr",0.36,0.17,-0.21
9276,0,"Response ~  (log10T90Sqr+AlphaSqr+log10FaSqr+log10T90+Alpha+log10Ta+PhotonIndex)^2+log10NH+log10PeakFlux+log10Fa+log10NHSqr+log10PeakFluxSqr+PhotonIndexSqr+log10TaSqr",0.31,0.2,-0.2
9380,0,"Response ~  (AlphaSqr+log10FaSqr+log10NHSqr+log10T90+Alpha+log10Fa+PhotonIndex)^2+log10NH+log10PeakFlux+log10Ta+log10PeakFluxSqr+PhotonIndexSqr+log10TaSqr+log10T90Sqr",0.46,0.18,-0.078
9382,0,"Response ~  (log10T90Sqr+AlphaSqr+log10NHSqr+log10T90+Alpha+log10Fa+PhotonIndex)^2+log10NH+log10PeakFlux+log10Ta+log10PeakFluxSqr+PhotonIndexSqr+log10TaSqr+log10FaSqr",0.52,0.21,-0.4
9416,0,"Response ~  (AlphaSqr+log10FaSqr+PhotonIndexSqr+log10NHSqr+Alpha+log10Fa+PhotonIndex)^2+log10NH+log10PeakFlux+log10Ta+log10T90+log10PeakFluxSqr+log10TaSqr+log10T90Sqr",0.43,0.18,-0.12
9444,0,"Response ~  (log10T90Sqr+log10TaSqr+log10PeakFluxSqr+log10NHSqr+log10T90+log10Fa+PhotonIndex)^2+log10NH+log10PeakFlux+log10Ta+Alpha+PhotonIndexSqr+log10FaSqr+AlphaSqr",0.19,0.19,-0.22
9472,0,"Response ~  (log10T90Sqr+AlphaSqr+log10FaSqr+log10TaSqr+log10T90+log10Fa+PhotonIndex)^2+log10NH+log10PeakFlux+log10Ta+Alpha+log10NHSqr+log10PeakFluxSqr+PhotonIndexSqr",0.47,0.17,0.11
9480,0,"Response ~  (log10T90Sqr+log10FaSqr+log10TaSqr+log10PeakFluxSqr+log10NHSqr+log10Fa+PhotonIndex)^2+log10NH+log10PeakFlux+log10Ta+Alpha+log10T90+PhotonIndexSqr+AlphaSqr",0.42,0.18,-0.028
9548,0,"Response ~  (log10T90Sqr+AlphaSqr+log10FaSqr+log10TaSqr+log10PeakFluxSqr+Alpha+PhotonIndex)^2+log10NH+log10PeakFlux+log10Ta+log10Fa+log10T90+log10NHSqr+PhotonIndexSqr",0.46,0.19,-0.073
9585,0,"Response ~  (AlphaSqr+PhotonIndexSqr+log10NHSqr+log10T90+Alpha+log10Fa+log10Ta)^2+log10NH+log10PeakFlux+PhotonIndex+log10PeakFluxSqr+log10TaSqr+log10FaSqr+log10T90Sqr",0.3,0.2,-0.19
9604,0,"Response ~  (AlphaSqr+log10TaSqr+PhotonIndexSqr+log10T90+Alpha+log10Fa+log10Ta)^2+log10NH+log10PeakFlux+PhotonIndex+log10NHSqr+log10PeakFluxSqr+log10FaSqr+log10T90Sqr",0.22,0.25,-0.25
9606,0,"Response ~  (AlphaSqr+log10FaSqr+PhotonIndexSqr+log10T90+Alpha+log10Fa+log10Ta)^2+log10NH+log10PeakFlux+PhotonIndex+log10NHSqr+log10PeakFluxSqr+log10TaSqr+log10T90Sqr",0.32,0.23,-0.26
9607,0,"Response ~  (log10T90Sqr+log10FaSqr+PhotonIndexSqr+log10T90+Alpha+log10Fa+log10Ta)^2+log10NH+log10PeakFlux+PhotonIndex+log10NHSqr+log10PeakFluxSqr+log10TaSqr+AlphaSqr",0.56,0.17,-0.27
9608,0,"Response ~  (log10T90Sqr+AlphaSqr+PhotonIndexSqr+log10T90+Alpha+log10Fa+log10Ta)^2+log10NH+log10PeakFlux+PhotonIndex+log10NHSqr+log10PeakFluxSqr+log10TaSqr+log10FaSqr",0.43,0.19,0.091
9612,0,"Response ~  (log10T90Sqr+AlphaSqr+log10FaSqr+log10T90+Alpha+log10Fa+log10Ta)^2+log10NH+log10PeakFlux+PhotonIndex+log10NHSqr+log10PeakFluxSqr+PhotonIndexSqr+log10TaSqr",0.41,0.18,-0.23
9632,0,"Response ~  (log10T90Sqr+AlphaSqr+log10FaSqr+log10NHSqr+Alpha+log10Fa+log10Ta)^2+log10NH+log10PeakFlux+PhotonIndex+log10T90+log10PeakFluxSqr+PhotonIndexSqr+log10TaSqr",0.42,0.2,-0.018
9672,0,"Response ~  (log10T90Sqr+log10FaSqr+PhotonIndexSqr+log10PeakFluxSqr+log10T90+log10Fa+log10Ta)^2+log10NH+log10PeakFlux+PhotonIndex+Alpha+log10NHSqr+log10TaSqr+AlphaSqr",0.59,0.17,-0.17
9673,0,"Response ~  (log10T90Sqr+AlphaSqr+PhotonIndexSqr+log10PeakFluxSqr+log10T90+log10Fa+log10Ta)^2+log10NH+log10PeakFlux+PhotonIndex+Alpha+log10NHSqr+log10TaSqr+log10FaSqr",0.2,0.2,-0.2
9679,0,"Response ~  (log10T90Sqr+log10FaSqr+log10TaSqr+PhotonIndexSqr+log10T90+log10Fa+log10Ta)^2+log10NH+log10PeakFlux+PhotonIndex+Alpha+log10NHSqr+log10PeakFluxSqr+AlphaSqr",0.54,0.18,-0.17
9681,0,"Response ~  (log10T90Sqr+AlphaSqr+log10FaSqr+PhotonIndexSqr+log10T90+log10Fa+log10Ta)^2+log10NH+log10PeakFlux+PhotonIndex+Alpha+log10NHSqr+log10PeakFluxSqr+log10TaSqr",0.48,0.18,0.014
9737,0,"Response ~  (log10T90Sqr+AlphaSqr+log10FaSqr+PhotonIndexSqr+log10T90+Alpha+log10Ta)^2+log10NH+log10PeakFlux+PhotonIndex+log10Fa+log10NHSqr+log10PeakFluxSqr+log10TaSqr",0.31,0.21,-0.053
9790,0,"Response ~  (AlphaSqr+PhotonIndexSqr+log10PeakFluxSqr+log10NHSqr+log10T90+Alpha+log10Fa)^2+log10NH+log10PeakFlux+PhotonIndex+log10Ta+log10TaSqr+log10FaSqr+log10T90Sqr",0.45,0.18,-0.51
9803,0,"Response ~  (log10T90Sqr+AlphaSqr+PhotonIndexSqr+log10NHSqr+log10T90+Alpha+log10Fa)^2+log10NH+log10PeakFlux+PhotonIndex+log10Ta+log10PeakFluxSqr+log10TaSqr+log10FaSqr",0.49,0.22,-0.4
9819,0,"Response ~  (log10T90Sqr+log10FaSqr+log10TaSqr+PhotonIndexSqr+log10T90+Alpha+log10Fa)^2+log10NH+log10PeakFlux+PhotonIndex+log10Ta+log10NHSqr+log10PeakFluxSqr+AlphaSqr",0.27,0.19,-0.2
9826,0,"Response ~  (AlphaSqr+log10FaSqr+PhotonIndexSqr+log10PeakFluxSqr+log10NHSqr+Alpha+log10Fa)^2+log10NH+log10PeakFlux+PhotonIndex+log10Ta+log10T90+log10TaSqr+log10T90Sqr",0.29,0.24,-0.11
9836,0,"Response ~  (log10T90Sqr+AlphaSqr+log10FaSqr+PhotonIndexSqr+log10NHSqr+Alpha+log10Fa)^2+log10NH+log10PeakFlux+PhotonIndex+log10Ta+log10T90+log10PeakFluxSqr+log10TaSqr",0.58,0.19,-0.47
9864,0,"Response ~  (log10T90Sqr+AlphaSqr+log10FaSqr+log10TaSqr+PhotonIndexSqr+log10T90+log10Fa)^2+log10NH+log10PeakFlux+PhotonIndex+log10Ta+Alpha+log10NHSqr+log10PeakFluxSqr",0.43,0.17,-0.1
9890,0,"Response ~  (log10T90Sqr+AlphaSqr+log10FaSqr+PhotonIndexSqr+log10PeakFluxSqr+log10T90+Alpha)^2+log10NH+log10PeakFlux+PhotonIndex+log10Ta+log10Fa+log10NHSqr+log10TaSqr",0.37,0.24,0.022
10151,0,"Response ~  (AlphaSqr+log10FaSqr+log10NHSqr+Alpha+log10Fa+PhotonIndex+log10PeakFlux+log10NH)^2+log10Ta+log10T90+log10PeakFluxSqr+PhotonIndexSqr+log10TaSqr+log10T90Sqr",0.15,0.28,0.82
10203,0,"Response ~  (log10T90Sqr+log10FaSqr+PhotonIndexSqr+log10T90+log10Fa+PhotonIndex+log10PeakFlux+log10NH)^2+log10Ta+Alpha+log10NHSqr+log10PeakFluxSqr+log10TaSqr+AlphaSqr",0.34,0.27,-0.25
10206,0,"Response ~  (log10T90Sqr+log10FaSqr+log10TaSqr+log10T90+log10Fa+PhotonIndex+log10PeakFlux+log10NH)^2+log10Ta+Alpha+log10NHSqr+log10PeakFluxSqr+PhotonIndexSqr+AlphaSqr",0.19,0.21,-0.12
10597,0,"Response ~  (log10T90Sqr+log10FaSqr+log10TaSqr+PhotonIndexSqr+log10T90+log10Ta+log10PeakFlux+log10NH)^2+PhotonIndex+log10Fa+Alpha+log10NHSqr+log10PeakFluxSqr+AlphaSqr",0.4,0.19,-0.028
10673,0,"Response ~  (AlphaSqr+log10FaSqr+log10TaSqr+log10NHSqr+Alpha+log10Fa+log10PeakFlux+log10NH)^2+PhotonIndex+log10Ta+log10T90+log10PeakFluxSqr+PhotonIndexSqr+log10T90Sqr",-0.06,0.34,2.4
10723,0,"Response ~  (log10T90Sqr+log10FaSqr+log10TaSqr+PhotonIndexSqr+log10T90+log10Fa+log10PeakFlux+log10NH)^2+PhotonIndex+log10Ta+Alpha+log10NHSqr+log10PeakFluxSqr+AlphaSqr",0.33,0.21,-0.45
10901,0,"Response ~  (log10T90Sqr+log10FaSqr+log10NHSqr+log10T90+log10Fa+log10Ta+PhotonIndex+log10NH)^2+log10PeakFlux+Alpha+log10PeakFluxSqr+PhotonIndexSqr+log10TaSqr+AlphaSqr",0.55,0.18,-0.13
10917,0,"Response ~  (log10T90Sqr+log10FaSqr+PhotonIndexSqr+log10T90+log10Fa+log10Ta+PhotonIndex+log10NH)^2+log10PeakFlux+Alpha+log10NHSqr+log10PeakFluxSqr+log10TaSqr+AlphaSqr",0.31,0.2,-0.2
11126,0,"Response ~  (AlphaSqr+log10FaSqr+log10PeakFluxSqr+log10NHSqr+Alpha+log10Fa+PhotonIndex+log10NH)^2+log10PeakFlux+log10Ta+log10T90+PhotonIndexSqr+log10TaSqr+log10T90Sqr",0.11,0.32,0.96
11171,0,"Response ~  (log10T90Sqr+log10FaSqr+log10TaSqr+log10NHSqr+log10T90+log10Fa+PhotonIndex+log10NH)^2+log10PeakFlux+log10Ta+Alpha+log10PeakFluxSqr+PhotonIndexSqr+AlphaSqr",0.43,0.18,0.084
11178,0,"Response ~  (log10T90Sqr+log10FaSqr+PhotonIndexSqr+log10PeakFluxSqr+log10T90+log10Fa+PhotonIndex+log10NH)^2+log10PeakFlux+log10Ta+Alpha+log10NHSqr+log10TaSqr+AlphaSqr",0.34,0.25,-0.27
11181,0,"Response ~  (log10T90Sqr+log10FaSqr+log10TaSqr+log10PeakFluxSqr+log10T90+log10Fa+PhotonIndex+log10NH)^2+log10PeakFlux+log10Ta+Alpha+log10NHSqr+PhotonIndexSqr+AlphaSqr",0.39,0.18,-0.05
11217,0,"Response ~  (AlphaSqr+log10FaSqr+log10PeakFluxSqr+log10NHSqr+log10T90+Alpha+PhotonIndex+log10NH)^2+log10PeakFlux+log10Ta+log10Fa+PhotonIndexSqr+log10TaSqr+log10T90Sqr",0.5,0.17,0.045
11378,0,"Response ~  (log10T90Sqr+log10FaSqr+PhotonIndexSqr+log10NHSqr+log10T90+log10Fa+log10Ta+log10NH)^2+log10PeakFlux+PhotonIndex+Alpha+log10PeakFluxSqr+log10TaSqr+AlphaSqr",0.44,0.17,0.074
11386,0,"Response ~  (log10T90Sqr+log10TaSqr+PhotonIndexSqr+log10PeakFluxSqr+log10T90+log10Fa+log10Ta+log10NH)^2+log10PeakFlux+PhotonIndex+Alpha+log10NHSqr+log10FaSqr+AlphaSqr",0.55,0.16,-0.013
11388,0,"Response ~  (log10T90Sqr+log10FaSqr+PhotonIndexSqr+log10PeakFluxSqr+log10T90+log10Fa+log10Ta+log10NH)^2+log10PeakFlux+PhotonIndex+Alpha+log10NHSqr+log10TaSqr+AlphaSqr",0.014,0.21,-0.21
11397,0,"Response ~  (log10T90Sqr+AlphaSqr+log10FaSqr+PhotonIndexSqr+log10T90+log10Fa+log10Ta+log10NH)^2+log10PeakFlux+PhotonIndex+Alpha+log10NHSqr+log10PeakFluxSqr+log10TaSqr",0.55,0.18,-0.15
12980,0,"Response ~  (log10T90Sqr+log10FaSqr+log10NHSqr+log10T90+log10Fa+log10Ta+PhotonIndex+log10PeakFlux+log10NH)^2+Alpha+log10PeakFluxSqr+PhotonIndexSqr+log10TaSqr+AlphaSqr",0.29,0.21,-0.47
13631,0,"Response ~  (log10T90Sqr+AlphaSqr+log10FaSqr+PhotonIndexSqr+log10NHSqr+Alpha+log10Fa+log10PeakFlux+log10NH)^2+PhotonIndex+log10Ta+log10T90+log10PeakFluxSqr+log10TaSqr",0.31,0.27,0.28
