"","PhotonIndex","log10PeakFlux","log10NH","Beta_opt","log10Ta_opt","Alpha_opt","log10Ta","log10Fluence","log10T90","Gamma","log10Fa","log10Fa_opt","Beta","Alpha","PhotonIndexSqr","log10PeakFluxSqr","log10NHSqr","Beta_optSqr","log10Ta_optSqr","Alpha_optSqr","log10TaSqr","log10FluenceSqr","log10T90Sqr","GammaSqr","log10FaSqr","log10Fa_optSqr","BetaSqr","AlphaSqr","log10T90Err","log10FaErr","log10TaErr","AlphaErr","BetaErr","log10FaErr_opt","log10TaErr_opt","AlphaErr_opt","BetaErr_opt","log10FluenceErr","PhotonIndexErr","log10PeakFluxErr","GRB","is_optical","PhotonIndex_opt","log10PeakFlux_opt","log10NH_opt","Beta_opt_opt","log10Ta_opt_opt","Alpha_opt_opt","log10Ta_opt","log10Fluence_opt","log10T90_opt","Gamma_opt","log10Fa_opt","log10Fa_opt_opt","Beta_opt","Alpha_opt","Redshift_crosscheck","log10z"
"000926A",1.68528474322361,0.49787317309306,21.1545856750033,1.01,5.12,2.14,0,-5.73555346213348,1.397940009,1.99215342891529,0,-12.89,0,0,2.84018466574227,0.247877696485752,447.516495081055,1.0201,26.2144,4.5796,0,32.8965735169914,1.95423626876292,3.96867528433895,0,166.1521,0,0,0.0207895824764161,0,0,0,0,0.03,0.02,0.04,0.16,0.0315728375171381,0.179660088857786,0.0584643654542467,"000926A",1,0.421321185805902,0.124468293273265,5.28864641875083,0.2525,1.28,0.535,0,-1.43388836553337,0.34948500225,0.498038357228823,0,-3.2225,0,0,2.04,0.482873583608754
"011211A",1.73074257586597,0.0099540052549258,20.9997109050585,0.41,5.23,1.98,0,-5.54501519311092,2.431363764,1.91703135792151,0,-13.52,0,0,2.99546986391517,9.90822206150904e-05,440.987858096033,0.1681,27.3529,3.9204,0,30.7471934918309,5.91152975289225,3.67500922725439,0,182.7904,0,0,0.132471980179598,0,0,0,0,0.06,0.04,0.11,0.15,0.040345966847899,0.171421395586027,0.0900586582057859,"011211A",1,0.432685643966493,0.00248850131373145,5.24992772626462,0.1025,1.3075,0.495,0,-1.38625379827773,0.607840941,0.479257839480377,0,-3.38,0,0,2.14,0.496929648073215
"020124A",1.66001947418774,0.286068555062632,21.1181965423643,1.32,4.454184,1.961572,0,-5.79045330113306,1.661907293,2.02236215224452,0,-12.7747,0,0,2.75566465468254,0.0818352181956221,445.978225201927,1.7424,19.839755105856,3.847764711184,0,33.5293494326027,2.76193585052659,4.08994867483109,0,163.19296009,0,0,0.0761271870594219,0,0,0,0,0.05493,0.065307,0.072088,0.25,0.0323124845604323,0.162788614352911,0.0687137148382266,"020124A",1,0.415004868546935,0.071517138765658,5.27954913559107,0.33,1.113546,0.490393,0,-1.44761332528327,0.41547682325,0.50559053806113,0,-3.193675,0,0,3.198,0.623042434246382
"021004A",1.67186887883644,0.355429318153098,21.0810752717726,0.67,5.4,1.33,0,-5.46547580308238,2,1.96438080403683,0,-12.92,0,0,2.79514554802181,0.126330000202776,444.411734614142,0.4489,29.16,1.7689,0,29.871425754079,4,3.85879194326838,0,166.9264,0,0,0.201804932759115,0,0,0,0,0.02,0.02,0.03,0.14,0.036356115947561,0.193819704191375,0.062431543050404,"021004A",1,0.41796721970911,0.0888573295382745,5.27026881794315,0.1675,1.35,0.3325,0,-1.3663689507706,0.5,0.491095201009208,0,-3.23,0,0,2.34,0.523746466811564
"030226A",1.69364237204975,0.320464469437468,21.0511868725117,0.57,4.965035,2.121816,0,-5.88907181132459,1.344195716,1.94602716780256,0,-13.1407,0,0,2.8684244844023,0.102697476171838,443.152468741409,0.3249,24.651572551225,4.502103137856,0,34.6811667989379,1.80686212291275,3.78702173782565,0,172.67799649,0,0,0.0711120769415451,0,0,0,0,0.064136,0.032442,0.132162,0.12,0.0369501006956046,0.199398651948698,0.0723940497319666,"030226A",1,0.423410593012437,0.080116117359367,5.26279671812792,0.1425,1.24125875,0.530454,0,-1.47226795283115,0.336048929,0.48650679195064,0,-3.285175,0,0,1.99,0.47567118832443
"030329A",1.63361744707194,0.780376798107853,21.2067839200846,0.41,5.5,1.46,0,-5.15361554086595,1.798650645,1.94924493372129,0,-11.76,0,0,2.66870596337784,0.608987947025065,449.727684233159,0.1681,30.25,2.1316,0,26.559753143055,3.23514414275892,3.79955581163812,0,138.2976,0,0,0.0515724807527089,0,0,0,0,0.09,0.05,0.03,0.17,0.0273643578404255,0.164558266578791,0.0358944155859398,"030329A",1,0.408404361767985,0.195094199526963,5.30169598002115,0.1025,1.375,0.365,0,-1.28840388521649,0.44966266125,0.487311233430323,0,-2.94,0,0,0.17,0.0681858617461616
"050315A",2.11,0.285557309,21.91683806,0,0,0,4.86356,-5.492144128,1.980457892,1.99544,-11.3757179,0,0.856,1.10818,4.4521,0.0815429767233215,480.347790548265,0,0,0,23.6542158736,30.1636471227249,3.92221346198508,3.9817807936,129.40695774038,0,0.732736,1.2280629124,0.0636907468763651,0.03245,0.04512,0.049165,0.001,0,0,0,0,0.019691613,0.09,0.04950507,"050315A",0,0,0,0,0,0,0,0,0,0,0,0,0,0,0,1.949,0.469674772551798
"050318A",1.9,0.499687083,20.92661714,0,0,0,4.132084541,-5.966576245,1.505149978,1.98053,-11.15490196,0,0.95,1.874408221,3.61,0.249687180917049,437.923304924142,0,0,0,17.0741226539712,35.6000320873983,2.2654764562734,3.9224990809,124.431837737212,0,0.9025,3.51340617895238,0.148833498209321,0.06181969,0.043780336,0.085906519,0.037,0,0,0,0,0.030963588,0.1,0.027486993,"050318A",0,0,0,0,0,0,0,0,0,0,0,0,0,0,0,1.44,0.387389826338729
"050319A",2.02,0.181843588,20.93735437,0,0,0,3.73997,-5.882728704,2.183383742,2.01045,-10.70553377,0,0.971,0.863159,4.0804,0.0330670904967137,438.372808014958,0,0,0,13.9873756009,34.6064970048655,4.76716456482992,4.0419092025,114.60845330061,0,0.942841,0.745043459281,0.0311909396976911,0.04165,0.06193,0.034558,0.009,0,0,0,0,0.049065331,0.19,0.060001211,"050319A",0,0,0,0,0,0,0,0,0,0,0,0,0,0,0,3.24,0.627365856592733
"050401A",1.4,1.029383778,22.12570242,0,0,0,3.12435,-5.085128182,1.506369717,1.78711,-9.653647026,0,0.9995,0.984108,1.96,1.05963096240955,489.546707578394,0,0,0,9.7615629225,25.8585286273706,2.26914972429466,3.1937621521,93.1929009025986,0,0.99900025,0.968468555664,0.00846336277739286,0.019455,0.02833,0.0260615,0.0174145,0,0,0,0,0.016167167,0.07,0.037341208,"050401A",0,0,0,0,0,0,0,0,0,0,0,0,0,0,0,2.9,0.591064607026499
"050416A",3.08,0.688419822,21.75162856,0,0,0,2.99481,-6.435333936,0.397940009,2.06183,-10.5559552,0,0.9,0.842217,9.4864,0.473921851322512,473.133345012208,0,0,0,8.9688869361,41.4135228678333,0.15835625076292,4.2511429489,111.428190184407,0,0.81,0.709329475089,0.0771432232434421,0.0484,0.070765,0.0149485,0.005,0,0,0,0,0.043784457,0.22,0.04271749,"050416A",0,0,0,0,0,0,0,0,0,0,0,0,0,0,0,0.6528,0.218220304175545
"050502A",1.5837013438142,0.330571846807332,21.0181637594417,0.76,3.72,1.43,0,-5.95905698874291,1.301029996,1.96705146522392,0,-12.6,0,0,2.5081099463989,0.10927774590161,441.763207818708,0.5776,13.8384,2.0449,0,35.5103601950857,1.69267905049176,3.86929146683957,0,158.76,0,0,0.0761271870594219,0,0,0,0,0.04,0.03,0.02,0.16,0.0347486663233463,0.18713159391256,0.0657749268162652,"050502A",1,0.39592533595355,0.082642961701833,5.25454093986042,0.19,0.93,0.3575,0,-1.48976424718573,0.325257499,0.49176286630598,0,-3.15,0,0,3.79,0.680335513414563
"050502B",1.49398169361224,0.300152911468348,21.0347201497492,0.9,3.576116,1.358692,0,-5.90726604152399,1.243038049,1.97812318786123,0,-12.4453,0,0,2.2319813008485,0.090091770262926,442.459451778265,0.81,12.788605645456,1.846043950864,0,34.8957920853425,1.54514359126173,3.91297134635427,0,154.88549209,0,0,0.059763875267383,0,0,0,0,0.122846,0.139983,0.198462,0.06,0.0295798799821603,0.14,0.0671099909495084,"050502B",1,0.37349542340306,0.075038227867087,5.2586800374373,0.225,0.894029,0.339673,0,-1.476816510381,0.31075951225,0.494530796965307,0,-3.111325,0,0,3.793,0.680607428991788
"050505A",1.41,0.267171728,22.23063027,0,0,0,4.270583544,-5.603800653,1.770115295,2.01835,-11.04817696,0,0.973,1.462094791,1.9881,0.071380732242506,494.20092220144,0,0,0,18.2378838062836,31.4025817585632,3.13330815759294,4.0737367225,122.062214139475,0,0.946729,2.13772117786933,0.0504266082569071,0.03272177,0.030067592,0.035926291,5e-04,0,0,0,0,0.031220366,0.12,0.07277367,"050505A",0,0,0,0,0,0,0,0,0,0,0,0,0,0,0,4.27,0.721810615212547
"050525A",1,1.620136055,21.2788016,0.52,3.22416,1.03423,0,-4.815308569,0.944482672,2.08914,0,-11.6972,0,0,1,2.62484083671096,452.787397532163,0.2704,10.3952077056,1.0696316929,0,23.1871966146848,0.89204751770826,4.3645059396,0,136.82448784,0,0,0.0102431891789539,0,0,0,0,0.0658,0.10234,0.034343,0.08,0.006273143,0.1,0.009789852,"050525A",1,0.25,0.40503401375,5.3197004,0.13,0.80604,0.2585575,0,-1.20382714225,0.236120668,0.522285,0,-2.9243,0,0,0.61,0.20682587603185
"050603A",1.16,1.33243846,21.63005546,0.95,4.45,1.85,0,-5.196542884,1.322219295,1.90951127022931,0,-11.88,0,0,1.3456,1.77539224968717,467.859299202676,0.9025,19.8025,3.4225,0,27.004057945251,1.7482638640703,3.64623329113275,0,141.1344,0,0,0.0276692267863542,0,0,0,0,0.13,0.08,0.09,0.08,-0.0006217656979968,0.06,0.0038290748542292,"050603A",1,0.29,0.333109615,5.407513865,0.2375,1.1125,0.4625,0,-1.299135721,0.33055482375,0.477377817557327,0,-2.97,0,0,2.82,0.582063362911709
"050730A",1.53,-0.259637311,21.73850309,0,0,0,4.05018,-5.623423043,2.194514342,1.6177,-10.09854168,0,0.5615,2.38763,2.3409,0.0674115332633107,472.562516593939,0,0,0,16.4039580324,31.6228867205434,4.81589319724369,2.61695329,101.980544062697,0,0.31528225,5.7007770169,0.0500432094216776,0.0266,0.017795,0.0538,0.000210492,0,0,0,0,0.027736454,0.11,0.110547686,"050730A",0,0,0,0,0,0,0,0,0,0,0,0,0,0,0,3.967,0.696094159995223
"050801A",1.99,0.164352856,20.80209017,0.69,2.64,1.19,0,-6.508638306,1.28780173,2.07525210781143,0,-10.98,0,0,3.9601,0.0270118612753567,432.726955440811,0.4761,6.9696,1.4161,0,42.3623725983306,1.65843329579099,4.30667131097578,0,120.5604,0,0,0.132471980179598,0,0,0,0,0.02,0.02,0.01,0.34,0.0581234535102333,0.25,0.0712796339614364,"050801A",1,0.4975,0.041088214,5.2005225425,0.1725,0.66,0.2975,0,-1.6271595765,0.3219504325,0.518813026952857,0,-2.745,0,0,1.56,0.40823996531185
"050802A",1.54,0.439332694,21.25883595,0,0,0,3.63973,-5.698970004,1.477121255,1.8557,-10.28650946,0,0.8585,1.44729,2.3716,0.193013216017298,451.938105949012,0,0,0,13.2476344729,32.4782591064918,2.18188720197277,3.44362249,105.812276870669,0,0.73702225,2.0946483441,0.14763173580347,0.0275,0.0326,0.03274,0.002369606,0,0,0,0,0.034092117,0.13,0.069487117,"050802A",0,0,0,0,0,0,0,0,0,0,0,0,0,0,0,1.7102,0.433001340945038
"050803A",1.38,-0.017728767,21.34755638,0,0,0,4.21721,-5.66756154,1.943988875,2.11696,-10.86012091,0,1.218,1.52234,1.9044,0.000314309179340289,455.718163397279,0,0,0,17.7848601841,32.1212538096872,3.77909274612377,4.4815196416,117.942226179819,0,1.483524,2.3175190756,0.0515724807527089,0.0489,0.04766,0.048695,0.22485626,0,0,0,0,0.027269654,0.11,0.049762909,"050803A",0,0,0,0,0,0,0,0,0,0,0,0,0,0,0,3.5,0.653212513775344
"050820A",1.25,0.389166084,21.61964524,0,0,0,3.750945731,-5.463441557,1.414973348,1.96878,-10.01818139,0,0.9,1.136499703,1.5625,0.151450240935895,467.409060303455,0,0,0,14.0695938769071,29.8491936467546,2.00214957555033,3.8760946884,100.363958362942,0,0.81,1.29163157491909,0.378773543191014,0.266741013,0.238477529,0.012525701,0.0405,0,0,0,0,0.030552112,0.12,0.040770502,"050820A",0,0,0,0,0,0,0,0,0,0,0,0,0,0,0,2.6147,0.558072259099146
"050824A",2.76,-0.301029996,20.9708274,0,0,0,5.08558,-6.575118363,1.353723938,1.94709,-12.23882419,0,0.86,0.954481,7.6176,0.09061905849176,439.775601840591,0,0,0,25.8631239364,43.2321814874598,1.83256850031423,3.7911594681,149.788817553729,0,0.7396,0.911033979361,0.0782985476819812,0.06855,0.12722,0.0899785,0.01,0,0,0,0,0.084899673,0.38,0.130288345,"050824A",0,0,0,0,0,0,0,0,0,0,0,0,0,0,0,0.8278,0.261928672990642
"050904A",1.25,-0.207608311,22.39388568,1,5.539472,2.332396,0,-5.316052869,2.259044094,1.90813,0,-14.18,0,0,1.5625,0.0431012107962727,501.486115848909,1,30.685750038784,5.440071100816,0,28.2604181060031,5.10328021863628,3.6409600969,0,201.0724,0,0,0.0885407574117407,0,0,0,0,0.12808,0.069062,0.187665,0.09,0.016184888,0.07,0.119080745,"050904A",1,0.3125,-0.05190207775,5.59847142,0.25,1.384868,0.583099,0,-1.32901321725,0.5647610235,0.4770325,0,-3.545,0,0,6.295,0.86302529622947
"050908A",1.88,-0.15490196,21.65033473,1.8,3.26,0.82,0,-6.316052869,1.239799818,2.74883,0,-12.61,0,0,3.5344,0.0239946172118416,468.736993921044,3.24,10.6276,0.6724,0,39.8925238440031,1.53710358871283,7.5560663689,0,159.0121,0,0,0.0885407574117407,0,0,0,0,0.08,0.13,0.08,0.09,0.045857181,0.17,0.086858896,"050908A",1,0.47,-0.03872549,5.4125836825,0.45,0.815,0.205,0,-1.57901321725,0.3099499545,0.6872075,0,-3.1525,0,0,3.34,0.637489729512511
"050922C",1.37,0.860936621,21.44930866,0,0,0,2.52429,-5.790484985,0.653212514,2.2119,-9.477555766,0,1.064,1.22035,1.8769,0.741211865378898,460.072841991951,0,0,0,6.3720400041,33.5297163615105,0.4266865884462,4.89250161,89.8240632976399,0,1.132096,1.4892541225,0.0434736058796182,0.03194,0.034305,0.013275,0.013,0,0,0,0,0.014476483,0.06,0.019142456,"050922C",0,0,0,0,0,0,0,0,0,0,0,0,0,0,0,2.198,0.504878459410216
"051016B",2.4,0.113943352,21.71466751,0,0,0,4.25742,-6.769551079,0.602059991,1.89482,-11.59006688,0,0.73,1.14771,5.76,0.0129830874649959,471.52678506985,0,0,0,18.1256250564,45.8268218111901,0.36247623276292,3.5903428324,134.329650282873,0,0.5329,1.3172382441,0.0509829166339321,0.04535,0.058175,0.04854,0.005,0,0,0,0,0.056202815,0.23,0.053451629,"051016B",0,0,0,0,0,0,0,0,0,0,0,0,0,0,0,0.9364,0.286995073968852
"051028A",1.6783282458665,0.179466033655192,20.9024195385481,1.1,4.04085,1.02823,0,-6.17568341398607,1.204119983,2.02921982175251,0,-13.0714,0,0,2.81678570087332,0.0322080572359265,436.911142565477,1.21,16.3284687225,1.0572569329,0,38.1390656297826,1.44990493345992,4.11773308499329,0,170.86149796,0,0,0.0875106835560367,0,0,0,0,0.2287,0.246865,0.1334,0.18,0.0451414448022833,0.236991174642203,0.0749534429882672,"051028A",1,0.419582061466625,0.044866508413798,5.22560488463702,0.275,1.0102125,0.2570575,0,-1.54392085349652,0.30102999575,0.507304955438127,0,-3.26785,0,0,3.6,0.662757831681574
"051109A",1.51,0.595496222,21.97057233,0,0,0,3.91123,-5.657577319,1.57054294,2.06584,-10.51999306,0,1.06,1.22299,2.2801,0.354615750416273,482.706048507762,0,0,0,15.2977201129,32.0081811204632,2.46660512638384,4.2676949056,110.670253982448,0,1.1236,1.4957045401,0.0827679937346041,0.04815,0.04637,0.019155,0.054794381,0,0,0,0,0.05369459,0.2,0.076056648,"051109A",0,0,0,0,0,0,0,0,0,0,0,0,0,0,0,2.346,0.524525936626376
"051111A",1.32,0.424881637,21.79196559,0.76,2.77,1,0,-5.389339837,1.776555911,2.23019,0,-10.91,0,0,1.7424,0.1805244054598,474.889764275744,0.5776,7.6729,1,0,29.0449838786752,3.15615090490904,4.9737474361,0,119.0281,0,0,0.0544346314312377,0,0,0,0,0.03,0.04,0.04,0.07,0.014263593,0.06,0.034286406,"051111A",1,0.33,0.10622040925,5.4479913975,0.19,0.6925,0.25,0,-1.34733495925,0.44413897775,0.5575475,0,-2.7275,0,0,1.55,0.406540180433955
"060115A",1,-0.060480747,21.43355223,0,0,0,3.69688,-5.76700389,2.144885418,2.10553,-11.29499204,0,1,0.889919,1,0.00365792075767801,459.397161196138,0,0,0,13.6669217344,33.2583338672751,4.60053345634903,4.4332565809,127.576845183663,0,1,0.791955826561,0.0469357822743554,0.0812,0.123015,0.053884,0.085,0,0,0,0,0.038096007,0.303030303,0.059902687,"060115A",0,0,0,0,0,0,0,0,0,0,0,0,0,0,0,3.53,0.656098202012832
"060124A",1.84,-0.050609993,21.9172644,0,0,0,4.47599,-6.336299075,1.134495856,2.00895,-10.6893,0,0.99,1.3641,3.3856,0.00256137139146005,480.366478779507,0,0,0,20.0344864801,40.1486859678459,1.28708084728117,4.0358801025,114.26113449,0,0.9801,1.86076881,0.0416381769095578,0.04445,0.036665,0.01627,0.076380116,0,0,0,0,0.049929734,0.19,0.087834839,"060124A",0,0,0,0,0,0,0,0,0,0,0,0,0,0,0,2.296,0.517987203025078
"060206A",1.2,0.445604203,22.33966406,0,0,0,3.93814,-6.080398976,0.880241776,2.20424,-10.63078414,0,1.265,1.17565,1.44,0.198563105731265,499.060590313656,0,0,0,15.5089466596,36.9712517073418,0.774825584215634,4.8586739776,113.013571431276,0,1.600225,1.3821529225,0.110636974360534,0.07055,0.07444,0.02867,0.013041887,0,0,0,0,0.021949902,0.181818182,0.026462388,"060206A",0,0,0,0,0,0,0,0,0,0,0,0,0,0,0,4.048,0.703119346236078
"060210A",1.53,0.434568904,22.3877421,0,0,0,4.15028,-5.11577123,2.40654018,2.08163,-10.66756154,0,0.979,1.20511,2.3409,0.188850132323761,501.210996336112,0,0,0,17.2248240784,26.1711152776957,5.79143563795443,4.3331834569,113.796869209687,0,0.958441,1.4522901121,0.207740121229715,0.0292,0.030365,0.02297,0.083622271,0,0,0,0,0.023188831,0.09,0.044706785,"060210A",0,0,0,0,0,0,0,0,0,0,0,0,0,0,0,3.91,0.691081492122968
"060223A",1.74,0.130333768,22.49782636,0,0,0,2.78682,-6.171984936,1.053078443,2.01015,-10.9636,0,0.81,1.1892,3.0276,0.0169868910810778,506.152190924711,0,0,0,7.7663657124,38.0933980502109,1.1089742071113,4.0407030225,120.20052496,0,0.6561,1.41419664,0.042104904450281,0.1982,0.23477,0.18005,0.045,0,0,0,0,0.030974941,0.12,0.057905931,"060223A",0,0,0,0,0,0,0,0,0,0,0,0,0,0,0,4.41,0.73319726510657
"060306A",1.8,0.775974331,21.61973178,0,0,0,3.61496,-5.671620397,2.13255996245349,2.28823,-10.70553377,0,0.76,1.03794,3.24,0.602136162370898,467.412802239142,0,0,0,13.0679358016,32.1672779276664,4.54781199345963,5.2359965329,114.60845330061,0,0.5776,1.0773194436,0.0112622187283241,0.03495,0.04452,0.02498,0.01,0,0,0,0,0.01457843,0.060606061,0.0488439909307915,"060306A",0,0,0,0,0,0,0,0,0,0,0,0,0,0,0,1.559,0.408070285887185
"060418A",1.7,0.814247596,21.65363309,0,0,0,3.11887,-5.079354999,2.158362492,1.94118,-9.792961075,0,0.98,1.47655,2.89,0.662999147591779,468.879825996343,0,0,0,9.7273500769,25.7998472058663,4.65852864687245,3.7681797924,95.9020866164651,0,0.9604,2.1801999025,0.136485588124709,0.04904,0.057245,0.044705,0.005,0,0,0,0,0.013190457,0.06,0.023313354,"060418A",0,0,0,0,0,0,0,0,0,0,0,0,0,0,0,1.489,0.396024896608593
"060502A",1.46,0.227886705,21.45692297,0,0,0,3.3865,-5.63638802,1.45331834,2.02719,-10.55284197,0,0.87,0.897152,2.1316,0.051932350315757,460.399543340514,0,0,0,11.46838225,31.7688699119995,2.11213419738036,4.1094992961,111.362473643793,0,0.7569,0.804881711104,0.150287880735964,0.05675,0.075085,0.0205255,0.015,0,0,0,0,0.019176639,0.08,0.053965586,"060502A",0,0,0,0,0,0,0,0,0,0,0,0,0,0,0,1.5026,0.398391440229475
"060510B",1.78,-0.244125144,22.00215742,0,0,0,4.43617,-5.390405591,2.43964843,2.1317,-12.2656,0,1.38,1.00735,3.1684,0.0595970859330207,484.094931134461,0,0,0,19.6796042689,29.0564724354841,5.95188446200147,4.54414489,150.44494336,0,1.9044,1.0147540225,0.0335971369822932,0.2206,0.31628,0.2313695,0.03,0,0,0,0,0.018780302,0.08,0.083811216,"060510B",0,0,0,0,0,0,0,0,0,0,0,0,0,0,0,4.9,0.770852011642144
"060512A",2.48,-0.055517328,20.84356974,0.68,3.64,0.74,0,-6.634512015,0.92890769,2.70163,0,-12.44,0,0,6.1504,0.00308217370825958,434.454399506244,0.4624,13.2496,0.5476,0,44.0167496771794,0.862869496541136,7.2988046569,0,154.7536,0,0,0.0233394026693868,0,0,0,0,0.03,0.05,0.02,0.05,0.074878359,0.3,0.098703291,"060512A",1,0.62,-0.013879332,5.210892435,0.17,0.91,0.185,0,-1.65862800375,0.2322269225,0.6754075,0,-3.11,0,0,0.44,0.15836249209525
"060526A",2.01,0.222716471,21.680967,0,0,0,3.8752,-5.899629455,2.47444938,1.90677,-11.3053948,0,0.93,1.05873,4.0401,0.0496026264546938,470.064330055089,0,0,0,15.01717504,34.8056277063036,6.12289973418238,3.6357718329,127.811951583867,0,0.8649,1.1209092129,0.0335716198838349,0.06785,0.09216,0.0623145,0.0305,0,0,0,0,0.056871896,0.24,0.046810184,"060526A",0,0,0,0,0,0,0,0,0,0,0,0,0,0,0,3.221,0.625415352154408
"060604A",2.01,-0.468521083,21.99003057,0,0,0,4.45991,-6.395773947,1.977723605,2.1711,-11.76955108,0,1.02,1.21596,4.0401,0.219512005215493,483.561444469534,0,0,0,19.8907972081,40.905924381124,3.9113906577742,4.71367521,138.522332624729,0,1.0404,1.4785587216,0.0777158547080599,0.04195,0.04994,0.04695,0,0,0,0,0,0.11451546,0.42,0.166053773,"060604A",0,0,0,0,0,0,0,0,0,0,0,0,0,0,0,2.1357,0.496334505996816
"060605A",1.55,-0.337242168,21.77333803,0,0,0,4.04162,-6.156767222,2.059904056,2.02128,-11.26121944,0,0.835,1.9179,2.4025,0.11373227987734,474.078248968644,0,0,0,16.3346922244,37.9057826258936,4.24320471992525,4.0855728384,126.815063275834,0,0.697225,3.67834041,0.132471980179598,0.05315,0.037375,0.085,0.10149311,0,0,0,0,0.056078197,0.2,0.113294213,"060605A",0,0,0,0,0,0,0,0,0,0,0,0,0,0,0,3.78,0.679427896612119
"060607A",1.47,0.146128036,21.79614607,0.72,3.53,1.25,0,-5.59345982,2.009450896,1.61002,0,-11.78,0,0,2.1609,0.0213534029052173,475.071983504776,0.5184,12.4609,1.5625,0,31.2867927579544,4.0378929034352,2.5921644004,0,138.7684,0,0,0.0174377429302028,0,0,0,0,0.03,0.04,0.05,0.27,0.019074895,0.08,0.040327345,"060607A",1,0.3675,0.036532009,5.4490365175,0.18,0.8825,0.3125,0,-1.398364955,0.502362724,0.402505,0,-2.945,0,0,3.07,0.60959440922522
"060614A",2.02,1.06069784,20.51216256,0,0,0,5.03344,-4.690369833,2.036229544,1.89544,-11.78251606,0,0.783,1.9453,4.0804,1.12507990778067,420.748812887866,0,0,0,25.3355182336,21.9995691703164,4.14623075585845,3.5926927936,138.827684704158,0,0.613089,3.78419209,0.0132262962944593,0.0429,0.0289,0.05983,0.006,0,0,0,0,0.007727887,0.04,0.027945906,"060614A",0,0,0,0,0,0,0,0,0,0,0,0,0,0,0,0.125,0.0511525224473813
"060707A",0.6,0.004321374,21.20847898,0,0,0,3.5545,-5.795880017,1.820857989,2.09345,-10.9132,0,1.12,0.861995,0.36,1.8674273247876e-05,449.799580645102,0,0,0,12.63447025,33.5922251714599,3.31552381610512,4.3825329025,119.09793424,0,1.2544,0.743035380025,0.0414232996019404,0.07695,0.127895,0.0364485,0.035,0,0,0,0,0.040986542,0.363636364,0.098898743,"060707A",0,0,0,0,0,0,0,0,0,0,0,0,0,0,0,3.425,0.645913275033844
"060708A",1.68,0.28780173,20.79066861,0,0,0,3.50569,-6.306273051,1.008600172,2.20484,-10.86966623,0,1.485,1.12969,2.8224,0.0828298357909929,432.251901250839,0,0,0,12.2898623761,39.7690797937688,1.01727430695843,4.8613194256,118.149643951602,0,2.205225,1.2761994961,0.153333382237578,0.06115,0.062725,0.028525,0.33410152,0,0,0,0,0.032528129,0.12,0.031340839,"060708A",0,0,0,0,0,0,0,0,0,0,0,0,0,0,0,1.92,0.465382851448418
"060714A",1.93,0.10720997,22.0125926,0,0,0,3.73449,-5.548213564,2.060660074,2.04425,-10.86012091,0,0.87,1.20488,3.7249,0.0114939776674009,484.554232973575,0,0,0,13.9464155601,30.7826737517536,4.24631994057768,4.1789580625,117.942226179819,0,0.7569,1.4517358144,0.0344798070207195,0.0352,0.046765,0.035305,0.005,0,0,0,0,0.025627978,0.11,0.044108033,"060714A",0,0,0,0,0,0,0,0,0,0,0,0,0,0,0,2.711,0.569490954348783
"060729A",1.75,0.068185862,20.86562801,0,0,0,5.1057,-5.583359493,2.062017599,1.92492,-11.15058059,0,1.317,1.35481,3.0625,0.00464931177668304,435.374432251696,0,0,0,26.06817249,31.1739032280732,4.25191657858572,3.7053170064,124.335447494085,0,1.734489,1.8355101361,0.127647038192483,0.0116,0.012825,0.013425,0.077392286,0,0,0,0,0.035109631,0.14,0.048254942,"060729A",0,0,0,0,0,0,0,0,0,0,0,0,0,0,0,0.54,0.187520720836463
"060814A",1.53,0.861534411,22.00679538,0,0,0,4.22387,-4.835647144,2.162265614,2.11591,-10.91009489,0,0.97,1.29504,2.3409,0.742241541337117,484.299042897189,0,0,0,17.8410777769,23.3834833012754,4.6753925854868,4.4770751281,119.030170508804,0,0.9409,1.6771286016,0.0146412491965932,0.0353,0.034855,0.024565,0,0,0,0,0,0.007109341,0.03,0.017323989,"060814A",0,0,0,0,0,0,0,0,0,0,0,0,0,0,0,1.9229,0.465813957269479
"060904B",1.64,0.387389826,21.59122827,1.11,3.923904,1.19811,0,-5.790484985,2.234264124,2.18877,0,-12.1854,0,0,2.6896,0.15007087728831,466.181138207247,1.2321,15.397022601216,1.4354675721,0,33.5297163615105,4.99193617579349,4.7907141129,0,148.48397316,0,0,0.14476482742628,0,0,0,0,0.018294,0.024033,0.027284,0.1,0.038335871,0.14,0.037377804,"060904B",1,0.41,0.0968474565,5.3978070675,0.2775,0.980976,0.2995275,0,-1.44762124625,0.558566031,0.5471925,0,-3.04635,0,0,0.7,0.230448921378274
"060906A",2.03,0.294466226,22.41960057,0,0,0,4.33479,-5.655607726,1.638489257,2.07859,-11.8827287,0,1.06,1.71887,4.1209,0.0867103582546831,502.638489718344,0,0,0,18.7904043441,31.9858987503909,2.68464704530441,4.3205363881,141.199241357804,0,1.1236,2.9545140769,0.0815374132437055,0.08845,0.072145,0.169635,0.005,0,0,0,0,0.026725814,0.11,0.061727135,"060906A",0,0,0,0,0,0,0,0,0,0,0,0,0,0,0,3.686,0.670802284260944
"060908A",1,0.481442629,21.80952201,0,0,0,2.81918,-5.552841969,1.285557309,2.13395,-9.627087997,0,1.185,1.38309,1,0.231787005018432,475.655250304674,0,0,0,7.9477758724,30.8340539326878,1.65265759472332,4.5537426025,92.6808233019815,0,1.404225,1.9129379481,0.0299356101990356,0.045185,0.05993,0.04964,0.003474954,0,0,0,0,0.017216674,0.181818182,0.035832878,"060908A",0,0,0,0,0,0,0,0,0,0,0,0,0,0,0,1.8836,0.459935016851525
"060912A",1.74,0.933487288,21.36738202,0,0,0,2.455171016,-5.869666232,0.698970004,1.8948,-10.1079054,0,0.63,1.045731532,3.0276,0.871398516857595,456.565014388619,0,0,0,6.02786471780647,34.4529816750811,0.48855906649176,3.59026704,102.169751575349,0,0.3969,1.09355443701907,0.0503781599397554,0.147419953,0.156564864,0.028937785,0.0785,0,0,0,0,0.019945376,0.09,0.022271512,"060912A",0,0,0,0,0,0,0,0,0,0,0,0,0,0,0,0.937,0.287129620719111
"060926A",2.54,0.037426498,22.50004427,0,0,0,3.351,-6.659555885,0.903089987,2.00443,-10.84771166,0,1.357,1.45111,6.4516,0.001400742752544,506.25199215196,0,0,0,11.229201,44.3496845854381,0.81557152461966,4.0177396249,117.6728482585,0,1.841449,2.1057202321,0.0658325115034435,0.08245,0.09927,0.11561,0.009157091,0,0,0,0,0.049576996,0.23,0.055780943,"060926A",0,0,0,0,0,0,0,0,0,0,0,0,0,0,0,3.2,0.6232492903979
"060927A",0.9,0.431363764,22.10710478,0,0,0,3.15198,-5.946921557,1.352953912,1.94856,-10.77728353,0,0.83,1.39098,0.81,0.186074696892248,488.724081753899,0,0,0,9.9349779204,35.3658760051113,1.8304842879961,3.7968860736,116.149840286009,0,0.6889,1.9348253604,0.0249377639674928,0.08115,0.108435,0.118785,0.178498106,0,0,0,0,0.026134535,0.242424242,0.027344467,"060927A",0,0,0,0,0,0,0,0,0,0,0,0,0,0,0,5.47,0.8109042806687
"061007A",1.03,1.164352856,21.74186197,1.07,2.17,1.75,0,-4.35261703,1.876852648,1.99824,0,-8.76,0,0,1.0609,1.35571757327536,472.708561922532,1.1449,4.7089,3.0625,0,18.945275009846,3.52257586230461,3.9929630976,0,76.7376,0,0,0.0102431891789539,0,0,0,0,0.07,0.03,0.01,0.19,0.005497151,0.03,0.011006093,"061007A",1,0.2575,0.291088214,5.4354654925,0.2675,0.5425,0.4375,0,-1.0881542575,0.469213162,0.49956,0,-2.19,0,0,1.26,0.354108439147401
"061121A",1.41,1.324282455,21.75351565,0,0,0,3.78753,-4.863279433,1.90982337,1.90181,-10.03011836,0,0.9485,1.35185,1.9881,1.75372402062083,473.215443134795,0,0,0,14.3453835009,23.6514868434408,3.64742530459816,3.6168812761,100.603274315609,0,0.89965225,1.8274984225,0.246558916936231,0.01265,0.01703,0.01585,0.002358211,0,0,0,0,0.006308365,0.03,0.009468031,"061121A",0,0,0,0,0,0,0,0,0,0,0,0,0,0,0,1.314,0.364363354615731
"061126A",1.32,0.989449818,21.38058204,0.82,3.5801,0.922285,0,-5.169411331,2.281033367,1.9269241917552,0,-12.3053,0,0,1.7424,0.979010942340233,457.129288369171,0.6724,12.81711601,0.850609621225,0,26.7228135090712,5.20311322136736,3.71303684077143,0,151.42040809,0,0,0.131921983937837,0,0,0,0,0.08165,0.101225,0.025959,0.09,0.0190994093843814,0.06,0.0246693811930976,"061126A",1,0.33,0.2473624545,5.34514551,0.205,0.895025,0.23057125,0,-1.29235283275,0.57025834175,0.4817310479388,0,-3.076325,0,0,1.1588,0.334212409393176
"061222A",1.35,0.930949031,22.56660835,0,0,0,3.92091,-5.097453221,1.853698212,1.92748,-9.954677021,0,0.86,1.35061,1.8225,0.866666098319839,509.25181242229,0,0,0,15.3735352281,25.9840293402833,3.436197061172,3.7151791504,99.0955945924254,0,0.7396,1.8241473721,0.0973208922530927,0.02311,0.024435,0.018075,0.005,0,0,0,0,0.008588051,0.04,0.013237581,"061222A",0,0,0,0,0,0,0,0,0,0,0,0,0,0,0,2.088,0.489677291663699
"070110A",1.58,-0.22184875,21.3989672,0,0,0,4.26825,-5.790484985,1.946550511,2.08596,-11.04866248,0,1.186,1.42725,2.4964,0.0492168678765625,457.915797226676,0,0,0,18.2179580625,33.5297163615105,3.78905889187436,4.3512291216,122.07294259696,0,1.406596,2.0370425625,0.0711120769415451,0.05475,0.053995,0.046555,0.12166788,0,0,0,0,0.028952965,0.12,0.086858896,"070110A",0,0,0,0,0,0,0,0,0,0,0,0,0,0,0,2.352,0.525304009958239
"070125A",1.66719216524827,0.461366700396796,21.1168251059769,0.59,5.250332,1.779596,0,-5.49527903539734,1.77815125,1.95142632719767,0,-12.7448,0,0,2.77952971586521,0.212859232235027,445.920302556416,0.3481,27.565986110224,3.166961923216,0,30.1980916768775,3.16182186787656,3.80806471048019,0,162.42992704,0,0,0.059763875267383,0,0,0,0,0.027168,0.017308,0.052941,0.1,0.0330719907495403,0.177142407809118,0.0593602352348791,"070125A",1,0.416798041312067,0.115341675099199,5.27920627649423,0.1475,1.312583,0.444899,0,-1.37381975884934,0.4445378125,0.487856581799417,0,-3.1862,0,0,1.55,0.406540180433955
"070208A",1.94,-0.045757491,21.8647258,0,0,0,3.44468,-6.351639989,1.806179974,2.20341,-10.86327943,0,1.14,1.2125,3.7636,0.00209374798261508,478.066234309186,0,0,0,11.8658203024,40.3433305498639,3.26228609847864,4.8550156281,118.010839974261,0,1.2996,1.47015625,0.153546286600926,0.1619,0.14114,0.06357,0.015,0,0,0,0,0.098570208,0.36,0.106160873,"070208A",0,0,0,0,0,0,0,0,0,0,0,0,0,0,0,1.165,0.335457900689384
"070223A",1.85,-0.161150909,21.70173804,0,0,0,4.22335,-5.769551079,1.9408513687054,2.25837,-11.86327943,0,1.03,0.991734,3.4225,0.0259696154715263,470.965433956783,0,0,0,17.8366852225,33.2877196531901,3.76690403540562,5.1002350569,140.737398834261,0,1.0609,0.983536326756,0.0402373538487879,0.16615,0.203105,0.079308,0.06,0,0,0,0,0.018572476,0.072727273,0.130844061722848,"070223A",0,0,0,0,0,0,0,0,0,0,0,0,0,0,0,1.6295,0.419873175149476
"070306A",1.66,0.609594409,22.44245468,0,0,0,4.86926,-5.269217724,2.321184027,1.94468,-11.2737,0,0.831,1.89982,2.7556,0.371605343484059,503.663772063854,0,0,0,23.7096929476,27.7646554229157,5.38789528719994,3.7817803024,127.09631169,0,0.690561,3.6093160324,0.134263479640872,0.0335,0.02824,0.06188,0.001,0,0,0,0,0.02308703,0.1,0.022408315,"070306A",0,0,0,0,0,0,0,0,0,0,0,0,0,0,0,1.4959,0.397227181043161
"070411A",1.72,-0.040958608,22.32139542,1.09,3.319089,1.33119,0,-5.568636236,2.089021501,2.2428,0,-12.4597,0,0,2.9584,0.00167760756929766,498.244693495997,1.1881,11.016351789921,1.7720668161,0,31.0097095288922,4.36401083164029,5.03015184,0,155.24412409,0,0,0.075913913084108,0,0,0,0,0.115184,0.105245,0.219221,0.11,0.02493172,0.1,0.062042069,"070411A",1,0.43,-0.010239652,5.580348855,0.2725,0.82977225,0.3327975,0,-1.392159059,0.52225537525,0.5607,0,-3.114925,0,0,2.95,0.59659709562646
"070508A",1.1,1.382017043,21.89306622,0,0,0,3.02525,-4.707743929,1.320146286,1.82568,-9.161150909,0,0.764,1.37377,1.21,1.90997110714246,479.306348513305,0,0,0,9.1521375625,22.1628529010364,1.74278621643959,3.3331074624,83.9266859774715,0,0.583696,1.8872440129,0.0152922340458476,0.010795,0.01189,0.013355,5e-04,0,0,0,0,0.006049102,0.060606061,0.010992516,"070508A",0,0,0,0,0,0,0,0,0,0,0,0,0,0,0,0.82,0.260071387985075
"070521A",1.1,0.814913181,22.27524914,0,0,0,3.55243,-5.096367484,1.57863921,2.00022,-10.01233374,0,0.98,1.44502,1.21,0.664083492567539,496.186724249071,0,0,0,12.6197589049,25.9729615319725,2.49210175534942,4.0008800484,100.246826921142,0,0.9604,2.0880828004,0.0323072045959819,0.04901,0.04844,0.0562,0.147518075,0,0,0,0,0.009596769,0.121212121,0.017957046,"070521A",0,0,0,0,0,0,0,0,0,0,0,0,0,0,0,2.0865,0.489466281303128
"070529A",1.34,0.155336037,22.56252244,0,0,0,3.09323,-5.590066877,2.038222638,1.97999,-10.24641694,0,0.76,1.21432,1.7956,0.0241292843908654,509.067418855503,0,0,0,9.5680718329,31.2488476893325,4.15435152205568,3.9203604001,104.989060108319,0,0.5776,1.4745730624,0.0794726286723922,0.0552,0.068045,0.03501,0.015,0,0,0,0,0.041401614,0.16,0.109332877,"070529A",0,0,0,0,0,0,0,0,0,0,0,0,0,0,0,2.4996,0.544018407858776
"070612A",1.69,0.178976947,21.2559971173378,1.1,5.2145,2.69428,0,-4.974694135,2.566790912,1.97567939099548,0,-12.376,0,0,2.8561,0.0320327475574408,451.817413452273,1.21,27.19101025,7.2591447184,0,24.7475817368034,6.58841558592579,3.90330905600427,0,153.165376,0,0,0.0862757376305275,0,0,0,0,0.35375,0.14528,0.53173,0.3333,0.024623678,0.1,0.109292651,"070612A",1,0.4225,0.04474423675,5.31399927933445,0.275,1.303625,0.67357,0,-1.24367353375,0.641697728,0.49391984774887,0,-3.094,0,0,0.671,0.222976449893391
"070714B",1.36,0.431363764,21.64321572,0,0,0,3.22974,-6.142667504,1.806179974,2.07429,-10.74232143,0,0.93,1.64623,1.8496,0.186074696892248,468.428786702455,0,0,0,10.4312204676,37.7323640646976,3.26228609847864,4.3026790041,115.397469705437,0,0.8649,2.7100732129,0.0570608478017886,0.09935,0.0946,0.108425,0.005,0,0,0,0,0.05428681,0.19,0.032169962,"070714B",0,0,0,0,0,0,0,0,0,0,0,0,0,0,0,0.923,0.28397928423848
"070721B",1.34,0.176091259,21.89473409,0,0,0,3.94739,-5.443697499,2.531478917,1.52512,-10.50863831,0,0.52,2.5054,1.7956,0.0310081314962051,479.379380871808,0,0,0,15.5818878121,29.6338424606189,6.40838550721549,2.3259910144,110.4314791304,0,0.2704,6.27702916,0.0272330828957319,0.3648,0.10084,0.09144,0,0,0,0,0,0.024127471,0.11,0.086858896,"070721B",0,0,0,0,0,0,0,0,0,0,0,0,0,0,0,3.626,0.6652056284346
"070802A",1.79,-0.397940009,21.91375294,0,0,0,3.92184,-6.552841969,1.214843848,1.99014,-11.6716204,0,0.78,1.16348,3.2041,0.15835625076292,480.212567915359,0,0,0,15.3808289856,42.9397378706878,1.47584557502345,3.9606572196,136.226722761696,0,0.6084,1.3536857104,0.079968777148268,0.17395,0.236245,0.2088785,0.045,0,0,0,0,0.077552586,0.27,0.108573621,"070802A",0,0,0,0,0,0,0,0,0,0,0,0,0,0,0,2.45,0.537819095073274
"070810A",2.04,0.278753601,21.93100401,0,0,0,3.36583,-6.161150909,1.041392685,2.17076,-10.77728353,0,1.02,1.36994,4.1616,0.0777035700704672,480.968936886636,0,0,0,11.3288115889,37.9597805234715,1.08449872437151,4.7121989776,116.149840286009,0,1.0404,1.8767356036,0.197037086589132,0.06175,0.07187,0.077915,0.01,0,0,0,0,0.037764738,0.14,0.045715209,"070810A",0,0,0,0,0,0,0,0,0,0,0,0,0,0,0,2.17,0.501059262217751
"071003A",1.36,0.799340549,20.86974084,0,0,0,4.78411,-5.080921908,2.170643023,1.91015,-11.67760082,0,0.837,1.97901,1.8496,0.638945313275621,435.546082728764,0,0,0,22.8877084921,25.8157674351944,4.71169113329858,3.6486730225,136.366360911265,0,0.700569,3.9164805801,0.0131768929142836,0.1359,0.098505,0.183105,0.032,0,0,0,0,0.015697391,0.07,0.027574253,"071003A",0,0,0,0,0,0,0,0,0,0,0,0,0,0,0,1.60435,0.415699348887829
"071010A",2.33,-0.096910013,22.13954852,0.61,5.172418,2.253787,0,-6.698970004,0.77815125,2.33496,0,-13.1705,0,0,5.4289,0.00939155061966017,490.159608669434,0.3721,26.753907966724,5.079555841369,0,44.8761991144918,0.605519367876562,5.4520382016,0,173.46207025,0,0,0.0664080102705681,0,0,0,0,0.060832,0.033281,0.122333,0.12,0.086858896,0.37,0.162860431,"071010A",1,0.5825,-0.02422750325,5.53488713,0.1525,1.2931045,0.56344675,0,-1.674742501,0.1945378125,0.58374,0,-3.292625,0,0,0.99,0.298853076409707
"071010B",1.53,0.886490725,21.30047157,0.68,3.16101,0.633623,0,-5.356547324,1.552668216,2.04061,0,-11.8207,0,0,2.3409,0.785865805511026,453.710089104378,0.4624,9.9919842201,0.401478106129,0,28.6925992342516,2.41077858897662,4.1640891721,0,139.72894849,0,0,0.0969169435192129,0,0,0,0,0.0527,0.19345,0.053512,0.14,0.009870329,0.22,0.016920564,"071010B",1,0.3825,0.22162268125,5.3251178925,0.17,0.7902525,0.15840575,0,-1.339136831,0.388167054,0.5101525,0,-2.955175,0,0,0.947,0.289365951520032
"071020A",1.11,0.924279286,20.99642367,0,0,0,2.311950854,-5.638272164,0.62324929,1.59788,-9.169411331,0,0.844,1.119196934,1.2321,0.85429219852867,440.849806930136,0,0,0,5.34511675131133,31.7901129953372,0.388439677485504,2.5532204944,84.0781041570712,0,0.712336,1.252601777075,0.0601790285006581,0.035099822,0.039262062,0.011153209,0.001,0,0,0,0,0.018882369,0.05,0.015510517,"071020A",0,0,0,0,0,0,0,0,0,0,0,0,0,0,0,2.145,0.497620649781288
"071112C",1.09,0.903089987,20.5643192,0.44,2.56,0.92,0,-5.522878745,1.176091259,1.67267,0,-11.73,0,0,1.1881,0.81557152461966,422.891224159489,0.1936,6.5536,0.8464,0,30.5021896319728,1.38319064949621,2.7978249289,0,137.5929,0,0,0.0416381769095578,0,0,0,0,0.01,0.02,0,0.11,0.057905931,0.07,0.05428681,"071112C",1,0.2725,0.22577249675,5.1410798,0.11,0.64,0.23,0,-1.38071968625,0.29402281475,0.4181675,0,-2.9325,0,0,0.82,0.260071387985075
"071117A",1.57,1.053078443,22.04291793,0,0,0,3.901990464,-5.619788758,0.819543936,2.0457,-11.23542972,0,0.94,1.104952391,2.4649,1.1089742071113,485.890230868716,0,0,0,15.2255295811469,31.5820256845432,0.671652263034372,4.18488849,126.234880993059,0,0.8836,1.22091978637662,0.120079755643196,0.101024385,0.117162967,0.089387802,0.01,0,0,0,0,0.018095603,0.06,0.015373256,"071117A",0,0,0,0,0,0,0,0,0,0,0,0,0,0,0,1.331,0.367542273520577
"080310A",2.32,0.113943352,21.57289018,0,0,0,4.32608056,-5.638272164,2.560456622,2.09352,-11.3990271,0,0.878,1.59590648,5.3824,0.0129830874649959,465.38959071834,0,0,0,18.7149730116099,31.7901129953372,6.55593811314365,4.3828259904,129.937818826534,0,0.770884,2.54691749290599,0.0207895824764161,0.04247343,0.03798676,0.065276352,0.0375,0,0,0,0,0.037764738,0.16,0.066814536,"080310A",0,0,0,0,0,0,0,0,0,0,0,0,0,0,0,2.42,0.534026106056135
"080319B",1.04,1.394451681,20.8771334,0,0,0,5.36799912,-4.091514981,1.68090255756894,1.81426,-12.15181088,0,0.73,1.42250979,1.0816,1.94449549064373,435.854699001396,0,0,0,28.8154145523208,16.7404948397474,2.8254334080418,3.2915393476,147.666507663286,0,0.5329,2.02353410264584,0.00162180613819455,0.097779455,0.087626454,0.075139905,0,0,0,0,0,0.00536166,0.02,0.008755937,"080319B",0,0,0,0,0,0,0,0,0,0,0,0,0,0,0,0.937,0.287129620719111
"080319C",1.37,0.716003344,21.75037415,0.98,3.23,2,0,-5.443697499,1.531478917,1.61029,0,-12.32,0,0,1.8769,0.512660788619182,473.078775664988,0.9604,10.4329,4,0,29.6338424606189,2.34542767321549,2.5930338841,0,151.7824,0,0,0.0434736058796182,0,0,0,0,0.25,0.13,0.56,0.42,0.012063736,0.07,0.025055451,"080319C",1,0.3425,0.179000836,5.4375935375,0.245,0.8075,0.5,0,-1.36092437475,0.38286972925,0.4025725,0,-3.08,0,0,1.95,0.469822015978163
"080330A",2.53,-0.045757491,21.69090721,0.42,3.52,1.13,0,-6.468521083,1.783188691,2.25433,0,-11.98,0,0,6.4009,0.00209374798261508,470.49545559283,0.1764,12.3904,1.2769,0,41.8417650012155,3.17976190771029,5.0820037489,0,143.5204,0,0,0.199990220376636,0,0,0,0,0.01,0.01,0,0.15,0.102186937,0.45,0.096509885,"080330A",1,0.6325,-0.01143937275,5.4227268025,0.105,0.88,0.2825,0,-1.61713027075,0.44579717275,0.5635825,0,-2.995,0,0,1.51,0.399673721481038
"080411A",1.75,1.635483747,21.57289018,0,0,0,4.20932562,-4.578396073,1.748188027,1.97674,-10.11350927,0,0.91,1.28909841,3.0625,2.67480708670116,465.38959071834,0,0,0,17.7184221751884,20.9617106012618,3.05616137774615,3.9075010276,102.283069754376,0,0.8281,1.66177471066453,0.00776276208190557,0.06043543,0.049275581,0.010296793,0,0,0,0,0,0.001645055,0.03,0.009047802,"080411A",0,0,0,0,0,0,0,0,0,0,0,0,0,0,0,1.03,0.307496037913213
"080413B",1.26,1.271841607,21.31329763,0.74,5.62,2.29,0,-5.494850022,0.903089987,1.93206,0,-13.54,0,0,1.5876,1.61758107329634,454.256655864964,0.5476,31.5844,5.2441,0,30.1933767642734,0.81557152461966,3.7328558436,0,183.3316,0,0,0.063811704252879,0,0,0,0,0.05,0.02,0.1,0.04,0.013571703,0.27,0.018579443,"080413B",1,0.315,0.31796040175,5.3283244075,0.185,1.405,0.5725,0,-1.3737125055,0.22577249675,0.483015,0,-3.385,0,0,1.1,0.322219294733919
"080516A",1.82,0.255272505,22.03528962,0,0,0,3.77452827,-6.585026652,0.763427994,2.3315,-11.12090412,0,1.48,0.94016916,3.3124,0.065164051808975,485.55398863728,0,0,0,14.2470636610292,43.3625760075503,0.582822302022864,5.43589225,123.674508446233,0,2.1904,0.883918049415106,0.0159503209161228,0.077803665,0.111057696,0.084888358,0.03,0,0,0,0,0.066814536,0.27,0.072382414,"080516A",0,0,0,0,0,0,0,0,0,0,0,0,0,0,0,3.2,0.6232492903979
"080603A",1.8144820875664,0.365016103959771,20.9181675200872,0.85,3.8,0.98,0,-5.70558194498092,1.77815125,2.0146549872069,0,-12.4,0,0,3.29234524609932,0.13323675614997,437.569732398431,0.7225,14.44,0.9604,0,32.5536653308923,3.16182186787656,4.05883471747763,0,153.76,0,0,0.0141299769251024,0,0,0,0,0.03,0.03,0.02,0.31,0.0419982454796969,0.181989441665926,0.0645822859728094,"080603A",1,0.4536205218916,0.0912540259899428,5.2295418800218,0.2125,0.95,0.245,0,-1.42639548624523,0.4445378125,0.503663746801725,0,-3.1,0,0,1.69,0.429752280002408
"080603B",1.21,0.544068044,21.31611509,0.62115,4.19971,1.26607,0,-5.619788758,1.77815125,1.83449,0,-12.2511,0,0,1.4641,0.296010036501986,454.376762530126,0.3858273225,17.6375640841,1.6029332449,0,31.5820256845432,3.16182186787656,3.3653535601,0,150.08945121,0,0,0.0235643330529017,0,0,0,0,0.01515,0.014815,0.02688,0.06837,0.018095603,0.3,0.024816828,"080603B",1,0.3025,0.136017011,5.3290287725,0.1552875,1.0499275,0.3165175,0,-1.4049471895,0.4445378125,0.4586225,0,-3.062775,0,0,2.6893,0.566943971856554
"080607A",1.31,1.36361198,22.38386741,0,0,0,3.46298403,-4.619788758,1.899984563,2.03418,-10.0540393,0,1.06,1.7256074,1.7161,1.85943763199952,501.03752022846,0,0,0,11.992258392035,21.3424481685432,3.6099413396383,4.1378882724,101.083706245944,0,1.1236,2.97772089893476,0.0179615292332226,0.11042072,0.069659314,0.037637388,0.02,0,0,0,0,0,0.04,0.02068069,"080607A",0,0,0,0,0,0,0,0,0,0,0,0,0,0,0,3.036,0.605951157564873
"080710A",1.47,0,20.89722339,0,0,0,4.09266933,-5.853871964,2.077948999,2.00149,-11.23284413,0,1.3,1.52133785,2.1609,0,436.693945411563,0,0,0,16.7499422447226,34.2678169709052,4.3178720424451,4.0059622201,126.176787248875,0,1.69,2.31446885384262,0.063286086716648,0.06269498,0.054210787,0.06401643,0.150517844,0,0,0,0,0.062042069,0.23,0.086858896,"080710A",0,0,0,0,0,0,0,0,0,0,0,0,0,0,0,0.845,0.265996370495079
"080810A",1.34,0.301029996,21.45079548,0,0,0,3.2687548,-5.337242168,2.03666881,2.11482,-9.931814138,0,1.079,1.44529526,1.7956,0.09061905849176,460.136626724788,0,0,0,10.684757942523,28.4861539598773,4.14801984162682,4.4724636324,98.6409320717767,0,1.164241,2.08887838857847,0.0173110727824034,0.031830706,0.039738688,0.036139295,0.0015,0,0,0,0,0.018882369,0.06,0.043429448,"080810A",0,0,0,0,0,0,0,0,0,0,0,0,0,0,0,3.35,0.638489256954637
"080905B",1.78,-0.301029996,22.33533151,0,0,0,3.67820615,-5.744727495,2.10720997,1.86248,-10.11125904,0,0.375,1.36946226,3.1684,0.09061905849176,498.867033661599,0,0,0,13.5292004818978,33.001893991809,4.4403338576674,3.4688317504,102.237559373982,0,0.140625,1.87542688156431,0.0951998384562338,0.03236457,0.038825489,0.033301752,0.00558525,0,0,0,0,0.048254942,0.15,0.086858896,"080905B",0,0,0,0,0,0,0,0,0,0,0,0,0,0,0,2.374,0.528145078253106
"080928A",1.77,0.322219295,21.51035195,0,0,0,4.08450503,-5.602059991,2.368584372,2.13864,-11.1260984,0,0.99,1.76031774,3.1329,0.103825274070297,462.695241012869,0,0,0,16.6831813400953,31.3830761427629,5.61019192728263,4.5737810496,123.790065606483,0,0.9801,3.09871854575871,0.0386609346233468,0.064484035,0.047916769,0.075970735,0,0,0,0,0,0.034743559,0.12,0.02068069,"080928A",0,0,0,0,0,0,0,0,0,0,0,0,0,0,0,1.692,0.430075055551939
"081007A",2.51,0.414973348,21.69605744,0,0,0,3.58176278,-6.148741651,0.958563883,2.102,-10.58502665,0,0.92,1.00469263,6.3001,0.172202879550329,470.718908439779,0,0,0,12.8290246121933,37.8070238907422,0.918844717792038,4.418404,112.04278918121,0,0.8464,1.00940728077632,0.140327919478768,0.053161115,0.084284398,0.039134851,0.005,0,0,0,0,0.048934589,0.2,0.066814536,"081007A",0,0,0,0,0,0,0,0,0,0,0,0,0,0,0,0.5295,0.184549481320698
"081008A",1.69,0.113943352,21.1376737,0,0,0,3.85550833,-5.366531544,2.268297087,1.98207,-10.79317412,0,0.84,1.47398467,2.8561,0.0129830874649959,446.801249447672,0,0,0,14.8649444826994,28.799660812747,5.14517167489269,3.9286014849,116.492607584638,0,0.7056,2.17263080739501,0.0944643171466364,0.06052989,0.056285684,0.063988679,0.025,0,0,0,0,0.020199743,0.07,0.033407268,"081008A",0,0,0,0,0,0,0,0,0,0,0,0,0,0,0,1.9685,0.472537053262077
"081028A",1.25,-0.301029996,20.90308999,0,0,0,4.75426,-5.431798276,2.414973348,2.51,-11.3994,0,0.945,2.20023,1.5625,0.09061905849176,436.939171130038,0,0,0,22.6029881476,29.5044325111566,5.83209627155033,6.3001,129.94632036,0,0.893025,4.8410120529,0.0544346314312377,0.0572,0.03025,0.054715,5e-04,0,0,0,0,0.023475377,0.38,0.086858896,"081028A",0,0,0,0,0,0,0,0,0,0,0,0,0,0,0,3.038,0.60616631460762
"081029A",1.43,-0.301029996,21.49704581,0,0,0,4.48156171,-5.677780705,2.431283332,1.95818,-11.86327943,0,0.87,2.51960373,2.0449,0.09061905849176,462.122978557239,0,0,0,20.0843953605381,32.2371937340703,5.91113864046102,3.8344689124,140.737398834261,0,0.7569,6.34840295622991,0.0734942688403521,0.083250805,0.04285341,0.169198521,0.001,0,0,0,0,0.041361379,0.18,0.173717793,"081029A",0,0,0,0,0,0,0,0,0,0,0,0,0,0,0,3.8479,0.685553652846326
"081203A",1.54,0.462397998,21.66176916,0,0,0,4.02089,-5.113509275,2.46834733,2.03508,-10.9243983,0,0.82,1.86904,2.3716,0.213811908554408,469.232243141127,0,0,0,16.1675563921,26.147977105511,6.09273854151813,4.1415506064,119.342478217043,0,0.6724,3.4933105216,0.122562443871835,0.05695,0.03932,0.064395,0.0325,0,0,0,0,0.016920564,0.06,0.029951344,"081203A",0,0,0,0,0,0,0,0,0,0,0,0,0,0,0,2.1,0.491361693834273
"081221A",1.21,1.260071388,21.57331844,0,0,0,2.93195749,-4.742321425,1.531478917,2.4947,-9.354577731,0,0.991,1.23586126,1.4641,1.58777990285625,465.408068513644,0,0,0,8.5963747231671,22.489612498014,2.34542767321549,6.22352809,87.5081245253211,0,0.982081,1.52735305396879,0.0102431891789539,0.0249855,0.031176651,0.012861856,5e-04,0,0,0,0,0.007198251,0.13,0.011931167,"081221A",0,0,0,0,0,0,0,0,0,0,0,0,0,0,0,2.26,0.513217600067939
"081228A",2.1,-0.22184875,21.16936021,1.24,2.80122,1.18347,0,-7.050609993,0.477121255,2.11824052948599,0,-12.9876,0,0,4.41,0.0492168678765625,448.141811700731,1.5376,7.8468334884,1.4006012409,0,49.7111012733915,0.227644691972775,4.48694294075709,0,168.67775376,0,0,0.0933217274509788,0,0,0,0,0.0492,0.047595,0.036055,0.285,0.0674679414874554,0.31,0.103319586082909,"081228A",1,0.525,-0.0554621875,5.2923400525,0.31,0.700305,0.2958675,0,-1.76265249825,0.11928031375,0.529560132371497,0,-3.2469,0,0,3.44,0.64738297011462
"081230A",1.97,-0.15490196,20.67248024,0,0,0,3.66959365,-6.086186148,0.907209226455443,2.08621,-11.32975415,0,1.02,0.99376498,3.8809,0.0239946172118416,427.35143927319,0,0,0,13.4659175561203,37.0416618281071,0.823028580565883,4.3522721641,128.363329099442,0,1.0404,0.9875688354744,0.740704337003766,0.0701444,0.08735027,0.040381418,0.02,0,0,0,0,0.02568693,0.096969697,0.142225970771007,"081230A",0,0,0,0,0,0,0,0,0,0,0,0,0,0,0,2.1,0.491361693834273
"090102A",1.36,0.740362689,21.72376179,0,0,0,3.15380077,-7.167491087,1.432006687,1.76997,-9.457174573,0,0.667,1.42487631,1.8496,0.548136911263311,471.921826308664,0,0,0,9.94645929685259,51.3729284822244,2.05064315161272,3.1327938009,89.4381509041977,0,0.444889,2.03027249879922,0.0359770577590371,0.036239983,0.041590346,0.021786596,0.002673458,0,0,0,0,0.019160051,0.08,0.063170107,"090102A",0,0,0,0,0,0,0,0,0,0,0,0,0,0,0,1.547,0.406028944963615
"090205A",2.15,-0.301029996,21.81792086,0,0,0,3.70655,-6.721246399,0.944482672,2.03416,-11.3419886,0,1.01,1.29089,4.6225,0.09061905849176,476.021670653223,0,0,0,13.7385129025,45.1751531560705,0.89204751770826,4.1378069056,128.64070540253,0,1.0201,1.6663969921,0.0885407574117407,0.13445,0.114585,0.084185,0.025,0,0,0,0,0.068572813,0.23,0.086858896,"090205A",0,0,0,0,0,0,0,0,0,0,0,0,0,0,0,4.6497,0.752025387323213
"090313A",1.91,-0.096910013,22.44115763,1,3.487381,0.938086,0,-5.853871964,1.893872679,2.07619,0,-11.4731,0,0,3.6481,0.00939155061966017,503.605555774507,1,12.161826239161,0.880005343396,0,34.2678169709052,3.58675372426264,4.3105649161,0,131.63202361,0,0,0.0782985476819812,0,0,0,0,0.110788,0.148455,0.040385,0.103,0.062042069,0.29,0.162860431,"090313A",1,0.4775,-0.02422750325,5.6102894075,0.25,0.87184525,0.2345215,0,-1.463467991,0.47346816975,0.5190475,0,-2.868275,0,0,3.38,0.6414741105041
"090418A",1.48,0.278753601,22.02365981,0,0,0,3.52813657,-5.337242168,1.748188027,2.03408,-10.04720756,0,0.98,1.52909667,2.1904,0.0777035700704672,485.041591426609,0,0,0,12.4477476565714,28.4861539598773,3.05616137774615,4.1374814464,100.946379753721,0,0.9604,2.33813662620509,0.0320230997079162,0.028659405,0.030759021,0.042154514,0.003531332,0,0,0,0,0.018882369,0.07,0.068572813,"090418A",0,0,0,0,0,0,0,0,0,0,0,0,0,0,0,1.608,0.416307587059883
"090423A",0.8,0.230448921,22.7516324,0,0,0,3.91521772,-6.229147988,0.989894564,1.8158,-11.2798407,0,0.77,1.43267533,0.64,0.0531067051900642,517.63677686473,0,0,0,15.328929795002,38.8022846564045,0.97989124783675,3.29712964,127.234806217376,0,0.5929,2.05255860119061,0.047195797531391,0.08569564,0.077643595,0.064053366,0.005,0,0,0,0,0.029443694,0.5,0.051093469,"090423A",0,0,0,0,0,0,0,0,0,0,0,0,0,0,0,8.26,0.966610986681934
"090424A",1.19,1.851258349,21.63012977,0,0,0,2.99599056,-4.677780705,1.681241237,1.96315,-9.050609993,0,0.924,1.1284106,1.4161,3.42715747474221,467.86251386704,0,0,0,8.97595943560911,21.8816323240703,2.82657209698929,3.8539579225,81.9135412453915,0,0.853776,1.27331048219236,0.0205611924585667,0.011257098,0.013394814,0.005546887,0,0,0,0,0,0,0.15,0.012233647,"090424A",0,0,0,0,0,0,0,0,0,0,0,0,0,0,0,0.544,0.188647295999717
"090519A",1.02,-0.22184875,22.13069392,0,0,0,3.44619,-5.920818754,1.806179974,1.46604,-11.76000021,0,0.63,1.42452,1.0404,0.0492168678765625,489.767613380725,0,0,0,11.8762255161,35.0560947177181,3.26228609847864,2.1492732816,138.2976049392,0,0.3969,2.0292572304,0.0559162050267847,0.21145,0.24029,0.3065,0.03,0,0,0,0,0.036191207,0.2,0.144764827,"090519A",0,0,0,0,0,0,0,0,0,0,0,0,0,0,0,3.85,0.685741738602264
"090529A",2,-0.397940009,20.02880298,0,0,0,4.472757799,-6.167491087,1.837651558,2.22623,-12.1873998,0,0.64,0.8815438,4,0.15835625076292,401.152948811657,0,0,0,20.0055623285153,38.0379463082244,3.37696324861983,4.9561000129,148.53271388504,0,0.4096,0.77711947131844,0.0664439832683159,0.11547934,0.21900534,0.113675222,0.125,0,0,0,0,0.10857362,0.3,0.108573621,"090529A",0,0,0,0,0,0,0,0,0,0,0,0,0,0,0,2.625,0.559308010907013
"090530A",1.61,0.397940009,20.90942658,0,0,0,3.6839464,-5.958607315,1.681241237,2.03975,-11.16052195,0,1.09,0.88610581,2.5921,0.15835625076292,437.204119904411,0,0,0,13.571461078073,35.5050011343715,2.82657209698929,4.1605800625,124.557250196432,0,1.1881,0.785183506515756,0.323703994876218,0.089175625,0.115365029,0.038514202,0.035,0,0,0,0,0.039481317,0.17,0.052115338,"090530A",0,0,0,0,0,0,0,0,0,0,0,0,0,0,0,1.266,0.355259905527378
"090618A",1.42,1.589949601,21.39200012,0,0,0,3.67275453,-3.978810701,2.05388479,1.82831,-9.640164518,0,0.8945,1.30942861,2.0164,2.52793973372006,457.61766913408,0,0,0,13.4891258376355,15.8309345943921,4.21844273059334,3.3427174561,92.9327719341062,0,0.80013025,1.71460328468653,0.00227692361547263,0.009695255,0.014245613,0.010591616,0.002482662,0,0,0,0,0.004136138,0.08,0.008931506,"090618A",0,0,0,0,0,0,0,0,0,0,0,0,0,0,0,0.54,0.187520720836463
"090726A",2.25,-0.15490196,22.02689264,1.3,3.354189,1.086752,0,-6.065501549,1.773054693,2.4288,0,-12.2265,0,0,5.0625,0.0239946172118416,485.183999374086,1.69,11.250583847721,1.181029909504,0,36.7903090409214,3.14372294436932,5.89906944,0,149.48730225,0,0,0.00923562857095551,0,0,0,0,0.098827,0.0975,0.195492,0.11,0.050499358,0.19,0.124084138,"090726A",1,0.5625,-0.03872549,5.50672316,0.325,0.83854725,0.271688,0,-1.51637538725,0.44326367325,0.6072,0,-3.056625,0,0,2.71,0.569373909615046
"090809A",1.34,0.041392685,21.91952315,0,0,0,4.56066,-6.468521083,0.73239376,1.94644,-11.8559,0,0.96,1.6367,1.7956,0.00171335437150922,480.465495123386,0,0,0,20.7996196356,41.8417650012155,0.536400619686938,3.7886286736,140.56236481,0,0.9216,2.67878689,0.0978170519448906,0.338,0.237865,0.319405,0.01,0,0,0,0,0.063866836,0.24,0.078962633,"090809A",0,0,0,0,0,0,0,0,0,0,0,0,0,0,0,2.737,0.572523097849638
"090812A",1.24,0.556302501,21.77771022,0,0,0,3.52924,-5.236572006,1.824125834,1.88559,-10.16730017,0,0.53,1.37252,1.5376,0.309472472618855,474.268662426292,0,0,0,12.4555349776,27.4216863740229,3.3274350582662,3.5554496481,103.373992746882,0,0.2809,1.8838111504,0.0954430381608785,0.10615,0.13258,0.08412,0.015,0,0,0,0,0.014975672,0.05,0.024127471,"090812A",0,0,0,0,0,0,0,0,0,0,0,0,0,0,0,2.452,0.538070787043172
"090927A",1.8,0.301029996,21.01785522,0,0,0,4.20121889,-6.698970004,0.342422681,2.06549,-11.6716204,0,0.92,1.13087741,3.24,0.09061905849176,441.750238048881,0,0,0,17.6502401616928,44.8761991144918,0.117253292463228,4.2662489401,136.226722761696,0,0.8464,1.27888371644831,0.0791400972158072,0.076268475,0.093241949,0.074843971,0.01,0,0,0,0,0.065144172,0.2,0.043429448,"090927A",0,0,0,0,0,0,0,0,0,0,0,0,0,0,0,1.37,0.374748346010104
"091018A",1.77,1.012837225,21.19187281,0,0,0,2.89655535,-5.853871964,0.639486489,1.98015,-9.627087997,0,0.91,1.18074867,3.1329,1.0258392443457,449.095473195217,0,0,0,8.39003289561362,34.2678169709052,0.408942969613547,3.9209940225,92.6808233019815,0,0.8281,1.39416742170677,0.0598714492362227,0.024288603,0.034497878,0.016335114,0.002061639,0,0,0,0,0.031021034,0.24,0.016865805,"091018A",0,0,0,0,0,0,0,0,0,0,0,0,0,0,0,0.971,0.294686624279443
"091020A",1.53,0.62324929,21.70587483,0,0,0,2.95265011,-5.431798276,1.590061231,2.08587,-9.71219827,0,0.895,1.17417264,2.3409,0.388439677485504,471.145002135627,0,0,0,8.71814267208301,29.5044325111566,2.52829471832924,4.3508536569,94.326795235791,0,0.801025,1.37868138852457,0.0544128110188212,0.034480687,0.045271255,0.018244861,0.002182887,0,0,0,0,0.011737689,0.07,0.031021034,"091020A",0,0,0,0,0,0,0,0,0,0,0,0,0,0,0,1.71,0.432969290874406
"091024A",1.2,0.301029996,22.23512426,0.64,3.97,1.63,0,-5.214670165,1.995196292,1.49013,0,-11.21,0,0,1.44,0.09061905849176,494.40075085764,0.4096,15.7609,2.6569,0,27.1927849297411,3.98080824361055,2.2204874169,0,125.6641,0,0,0.201804932759115,0,0,0,0,0.04,0.03,0.04,0.29,0.021358745,0.08,0.065144172,"091024A",1,0.3,0.075257499,5.558781065,0.16,0.9925,0.4075,0,-1.30366754125,0.498799073,0.3725325,0,-2.8025,0,0,1.09,0.320146286111054
"091029A",1.46,0.255272505,21.45058625,0,0,0,4.30368998,-5.619788758,1.593286067,2.11535,-11.34678749,0,1.064,1.12123368,2.1316,0.065164051808975,460.127650468689,0,0,0,18.5217474439524,31.5820256845432,2.53856049129633,4.4747056225,128.74958634322,0,1.132096,1.25716496516634,0.0535069670717355,0.02563352,0.034224003,0.026782025,0.002,0,0,0,0,0.018095603,0.27,0.024127471,"091029A",0,0,0,0,0,0,0,0,0,0,0,0,0,0,0,2.752,0.574262829707027
"091109A",1.31,0.113943352,21.89596701,0,0,0,3.37933883,-5.795880017,1.681241237,1.96352,-11.14630179,0,0.89,1.06152816,1.7161,0.0129830874649959,479.433371303008,0,0,0,11.4199309279458,33.5922251714599,2.82657209698929,3.8554107904,124.240043593757,0,0.7921,1.12684203447299,0.15117163716416,0.05941034,0.074268877,0.033719571,0.03,0,0,0,0,0.05428681,0.25,0.133629071,"091109A",0,0,0,0,0,0,0,0,0,0,0,0,0,0,0,3.076,0.610234175334389
"091127A",2.05,1.667452953,20.87872913,0,0,0,3.98466812,-5.045757491,0.84260924,1.80187,-9.844663963,0,0.758,1.39581701,4.2025,2.78039935046842,435.921330083911,0,0,0,15.8775800265443,25.4596686579826,0.709990331333378,3.2467354969,96.9174085443909,0,0.574564,1.94830512540534,0.0093822306004846,0.018562516,0.021935207,0.013587309,0.00244132,0,0,0,0,0.014476483,0.07,0.025217099,"091127A",0,0,0,0,0,0,0,0,0,0,0,0,0,0,0,0.49,0.173186268412274
"091208B",1.74,1.181843588,21.91211094,0,0,0,3.31388094,-5.48148606,1.173186268,2.03333,-10.18045606,0,0.86,1.1606541,3.0276,1.39675426649671,480.140605846868,0,0,0,10.9818068844953,30.0466894259743,1.37636601942377,4.1344308889,103.641685589591,0,0.7396,1.34711793984681,0.0844607534610546,0.036806415,0.052928177,0.030502454,0.034663611,0,0,0,0,0.026320878,0.11,0.028572005,"091208B",0,0,0,0,0,0,0,0,0,0,0,0,0,0,0,1.063,0.314499227973151
"100219A",1.34,-0.397940009,21.91375294,1.27,3.37,1.67,0,-6.431798276,1.274157849,1.58721,0,-12.92,0,0,1.7956,0.15835625076292,480.212567915359,1.6129,11.3569,2.7889,0,41.3680290631566,1.62347822416831,2.5192355841,0,166.9264,0,0,0.00923562857095551,0,0,0,0,0.1,0.07,0.18,0.08,0.070426132,0.25,0.10857362,"100219A",1,0.335,-0.09948500225,5.478438235,0.3175,0.8425,0.4175,0,-1.607949569,0.31853946225,0.3968025,0,-3.23,0,0,4.67,0.753583058892907
"100316B",2.23,0.113943352,21.41315218,0,0,0,3.5543767,-6.698970004,0.579783597,2.23535,-11.1481304,0,1.08,1.36246063,4.9729,0.0129830874649959,458.523086283839,0,0,0,12.6335937255029,44.8761991144918,0.336149019350258,4.9967896225,124.280811415404,0,1.1664,1.8562989683,0.0508837165764397,0.10431242,0.207348761,0.13322096,0.02,0,0,0,0,0.043429448,0.18,0.033407268,"100316B",0,0,0,0,0,0,0,0,0,0,0,0,0,0,0,1.18,0.338456493604605
"100316D",2.29,-1,21.60728985,0.94,6.41,2.12,0,-6.522878745,2.717570654,2.49431,0,-12.9424,0,0,5.2441,1,466.874974661913,0.8836,41.0881,4.4944,0,42.5479471219728,7.38519025948199,6.2215823761,0,167.50571776,0,0,0.063286086716648,0,0,0,0,0.105554,0.06,0.18,0.05,0.115811862,0.41,0,"100316D",1,0.5725,-0.25,5.4018224625,0.235,1.6025,0.53,0,-1.63071968625,0.6793926635,0.6235775,0,-3.2356,0,0,0.06,0.0253058652647703
"100418A",2.16,0,21.37042981,0,0,0,5.54363,-6.468521083,0.84509804,2.26662,-12.48811664,0,0.84,1.81145,4.6656,0,456.695270264137,0,0,0,30.7318335769,41.8417650012155,0.714190697211842,5.1375662244,155.953057214245,0,0.7056,3.2813511025,0.059763875267383,0.10745,0.075475,0.16786,0.01,0,0,0,0,0.063866836,0.25,0.086858896,"100418A",0,0,0,0,0,0,0,0,0,0,0,0,0,0,0,0.6235,0.21045229296202
"100425A",2.42,0.146128036,20.53466438,0,0,0,3.60199415,-6.327902142,1.568201724,2.17077,-11.50168945,0,1.46,0.86819371,5.8564,0.0213534029052173,421.672441199241,0,0,0,12.9743618566342,40.0423455187282,2.45925664715657,4.7122423929,132.288860204241,0,2.1316,0.753760318083564,0.0442926372724909,0.070859065,0.115125536,0.055076895,0.035,0,0,0,0,0.083162773,0.32,0.062042069,"100425A",0,0,0,0,0,0,0,0,0,0,0,0,0,0,0,1.755,0.440121603187804
"100508A",1.23,-0.397940009,20.84356974,0.4,4.020463,0.875389,0,-6.15490196,1.716003344,1.9368495003839,0,-12.8769,0,0,1.5129,0.15835625076292,434.454399506244,0.16,16.164122734369,0.766305901321,0,37.8828181372118,2.94466747661918,3.75138598713736,0,165.81455361,0,0,0.035217186540104,0,0,0,0,0.15766,0.387989,0.292399,0.07,0.0580980942149184,0.25,0.101108910335356,"100508A",1,0.3075,-0.09948500225,5.210892435,0.1,1.00511575,0.21884725,0,-1.53872549,0.429000836,0.484212375095975,0,-3.219225,0,0,0.5201,0.181872159010334
"100513A",1.62,-0.22184875,22.05240534,0,0,0,3.74522911,-5.853871964,1.924279286,2.25722,-11.57186521,0,1.36,0.96306136,2.6244,0.0492168678765625,486.30858127966,0,0,0,14.0267410863914,34.2678169709052,3.70285077052867,5.0950421284,133.908064438408,0,1.8496,0.92748718312505,0.0768849139302361,0.09817689,0.128616618,0.061569437,0.025,0,0,0,0,0.031021034,0.14,0.072382414,"100513A",0,0,0,0,0,0,0,0,0,0,0,0,0,0,0,4.772,0.761326322421457
"100704A",1.73,0.633468456,21.52730245,0,0,0,3.62503495,-5.22184875,2.2955671,2.11575,-10.35163999,0,1.29,1.01294211,2.9929,0.401282284747024,463.424750773776,0,0,0,13.1408783887215,27.2677043678766,5.26962831060241,4.4763980625,107.156450482567,0,1.6641,1.02605171821125,0.0511462884983093,0.04763446,0.053639373,0.01813996,0.01,0,0,0,0,0.014476483,0.06,0.020199743,"100704A",0,0,0,0,0,0,0,0,0,0,0,0,0,0,0,3.6,0.662757831681574
"100728A",1.18,0.707570176,21.52592288,0,0,0,4.03148606,-4.420216403,2.297760511,1.90402,-10.17587417,0,0.96,1.5588143,1.3924,0.500655553964671,463.365355835707,0,0,0,16.2528798519743,19.5383130493503,5.27970336591098,3.6252921604,103.548415123673,0,0.9216,2.42990202188449,0.0276692267863542,0.0760751,0.053762484,0.034265796,0.005,0,0,0,0,0,0.02,0.017031156,"100728A",0,0,0,0,0,0,0,0,0,0,0,0,0,0,0,1.567,0.409425868671443
"100814A",1.47,0.397940009,20.89608288,0,0,0,5.22729477,-5.045757491,2.241795431,1.89414,-11.49349497,0,1.1425,1.76532941,2.1609,0.15835625076292,436.646279727829,0,0,0,27.3246106124694,25.4596686579826,5.02564675445248,3.5877663396,132.100426625415,0,1.30530625,3.11638792581095,0.0235643330529017,0.04362636,0.035347138,0.084015169,0.01745135,0,0,0,0,0.009650988,0.04,0.034743559,"100814A",0,0,0,0,0,0,0,0,0,0,0,0,0,0,0,1.44,0.387389826338729
"100816A",0.73,1.037426498,21.34783526,0,0,0,3.97801299,-5.698970004,0.462397998,1.91138,-11.5559552,0,1.09,1.04455013,0.5329,1.07625373875254,455.730070288099,0,0,0,15.8245873486087,32.4782591064918,0.213811908554408,3.6533735044,133.540100584407,0,1.1881,1.09108497408302,0.0930248425840856,0.08674922,0.112014005,0.047175154,0.015,0,0,0,0,0.021714724,0.24,0.015937412,"100816A",0,0,0,0,0,0,0,0,0,0,0,0,0,0,0,0.804,0.256236533205923
"100901A",1.52,-0.096910013,21.53188109,0,0,0,4.91124,-5.677780705,2.64246452,1.98285,-11.34103516,0,1.075,1.50754,2.3104,0.00939155061966017,463.6219032739,0,0,0,24.1202783376,32.2371937340703,6.98261873945883,3.9316941225,128.619078500356,0,1.155625,2.2726768516,0.0223211438768381,0.0283,0.02425,0.036255,5e-04,0,0,0,0,0.062042069,0.21,0.10857362,"100901A",0,0,0,0,0,0,0,0,0,0,0,0,0,0,0,1.408,0.381656482585787
"100906A",1.78,1.004321374,21.96198081,0,0,0,3.94074768,-4.920818754,2.058426024,2.02817,-10.4698003,0,0.87,1.71220056,3.1684,1.00866142227325,482.328601098808,0,0,0,15.5294922774254,24.2144572097181,4.23711769628045,4.1134735489,109.61671832188,0,0.7569,2.93163075766431,0.00604043448603348,0.048743085,0.039933316,0.059340084,0,0,0,0,0,0,0.03,0.017199781,"100906A",0,0,0,0,0,0,0,0,0,0,0,0,0,0,0,1.727,0.43568513794163
"101225A",1.82,-0.338610804708651,21.11770968,0.7,5.38,0.7,0,-5.721246399,3.036628895,1.81612,0,-14.1,0,0,3.3124,0.11465727706544,445.957662128766,0.49,28.9444,0.49,0,32.7326603580705,9.22111504594892,3.2982918544,0,198.81,0,0,0.15117163716416,0,0,0,0,0.06,0.17,0.08,0.0303,0.091430417,0.32,0.109322034911467,"101225A",1,0.455,-0.0846527011771628,5.27942742,0.175,1.345,0.175,0,-1.43031159975,0.75915722375,0.45403,0,-3.525,0,0,0.33,0.123851640967086
"110205A",1.8,0.556302501,21.37042981,0.74,4.79,1.95,0,-4.769551079,2.409933123,1.93577,0,-13.04,0,0,3.24,0.309472472618855,456.695270264137,0.5476,22.9441,3.8025,0,22.7486174951901,5.80777765733253,3.7472054929,0,170.0416,0,0,0.0226602223323686,0,0,0,0,0.06,0.03,0.11,0.04,0,0.04,0.024127471,"110205A",1,0.45,0.13907562525,5.3426074525,0.185,1.1975,0.4875,0,-1.19238776975,0.60248328075,0.4839425,0,-3.26,0,0,2.21,0.506505032404872
"110213A",1.83,0.204119983,21.56708403,0,0,0,3.84089,-5.229147988,1.681241237,1.96436,-9.896196279,0,1.1905,1.8412,3.3489,0.0416649674599203,465.139113557081,0,0,0,14.7524359921,27.3439886804045,2.82657209698929,3.8587102096,97.9347007924934,0,1.41729025,3.39001744,0.14476482742628,0.03588,0.023515,0.02785,0.226362665,0,0,0,0,0.029443694,0.12,0.162860431,"110213A",0,0,0,0,0,0,0,0,0,0,0,0,0,0,0,1.46,0.390935107103379
"110422A",0.86,1.487138375,22.02088312,0,0,0,3.50066971,-4.387216143,1.413299764,1.89199,-9.681936665,0,0.778,1.42239886,0.7396,2.21158054639764,484.919293384701,0,0,0,12.2546884185115,19.2476654853998,1.99741622292246,3.5796261601,93.7398975850713,0,0.605284,2.0232185169293,0.00950159657676303,0.024137407,0.029472713,0.022779716,0.005,0,0,0,0,0.010592548,0.1,0.0141464,"110422A",0,0,0,0,0,0,0,0,0,0,0,0,0,0,0,1.77,0.442479769064449
"110503A",0.88,0.130333768,21.13638759,0,0,0,2.54166555,-5,1,1.90907,-9.08249449,0,0.687,1.14649063,0.7744,0.0169868910810778,446.746880354706,0,0,0,6.4600637680568,25,1,3.6445482649,82.4917061608804,0,0.471969,1.3144407646778,0.147896600362852,0.028998071,0.028887961,0.006289914,0.001,0,0,0,0,0.017371779,0.25,0.019301977,"110503A",0,0,0,0,0,0,0,0,0,0,0,0,0,0,0,1.613,0.417139409727326
"110715A",1.25,1.731588765,22.0746007,0,0,0,2.61109719,-4.928117993,1.113943352,1.85342,-9.075720714,0,0.755,0.95853538,1.5625,2.99839965107422,487.287996064441,0,0,0,6.8178285356259,24.2863469529303,1.240869791465,3.4351656964,82.3687064785287,0,0.570025,0.918790074711744,0.133629071449258,0.02377653,0.035600881,0.009554076,0.0015,0,0,0,0,0.007360923,0.12,0.008863153,"110715A",0,0,0,0,0,0,0,0,0,0,0,0,0,0,0,0.82,0.260071387985075
"110731A",1.15,1.041392685,21.95954126,0,0,0,5.08952072,-5.22184875,1.588831726,1.85145,-12.08512818,0,0.39,1.42351927,1.3225,1.08449872437151,482.221452349642,0,0,0,25.9032211593093,27.2677043678766,2.52438625354414,3.4278671025,146.05032312703,0,0.1521,2.02640711206133,0.130539784388153,0.097418495,0.090702815,0.110855301,0.13,0,0,0,0,0.007238241,0.05,0.011844395,"110731A",0,0,0,0,0,0,0,0,0,0,0,0,0,0,0,2.83,0.583198773968623
"110801A",1.84,0.041392685,21.39050236,1,4.036448,1.59481,0,-5.327902142,2.58546073,2.04784,0,-11.822,0,0,3.3856,0.00171335437150922,457.553591213166,1,16.292912456704,2.5434189361,0,28.3865412347282,6.68460718637213,4.1936486656,0,139.759684,0,0,0.0875106835560367,0,0,0,0,0.034931,0.030996,0.044803,0.06,0.027720924,0.1,0.078962633,"110801A",1,0.46,0.01034817125,5.34762559,0.25,1.009112,0.3987025,0,-1.3319755355,0.6463651825,0.51196,0,-2.9555,0,0,1.858,0.456062224454951
"110808A",2.32,-0.397940009,21.72376179,0,0,0,4.50711,-6.48148606,1.681241237,2.33721,-12.08440021,0,1.4,0.807091,5.3824,0.15835625076292,471.921826308664,0,0,0,20.3140405521,42.0096615459743,2.82657209698929,5.4625505841,146.032728435448,0,1.96,0.651395882281,0.204728382319217,0.0837,0.155655,0.0776,0.025,0,0,0,0,0.105283511,0.43,0.217147241,"110808A",0,0,0,0,0,0,0,0,0,0,0,0,0,0,0,1.348,0.370698092575577
"110818A",1.58,0.204119983,22.06812647,0,0,0,3.84627415,-5.397940009,2.012837225,1.95985,-11.28316228,0,0.83,1.37167718,2.4964,0.0416649674599203,487.002205895915,0,0,0,14.7938248369582,29.1377563407629,4.0515136943457,3.8410120225,127.309751036815,0,0.6889,1.88149828613275,0.0761271870594219,0.05514905,0.059648416,0.067338189,0.01,0,0,0,0,0.021714724,0.11,0.081430215,"110818A",0,0,0,0,0,0,0,0,0,0,0,0,0,0,0,3.36,0.639486489268586
"111107A",1.49,0.079181246,21.56675205,1,3.190433,0.733879,0,-6.055517328,1.424881637,2.11569,0,-12.5259,0,0,2.2201,0.00626966971811252,465.124793986179,1,10.178862727489,0.538578386641,0,36.6692901097083,2.0302876794598,4.4761441761,0,156.89817081,0,0,0.0509829166339321,0,0,0,0,0.238146,0.380189,0.082265,0.09,0.039481317,0.14,0.072382414,"111107A",1,0.3725,0.0197953115,5.3916880125,0.25,0.79760825,0.18346975,0,-1.513879332,0.35622040925,0.5289225,0,-3.131475,0,0,2.893,0.590284403718162
"111123A",1.68,-0.045757491,21.35034301,0,0,0,4.42202873,-5.13667714,2.462397998,2.55463,-11.60730305,0,1.25,1.46723371,2.8224,0.00209374798261508,455.837146644656,0,0,0,19.5543380889454,26.3854520405986,6.06340390055441,6.5261344369,134.729484094539,0,1.5625,2.15277475976036,0.131921983937837,0.07308827,0.070655771,0.105884147,0.005,0,0,0,0,0.017847718,0.07,0.048254942,"111123A",0,0,0,0,0,0,0,0,0,0,0,0,0,0,0,3.1516,0.618215503279417
"111228A",2.27,1.093421685,21.41342718,0,0,0,4.10627835,-5.070581074,2.005180513,2.03824,-10.65757732,0,0.99,1.15297662,5.1529,1.19557098122824,458.534863593163,0,0,0,16.8615218876787,25.710792428007,4.02074888971494,4.1544222976,113.583954331778,0,0.9801,1.32935508626662,0.023242060897345,0.030118345,0.037264425,0.023299272,0,0,0,0,0,0.010218694,0.06,0.017511874,"111228A",0,0,0,0,0,0,0,0,0,0,0,0,0,0,0,0.714,0.234010817587179
"120118B",2.08,0.342422681,21.451745,0,0,0,3.68307,-5.744727495,1.36660971,2.20884,-10.95467702,0,1.01,1.0241,4.3264,0.117253292463228,460.177363545025,0,0,0,13.5650046249,33.001893991809,1.86762209946628,4.8789741456,120.004948612516,0,1.0201,1.04878081,0.366834332492466,0.1172,0.131765,0.077156,0.005,0,0,0,0,0.024127471,0.11,0.059221975,"120118B",0,0,0,0,0,0,0,0,0,0,0,0,0,0,0,2.943,0.595826777073223
"120119A",1.38,1.012837225,22.02202812,0.89,3.44,1.51,0,-4.769551079,2.404491618,1.61077,0,-12,0,0,1.9044,1.0258392443457,484.969722518071,0.7921,11.8336,2.2801,0,22.7486174951901,5.78157994103226,2.5945799929,0,144,0,0,0.00197833385726092,0,0,0,0,0.06,0.05,0.08,0.01,0,0.04,0.012649354,"120119A",1,0.345,0.25320930625,5.50550703,0.2225,0.86,0.3775,0,-1.19238776975,0.6011229045,0.4026925,0,-3,0,0,3.1,0.612783856719735
"120327A",1.52,0.591064607,22.16619025,0,0,0,3.48517215,-5.443697499,1.798650645,1.75797,-10.15181088,0,0.63,1.44859414,2.3104,0.349357369648064,491.339990199195,0,0,0,12.1464249151356,29.6338424606189,3.23514414275892,3.0904585209,103.059264143286,0,0.3969,2.09842498244234,0.051933835584684,0.04362492,0.051679097,0.058002882,0.02,0,0,0,0,0.012063736,0.06,0.022271512,"120327A",0,0,0,0,0,0,0,0,0,0,0,0,0,0,0,2.813,0.581266805273671
"120404A",1.85,0.079181246,21.70983536,0,0,0,3.79948,-5.795880017,1.587710965,1.89579,-11.02687215,0,0.69,1.90651,3.4225,0.00626966971811252,471.316951358306,0,0,0,14.4360482704,33.5922251714599,2.52082610838123,3.5940197241,121.591909412446,0,0.4761,3.6347803801,0.179553274179706,0.11705,0.068285,0.121385,0.005,0,0,0,0,0.027143405,0.13,0.072382414,"120404A",0,0,0,0,0,0,0,0,0,0,0,0,0,0,0,2.876,0.588383768378728
"120422A",1.19,-0.22184875,20.9997109050585,0,0,0,5.23266697,-6.638272164,0.728353782,2.32199,-12.73992861,0,1.1,0.86153199,1.4161,0.0492168678765625,440.987858096033,0,0,0,27.380803618929,44.0666573233372,0.530499231753704,5.3916375601,162.305780987897,0,1.21,0.74223736979336,0.181516258620399,0.11830242,0.217818621,0.214451933,0.035,0,0,0,0,0.075529475,0.24,0.144764827,"120422A",0,0,0,0,0,0,0,0,0,0,0,0,0,0,0,0.283,0.108226656374928
"120711A",1.73945067928945,0.15298088503652,20.8890204759374,0.53,4.394018,1.107014,0,-5.59956740196432,2.06069784,1.96823823014476,0,-12.9249,0,0,3.02568866568053,0.0234031511865569,436.351176444132,0.2809,19.307394184324,1.225479996196,0,31.3551550891414,4.24647558778067,3.87396173060338,0,167.05304001,0,0,0.0911698774157967,0,0,0,0,0.108379,0.116386,0.197821,0.02,0.0445850499081247,0.1906576904457,0.0796645497755468,"120711A",1,0.434862669822362,0.03824522125913,5.22225511898435,0.1325,1.0985045,0.2767535,0,-1.39989185049108,0.51517446,0.49205955753619,0,-3.231225,0,0,1.405,0.381115080709851
"120729A",1.62,0.462397998,21.34792103,0,0,0,3.52138487,-5.619788758,1.854306042,1.8831,-10.29756946,0,0.645,2.26312734,2.6244,0.213811908554408,455.733732303116,0,0,0,12.4001514026649,31.5820256845432,3.43845089739771,3.54606561,106.039936783525,0,0.416025,5.12174535705548,0.223182009707008,0.06906832,0.047294772,0.130088482,0.013331067,0,0,0,0,0.018095603,0.08,0.029951344,"120729A",0,0,0,0,0,0,0,0,0,0,0,0,0,0,0,0.8,0.255272505103306
"120802A",1.21,0.477121255,22.12127744,0,0,0,3.53838419,-5.721246399,1.698970004,2.03526,-11.17198494,0,0.91,0.54215516,1.4641,0.227644691972775,489.350915577453,0,0,0,12.520162676042,32.7326603580705,2.88649907449176,4.1422832676,124.813247499587,0,0.8281,0.293932217514626,0.2694762542188,0.07803221,0.220557212,0.11816229,0.055,0,0,0,0,0.068572813,0.47,0.028952965,"120802A",0,0,0,0,0,0,0,0,0,0,0,0,0,0,0,3.796,0.680879174426811
"120811C",1.4,0.612783857,21.91722026,0,0,0,3.15909591,-5.522878745,1.428134794,1.92121,-10.14327111,0,0.65,1.01613299,1.96,0.375504055399796,480.364543925354,0,0,0,9.97988696857873,30.5021896319728,2.03956898983342,3.6910478641,102.885948810961,0,0.4225,1.03252625336634,0.0598545187495629,0.05294686,0.084200302,0.03800099,0.090734018,0,0,0,0,0.043429448,0.3,0.021185097,"120811C",0,0,0,0,0,0,0,0,0,0,0,0,0,0,0,2.671,0.564784384503987
"120815A",2.29,0.342422681,21.77242733,0.78,3.266303,0.6555,0,-6.30980392,0.986771734,1.84293,0,-12.3315,0,0,5.2441,0.117253292463228,474.038591840131,0.6084,10.668735287809,0.42968025,0,39.8136255088474,0.973718455021367,3.3963909849,0,152.06589225,0,0,0.0791400972158072,0,0,0,0,0.015728,0.033134,0.020651,0.01,0.062042069,0.23,0.059221975,"120815A",1,0.5725,0.08560567025,5.4431068325,0.195,0.81657575,0.163875,0,-1.57745098,0.2466929335,0.4607325,0,-3.082875,0,0,2.36,0.526339277389844
"120907A",1.73,0.462397998,21.0438101,0,0,0,3.2113827,-6.173925197,1.227886705,1.82021,-10.37675071,0,0.78,1.05329104,2.9929,0.213811908554408,442.841943524862,0,0,0,10.3129788458593,38.1173523381515,1.50770576031576,3.3131644441,107.676955297485,0,0.6084,1.10942201494428,0.035217186540104,0.04130341,0.062296694,0.028647271,0.005,0,0,0,0,0.071302079,0.25,0.059902687,"120907A",0,0,0,0,0,0,0,0,0,0,0,0,0,0,0,0.97,0.294466226161593
"120922A",1.58,0.301029996,21.0163605,0,0,0,3.59799,-5.207608311,2.238046103,2.06954,-10.59516628,0,1.17,1.06622,2.4964,0.09061905849176,441.68740866596,0,0,0,12.9455320401,27.1191843207963,5.00885035915349,4.2829958116,112.257548500849,0,1.3689,1.1368250884,0.075913913084108,0.16365,0.133375,0.03563,0.005,0,0,0,0,0.049033248,0.36,0.043429448,"120922A",0,0,0,0,0,0,0,0,0,0,0,0,0,0,0,3.1,0.612783856719735
"121024A",1.41,0.113943352,21.94617755,0,0,0,4.17178823,-5.958607315,1.838849091,2.00683,-11.31158018,0,0.87,1.30353551,1.9881,0.0129830874649959,481.634709056124,0,0,0,17.4038170359665,35.5050011343715,3.38136597947153,4.0273666489,127.951846168569,0,0.7569,1.69920482583096,0.201804932759115,0.063305895,0.065435085,0.06666149,0,0,0,0,0,0.039481317,0.22,0.066814536,"121024A",0,0,0,0,0,0,0,0,0,0,0,0,0,0,0,2.298,0.5182506513085
"121027A",1.82,0.113943352,22.07736427,0,0,0,5.40919042,-5.698970004,1.796574333,2.37144,-11.92081875,0,1.16,1.50995764,3.3124,0.0129830874649959,487.410013110273,0,0,0,29.2593409998198,32.4782591064918,3.22767933399439,5.6237276736,142.105919670352,0,1.3456,2.27997207459437,0.03343969322178,0.041584155,0.037953731,0.058939694,0,0,0,0,0,0.021714724,0.09,0.066814536,"121027A",0,0,0,0,0,0,0,0,0,0,0,0,0,0,0,1.773,0.442949869577862
"121128A",1.32,1.11058971,22.04029767,0,0,0,3.23392922,-5.161150909,1.367355921,1.98504,-9.617982957,0,0.9455,1.54546584,1.7424,1.23340950395788,485.774721382207,0,0,0,10.4582981999698,26.6374787054715,1.86966221469376,3.9403838016,92.5055961611425,0,0.89397025,2.38846466260691,0.0303933846890459,0.028690024,0.029795568,0.032445001,0.010337721,0,0,0,0,0.025176492,0.18,0.013466496,"121128A",0,0,0,0,0,0,0,0,0,0,0,0,0,0,0,2.2,0.505149978319906
"121211A",2.36,0,21.66138196,0,0,0,4.20933518,-5.886056648,2.260071388,2.0682,-11.2823295,0,0.95,1.15615612,5.5696,0,469.215468417013,0,0,0,17.7185026575856,34.645662863465,5.10792267885625,4.27745124,127.29095894657,0,0.9025,1.33669697381345,0.0937486856135703,0.054250775,0.063247159,0.074602829,0.005,0,0,0,0,0.089197405,0.26,0.130288345,"121211A",0,0,0,0,0,0,0,0,0,0,0,0,0,0,0,1.023,0.305995882770805
"121217A",1.53,0.255272505,21.6003032,0.87,3.47558,0.775179,0,-5.207608311,2.890979597,1.96847804960143,0,-12.2295,0,0,2.3409,0.065164051808975,466.57309833193,0.7569,12.0796563364,0.600902482041,0,27.1191843207963,8.35776303027028,3.87490583176265,0,149.56067025,0,0,0.0373575732732516,0,0,0,0,0.1152,0.0991,0.028589,0.04,0.0302144713479088,0.08,0.0649371985063369,"121217A",1,0.3825,0.06381812625,5.4000758,0.2175,0.868895,0.19379475,0,-1.30190207775,0.72274489925,0.492119512400358,0,-3.057375,0,0,3.1,0.612783856719735
"130215A",1.59,0.397940009,21.1575730258515,0.94,5.96,2.09,0,-5.26760624,1.81756537,1.95045663425091,0,-13.66,0,0,2.5281,0.15835625076292,447.642896344239,0.8836,35.5216,4.3681,0,27.7476754996869,3.30354387422324,3.80428108209339,0,186.5956,0,0,0.0933217274509788,0,0,0,0,0.24,0.13,0.54,0.05,0.040212452,0.14,0.121602455,"130215A",1,0.3975,0.09948500225,5.28939325646288,0.235,1.49,0.5225,0,-1.31690156,0.4543913425,0.487614158562727,0,-3.415,0,0,0.6,0.204119982655925
"130408A",1.28,0.69019608,20.06405721,0,0,0,3.58393,-5.638272164,1.447158031,2.03183,-10.32975415,0,0.945,1.39277,1.6384,0.476370628847366,402.566391726153,0,0,0,12.8445542449,31.7901129953372,2.0942663666878,4.1283331489,106.703820799442,0,0.893025,1.9398082729,0.202660966333188,0.077,0.070305,0.0643,0.117120218,0,0,0,0,0.075529475,0.26,0.088631527,"130408A",0,0,0,0,0,0,0,0,0,0,0,0,0,0,0,3.757,0.677333151419902
"130418A",2.07,-0.22184875,21.12149747,0,0,0,2.59006,-5.744727495,2.07200023240372,1.68684,-9.247183569,0,0.198,1.28449,4.2849,0.0492168678765625,446.117655375216,0,0,0,6.7084108036,33.001893991809,4.29318496308107,2.8454291856,85.5104039587836,0,0.039204,1.6499145601,0.169579312058566,0.06047,0.06867,0.031625,0.003,0,0,0,0,0.048254942,0.17,0.144764827,"130418A",0,0,0,0,0,0,0,0,0,0,0,0,0,0,0,1.218,0.345961541813141
"130420A",1.52,0.531478917,20.79265849,0,0,0,3.56731,-5.148741651,2.091666958,2.29559,-10.8728952,0,1.17,0.914676,2.3104,0.282469839215493,432.334647081769,0,0,0,12.7257006361,26.5095405887422,4.37507066318897,5.2697334481,118.219850030183,0,1.3689,0.836632184976,0.0412728533350444,0.05505,0.08535,0.0286905,0.005,0,0,0,0,0.018350471,0.25,0.025546734,"130420A",0,0,0,0,0,0,0,0,0,0,0,0,0,0,0,1.297,0.361160995195026
"130427A",1.21,2.519827994,20.99021494,0.72,4.420737,1.271343,0,-3.508638306,2.211734423,1.78644,0,-11.2664,0,0,1.4641,6.34953311934606,440.589123227399,0.5184,19.542915623169,1.616313023649,0,12.3105427623305,4.89176915788314,3.1913678736,0,126.93176896,0,0,0.0132262962944593,0,0,0,0,0.006123,0.006768,0.007333,0.01,0.00420285,0.02,0.006035512,"130427A",1,0.3025,0.6299569985,5.247553735,0.18,1.10518425,0.31783575,0,-0.8771595765,0.55293360575,0.44661,0,-2.8166,0,0,0.34,0.127104798364808
"130511A",1.35,0.113943352,21.01365445,0,0,0,2.65954,-6.657577319,0.73479983,2.06879,-10.51570016,0,0.65,1.16497,1.8225,0.0129830874649959,441.573673344005,0,0,0,7.0731530116,44.3233357584632,0.539930790168029,4.2798920641,110.579949855024,0,0.4225,1.3571551009,0.176931769551824,0.0838,0.089385,0.04916,0.01,0,0,0,0,0.078962633,0.31,0.066814536,"130511A",0,0,0,0,0,0,0,0,0,0,0,0,0,0,0,1.3033,0.362350507594848
"130514A",1.8,0.447158031,21.19799139,0,0,0,3.68772,-5.040958608,2.309630167,2.0604,-10.7212464,0,0.65,1.17745,3.24,0.199950304687797,449.354838970514,0,0,0,13.5992787984,25.4112636875693,5.33439150831645,4.24524816,114.945124369513,0,0.4225,1.3863885025,0.0272768817014167,0.078,0.078365,0.04188,0.08,0,0,0,0,0.009544934,0.05,0.046531552,"130514A",0,0,0,0,0,0,0,0,0,0,0,0,0,0,0,3.6,0.662757831681574
"130604A",1.51,-0.096910013,21.35024026,0,0,0,2.071571247,-5.853871964,1.57634135,2.08823,-8.316052869,0,0.98,1.742079764,2.2801,0.00939155061966017,455.832759159725,0,0,0,4.29140743139714,34.2678169709052,2.48485205171982,4.3607045329,69.1567353200031,0,0.9604,3.0348419041383,0.0525216608675702,0.166441725,0.100184013,0.041653571,0.015,0,0,0,0,0.031021034,0.12,0.10857362,"130604A",0,0,0,0,0,0,0,0,0,0,0,0,0,0,0,1.06,0.313867220369153
"130606A",1.52,0.414973348,20.24962877,0,0,0,3.30222,-5.537602002,2.441820772,1.86465,-10.18045606,0,0.44,1.37571,2.3104,0.172202879550329,410.047465322812,0,0,0,10.9046569284,30.6650359325544,5.96248868257068,3.4769196225,103.641685589591,0,0.1936,1.8925780041,0.0303226795160044,0.06815,0.07782,0.05186,0.045,0,0,0,0,0.029951344,0.12,0.033407268,"130606A",0,0,0,0,0,0,0,0,0,0,0,0,0,0,0,5.913,0.839666556882433
"130702A",1.7069931932884,0.697313985603386,21.1002489320261,0.44,5.07,1.33,0,-5.28621275756824,1.770852012,1.95922507826468,0,-12.13,0,0,2.91382576193293,0.486246794518079,445.220504993469,0.1936,25.7049,1.7689,0,27.9440453182772,3.13591684840445,3.83856290730124,0,147.1369,0,0,0.057915224642575,0,0,0,0,0.02,0.01,0.02,0.09,0.0328032555071814,0.171786515728631,0.043879736569635,"130702A",1,0.4267482983221,0.174328496400846,5.27506223300653,0.11,1.2675,0.3325,0,-1.32155318939206,0.442713003,0.48980626956617,0,-3.0325,0,0,0.15,0.0606978403536116
"130831A",1.93,1.133538908,21.82763844,0,0,0,3.31959,-5.187086643,1.511883361,1.79449,-9.89279003,0,1.01,1.28481,3.7249,1.28491045594983,476.445799867366,0,0,0,11.0196777681,26.905867841989,2.28579129726866,3.2201943601,97.8672945776674,0,1.0201,1.6507367361,0.0249128885159663,0.054815,0.089045,0.06727,0.009011148,0,0,0,0,0.001336291,0.05,0.019160051,"130831A",0,0,0,0,0,0,0,0,0,0,0,0,0,0,0,0.4791,0.16999753706657
"131030A",1.3,1.44870632,20.84178667,0,0,0,2.84594,-4.537602002,1.613841822,2.09466,-9.294136288,0,0.693,1.11188,1.69,2.09875000160794,434.38007159779,0,0,0,8.0993744836,20.5898319285544,2.60448542643628,4.3876005156,86.3809693399184,0,0.480249,1.2362771344,0.0427179076225292,0.025175,0.027575,0.00815,0.0075,0,0,0,0,0,0.03,0.010818724,"131030A",0,0,0,0,0,0,0,0,0,0,0,0,0,0,0,1.295,0.36078268987328
"131105A",1.45,0.544068044,21.32749584,0,0,0,3.9488,-5.148741651,2.050379756,2.24976,-10.91009489,0,0.94,1.19347,2.1025,0.296010036501986,454.862078805217,0,0,0,15.59302144,26.5095405887422,4.20405714381462,5.0614200576,119.030170508804,0,0.8836,1.4243706409,0.0158047698317659,0.03335,0.047885,0.04544,0.005,0,0,0,0,0.030584118,0.11,0.074450483,"131105A",0,0,0,0,0,0,0,0,0,0,0,0,0,0,0,1.686,0.429106008332697
"140206A",1.04,1.28780173,22.00531353,0,0,0,3.59073,-4.795880017,1.971275849,1.88134,-9.730487056,0,0.672,1.22509,1.0816,1.65843329579099,484.233823553601,0,0,0,12.8933419329,23.0004651374599,3.88592847285067,3.5394401956,94.6823783469835,0,0.451584,1.5008455081,0.063811704252879,0.012995,0.021325,0.015545,0.021902336,0,0,0,0,0.008143022,0.15,0.011193157,"140206A",0,0,0,0,0,0,0,0,0,0,0,0,0,0,0,2.73,0.571708831808688
"140213A",1.8,1.371067862,20.99187128,0,0,0,3.829176603,-4.920818754,1.77815125,1.96657,-10.12551818,0,0.83,1.108879519,3.24,1.87982708220925,440.658659836089,0,0,0,14.6625934569626,24.2144572097181,3.16182186787656,3.8673975649,102.526118413511,0,0.6889,1.22961378765767,0.0189868108841264,0.06303582,0.068643889,0.021746292,0.005,0,0,0,0,0,0.04,0.014784493,"140213A",0,0,0,0,0,0,0,0,0,0,0,0,0,0,0,1.2076,0.343920385393226
"140419A",1.21,0.69019608,22.04094236,0,0,0,3.68383,-4.795880017,1.976349979,1.87322,-10.00568285,0,0.678,1.36898,1.4641,0.476370628847366,485.803140116842,0,0,0,13.5706034689,23.0004651374599,3.9059592394933,3.5089531684,100.113689294784,0,0.459684,1.8741062404,0.0175057628798656,0.023985,0.02442,0.017885,0.001,0,0,0,0,0,0.04,0.017726305,"140419A",0,0,0,0,0,0,0,0,0,0,0,0,0,0,0,3.956,0.695131297704026
"140423A",1.33,0.322219295,21.81946365,0,0,0,3.90552,-5.026872146,2.127104798,2.06486,-10.85078089,0,0.77,1.18974,1.7689,0.103825274070297,476.088993973671,0,0,0,15.2530864704,25.2694435722306,4.52457482167462,4.2636468196,117.739445922789,0,0.5929,1.4154812676,0.0745819195938403,0.05035,0.05495,0.045115,0.149849463,0,0,0,0,0.013860462,0.06,0.041361379,"140423A",0,0,0,0,0,0,0,0,0,0,0,0,0,0,0,3.26,0.629409599102719
"140430A",2,0.397940009,21.67796993,0,0,0,4.14388,-5.958607315,2.239549721,2.15785,-11.36251027,0,1.03,0.875171,4,0.15835625076292,469.934380285984,0,0,0,17.1717414544,35.5050011343715,5.01558295283118,4.6563166225,129.106639635855,0,1.0609,0.765924279241,0.00923562857095551,0.0861,0.13071,0.0833725,0.035,0,0,0,0,0.078962633,0.22,0.034743559,"140430A",0,0,0,0,0,0,0,0,0,0,0,0,0,0,0,1.6,0.414973347970818
"140506A",1.68,1.037426498,21.81764402,0,0,0,3.30686,-5.552841969,2.045714059,1.74751,-9.903089987,0,0.9,0.948932,2.8224,1.07625373875254,476.009590583442,0,0,0,10.9353230596,30.8340539326878,4.18494601119025,3.0537912001,98.0711912906197,0,0.81,0.900471940624,0.0373575732732516,0.05516,0.06882,0.01557,0.047966029,0,0,0,0,0.046531552,0.16,0.035859177,"140506A",0,0,0,0,0,0,0,0,0,0,0,0,0,0,0,0.889,0.276231957921834
"140509A",1.59,0.204119983,20.90144742,0,0,0,3.58709,-5.920818754,1.17092730333444,1.93407,-11.09770006,0,0.86,1.40649,2.5281,0.0416649674599203,436.870504251025,0,0,0,12.8672146681,35.0560947177181,1.37107074969406,3.7406267649,123.158946621724,0,0.7396,1.9782141201,0.151511196244019,0.08395,0.088715,0.10418,0.22,0,0,0,0,0.04379136,0.121212121,0.117055576617339,"140509A",0,0,0,0,0,0,0,0,0,0,0,0,0,0,0,2.4,0.531478917042255
"140512A",1.45,0.832508913,21.32824297,0,0,0,3.53686,-4.853871964,2.189770956,1.84304,-9.504455662,0,0.871,1.25134,2.1025,0.693071090224441,454.893948187355,0,0,0,12.5093786596,23.5600730429052,4.79509683974115,3.3967964416,90.3346774309239,0,0.758641,1.5658517956,0.0134302087658966,0.01504,0.022285,0.02006,0.002482817,0,0,0,0,0.00930631,0.04,0.019160051,"140512A",0,0,0,0,0,0,0,0,0,0,0,0,0,0,0,0.725,0.236789099409293
"140518A",0.92,0,22.46148952,0,0,0,3.77824,-6,1.781755375,1.93772,-11.31158018,0,0.94,1.64981,0.8464,0,504.51851145707,0,0,0,14.2750974976,36,3.17465221634139,3.7547587984,127.951846168569,0,0.8836,2.7218730361,0.0174377429302028,0.09045,0.070125,0.18819,0,0,0,0,0,0.043429448,0.61,0.043429448,"140518A",0,0,0,0,0,0,0,0,0,0,0,0,0,0,0,4.707,0.756407872548958
"140614A",1.5,-1.4317581319867,21.58733599,0,0,0,3.70006,-5.886056648,2.857332496,1.77015,-10.9589,0,0.83,1.35595,2.25,2.04993134851004,466.013075145149,0,0,0,13.6904440036,34.645662863465,8.16434899269759,3.1334310225,120.09748921,0,0.6889,1.8386004025,0.0965452754396361,0.1129,0.098945,0.093145,0.05,0,0,0,0,0.133629071,0.46,0.163321606984505,"140614A",0,0,0,0,0,0,0,0,0,0,0,0,0,0,0,4.233,0.718750734739665
"140629A",1.86,0.62324929,21.74269921,0,0,0,2.85608,-5.619788758,1.62324929,1.95996,-9.847711656,0,0.815,1.16056,3.4596,0.388439677485504,472.744968936535,0,0,0,8.1571929664,31.5820256845432,2.6349382574855,3.8414432016,96.9774248597183,0,0.664225,1.3468995136,0.119342969960682,0.042785,0.06161,0.03501,0.001678552,0,0,0,0,0.036191207,0.11,0.041361379,"140629A",0,0,0,0,0,0,0,0,0,0,0,0,0,0,0,2.275,0.515211304327802
"140801A",1.83370502309806,0.574153872694756,20.8744034307407,0.67,4.204885,0.861959,0,-6.05905855564194,0.84509804,2.01128440967262,0,-12.7942,0,0,3.36247411173506,0.329652669530386,435.740718589319,0.4489,17.681057863225,0.742973317681,0,36.7121905806978,0.714190697211842,4.04526497659214,0,163.69155364,0,0,0.201804932759115,0,0,0,0,0.036239,0.047598,0.016398,0.16,0.0466131295127891,0.249571169609986,0.0548014009952138,"140801A",1,0.458426255774515,0.143538468173689,5.21860085768517,0.1675,1.05122125,0.21548975,0,-1.51476463891048,0.21127451,0.502821102418155,0,-3.19855,0,0,1.32,0.3654879848909
"140907A",1.72,0.397940009,21.4811071,1,4.201713,0.985034,0,-5.366531544,1.898725182,2.00735,0,-12.4311,0,0,2.9584,0.15835625076292,461.43796224167,1,17.654392134369,0.970291981156,0,28.799660812747,3.60515731676093,4.0294540225,0,154.53224721,0,0,0.00846336277739286,0,0,0,0,0.052537,0.073581,0.036083,0.07,0.020199743,0.07,0.034743559,"140907A",1,0.43,0.09948500225,5.370276775,0.25,1.05042825,0.2462585,0,-1.341632886,0.4746812955,0.5018375,0,-3.107775,0,0,1.21,0.344392273685111
"141004A",1.86,0.785329835,21.49730845,0,0,0,3.30337,-6.173925197,0.593286067,1.79496,-10.61083392,0,1.08,1.54959,3.4596,0.616742949741127,462.134270594441,0,0,0,10.9122533569,38.1173523381515,0.351988357296328,3.2218814016,112.589796477823,0,1.1664,2.4012291681,0.118918281385487,0.0853,0.081935,0.09774,0.005,0,0,0,0,0.019446022,0.08,0.021358745,"141004A",0,0,0,0,0,0,0,0,0,0,0,0,0,0,0,0.573,0.196728722623287
"141121A",1.73,-0.045757491,21.59590717,0,0,0,5.76634,-5.27572413,2.74028372,1.93447,-12.65757732,0,0.82,2.33322,2.9929,0.00209374798261508,466.383206495257,0,0,0,33.2506769956,27.8332650958643,7.50915486609704,3.7421741809,160.214263611778,0,0.6724,5.4439155684,0.0298708467389642,0.1675,0.090095,0.2969,0.01,0,0,0,0,0.032776942,0.13,0.144764827,"141121A",0,0,0,0,0,0,0,0,0,0,0,0,0,0,0,1.47,0.392696953259666
"141220A",0.62,0.949390007,21.48574413,0,0,0,2.77561,-5.585026652,0.857935265,1.80565,-9.872830386,0,1.1,1.42066,0.3844,0.90134138539146,461.63720081983,0,0,0,7.7040108721,31.1925227035503,0.73605291893062,3.2603719225,97.4727798307249,0,1.21,2.0182748356,0.0285379269708387,0.042455,0.057375,0.050735,0.07,0,0,0,0,0.016703634,0.38,0.034157993,"141220A",0,0,0,0,0,0,0,0,0,0,0,0,0,0,0,1.3195,0.365394376854778
"141221A",1.74,0.491361694,21.46788768,0.26,2.813159,1.248584,0,-5.677780705,1.567026366,2.22288,0,-11.3914,0,0,3.0276,0.24143631433055,460.870201441096,0.0676,7.913863559281,1.558962005056,0,32.2371937340703,2.45557163173917,4.9411954944,0,129.76399396,0,0,0.0598714492362227,0,0,0,0,0.019721,0.020312,0.033612,0.09,0.02068069,0.08,0.028018999,"141221A",1,0.435,0.1228404235,5.36697192,0.065,0.70328975,0.312146,0,-1.41944517625,0.3917565915,0.55572,0,-2.84785,0,0,1.45,0.389166084364532
"150120B",2.2,0.079181246,21.52664292,0,0,0,3.39431,-6.26760624,2.01762288488796,2.01678,-10.79048499,0,0.92,1.17705,4.84,0.00626966971811252,463.396355405186,0,0,0,11.5213403761,39.2828879796869,4.07080210562361,4.0674015684,116.434566319415,0,0.8464,1.3854467025,0.0141299769251024,0.0711,0.090535,0.057705,0.005,0,0,0,0,0.039006078,0.151515152,0.0542106768002651,"150120B",0,0,0,0,0,0,0,0,0,0,0,0,0,0,0,3.5,0.653212513775344
"150314A",1.08,1.58546073,22.01715025,0,0,0,2.49217,-4.657577319,1.169968174,1.84772,-8.609064893,0,0.73,1.19079,1.1664,2.51368572637213,484.754905131075,0,0,0,6.2109113089,21.6930264824632,1.36882552817289,3.4140691984,74.1159983318851,0,0.5329,1.4179808241,0.07726686575266,0.015025,0.015855,0.009925,0,0,0,0,0,0.005922197,0.03,0.010152339,"150314A",0,0,0,0,0,0,0,0,0,0,0,0,0,0,0,1.758,0.440594261839831
"150323A",1.85,0.73239376,21.69269626,1.1,3.67566,0.561833,0,-5.214670165,2.174931594,2.0639,0,-13.0735,0,0,3.4225,0.536400619686938,470.573071028618,1.21,13.5104764356,0.315656319889,0,27.1927849297411,4.73032743857938,4.25968321,0,170.91640225,0,0,0.131921983937837,0,0,0,0,0.057188,0.12415,0.05679,0.21,0.014239163,0.07,0.024127471,"150323A",1,0.4625,0.18309844,5.423174065,0.275,0.918915,0.14045825,0,-1.30366754125,0.5437328985,0.515975,0,-3.268375,0,0,0.593,0.202215775801131
"150403A",1.23,1.245512668,21.79039707,0,0,0,3.19694,-4.769551079,1.611723308,1.70996,-8.821023053,0,0.679,1.24471,1.5129,1.55130180614848,474.821404468265,0,0,0,10.2204253636,22.7486174951901,2.59765202155046,2.9239632016,77.8104477015574,0,0.461041,1.5493029841,0.127565659236116,0.005105,0.006975,0.00458,0,0,0,0,0,0.00766402,0.04,0.014805494,"150403A",0,0,0,0,0,0,0,0,0,0,0,0,0,0,0,2.06,0.48572142648158
"150821A",2.1,-1.49776679460977,22.340573,0,0,0,2.95174,-6.102372909,2.23578087,2.21622,-8.853871964,0,0.848,1.82628,4.41,2.24330537103562,499.101201968329,0,0,0,8.7127690276,37.2389551204971,4.99871609865796,4.9116310884,78.3910487549052,0,0.719104,3.3352986384,0.249936990327389,0.021105,0.015485,0.027365,5e-04,0,0,0,0,0.104450572,0.37,0.188398851647283,"150821A",0,0,0,0,0,0,0,0,0,0,0,0,0,0,0,0.755,0.244277120801843
"150910A",1.42,0.041392685,20.842422,0.53,2.99,1.239,0,-5.318758763,2.049992857,1.78547,0,-10.88,0,0,2.0164,0.00171335437150922,434.406554826084,0.2809,8.9401,1.535121,0,28.2891947789893,4.20247071375102,3.1879031209,0,118.3744,0,0,0.15117163716416,0,0,0,0,0.03,0.025,0.008,0.14,0.036191207,0.12,0.157925266,"150910A",1,0.355,0.01034817125,5.2106055,0.1325,0.7475,0.30975,0,-1.32968969075,0.51249821425,0.4463675,0,-2.72,0,0,1.3585,0.372635880581721
"151021A",1.57,0.986771734,22.33647975,0,0,0,3.15765,-4.552841969,2.042181595,1.96079,-9.642065153,0,1.27,1.33346,2.4649,0.973718455021367,498.91832762216,0,0,0,9.9707535225,20.7283699946878,4.17050566695674,3.8446974241,92.9694204146969,0,1.6129,1.7781155716,0.0143797213110485,0.06282,0.05208,0.02141,0.04,0,0,0,0,0.015510517,0.04,0.035818102,"151021A",0,0,0,0,0,0,0,0,0,0,0,0,0,0,0,2.33,0.52244423350632
"151027A",1.72,0.832508913,21.65076489,0,0,0,3.99907,-5.107905397,2.11290649,2.00612,-9.935542011,0,0.9235,1.74508,2.9584,0.693071090224441,468.755620322057,0,0,0,15.9925608649,26.0906975447017,4.46437383548412,4.0245174544,98.7149950523459,0,0.85285225,3.0453042064,0.0183350782696789,0.02221,0.01731,0.02499,0.002440971,0,0,0,0,0.011135756,0.05,0.038320101,"151027A",0,0,0,0,0,0,0,0,0,0,0,0,0,0,0,0.81,0.257678574869184
"151215A",1.99,0.204119983,21.01785522,0,0,0,3.06337,-6.508638306,1.250420002,2.20942,-10.72815839,0,1.015,1.07478,3.9601,0.0416649674599203,441.750238048881,0,0,0,9.3842357569,42.3623725983306,1.56355018140168,4.8815367364,115.093382440927,0,1.030225,1.1551520484,0.0244827442519859,0.093,0.11588,0.071395,0.35435971,0,0,0,0,0.098066496,0.33,0.05428681,"151215A",0,0,0,0,0,0,0,0,0,0,0,0,0,0,0,2.59,0.555094448578319
"160117B",1.73,-0.705929807788426,20.95374423,0,0,0,4.10299,-6.4710833,0.697062187810827,1.83834,-11.74958,0,0.64,0.973333,2.9929,0.498336893524204,439.059397256258,0,0,0,16.8345269401,41.8749190755389,0.485895693675617,3.3794939556,138.0526301764,0,0.4096,0.947377128889,0.214744065864423,0.12265,0.162075,0.093958,0.015,0,0,0,0,0.005627928835757,0.0041822719666068,0.122191721784807,"160117B",0,0,0,0,0,0,0,0,0,0,0,0,0,0,0,0.87,0.271841606536499
"160121A",1.77,0.079181246,20.90942658,0,0,0,3.8244,-6.214670165,1.079181246,2.2054,-11.17263073,0,1.02,0.798663,3.1329,0.00626966971811252,437.204119904411,0,0,0,14.62603536,38.6221252597411,1.16463216171811,4.86378916,124.82767742894,0,1.0404,0.637862587569,0.0862757376305275,0.0694,0.120385,0.106048,0.03,0,0,0,0,0.035597908,0.13,0.072382414,"160121A",0,0,0,0,0,0,0,0,0,0,0,0,0,0,0,1.96,0.471291711058939
"160131A",1.24,0.806179974,21.680967,0.97,4.001806,1.287451,0,-4.690369833,2.511883361,2.02332,0,-11.1733,0,0,1.5376,0.649926150478641,470.064330055089,0.9409,16.014451261636,1.657530077401,0,21.9995691703164,6.30955801926866,4.0938238224,0,124.84263289,0,0,0.051933835584684,0,0,0,0,0.041241,0.050707,0.038892,0.04,0.010644473,0.05,0.020357554,"160131A",1,0.31,0.2015449935,5.42024175,0.2425,1.0004515,0.32186275,0,-1.17259245825,0.62797084025,0.50583,0,-2.793325,0,0,0.972,0.294906910605192
"160203A",1.93,0.113943352,22.0158332,0,0,0,3.66139836,-5.920818754,1.305351369,1.75592,-11.36754271,0,0.61,1.146279559,3.7249,0.0129830874649959,484.696911490222,0,0,0,13.4058379506107,35.0560947177181,1.70394219655017,3.0832550464,129.221027263674,0,0.3721,1.31395682738123,0.0695758261024457,0.08458679,0.087010427,0.0601909,0.25,0,0,0,0,0.036191207,0.2,0.133629071,"160203A",0,0,0,0,0,0,0,0,0,0,0,0,0,0,0,3.52,0.655138434811382
"160227A",0.75,-0.22184875,21.4198963,0,0,0,4.47751,-5.508638306,2.500373714,1.72551,-10.99567863,0,0.679,1.10229,0.5625,0.0492168678765625,458.811957502754,0,0,0,20.0480958001,30.3450959863305,6.25186870966215,2.9773847601,120.904948534239,0,0.461041,1.2150432441,0.103418641469029,0.03055,0.03885,0.03434,0.001,0,0,0,0,0.028018999,0.51,0.072382414,"160227A",0,0,0,0,0,0,0,0,0,0,0,0,0,0,0,2.38,0.528916700277655
"160314A",1.53,-0.045757491,20.79066861,0.9,2.806841,0.607458,0,-6.552841969,0.941014244,1.95129,0,-12.5865,0,0,2.3409,0.00209374798261508,432.251901250839,0.81,7.878356399281,0.369005221764,0,42.9397378706878,0.885507807410892,3.8075326641,0,158.41998225,0,0,0.199990220376636,0,0,0,0,0.156279,0.384008,0.053103,0.09,0.062042069,0.22,0.096509885,"160314A",1,0.3825,-0.01143937275,5.1976671525,0.225,0.70171025,0.1518645,0,-1.63821049225,0.235253561,0.4878225,0,-3.146625,0,0,0.726,0.237040791379191
"160804A",1.4,0.462397998,21.30214687,0,0,0,4.38419,-4.943095149,2.15896526,1.87827,-11.5214335,0,0.92,0.948229,1.96,0.213811908554408,453.781461271051,0,0,0,19.2211219561,24.4341896520673,4.66113099388687,3.5278981929,132.743429894922,0,0.8464,0.899138236441,0.057915224642575,0.05875,0.095375,0.070062,0.005,0,0,0,0,0.011428802,0.23,0.044927015,"160804A",0,0,0,0,0,0,0,0,0,0,0,0,0,0,0,0.736,0.239549720840473
"161014A",1.47,0.462397998,22.18657496,0.8,3.993669,1.360776,0,-5.721246399,1.26245109,1.83236,0,-12.6812,0,0,2.1609,0.213811908554408,492.244108455699,0.64,15.949392081561,1.851711322176,0,32.7326603580705,1.59378275464219,3.3575431696,0,160.81283344,0,0,0.0885407574117407,0,0,0,0,0.140665,0.162303,0.140234,0.06,0.045715209,0.15,0.089854031,"161014A",1,0.3675,0.1155994995,5.54664374,0.2,0.99841725,0.340194,0,-1.43031159975,0.3156127725,0.45809,0,-3.1703,0,0,2.823,0.582404298019028
"161023A",1.48429488273099,0.588209791507229,21.1872488303853,0.66,4.55,1.36,0,-5.42056598348586,1.643452676,1.95429741445854,0,-11.91,0,0,2.2031312989014,0.345990758824978,448.899513000663,0.4356,20.7025,1.8496,0,29.382535581324,2.70093669825156,3.81927838415933,0,141.8481,0,0,0.057915224642575,0,0,0,0,0.05,0.04,0.02,0.08,0.0255406174190192,0.159030747217934,0.0451456901736497,"161023A",1,0.371073720682748,0.147052447876807,5.29681220759633,0.165,1.1375,0.34,0,-1.35514149587146,0.410863169,0.488574353614635,0,-2.9775,0,0,2.71,0.569373909615046
"161108A",1.85,-0.22184875,21.16074757,0,0,0,4.69106,-5.958607315,2.021602716,2.00325,-11.81247928,0,0.84,0.883711,3.4225,0.0492168678765625,447.777237721261,0,0,0,22.0060439236,35.5050011343715,4.08687754133858,4.0130105625,139.534666740429,0,0.7056,0.780945131521,0.0491496346156657,0.13355,0.18179,0.0812555,0.005,0,0,0,0,0.039481317,0.17,0.072382414,"161108A",0,0,0,0,0,0,0,0,0,0,0,0,0,0,0,1.159,0.334252642334231
"161117A",1.19,0.832508913,21.87736847,0,0,0,4.08464,-4.698970004,2.099335278,1.92624,-10.74958,0,1.375,1.141,1.4161,0.693071090224441,478.61925117215,0,0,0,16.6842839296,22.0803190984918,4.40720860945534,3.7104005376,115.5534701764,0,1.890625,1.301881,0.00378540226960351,0.03835,0.04019,0.02365,0.674290141,0,0,0,0,0,0.12,0.019160051,"161117A",0,0,0,0,0,0,0,0,0,0,0,0,0,0,0,1.549,0.406369835469268
"161129A",1.57,0.531478917,21.51361441,0,0,0,3.70506,-5.443697499,1.550595207,1.74506,-10.43651891,0,0.71,2.32574,2.4649,0.282469839215493,462.83560498216,0,0,0,13.7274696036,29.6338424606189,2.40434549597137,3.0452344036,108.920926958788,0,0.5041,5.4090665476,0.0255903856698547,0.10625,0.050725,0.10628,0.005,0,0,0,0,0.012063736,0.06,0.025546734,"161129A",0,0,0,0,0,0,0,0,0,0,0,0,0,0,0,0.645,0.216165902285993
"170113A",0.75,0.041392685,21.4429483,0.8,3.874501,1.095671,0,-6.173925197,1.315130317,1.81917,0,-12.5021,0,0,0.5625,0.00171335437150922,459.800031796473,0.64,15.011757999001,1.200494940241,0,38.1173523381515,1.72956775069252,3.3093794889,0,156.30250441,0,0,0.0434736058796182,0,0,0,0,0.110016,0.186127,0.149224,0.04,0.04537405,0.59,0.039481317,"170113A",1,0.1875,0.01034817125,5.360737075,0.2,0.96862525,0.27391775,0,-1.54348129925,0.32878257925,0.4547925,0,-3.125525,0,0,1.968,0.472463896606989
"170202A",1.68,0.672097858,21.7153121,0,0,0,3.77629,-5.48148606,1.664641976,1.99768,-10.65364703,0,1.04,1.1958,2.8224,0.451715530728188,471.554779600406,0,0,0,14.2603661641,30.0466894259743,2.77103290826118,3.9907253824,113.500195039828,0,1.0816,1.42993764,0.10761765896651,0.04485,0.068655,0.059155,0,0,0,0,0,0.013160439,0.07,0.027720924,"170202A",0,0,0,0,0,0,0,0,0,0,0,0,0,0,0,3.645,0.666985718329661
"170405A",1.59,-0.0335186812736592,21.74186197,0,0,0,3.6300738,-5.431798276,2.216693599,1.8473,-10.31069114,0,0.612,1.81152426,2.5281,0.00112350199432515,472.708561922532,0,0,0,13.1774357934464,29.5044325111566,4.91373051184757,3.41251729,106.310351784474,0,0.374544,3.28162014456855,0.0933217274509788,0.048255345,0.035670699,0.072401387,0.0475,0,0,0,0,0.035213066,0.12,0.153952769308304,"170405A",0,0,0,0,0,0,0,0,0,0,0,0,0,0,0,3.51,0.65417654187796
"170519A",1.94,-0.15490196,21.33992622,0,0,0,4.1513,-5.958607315,2.335257256,1.97351,-11.06348626,0,0.975,1.37345,3.7636,0.0239946172118416,455.392451075043,0,0,0,17.23329169,35.5050011343715,5.45342645170065,3.8947417201,122.400728225209,0,0.950625,1.8863649025,0.0991498519285518,0.053,0.052235,0.066745,0.224423613,0,0,0,0,0.078962633,0.26,0.062042069,"170519A",0,0,0,0,0,0,0,0,0,0,0,0,0,0,0,0.818,0.259593878885949
"170531B",1.95,-0.096910013,21.63012977,0,0,0,3.80257,-5.698970004,2.215187969,2.06685,-11.39577395,0,0.99,1.02082,3.8025,0.00939155061966017,467.86251386704,0,0,0,14.4595386049,32.4782591064918,4.90705773800235,4.2718689225,129.863663919499,0,0.9801,1.0420734724,0.0233394026693868,0.08415,0.11435,0.107427,0.035,0,0,0,0,0.043429448,0.14,0.10857362,"170531B",0,0,0,0,0,0,0,0,0,0,0,0,0,0,0,2.366,0.527114111639805
"170607A",1.61,1.08334542328181,20.90203663,0.9,4.186609,0.979571,0,-5.124938737,1.361727836,1.94001,0,-11.9084,0,0,2.5921,1.17363730614564,436.895135281862,0.81,17.527694918881,0.959559344041,0,26.2649970580032,1.85430269933724,3.7636388001,0,141.80999056,0,0,0.0944643171466364,0,0,0,0,0.023499,0.035487,0.024256,0.04,0.017371779,0.07,0.0231184496675564,"170607A",1,0.4025,0.270836355820453,5.2255091575,0.225,1.04665225,0.24489275,0,-1.28123468425,0.340431959,0.4850025,0,-2.9771,0,0,0.557,0.19228861256812
"170705A",1.65,1.1430148,21.08891889,0,0,0,3.63746,-5.022276395,2.337059726,1.89159,-10.18641901,0,0.66,0.774169,2.7225,1.30648283301904,444.742499948999,0,0,0,13.2311152516,25.2232601877742,5.4618481628912,3.5781127281,103.763132247289,0,0.4356,0.599337640561,0.0361306862803674,0.04055,0.06603,0.027333,0.005,0,0,0,0,0.013714563,0.05,0.012497683,"170705A",0,0,0,0,0,0,0,0,0,0,0,0,0,0,0,2.01,0.478566495593843
"170714A",1.76,-0.397940009,21.06857952,0.9,4.460403,1.851865,0,-5.552841969,3,1.84715,0,-13.2172,0,0,3.0976,0.15835625076292,443.885042990563,0.81,19.895194922409,3.429403978225,0,30.8340539326878,9,3.4119631225,0,174.69437584,0,0,0.0886038540296678,0,0,0,0,0.263786,0.217775,0.533548,0.03,0.046531552,0.17,0.217147241,"170714A",1,0.44,-0.09948500225,5.26714488,0.225,1.11510075,0.46296625,0,-1.38821049225,0.75,0.4617875,0,-3.3043,0,0,0.793,0.253580289562183
"170903A",1.94,0.591064607,21.73970839,0,0,0,4.41384,-5.619788758,1.465382851,2.20256,-11.26042766,0,1.14,0.971187,3.7636,0.349357369648064,472.614920882236,0,0,0,19.4819835456,31.5820256845432,2.14734690000489,4.8512705536,126.797231086093,0,1.2996,0.943204188969,0.0534696645518069,0.04095,0.065935,0.051271,0.005,0,0,0,0,0.036191207,0.12,0.05567878,"170903A",0,0,0,0,0,0,0,0,0,0,0,0,0,0,0,0.886,0.27554168840131
"171222A",2.07,-0.15490196,20.02880298,0,0,0,4.78231,-5.721246399,2.242541428,1.99001,-12.10957898,0,1.34,0.718496,4.2849,0.0239946172118416,401.152948811657,0,0,0,22.8704889361,32.7326603580705,5.02899205629628,3.9601398001,146.641903072858,0,1.7956,0.516236502016,0.0563106258915239,0.20975,0.378455,0.126956,0.015,0,0,0,0,0.045715209,0.17,0.124084138,"171222A",0,0,0,0,0,0,0,0,0,0,0,0,0,0,0,2.409,0.532627001228891
"180115A",1.66,-0.22184875,20.61397389,0.9,3.061361,0.97054,0,-6.119186408,1.611723308,1.9512,0,-11.6085,0,0,2.7556,0.0492168678765625,424.935919537602,0.81,9.371931172321,0.9419478916,0,37.4444422958519,2.59765202155046,3.80718144,0,134.75727225,0,0,0.0402373538487879,0,0,0,0,0.057564,0.086722,0.036237,0.06,0.062858412,0.22,0.144764827,"180115A",1,0.415,-0.0554621875,5.1534934725,0.225,0.76534025,0.242635,0,-1.529796602,0.402930827,0.4878,0,-2.902125,0,0,2.487,0.542451947375977
"180205A",2.04,0.531478917,21.4933967,0,0,0,3.21372,-6,1.190331698,1.88733,-10.30627305,0,1.03,1.09633,4.1616,0.282469839215493,461.966101703571,0,0,0,10.3279962384,36,1.41688955126356,3.5620145289,106.219264181156,0,1.0609,1.2019394689,0.0875106835560367,0.06455,0.088815,0.042095,0.005,0,0,0,0,0.043429448,0.13,0.038320101,"180205A",0,0,0,0,0,0,0,0,0,0,0,0,0,0,0,1.409,0.381836799998343
"180325A",1.18,0.973127854,22.14319598,1.13703,3.915432,1.426558,0,-5.187086643,1.973589623,1.85846,0,-12.717,0,0,1.3924,0.946977820230645,490.321128208688,1.2928372209,15.330607746624,2.035067727364,0,26.905867841989,3.89505600001328,3.4538735716,0,161.722089,0,0,0.2694762542188,0,0,0,0,0.072161,0.045784,0.049597,0.1041,0.013362907,0.05,0.013860462,"180325A",1,0.295,0.2432819635,5.535798995,0.2842575,0.978858,0.3566395,0,-1.29677166075,0.49339740575,0.464615,0,-3.17925,0,0,2.248,0.511616020569138
"180329B",0.97,0.146128036,21.41988474,0,0,0,4.02296,-5.48148606,2.322219295,1.86768,-11.14935376,0,0.77,1.50063,0.9409,0.0213534029052173,458.811462274885,0,0,0,16.1842071616,30.0466894259743,5.3927024540703,3.4882285824,124.308089265626,0,0.5929,2.2518903969,0.091090048181127,0.04825,0.04314,0.069665,0,0,0,0,0,0.039481317,0.56,0.124084138,"180329B",0,0,0,0,0,0,0,0,0,0,0,0,0,0,0,1.998,0.476831628512261
"180620B",1.3,0.556302501,21.21643247,0,0,0,4.6659,-5,2.29841638,1.99236,-10.98296666,0,0.9,1.09835,1.69,0.309472472618855,450.13700675407,0,0,0,21.77062281,25,5.2827178558523,3.9694983696,120.625556654672,0,0.81,1.2063727225,0.0599542916300528,0.0437,0.067125,0.059445,0.005,0,0,0,0,0.013028834,0.2,0.024127471,"180620B",0,0,0,0,0,0,0,0,0,0,0,0,0,0,0,1.1175,0.325823419002744
"180624A",1.91,0.146128036,21.1034582,0,0,0,4.171185481,-5.236572006,2.686993566,2.06008,-11.54363397,0,0.95,1.243849338,3.6481,0.0213534029052173,445.355947999147,0,0,0,17.3987883169052,27.4216863740229,7.2199344237254,4.2439296064,133.255485233338,0,0.9025,1.54716117564304,0.0343795484387942,0.088149935,0.099379055,0.123366444,0,0,0,0,0,0.022463508,0.1,0.062042069,"180624A",0,0,0,0,0,0,0,0,0,0,0,0,0,0,0,2.855,0.586024382386976
"180720B",1.36,1.831869774,21.24271531,0,0,0,3.62033,-4.065501549,3.06444019010425,1.8461,-8.847711656,0,0.729,1.34127,1.8496,3.35574686889481,451.252953741708,0,0,0,13.1067893089,16.5283028449214,9.39079367872617,3.40808521,78.2820015477183,0,0.531441,1.7990052129,0.00138098327707093,0.004975,0.00614,0.005375,0,0,0,0,0,0.005049936,0.03,0.016629833,"180720B",0,0,0,0,0,0,0,0,0,0,0,0,0,0,0,0.654,0.218535505216528
"180728A",1.97,2.120573931,21.58733599,0,0,0,3.8695,-4.528708289,0.938519725,1.70111,-9.42365865,0,0.8595,1.1986,3.8809,4.49683379683679,466.013075145149,0,0,0,14.97303025,20.5091987668573,0.880819274214076,2.8937752321,88.8053423517198,0,0.73874025,1.43664196,0.0148761559757772,0.009885,0.014745,0.0091,0.042486494,0,0,0,0,0.008803267,0.03,0.009541318,"180728A",0,0,0,0,0,0,0,0,0,0,0,0,0,0,0,0.117,0.0480531731156091
"181010A",1.52,0.146128036,22.27837171,0,0,0,3.15711,-6.161150909,1.214843848,1.76613,-9.928117993,0,1.115,1.07011,2.3104,0.0213534029052173,496.325846048928,0,0,0,9.9673435521,37.9597805234715,1.47584557502345,3.1192151769,98.5675268829304,0,1.243225,1.1451354121,0.0580681587793652,0.034615,0.057805,0.033375,0.007041969,0,0,0,0,0.04405886,0.15,0.062042069,"181010A",0,0,0,0,0,0,0,0,0,0,0,0,0,0,0,1.39,0.378397900948138
"181020A",1.25,0.886490725,20.65703194,0,0,0,4.29043,-5.091514981,2.376576957,1.93674,-10.42365865,0,1.228,2.64643,1.5625,0.785865805511026,426.71296857018,0,0,0,18.4077895849,25.9235248017474,5.64811803254338,3.7509618276,108.65265965172,0,1.507984,7.0035917449,0.0211468897196027,0.1418,0.047555,0.091985,0.029531206,0,0,0,0,0.016084981,0.06,0.016920564,"181020A",0,0,0,0,0,0,0,0,0,0,0,0,0,0,0,2.938,0.595275711802099
"181201A",1.62357778401957,0.899550776141651,21.1468434832998,0.57781,4.749372,1.151212,0,-5.37153011911936,1.283301229,1.97913612783146,0,-11.6955,0,0,2.6360048207619,0.809191598857047,447.188989307179,0.3338643961,22.556534394384,1.325289068944,0,28.8533358206064,1.64686204435291,3.91697981248771,0,136.78472025,0,0,0.10761765896651,0,0,0,0,0.026476,0.024124,0.006098,0.02953,0.0288230416508681,0.178235765696061,0.0293124960699646,"181201A",1,0.405894446004892,0.224887694035413,5.28671087082495,0.1444525,1.187343,0.287803,0,-1.34288252977984,0.32082530725,0.494784031957865,0,-2.923875,0,0,0.45,0.161368002234975
"190114A",2.06,-0.301029996,21.6447605,0,0,0,3.74534,-6.096910013,1.823474229,1.83214,-10.75202673,0,0.86,1.18375,4.2436,0.09061905849176,468.49565710236,0,0,0,14.0275717156,37.1723117066197,3.32505826382714,3.3567369796,115.606078802635,0,0.7396,1.4012640625,0.0664080102705681,0.03365,0.042215,0.04616,0,0,0,0,0,0.065144172,0.22,0.173717793,"190114A",0,0,0,0,0,0,0,0,0,0,0,0,0,0,0,3.3765,0.641126932803509
"190719C",1.64,0.740362689,20.95382587,0,0,0,4.88123,-5.292429824,2.268811904,1.5415,-11.257,0,0.915,1.55953,2.6896,0.548136911263311,439.062818590281,0,0,0,23.8264063129,28.0098134419647,5.14750745573211,2.37622225,126.720049,0,0.837225,2.4321338209,0.0226602223323686,0.2175,0.1943,0.21085,0.22,0,0,0,0,0.025546734,0.09,0.02368879,"190719C",0,0,0,0,0,0,0,0,0,0,0,0,0,0,0,2.469,0.54020429984206
"190829A",2.56,1.255272505,22.04910001,0,0,0,4.0838,-5.193820026,1.764922985,2.0913,-9.56068,0,1.16,1.03996,6.5536,1.57570906180898,486.162811250982,0,0,0,16.67742244,26.9757664624786,3.11495314298131,4.37353569,91.4066020624,0,1.3456,1.0815168016,0.0660733687520347,0.013585,0.01916,0.009675,0.075,0,0,0,0,0.047500959,0.21,0.065144172,"190829A",0,0,0,0,0,0,0,0,0,0,0,0,0,0,0,0.0785,0.0328201494385639
"191011A",1.94,0.255272505,21.65033473,0,0,0,3.15321333,-6.48148606,0.867467488,1.81479,-10.8132081,0,0.94,1.30602449,3.7636,0.065164051808975,468.736993921044,0,0,0,9.94275430448969,42.0096615459743,0.75249984273703,3.2934627441,116.925469413906,0,0.8836,1.70569996847976,0.0559978453284278,0.05719327,0.06597695,0.05756962,0.19,0,0,0,0,0.052641755,0.17,0.048254942,"191011A",0,0,0,0,0,0,0,0,0,0,0,0,0,0,0,1.722,0.434888120867316
"191221B",1.24,0.681241237,21.0438101,0,0,0,1.95518066,-4.721246399,1.681241237,1.843,-8.11145684,0,1.39,1.15734724,1.5376,0.46408962298929,442.841943524862,0,0,0,3.82273141323804,22.2901675600705,2.82657209698929,3.396649,65.7957320671828,0,1.9321,1.33945263393562,0.14476482742628,0.06184721,0.05366691,0.00551831,0.175,0,0,0,0,0.022857604,0.05,0.063334612,"191221B",0,0,0,0,0,0,0,0,0,0,0,0,0,0,0,1.148,0.332034277027518
"200205B",1.36,0.301029996,21.53322281,0,0,0,4.53640048,-5.26760624,2.660865478,1.90881,-11.7337376,0,0.516,1.56884903,1.8496,0.09061905849176,463.679684585104,0,0,0,20.5789293149442,27.7476754996869,7.08020509201217,3.6435556161,137.680598065654,0,0.266256,2.46128727893194,0.0051064352834946,0.10035241,0.08886983,0.19267266,0.18,0,0,0,0,0.016084981,0.22,0.043429448,"200205B",0,0,0,0,0,0,0,0,0,0,0,0,0,0,0,1.465,0.391816923613249
"200613A",1.74656725545063,0.228369899911643,20.9938049880807,0.9,5.199503,0.923123,0,-5.23247535249562,2.580924976,2.00996423348564,0,-12.785,0,0,3.05049717781235,0.0521528111856538,440.739847877562,0.81,27.034831447009,0.852156073129,0,27.3787983144742,6.6611737317406,4.03995621989152,0,163.456225,0,0,0.0875106835560367,0,0,0,0,0.113922,0.166694,0.132474,0.09,0.041388018888279,0.176273323751351,0.0694499683839808,"200613A",1,0.436641813862657,0.0570924749779107,5.24845124702018,0.225,1.29987575,0.23078075,0,-1.3081188381239,0.645231244,0.50249105837141,0,-3.19625,0,0,1.2255,0.347427598618541
"200829A",0.83,1.994317153,21.08966848,0,0,0,2.97975,-4.292429824,1.115277591,1.88219,-8.6381,0,0.64,1.29833,0.6889,3.97730090675002,444.774116596306,0,0,0,8.8789100625,18.4249537939647,1.24384410498676,3.5426391961,74.61677161,0,0.4096,1.6856607889,0.0969169435192129,0.00955,0.00926,0.00866,0.0195,0,0,0,0,0.008515578,0.03,0.007040235,"200829A",0,0,0,0,0,0,0,0,0,0,0,0,0,0,0,1.25,0.352182518111362
"201015A",3.03,0.255272505,21.35536147,1.1,4.275441,0.481067,0,-6.698970004,0.990338855,2.1574,0,-12.8744,0,0,9.1809,0.065164051808975,456.05146351436,1.21,18.279395744481,0.231425458489,0,44.8761991144918,0.980771047722711,4.65437476,0,165.75017536,0,0,0.035217186540104,0,0,0,0,0.09442,0.229803,0.027144,0.24,0.130288345,0.68,0.096509885,"201015A",1,0.7575,0.06381812625,5.3388403675,0.275,1.06886025,0.12026675,0,-1.674742501,0.24758471375,0.53935,0,-3.2186,0,0,0.426,0.154119525515847
"201020A",2.25,0.322219295,20.93258486,1.1,3.793643,0.728842,0,-6.036212173,1.15136985,2.0761,0,-12.091,0,0,5.0625,0.103825274070297,438.173108921101,1.21,14.391727211449,0.531210660964,0,36.4358573974734,1.32565253148902,4.31019121,0,146.192281,0,0,0.0249128885159663,0,0,0,0,0.128558,0.192264,0.056032,0.11,0.033044145,0.14,0.041361379,"201020A",1,0.5625,0.08055482375,5.233146215,0.275,0.94841075,0.1822105,0,-1.50905304325,0.2878424625,0.519025,0,-3.02275,0,0,2.903,0.591398551281249
"201021C",1.63,0,20.75199541,0.6,2.88042,1.034879,0,-6,1.387033701,1.6168,0,-11.1691,0,0,2.6569,0,430.645313496661,0.36,8.2968193764,1.070974544641,0,36,1.92386248770976,2.61404224,0,124.74879481,0,0,0.0951998384562338,0,0,0,0,0.102098,0.137291,0.035385,0.09,0.043429448,0.15,0.086858896,"201021C",1,0.4075,0,5.1879988525,0.15,0.720105,0.25871975,0,-1.5,0.34675842525,0.4042,0,-2.792275,0,0,1.07,0.315970345456918
"201104B",1.47,0.612783857,21.73058526,0,0,0,2.72159651,-5.744727495,0.937517892,1.55046,-9.38944702,0,0.605,1.19537497,2.1609,0.375504055399796,472.218335742129,0,0,0,7.40708756324418,33.001893991809,0.878939797820124,2.4039262116,88.1617153413869,0,0.366025,1.4289213189025,0.00811616012140756,0.02110237,0.02972805,0.02348264,0.175,0,0,0,0,0.024127471,0.07,0.031777645,"201104B",0,0,0,0,0,0,0,0,0,0,0,0,0,0,0,1.954,0.470410490975931
"210204A",1.71047871175346,0.493025576197725,21.0584880674433,0.73,4.489641,1.06783,0,-5.18451228666849,2.301029996,1.98957333119557,0,-12.0073,0,0,2.92573742336178,0.243074218785099,443.459919686652,0.5329,20.156876308881,1.1402609089,0,26.8791676506165,5.29473904249176,3.95840204020464,0,144.17525329,0,0,0.0343795484387942,0,0,0,0,0.017214,0.039841,0.028803,0.16,0.0338538542545085,0.143781575971085,0.0534933364415772,"210204A",1,0.427619677938365,0.123256394049431,5.26462201686082,0.1825,1.12241025,0.2669575,0,-1.29612807166712,0.575257499,0.497393332798892,0,-3.001825,0,0,0.876,0.273232834043046
"210210A",1.53,0.84509804,21.12319546,0,0,0,3.72413045,-6.008773924,0.819543936,1.85188,-10.1403778,0,0.965,1.5451851,2.3409,0.714190697211842,446.189386441365,0,0,0,13.8691476086172,36.1053640697424,0.671652263034372,3.4294595344,102.827261926733,0,0.931225,2.38759699326201,0.038778433249538,0.05799791,0.08857348,0.10645081,0.15,0,0,0,0,0.035452611,0.58,0.031021034,"210210A",0,0,0,0,0,0,0,0,0,0,0,0,0,0,0,0.715,0.234264124378789
"210411C",1.6,0.681241237,21.05996459,0,0,0,2.93128506,-5.920818754,1.10720997,1.88408,-9.72925773,0,1.21,1.16829405,2.56,0.46408962298929,443.522108532054,0,0,0,8.5924321029792,35.0560947177181,1.2259139176674,3.5497574464,94.6584559767648,0,1.4641,1.3649109872654,0.0202577864729536,0.05048963,0.05901459,0.03209979,0.14,0,0,0,0,0.036191207,0.4,0.027143405,"210411C",0,0,0,0,0,0,0,0,0,0,0,0,0,0,0,2.826,0.582744965691277
"210517A",1.85,0.176091259,21.15768338,0,0,0,3.057651,-6.823908741,0.485721426,1.71079,-10.8415194,0,0.66,1.21043545,3.4225,0.0310081314962051,447.647566008328,0,0,0,9.349229637801,46.5657305054962,0.235925303675473,2.9268024241,117.538542900576,0,0.4356,1.4651539786167,0.199990220376636,0.25872455,0.32132806,0.08060357,0.22,0,0,0,0,0.086858896,0.25,0.057905931,"210517A",0,0,0,0,0,0,0,0,0,0,0,0,0,0,0,2.486,0.542327382773974
"210610B",0.98,1.130333768,21.03780485,0,0,0,2.89514,-4.443697499,1.841234296,1.91684,-9.19036,0,0.78,1.05139,0.9604,1.27765442708108,442.589232906684,0,0,0,8.3818356196,19.7464474626189,3.39014373276662,3.6742755856,84.4627169296,0,0.6084,1.1054209321,0.015836913202155,0.0226,0.02831,0.01291,0.029,0,0,0,0,0.012063736,0.11,0.022518973,"210610B",0,0,0,0,0,0,0,0,0,0,0,0,0,0,0,1.13,0.328379603438738
"210619B",1.41,2.06069784,21.83430305,0,0,0,2.91049117,-4.022276395,1.784617293,1.92306,-8.55006175,0,0.745,1.12578835,1.9881,4.24647558778067,476.736789679239,0,0,0,8.47095885064797,16.1787073977742,3.18485888247465,3.6981597636,73.103555928813,0,0.555025,1.26739940899572,0.00197833385726092,0.01027813,0.01099582,0.00437126,0.07,0,0,0,0,0.004571521,0.02,0.008308242,"210619B",0,0,0,0,0,0,0,0,0,0,0,0,0,0,0,1.937,0.4679039465228
"210722A",1.62,0.342422681,20.54058972,0,0,0,3.6504,-5.602059991,1.700703717,1.83712,-10.3507,0,0.81,1.43908,2.6244,0.117253292463228,421.91582604537,0,0,0,13.32542016,31.3830761427629,2.89239313301762,3.3750098944,107.13699049,0,0.6561,2.0709512464,0.0911698774157967,0.0364819,0.0395981,0.048071,0.09,0,0,0,0,0.034743559,0.14,0.098703291,"210722A",0,0,0,0,0,0,0,0,0,0,0,0,0,0,0,1.145,0.331427296520743
"210822A",1.3,1.442479769,21.53322281,0,0,0,2.4985,-4.698970004,2.257198426,1.70788,-8.20842,0,0.77,1.267456,1.69,2.08074788397429,463.679684585104,0,0,0,6.24250225,22.0803190984918,5.09494473433688,2.9168540944,67.3781588964,0,0.5929,1.606444711936,0.102616483810065,0.017735,0.01621,0.008455,0.026,0,0,0,0,0.00868589,0.4,0.010974951,"210822A",0,0,0,0,0,0,0,0,0,0,0,0,0,0,0,1.736,0.437116093048079
"211024B",1.63,-0.045757491,20.98677173,0,0,0,3.43921565,-5.167491087,2.780677274,2.08,-8.56429146,0,1.07,1.92622006,2.6569,0.00209374798261508,440.444587647127,0,0,0,11.8282042872049,26.7029641342244,7.73216610214007,4.3264,73.3470882118289,0,1.1449,3.7103237195464,0.014863865494915,0.01916437,0.01167528,0.00965772,0.055,0,0,0,0,0.019160051,0.09,0.096509885,"211024B",0,0,0,0,0,0,0,0,0,0,0,0,0,0,0,1.1137,0.325043347403704
"220101A",1.13,0.86332286,21.90370028,0,0,0,3.04134881,-4.602059991,2.238948898,1.62241,-8.69262974,0,0.491,1.20052929,1.2769,0.74532636059858,479.772085956072,0,0,0,9.24980258408842,21.1789561607629,5.01289216785541,2.6322142081,75.5618117967325,0,0.241081,1.4412705761479,0.0313174061753508,0.01431841,0.02317526,0.01255481,0.016,0,0,0,0,0,0.13,0.017847718,"220101A",0,0,0,0,0,0,0,0,0,0,0,0,0,0,0,4.618,0.749581734865559
"220117A",1.84,0.278753601,21.99532933,0,0,0,3.43803362,-5.795880017,1.697316542,1.78537,-10.1070569,0,1.2,1.68612083,3.3856,0.0777035700704672,483.794512335158,0,0,0,11.8200751722503,33.5922251714599,2.88088344374684,3.1875460369,102.152599179838,0,1.44,2.84300345335989,0.0299157959274313,0.05084186,0.04500955,0.06200239,0.55,0,0,0,0,0.05428681,0.18,0.091430417,"220117A",0,0,0,0,0,0,0,0,0,0,0,0,0,0,0,4.961,0.775319121829478
"230116D",1.38,-0.22184875,20.54058972,0,0,0,3.79761,-6.090443971,1.612783857,1.76412,-11.1278,0,0.84,1.57289,1.9044,0.0492168678765625,421.91582604537,0,0,0,14.4218417121,37.0935077638903,2.6010717693998,3.1121193744,123.82793284,0,0.7056,2.4739829521,0.118428290656009,0.1014,0.13824,0.23491,0.22,0,0,0,0,0.064181451,0.22,0.144764827,"230116D",0,0,0,0,0,0,0,0,0,0,0,0,0,0,0,3.81,0.682145076373832
"230325A",1.82,0.51851394,22.22918251,0,0,0,3.7823081,-5.886056648,1.580354661,2.0855,-10.9066853,0,1.025,0.931411844,3.3124,0.268856705974324,494.13655506289,0,0,0,14.3058545633256,34.645662863465,2.49752085454443,4.34931025,118.955784233236,0,1.050625,0.86752802314348,0.131947893505177,0.1875455,0.20042492,0.05714513,0.18,0,0,0,0,0.066814536,0.18,0.052641755,"230325A",0,0,0,0,0,0,0,0,0,0,0,0,0,0,0,1.664,0.425534220498263
"230506C",1.89,0.380211242,20.96124782,0,0,0,4.25859,-5.769551079,1.491361694,2.08995,-11.4531,0,1.11,1.14181,3.5721,0.144560588543183,439.373910171455,0,0,0,18.1355887881,33.2877196531901,2.22415970233055,4.3678910025,131.17349961,0,1.2321,1.3037300761,0.0886038540296678,0.1023,0.11841,0.11299,0.29,0,0,0,0,0.051093469,0.17,0.090478017,"230506C",0,0,0,0,0,0,0,0,0,0,0,0,0,0,0,3.7,0.672097857935718
"230818A",1.36,0.826074803,21.31377445,0,0,0,3.9564,-5.721246399,0.992111488,2.00403,-11.0883,0,1.02,1.39195,1.8496,0.682399580151489,454.276981305473,0,0,0,15.65310096,32.7326603580705,0.984285204621574,4.0161362409,122.95039689,0,1.0404,1.9375248025,0.0552798328138297,0.2044,0.12794,0.19715,0.29,0,0,0,0,0.022857604,0.1,0.032410036,"230818A",0,0,0,0,0,0,0,0,0,0,0,0,0,0,0,2.42,0.534026106056135
"231210B",1.08,0.591064607,21.82763844,0,0,0,3.24045,-5.853871964,0.873320602,1.66432281,-10.048,0,0.84,1.60174,1.1664,0.349357369648064,476.445799867366,0,0,0,10.5005162025,34.2678169709052,0.762688873877642,2.7699704158863,100.962304,0,0.7056,2.5655710276,0.037615599688349,0.05243,0.04808,0.060675,0.362,0,0,0,0,0.062042069,0.19,0.077950292,"231210B",0,0,0,0,0,0,0,0,0,0,0,0,0,0,0,3.13,0.615950051656401
"970508A",1.89125935641635,0.329125184024259,20.9147184367958,0.32,6.247263,1.487567,0,-6.01308853019273,1.120573931,1.95905288678887,0,-13.8798,0,0,3.57686195323239,0.108323386759002,437.425447290446,0.1024,39.028294991169,2.212855579489,0,36.1572336719354,1.25568593483679,3.8378882132358,0,192.64884804,0,0,0.0509829166339321,0,0,0,0,0.072147,0.067354,0.155485,0.15,0.0513926781795972,0.291747439511379,0.0729767332031779,"970508A",1,0.472814839104088,0.0822812960060647,5.22867960919895,0.08,1.56181575,0.37189175,0,-1.50327213254818,0.28014348275,0.489763221697217,0,-3.46995,0,0,0.83,0.262451089730429
