"","PhotonIndex","log10PeakFlux","log10Ta","log10NH","log10Fa","Alpha","log10T90","Beta","Gamma","log10Fluence","PhotonIndexSqr","log10PeakFluxSqr","log10TaSqr","log10NHSqr","log10FaSqr","AlphaSqr","log10T90Sqr","BetaSqr","GammaSqr","log10FluenceSqr","log10T90Err","log10FaErr","log10TaErr","AlphaErr","BetaErr","log10FluenceErr","PhotonIndexErr","log10PeakFluxErr","GRB","is_optical","PhotonIndex_opt","log10PeakFlux_opt","log10Ta_opt","log10NH_opt","log10Fa_opt","Alpha_opt","log10T90_opt","Beta_opt","Gamma_opt","log10Fluence_opt","Redshift_crosscheck","log10z"
"000926A",1.68528474322361,0.49787317309306,3.90799741592681,21.1545856750033,-10.7464169549318,1.55996736072362,1.397940009,0.893104059798203,1.99215342891529,-5.73555346213348,2.84018466574227,0.247877696485752,15.2724438028906,447.516495081055,115.485477369246,2.43349816652302,1.95423626876292,0.797634861628032,3.96867528433895,32.8965735169914,0.15117163716416,0.833297516464585,0.470992604341124,0.244784839849413,0.17402687165464,0.0315728375171381,0.179660088857786,0.0584643654542467,"000926A",1,0.421321185805902,0.124468293273265,0.976999353981702,5.28864641875083,-2.68660423873295,0.389991840180905,0.34948500225,0.223276014949551,0.498038357228823,-1.43388836553337,2.04,0.482873583608754
"011211A",1.73074257586597,0.0099540052549258,3.95793560240018,20.9997109050585,-10.9970932823433,1.52936871912788,2.431363764,0.767844692191276,1.91703135792151,-5.54501519311092,2.99546986391517,9.90822206150904e-05,15.6652542327469,440.987858096033,120.93606066056,2.33896867904685,5.91152975289225,0.589585471326315,3.67500922725439,30.7471934918309,0.199990220376636,0.833297516464585,0.470992604341124,0.244784839849413,0.17402687165464,0.040345966847899,0.171421395586027,0.0900586582057859,"011211A",1,0.432685643966493,0.00248850131373145,0.989483900600045,5.24992772626462,-2.74927332058583,0.38234217978197,0.607840941,0.191961173047819,0.479257839480377,-1.38625379827773,2.14,0.496929648073215
"020124A",1.66001947418774,0.286068555062632,3.63469002637735,21.1181965423643,-10.709151383949,1.51865881617508,1.661907293,0.926734114971567,2.02236215224452,-5.79045330113306,2.75566465468254,0.0818352181956221,13.210971587847,445.978225201927,114.685923364337,2.3063245999463,2.76193585052659,0.858836119852134,4.08994867483109,33.5293494326027,0.0711120769415451,0.833297516464585,0.470992604341124,0.244784839849413,0.17402687165464,0.0323124845604323,0.162788614352911,0.0687137148382266,"020124A",1,0.415004868546935,0.071517138765658,0.908672506594338,5.27954913559107,-2.67728784598725,0.37966470404377,0.41547682325,0.231683528742892,0.50559053806113,-1.44761332528327,3.198,0.623042434246382
"021004A",1.67186887883644,0.355429318153098,4.31114281672062,21.0810752717726,-10.8079836345293,1.13770741864959,2,0.923658837577518,1.96438080403683,-5.46547580308238,2.79514554802181,0.126330000202776,18.5859523861618,444.411734614142,116.812510244253,1.29437817045031,4,0.853145648235052,3.85879194326838,29.871425754079,0.0937486856135703,0.833297516464585,0.470992604341124,0.244784839849413,0.17402687165464,0.036356115947561,0.193819704191375,0.062431543050404,"021004A",1,0.41796721970911,0.0888573295382745,1.07778570418016,5.27026881794315,-2.70199590863233,0.284426854662397,0.5,0.23091470939438,0.491095201009208,-1.3663689507706,2.34,0.523746466811564
"030226A",1.69364237204975,0.320464469437468,3.83509710015788,21.0511868725117,-10.8430824760775,1.6342065708526,1.344195716,0.790045290376858,1.94602716780256,-5.88907181132459,2.8684244844023,0.102697476171838,14.7079697676394,443.152468741409,117.572437583019,2.67063111621781,1.80686212291275,0.624171560846654,3.78702173782565,34.6811667989379,0.0226602223323686,0.833297516464585,0.470992604341124,0.244784839849413,0.17402687165464,0.0369501006956046,0.199398651948698,0.0723940497319666,"030226A",1,0.423410593012437,0.080116117359367,0.95877427503947,5.26279671812792,-2.71077061901937,0.40855164271315,0.336048929,0.197511322594215,0.48650679195064,-1.47226795283115,1.99,0.47567118832443
"030329A",1.63361744707194,0.780376798107853,4.52703806327568,21.2067839200846,-10.361404687603,1.27999772221432,1.798650645,0.948093777746705,1.94924493372129,-5.15361554086595,2.66870596337784,0.608987947025065,20.4940736263468,449.727684233159,107.358707100281,1.63839416887385,3.23514414275892,0.898881811402019,3.79955581163812,26.559753143055,0.0664439832683159,0.833297516464585,0.470992604341124,0.244784839849413,0.17402687165464,0.0273643578404255,0.164558266578791,0.0358944155859398,"030329A",1,0.408404361767985,0.195094199526963,1.13175951581892,5.30169598002115,-2.59035117190075,0.31999943055358,0.44966266125,0.237023444436676,0.487311233430323,-1.28840388521649,0.17,0.0681858617461616
"050315A",2.11,0.285557309,4.86356,21.91683806,-11.3757179,1.10818,1.980457892,0.856,1.99544,-5.492144128,4.4521,0.0815429767233215,23.6542158736,480.347790548265,129.40695774038,1.2280629124,3.92221346198508,0.732736,3.9817807936,30.1636471227249,0.0636907468763651,0.03245,0.04512,0.049165,0.001,0.019691613,0.09,0.04950507,"050315A",0,0,0,0,0,0,0,0,0,0,0,1.949,0.469674772551798
"050318A",1.9,0.499687083,4.132084541,20.92661714,-11.15490196,1.874408221,1.505149978,0.95,1.98053,-5.966576245,3.61,0.249687180917049,17.0741226539712,437.923304924142,124.431837737212,3.51340617895238,2.2654764562734,0.9025,3.9224990809,35.6000320873983,0.148833498209321,0.06181969,0.043780336,0.085906519,0.037,0.030963588,0.1,0.027486993,"050318A",0,0,0,0,0,0,0,0,0,0,0,1.44,0.387389826338729
"050319A",2.02,0.181843588,3.73997,20.93735437,-10.70553377,0.863159,2.183383742,0.971,2.01045,-5.882728704,4.0804,0.0330670904967137,13.9873756009,438.372808014958,114.60845330061,0.745043459281,4.76716456482992,0.942841,4.0419092025,34.6064970048655,0.0311909396976911,0.04165,0.06193,0.034558,0.009,0.049065331,0.19,0.060001211,"050319A",0,0,0,0,0,0,0,0,0,0,0,3.24,0.627365856592733
"050401A",1.4,1.029383778,3.12435,22.12570242,-9.653647026,0.984108,1.506369717,0.9995,1.78711,-5.085128182,1.96,1.05963096240955,9.7615629225,489.546707578394,93.1929009025986,0.968468555664,2.26914972429466,0.99900025,3.1937621521,25.8585286273706,0.00846336277739286,0.019455,0.02833,0.0260615,0.0174145,0.016167167,0.07,0.037341208,"050401A",0,0,0,0,0,0,0,0,0,0,0,2.9,0.591064607026499
"050416A",3.08,0.688419822,2.99481,21.75162856,-10.5559552,0.842217,0.397940009,0.9,2.06183,-6.435333936,9.4864,0.473921851322512,8.9688869361,473.133345012208,111.428190184407,0.709329475089,0.15835625076292,0.81,4.2511429489,41.4135228678333,0.0771432232434421,0.0484,0.070765,0.0149485,0.005,0.043784457,0.22,0.04271749,"050416A",0,0,0,0,0,0,0,0,0,0,0,0.6528,0.218220304175545
"050502A",1.5837013438142,0.330571846807332,3.51664581121582,21.0181637594417,-10.6723178688682,1.44058672494939,1.301029996,0.83772921986216,1.96705146522392,-5.95905698874291,2.5081099463989,0.10927774590161,12.3667977615418,441.763207818708,113.898368694163,2.07529011210041,1.69267905049176,0.701790245810863,3.86929146683957,35.5103601950857,0.15117163716416,0.833297516464585,0.470992604341124,0.244784839849413,0.17402687165464,0.0347486663233463,0.18713159391256,0.0657749268162652,"050502A",1,0.39592533595355,0.082642961701833,0.879161452803955,5.25454093986042,-2.66807946721705,0.360146681237347,0.325257499,0.20943230496554,0.49176286630598,-1.48976424718573,3.79,0.680335513414563
"050502B",1.49398169361224,0.300152911468348,3.48226128152163,21.0347201497492,-10.6167589054291,1.4075108304542,1.243038049,0.869359678418334,1.97812318786123,-5.90726604152399,2.2319813008485,0.090091770262926,12.1261436327847,442.459451778265,112.715569656008,1.98108673784587,1.54514359126173,0.755786250459629,3.91297134635427,34.8957920853425,0.199990220376636,0.833297516464585,0.470992604341124,0.244784839849413,0.17402687165464,0.0295798799821603,0.14,0.0671099909495084,"050502B",1,0.37349542340306,0.075038227867087,0.870565320380407,5.2586800374373,-2.65418972635727,0.35187770761355,0.31075951225,0.217339919604583,0.494530796965307,-1.476816510381,3.793,0.680607428991788
"050505A",1.41,0.267171728,4.270583544,22.23063027,-11.04817696,1.462094791,1.770115295,0.973,2.01835,-5.603800653,1.9881,0.071380732242506,18.2378838062836,494.20092220144,122.062214139475,2.13772117786933,3.13330815759294,0.946729,4.0737367225,31.4025817585632,0.0504266082569071,0.03272177,0.030067592,0.035926291,5e-04,0.031220366,0.12,0.07277367,"050505A",0,0,0,0,0,0,0,0,0,0,0,4.27,0.721810615212547
"050525A",1,1.620136055,3.56232073439233,21.2788016,-10.3514773343196,1.37695483792374,0.944482672,0.856553278006956,2.08914,-4.815308569,1,2.62484083671096,12.6901290146815,452.787397532163,107.153083002932,1.89600462568159,0.89204751770826,0.733683518064462,4.3645059396,23.1871966146848,0.131947893505177,0.833297516464585,0.470992604341124,0.244784839849413,0.17402687165464,0.006273143,0.1,0.009789852,"050525A",1,0.25,0.40503401375,0.890580183598083,5.3197004,-2.5878693335799,0.344238709480935,0.236120668,0.214138319501739,0.522285,-1.20382714225,0.61,0.20682587603185
"050603A",1.16,1.33243846,3.84020803675133,21.63005546,-10.3773120705851,1.55432927613548,1.322219295,0.929371411175941,1.90951127022931,-5.196542884,1.3456,1.77539224968717,14.7471977655295,467.859299202676,107.688605810311,2.41593949865185,1.7482638640703,0.86373121991116,3.64623329113275,27.004057945251,0.131947893505177,0.833297516464585,0.470992604341124,0.244784839849413,0.17402687165464,-0.0006217656979968,0.06,0.0038290748542292,"050603A",1,0.29,0.333109615,0.960052009187833,5.407513865,-2.59432801764628,0.38858231903387,0.33055482375,0.232342852793985,0.477377817557327,-1.299135721,2.82,0.582063362911709
"050730A",1.53,-0.259637311,4.05018,21.73850309,-10.09854168,2.38763,2.194514342,0.5615,1.6177,-5.623423043,2.3409,0.0674115332633107,16.4039580324,472.562516593939,101.980544062697,5.7007770169,4.81589319724369,0.31528225,2.61695329,31.6228867205434,0.0500432094216776,0.0266,0.017795,0.0538,0.000210492,0.027736454,0.11,0.110547686,"050730A",0,0,0,0,0,0,0,0,0,0,0,3.967,0.696094159995223
"050801A",1.99,0.164352856,3.33500987628873,20.80209017,-10.0668779283512,1.54872275638726,1.28780173,0.879677553574912,2.07525210781143,-6.508638306,3.9601,0.0270118612753567,11.1222908749434,432.726955440811,101.342031224325,2.39854217615175,1.65843329579099,0.773832598263542,4.30667131097578,42.3623725983306,0.366834332492466,0.833297516464585,0.470992604341124,0.244784839849413,0.17402687165464,0.0581234535102333,0.25,0.0712796339614364,"050801A",1,0.4975,0.041088214,0.833752469072182,5.2005225425,-2.5167194820878,0.387180689096815,0.3219504325,0.219919388393728,0.518813026952857,-1.6271595765,1.56,0.40823996531185
"050802A",1.54,0.439332694,3.63973,21.25883595,-10.28650946,1.44729,1.477121255,0.8585,1.8557,-5.698970004,2.3716,0.193013216017298,13.2476344729,451.938105949012,105.812276870669,2.0946483441,2.18188720197277,0.73702225,3.44362249,32.4782591064918,0.14763173580347,0.0275,0.0326,0.03274,0.002369606,0.034092117,0.13,0.069487117,"050802A",0,0,0,0,0,0,0,0,0,0,0,1.7102,0.433001340945038
"050803A",1.38,-0.017728767,4.21721,21.34755638,-10.86012091,1.52234,1.943988875,1.218,2.11696,-5.66756154,1.9044,0.000314309179340289,17.7848601841,455.718163397279,117.942226179819,2.3175190756,3.77909274612377,1.483524,4.4815196416,32.1212538096872,0.0515724807527089,0.0489,0.04766,0.048695,0.22485626,0.027269654,0.11,0.049762909,"050803A",0,0,0,0,0,0,0,0,0,0,0,3.5,0.653212513775344
"050820A",1.25,0.389166084,3.750945731,21.61964524,-10.01818139,1.136499703,1.414973348,0.9,1.96878,-5.463441557,1.5625,0.151450240935895,14.0695938769071,467.409060303455,100.363958362942,1.29163157491909,2.00214957555033,0.81,3.8760946884,29.8491936467546,0.378773543191014,0.266741013,0.238477529,0.012525701,0.0405,0.030552112,0.12,0.040770502,"050820A",0,0,0,0,0,0,0,0,0,0,0,2.6147,0.558072259099146
"050824A",2.76,-0.301029996,5.08558,20.9708274,-12.23882419,0.954481,1.353723938,0.86,1.94709,-6.575118363,7.6176,0.09061905849176,25.8631239364,439.775601840591,149.788817553729,0.911033979361,1.83256850031423,0.7396,3.7911594681,43.2321814874598,0.0782985476819812,0.06855,0.12722,0.0899785,0.01,0.084899673,0.38,0.130288345,"050824A",0,0,0,0,0,0,0,0,0,0,0,0.8278,0.261928672990642
"050904A",1.25,-0.207608311,3.84578074898733,22.39388568,-11.2265101298187,1.55096693041187,2.259044094,0.818155616987025,1.90813,-5.316052869,1.5625,0.0431012107962727,14.7900295692815,501.486115848909,126.034529694922,2.40549841923122,5.10328021863628,0.66937861360742,3.6409600969,28.2604181060031,0.051933835584684,0.833297516464585,0.470992604341124,0.244784839849413,0.17402687165464,0.016184888,0.07,0.119080745,"050904A",1,0.3125,-0.05190207775,0.961445187246832,5.59847142,-2.80662753245467,0.387741732602968,0.5647610235,0.204538904246756,0.4770325,-1.32901321725,6.295,0.86302529622947
"050908A",1.88,-0.15490196,3.39276808697263,21.34792103,-10.7070692945506,1.01507278622451,1.239799818,1.04568170776823,2.74883,-6.316052869,3.5344,0.0239946172118416,11.5108752919799,455.733732303116,114.641332878308,1.03037276133359,1.53710358871283,1.09345023396108,7.5560663689,39.8925238440031,0.199990220376636,0.833297516464585,0.470992604341124,0.244784839849413,0.17402687165464,0.045857181,0.17,0.086858896,"050908A",1,0.47,-0.03872549,0.848192021743158,5.3369802575,-2.67676732363765,0.253768196556127,0.3099499545,0.261420426942058,0.6872075,-1.57901321725,3.34,0.637489729512511
"050922C",1.37,0.860936621,2.52429,21.44930866,-9.477555766,1.22035,0.653212514,1.064,2.2119,-5.790484985,1.8769,0.741211865378898,6.3720400041,460.072841991951,89.8240632976399,1.4892541225,0.4266865884462,1.132096,4.89250161,33.5297163615105,0.0434736058796182,0.03194,0.034305,0.013275,0.013,0.014476483,0.06,0.019142456,"050922C",0,0,0,0,0,0,0,0,0,0,0,2.198,0.504878459410216
"051016B",2.4,0.113943352,4.25742,21.71466751,-11.59006688,1.14771,0.602059991,0.73,1.89482,-6.769551079,5.76,0.0129830874649959,18.1256250564,471.52678506985,134.329650282873,1.3172382441,0.36247623276292,0.5329,3.5903428324,45.8268218111901,0.0509829166339321,0.04535,0.058175,0.04854,0.005,0.056202815,0.23,0.053451629,"051016B",0,0,0,0,0,0,0,0,0,0,0,0.9364,0.286995073968852
"051028A",1.6783282458665,0.179466033655192,3.68911258975276,20.9024195385481,-10.8755198140656,1.10415742037089,1.204119983,0.925518855523758,2.02921982175251,-6.17568341398607,2.81678570087332,0.0322080572359265,13.6095516998723,436.911142565477,118.276931226133,1.2191636089601,1.44990493345992,0.856585151930007,4.11773308499329,38.1390656297826,0.0559162050267847,0.833297516464585,0.470992604341124,0.244784839849413,0.17402687165464,0.0451414448022833,0.236991174642203,0.0749534429882672,"051028A",1,0.419582061466625,0.044866508413798,0.92227814743819,5.22560488463702,-2.7188799535164,0.276039355092722,0.30102999575,0.23137971388094,0.507304955438127,-1.54392085349652,3.6,0.662757831681574
"051109A",1.51,0.595496222,3.91123,21.97057233,-10.51999306,1.22299,1.57054294,1.06,2.06584,-5.657577319,2.2801,0.354615750416273,15.2977201129,482.706048507762,110.670253982448,1.4957045401,2.46660512638384,1.1236,4.2676949056,32.0081811204632,0.0827679937346041,0.04815,0.04637,0.019155,0.054794381,0.05369459,0.2,0.076056648,"051109A",0,0,0,0,0,0,0,0,0,0,0,2.346,0.524525936626376
"051111A",1.32,0.424881637,3.46050233929367,21.79196559,-10.0519857946106,1.41903368950997,1.776555911,0.922727407311059,2.23019,-5.389339837,1.7424,0.1805244054598,11.975076440257,474.889764275744,101.042418415053,2.01365661196428,3.15615090490904,0.851425868202989,4.9737474361,29.0449838786752,0.0664439832683159,0.833297516464585,0.470992604341124,0.244784839849413,0.17402687165464,0.014263593,0.06,0.034286406,"051111A",1,0.33,0.10622040925,0.865125584823418,5.4479913975,-2.51299644865265,0.354758422377492,0.44413897775,0.230681851827765,0.5575475,-1.34733495925,1.55,0.406540180433955
"060115A",1,-0.060480747,3.69688,21.43355223,-11.29499204,0.889919,2.144885418,1,2.10553,-5.76700389,1,0.00365792075767801,13.6669217344,459.397161196138,127.576845183663,0.791955826561,4.60053345634903,1,4.4332565809,33.2583338672751,0.0469357822743554,0.0812,0.123015,0.053884,0.085,0.038096007,0.303030303,0.059902687,"060115A",0,0,0,0,0,0,0,0,0,0,0,3.53,0.656098202012832
"060124A",1.84,-0.050609993,4.47599,21.9172644,-10.6893,1.3641,1.134495856,0.99,2.00895,-6.336299075,3.3856,0.00256137139146005,20.0344864801,480.366478779507,114.26113449,1.86076881,1.28708084728117,0.9801,4.0358801025,40.1486859678459,0.0416381769095578,0.04445,0.036665,0.01627,0.076380116,0.049929734,0.19,0.087834839,"060124A",0,0,0,0,0,0,0,0,0,0,0,2.296,0.517987203025078
"060206A",1.2,0.445604203,3.93814,22.33966406,-10.63078414,1.17565,0.880241776,1.265,2.20424,-6.080398976,1.44,0.198563105731265,15.5089466596,499.060590313656,113.013571431276,1.3821529225,0.774825584215634,1.600225,4.8586739776,36.9712517073418,0.110636974360534,0.07055,0.07444,0.02867,0.013041887,0.021949902,0.181818182,0.026462388,"060206A",0,0,0,0,0,0,0,0,0,0,0,4.048,0.703119346236078
"060210A",1.53,0.434568904,4.15028,22.3877421,-10.66756154,1.20511,2.40654018,0.979,2.08163,-5.11577123,2.3409,0.188850132323761,17.2248240784,501.210996336112,113.796869209687,1.4522901121,5.79143563795443,0.958441,4.3331834569,26.1711152776957,0.207740121229715,0.0292,0.030365,0.02297,0.083622271,0.023188831,0.09,0.044706785,"060210A",0,0,0,0,0,0,0,0,0,0,0,3.91,0.691081492122968
"060223A",1.74,0.130333768,2.78682,22.49782636,-10.9636,1.1892,1.053078443,0.81,2.01015,-6.171984936,3.0276,0.0169868910810778,7.7663657124,506.152190924711,120.20052496,1.41419664,1.1089742071113,0.6561,4.0407030225,38.0933980502109,0.042104904450281,0.1982,0.23477,0.18005,0.045,0.030974941,0.12,0.057905931,"060223A",0,0,0,0,0,0,0,0,0,0,0,4.41,0.73319726510657
"060306A",1.8,0.775974331,3.61496,21.61973178,-10.70553377,1.03794,2.13255996245349,0.76,2.28823,-5.671620397,3.24,0.602136162370898,13.0679358016,467.412802239142,114.60845330061,1.0773194436,4.54781199345963,0.5776,5.2359965329,32.1672779276664,0.0112622187283241,0.03495,0.04452,0.02498,0.01,0.01457843,0.060606061,0.0488439909307915,"060306A",0,0,0,0,0,0,0,0,0,0,0,1.559,0.408070285887185
"060418A",1.7,0.814247596,3.11887,21.65363309,-9.792961075,1.47655,2.158362492,0.98,1.94118,-5.079354999,2.89,0.662999147591779,9.7273500769,468.879825996343,95.9020866164651,2.1801999025,4.65852864687245,0.9604,3.7681797924,25.7998472058663,0.136485588124709,0.04904,0.057245,0.044705,0.005,0.013190457,0.06,0.023313354,"060418A",0,0,0,0,0,0,0,0,0,0,0,1.489,0.396024896608593
"060502A",1.46,0.227886705,3.3865,21.45692297,-10.55284197,0.897152,1.45331834,0.87,2.02719,-5.63638802,2.1316,0.051932350315757,11.46838225,460.399543340514,111.362473643793,0.804881711104,2.11213419738036,0.7569,4.1094992961,31.7688699119995,0.150287880735964,0.05675,0.075085,0.0205255,0.015,0.019176639,0.08,0.053965586,"060502A",0,0,0,0,0,0,0,0,0,0,0,1.5026,0.398391440229475
"060510B",1.78,-0.244125144,4.43617,22.00215742,-12.2656,1.00735,2.43964843,1.38,2.1317,-5.390405591,3.1684,0.0595970859330207,19.6796042689,484.094931134461,150.44494336,1.0147540225,5.95188446200147,1.9044,4.54414489,29.0564724354841,0.0335971369822932,0.2206,0.31628,0.2313695,0.03,0.018780302,0.08,0.083811216,"060510B",0,0,0,0,0,0,0,0,0,0,0,4.9,0.770852011642144
"060512A",2.48,-0.055517328,3.7192971954124,22.05510681,-10.652246944233,1.10213667586381,0.92890769,0.89142293477346,2.70163,-6.634512015,6.1504,0.00308217370825958,13.8331716278025,486.427736400508,113.470364960921,1.21470525228413,0.862869496541136,0.794634848640128,7.2988046569,44.0167496771794,0.199990220376636,0.833297516464585,0.470992604341124,0.244784839849413,0.17402687165464,0.074878359,0.3,0.098703291,"060512A",1,0.62,-0.013879332,0.9298242988531,5.5137767025,-2.66306173605825,0.275534168965953,0.2322269225,0.222855733693365,0.6754075,-1.65862800375,0.44,0.15836249209525
"060526A",2.01,0.222716471,3.8752,21.25883595,-11.3053948,1.05873,2.47444938,0.93,1.90677,-5.899629455,4.0401,0.0496026264546938,15.01717504,451.938105949012,127.811951583867,1.1209092129,6.12289973418238,0.8649,3.6357718329,34.8056277063036,0.0335716198838349,0.06785,0.09216,0.0623145,0.0305,0.056871896,0.24,0.046810184,"060526A",0,0,0,0,0,0,0,0,0,0,0,3.221,0.625415352154408
"060604A",2.01,-0.468521083,4.45991,21.99003057,-11.76955108,1.21596,1.977723605,1.02,2.1711,-6.395773947,4.0401,0.219512005215493,19.8907972081,483.561444469534,138.522332624729,1.4785587216,3.9113906577742,1.0404,4.71367521,40.905924381124,0.0777158547080599,0.04195,0.04994,0.04695,0,0.11451546,0.42,0.166053773,"060604A",0,0,0,0,0,0,0,0,0,0,0,2.1357,0.496334505996816
"060605A",1.55,-0.337242168,4.04162,21.77333803,-11.26121944,1.9179,2.059904056,0.835,2.02128,-6.156767222,2.4025,0.11373227987734,16.3346922244,474.078248968644,126.815063275834,3.67834041,4.24320471992525,0.697225,4.0855728384,37.9057826258936,0.132471980179598,0.05315,0.037375,0.085,0.10149311,0.056078197,0.2,0.113294213,"060605A",0,0,0,0,0,0,0,0,0,0,0,3.78,0.679427896612119
"060607A",1.47,0.146128036,3.61434866557124,21.79614607,-10.3710521493982,1.41139438058861,2.009450896,0.887600763046437,1.61002,-5.59345982,2.1609,0.0213534029052173,13.0635162763166,475.071983504776,107.558722685537,1.99203409755711,4.0378929034352,0.787835114560617,2.5921644004,31.2867927579544,0.169579312058566,0.833297516464585,0.470992604341124,0.244784839849413,0.17402687165464,0.019074895,0.08,0.040327345,"060607A",1,0.3675,0.036532009,0.90358716639281,5.4490365175,-2.59276303734955,0.352848595147152,0.502362724,0.221900190761609,0.402505,-1.398364955,3.07,0.60959440922522
"060707A",0.6,0.004321374,3.5545,21.20847898,-10.9132,0.861995,1.820857989,1.12,2.09345,-5.795880017,0.36,1.8674273247876e-05,12.63447025,449.799580645102,119.09793424,0.743035380025,3.31552381610512,1.2544,4.3825329025,33.5922251714599,0.0414232996019404,0.07695,0.127895,0.0364485,0.035,0.040986542,0.363636364,0.098898743,"060707A",0,0,0,0,0,0,0,0,0,0,0,3.425,0.645913275033844
"060708A",1.68,0.28780173,3.50569,20.79066861,-10.86966623,1.12969,1.008600172,1.485,2.20484,-6.306273051,2.8224,0.0828298357909929,12.2898623761,432.251901250839,118.149643951602,1.2761994961,1.01727430695843,2.205225,4.8613194256,39.7690797937688,0.153333382237578,0.06115,0.062725,0.028525,0.33410152,0.032528129,0.12,0.031340839,"060708A",0,0,0,0,0,0,0,0,0,0,0,1.92,0.465382851448418
"060714A",1.93,0.10720997,3.73449,22.0125926,-10.86012091,1.20488,2.060660074,0.87,2.04425,-5.548213564,3.7249,0.0114939776674009,13.9464155601,484.554232973575,117.942226179819,1.4517358144,4.24631994057768,0.7569,4.1789580625,30.7826737517536,0.0344798070207195,0.0352,0.046765,0.035305,0.005,0.025627978,0.11,0.044108033,"060714A",0,0,0,0,0,0,0,0,0,0,0,2.711,0.569490954348783
"060729A",1.75,0.068185862,5.1057,20.86562801,-11.15058059,1.35481,2.062017599,1.317,1.92492,-5.583359493,3.0625,0.00464931177668304,26.06817249,435.374432251696,124.335447494085,1.8355101361,4.25191657858572,1.734489,3.7053170064,31.1739032280732,0.127647038192483,0.0116,0.012825,0.013425,0.077392286,0.035109631,0.14,0.048254942,"060729A",0,0,0,0,0,0,0,0,0,0,0,0.54,0.187520720836463
"060814A",1.53,0.861534411,4.22387,22.00679538,-10.91009489,1.29504,2.162265614,0.97,2.11591,-4.835647144,2.3409,0.742241541337117,17.8410777769,484.299042897189,119.030170508804,1.6771286016,4.6753925854868,0.9409,4.4770751281,23.3834833012754,0.0146412491965932,0.0353,0.034855,0.024565,0,0.007109341,0.03,0.017323989,"060814A",0,0,0,0,0,0,0,0,0,0,0,1.9229,0.465813957269479
"060904B",1.64,0.387389826,3.72246216502311,21.59122827,-10.528740953358,1.24602260324099,2.234264124,0.961613733782178,2.18877,-5.790484985,2.6896,0.15007087728831,13.8567245700285,466.181138207247,110.854386062918,1.55257232778745,4.99193617579349,0.924700972998501,4.7907141129,33.5297163615105,0.169579312058566,0.833297516464585,0.470992604341124,0.244784839849413,0.17402687165464,0.038335871,0.14,0.037377804,"060904B",1,0.41,0.0968474565,0.930615541255778,5.3978070675,-2.6321852383395,0.311505650810248,0.558566031,0.240403433445544,0.5471925,-1.44762124625,0.7,0.230448921378274
"060906A",2.03,0.294466226,4.33479,22.41960057,-11.8827287,1.71887,1.638489257,1.06,2.07859,-5.655607726,4.1209,0.0867103582546831,18.7904043441,502.638489718344,141.199241357804,2.9545140769,2.68464704530441,1.1236,4.3205363881,31.9858987503909,0.0815374132437055,0.08845,0.072145,0.169635,0.005,0.026725814,0.11,0.061727135,"060906A",0,0,0,0,0,0,0,0,0,0,0,3.686,0.670802284260944
"060908A",1,0.481442629,2.81918,21.80952201,-9.627087997,1.38309,1.285557309,1.185,2.13395,-5.552841969,1,0.231787005018432,7.9477758724,475.655250304674,92.6808233019815,1.9129379481,1.65265759472332,1.404225,4.5537426025,30.8340539326878,0.0299356101990356,0.045185,0.05993,0.04964,0.003474954,0.017216674,0.181818182,0.035832878,"060908A",0,0,0,0,0,0,0,0,0,0,0,1.8836,0.459935016851525
"060912A",1.74,0.933487288,2.455171016,21.36738202,-10.1079054,1.045731532,0.698970004,0.63,1.8948,-5.869666232,3.0276,0.871398516857595,6.02786471780647,456.565014388619,102.169751575349,1.09355443701907,0.48855906649176,0.3969,3.59026704,34.4529816750811,0.0503781599397554,0.147419953,0.156564864,0.028937785,0.0785,0.019945376,0.09,0.022271512,"060912A",0,0,0,0,0,0,0,0,0,0,0,0.937,0.287129620719111
"060926A",2.54,0.037426498,3.351,22.50004427,-10.84771166,1.45111,0.903089987,1.357,2.00443,-6.659555885,6.4516,0.001400742752544,11.229201,506.25199215196,117.6728482585,2.1057202321,0.81557152461966,1.841449,4.0177396249,44.3496845854381,0.0658325115034435,0.08245,0.09927,0.11561,0.009157091,0.049576996,0.23,0.055780943,"060926A",0,0,0,0,0,0,0,0,0,0,0,3.2,0.6232492903979
"060927A",0.9,0.431363764,3.15198,22.10710478,-10.77728353,1.39098,1.352953912,0.83,1.94856,-5.946921557,0.81,0.186074696892248,9.9349779204,488.724081753899,116.149840286009,1.9348253604,1.8304842879961,0.6889,3.7968860736,35.3658760051113,0.0249377639674928,0.08115,0.108435,0.118785,0.178498106,0.026134535,0.242424242,0.027344467,"060927A",0,0,0,0,0,0,0,0,0,0,0,5.47,0.8109042806687
"061007A",1.03,1.164352856,3.2635190939762,21.74186197,-9.18819140742016,1.94555352128263,1.876852648,1.00876341721693,1.99824,-4.35261703,1.0609,1.35571757327536,10.6505568767472,472.708561922532,84.4228613393897,3.78517850417524,3.52257586230461,1.01760363191518,3.9929630976,18.945275009846,0.214744065864423,0.833297516464585,0.470992604341124,0.244784839849413,0.17402687165464,0.005497151,0.03,0.011006093,"061007A",1,0.2575,0.291088214,0.81587977349405,5.4354654925,-2.29704785185504,0.486388380320658,0.469213162,0.252190854304232,0.49956,-1.0881542575,1.26,0.354108439147401
"061021A",1.3,0.78604121,3.23849,20.87141063,-10.04095861,1.01707,1.664641976,0.785,1.99282,-5.528708289,1.69,0.617860783818264,10.4878174801,435.615781686077,100.820849807733,1.0344313849,2.77103290826118,0.616225,3.9713315524,30.5666153448573,0.0507507174713444,0.0264,0.03399,0.010415,0.016800037,0.014818832,0.06,0.019191409,"061021A",0,0,0,0,0,0,0,0,0,0,0,0.3463,0.129141845792285
"061121A",1.41,1.324282455,3.78753,21.75351565,-10.03011836,1.35185,1.90982337,0.9485,1.90181,-4.863279433,1.9881,1.75372402062083,14.3453835009,473.215443134795,100.603274315609,1.8274984225,3.64742530459816,0.89965225,3.6168812761,23.6514868434408,0.246558916936231,0.01265,0.01703,0.01585,0.002358211,0.006308365,0.03,0.009468031,"061121A",0,0,0,0,0,0,0,0,0,0,0,1.314,0.364363354615731
"061126A",1.32,0.989449818,3.6453219417273,21.38058204,-10.5896872768966,1.19154886858262,2.281033367,0.904331530036894,1.9269241917552,-5.169411331,1.7424,0.979010942340233,13.2883720588385,457.129288369171,112.141476622466,1.41978870622052,5.20311322136736,0.81781551621887,3.71303684077143,26.7228135090712,0.169579312058566,0.833297516464585,0.470992604341124,0.244784839849413,0.17402687165464,0.0190994093843814,0.06,0.0246693811930976,"061126A",1,0.33,0.2473624545,0.911330485431825,5.34514551,-2.64742181922415,0.297887217145655,0.57025834175,0.226082882509224,0.4817310479388,-1.29235283275,1.1588,0.334212409393176
"061222A",1.35,0.930949031,3.92091,22.56660835,-9.954677021,1.35061,1.853698212,0.86,1.92748,-5.097453221,1.8225,0.866666098319839,15.3735352281,509.25181242229,99.0955945924254,1.8241473721,3.436197061172,0.7396,3.7151791504,25.9840293402833,0.0973208922530927,0.02311,0.024435,0.018075,0.005,0.008588051,0.04,0.013237581,"061222A",0,0,0,0,0,0,0,0,0,0,0,2.088,0.489677291663699
"070110A",1.58,-0.22184875,4.26825,21.3989672,-11.04866248,1.42725,1.946550511,1.186,2.08596,-5.790484985,2.4964,0.0492168678765625,18.2179580625,457.915797226676,122.07294259696,2.0370425625,3.78905889187436,1.406596,4.3512291216,33.5297163615105,0.0711120769415451,0.05475,0.053995,0.046555,0.12166788,0.028952965,0.12,0.086858896,"070110A",0,0,0,0,0,0,0,0,0,0,0,2.352,0.525304009958239
"070125A",1.66719216524827,0.461366700396796,4.1376737169557,21.1168251059769,-10.7144329683997,1.42067734582212,1.77815125,0.869833402905479,1.95142632719767,-5.49527903539734,2.77952971586521,0.212859232235027,17.120343787986,445.920302556416,114.79907383433,2.01832412093218,3.16182186787656,0.756610148810125,3.80806471048019,30.1980916768775,0.169579312058566,0.833297516464585,0.470992604341124,0.244784839849413,0.17402687165464,0.0330719907495403,0.177142407809118,0.0593602352348791,"070125A",1,0.416798041312067,0.115341675099199,1.03441842923892,5.27920627649423,-2.67860824209993,0.35516933645553,0.4445378125,0.21745835072637,0.487856581799417,-1.37381975884934,1.55,0.406540180433955
"070208A",1.94,-0.045757491,3.44468,21.8647258,-10.86327943,1.2125,1.806179974,1.14,2.20341,-6.351639989,3.7636,0.00209374798261508,11.8658203024,478.066234309186,118.010839974261,1.47015625,3.26228609847864,1.2996,4.8550156281,40.3433305498639,0.153546286600926,0.1619,0.14114,0.06357,0.015,0.098570208,0.36,0.106160873,"070208A",0,0,0,0,0,0,0,0,0,0,0,1.165,0.335457900689384
"070223A",1.85,-0.161150909,4.22335,21.70173804,-11.86327943,0.991734,1.9408513687054,1.03,2.25837,-5.769551079,3.4225,0.0259696154715263,17.8366852225,470.965433956783,140.737398834261,0.983536326756,3.76690403540562,1.0609,5.1002350569,33.2877196531901,0.0402373538487879,0.16615,0.203105,0.079308,0.06,0.018572476,0.072727273,0.130844061722848,"070223A",0,0,0,0,0,0,0,0,0,0,0,1.6295,0.419873175149476
"070306A",1.66,0.609594409,4.86926,22.44245468,-11.2737,1.89982,2.321184027,0.831,1.94468,-5.269217724,2.7556,0.371605343484059,23.7096929476,503.663772063854,127.09631169,3.6093160324,5.38789528719994,0.690561,3.7817803024,27.7646554229157,0.134263479640872,0.0335,0.02824,0.06188,0.001,0.02308703,0.1,0.022408315,"070306A",0,0,0,0,0,0,0,0,0,0,0,1.4959,0.397227181043161
"070411A",1.72,-0.040958608,3.34899837185609,22.32139542,-10.6220812730793,1.40009705614063,2.089021501,0.887189358072951,2.2428,-5.568636236,2.9584,0.00167760756929766,11.2157900946947,498.244693495997,112.828610571902,1.96027176661366,4.36401083164029,0.787104957077895,5.03015184,31.0097095288922,0.15117163716416,0.833297516464585,0.470992604341124,0.244784839849413,0.17402687165464,0.02493172,0.1,0.062042069,"070411A",1,0.43,-0.010239652,0.837249592964022,5.580348855,-2.65552031826982,0.350024264035158,0.52225537525,0.221797339518238,0.5607,-1.392159059,2.95,0.59659709562646
"070508A",1.1,1.382017043,3.02525,21.89306622,-9.161150909,1.37377,1.320146286,0.764,1.82568,-4.707743929,1.21,1.90997110714246,9.1521375625,479.306348513305,83.9266859774715,1.8872440129,1.74278621643959,0.583696,3.3331074624,22.1628529010364,0.0152922340458476,0.010795,0.01189,0.013355,5e-04,0.006049102,0.060606061,0.010992516,"070508A",0,0,0,0,0,0,0,0,0,0,0,0.82,0.260071387985075
"070521A",1.1,0.814913181,3.55243,22.27524914,-10.01233374,1.44502,1.57863921,0.98,2.00022,-5.096367484,1.21,0.664083492567539,12.6197589049,496.186724249071,100.246826921142,2.0880828004,2.49210175534942,0.9604,4.0008800484,25.9729615319725,0.0323072045959819,0.04901,0.04844,0.0562,0.147518075,0.009596769,0.121212121,0.017957046,"070521A",0,0,0,0,0,0,0,0,0,0,0,2.0865,0.489466281303128
"070529A",1.34,0.155336037,3.09323,22.56252244,-10.24641694,1.21432,2.038222638,0.76,1.97999,-5.590066877,1.7956,0.0241292843908654,9.5680718329,509.067418855503,104.989060108319,1.4745730624,4.15435152205568,0.5776,3.9203604001,31.2488476893325,0.0794726286723922,0.0552,0.068045,0.03501,0.015,0.041401614,0.16,0.109332877,"070529A",0,0,0,0,0,0,0,0,0,0,0,2.4996,0.544018407858776
"070612A",1.69,0.178976947,3.86050351688266,21.2559971173378,-10.5188423780971,1.84856953988428,2.566790912,0.898420909051471,1.97567939099548,-4.974694135,2.8561,0.0320327475574408,14.9034874038634,451.817413452273,110.646044975251,3.41720934378798,6.58841558592579,0.807160129820871,3.90330905600427,24.7475817368034,0.169579312058566,0.833297516464585,0.470992604341124,0.244784839849413,0.17402687165464,0.024623678,0.1,0.109292651,"070612A",1,0.4225,0.04474423675,0.965125879220665,5.31399927933445,-2.62971059452427,0.46214238497107,0.641697728,0.224605227262868,0.49391984774887,-1.24367353375,0.671,0.222976449893391
"070721B",1.34,0.176091259,3.94739,21.89473409,-10.50863831,2.5054,2.531478917,0.52,1.52512,-5.443697499,1.7956,0.0310081314962051,15.5818878121,479.379380871808,110.4314791304,6.27702916,6.40838550721549,0.2704,2.3259910144,29.6338424606189,0.0272330828957319,0.3648,0.10084,0.09144,0,0.024127471,0.11,0.086858896,"070721B",0,0,0,0,0,0,0,0,0,0,0,3.626,0.6652056284346
"070802A",1.79,-0.397940009,3.92184,21.91375294,-11.6716204,1.16348,1.214843848,0.78,1.99014,-6.552841969,3.2041,0.15835625076292,15.3808289856,480.212567915359,136.226722761696,1.3536857104,1.47584557502345,0.6084,3.9606572196,42.9397378706878,0.079968777148268,0.17395,0.236245,0.2088785,0.045,0.077552586,0.27,0.108573621,"070802A",0,0,0,0,0,0,0,0,0,0,0,2.45,0.537819095073274
"070810A",2.04,0.278753601,3.36583,21.93100401,-10.77728353,1.36994,1.041392685,1.02,2.17076,-6.161150909,4.1616,0.0777035700704672,11.3288115889,480.968936886636,116.149840286009,1.8767356036,1.08449872437151,1.0404,4.7121989776,37.9597805234715,0.197037086589132,0.06175,0.07187,0.077915,0.01,0.037764738,0.14,0.045715209,"070810A",0,0,0,0,0,0,0,0,0,0,0,2.17,0.501059262217751
"071003A",1.36,0.799340549,4.78411,20.86974084,-11.67760082,1.97901,2.170643023,0.837,1.91015,-5.080921908,1.8496,0.638945313275621,22.8877084921,435.546082728764,136.366360911265,3.9164805801,4.71169113329858,0.700569,3.6486730225,25.8157674351944,0.0131768929142836,0.1359,0.098505,0.183105,0.032,0.015697391,0.07,0.027574253,"071003A",0,0,0,0,0,0,0,0,0,0,0,1.60435,0.415699348887829
"071010A",2.33,-0.096910013,3.88681649665738,22.13954852,-10.8474741319093,1.66628733357104,0.77815125,0.797189516298542,2.33496,-6.698970004,5.4289,0.00939155061966017,15.107342478688,490.159608669434,117.667695042441,2.77651347801929,0.605519367876562,0.635511124896303,5.4520382016,44.8761991144918,0.0093822306004846,0.833297516464585,0.470992604341124,0.244784839849413,0.17402687165464,0.086858896,0.37,0.162860431,"071010A",1,0.5825,-0.02422750325,0.971704124164345,5.53488713,-2.71186853297732,0.41657183339276,0.1945378125,0.199297379074635,0.58374,-1.674742501,0.99,0.298853076409707
"071010B",1.53,0.886490725,3.6202806776732,21.30047157,-10.4212688075068,1.14122351433538,1.552668216,0.909058639830606,2.04061,-5.356547324,2.3409,0.785865805511026,13.1064321851339,453.710089104378,108.602843558314,1.302391109672,2.41077858897662,0.826387610650671,4.1640891721,28.6925992342516,0.214744065864423,0.833297516464585,0.470992604341124,0.244784839849413,0.17402687165464,0.009870329,0.22,0.016920564,"071010B",1,0.3825,0.22162268125,0.9050701694183,5.3251178925,-2.6053172018767,0.285305878583845,0.388167054,0.227264659957651,0.5101525,-1.339136831,0.947,0.289365951520032
"071020A",1.11,0.924279286,2.311950854,20.99642367,-9.169411331,1.119196934,0.62324929,0.844,1.59788,-5.638272164,1.2321,0.85429219852867,5.34511675131133,440.849806930136,84.0781041570712,1.252601777075,0.388439677485504,0.712336,2.5532204944,31.7901129953372,0.0601790285006581,0.035099822,0.039262062,0.011153209,0.001,0.018882369,0.05,0.015510517,"071020A",0,0,0,0,0,0,0,0,0,0,0,2.145,0.497620649781288
"071025A",1.79,0.204119983,3.34355020820151,21.07108335,-10.6637530205739,1.45566284235609,2.376832349,0.847288095266334,1.97502660214106,-5.187086643,3.2041,0.0416649674599203,11.1793279947644,443.990553542647,113.715628483799,2.11895431061621,5.64933201525286,0.717897116380052,3.90073007916486,26.905867841989,0.0933217274509788,0.833297516464585,0.470992604341124,0.244784839849413,0.17402687165464,0.021297834433594,0.05,0.0778422962236166,"071025A",1,0.4475,0.05102999575,0.835887552050377,5.2677708375,-2.66593825514347,0.363915710589023,0.59420808725,0.211822023816583,0.493756650535265,-1.29677166075,5,0.778151250383644
"071112C",1.09,0.903089987,3.2788060984298,20.5643192,-10.3676965494686,1.42661571620875,1.176091259,0.805746943860528,1.67267,-5.522878745,1.1881,0.81557152461966,10.7505694311004,422.891224159489,107.489131741863,2.0352324017338,1.38319064949621,0.649228137540581,2.7978249289,30.5021896319728,0.0664080102705681,0.833297516464585,0.470992604341124,0.244784839849413,0.17402687165464,0.057905931,0.07,0.05428681,"071112C",1,0.2725,0.22577249675,0.81970152460745,5.1410798,-2.59192413736715,0.356653929052188,0.29402281475,0.201436735965132,0.4181675,-1.38071968625,0.82,0.260071387985075
"071117A",1.57,1.053078443,3.901990464,22.04291793,-11.23542972,1.104952391,0.819543936,0.94,2.0457,-5.619788758,2.4649,1.1089742071113,15.2255295811469,485.890230868716,126.234880993059,1.22091978637662,0.671652263034372,0.8836,4.18488849,31.5820256845432,0.120079755643196,0.101024385,0.117162967,0.089387802,0.01,0.018095603,0.06,0.015373256,"071117A",0,0,0,0,0,0,0,0,0,0,0,1.331,0.367542273520577
"080310A",2.32,0.113943352,4.32608056,20.06405721,-11.3990271,1.59590648,2.560456622,0.878,2.09352,-5.638272164,5.3824,0.0129830874649959,18.7149730116099,402.566391726153,129.937818826534,2.54691749290599,6.55593811314365,0.770884,4.3828259904,31.7901129953372,0.0207895824764161,0.04247343,0.03798676,0.065276352,0.0375,0.037764738,0.16,0.066814536,"080310A",0,0,0,0,0,0,0,0,0,0,0,2.42,0.534026106056135
"080319B",1.04,1.394451681,5.36799912,20.8771334,-12.15181088,1.42250979,1.68090255756894,0.73,1.81426,-4.091514981,1.0816,1.94449549064373,28.8154145523208,435.854699001396,147.666507663286,2.02353410264584,2.8254334080418,0.5329,3.2915393476,16.7404948397474,0.00162180613819455,0.097779455,0.087626454,0.075139905,0,0.00536166,0.02,0.008755937,"080319B",0,0,0,0,0,0,0,0,0,0,0,0.937,0.287129620719111
"080319C",1.37,0.716003344,3.13508168214864,21.75037415,-10.5294137216002,1.79484864619511,1.531478917,0.809869354772691,1.61029,-5.443697499,1.8769,0.512660788619182,9.82873715374395,473.078775664988,110.868553320623,3.22148166274842,2.34542767321549,0.655888371799935,2.5930338841,29.6338424606189,0.169579312058566,0.833297516464585,0.470992604341124,0.244784839849413,0.17402687165464,0.012063736,0.07,0.025055451,"080319C",1,0.3425,0.179000836,0.78377042053716,5.4375935375,-2.63235343040005,0.448712161548778,0.38286972925,0.202467338693173,0.4025725,-1.36092437475,1.95,0.469822015978163
"080330A",2.53,-0.045757491,3.6385783234938,21.69090721,-10.4548116240283,1.38892899973857,1.783188691,0.831709176627083,2.25433,-6.468521083,6.4009,0.00209374798261508,13.239252216199,470.49545559283,109.303086093917,1.92912376631478,3.17976190771029,0.6917401544857,5.0820037489,41.8417650012155,0.0777158547080599,0.833297516464585,0.470992604341124,0.244784839849413,0.17402687165464,0.102186937,0.45,0.096509885,"080330A",1,0.6325,-0.01143937275,0.90964458087345,5.4227268025,-2.61370290600708,0.347232249934643,0.44579717275,0.207927294156771,0.5635825,-1.61713027075,1.51,0.399673721481038
"080411A",1.75,1.635483747,4.20932562,21.57289018,-10.11350927,1.28909841,1.748188027,0.91,1.97674,-4.578396073,3.0625,2.67480708670116,17.7184221751884,465.38959071834,102.283069754376,1.66177471066453,3.05616137774615,0.8281,3.9075010276,20.9617106012618,0.00776276208190557,0.06043543,0.049275581,0.010296793,0,0.001645055,0.03,0.009047802,"080411A",0,0,0,0,0,0,0,0,0,0,0,1.03,0.307496037913213
"080413B",1.26,1.271841607,4.02125089533227,21.31329763,-10.9873151461554,1.58328712979951,0.903089987,0.82310871762715,1.93206,-5.494850022,1.5876,1.61758107329634,16.1704587632106,454.256655864964,120.721094120936,2.50679813538877,0.81557152461966,0.677507961033811,3.7328558436,30.1933767642734,0.0777158547080599,0.833297516464585,0.470992604341124,0.244784839849413,0.17402687165464,0.013571703,0.27,0.018579443,"080413B",1,0.315,0.31796040175,1.00531272383307,5.3283244075,-2.74682878653885,0.395821782449877,0.22577249675,0.205777179406787,0.483015,-1.3737125055,1.1,0.322219294733919
"080516A",1.82,0.255272505,3.77452827,22.03528962,-11.12090412,0.94016916,0.763427994,1.48,2.3315,-6.585026652,3.3124,0.065164051808975,14.2470636610292,485.55398863728,123.674508446233,0.883918049415106,0.582822302022864,2.1904,5.43589225,43.3625760075503,0.0159503209161228,0.077803665,0.111057696,0.084888358,0.03,0.066814536,0.27,0.072382414,"080516A",0,0,0,0,0,0,0,0,0,0,0,3.2,0.6232492903979
"080603A",1.8144820875664,0.365016103959771,3.71597793771408,20.9181675200872,-10.6231800499139,1.18102817339392,1.77815125,0.913088040614025,2.0146549872069,-5.70558194498092,3.29234524609932,0.13323675614997,13.8084920335778,437.569732398431,112.851954372889,1.39482754635018,3.16182186787656,0.83372976991236,4.05883471747763,32.5536653308923,0.366834332492466,0.833297516464585,0.470992604341124,0.244784839849413,0.17402687165464,0.0419982454796969,0.181989441665926,0.0645822859728094,"080603A",1,0.4536205218916,0.0912540259899428,0.92899448442852,5.2295418800218,-2.65579501247848,0.29525704334848,0.4445378125,0.228272010153506,0.503663746801725,-1.42639548624523,1.69,0.429752280002408
"080603B",1.21,0.544068044,3.86431583206583,21.31611509,-10.552337296697,1.31716665709133,1.77815125,0.883236101131406,1.83449,-5.619788758,1.4641,0.296010036501986,14.9329368499546,454.376762530126,111.351822423263,1.73492800255315,3.16182186787656,0.780106010341807,3.3653535601,31.5820256845432,0.169579312058566,0.833297516464585,0.470992604341124,0.244784839849413,0.17402687165464,0.018095603,0.3,0.024816828,"080603B",1,0.3025,0.136017011,0.966078958016457,5.3290287725,-2.63808432417425,0.329291664272833,0.4445378125,0.220809025282852,0.4586225,-1.4049471895,2.6893,0.566943971856554
"080607A",1.31,1.36361198,3.46298403,22.38386741,-10.0540393,1.7256074,1.899984563,1.06,2.03418,-4.619788758,1.7161,1.85943763199952,11.992258392035,501.03752022846,101.083706245944,2.97772089893476,3.6099413396383,1.1236,4.1378882724,21.3424481685432,0.0179615292332226,0.11042072,0.069659314,0.037637388,0.02,0,0.04,0.02068069,"080607A",0,0,0,0,0,0,0,0,0,0,0,3.036,0.605951157564873
"080710A",1.47,0,4.09266933,20.89722339,-11.23284413,1.52133785,2.077948999,1.3,2.00149,-5.853871964,2.1609,0,16.7499422447226,436.693945411563,126.176787248875,2.31446885384262,4.3178720424451,1.69,4.0059622201,34.2678169709052,0.063286086716648,0.06269498,0.054210787,0.06401643,0.150517844,0.062042069,0.23,0.086858896,"080710A",0,0,0,0,0,0,0,0,0,0,0,0.845,0.265996370495079
"080810A",1.34,0.301029996,3.2687548,21.45079548,-9.931814138,1.44529526,2.03666881,1.079,2.11482,-5.337242168,1.7956,0.09061905849176,10.684757942523,460.136626724788,98.6409320717767,2.08887838857847,4.14801984162682,1.164241,4.4724636324,28.4861539598773,0.0173110727824034,0.031830706,0.039738688,0.036139295,0.0015,0.018882369,0.06,0.043429448,"080810A",0,0,0,0,0,0,0,0,0,0,0,3.35,0.638489256954637
"080905B",1.78,-0.301029996,3.67820615,22.33533151,-10.11125904,1.36946226,2.10720997,0.375,1.86248,-5.744727495,3.1684,0.09061905849176,13.5292004818978,498.867033661599,102.237559373982,1.87542688156431,4.4403338576674,0.140625,3.4688317504,33.001893991809,0.0951998384562338,0.03236457,0.038825489,0.033301752,0.00558525,0.048254942,0.15,0.086858896,"080905B",0,0,0,0,0,0,0,0,0,0,0,2.374,0.528145078253106
"080928A",1.77,0.322219295,4.08450503,21.51035195,-11.1260984,1.76031774,2.368584372,0.99,2.13864,-5.602059991,3.1329,0.103825274070297,16.6831813400953,462.695241012869,123.790065606483,3.09871854575871,5.61019192728263,0.9801,4.5737810496,31.3830761427629,0.0386609346233468,0.064484035,0.047916769,0.075970735,0,0.034743559,0.12,0.02068069,"080928A",0,0,0,0,0,0,0,0,0,0,0,1.692,0.430075055551939
"081007A",2.51,0.414973348,3.58176278,21.69605744,-10.58502665,1.00469263,0.958563883,0.92,2.102,-6.148741651,6.3001,0.172202879550329,12.8290246121933,470.718908439779,112.04278918121,1.00940728077632,0.918844717792038,0.8464,4.418404,37.8070238907422,0.140327919478768,0.053161115,0.084284398,0.039134851,0.005,0.048934589,0.2,0.066814536,"081007A",0,0,0,0,0,0,0,0,0,0,0,0.5295,0.184549481320698
"081008A",1.69,0.113943352,3.85550833,21.1376737,-10.79317412,1.47398467,2.268297087,0.84,1.98207,-5.366531544,2.8561,0.0129830874649959,14.8649444826994,446.801249447672,116.492607584638,2.17263080739501,5.14517167489269,0.7056,3.9286014849,28.799660812747,0.0944643171466364,0.06052989,0.056285684,0.063988679,0.025,0.020199743,0.07,0.033407268,"081008A",0,0,0,0,0,0,0,0,0,0,0,1.9685,0.472537053262077
"081028A",1.25,-0.301029996,4.75426,20.90308999,-11.3994,2.20023,2.414973348,0.945,2.51,-5.431798276,1.5625,0.09061905849176,22.6029881476,436.939171130038,129.94632036,4.8410120529,5.83209627155033,0.893025,6.3001,29.5044325111566,0.0544346314312377,0.0572,0.03025,0.054715,5e-04,0.023475377,0.38,0.086858896,"081028A",0,0,0,0,0,0,0,0,0,0,0,3.038,0.60616631460762
"081029A",1.43,-0.301029996,4.48156171,21.49704581,-11.86327943,2.51960373,2.431283332,0.87,1.95818,-5.677780705,2.0449,0.09061905849176,20.0843953605381,462.122978557239,140.737398834261,6.34840295622991,5.91113864046102,0.7569,3.8344689124,32.2371937340703,0.0734942688403521,0.083250805,0.04285341,0.169198521,0.001,0.041361379,0.18,0.173717793,"081029A",0,0,0,0,0,0,0,0,0,0,0,3.8479,0.685553652846326
"081203A",1.54,0.462397998,4.02089,21.66176916,-10.9243983,1.86904,2.46834733,0.82,2.03508,-5.113509275,2.3716,0.213811908554408,16.1675563921,469.232243141127,119.342478217043,3.4933105216,6.09273854151813,0.6724,4.1415506064,26.147977105511,0.122562443871835,0.05695,0.03932,0.064395,0.0325,0.016920564,0.06,0.029951344,"081203A",0,0,0,0,0,0,0,0,0,0,0,2.1,0.491361693834273
"081221A",1.21,1.260071388,2.93195749,21.57331844,-9.354577731,1.23586126,1.531478917,0.991,2.4947,-4.742321425,1.4641,1.58777990285625,8.5963747231671,465.408068513644,87.5081245253211,1.52735305396879,2.34542767321549,0.982081,6.22352809,22.489612498014,0.0102431891789539,0.0249855,0.031176651,0.012861856,5e-04,0.007198251,0.13,0.011931167,"081221A",0,0,0,0,0,0,0,0,0,0,0,2.26,0.513217600067939
"081228A",2.1,-0.22184875,3.04775709242877,21.16936021,-10.8281844573803,1.35342897866245,0.477121255,0.85780438156181,2.11824052948599,-7.050609993,4.41,0.0492168678765625,9.28882329444987,448.141811700731,117.249578643052,1.83177000028328,0.227644691972775,0.735828357026639,4.48694294075709,49.7111012733915,0.0563106258915239,0.833297516464585,0.470992604341124,0.244784839849413,0.17402687165464,0.0674679414874554,0.31,0.103319586082909,"081228A",1,0.525,-0.0554621875,0.761939273107192,5.2923400525,-2.70704611434507,0.338357244665613,0.11928031375,0.214451095390453,0.529560132371497,-1.76265249825,3.44,0.64738297011462
"081230A",1.97,-0.15490196,3.66959365,20.67248024,-11.32975415,0.99376498,0.907209226455443,1.02,2.08621,-6.086186148,3.8809,0.0239946172118416,13.4659175561203,427.35143927319,128.363329099442,0.9875688354744,0.823028580565883,1.0404,4.3522721641,37.0416618281071,0.740704337003766,0.0701444,0.08735027,0.040381418,0.02,0.02568693,0.096969697,0.142225970771007,"081230A",0,0,0,0,0,0,0,0,0,0,0,2.1,0.491361693834273
"090102A",1.36,0.740362689,3.15380077,21.72376179,-9.457174573,1.42487631,1.432006687,0.667,1.76997,-7.167491087,1.8496,0.548136911263311,9.94645929685259,471.921826308664,89.4381509041977,2.03027249879922,2.05064315161272,0.444889,3.1327938009,51.3729284822244,0.0359770577590371,0.036239983,0.041590346,0.021786596,0.002673458,0.019160051,0.08,0.063170107,"090102A",0,0,0,0,0,0,0,0,0,0,0,1.547,0.406028944963615
"090205A",2.15,-0.301029996,3.70655,21.81792086,-11.3419886,1.29089,0.944482672,1.01,2.03416,-6.721246399,4.6225,0.09061905849176,13.7385129025,476.021670653223,128.64070540253,1.6663969921,0.89204751770826,1.0201,4.1378069056,45.1751531560705,0.0885407574117407,0.13445,0.114585,0.084185,0.025,0.068572813,0.23,0.086858896,"090205A",0,0,0,0,0,0,0,0,0,0,0,4.6497,0.752025387323213
"090313A",1.91,-0.096910013,3.71434945774789,22.44115763,-10.2720737674644,1.2178153141461,1.893872679,0.982695646948066,2.07619,-5.853871964,3.6481,0.00939155061966017,13.796391894272,503.605555774507,105.51549948423,1.48307413936876,3.58675372426264,0.965690734530678,4.3105649161,34.2678169709052,0.0563106258915239,0.833297516464585,0.470992604341124,0.244784839849413,0.17402687165464,0.062042069,0.29,0.162860431,"090313A",1,0.4775,-0.02422750325,0.928587364436973,5.6102894075,-2.5680184418661,0.304453828536525,0.47346816975,0.245673911737016,0.5190475,-1.463467991,3.38,0.6414741105041
"090418A",1.48,0.278753601,3.52813657,22.02365981,-10.04720756,1.52909667,1.748188027,0.98,2.03408,-5.337242168,2.1904,0.0777035700704672,12.4477476565714,485.041591426609,100.946379753721,2.33813662620509,3.05616137774615,0.9604,4.1374814464,28.4861539598773,0.0320230997079162,0.028659405,0.030759021,0.042154514,0.003531332,0.018882369,0.07,0.068572813,"090418A",0,0,0,0,0,0,0,0,0,0,0,1.608,0.416307587059883
"090423A",0.8,0.230448921,3.91521772,22.7516324,-11.2798407,1.43267533,0.989894564,0.77,1.8158,-6.229147988,0.64,0.0531067051900642,15.328929795002,517.63677686473,127.234806217376,2.05255860119061,0.97989124783675,0.5929,3.29712964,38.8022846564045,0.047195797531391,0.08569564,0.077643595,0.064053366,0.005,0.029443694,0.5,0.051093469,"090423A",0,0,0,0,0,0,0,0,0,0,0,8.26,0.966610986681934
"090424A",1.19,1.851258349,2.99599056,21.63012977,-9.050609993,1.1284106,1.681241237,0.924,1.96315,-4.677780705,1.4161,3.42715747474221,8.97595943560911,467.86251386704,81.9135412453915,1.27331048219236,2.82657209698929,0.853776,3.8539579225,21.8816323240703,0.0205611924585667,0.011257098,0.013394814,0.005546887,0,0,0.15,0.012233647,"090424A",0,0,0,0,0,0,0,0,0,0,0,0.544,0.188647295999717
"090519A",1.02,-0.22184875,3.44619,22.13069392,-11.76000021,1.42452,1.806179974,0.63,1.46604,-5.920818754,1.0404,0.0492168678765625,11.8762255161,489.767613380725,138.2976049392,2.0292572304,3.26228609847864,0.3969,2.1492732816,35.0560947177181,0.0559162050267847,0.21145,0.24029,0.3065,0.03,0.036191207,0.2,0.144764827,"090519A",0,0,0,0,0,0,0,0,0,0,0,3.85,0.685741738602264
"090529A",2,-0.397940009,4.472757799,22.00531353,-12.1873998,0.8815438,1.837651558,0.64,2.22623,-6.167491087,4,0.15835625076292,20.0055623285153,484.233823553601,148.53271388504,0.77711947131844,3.37696324861983,0.4096,4.9561000129,38.0379463082244,0.0664439832683159,0.11547934,0.21900534,0.113675222,0.125,0.10857362,0.3,0.108573621,"090529A",0,0,0,0,0,0,0,0,0,0,0,2.625,0.559308010907013
"090530A",1.61,0.397940009,3.6839464,20.90942658,-11.16052195,0.88610581,1.681241237,1.09,2.03975,-5.958607315,2.5921,0.15835625076292,13.571461078073,437.204119904411,124.557250196432,0.785183506515756,2.82657209698929,1.1881,4.1605800625,35.5050011343715,0.323703994876218,0.089175625,0.115365029,0.038514202,0.035,0.039481317,0.17,0.052115338,"090530A",0,0,0,0,0,0,0,0,0,0,0,1.266,0.355259905527378
"090618A",1.42,1.589949601,3.67275453,21.39200012,-9.640164518,1.30942861,2.05388479,0.8945,1.82831,-3.978810701,2.0164,2.52793973372006,13.4891258376355,457.61766913408,92.9327719341062,1.71460328468653,4.21844273059334,0.80013025,3.3427174561,15.8309345943921,0.00227692361547263,0.009695255,0.014245613,0.010591616,0.002482662,0.004136138,0.08,0.008931506,"090618A",0,0,0,0,0,0,0,0,0,0,0,0.54,0.187520720836463
"090726A",2.25,-0.15490196,3.45991938642615,22.02689264,-10.5476439906609,1.23938142397095,1.773054693,0.96419891146577,2.4288,-6.065501549,5.0625,0.0239946172118416,11.9710421605675,485.183999374086,111.252793753725,1.53606631408426,3.14372294436932,0.929679540871776,5.89906944,36.7903090409214,0.0563106258915239,0.833297516464585,0.470992604341124,0.244784839849413,0.17402687165464,0.050499358,0.19,0.124084138,"090726A",1,0.5625,-0.03872549,0.864979846606537,5.50672316,-2.63691099766522,0.309845355992737,0.44326367325,0.241049727866442,0.6072,-1.51637538725,2.71,0.569373909615046
"090809A",1.34,0.041392685,4.56066,21.91952315,-11.8559,1.6367,0.73239376,0.96,1.94644,-6.468521083,1.7956,0.00171335437150922,20.7996196356,480.465495123386,140.56236481,2.67878689,0.536400619686938,0.9216,3.7886286736,41.8417650012155,0.0978170519448906,0.338,0.237865,0.319405,0.01,0.063866836,0.24,0.078962633,"090809A",0,0,0,0,0,0,0,0,0,0,0,2.737,0.572523097849638
"090812A",1.24,0.556302501,3.52924,21.77771022,-10.16730017,1.37252,1.824125834,0.53,1.88559,-5.236572006,1.5376,0.309472472618855,12.4555349776,474.268662426292,103.373992746882,1.8838111504,3.3274350582662,0.2809,3.5554496481,27.4216863740229,0.0954430381608785,0.10615,0.13258,0.08412,0.015,0.014975672,0.05,0.024127471,"090812A",0,0,0,0,0,0,0,0,0,0,0,2.452,0.538070787043172
"090927A",1.8,0.301029996,4.20121889,21.01785522,-11.6716204,1.13087741,0.342422681,0.92,2.06549,-6.698970004,3.24,0.09061905849176,17.6502401616928,441.750238048881,136.226722761696,1.27888371644831,0.117253292463228,0.8464,4.2662489401,44.8761991144918,0.0791400972158072,0.076268475,0.093241949,0.074843971,0.01,0.065144172,0.2,0.043429448,"090927A",0,0,0,0,0,0,0,0,0,0,0,1.37,0.374748346010104
"091018A",1.77,1.012837225,2.89655535,21.19187281,-9.627087997,1.18074867,0.639486489,0.91,1.98015,-5.853871964,3.1329,1.0258392443457,8.39003289561362,449.095473195217,92.6808233019815,1.39416742170677,0.408942969613547,0.8281,3.9209940225,34.2678169709052,0.0598714492362227,0.024288603,0.034497878,0.016335114,0.002061639,0.031021034,0.24,0.016865805,"091018A",0,0,0,0,0,0,0,0,0,0,0,0.971,0.294686624279443
"091020A",1.53,0.62324929,2.95265011,21.70587483,-9.71219827,1.17417264,1.590061231,0.895,2.08587,-5.431798276,2.3409,0.388439677485504,8.71814267208301,471.145002135627,94.326795235791,1.37868138852457,2.52829471832924,0.801025,4.3508536569,29.5044325111566,0.0544128110188212,0.034480687,0.045271255,0.018244861,0.002182887,0.011737689,0.07,0.031021034,"091020A",0,0,0,0,0,0,0,0,0,0,0,1.71,0.432969290874406
"091024A",1.2,0.301029996,3.80877827871158,22.23512426,-10.1346733131836,1.58453239672165,1.995196292,0.905700019549184,1.49013,-5.214670165,1.44,0.09061905849176,14.5067919763851,494.40075085764,102.711603164956,2.51074291626046,3.98080824361055,0.820292525411392,2.2204874169,27.1927849297411,0.0202577864729536,0.833297516464585,0.470992604341124,0.244784839849413,0.17402687165464,0.021358745,0.08,0.065144172,"091024A",1,0.3,0.075257499,0.952194569677895,5.558781065,-2.5336683282959,0.396133099180413,0.498799073,0.226425004887296,0.3725325,-1.30366754125,1.09,0.320146286111054
"091029A",1.46,0.255272505,4.30368998,21.45058625,-11.34678749,1.12123368,1.593286067,1.064,2.11535,-5.619788758,2.1316,0.065164051808975,18.5217474439524,460.127650468689,128.74958634322,1.25716496516634,2.53856049129633,1.132096,4.4747056225,31.5820256845432,0.0535069670717355,0.02563352,0.034224003,0.026782025,0.002,0.018095603,0.27,0.024127471,"091029A",0,0,0,0,0,0,0,0,0,0,0,2.752,0.574262829707027
"091109A",1.31,0.113943352,3.37933883,21.89596701,-11.14630179,1.06152816,1.681241237,0.89,1.96352,-5.795880017,1.7161,0.0129830874649959,11.4199309279458,479.433371303008,124.240043593757,1.12684203447299,2.82657209698929,0.7921,3.8554107904,33.5922251714599,0.15117163716416,0.05941034,0.074268877,0.033719571,0.03,0.05428681,0.25,0.133629071,"091109A",0,0,0,0,0,0,0,0,0,0,0,3.076,0.610234175334389
"091127A",2.05,1.667452953,3.98466812,20.87872913,-9.844663963,1.39581701,0.84260924,0.758,1.80187,-5.045757491,4.2025,2.78039935046842,15.8775800265443,435.921330083911,96.9174085443909,1.94830512540534,0.709990331333378,0.574564,3.2467354969,25.4596686579826,0.0093822306004846,0.018562516,0.021935207,0.013587309,0.00244132,0.014476483,0.07,0.025217099,"091127A",0,0,0,0,0,0,0,0,0,0,0,0.49,0.173186268412274
"091208B",1.74,1.181843588,3.31388094,21.91211094,-10.18045606,1.1606541,1.173186268,0.86,2.03333,-5.48148606,3.0276,1.39675426649671,10.9818068844953,480.140605846868,103.641685589591,1.34711793984681,1.37636601942377,0.7396,4.1344308889,30.0466894259743,0.0844607534610546,0.036806415,0.052928177,0.030502454,0.034663611,0.026320878,0.11,0.028572005,"091208B",0,0,0,0,0,0,0,0,0,0,0,1.063,0.314499227973151
"100219A",1.34,-0.397940009,3.18236502282928,21.38058204,-10.7764298407244,1.52685295616106,1.274157849,0.861664216956449,1.58721,-6.431798276,1.7956,0.15835625076292,10.1274471385272,457.129288369171,116.131440112055,2.33127994973777,1.62347822416831,0.74246522278317,2.5192355841,41.3680290631566,0.199990220376636,0.833297516464585,0.470992604341124,0.244784839849413,0.17402687165464,0.070426132,0.25,0.10857362,"100219A",1,0.335,-0.09948500225,0.79559125570732,5.34514551,-2.6941074601811,0.381713239040265,0.31853946225,0.215416054239112,0.3968025,-1.607949569,4.67,0.753583058892907
"100316B",2.23,0.113943352,3.5543767,21.41315218,-11.1481304,1.36246063,0.579783597,1.08,2.23535,-6.698970004,4.9729,0.0129830874649959,12.6335937255029,458.523086283839,124.280811415404,1.8562989683,0.336149019350258,1.1664,4.9967896225,44.8761991144918,0.0508837165764397,0.10431242,0.207348761,0.13322096,0.02,0.043429448,0.18,0.033407268,"100316B",0,0,0,0,0,0,0,0,0,0,0,1.18,0.338456493604605
"100418A",2.16,0,5.54363,22.10710478,-12.48811664,1.81145,0.84509804,0.84,2.26662,-6.468521083,4.6656,0,30.7318335769,488.724081753899,155.953057214245,3.2813511025,0.714190697211842,0.7056,5.1375662244,41.8417650012155,0.059763875267383,0.10745,0.075475,0.16786,0.01,0.063866836,0.25,0.086858896,"100418A",0,0,0,0,0,0,0,0,0,0,0,0.6235,0.21045229296202
"100425A",2.42,0.146128036,3.60199415,20.53466438,-11.50168945,0.86819371,1.568201724,1.46,2.17077,-6.327902142,5.8564,0.0213534029052173,12.9743618566342,421.672441199241,132.288860204241,0.753760318083564,2.45925664715657,2.1316,4.7122423929,40.0423455187282,0.0442926372724909,0.070859065,0.115125536,0.055076895,0.035,0.083162773,0.32,0.062042069,"100425A",0,0,0,0,0,0,0,0,0,0,0,1.755,0.440121603187804
"100513A",1.62,-0.22184875,3.74522911,22.05240534,-11.57186521,0.96306136,1.924279286,1.36,2.25722,-5.853871964,2.6244,0.0492168678765625,14.0267410863914,486.30858127966,133.908064438408,0.92748718312505,3.70285077052867,1.8496,5.0950421284,34.2678169709052,0.0768849139302361,0.09817689,0.128616618,0.061569437,0.025,0.031021034,0.14,0.072382414,"100513A",0,0,0,0,0,0,0,0,0,0,0,4.772,0.761326322421457
"100704A",1.73,0.633468456,3.62503495,21.52730245,-10.35163999,1.01294211,2.2955671,1.29,2.11575,-5.22184875,2.9929,0.401282284747024,13.1408783887215,463.424750773776,107.156450482567,1.02605171821125,5.26962831060241,1.6641,4.4763980625,27.2677043678766,0.0511462884983093,0.04763446,0.053639373,0.01813996,0.01,0.014476483,0.06,0.020199743,"100704A",0,0,0,0,0,0,0,0,0,0,0,3.6,0.662757831681574
"100728A",1.18,0.707570176,4.03148606,21.52592288,-10.17587417,1.5588143,2.297760511,0.96,1.90402,-4.420216403,1.3924,0.500655553964671,16.2528798519743,463.365355835707,103.548415123673,2.42990202188449,5.27970336591098,0.9216,3.6252921604,19.5383130493503,0.0276692267863542,0.0760751,0.053762484,0.034265796,0.005,0,0.02,0.017031156,"100728A",0,0,0,0,0,0,0,0,0,0,0,1.567,0.409425868671443
"100814A",1.47,0.397940009,5.22729477,20.89608288,-11.49349497,1.76532941,2.241795431,1.1425,1.89414,-5.045757491,2.1609,0.15835625076292,27.3246106124694,436.646279727829,132.100426625415,3.11638792581095,5.02564675445248,1.30530625,3.5877663396,25.4596686579826,0.0235643330529017,0.04362636,0.035347138,0.084015169,0.01745135,0.009650988,0.04,0.034743559,"100814A",0,0,0,0,0,0,0,0,0,0,0,1.44,0.387389826338729
"100816A",0.73,1.037426498,3.97801299,21.34783526,-11.5559552,1.04455013,0.462397998,1.09,1.91138,-5.698970004,0.5329,1.07625373875254,15.8245873486087,455.730070288099,133.540100584407,1.09108497408302,0.213811908554408,1.1881,3.6533735044,32.4782591064918,0.0930248425840856,0.08674922,0.112014005,0.047175154,0.015,0.021714724,0.24,0.015937412,"100816A",0,0,0,0,0,0,0,0,0,0,0,0.804,0.256236533205923
"100901A",1.52,-0.096910013,4.91124,21.53188109,-11.34103516,1.50754,2.64246452,1.075,1.98285,-5.677780705,2.3104,0.00939155061966017,24.1202783376,463.6219032739,128.619078500356,2.2726768516,6.98261873945883,1.155625,3.9316941225,32.2371937340703,0.0223211438768381,0.0283,0.02425,0.036255,5e-04,0.062042069,0.21,0.10857362,"100901A",0,0,0,0,0,0,0,0,0,0,0,1.408,0.381656482585787
"100906A",1.78,1.004321374,3.94074768,21.96198081,-10.4698003,1.71220056,2.058426024,0.87,2.02817,-4.920818754,3.1684,1.00866142227325,15.5294922774254,482.328601098808,109.61671832188,2.93163075766431,4.23711769628045,0.7569,4.1134735489,24.2144572097181,0.00604043448603348,0.048743085,0.039933316,0.059340084,0,0,0.03,0.017199781,"100906A",0,0,0,0,0,0,0,0,0,0,0,1.727,0.43568513794163
"101219B",1.56,-0.22184875,4.42003952,20.49692965,-11.99567863,0.66918137,1.531478917,0.94,1.85684,-5.677780705,2.4336,0.0492168678765625,19.5367493583618,420.124125077049,143.896305794239,0.447803705955077,2.34542767321549,0.8836,3.4478547856,32.2371937340703,0.0692396240032236,0.089446275,0.166829365,0.039390628,0.105,0.082722758,0.16,0.217147241,"101219B",0,0,0,0,0,0,0,0,0,0,0,0.55,0.190331698170291
"101225A",1.82,-0.338610804708651,4.30087089160906,21.11770968,-11.2927372566098,0.751816972390615,3.036628895,0.908147581251555,1.81612,-5.721246399,3.3124,0.11465727706544,18.4974904262901,445.957662128766,127.525914746823,0.565228759974591,9.22111504594892,0.82473202933305,3.2982918544,32.7326603580705,0.0658325115034435,0.833297516464585,0.470992604341124,0.244784839849413,0.17402687165464,0.091430417,0.32,0.109322034911467,"101225A",1,0.455,-0.0846527011771628,1.07521772290227,5.27942742,-2.82318431415245,0.187954243097654,0.75915722375,0.227036895312889,0.45403,-1.43031159975,0.33,0.123851640967086
"110205A",1.8,0.556302501,3.80504269179872,21.37042981,-10.8137196917737,1.54499744514626,2.409933123,0.830518906390328,1.93577,-4.769551079,3.24,0.309472472618855,14.4783498864108,456.695270264137,116.936533572254,2.38701710550847,5.80777765733253,0.689761653871786,3.7472054929,22.7486174951901,0.169579312058566,0.833297516464585,0.470992604341124,0.244784839849413,0.17402687165464,0,0.04,0.024127471,"110205A",1,0.45,0.13907562525,0.95126067294968,5.3426074525,-2.70342992294343,0.386249361286565,0.60248328075,0.207629726597582,0.4839425,-1.19238776975,2.21,0.506505032404872
"110213A",1.83,0.204119983,3.84089,21.56708403,-9.896196279,1.8412,1.681241237,1.1905,1.96436,-5.229147988,3.3489,0.0416649674599203,14.7524359921,465.139113557081,97.9347007924934,3.39001744,2.82657209698929,1.41729025,3.8587102096,27.3439886804045,0.14476482742628,0.03588,0.023515,0.02785,0.226362665,0.029443694,0.12,0.162860431,"110213A",0,0,0,0,0,0,0,0,0,0,0,1.46,0.390935107103379
"110422A",0.86,1.487138375,3.50066971,22.02088312,-9.681936665,1.42239886,1.413299764,0.778,1.89199,-4.387216143,0.7396,2.21158054639764,12.2546884185115,484.919293384701,93.7398975850713,2.0232185169293,1.99741622292246,0.605284,3.5796261601,19.2476654853998,0.00950159657676303,0.024137407,0.029472713,0.022779716,0.005,0.010592548,0.1,0.0141464,"110422A",0,0,0,0,0,0,0,0,0,0,0,1.77,0.442479769064449
"110503A",0.88,0.130333768,2.54166555,21.13638759,-9.08249449,1.14649063,1,0.687,1.90907,-5,0.7744,0.0169868910810778,6.4600637680568,446.746880354706,82.4917061608804,1.3144407646778,1,0.471969,3.6445482649,25,0.147896600362852,0.028998071,0.028887961,0.006289914,0.001,0.017371779,0.25,0.019301977,"110503A",0,0,0,0,0,0,0,0,0,0,0,1.613,0.417139409727326
"110715A",1.25,1.731588765,2.61109719,22.0746007,-9.075720714,0.95853538,1.113943352,0.755,1.85342,-4.928117993,1.5625,2.99839965107422,6.8178285356259,487.287996064441,82.3687064785287,0.918790074711744,1.240869791465,0.570025,3.4351656964,24.2863469529303,0.133629071449258,0.02377653,0.035600881,0.009554076,0.0015,0.007360923,0.12,0.008863153,"110715A",0,0,0,0,0,0,0,0,0,0,0,0.82,0.260071387985075
"110731A",1.15,1.041392685,5.08952072,21.95954126,-12.08512818,1.42351927,1.588831726,0.39,1.85145,-5.22184875,1.3225,1.08449872437151,25.9032211593093,482.221452349642,146.05032312703,2.02640711206133,2.52438625354414,0.1521,3.4278671025,27.2677043678766,0.130539784388153,0.097418495,0.090702815,0.110855301,0.13,0.007238241,0.05,0.011844395,"110731A",0,0,0,0,0,0,0,0,0,0,0,2.83,0.583198773968623
"110801A",1.84,0.041392685,3.72373157188184,21.39050236,-10.3682628195741,1.47371747403975,2.58546073,0.937282091582539,2.04784,-5.327902142,3.3856,0.00171335437150922,13.8661768194296,457.553591213166,107.500873895763,2.1718431932901,6.68460718637213,0.878497719201339,4.1936486656,28.3865412347282,0.0933217274509788,0.833297516464585,0.470992604341124,0.244784839849413,0.17402687165464,0.027720924,0.1,0.078962633,"110801A",1,0.46,0.01034817125,0.93093289297046,5.34762559,-2.59206570489353,0.368429368509938,0.6463651825,0.234320522895635,0.51196,-1.3319755355,1.858,0.456062224454951
"110808A",2.32,-0.397940009,4.50711,22.49782636,-12.08440021,0.807091,1.681241237,1.4,2.33721,-6.48148606,5.3824,0.15835625076292,20.3140405521,506.152190924711,146.032728435448,0.651395882281,2.82657209698929,1.96,5.4625505841,42.0096615459743,0.204728382319217,0.0837,0.155655,0.0776,0.025,0.105283511,0.43,0.217147241,"110808A",0,0,0,0,0,0,0,0,0,0,0,1.348,0.370698092575577
"110818A",1.58,0.204119983,3.84627415,22.06812647,-11.28316228,1.37167718,2.012837225,0.83,1.95985,-5.397940009,2.4964,0.0416649674599203,14.7938248369582,487.002205895915,127.309751036815,1.88149828613275,4.0515136943457,0.6889,3.8410120225,29.1377563407629,0.0761271870594219,0.05514905,0.059648416,0.067338189,0.01,0.021714724,0.11,0.081430215,"110818A",0,0,0,0,0,0,0,0,0,0,0,3.36,0.639486489268586
"111107A",1.49,0.079181246,3.46479048832584,21.56675205,-10.6821425475642,1.11124008365827,1.424881637,0.912647557522448,2.11569,-6.055517328,2.2201,0.00626966971811252,12.0047731279932,465.124793986179,114.108169406481,1.23485452352884,2.0302876794598,0.83292556425169,4.4761441761,36.6692901097083,0.0285379269708387,0.833297516464585,0.470992604341124,0.244784839849413,0.17402687165464,0.039481317,0.14,0.072382414,"111107A",1,0.3725,0.0197953115,0.86619762208146,5.3916880125,-2.67053563689105,0.277810020914568,0.35622040925,0.228161889380612,0.5289225,-1.513879332,2.893,0.590284403718162
"111123A",1.68,-0.045757491,4.42202873,21.35034301,-11.60730305,1.46723371,2.462397998,1.25,2.55463,-5.13667714,2.8224,0.00209374798261508,19.5543380889454,455.837146644656,134.729484094539,2.15277475976036,6.06340390055441,1.5625,6.5261344369,26.3854520405986,0.131921983937837,0.07308827,0.070655771,0.105884147,0.005,0.017847718,0.07,0.048254942,"111123A",0,0,0,0,0,0,0,0,0,0,0,3.1516,0.618215503279417
"111209A",1.48,-0.301029996,4.13326,21.14009932,-9.057000407,2.77382,2.505149978,0.2529,1.81212,-4.443697499,2.1904,0.09061905849176,17.0838382276,446.903799259465,82.0292563723982,7.6940773924,6.2757764122734,0.06395841,3.2837788944,19.7464474626189,0.0401068361866461,0.02099,0.010455,0.04435,5e-05,0.012063736,0.03,0.086858896,"111209A",0,0,0,0,0,0,0,0,0,0,0,0.677,0.224533062606086
"111228A",2.27,1.093421685,4.10627835,21.41342718,-10.65757732,1.15297662,2.005180513,0.99,2.03824,-5.070581074,5.1529,1.19557098122824,16.8615218876787,458.534863593163,113.583954331778,1.32935508626662,4.02074888971494,0.9801,4.1544222976,25.710792428007,0.023242060897345,0.030118345,0.037264425,0.023299272,0,0.010218694,0.06,0.017511874,"111228A",0,0,0,0,0,0,0,0,0,0,0,0.714,0.234010817587179
"120118B",2.08,0.342422681,3.68307,21.451745,-10.95467702,1.0241,1.36660971,1.01,2.20884,-5.744727495,4.3264,0.117253292463228,13.5650046249,460.177363545025,120.004948612516,1.04878081,1.86762209946628,1.0201,4.8789741456,33.001893991809,0.366834332492466,0.1172,0.131765,0.077156,0.005,0.024127471,0.11,0.059221975,"120118B",0,0,0,0,0,0,0,0,0,0,0,2.943,0.595826777073223
"120119A",1.38,1.012837225,3.44310163879957,22.02202812,-10.4382404294717,1.52810067164272,2.404491618,0.873605836123318,1.61077,-4.769551079,1.9044,1.0258392443457,11.8549488951043,484.969722518071,108.956863263458,2.33509166267493,5.78157994103226,0.763187156908722,2.5945799929,22.7486174951901,0.0777158547080599,0.833297516464585,0.470992604341124,0.244784839849413,0.17402687165464,0,0.04,0.012649354,"120119A",1,0.345,0.25320930625,0.860775409699893,5.50550703,-2.60956010736792,0.38202516791068,0.6011229045,0.21840145903083,0.4026925,-1.19238776975,3.1,0.612783856719735
"120327A",1.52,0.591064607,3.48517215,22.16619025,-10.15181088,1.44859414,1.798650645,0.63,1.75797,-5.443697499,2.3104,0.349357369648064,12.1464249151356,491.339990199195,103.059264143286,2.09842498244234,3.23514414275892,0.3969,3.0904585209,29.6338424606189,0.051933835584684,0.04362492,0.051679097,0.058002882,0.02,0.012063736,0.06,0.022271512,"120327A",0,0,0,0,0,0,0,0,0,0,0,2.813,0.581266805273671
"120404A",1.85,0.079181246,3.79948,21.70983536,-11.02687215,1.90651,1.587710965,0.69,1.89579,-5.795880017,3.4225,0.00626966971811252,14.4360482704,471.316951358306,121.591909412446,3.6347803801,2.52082610838123,0.4761,3.5940197241,33.5922251714599,0.179553274179706,0.11705,0.068285,0.121385,0.005,0.027143405,0.13,0.072382414,"120404A",0,0,0,0,0,0,0,0,0,0,0,2.876,0.588383768378728
"120422A",1.19,-0.22184875,5.23266697,21.13638759,-12.73992861,0.86153199,0.728353782,1.1,2.32199,-6.638272164,1.4161,0.0492168678765625,27.380803618929,446.746880354706,162.305780987897,0.74223736979336,0.530499231753704,1.21,5.3916375601,44.0666573233372,0.181516258620399,0.11830242,0.217818621,0.214451933,0.035,0.075529475,0.24,0.144764827,"120422A",0,0,0,0,0,0,0,0,0,0,0,0.283,0.108226656374928
"120711A",1.73945067928945,0.15298088503652,3.90556245284658,20.8890204759374,-10.8185671343246,1.19095866636244,2.06069784,0.850838201784462,1.96823823014476,-5.59956740196432,3.02568866568053,0.0234031511865569,15.253418073085,436.351176444132,117.041394839888,1.4183825449838,4.24647558778067,0.723925645615817,3.87396173060338,31.3551550891414,0.0711120769415451,0.833297516464585,0.470992604341124,0.244784839849413,0.17402687165464,0.0445850499081247,0.1906576904457,0.0796645497755468,"120711A",1,0.434862669822362,0.03824522125913,0.976390613211645,5.22225511898435,-2.70464178358115,0.29773966659061,0.51517446,0.212709550446116,0.49205955753619,-1.39989185049108,1.405,0.381115080709851
"120729A",1.62,0.462397998,3.52138487,21.34792103,-10.29756946,2.26312734,1.854306042,0.645,1.8831,-5.619788758,2.6244,0.213811908554408,12.4001514026649,455.733732303116,106.039936783525,5.12174535705548,3.43845089739771,0.416025,3.54606561,31.5820256845432,0.223182009707008,0.06906832,0.047294772,0.130088482,0.013331067,0.018095603,0.08,0.029951344,"120729A",0,0,0,0,0,0,0,0,0,0,0,0.8,0.255272505103306
"120802A",1.21,0.477121255,3.53838419,22.12127744,-11.17198494,0.54215516,1.698970004,0.91,2.03526,-5.721246399,1.4641,0.227644691972775,12.520162676042,489.350915577453,124.813247499587,0.293932217514626,2.88649907449176,0.8281,4.1422832676,32.7326603580705,0.2694762542188,0.07803221,0.220557212,0.11816229,0.055,0.068572813,0.47,0.028952965,"120802A",0,0,0,0,0,0,0,0,0,0,0,3.796,0.680879174426811
"120811C",1.4,0.612783857,3.15909591,21.91722026,-10.14327111,1.01613299,1.428134794,0.65,1.92121,-5.522878745,1.96,0.375504055399796,9.97988696857873,480.364543925354,102.885948810961,1.03252625336634,2.03956898983342,0.4225,3.6910478641,30.5021896319728,0.0598545187495629,0.05294686,0.084200302,0.03800099,0.090734018,0.043429448,0.3,0.021185097,"120811C",0,0,0,0,0,0,0,0,0,0,0,2.671,0.564784384503987
"120815A",2.29,0.342422681,3.5742728476774,21.77242733,-10.613999540941,1.10095297748644,0.986771734,0.89862381362281,1.84293,-6.30980392,5.2441,0.117253292463228,12.7754263896439,474.038591840131,112.656986255096,1.21209745863626,0.973718455021367,0.807524758410003,3.3963909849,39.8136255088474,0.0664080102705681,0.833297516464585,0.470992604341124,0.244784839849413,0.17402687165464,0.062042069,0.23,0.059221975,"120815A",1,0.5725,0.08560567025,0.89356821191935,5.4431068325,-2.65349988523525,0.27523824437161,0.2466929335,0.224655953405702,0.4607325,-1.57745098,2.36,0.526339277389844
"120907A",1.73,0.462397998,3.2113827,21.0438101,-10.37675071,1.05329104,1.227886705,0.78,1.82021,-6.173925197,2.9929,0.213811908554408,10.3129788458593,442.841943524862,107.676955297485,1.10942201494428,1.50770576031576,0.6084,3.3131644441,38.1173523381515,0.035217186540104,0.04130341,0.062296694,0.028647271,0.005,0.071302079,0.25,0.059902687,"120907A",0,0,0,0,0,0,0,0,0,0,0,0.97,0.294466226161593
"120922A",1.58,0.301029996,3.59799,21.0163605,-10.59516628,1.06622,2.238046103,1.17,2.06954,-5.207608311,2.4964,0.09061905849176,12.9455320401,441.68740866596,112.257548500849,1.1368250884,5.00885035915349,1.3689,4.2829958116,27.1191843207963,0.075913913084108,0.16365,0.133375,0.03563,0.005,0.049033248,0.36,0.043429448,"120922A",0,0,0,0,0,0,0,0,0,0,0,3.1,0.612783856719735
"121024A",1.41,0.113943352,4.17178823,21.94617755,-11.31158018,1.30353551,1.838849091,0.87,2.00683,-5.958607315,1.9881,0.0129830874649959,17.4038170359665,481.634709056124,127.951846168569,1.69920482583096,3.38136597947153,0.7569,4.0273666489,35.5050011343715,0.201804932759115,0.063305895,0.065435085,0.06666149,0,0.039481317,0.22,0.066814536,"121024A",0,0,0,0,0,0,0,0,0,0,0,2.298,0.5182506513085
"121027A",1.82,0.113943352,5.40919042,22.07736427,-11.92081875,1.50995764,1.796574333,1.16,2.37144,-5.698970004,3.3124,0.0129830874649959,29.2593409998198,487.410013110273,142.105919670352,2.27997207459437,3.22767933399439,1.3456,5.6237276736,32.4782591064918,0.03343969322178,0.041584155,0.037953731,0.058939694,0,0.021714724,0.09,0.066814536,"121027A",0,0,0,0,0,0,0,0,0,0,0,1.773,0.442949869577862
"121128A",1.32,1.11058971,3.23392922,22.04029767,-9.617982957,1.54546584,1.367355921,0.9455,1.98504,-5.161150909,1.7424,1.23340950395788,10.4582981999698,485.774721382207,92.5055961611425,2.38846466260691,1.86966221469376,0.89397025,3.9403838016,26.6374787054715,0.0303933846890459,0.028690024,0.029795568,0.032445001,0.010337721,0.025176492,0.18,0.013466496,"121128A",0,0,0,0,0,0,0,0,0,0,0,2.2,0.505149978319906
"121211A",2.36,0,4.20933518,21.66138196,-11.2823295,1.15615612,2.260071388,0.95,2.0682,-5.886056648,5.5696,0,17.7185026575856,469.215468417013,127.29095894657,1.33669697381345,5.10792267885625,0.9025,4.27745124,34.645662863465,0.0937486856135703,0.054250775,0.063247159,0.074602829,0.005,0.089197405,0.26,0.130288345,"121211A",0,0,0,0,0,0,0,0,0,0,0,1.023,0.305995882770805
"121217A",1.53,0.255272505,3.64760619366726,21.6003032,-10.5689838964411,1.12333676343069,2.890979597,0.924453074149486,1.96847804960143,-5.207608311,2.3409,0.065164051808975,13.3050309440798,466.57309833193,111.703420603231,1.26188548407494,8.35776303027028,0.854613486304435,3.87490583176265,27.1191843207963,0.366834332492466,0.833297516464585,0.470992604341124,0.244784839849413,0.17402687165464,0.0302144713479088,0.08,0.0649371985063369,"121217A",1,0.3825,0.06381812625,0.911901548416815,5.4000758,-2.64224597411028,0.280834190857673,0.72274489925,0.231113268537371,0.492119512400358,-1.30190207775,3.1,0.612783856719735
"130215A",1.59,0.397940009,4.2096391857606,21.1575730258515,-11.0457499487813,1.38845069084527,1.81756537,0.891912958868021,1.95045663425091,-5.26760624,2.5281,0.15835625076292,17.7210620742912,447.642896344239,122.008591931002,1.92779532090871,3.30354387422324,0.795508726196708,3.80428108209339,27.7476754996869,0.0937486856135703,0.833297516464585,0.470992604341124,0.244784839849413,0.17402687165464,0.040212452,0.14,0.121602455,"130215A",1,0.3975,0.09948500225,1.05240979644015,5.28939325646288,-2.76143748719532,0.347112672711318,0.4543913425,0.222978239717005,0.487614158562727,-1.31690156,0.6,0.204119982655925
"130408A",1.28,0.69019608,3.58393,20.06405721,-10.32975415,1.39277,1.447158031,0.945,2.03183,-5.638272164,1.6384,0.476370628847366,12.8445542449,402.566391726153,106.703820799442,1.9398082729,2.0942663666878,0.893025,4.1283331489,31.7901129953372,0.202660966333188,0.077,0.070305,0.0643,0.117120218,0.075529475,0.26,0.088631527,"130408A",0,0,0,0,0,0,0,0,0,0,0,3.757,0.677333151419902
"130418A",2.07,-0.22184875,2.59006,21.12149747,-9.247183569,1.28449,2.07200023240372,0.198,1.68684,-5.744727495,4.2849,0.0492168678765625,6.7084108036,446.117655375216,85.5104039587836,1.6499145601,4.29318496308107,0.039204,2.8454291856,33.001893991809,0.169579312058566,0.06047,0.06867,0.031625,0.003,0.048254942,0.17,0.144764827,"130418A",0,0,0,0,0,0,0,0,0,0,0,1.218,0.345961541813141
"130420A",1.52,0.531478917,3.56731,20.79265849,-10.8728952,0.914676,2.091666958,1.17,2.29559,-5.148741651,2.3104,0.282469839215493,12.7257006361,432.334647081769,118.219850030183,0.836632184976,4.37507066318897,1.3689,5.2697334481,26.5095405887422,0.0412728533350444,0.05505,0.08535,0.0286905,0.005,0.018350471,0.25,0.025546734,"130420A",0,0,0,0,0,0,0,0,0,0,0,1.297,0.361160995195026
"130427A",1.21,2.519827994,4.11854040550086,20.99021494,-10.1792263077314,1.30995861728981,2.211734423,0.979337627418907,1.78644,-3.508638306,1.4641,6.34953311934606,16.9623750717432,440.589123227399,103.616648224011,1.71599157901183,4.89176915788314,0.959102188478494,3.1913678736,12.3105427623305,0.0233394026693868,0.833297516464585,0.470992604341124,0.244784839849413,0.17402687165464,0.00420285,0.02,0.006035512,"130427A",1,0.3025,0.6299569985,1.02963510137521,5.247553735,-2.54480657693285,0.327489654322452,0.55293360575,0.244834406854727,0.44661,-0.8771595765,0.34,0.127104798364808
"130511A",1.35,0.113943352,2.65954,21.01365445,-10.51570016,1.16497,0.73479983,0.65,2.06879,-6.657577319,1.8225,0.0129830874649959,7.0731530116,441.573673344005,110.579949855024,1.3571551009,0.539930790168029,0.4225,4.2798920641,44.3233357584632,0.176931769551824,0.0838,0.089385,0.04916,0.01,0.078962633,0.31,0.066814536,"130511A",0,0,0,0,0,0,0,0,0,0,0,1.3033,0.362350507594848
"130514A",1.8,0.447158031,3.68772,21.19799139,-10.7212464,1.17745,2.309630167,0.65,2.0604,-5.040958608,3.24,0.199950304687797,13.5992787984,449.354838970514,114.945124369513,1.3863885025,5.33439150831645,0.4225,4.24524816,25.4112636875693,0.0272768817014167,0.078,0.078365,0.04188,0.08,0.009544934,0.05,0.046531552,"130514A",0,0,0,0,0,0,0,0,0,0,0,3.6,0.662757831681574
"130604A",1.51,-0.096910013,2.071571247,21.35024026,-8.316052869,1.742079764,1.57634135,0.98,2.08823,-5.853871964,2.2801,0.00939155061966017,4.29140743139714,455.832759159725,69.1567353200031,3.0348419041383,2.48485205171982,0.9604,4.3607045329,34.2678169709052,0.0525216608675702,0.166441725,0.100184013,0.041653571,0.015,0.031021034,0.12,0.10857362,"130604A",0,0,0,0,0,0,0,0,0,0,0,1.06,0.313867220369153
"130606A",1.52,0.414973348,3.30222,20.24962877,-10.18045606,1.37571,2.441820772,0.44,1.86465,-5.537602002,2.3104,0.172202879550329,10.9046569284,410.047465322812,103.641685589591,1.8925780041,5.96248868257068,0.1936,3.4769196225,30.6650359325544,0.0303226795160044,0.06815,0.07782,0.05186,0.045,0.029951344,0.12,0.033407268,"130606A",0,0,0,0,0,0,0,0,0,0,0,5.913,0.839666556882433
"130702A",1.7069931932884,0.697313985603386,4.29786688744009,21.1002489320261,-10.5073108844973,1.25520896469284,1.770852012,0.91207261143043,1.95922507826468,-5.28621275756824,2.91382576193293,0.486246794518079,18.471659782154,445.220504993469,110.403582023475,1.57554954504527,3.13591684840445,0.831876448521524,3.83856290730124,27.9440453182772,0.0664080102705681,0.833297516464585,0.470992604341124,0.244784839849413,0.17402687165464,0.0328032555071814,0.171786515728631,0.043879736569635,"130702A",1,0.4267482983221,0.174328496400846,1.07446672186002,5.27506223300653,-2.62682772112433,0.31380224117321,0.442713003,0.228018152857607,0.48980626956617,-1.32155318939206,0.15,0.0606978403536116
"131030A",1.3,1.44870632,2.84594,20.84178667,-9.294136288,1.11188,1.613841822,0.693,2.09466,-4.537602002,1.69,2.09875000160794,8.0993744836,434.38007159779,86.3809693399184,1.2362771344,2.60448542643628,0.480249,4.3876005156,20.5898319285544,0.0427179076225292,0.025175,0.027575,0.00815,0.0075,0,0.03,0.010818724,"131030A",0,0,0,0,0,0,0,0,0,0,0,1.295,0.36078268987328
"131105A",1.45,0.544068044,3.9488,21.32749584,-10.91009489,1.19347,2.050379756,0.94,2.24976,-5.148741651,2.1025,0.296010036501986,15.59302144,454.862078805217,119.030170508804,1.4243706409,4.20405714381462,0.8836,5.0614200576,26.5095405887422,0.0158047698317659,0.03335,0.047885,0.04544,0.005,0.030584118,0.11,0.074450483,"131105A",0,0,0,0,0,0,0,0,0,0,0,1.686,0.429106008332697
"140206A",1.04,1.28780173,3.59073,22.00531353,-9.730487056,1.22509,1.971275849,0.672,1.88134,-4.795880017,1.0816,1.65843329579099,12.8933419329,484.233823553601,94.6823783469835,1.5008455081,3.88592847285067,0.451584,3.5394401956,23.0004651374599,0.063811704252879,0.012995,0.021325,0.015545,0.021902336,0.008143022,0.15,0.011193157,"140206A",0,0,0,0,0,0,0,0,0,0,0,2.73,0.571708831808688
"140213A",1.8,1.371067862,3.829176603,20.99187128,-10.12551818,1.108879519,1.77815125,0.83,1.96657,-4.920818754,3.24,1.87982708220925,14.6625934569626,440.658659836089,102.526118413511,1.22961378765767,3.16182186787656,0.6889,3.8673975649,24.2144572097181,0.0189868108841264,0.06303582,0.068643889,0.021746292,0.005,0,0.04,0.014784493,"140213A",0,0,0,0,0,0,0,0,0,0,0,1.2076,0.343920385393226
"140419A",1.21,0.69019608,3.68383,22.04094236,-10.00568285,1.36898,1.976349979,0.678,1.87322,-4.795880017,1.4641,0.476370628847366,13.5706034689,485.803140116842,100.113689294784,1.8741062404,3.9059592394933,0.459684,3.5089531684,23.0004651374599,0.0175057628798656,0.023985,0.02442,0.017885,0.001,0,0.04,0.017726305,"140419A",0,0,0,0,0,0,0,0,0,0,0,3.956,0.695131297704026
"140423A",1.33,0.322219295,3.90552,21.81946365,-10.85078089,1.18974,2.127104798,0.77,2.06486,-5.026872146,1.7689,0.103825274070297,15.2530864704,476.088993973671,117.739445922789,1.4154812676,4.52457482167462,0.5929,4.2636468196,25.2694435722306,0.0745819195938403,0.05035,0.05495,0.045115,0.149849463,0.013860462,0.06,0.041361379,"140423A",0,0,0,0,0,0,0,0,0,0,0,3.26,0.629409599102719
"140430A",2,0.397940009,4.14388,21.67796993,-11.36251027,0.875171,2.239549721,1.03,2.15785,-5.958607315,4,0.15835625076292,17.1717414544,469.934380285984,129.106639635855,0.765924279241,5.01558295283118,1.0609,4.6563166225,35.5050011343715,0.00923562857095551,0.0861,0.13071,0.0833725,0.035,0.078962633,0.22,0.034743559,"140430A",0,0,0,0,0,0,0,0,0,0,0,1.6,0.414973347970818
"140506A",1.68,1.037426498,3.30686,21.81764402,-9.903089987,0.948932,2.045714059,0.9,1.74751,-5.552841969,2.8224,1.07625373875254,10.9353230596,476.009590583442,98.0711912906197,0.900471940624,4.18494601119025,0.81,3.0537912001,30.8340539326878,0.0373575732732516,0.05516,0.06882,0.01557,0.047966029,0.046531552,0.16,0.035859177,"140506A",0,0,0,0,0,0,0,0,0,0,0,0.889,0.276231957921834
"140509A",1.59,0.204119983,3.58709,20.90144742,-11.09770006,1.40649,1.17092730333444,0.86,1.93407,-5.920818754,2.5281,0.0416649674599203,12.8672146681,436.870504251025,123.158946621724,1.9782141201,1.37107074969406,0.7396,3.7406267649,35.0560947177181,0.151511196244019,0.08395,0.088715,0.10418,0.22,0.04379136,0.121212121,0.117055576617339,"140509A",0,0,0,0,0,0,0,0,0,0,0,2.4,0.531478917042255
"140512A",1.45,0.832508913,3.53686,21.32824297,-9.504455662,1.25134,2.189770956,0.871,1.84304,-4.853871964,2.1025,0.693071090224441,12.5093786596,454.893948187355,90.3346774309239,1.5658517956,4.79509683974115,0.758641,3.3967964416,23.5600730429052,0.0134302087658966,0.01504,0.022285,0.02006,0.002482817,0.00930631,0.04,0.019160051,"140512A",0,0,0,0,0,0,0,0,0,0,0,0.725,0.236789099409293
"140518A",0.92,0,3.77824,22.46148952,-11.31158018,1.64981,1.781755375,0.94,1.93772,-6,0.8464,0,14.2750974976,504.51851145707,127.951846168569,2.7218730361,3.17465221634139,0.8836,3.7547587984,36,0.0174377429302028,0.09045,0.070125,0.18819,0,0.043429448,0.61,0.043429448,"140518A",0,0,0,0,0,0,0,0,0,0,0,4.707,0.756407872548958
"140614A",1.5,-1.4317581319867,3.70006,21.31611509,-10.9589,1.35595,2.857332496,0.83,1.77015,-5.886056648,2.25,2.04993134851004,13.6904440036,454.376762530126,120.09748921,1.8386004025,8.16434899269759,0.6889,3.1334310225,34.645662863465,0.0965452754396361,0.1129,0.098945,0.093145,0.05,0.133629071,0.46,0.163321606984505,"140614A",0,0,0,0,0,0,0,0,0,0,0,4.233,0.718750734739665
"140629A",1.86,0.62324929,2.85608,21.74269921,-9.847711656,1.16056,1.62324929,0.815,1.95996,-5.619788758,3.4596,0.388439677485504,8.1571929664,472.744968936535,96.9774248597183,1.3468995136,2.6349382574855,0.664225,3.8414432016,31.5820256845432,0.119342969960682,0.042785,0.06161,0.03501,0.001678552,0.036191207,0.11,0.041361379,"140629A",0,0,0,0,0,0,0,0,0,0,0,2.275,0.515211304327802
"140801A",1.83370502309806,0.574153872694756,3.89817861950855,20.8744034307407,-10.7821681256039,1.07063438469335,0.84509804,0.89367135161901,2.01128440967262,-6.05905855564194,3.36247411173506,0.329652669530386,15.1957965495936,435.740718589319,116.255149488789,1.14625798568771,0.714190697211842,0.798648484704548,4.04526497659214,36.7121905806978,0.366834332492466,0.833297516464585,0.470992604341124,0.244784839849413,0.17402687165464,0.0466131295127891,0.249571169609986,0.0548014009952138,"140801A",1,0.458426255774515,0.143538468173689,0.974544654877137,5.21860085768517,-2.69554203140097,0.267658596173337,0.21127451,0.223417837904753,0.502821102418155,-1.51476463891048,1.32,0.3654879848909
"140907A",1.72,0.397940009,3.89032374824568,21.4811071,-10.6362007326642,1.09833677966549,1.898725182,0.96432683108105,2.00735,-5.366531544,2.9584,0.15835625076292,15.1346188661643,461.43796224167,113.128766025526,1.20634368156596,3.60515731676093,0.92992623714282,4.0294540225,28.799660812747,0.0664439832683159,0.833297516464585,0.470992604341124,0.244784839849413,0.17402687165464,0.020199743,0.07,0.034743559,"140907A",1,0.43,0.09948500225,0.97258093706142,5.370276775,-2.65905018316605,0.274584194916372,0.4746812955,0.241081707770262,0.5018375,-1.341632886,1.21,0.344392273685111
"141004A",1.86,0.785329835,3.30337,21.49730845,-10.61083392,1.54959,0.593286067,1.08,1.79496,-6.173925197,3.4596,0.616742949741127,10.9122533569,462.134270594441,112.589796477823,2.4012291681,0.351988357296328,1.1664,3.2218814016,38.1173523381515,0.118918281385487,0.0853,0.081935,0.09774,0.005,0.019446022,0.08,0.021358745,"141004A",0,0,0,0,0,0,0,0,0,0,0,0.573,0.196728722623287
"141121A",1.73,-0.045757491,5.76634,21.59590717,-12.65757732,2.33322,2.74028372,0.82,1.93447,-5.27572413,2.9929,0.00209374798261508,33.2506769956,466.383206495257,160.214263611778,5.4439155684,7.50915486609704,0.6724,3.7421741809,27.8332650958643,0.0298708467389642,0.1675,0.090095,0.2969,0.01,0.032776942,0.13,0.144764827,"141121A",0,0,0,0,0,0,0,0,0,0,0,1.47,0.392696953259666
"141220A",0.62,0.949390007,2.77561,21.48574413,-9.872830386,1.42066,0.857935265,1.1,1.80565,-5.585026652,0.3844,0.90134138539146,7.7040108721,461.63720081983,97.4727798307249,2.0182748356,0.73605291893062,1.21,3.2603719225,31.1925227035503,0.0285379269708387,0.042455,0.057375,0.050735,0.07,0.016703634,0.38,0.034157993,"141220A",0,0,0,0,0,0,0,0,0,0,0,1.3195,0.365394376854778
"141221A",1.74,0.491361694,3.37013086495872,21.46788768,-10.2215269676276,1.60707581559569,1.567026366,0.783117928751997,2.22288,-5.677780705,3.0276,0.24143631433055,11.3577820469474,460.870201441096,104.479613549938,2.58269267707255,2.45557163173917,0.613273690332818,4.9411954944,32.2371937340703,0.0664439832683159,0.833297516464585,0.470992604341124,0.244784839849413,0.17402687165464,0.02068069,0.08,0.028018999,"141221A",1,0.435,0.1228404235,0.84253271623968,5.36697192,-2.5553817419069,0.401768953898922,0.3917565915,0.195779482187999,0.55572,-1.41944517625,1.45,0.389166084364532
"150120B",2.2,0.079181246,3.39431,21.52664292,-10.79048499,1.17705,2.01762288488796,0.92,2.01678,-6.26760624,4.84,0.00626966971811252,11.5213403761,463.396355405186,116.434566319415,1.3854467025,4.07080210562361,0.8464,4.0674015684,39.2828879796869,0.0141299769251024,0.0711,0.090535,0.057705,0.005,0.039006078,0.151515152,0.0542106768002651,"150120B",0,0,0,0,0,0,0,0,0,0,0,3.5,0.653212513775344
"150314A",1.08,1.58546073,2.49217,22.01715025,-8.609064893,1.19079,1.169968174,0.73,1.84772,-4.657577319,1.1664,2.51368572637213,6.2109113089,484.754905131075,74.1159983318851,1.4179808241,1.36882552817289,0.5329,3.4140691984,21.6930264824632,0.07726686575266,0.015025,0.015855,0.009925,0,0.005922197,0.03,0.010152339,"150314A",0,0,0,0,0,0,0,0,0,0,0,1.758,0.440594261839831
"150323A",1.85,0.73239376,3.65434471145541,21.69269626,-10.9021315922178,0.908848650408785,2.174931594,0.943169597440024,2.0639,-5.214670165,3.4225,0.536400619686938,13.3542352701421,470.573071028618,118.856473254033,0.82600586934987,4.73032743857938,0.889568889535177,4.25968321,27.1927849297411,0.0664439832683159,0.833297516464585,0.470992604341124,0.244784839849413,0.17402687165464,0.014239163,0.07,0.024127471,"150323A",1,0.4625,0.18309844,0.913586177863853,5.423174065,-2.72553289805445,0.227212162602196,0.5437328985,0.235792399360006,0.515975,-1.30366754125,0.593,0.202215775801131
"150403A",1.23,1.245512668,3.19694,21.79039707,-8.821023053,1.24471,1.611723308,0.679,1.70996,-4.769551079,1.5129,1.55130180614848,10.2204253636,474.821404468265,77.8104477015574,1.5493029841,2.59765202155046,0.461041,2.9239632016,22.7486174951901,0.127565659236116,0.005105,0.006975,0.00458,0,0.00766402,0.04,0.014805494,"150403A",0,0,0,0,0,0,0,0,0,0,0,2.06,0.48572142648158
"150821A",2.1,-1.49776679460977,2.95174,22.340573,-8.853871964,1.82628,2.23578087,0.848,2.21622,-6.102372909,4.41,2.24330537103562,8.7127690276,499.101201968329,78.3910487549052,3.3352986384,4.99871609865796,0.719104,4.9116310884,37.2389551204971,0.249936990327389,0.021105,0.015485,0.027365,5e-04,0.104450572,0.37,0.188398851647283,"150821A",0,0,0,0,0,0,0,0,0,0,0,0.755,0.244277120801843
"150910A",1.42,0.041392685,3.51771388172789,20.842422,-10.028173056177,1.55231279943846,2.049992857,0.877063504718567,1.78547,-5.318758763,2.0164,0.00171335437150922,12.3743109537011,434.406554826084,100.564254844634,2.40967502730047,4.20247071375102,0.769240391309216,3.1879031209,28.2891947789893,0.0563106258915239,0.833297516464585,0.470992604341124,0.244784839849413,0.17402687165464,0.036191207,0.12,0.157925266,"150910A",1,0.355,0.01034817125,0.879428470431972,5.2106055,-2.50704326404425,0.388078199859615,0.51249821425,0.219265876179642,0.4463675,-1.32968969075,1.3585,0.372635880581721
"151021A",1.57,0.986771734,3.15765,22.33647975,-9.642065153,1.33346,2.042181595,1.27,1.96079,-4.552841969,2.4649,0.973718455021367,9.9707535225,498.91832762216,92.9694204146969,1.7781155716,4.17050566695674,1.6129,3.8446974241,20.7283699946878,0.0143797213110485,0.06282,0.05208,0.02141,0.04,0.015510517,0.04,0.035818102,"151021A",0,0,0,0,0,0,0,0,0,0,0,2.33,0.52244423350632
"151027A",1.72,0.832508913,3.99907,21.65076489,-9.935542011,1.74508,2.11290649,0.9235,2.00612,-5.107905397,2.9584,0.693071090224441,15.9925608649,468.755620322057,98.7149950523459,3.0453042064,4.46437383548412,0.85285225,4.0245174544,26.0906975447017,0.0183350782696789,0.02221,0.01731,0.02499,0.002440971,0.011135756,0.05,0.038320101,"151027A",0,0,0,0,0,0,0,0,0,0,0,0.81,0.257678574869184
"151215A",1.99,0.204119983,3.06337,21.14009932,-10.72815839,1.07478,1.250420002,1.015,2.20942,-6.508638306,3.9601,0.0416649674599203,9.3842357569,446.903799259465,115.093382440927,1.1551520484,1.56355018140168,1.030225,4.8815367364,42.3623725983306,0.0244827442519859,0.093,0.11588,0.071395,0.35435971,0.098066496,0.33,0.05428681,"151215A",0,0,0,0,0,0,0,0,0,0,0,2.59,0.555094448578319
"160117B",1.73,-0.705929807788426,4.10299,20.95374423,-11.74958,0.973333,0.697062187810827,0.64,1.83834,-6.4710833,2.9929,0.498336893524204,16.8345269401,439.059397256258,138.0526301764,0.947377128889,0.485895693675617,0.4096,3.3794939556,41.8749190755389,0.214744065864423,0.12265,0.162075,0.093958,0.015,0.005627928835757,0.0041822719666068,0.122191721784807,"160117B",0,0,0,0,0,0,0,0,0,0,0,0.87,0.271841606536499
"160121A",1.77,0.079181246,3.8244,21.41342718,-11.17263073,0.798663,1.079181246,1.02,2.2054,-6.214670165,3.1329,0.00626966971811252,14.62603536,458.534863593163,124.82767742894,0.637862587569,1.16463216171811,1.0404,4.86378916,38.6221252597411,0.0862757376305275,0.0694,0.120385,0.106048,0.03,0.035597908,0.13,0.072382414,"160121A",0,0,0,0,0,0,0,0,0,0,0,1.96,0.471291711058939
"160131A",1.24,0.806179974,3.90646799007419,21.680967,-10.1402382808885,1.34470969546612,2.511883361,0.999872847441857,2.02332,-4.690369833,1.5376,0.649926150478641,15.2604921574743,470.064330055089,102.824432393197,1.80824416508059,6.30955801926866,0.999745711051487,4.0938238224,21.9995691703164,0.169579312058566,0.833297516464585,0.470992604341124,0.244784839849413,0.17402687165464,0.010644473,0.05,0.020357554,"160131A",1,0.31,0.2015449935,0.976616997518547,5.42024175,-2.53505957022213,0.33617742386653,0.62797084025,0.249968211860464,0.50583,-1.17259245825,0.972,0.294906910605192
"160203A",1.93,0.113943352,3.66139836,22.0158332,-11.36754271,1.146279559,1.305351369,0.61,1.75592,-5.920818754,3.7249,0.0129830874649959,13.4058379506107,484.696911490222,129.221027263674,1.31395682738123,1.70394219655017,0.3721,3.0832550464,35.0560947177181,0.0695758261024457,0.08458679,0.087010427,0.0601909,0.25,0.036191207,0.2,0.133629071,"160203A",0,0,0,0,0,0,0,0,0,0,0,3.52,0.655138434811382
"160227A",0.75,-0.22184875,4.47751,21.4198963,-10.99567863,1.10229,2.500373714,0.679,1.72551,-5.508638306,0.5625,0.0492168678765625,20.0480958001,458.811957502754,120.904948534239,1.2150432441,6.25186870966215,0.461041,2.9773847601,30.3450959863305,0.103418641469029,0.03055,0.03885,0.03434,0.001,0.028018999,0.51,0.072382414,"160227A",0,0,0,0,0,0,0,0,0,0,0,2.38,0.528916700277655
"160327A",1.84,0.255272505,3.76407,20.72655851,-11.22402567,1.49693,1.447158031,0.78,1.93554,-5.853871964,3.3856,0.065164051808975,14.1682229649,429.590227668453,125.978752240819,2.2407994249,2.0942663666878,0.6084,3.7463150916,34.2678169709052,0.143091047665439,0.0673,0.06033,0.1004,0.02,0.031021034,0.11,0.048254942,"160327A",0,0,0,0,0,0,0,0,0,0,0,4.99,0.777426822389311
"160425A",2.2,0.447158031,3.60143340966174,22.05510681,-10.6572847202675,1.03527411786306,2.483701382,1.02213317976441,2.51113,-5.677780705,4.84,0.199950304687797,12.9703226042278,486.427736400508,113.577717608847,1.07179249911714,6.16877255494871,1.0447562371753,6.3057738769,32.2371937340703,0.0933217274509788,0.833297516464585,0.470992604341124,0.244784839849413,0.17402687165464,0.041361379,0.18,0.031021034,"160425A",1,0.55,0.11178950775,0.900358352415435,5.5137767025,-2.66432118006687,0.258818529465765,0.6209253455,0.255533294941102,0.6277825,-1.41944517625,0.555,0.191730393362856
"160804A",1.4,0.462397998,4.38419,21.30214687,-11.5214335,0.948229,2.15896526,0.92,1.87827,-4.943095149,1.96,0.213811908554408,19.2211219561,453.781461271051,132.743429894922,0.899138236441,4.66113099388687,0.8464,3.5278981929,24.4341896520673,0.057915224642575,0.05875,0.095375,0.070062,0.005,0.011428802,0.23,0.044927015,"160804A",0,0,0,0,0,0,0,0,0,0,0,0.736,0.239549720840473
"161014A",1.47,0.462397998,3.65293497107478,22.18657496,-10.7084252737443,1.35296154832761,1.26245109,0.86433343696525,1.83236,-5.721246399,2.1609,0.213811908554408,13.3439339029011,492.244108455699,114.670371843366,1.83050495125304,1.59378275464219,0.747072290256162,3.3575431696,32.7326603580705,0.057915224642575,0.833297516464585,0.470992604341124,0.244784839849413,0.17402687165464,0.045715209,0.15,0.089854031,"161014A",1,0.3675,0.1155994995,0.913233742768695,5.54664374,-2.67710631843608,0.338240387081903,0.3156127725,0.216083359241313,0.45809,-1.43031159975,2.823,0.582404298019028
"161023A",1.48429488273099,0.588209791507229,4.0557675450108,21.1872488303853,-10.4189526320604,1.32234382465662,1.643452676,0.927461443195342,1.95429741445854,-5.42056598348586,2.2031312989014,0.345990758824978,16.4492503791629,448.899513000663,108.554573949118,1.7485931906075,2.70093669825156,0.860184728613987,3.81927838415933,29.382535581324,0.0664439832683159,0.833297516464585,0.470992604341124,0.244784839849413,0.17402687165464,0.0255406174190192,0.159030747217934,0.0451456901736497,"161023A",1,0.371073720682748,0.147052447876807,1.0139418862527,5.29681220759633,-2.6047381580151,0.330585956164155,0.410863169,0.231865360798835,0.488574353614635,-1.35514149587146,2.71,0.569373909615046
"161108A",1.85,-0.22184875,4.69106,21.16074757,-11.81247928,0.883711,2.021602716,0.84,2.00325,-5.958607315,3.4225,0.0492168678765625,22.0060439236,447.777237721261,139.534666740429,0.780945131521,4.08687754133858,0.7056,4.0130105625,35.5050011343715,0.0491496346156657,0.13355,0.18179,0.0812555,0.005,0.039481317,0.17,0.072382414,"161108A",0,0,0,0,0,0,0,0,0,0,0,1.159,0.334252642334231
"161117A",1.19,0.832508913,4.08464,21.87736847,-10.74958,1.141,2.099335278,1.375,1.92624,-4.698970004,1.4161,0.693071090224441,16.6842839296,478.61925117215,115.5534701764,1.301881,4.40720860945534,1.890625,3.7104005376,22.0803190984918,0.00378540226960351,0.03835,0.04019,0.02365,0.674290141,0,0.12,0.019160051,"161117A",0,0,0,0,0,0,0,0,0,0,0,1.549,0.406369835469268
"161219B",1.29,0.72427587,4.0135,21.16590877,-10.13667714,0.871656,0.84135947,0.73,1.86204,-5.823908741,1.6641,0.524575535864257,16.10818225,447.995694059963,102.752223440599,0.759784182336,0.707885757758681,0.5329,3.4671929616,33.9179130234962,0.0495608716177928,0.0277,0.03841,0.008668,0,0.028952965,0.35,0.032776942,"161219B",0,0,0,0,0,0,0,0,0,0,0,0.1475,0.0597526942092988
"170113A",0.75,0.041392685,3.70456228209376,21.4429483,-10.6555753784608,1.23585130778154,1.315130317,0.892086952109363,1.81917,-6.173925197,0.5625,0.00171335437150922,13.7237817019117,459.800031796473,113.54128664606,1.52732845494534,1.72956775069252,0.795819130123773,3.3093794889,38.1173523381515,0.169579312058566,0.833297516464585,0.470992604341124,0.244784839849413,0.17402687165464,0.04537405,0.59,0.039481317,"170113A",1,0.1875,0.01034817125,0.92614057052344,5.360737075,-2.6638938446152,0.308962826945385,0.32878257925,0.223021738027341,0.4547925,-1.54348129925,1.968,0.472463896606989
"170202A",1.68,0.672097858,3.77629,21.7153121,-10.65364703,1.1958,1.664641976,1.04,1.99768,-5.48148606,2.8224,0.451715530728188,14.2603661641,471.554779600406,113.500195039828,1.42993764,2.77103290826118,1.0816,3.9907253824,30.0466894259743,0.10761765896651,0.04485,0.068655,0.059155,0,0.013160439,0.07,0.027720924,"170202A",0,0,0,0,0,0,0,0,0,0,0,3.645,0.666985718329661
"170405A",1.59,-0.0335186812736592,3.6300738,21.99003057,-10.31069114,1.81152426,2.216693599,0.612,1.8473,-5.431798276,2.5281,0.00112350199432515,13.1774357934464,483.561444469534,106.310351784474,3.28162014456855,4.91373051184757,0.374544,3.41251729,29.5044325111566,0.0933217274509788,0.048255345,0.035670699,0.072401387,0.0475,0.035213066,0.12,0.153952769308304,"170405A",0,0,0,0,0,0,0,0,0,0,0,3.51,0.65417654187796
"170519A",1.94,-0.15490196,4.1513,21.33992622,-11.06348626,1.37345,2.335257256,0.975,1.97351,-5.958607315,3.7636,0.0239946172118416,17.23329169,455.392451075043,122.400728225209,1.8863649025,5.45342645170065,0.950625,3.8947417201,35.5050011343715,0.0991498519285518,0.053,0.052235,0.066745,0.224423613,0.078962633,0.26,0.062042069,"170519A",0,0,0,0,0,0,0,0,0,0,0,0.818,0.259593878885949
"170531B",1.95,-0.096910013,3.80257,21.70173804,-11.39577395,1.02082,2.215187969,0.99,2.06685,-5.698970004,3.8025,0.00939155061966017,14.4595386049,470.965433956783,129.863663919499,1.0420734724,4.90705773800235,0.9801,4.2718689225,32.4782591064918,0.0233394026693868,0.08415,0.11435,0.107427,0.035,0.043429448,0.14,0.10857362,"170531B",0,0,0,0,0,0,0,0,0,0,0,2.366,0.527114111639805
"170607A",1.61,1.08334542328181,3.97664562973259,20.90203663,-10.4384194263476,1.1343870221961,1.361727836,0.980140085273292,1.94001,-5.124938737,2.5921,1.17363730614564,15.8137104644713,436.895135281862,108.960600120351,1.28683391612694,1.85430269933724,0.960674586759536,3.7636388001,26.2649970580032,0.169579312058566,0.833297516464585,0.470992604341124,0.244784839849413,0.17402687165464,0.017371779,0.07,0.0231184496675564,"170607A",1,0.4025,0.270836355820453,0.994161407433148,5.2255091575,-2.6096048565869,0.283596755549025,0.340431959,0.245035021318323,0.4850025,-1.28123468425,0.557,0.19228861256812
"170705A",1.65,1.1430148,3.63746,21.08891889,-10.18641901,0.774169,2.337059726,0.66,1.89159,-5.022276395,2.7225,1.30648283301904,13.2311152516,444.742499948999,103.763132247289,0.599337640561,5.4618481628912,0.4356,3.5781127281,25.2232601877742,0.0361306862803674,0.04055,0.06603,0.027333,0.005,0.013714563,0.05,0.012497683,"170705A",0,0,0,0,0,0,0,0,0,0,0,2.01,0.478566495593843
"170714A",1.76,-0.397940009,3.63466850919996,21.06857952,-10.8847171954828,1.50898967079707,3,0.833959919494541,1.84715,-5.552841969,3.0976,0.15835625076292,13.2108151717699,443.885042990563,118.477068425639,2.27704982657225,9,0.695489147323341,3.4119631225,30.8340539326878,0.14476482742628,0.833297516464585,0.470992604341124,0.244784839849413,0.17402687165464,0.046531552,0.17,0.217147241,"170714A",1,0.44,-0.09948500225,0.90866712729999,5.26714488,-2.7211792988707,0.377247417699268,0.75,0.208489979873635,0.4617875,-1.38821049225,0.793,0.253580289562183
"170903A",1.94,0.591064607,4.41384,21.73970839,-11.26042766,0.971187,1.465382851,1.14,2.20256,-5.619788758,3.7636,0.349357369648064,19.4819835456,472.614920882236,126.797231086093,0.943204188969,2.14734690000489,1.2996,4.8512705536,31.5820256845432,0.0534696645518069,0.04095,0.065935,0.051271,0.005,0.036191207,0.12,0.05567878,"170903A",0,0,0,0,0,0,0,0,0,0,0,0.886,0.27554168840131
"171222A",2.07,-0.15490196,4.78231,20.02880298,-12.10957898,0.718496,2.242541428,1.34,1.99001,-5.721246399,4.2849,0.0239946172118416,22.8704889361,401.152948811657,146.641903072858,0.516236502016,5.02899205629628,1.7956,3.9601398001,32.7326603580705,0.0563106258915239,0.20975,0.378455,0.126956,0.015,0.045715209,0.17,0.124084138,"171222A",0,0,0,0,0,0,0,0,0,0,0,2.409,0.532627001228891
"180115A",1.66,-0.22184875,3.48618230456264,20.61397389,-10.319749691107,1.30960743681303,1.611723308,0.924407817361602,1.9512,-6.119186408,2.7556,0.0492168678765625,12.1534670606457,424.935919537602,106.497233687103,1.71507163855599,2.59765202155046,0.854529812799241,3.80718144,37.4444422958519,0.057915224642575,0.833297516464585,0.470992604341124,0.244784839849413,0.17402687165464,0.062858412,0.22,0.144764827,"180115A",1,0.415,-0.0554621875,0.87154557614066,5.1534934725,-2.57993742277675,0.327401859203257,0.402930827,0.2311019543404,0.4878,-1.529796602,2.487,0.542451947375977
"180205A",2.04,0.531478917,3.21372,21.4933967,-10.30627305,1.09633,1.190331698,1.03,1.88733,-6,4.1616,0.282469839215493,10.3279962384,461.966101703571,106.219264181156,1.2019394689,1.41688955126356,1.0609,3.5620145289,36,0.0875106835560367,0.06455,0.088815,0.042095,0.005,0.043429448,0.13,0.038320101,"180205A",0,0,0,0,0,0,0,0,0,0,0,1.409,0.381836799998343
"180325A",1.18,0.973127854,3.56187537620355,22.14319598,-10.7168043767197,1.34431089252362,1.973589623,0.910396006324578,1.85846,-5.187086643,1.3924,0.946977820230645,12.6869561956052,490.321128208688,114.849896048879,1.80717177575765,3.89505600001328,0.828820888331741,3.4538735716,26.905867841989,0.0777158547080599,0.833297516464585,0.470992604341124,0.244784839849413,0.17402687165464,0.013362907,0.05,0.013860462,"180325A",1,0.295,0.2432819635,0.890468844050888,5.535798995,-2.67920109417993,0.336077723130905,0.49339740575,0.227599001581144,0.464615,-1.29677166075,2.248,0.511616020569138
"180329B",0.97,0.146128036,4.02296,21.41988474,-11.14935376,1.50063,2.322219295,0.77,1.86768,-5.48148606,0.9409,0.0213534029052173,16.1842071616,458.811462274885,124.308089265626,2.2518903969,5.3927024540703,0.5929,3.4882285824,30.0466894259743,0.091090048181127,0.04825,0.04314,0.069665,0,0.039481317,0.56,0.124084138,"180329B",0,0,0,0,0,0,0,0,0,0,0,1.998,0.476831628512261
"180620B",1.3,0.556302501,4.6659,21.21643247,-10.98296666,1.09835,2.29841638,0.9,1.99236,-5,1.69,0.309472472618855,21.77062281,450.13700675407,120.625556654672,1.2063727225,5.2827178558523,0.81,3.9694983696,25,0.0599542916300528,0.0437,0.067125,0.059445,0.005,0.013028834,0.2,0.024127471,"180620B",0,0,0,0,0,0,0,0,0,0,0,1.1175,0.325823419002744
"180624A",1.91,0.146128036,4.171185481,21.1034582,-11.54363397,1.243849338,2.686993566,0.95,2.06008,-5.236572006,3.6481,0.0213534029052173,17.3987883169052,445.355947999147,133.255485233338,1.54716117564304,7.2199344237254,0.9025,4.2439296064,27.4216863740229,0.0343795484387942,0.088149935,0.099379055,0.123366444,0,0.022463508,0.1,0.062042069,"180624A",0,0,0,0,0,0,0,0,0,0,0,2.855,0.586024382386976
"180720B",1.36,1.831869774,3.62033,21.24271531,-8.847711656,1.34127,3.06444019010425,0.729,1.8461,-4.065501549,1.8496,3.35574686889481,13.1067893089,451.252953741708,78.2820015477183,1.7990052129,9.39079367872617,0.531441,3.40808521,16.5283028449214,0.00138098327707093,0.004975,0.00614,0.005375,0,0.005049936,0.03,0.016629833,"180720B",0,0,0,0,0,0,0,0,0,0,0,0.654,0.218535505216528
"180728A",1.97,2.120573931,3.8695,21.58733599,-9.42365865,1.1986,0.938519725,0.8595,1.70111,-4.528708289,3.8809,4.49683379683679,14.97303025,466.013075145149,88.8053423517198,1.43664196,0.880819274214076,0.73874025,2.8937752321,20.5091987668573,0.0148761559757772,0.009885,0.014745,0.0091,0.042486494,0.008803267,0.03,0.009541318,"180728A",0,0,0,0,0,0,0,0,0,0,0,0.117,0.0480531731156091
"181010A",1.52,0.146128036,3.15711,22.27837171,-9.928117993,1.07011,1.214843848,1.115,1.76613,-6.161150909,2.3104,0.0213534029052173,9.9673435521,496.325846048928,98.5675268829304,1.1451354121,1.47584557502345,1.243225,3.1192151769,37.9597805234715,0.0580681587793652,0.034615,0.057805,0.033375,0.007041969,0.04405886,0.15,0.062042069,"181010A",0,0,0,0,0,0,0,0,0,0,0,1.39,0.378397900948138
"181020A",1.25,0.886490725,4.29043,20.65703194,-10.42365865,2.64643,2.376576957,1.228,1.93674,-5.091514981,1.5625,0.785865805511026,18.4077895849,426.71296857018,108.65265965172,7.0035917449,5.64811803254338,1.507984,3.7509618276,25.9235248017474,0.0211468897196027,0.1418,0.047555,0.091985,0.029531206,0.016084981,0.06,0.016920564,"181020A",0,0,0,0,0,0,0,0,0,0,0,2.938,0.595275711802099
"181201A",1.62357778401957,0.899550776141651,4.25599522826906,21.1468434832998,-10.3511062180143,1.20238852577654,1.283301229,0.959377190093403,1.97913612783146,-5.37153011911936,2.6360048207619,0.809191598857047,18.113495383049,447.188989307179,107.145399936614,1.44573816691908,1.64686204435291,0.920404592871514,3.91697981248771,28.8533358206064,0.169579312058566,0.833297516464585,0.470992604341124,0.244784839849413,0.17402687165464,0.0288230416508681,0.178235765696061,0.0293124960699646,"181201A",1,0.405894446004892,0.224887694035413,1.06399880706727,5.28671087082495,-2.58777655450357,0.300597131444135,0.32082530725,0.239844297523351,0.494784031957865,-1.34288252977984,0.45,0.161368002234975
"190114A",2.06,-0.301029996,3.74534,21.6447605,-10.75202673,1.18375,1.823474229,0.86,1.83214,-6.096910013,4.2436,0.09061905849176,14.0275717156,468.49565710236,115.606078802635,1.4012640625,3.32505826382714,0.7396,3.3567369796,37.1723117066197,0.0664080102705681,0.03365,0.042215,0.04616,0,0.065144172,0.22,0.173717793,"190114A",0,0,0,0,0,0,0,0,0,0,0,3.3765,0.641126932803509
"190719C",1.64,0.740362689,4.88123,20.95382587,-11.257,1.55953,2.268811904,0.915,1.5415,-5.292429824,2.6896,0.548136911263311,23.8264063129,439.062818590281,126.720049,2.4321338209,5.14750745573211,0.837225,2.37622225,28.0098134419647,0.0226602223323686,0.2175,0.1943,0.21085,0.22,0.025546734,0.09,0.02368879,"190719C",0,0,0,0,0,0,0,0,0,0,0,2.469,0.54020429984206
"190829A",2.56,1.255272505,4.0838,22.04910001,-9.56068,1.03996,1.764922985,1.16,2.0913,-5.193820026,6.5536,1.57570906180898,16.67742244,486.162811250982,91.4066020624,1.0815168016,3.11495314298131,1.3456,4.37353569,26.9757664624786,0.0660733687520347,0.013585,0.01916,0.009675,0.075,0.047500959,0.21,0.065144172,"190829A",0,0,0,0,0,0,0,0,0,0,0,0.0785,0.0328201494385639
"191011A",1.94,0.255272505,3.15321333,21.65033473,-10.8132081,1.30602449,0.867467488,0.94,1.81479,-6.48148606,3.7636,0.065164051808975,9.94275430448969,468.736993921044,116.925469413906,1.70569996847976,0.75249984273703,0.8836,3.2934627441,42.0096615459743,0.0559978453284278,0.05719327,0.06597695,0.05756962,0.19,0.052641755,0.17,0.048254942,"191011A",0,0,0,0,0,0,0,0,0,0,0,1.722,0.434888120867316
"191221B",1.24,0.681241237,1.95518066,21.0181637594417,-8.11145684,1.15734724,1.681241237,1.39,1.843,-4.721246399,1.5376,0.46408962298929,3.82273141323804,441.763207818708,65.7957320671828,1.33945263393562,2.82657209698929,1.9321,3.396649,22.2901675600705,0.14476482742628,0.06184721,0.05366691,0.00551831,0.175,0.022857604,0.05,0.063334612,"191221B",0,0,0,0,0,0,0,0,0,0,0,1.148,0.332034277027518
"200205B",1.36,0.301029996,4.53640048,22.22918251,-11.7337376,1.56884903,2.660865478,0.516,1.90881,-5.26760624,1.8496,0.09061905849176,20.5789293149442,494.13655506289,137.680598065654,2.46128727893194,7.08020509201217,0.266256,3.6435556161,27.7476754996869,0.0051064352834946,0.10035241,0.08886983,0.19267266,0.18,0.016084981,0.22,0.043429448,"200205B",0,0,0,0,0,0,0,0,0,0,0,1.465,0.391816923613249
"200613A",1.74656725545063,0.228369899911643,4.34055956011705,20.9938049880807,-10.7792158006647,0.918109901428359,2.580924976,0.996678757591372,2.00996423348564,-5.23247535249562,3.05049717781235,0.0521528111856538,18.8404572949235,440.739847877562,116.1914932773,0.842925791100791,6.6611737317406,0.993368545833881,4.03995621989152,27.3787983144742,0.091090048181127,0.833297516464585,0.470992604341124,0.244784839849413,0.17402687165464,0.041388018888279,0.176273323751351,0.0694499683839808,"200613A",1,0.436641813862657,0.0570924749779107,1.08513989002926,5.24845124702018,-2.69480395016617,0.22952747535709,0.645231244,0.249169689397843,0.50249105837141,-1.3081188381239,1.2255,0.347427598618541
"200829A",0.83,1.994317153,2.97975,21.08966848,-8.6381,1.29833,1.115277591,0.64,1.88219,-4.292429824,0.6889,3.97730090675002,8.8789100625,444.774116596306,74.61677161,1.6856607889,1.24384410498676,0.4096,3.5426391961,18.4249537939647,0.0969169435192129,0.00955,0.00926,0.00866,0.0195,0.008515578,0.03,0.007040235,"200829A",0,0,0,0,0,0,0,0,0,0,0,1.25,0.352182518111362
"201014A",2.55,-0.522878745,4.06975926768028,22.1524657,-11.1392680811327,0.966623942478758,1.558708571,0.91171636272856,1.97336,-6.508638306,6.5025,0.273402181972775,16.5629404968695,490.731736589677,124.083293383342,0.934361846173177,2.42957240930886,0.831226726066995,3.8941496896,42.3623725983306,0.0692396240032236,0.833297516464585,0.470992604341124,0.244784839849413,0.17402687165464,0.098066496,0.37,0.289529655,"201014A",1,0.6375,-0.13071968625,1.01743981692007,5.538116425,-2.78481702028318,0.24165598561969,0.38967714275,0.22792909068214,0.49334,-1.6271595765,4.56,0.745074791582057
"201015A",3.03,0.255272505,3.99915593002873,21.35536147,-10.8342600697836,0.783791796873613,0.990338855,1.00404957558644,2.1574,-6.698970004,9.1809,0.065164051808975,15.993248152684,456.05146351436,117.381191259707,0.614329580846367,0.980771047722711,1.00811555023531,4.65437476,44.8761991144918,0.153333382237578,0.833297516464585,0.470992604341124,0.244784839849413,0.17402687165464,0.130288345,0.68,0.096509885,"201015A",1,0.7575,0.06381812625,0.999788982507183,5.3388403675,-2.7085650174459,0.195947949218403,0.24758471375,0.25101239389661,0.53935,-1.674742501,0.426,0.154119525515847
"201020A",2.25,0.322219295,3.81783319996764,20.93258486,-10.5200709808387,1.01947577768901,1.15136985,0.999925865666688,2.0761,-6.036212173,5.0625,0.103825274070297,14.5758503427751,438.173108921101,110.671893441885,1.03933086129461,1.32565253148902,0.999851736829275,4.31019121,36.4358573974734,0.0664439832683159,0.833297516464585,0.470992604341124,0.244784839849413,0.17402687165464,0.033044145,0.14,0.041361379,"201020A",1,0.5625,0.08055482375,0.95445829999191,5.233146215,-2.63001774520967,0.254868944422252,0.2878424625,0.249981466416672,0.519025,-1.50905304325,2.903,0.591398551281249
"201021C",1.63,0,3.47475449365005,20.75199541,-10.1492016687259,1.43669008021424,1.387033701,0.881811383630671,1.6168,-6,2.6569,0,12.0739187911412,430.645313496661,103.006294512469,2.064078386586,1.92386248770976,0.777591316300638,2.61404224,36,0.199990220376636,0.833297516464585,0.470992604341124,0.244784839849413,0.17402687165464,0.043429448,0.15,0.086858896,"201021C",1,0.4075,0,0.868688623412513,5.1879988525,-2.53730041718147,0.35917252005356,0.34675842525,0.220452845907668,0.4042,-1.5,1.07,0.315970345456918
"201104B",1.47,0.612783857,2.72159651,21.73058526,-9.38944702,1.19537497,0.937517892,0.605,1.55046,-5.744727495,2.1609,0.375504055399796,7.40708756324418,472.218335742129,88.1617153413869,1.4289213189025,0.878939797820124,0.366025,2.4039262116,33.001893991809,0.00811616012140756,0.02110237,0.02972805,0.02348264,0.175,0.024127471,0.07,0.031777645,"201104B",0,0,0,0,0,0,0,0,0,0,0,1.954,0.470410490975931
"210204A",1.71047871175346,0.493025576197725,4.09385074695397,21.0584880674433,-10.4726564013948,1.15977729359536,2.301029996,0.956049296103153,1.98957333119557,-5.18451228666849,2.92573742336178,0.243074218785099,16.7596139383356,443.459919686652,109.676532101675,1.34508337073938,5.29473904249176,0.914030256579334,3.95840204020464,26.8791676506165,0.366834332492466,0.833297516464585,0.470992604341124,0.244784839849413,0.17402687165464,0.0338538542545085,0.143781575971085,0.0534933364415772,"210204A",1,0.427619677938365,0.123256394049431,1.02346268673849,5.26462201686082,-2.6181641003487,0.28994432339884,0.575257499,0.239012324025788,0.497393332798892,-1.29612807166712,0.876,0.273232834043046
"210210A",1.53,0.84509804,3.72413045,21.12319546,-10.1403778,1.5451851,0.819543936,0.965,1.85188,-6.008773924,2.3409,0.714190697211842,13.8691476086172,446.189386441365,102.827261926733,2.38759699326201,0.671652263034372,0.931225,3.4294595344,36.1053640697424,0.038778433249538,0.05799791,0.08857348,0.10645081,0.15,0.035452611,0.58,0.031021034,"210210A",0,0,0,0,0,0,0,0,0,0,0,0.715,0.234264124378789
"210411C",1.6,0.681241237,2.93128506,21.05996459,-9.72925773,1.16829405,1.10720997,1.21,1.88408,-5.920818754,2.56,0.46408962298929,8.5924321029792,443.522108532054,94.6584559767648,1.3649109872654,1.2259139176674,1.4641,3.5497574464,35.0560947177181,0.0202577864729536,0.05048963,0.05901459,0.03209979,0.14,0.036191207,0.4,0.027143405,"210411C",0,0,0,0,0,0,0,0,0,0,0,2.826,0.582744965691277
"210517A",1.85,0.176091259,3.057651,21.15768338,-10.8415194,1.21043545,0.485721426,0.66,1.71079,-6.823908741,3.4225,0.0310081314962051,9.349229637801,447.647566008328,117.538542900576,1.4651539786167,0.235925303675473,0.4356,2.9268024241,46.5657305054962,0.199990220376636,0.25872455,0.32132806,0.08060357,0.22,0.086858896,0.25,0.057905931,"210517A",0,0,0,0,0,0,0,0,0,0,0,2.486,0.542327382773974
"210610B",0.98,1.130333768,2.89514,21.03780485,-9.19036,1.05139,1.841234296,0.78,1.91684,-4.443697499,0.9604,1.27765442708108,8.3818356196,442.589232906684,84.4627169296,1.1054209321,3.39014373276662,0.6084,3.6742755856,19.7464474626189,0.015836913202155,0.0226,0.02831,0.01291,0.029,0.012063736,0.11,0.022518973,"210610B",0,0,0,0,0,0,0,0,0,0,0,1.13,0.328379603438738
"210619B",1.41,2.06069784,2.91049117,21.83430305,-8.55006175,1.12578835,1.784617293,0.745,1.92306,-4.022276395,1.9881,4.24647558778067,8.47095885064797,476.736789679239,73.103555928813,1.26739940899572,3.18485888247465,0.555025,3.6981597636,16.1787073977742,0.00197833385726092,0.01027813,0.01099582,0.00437126,0.07,0.004571521,0.02,0.008308242,"210619B",0,0,0,0,0,0,0,0,0,0,0,1.937,0.4679039465228
"210722A",1.62,0.342422681,3.6504,20.54058972,-10.3507,1.43908,1.700703717,0.81,1.83712,-5.602059991,2.6244,0.117253292463228,13.32542016,421.91582604537,107.13699049,2.0709512464,2.89239313301762,0.6561,3.3750098944,31.3830761427629,0.0911698774157967,0.0364819,0.0395981,0.048071,0.09,0.034743559,0.14,0.098703291,"210722A",0,0,0,0,0,0,0,0,0,0,0,1.145,0.331427296520743
"210822A",1.3,1.442479769,2.4985,21.53322281,-8.20842,1.267456,2.257198426,0.77,1.70788,-4.698970004,1.69,2.08074788397429,6.24250225,463.679684585104,67.3781588964,1.606444711936,5.09494473433688,0.5929,2.9168540944,22.0803190984918,0.102616483810065,0.017735,0.01621,0.008455,0.026,0.00868589,0.4,0.010974951,"210822A",0,0,0,0,0,0,0,0,0,0,0,1.736,0.437116093048079
"211024B",1.63,-0.045757491,3.43921565,20.98677173,-8.56429146,1.92622006,2.780677274,1.07,2.08,-5.167491087,2.6569,0.00209374798261508,11.8282042872049,440.444587647127,73.3470882118289,3.7103237195464,7.73216610214007,1.1449,4.3264,26.7029641342244,0.014863865494915,0.01916437,0.01167528,0.00965772,0.055,0.019160051,0.09,0.096509885,"211024B",0,0,0,0,0,0,0,0,0,0,0,1.1137,0.325043347403704
"220117A",1.84,0.278753601,3.43803362,21.99532933,-10.1070569,1.68612083,1.697316542,1.2,1.78537,-5.795880017,3.3856,0.0777035700704672,11.8200751722503,483.794512335158,102.152599179838,2.84300345335989,2.88088344374684,1.44,3.1875460369,33.5922251714599,0.0299157959274313,0.05084186,0.04500955,0.06200239,0.55,0.05428681,0.18,0.091430417,"220117A",0,0,0,0,0,0,0,0,0,0,0,4.961,0.775319121829478
"230116D",1.38,-0.22184875,3.79761,21.67796993,-11.1278,1.57289,1.612783857,0.84,1.76412,-6.090443971,1.9044,0.0492168678765625,14.4218417121,469.934380285984,123.82793284,2.4739829521,2.6010717693998,0.7056,3.1121193744,37.0935077638903,0.118428290656009,0.1014,0.13824,0.23491,0.22,0.064181451,0.22,0.144764827,"230116D",0,0,0,0,0,0,0,0,0,0,0,3.81,0.682145076373832
"230325A",1.82,0.51851394,3.7823081,22.22918251,-10.9066853,0.931411844,1.580354661,1.025,2.0855,-5.886056648,3.3124,0.268856705974324,14.3058545633256,494.13655506289,118.955784233236,0.86752802314348,2.49752085454443,1.050625,4.34931025,34.645662863465,0.131947893505177,0.1875455,0.20042492,0.05714513,0.18,0.066814536,0.18,0.052641755,"230325A",0,0,0,0,0,0,0,0,0,0,0,1.664,0.425534220498263
"230506C",1.89,0.380211242,4.25859,20.96124782,-11.4531,1.14181,1.491361694,1.11,2.08995,-5.769551079,3.5721,0.144560588543183,18.1355887881,439.373910171455,131.17349961,1.3037300761,2.22415970233055,1.2321,4.3678910025,33.2877196531901,0.0886038540296678,0.1023,0.11841,0.11299,0.29,0.051093469,0.17,0.090478017,"230506C",0,0,0,0,0,0,0,0,0,0,0,3.7,0.672097857935718
"230818A",1.36,0.826074803,3.9564,21.31377445,-11.0883,1.39195,0.992111488,1.02,2.00403,-5.721246399,1.8496,0.682399580151489,15.65310096,454.276981305473,122.95039689,1.9375248025,0.984285204621574,1.0404,4.0161362409,32.7326603580705,0.0552798328138297,0.2044,0.12794,0.19715,0.29,0.022857604,0.1,0.032410036,"230818A",0,0,0,0,0,0,0,0,0,0,0,2.42,0.534026106056135
"231210B",1.08,0.591064607,3.24045,21.82763844,-10.048,1.60174,0.873320602,0.84,1.66432281,-5.853871964,1.1664,0.349357369648064,10.5005162025,476.445799867366,100.962304,2.5655710276,0.762688873877642,0.7056,2.7699704158863,34.2678169709052,0.037615599688349,0.05243,0.04808,0.060675,0.362,0.062042069,0.19,0.077950292,"231210B",0,0,0,0,0,0,0,0,0,0,0,3.13,0.615950051656401
"970508A",1.89125935641635,0.329125184024259,4.54612149675028,20.9147184367958,-11.167866901105,1.11378890259736,1.120573931,0.842113143669902,1.95905288678887,-6.01308853019273,3.57686195323239,0.108323386759002,20.667220663215,437.425447290446,124.721251120797,1.24052571954903,1.25568593483679,0.709154546741605,3.8378882132358,36.1572336719354,0.366834332492466,0.833297516464585,0.470992604341124,0.244784839849413,0.17402687165464,0.0513926781795972,0.291747439511379,0.0729767332031779,"970508A",1,0.472814839104088,0.0822812960060647,1.13653037418757,5.22867960919895,-2.79196672527625,0.27844722564934,0.28014348275,0.210528285917475,0.489763221697217,-1.50327213254818,0.83,0.262451089730429
