"","log10PeakFlux","PhotonIndex","log10Ta","log10NH","log10Fa","log10T90","Alpha","Beta","log10Fluence","Gamma","log10PeakFluxSqr","PhotonIndexSqr","log10TaSqr","log10NHSqr","log10FaSqr","log10T90Sqr","AlphaSqr","BetaSqr","log10FluenceSqr","GammaSqr","log10T90Err","log10FaErr","log10TaErr","AlphaErr","BetaErr","log10FluenceErr","PhotonIndexErr","log10PeakFluxErr","GRB","Redshift_crosscheck","log10z"
"050315A",0.285557309,2.11,4.86356,21.91683806,-11.3757179,1.980457892,1.10818,0.856,-5.492144128,1.99544,0.0815429767233215,4.4521,23.6542158736,480.347790548265,129.40695774038,3.92221346198508,1.2280629124,0.732736,30.1636471227249,3.9817807936,0.0636907468763651,0.03245,0.04512,0.049165,0.001,0.019691613,0.09,0.04950507,"050315A",1.949,0.469674772551798
"050318A",0.499687083,1.9,4.132084541,20.92661714,-11.15490196,1.505149978,1.874408221,0.95,-5.966576245,1.98053,0.249687180917049,3.61,17.0741226539712,437.923304924142,124.431837737212,2.2654764562734,3.51340617895238,0.9025,35.6000320873983,3.9224990809,0.148833498209321,0.06181969,0.043780336,0.085906519,0.037,0.030963588,0.1,0.027486993,"050318A",1.44,0.387389826338729
"050319A",0.181843588,2.02,3.73997,20.93735437,-10.70553377,2.183383742,0.863159,0.971,-5.882728704,2.01045,0.0330670904967137,4.0804,13.9873756009,438.372808014958,114.60845330061,4.76716456482992,0.745043459281,0.942841,34.6064970048655,4.0419092025,0.0311909396976911,0.04165,0.06193,0.034558,0.009,0.049065331,0.19,0.060001211,"050319A",3.24,0.627365856592733
"050401A",1.029383778,1.4,3.12435,22.12570242,-9.653647026,1.506369717,0.984108,0.9995,-5.085128182,1.78711,1.05963096240955,1.96,9.7615629225,489.546707578394,93.1929009025986,2.26914972429466,0.968468555664,0.99900025,25.8585286273706,3.1937621521,0.00846336277739286,0.019455,0.02833,0.0260615,0.0174145,0.016167167,0.07,0.037341208,"050401A",2.9,0.591064607026499
"050505A",0.267171728,1.41,4.270583544,22.23063027,-11.04817696,1.770115295,1.462094791,0.973,-5.603800653,2.01835,0.071380732242506,1.9881,18.2378838062836,494.20092220144,122.062214139475,3.13330815759294,2.13772117786933,0.946729,31.4025817585632,4.0737367225,0.0504266082569071,0.03272177,0.030067592,0.035926291,5e-04,0.031220366,0.12,0.07277367,"050505A",4.27,0.721810615212547
"050730A",-0.259637311,1.53,4.05018,21.73850309,-10.09854168,2.194514342,2.38763,0.5615,-5.623423043,1.6177,0.0674115332633107,2.3409,16.4039580324,472.562516593939,101.980544062697,4.81589319724369,5.7007770169,0.31528225,31.6228867205434,2.61695329,0.0500432094216776,0.0266,0.017795,0.0538,0.000210492,0.027736454,0.11,0.110547686,"050730A",3.967,0.696094159995223
"050802A",0.439332694,1.54,3.63973,21.25883595,-10.28650946,1.477121255,1.44729,0.8585,-5.698970004,1.8557,0.193013216017298,2.3716,13.2476344729,451.938105949012,105.812276870669,2.18188720197277,2.0946483441,0.73702225,32.4782591064918,3.44362249,0.14763173580347,0.0275,0.0326,0.03274,0.002369606,0.034092117,0.13,0.069487117,"050802A",1.7102,0.433001340945038
"050803A",-0.017728767,1.38,4.21721,21.34755638,-10.86012091,1.943988875,1.52234,1.218,-5.66756154,2.11696,0.000314309179340289,1.9044,17.7848601841,455.718163397279,117.942226179819,3.77909274612377,2.3175190756,1.483524,32.1212538096872,4.4815196416,0.0515724807527089,0.0489,0.04766,0.048695,0.22485626,0.027269654,0.11,0.049762909,"050803A",3.5,0.653212513775344
"050824A",-0.301029996,2.76,5.08558,20.9708274,-12.23882419,1.353723938,0.954481,0.86,-6.575118363,1.94709,0.09061905849176,7.6176,25.8631239364,439.775601840591,149.788817553729,1.83256850031423,0.911033979361,0.7396,43.2321814874598,3.7911594681,0.0782985476819812,0.06855,0.12722,0.0899785,0.01,0.084899673,0.38,0.130288345,"050824A",0.8278,0.261928672990642
"050826A",-0.420216403,1.16,4.76235,21.96085591,-12.33348202,1.550228353,1.801,1.11,-6.384049948,2.45742,0.176581825350258,1.3456,22.6799775225,482.279192299782,152.114778737663,2.40320794644509,3.243601,1.2321,40.7560937385588,6.0389130564,0.0717511921291969,0.23405,0.13858,0.23538,0.03,0.075712355,0.31,0.148574428,"050826A",0.297,0.11293997608408
"060115A",-0.060480747,1,3.69688,21.43355223,-11.29499204,2.144885418,0.889919,1,-5.76700389,2.10553,0.00365792075767801,1,13.6669217344,459.397161196138,127.576845183663,4.60053345634903,0.791955826561,1,33.2583338672751,4.4332565809,0.0469357822743554,0.0812,0.123015,0.053884,0.085,0.038096007,0.303030303,0.059902687,"060115A",3.53,0.656098202012832
"060124A",-0.050609993,1.84,4.47599,21.9172644,-10.6893,1.134495856,1.3641,0.99,-6.336299075,2.00895,0.00256137139146005,3.3856,20.0344864801,480.366478779507,114.26113449,1.28708084728117,1.86076881,0.9801,40.1486859678459,4.0358801025,0.0416381769095578,0.04445,0.036665,0.01627,0.076380116,0.049929734,0.19,0.087834839,"060124A",2.296,0.517987203025078
"060206A",0.445604203,1.2,3.93814,22.33966406,-10.63078414,0.880241776,1.17565,1.265,-6.080398976,2.20424,0.198563105731265,1.44,15.5089466596,499.060590313656,113.013571431276,0.774825584215634,1.3821529225,1.600225,36.9712517073418,4.8586739776,0.110636974360534,0.07055,0.07444,0.02867,0.013041887,0.021949902,0.181818182,0.026462388,"060206A",4.048,0.703119346236078
"060210A",0.434568904,1.53,4.15028,22.3877421,-10.66756154,2.40654018,1.20511,0.979,-5.11577123,2.08163,0.188850132323761,2.3409,17.2248240784,501.210996336112,113.796869209687,5.79143563795443,1.4522901121,0.958441,26.1711152776957,4.3331834569,0.207740121229715,0.0292,0.030365,0.02297,0.083622271,0.023188831,0.09,0.044706785,"060210A",3.91,0.691081492122968
"060306A",0.775974331,1.8,3.61496,21.61973178,-10.70553377,2.13255996245349,1.03794,0.76,-5.671620397,2.28823,0.602136162370898,3.24,13.0679358016,467.412802239142,114.60845330061,4.54781199345965,1.0773194436,0.5776,32.1672779276664,5.2359965329,0.011262218728324,0.03495,0.04452,0.02498,0.01,0.01457843,0.060606061,0.0488439909307915,"060306A",1.559,0.408070285887185
"060418A",0.814247596,1.7,3.11887,21.65363309,-9.792961075,2.158362492,1.47655,0.98,-5.079354999,1.94118,0.662999147591779,2.89,9.7273500769,468.879825996343,95.9020866164651,4.65852864687245,2.1801999025,0.9604,25.7998472058663,3.7681797924,0.136485588124709,0.04904,0.057245,0.044705,0.005,0.013190457,0.06,0.023313354,"060418A",1.489,0.396024896608593
"060526A",0.222716471,2.01,3.8752,22.33533151,-11.3053948,2.47444938,1.05873,0.93,-5.899629455,1.90677,0.0496026264546938,4.0401,15.01717504,498.867033661599,127.811951583867,6.12289973418238,1.1209092129,0.8649,34.8056277063036,3.6357718329,0.0335716198838349,0.06785,0.09216,0.0623145,0.0305,0.056871896,0.24,0.046810184,"060526A",3.221,0.625415352154408
"060604A",-0.468521083,2.01,4.45991,21.99003057,-11.76955108,1.977723605,1.21596,1.02,-6.395773947,2.1711,0.219512005215493,4.0401,19.8907972081,483.561444469534,138.522332624729,3.9113906577742,1.4785587216,1.0404,40.905924381124,4.71367521,0.0777158547080599,0.04195,0.04994,0.04695,0,0.11451546,0.42,0.166053773,"060604A",2.1357,0.496334505996816
"060605A",-0.337242168,1.55,4.04162,21.77333803,-11.26121944,2.059904056,1.9179,0.835,-6.156767222,2.02128,0.11373227987734,2.4025,16.3346922244,474.078248968644,126.815063275834,4.24320471992525,3.67834041,0.697225,37.9057826258936,4.0855728384,0.132471980179598,0.05315,0.037375,0.085,0.10149311,0.056078197,0.2,0.113294213,"060605A",3.78,0.679427896612119
"060614A",1.06069784,2.02,5.03344,20.51216256,-11.78251606,2.036229544,1.9453,0.783,-4.690369833,1.89544,1.12507990778067,4.0804,25.3355182336,420.748812887866,138.827684704158,4.14623075585845,3.78419209,0.613089,21.9995691703164,3.5926927936,0.0132262962944593,0.0429,0.0289,0.05983,0.006,0.007727887,0.04,0.027945906,"060614A",0.125,0.0511525224473813
"060707A",0.004321374,0.6,3.5545,21.20847898,-10.9132,1.820857989,0.861995,1.12,-5.795880017,2.09345,1.8674273247876e-05,0.36,12.63447025,449.799580645102,119.09793424,3.31552381610512,0.743035380025,1.2544,33.5922251714599,4.3825329025,0.0414232996019404,0.07695,0.127895,0.0364485,0.035,0.040986542,0.363636364,0.098898743,"060707A",3.425,0.645913275033844
"060708A",0.28780173,1.68,3.50569,20.79066861,-10.86966623,1.008600172,1.12969,1.485,-6.306273051,2.20484,0.0828298357909929,2.8224,12.2898623761,432.251901250839,118.149643951602,1.01727430695843,1.2761994961,2.205225,39.7690797937688,4.8613194256,0.153333382237578,0.06115,0.062725,0.028525,0.33410152,0.032528129,0.12,0.031340839,"060708A",1.92,0.465382851448418
"060714A",0.10720997,1.93,3.73449,22.0125926,-10.86012091,2.060660074,1.20488,0.87,-5.548213564,2.04425,0.0114939776674009,3.7249,13.9464155601,484.554232973575,117.942226179819,4.24631994057768,1.4517358144,0.7569,30.7826737517536,4.1789580625,0.0344798070207195,0.0352,0.046765,0.035305,0.005,0.025627978,0.11,0.044108033,"060714A",2.711,0.569490954348783
"060729A",0.068185862,1.75,5.1057,20.86562801,-11.15058059,2.062017599,1.35481,1.317,-5.583359493,1.92492,0.00464931177668304,3.0625,26.06817249,435.374432251696,124.335447494085,4.25191657858572,1.8355101361,1.734489,31.1739032280732,3.7053170064,0.127647038192483,0.0116,0.012825,0.013425,0.077392286,0.035109631,0.14,0.048254942,"060729A",0.54,0.187520720836463
"060814A",0.861534411,1.53,4.22387,22.00679538,-10.91009489,2.162265614,1.29504,0.97,-4.835647144,2.11591,0.742241541337117,2.3409,17.8410777769,484.299042897189,119.030170508804,4.6753925854868,1.6771286016,0.9409,23.3834833012754,4.4770751281,0.0146412491965932,0.0353,0.034855,0.024565,0,0.007109341,0.03,0.017323989,"060814A",1.9229,0.465813957269479
"060906A",0.294466226,2.03,4.33479,22.41960057,-11.8827287,1.638489257,1.71887,1.06,-5.655607726,2.07859,0.0867103582546831,4.1209,18.7904043441,502.638489718344,141.199241357804,2.68464704530441,2.9545140769,1.1236,31.9858987503909,4.3205363881,0.0815374132437055,0.08845,0.072145,0.169635,0.005,0.026725814,0.11,0.061727135,"060906A",3.686,0.670802284260944
"060908A",0.481442629,1,2.81918,21.80952201,-9.627087997,1.285557309,1.38309,1.185,-5.552841969,2.13395,0.231787005018432,1,7.9477758724,475.655250304674,92.6808233019815,1.65265759472332,1.9129379481,1.404225,30.8340539326878,4.5537426025,0.0299356101990356,0.045185,0.05993,0.04964,0.003474954,0.017216674,0.181818182,0.035832878,"060908A",1.8836,0.459935016851525
"060926A",0.037426498,2.54,3.351,22.50004427,-10.84771166,0.903089987,1.45111,1.357,-6.659555885,2.00443,0.001400742752544,6.4516,11.229201,506.25199215196,117.6728482585,0.81557152461966,2.1057202321,1.841449,44.3496845854381,4.0177396249,0.0658325115034435,0.08245,0.09927,0.11561,0.009157091,0.049576996,0.23,0.055780943,"060926A",3.2,0.6232492903979
"060927A",0.431363764,0.9,3.15198,22.10710478,-10.77728353,1.352953912,1.39098,0.83,-5.946921557,1.94856,0.186074696892248,0.81,9.9349779204,488.724081753899,116.149840286009,1.8304842879961,1.9348253604,0.6889,35.3658760051113,3.7968860736,0.0249377639674928,0.08115,0.108435,0.118785,0.178498106,0.026134535,0.242424242,0.027344467,"060927A",5.47,0.8109042806687
"061021A",0.78604121,1.3,3.23849,20.87141063,-10.04095861,1.664641976,1.01707,0.785,-5.528708289,1.99282,0.617860783818264,1.69,10.4878174801,435.615781686077,100.820849807733,2.77103290826118,1.0344313849,0.616225,30.5666153448573,3.9713315524,0.0507507174713444,0.0264,0.03399,0.010415,0.016800037,0.014818832,0.06,0.019191409,"061021A",0.3463,0.129141845792285
"061121A",1.324282455,1.41,3.78753,21.75351565,-10.03011836,1.90982337,1.35185,0.9485,-4.863279433,1.90181,1.75372402062083,1.9881,14.3453835009,473.215443134795,100.603274315609,3.64742530459816,1.8274984225,0.89965225,23.6514868434408,3.6168812761,0.246558916936231,0.01265,0.01703,0.01585,0.002358211,0.006308365,0.03,0.009468031,"061121A",1.314,0.364363354615731
"070110A",-0.22184875,1.58,4.26825,21.3989672,-11.04866248,1.946550511,1.42725,1.186,-5.790484985,2.08596,0.0492168678765625,2.4964,18.2179580625,457.915797226676,122.07294259696,3.78905889187436,2.0370425625,1.406596,33.5297163615105,4.3512291216,0.0711120769415451,0.05475,0.053995,0.046555,0.12166788,0.028952965,0.12,0.086858896,"070110A",2.352,0.525304009958239
"070208A",-0.045757491,1.94,3.44468,21.8647258,-10.86327943,1.806179974,1.2125,1.14,-6.351639989,2.20341,0.00209374798261508,3.7636,11.8658203024,478.066234309186,118.010839974261,3.26228609847864,1.47015625,1.2996,40.3433305498639,4.8550156281,0.153546286600926,0.1619,0.14114,0.06357,0.015,0.098570208,0.36,0.106160873,"070208A",1.165,0.335457900689384
"070223A",-0.161150909,1.85,4.22335,21.70173804,-11.86327943,1.9408513687054,0.991734,1.03,-5.769551079,2.25837,0.0259696154715263,3.4225,17.8366852225,470.965433956783,140.737398834261,3.76690403540562,0.983536326756,1.0609,33.2877196531901,5.1002350569,0.0402373538487879,0.16615,0.203105,0.079308,0.06,0.018572476,0.072727273,0.130844061722848,"070223A",1.6295,0.419873175149476
"070306A",0.609594409,1.66,4.86926,22.44245468,-11.2737,2.321184027,1.89982,0.831,-5.269217724,1.94468,0.371605343484059,2.7556,23.7096929476,503.663772063854,127.09631169,5.38789528719994,3.6093160324,0.690561,27.7646554229157,3.7817803024,0.134263479640872,0.0335,0.02824,0.06188,0.001,0.02308703,0.1,0.022408315,"070306A",1.4959,0.397227181043161
"070508A",1.382017043,1.1,3.02525,21.89306622,-9.161150909,1.320146286,1.37377,0.764,-4.707743929,1.82568,1.90997110714246,1.21,9.1521375625,479.306348513305,83.9266859774715,1.74278621643959,1.8872440129,0.583696,22.1628529010364,3.3331074624,0.0152922340458476,0.010795,0.01189,0.013355,5e-04,0.006049102,0.060606061,0.010992516,"070508A",0.82,0.260071387985075
"070521A",0.814913181,1.1,3.55243,22.27524914,-10.01233374,1.57863921,1.44502,0.98,-5.096367484,2.00022,0.664083492567539,1.21,12.6197589049,496.186724249071,100.246826921142,2.49210175534942,2.0880828004,0.9604,25.9729615319725,4.0008800484,0.0323072045959819,0.04901,0.04844,0.0562,0.147518075,0.009596769,0.121212121,0.017957046,"070521A",2.0865,0.489466281303128
"070529A",0.155336037,1.34,3.09323,22.56252244,-10.24641694,2.038222638,1.21432,0.76,-5.590066877,1.97999,0.0241292843908654,1.7956,9.5680718329,509.067418855503,104.989060108319,4.15435152205568,1.4745730624,0.5776,31.2488476893325,3.9203604001,0.0794726286723922,0.0552,0.068045,0.03501,0.015,0.041401614,0.16,0.109332877,"070529A",2.4996,0.544018407858776
"070802A",-0.397940009,1.79,3.92184,21.91375294,-11.6716204,1.214843848,1.16348,0.78,-6.552841969,1.99014,0.15835625076292,3.2041,15.3808289856,480.212567915359,136.226722761696,1.47584557502345,1.3536857104,0.6084,42.9397378706878,3.9606572196,0.079968777148268,0.17395,0.236245,0.2088785,0.045,0.077552586,0.27,0.108573621,"070802A",2.45,0.537819095073274
"070809A",0.079181246,1.69,4.18985,20.80619355,-11.9625735,1.16168428403346,1.17521,0.396,-7,1.37246,0.00626966971811252,2.8561,17.5548430225,432.897690040062,143.103164742902,1.34951037577033,1.3811185441,0.156816,49,1.8836464516,0.00812673734142058,0.1917,0.206985,0.395643,0.0595,0.026318246,0.133333333,0.016256930519715,"070809A",0.2187,0.0858968111315881
"071003A",0.799340549,1.36,4.78411,20.86974084,-11.67760082,2.170643023,1.97901,0.837,-5.080921908,1.91015,0.638945313275621,1.8496,22.8877084921,435.546082728764,136.366360911265,4.71169113329858,3.9164805801,0.700569,25.8157674351944,3.6486730225,0.0131768929142836,0.1359,0.098505,0.183105,0.032,0.015697391,0.07,0.027574253,"071003A",1.60435,0.415699348887829
"071020A",0.924279286,1.11,2.311950854,20.99642367,-9.169411331,0.62324929,1.119196934,0.844,-5.638272164,1.59788,0.85429219852867,1.2321,5.34511675131133,440.849806930136,84.0781041570712,0.388439677485504,1.252601777075,0.712336,31.7901129953372,2.5532204944,0.0601790285006581,0.035099822,0.039262062,0.011153209,0.001,0.018882369,0.05,0.015510517,"071020A",2.145,0.497620649781288
"071117A",1.053078443,1.57,3.901990464,22.04291793,-11.23542972,0.819543936,1.104952391,0.94,-5.619788758,2.0457,1.1089742071113,2.4649,15.2255295811469,485.890230868716,126.234880993059,0.671652263034372,1.22091978637662,0.8836,31.5820256845432,4.18488849,0.120079755643196,0.101024385,0.117162967,0.089387802,0.01,0.018095603,0.06,0.015373256,"071117A",1.331,0.367542273520577
"080310A",0.113943352,2.32,4.32608056,21.35024026,-11.3990271,2.560456622,1.59590648,0.878,-5.638272164,2.09352,0.0129830874649959,5.3824,18.7149730116099,455.832759159725,129.937818826534,6.55593811314365,2.54691749290599,0.770884,31.7901129953372,4.3828259904,0.0207895824764161,0.04247343,0.03798676,0.065276352,0.0375,0.037764738,0.16,0.066814536,"080310A",2.42,0.534026106056135
"080411A",1.635483747,1.75,4.20932562,21.57289018,-10.11350927,1.748188027,1.28909841,0.91,-4.578396073,1.97674,2.67480708670116,3.0625,17.7184221751884,465.38959071834,102.283069754376,3.05616137774615,1.66177471066453,0.8281,20.9617106012618,3.9075010276,0.00776276208190557,0.06043543,0.049275581,0.010296793,0,0.001645055,0.03,0.009047802,"080411A",1.03,0.307496037913213
"080516A",0.255272505,1.82,3.77452827,22.03528962,-11.12090412,0.763427994,0.94016916,1.48,-6.585026652,2.3315,0.065164051808975,3.3124,14.2470636610292,485.55398863728,123.674508446233,0.582822302022864,0.883918049415106,2.1904,43.3625760075503,5.43589225,0.0159503209161228,0.077803665,0.111057696,0.084888358,0.03,0.066814536,0.27,0.072382414,"080516A",3.2,0.6232492903979
"080607A",1.36361198,1.31,3.46298403,22.38386741,-10.0540393,1.899984563,1.7256074,1.06,-4.619788758,2.03418,1.85943763199952,1.7161,11.992258392035,501.03752022846,101.083706245944,3.6099413396383,2.97772089893476,1.1236,21.3424481685432,4.1378882724,0.0179615292332226,0.11042072,0.069659314,0.037637388,0.02,0,0.04,0.02068069,"080607A",3.036,0.605951157564873
"080710A",0,1.47,4.09266933,20.89722339,-11.23284413,2.077948999,1.52133785,1.3,-5.853871964,2.00149,0,2.1609,16.7499422447226,436.693945411563,126.176787248875,4.3178720424451,2.31446885384262,1.69,34.2678169709052,4.0059622201,0.063286086716648,0.06269498,0.054210787,0.06401643,0.150517844,0.062042069,0.23,0.086858896,"080710A",0.845,0.265996370495079
"080810A",0.301029996,1.34,3.2687548,21.45079548,-9.931814138,2.03666881,1.44529526,1.079,-5.337242168,2.11482,0.09061905849176,1.7956,10.684757942523,460.136626724788,98.6409320717767,4.14801984162682,2.08887838857847,1.164241,28.4861539598773,4.4724636324,0.0173110727824034,0.031830706,0.039738688,0.036139295,0.0015,0.018882369,0.06,0.043429448,"080810A",3.35,0.638489256954637
"080928A",0.322219295,1.77,4.08450503,21.51035195,-11.1260984,2.368584372,1.76031774,0.99,-5.602059991,2.13864,0.103825274070297,3.1329,16.6831813400953,462.695241012869,123.790065606483,5.61019192728263,3.09871854575871,0.9801,31.3830761427629,4.5737810496,0.0386609346233468,0.064484035,0.047916769,0.075970735,0,0.034743559,0.12,0.02068069,"080928A",1.692,0.430075055551939
"081007A",0.414973348,2.51,3.58176278,21.69605744,-10.58502665,0.958563883,1.00469263,0.92,-6.148741651,2.102,0.172202879550329,6.3001,12.8290246121933,470.718908439779,112.04278918121,0.918844717792038,1.00940728077632,0.8464,37.8070238907422,4.418404,0.140327919478768,0.053161115,0.084284398,0.039134851,0.005,0.048934589,0.2,0.066814536,"081007A",0.5295,0.184549481320698
"081008A",0.113943352,1.69,3.85550833,21.1376737,-10.79317412,2.268297087,1.47398467,0.84,-5.366531544,1.98207,0.0129830874649959,2.8561,14.8649444826994,446.801249447672,116.492607584638,5.14517167489269,2.17263080739501,0.7056,28.799660812747,3.9286014849,0.0944643171466364,0.06052989,0.056285684,0.063988679,0.025,0.020199743,0.07,0.033407268,"081008A",1.9685,0.472537053262077
"081029A",-0.301029996,1.43,4.48156171,21.49704581,-11.86327943,2.431283332,2.51960373,0.87,-5.677780705,1.95818,0.09061905849176,2.0449,20.0843953605381,462.122978557239,140.737398834261,5.91113864046102,6.34840295622991,0.7569,32.2371937340703,3.8344689124,0.0734942688403521,0.083250805,0.04285341,0.169198521,0.001,0.041361379,0.18,0.173717793,"081029A",3.8479,0.685553652846326
"081221A",1.260071388,1.21,2.93195749,21.57331844,-9.354577731,1.531478917,1.23586126,0.991,-4.742321425,2.4947,1.58777990285625,1.4641,8.5963747231671,465.408068513644,87.5081245253211,2.34542767321549,1.52735305396879,0.982081,22.489612498014,6.22352809,0.0102431891789539,0.0249855,0.031176651,0.012861856,5e-04,0.007198251,0.13,0.011931167,"081221A",2.26,0.513217600067939
"081230A",-0.15490196,1.97,3.66959365,20.67248024,-11.32975415,0.907209226455443,0.99376498,1.02,-6.086186148,2.08621,0.0239946172118416,3.8809,13.4659175561203,427.35143927319,128.363329099442,0.823028580565884,0.9875688354744,1.0404,37.0416618281071,4.3522721641,0.740704337003765,0.0701444,0.08735027,0.040381418,0.02,0.02568693,0.096969697,0.142225970771007,"081230A",2.1,0.491361693834273
"090102A",0.740362689,1.36,3.15380077,21.72376179,-9.457174573,1.432006687,1.42487631,0.667,-7.167491087,1.76997,0.548136911263311,1.8496,9.94645929685259,471.921826308664,89.4381509041977,2.05064315161272,2.03027249879922,0.444889,51.3729284822244,3.1327938009,0.0359770577590371,0.036239983,0.041590346,0.021786596,0.002673458,0.019160051,0.08,0.063170107,"090102A",1.547,0.406028944963615
"090205A",-0.301029996,2.15,3.70655,21.81792086,-11.3419886,0.944482672,1.29089,1.01,-6.721246399,2.03416,0.09061905849176,4.6225,13.7385129025,476.021670653223,128.64070540253,0.89204751770826,1.6663969921,1.0201,45.1751531560705,4.1378069056,0.0885407574117407,0.13445,0.114585,0.084185,0.025,0.068572813,0.23,0.086858896,"090205A",4.6497,0.752025387323213
"090423A",0.230448921,0.8,3.91521772,22.7516324,-11.2798407,0.989894564,1.43267533,0.77,-6.229147988,1.8158,0.0531067051900642,0.64,15.328929795002,517.63677686473,127.234806217376,0.97989124783675,2.05255860119061,0.5929,38.8022846564045,3.29712964,0.047195797531391,0.08569564,0.077643595,0.064053366,0.005,0.029443694,0.5,0.051093469,"090423A",8.26,0.966610986681934
"090424A",1.851258349,1.19,2.99599056,21.63012977,-9.050609993,1.681241237,1.1284106,0.924,-4.677780705,1.96315,3.42715747474221,1.4161,8.97595943560911,467.86251386704,81.9135412453915,2.82657209698929,1.27331048219236,0.853776,21.8816323240703,3.8539579225,0.0205611924585667,0.011257098,0.013394814,0.005546887,0,0,0.15,0.012233647,"090424A",0.544,0.188647295999717
"090519A",-0.22184875,1.02,3.44619,22.13069392,-11.76000021,1.806179974,1.42452,0.63,-5.920818754,1.46604,0.0492168678765625,1.0404,11.8762255161,489.767613380725,138.2976049392,3.26228609847864,2.0292572304,0.3969,35.0560947177181,2.1492732816,0.0559162050267847,0.21145,0.24029,0.3065,0.03,0.036191207,0.2,0.144764827,"090519A",3.85,0.685741738602264
"090529A",-0.397940009,2,4.472757799,21.67796993,-12.1873998,1.837651558,0.8815438,0.64,-6.167491087,2.22623,0.15835625076292,4,20.0055623285153,469.934380285984,148.53271388504,3.37696324861983,0.77711947131844,0.4096,38.0379463082244,4.9561000129,0.0664439832683159,0.11547934,0.21900534,0.113675222,0.125,0.10857362,0.3,0.108573621,"090529A",2.625,0.559308010907013
"090530A",0.397940009,1.61,3.6839464,20.90942658,-11.16052195,1.681241237,0.88610581,1.09,-5.958607315,2.03975,0.15835625076292,2.5921,13.571461078073,437.204119904411,124.557250196432,2.82657209698929,0.785183506515756,1.1881,35.5050011343715,4.1605800625,0.323703994876218,0.089175625,0.115365029,0.038514202,0.035,0.039481317,0.17,0.052115338,"090530A",1.266,0.355259905527378
"090618A",1.589949601,1.42,3.67275453,21.39200012,-9.640164518,2.05388479,1.30942861,0.8945,-3.978810701,1.82831,2.52793973372006,2.0164,13.4891258376355,457.61766913408,92.9327719341062,4.21844273059334,1.71460328468653,0.80013025,15.8309345943921,3.3427174561,0.00227692361547263,0.009695255,0.014245613,0.010591616,0.002482662,0.004136138,0.08,0.008931506,"090618A",0.54,0.187520720836463
"090809A",0.041392685,1.34,4.56066,21.91952315,-11.8559,0.73239376,1.6367,0.96,-6.468521083,1.94644,0.00171335437150922,1.7956,20.7996196356,480.465495123386,140.56236481,0.536400619686938,2.67878689,0.9216,41.8417650012155,3.7886286736,0.0978170519448906,0.338,0.237865,0.319405,0.01,0.063866836,0.24,0.078962633,"090809A",2.737,0.572523097849638
"090812A",0.556302501,1.24,3.52924,21.77771022,-10.16730017,1.824125834,1.37252,0.53,-5.236572006,1.88559,0.309472472618855,1.5376,12.4555349776,474.268662426292,103.373992746882,3.3274350582662,1.8838111504,0.2809,27.4216863740229,3.5554496481,0.0954430381608785,0.10615,0.13258,0.08412,0.015,0.014975672,0.05,0.024127471,"090812A",2.452,0.538070787043172
"090927A",0.301029996,1.8,4.20121889,21.01785522,-11.6716204,0.342422681,1.13087741,0.92,-6.698970004,2.06549,0.09061905849176,3.24,17.6502401616928,441.750238048881,136.226722761696,0.117253292463228,1.27888371644831,0.8464,44.8761991144918,4.2662489401,0.0791400972158072,0.076268475,0.093241949,0.074843971,0.01,0.065144172,0.2,0.043429448,"090927A",1.37,0.374748346010104
"091018A",1.012837225,1.77,2.89655535,21.19187281,-9.627087997,0.639486489,1.18074867,0.91,-5.853871964,1.98015,1.0258392443457,3.1329,8.39003289561362,449.095473195217,92.6808233019815,0.408942969613547,1.39416742170677,0.8281,34.2678169709052,3.9209940225,0.0598714492362227,0.024288603,0.034497878,0.016335114,0.002061639,0.031021034,0.24,0.016865805,"091018A",0.971,0.294686624279443
"091020A",0.62324929,1.53,2.95265011,21.70587483,-9.71219827,1.590061231,1.17417264,0.895,-5.431798276,2.08587,0.388439677485504,2.3409,8.71814267208301,471.145002135627,94.326795235791,2.52829471832924,1.37868138852457,0.801025,29.5044325111566,4.3508536569,0.0544128110188212,0.034480687,0.045271255,0.018244861,0.002182887,0.011737689,0.07,0.031021034,"091020A",1.71,0.432969290874406
"091029A",0.255272505,1.46,4.30368998,21.45058625,-11.34678749,1.593286067,1.12123368,1.064,-5.619788758,2.11535,0.065164051808975,2.1316,18.5217474439524,460.127650468689,128.74958634322,2.53856049129633,1.25716496516634,1.132096,31.5820256845432,4.4747056225,0.0535069670717355,0.02563352,0.034224003,0.026782025,0.002,0.018095603,0.27,0.024127471,"091029A",2.752,0.574262829707027
"091127A",1.667452953,2.05,3.98466812,20.87872913,-9.844663963,0.84260924,1.39581701,0.758,-5.045757491,1.80187,2.78039935046842,4.2025,15.8775800265443,435.921330083911,96.9174085443909,0.709990331333378,1.94830512540534,0.574564,25.4596686579826,3.2467354969,0.0093822306004846,0.018562516,0.021935207,0.013587309,0.00244132,0.014476483,0.07,0.025217099,"091127A",0.49,0.173186268412274
"050416A",0.688419822,3.08,2.99481,21.75162856,-10.5559552,0.397940009,0.842217,0.9,-6.435333936,2.06183,0.473921851322512,9.4864,8.9688869361,473.133345012208,111.428190184407,0.15835625076292,0.709329475089,0.81,41.4135228678333,4.2511429489,0.0771432232434421,0.0484,0.070765,0.0149485,0.005,0.043784457,0.22,0.04271749,"050416A",0.6528,0.218220304175545
"050820A",0.389166084,1.25,3.750945731,21.61964524,-10.01818139,1.414973348,1.136499703,0.9,-5.463441557,1.96878,0.151450240935895,1.5625,14.0695938769071,467.409060303455,100.363958362942,2.00214957555033,1.29163157491909,0.81,29.8491936467546,3.8760946884,0.378773543191014,0.266741013,0.238477529,0.012525701,0.0405,0.030552112,0.12,0.040770502,"050820A",2.6147,0.558072259099146
"050922C",0.860936621,1.37,2.52429,21.44930866,-9.477555766,0.653212514,1.22035,1.064,-5.790484985,2.2119,0.741211865378898,1.8769,6.3720400041,460.072841991951,89.8240632976399,0.4266865884462,1.4892541225,1.132096,33.5297163615105,4.89250161,0.0434736058796182,0.03194,0.034305,0.013275,0.013,0.014476483,0.06,0.019142456,"050922C",2.198,0.504878459410216
"051016B",0.113943352,2.4,4.25742,21.71466751,-11.59006688,0.602059991,1.14771,0.73,-6.769551079,1.89482,0.0129830874649959,5.76,18.1256250564,471.52678506985,134.329650282873,0.36247623276292,1.3172382441,0.5329,45.8268218111901,3.5903428324,0.0509829166339321,0.04535,0.058175,0.04854,0.005,0.056202815,0.23,0.053451629,"051016B",0.9364,0.286995073968852
"051109A",0.595496222,1.51,3.91123,21.97057233,-10.51999306,1.57054294,1.22299,1.06,-5.657577319,2.06584,0.354615750416273,2.2801,15.2977201129,482.706048507762,110.670253982448,2.46660512638384,1.4957045401,1.1236,32.0081811204632,4.2676949056,0.0827679937346041,0.04815,0.04637,0.019155,0.054794381,0.05369459,0.2,0.076056648,"051109A",2.346,0.524525936626376
"051109B",-0.259637311,1.97,3.65548,21.36742302,-11.57511836,1.155336037,1.251,1.06,-6.591760035,2.12549,0.0674115332633107,3.8809,13.3625340304,456.566766515626,133.983365048009,1.33480135839087,1.565001,1.1236,43.4513003590232,4.5177077401,0.114743908376789,0.0922,0.126645,0.12217,0.01,0.069554976,0.24,0.102651423,"051109B",0.08,0.0334237554869497
"060223A",0.130333768,1.74,2.78682,22.49782636,-10.9636,1.053078443,1.1892,0.81,-6.171984936,2.01015,0.0169868910810778,3.0276,7.7663657124,506.152190924711,120.20052496,1.1089742071113,1.41419664,0.6561,38.0933980502109,4.0407030225,0.042104904450281,0.1982,0.23477,0.18005,0.045,0.030974941,0.12,0.057905931,"060223A",4.41,0.73319726510657
"060502A",0.227886705,1.46,3.3865,21.45692297,-10.55284197,1.45331834,0.897152,0.87,-5.63638802,2.02719,0.051932350315757,2.1316,11.46838225,460.399543340514,111.362473643793,2.11213419738036,0.804881711104,0.7569,31.7688699119995,4.1094992961,0.150287880735964,0.05675,0.075085,0.0205255,0.015,0.019176639,0.08,0.053965586,"060502A",1.5026,0.398391440229475
"060510B",-0.244125144,1.78,4.43617,22.00215742,-12.2656,2.43964843,1.00735,1.38,-5.390405591,2.1317,0.0595970859330207,3.1684,19.6796042689,484.094931134461,150.44494336,5.95188446200147,1.0147540225,1.9044,29.0564724354841,4.54414489,0.0335971369822932,0.2206,0.31628,0.2313695,0.03,0.018780302,0.08,0.083811216,"060510B",4.9,0.770852011642144
"060912A",0.933487288,1.74,2.455171016,21.36738202,-10.1079054,0.698970004,1.045731532,0.63,-5.869666232,1.8948,0.871398516857595,3.0276,6.02786471780647,456.565014388619,102.169751575349,0.48855906649176,1.09355443701907,0.3969,34.4529816750811,3.59026704,0.0503781599397554,0.147419953,0.156564864,0.028937785,0.0785,0.019945376,0.09,0.022271512,"060912A",0.937,0.287129620719111
"061222A",0.930949031,1.35,3.92091,22.56660835,-9.954677021,1.853698212,1.35061,0.86,-5.097453221,1.92748,0.866666098319839,1.8225,15.3735352281,509.25181242229,99.0955945924254,3.436197061172,1.8241473721,0.7396,25.9840293402833,3.7151791504,0.0973208922530927,0.02311,0.024435,0.018075,0.005,0.008588051,0.04,0.013237581,"061222A",2.088,0.489677291663699
"070714B",0.431363764,1.36,3.22974,21.64321572,-10.74232143,1.806179974,1.64623,0.93,-6.142667504,2.07429,0.186074696892248,1.8496,10.4312204676,468.428786702455,115.397469705437,3.26228609847864,2.7100732129,0.8649,37.7323640646976,4.3026790041,0.0570608478017886,0.09935,0.0946,0.108425,0.005,0.05428681,0.19,0.032169962,"070714B",0.923,0.28397928423848
"070721B",0.176091259,1.34,3.94739,21.89473409,-10.50863831,2.531478917,2.5054,0.52,-5.443697499,1.52512,0.0310081314962051,1.7956,15.5818878121,479.379380871808,110.4314791304,6.40838550721549,6.27702916,0.2704,29.6338424606189,2.3259910144,0.0272330828957319,0.3648,0.10084,0.09144,0,0.024127471,0.11,0.086858896,"070721B",3.626,0.6652056284346
"070810A",0.278753601,2.04,3.36583,21.93100401,-10.77728353,1.041392685,1.36994,1.02,-6.161150909,2.17076,0.0777035700704672,4.1616,11.3288115889,480.968936886636,116.149840286009,1.08449872437151,1.8767356036,1.0404,37.9597805234715,4.7121989776,0.197037086589132,0.06175,0.07187,0.077915,0.01,0.037764738,0.14,0.045715209,"070810A",2.17,0.501059262217751
"080319B",1.394451681,1.04,5.36799912,20.8771334,-12.15181088,1.68090255756894,1.42250979,0.73,-4.091514981,1.81426,1.94449549064373,1.0816,28.8154145523208,435.854699001396,147.666507663286,2.82543340804182,2.02353410264584,0.5329,16.7404948397474,3.2915393476,0.00162180613819454,0.097779455,0.087626454,0.075139905,0,0.00536166,0.02,0.008755937,"080319B",0.937,0.287129620719111
"080905B",-0.301029996,1.78,3.67820615,22.33533151,-10.11125904,2.10720997,1.36946226,0.375,-5.744727495,1.86248,0.09061905849176,3.1684,13.5292004818978,498.867033661599,102.237559373982,4.4403338576674,1.87542688156431,0.140625,33.001893991809,3.4688317504,0.0951998384562338,0.03236457,0.038825489,0.033301752,0.00558525,0.048254942,0.15,0.086858896,"080905B",2.374,0.528145078253106
"080916A",0.431363764,1.17,3.60698,21.7431239,-10.75269955,1.77815125,0.998947,0.83,-5.397940009,1.88453,0.186074696892248,1.3689,13.0103047204,472.763436930751,115.62054761257,3.16182186787656,0.997895108809,0.6889,29.1377563407629,3.5514533209,0.0457883734954798,0.0592,0.073495,0.0260505,0.01,0.010857362,0.21,0.032169962,"080916A",0.6887,0.227552503379865
"081028A",-0.301029996,1.25,4.75426,20.90308999,-11.3994,2.414973348,2.20023,0.945,-5.431798276,2.51,0.09061905849176,1.5625,22.6029881476,436.939171130038,129.94632036,5.83209627155033,4.8410120529,0.893025,29.5044325111566,6.3001,0.0544346314312377,0.0572,0.03025,0.054715,5e-04,0.023475377,0.38,0.086858896,"081028A",3.038,0.60616631460762
"081203A",0.462397998,1.54,4.02089,21.66176916,-10.9243983,2.46834733,1.86904,0.82,-5.113509275,2.03508,0.213811908554408,2.3716,16.1675563921,469.232243141127,119.342478217043,6.09273854151813,3.4933105216,0.6724,26.147977105511,4.1415506064,0.122562443871835,0.05695,0.03932,0.064395,0.0325,0.016920564,0.06,0.029951344,"081203A",2.1,0.491361693834273
"090418A",0.278753601,1.48,3.52813657,22.02365981,-10.04720756,1.748188027,1.52909667,0.98,-5.337242168,2.03408,0.0777035700704672,2.1904,12.4477476565714,485.041591426609,100.946379753721,3.05616137774615,2.33813662620509,0.9604,28.4861539598773,4.1374814464,0.0320230997079162,0.028659405,0.030759021,0.042154514,0.003531332,0.018882369,0.07,0.068572813,"090418A",1.608,0.416307587059883
"090516A",0.204119983,1.84,4.33113504,21.19589965,-11.27490548,2.322219295,1.76098314,0.502,-5.045757491,2.09,0.0416649674599203,3.3856,18.7587307347158,449.26616197287,127.123493582934,5.3927024540703,3.10106161936426,0.252004,25.4596686579826,4.3681,0.132356413451328,0.03779605,0.029715315,0.053351589,0.479087085,0.028952965,0.11,0.05428681,"090516A",4.109,0.708335902682263
"091109A",0.113943352,1.31,3.37933883,21.89596701,-11.14630179,1.681241237,1.06152816,0.89,-5.795880017,1.96352,0.0129830874649959,1.7161,11.4199309279458,479.433371303008,124.240043593757,2.82657209698929,1.12684203447299,0.7921,33.5922251714599,3.8554107904,0.15117163716416,0.05941034,0.074268877,0.033719571,0.03,0.05428681,0.25,0.133629071,"091109A",3.076,0.610234175334389
"091208B",1.181843588,1.74,3.31388094,21.91211094,-10.18045606,1.173186268,1.1606541,0.86,-5.48148606,2.03333,1.39675426649671,3.0276,10.9818068844953,480.140605846868,103.641685589591,1.37636601942377,1.34711793984681,0.7396,30.0466894259743,4.1344308889,0.0844607534610546,0.036806415,0.052928177,0.030502454,0.034663611,0.026320878,0.11,0.028572005,"091208B",1.063,0.314499227973151
"100316B",0.113943352,2.23,3.5543767,21.41315218,-11.1481304,0.579783597,1.36246063,1.08,-6.698970004,2.23535,0.0129830874649959,4.9729,12.6335937255029,458.523086283839,124.280811415404,0.336149019350258,1.8562989683,1.1664,44.8761991144918,4.9967896225,0.0508837165764397,0.10431242,0.207348761,0.13322096,0.02,0.043429448,0.18,0.033407268,"100316B",1.18,0.338456493604605
"100418A",0,2.16,5.54363,21.90370028,-12.48811664,0.84509804,1.81145,0.84,-6.468521083,2.26662,0,4.6656,30.7318335769,479.772085956072,155.953057214245,0.714190697211842,3.2813511025,0.7056,41.8417650012155,5.1375662244,0.059763875267383,0.10745,0.075475,0.16786,0.01,0.063866836,0.25,0.086858896,"100418A",0.6235,0.21045229296202
"100425A",0.146128036,2.42,3.60199415,20.53466438,-11.50168945,1.568201724,0.86819371,1.46,-6.327902142,2.17077,0.0213534029052173,5.8564,12.9743618566342,421.672441199241,132.288860204241,2.45925664715657,0.753760318083564,2.1316,40.0423455187282,4.7122423929,0.0442926372724909,0.070859065,0.115125536,0.055076895,0.035,0.083162773,0.32,0.062042069,"100425A",1.755,0.440121603187804
"100513A",-0.22184875,1.62,3.74522911,22.05240534,-11.57186521,1.924279286,0.96306136,1.36,-5.853871964,2.25722,0.0492168678765625,2.6244,14.0267410863914,486.30858127966,133.908064438408,3.70285077052867,0.92748718312505,1.8496,34.2678169709052,5.0950421284,0.0768849139302361,0.09817689,0.128616618,0.061569437,0.025,0.031021034,0.14,0.072382414,"100513A",4.772,0.761326322421457
"100621A",1.10720997,1.9,3.64164386,22.28454803,-9.804100348,1.803457116,0.94079321,0.27,-4.677780705,2.3024,1.2259139176674,3.61,13.2615700030757,496.601080901377,96.1203836336537,3.25245756925104,0.885091863982104,0.0729,21.8816323240703,5.30104576,0.0114965181711467,0.041282476,0.060455075,0.024177265,0.150679792,0,0.03,0.010178777,"100621A",0.542,0.188084373714938
"100704A",0.633468456,1.73,3.62503495,21.52730245,-10.35163999,2.2955671,1.01294211,1.29,-5.22184875,2.11575,0.401282284747024,2.9929,13.1408783887215,463.424750773776,107.156450482567,5.26962831060241,1.02605171821125,1.6641,27.2677043678766,4.4763980625,0.0511462884983093,0.04763446,0.053639373,0.01813996,0.01,0.014476483,0.06,0.020199743,"100704A",3.6,0.662757831681574
"100728A",0.707570176,1.18,4.03148606,21.52592288,-10.17587417,2.297760511,1.5588143,0.96,-4.420216403,1.90402,0.500655553964671,1.3924,16.2528798519743,463.365355835707,103.548415123673,5.27970336591098,2.42990202188449,0.9216,19.5383130493503,3.6252921604,0.0276692267863542,0.0760751,0.053762484,0.034265796,0.005,0,0.02,0.017031156,"100728A",1.567,0.409425868671443
"100814A",0.397940009,1.47,5.22729477,20.89608288,-11.49349497,2.241795431,1.76532941,1.1425,-5.045757491,1.89414,0.15835625076292,2.1609,27.3246106124694,436.646279727829,132.100426625415,5.02564675445248,3.11638792581095,1.30530625,25.4596686579826,3.5877663396,0.0235643330529017,0.04362636,0.035347138,0.084015169,0.01745135,0.009650988,0.04,0.034743559,"100814A",1.44,0.387389826338729
"100816A",1.037426498,0.73,3.97801299,21.34783526,-11.5559552,0.462397998,1.04455013,1.09,-5.698970004,1.91138,1.07625373875254,0.5329,15.8245873486087,455.730070288099,133.540100584407,0.213811908554408,1.09108497408302,1.1881,32.4782591064918,3.6533735044,0.0930248425840856,0.08674922,0.112014005,0.047175154,0.015,0.021714724,0.24,0.015937412,"100816A",0.804,0.256236533205923
"100901A",-0.096910013,1.52,4.91124,21.53188109,-11.34103516,2.64246452,1.50754,1.075,-5.677780705,1.98285,0.00939155061966017,2.3104,24.1202783376,463.6219032739,128.619078500356,6.98261873945883,2.2726768516,1.155625,32.2371937340703,3.9316941225,0.0223211438768381,0.0283,0.02425,0.036255,5e-04,0.062042069,0.21,0.10857362,"100901A",1.408,0.381656482585787
"100906A",1.004321374,1.78,3.94074768,21.96198081,-10.4698003,2.058426024,1.71220056,0.87,-4.920818754,2.02817,1.00866142227325,3.1684,15.5294922774254,482.328601098808,109.61671832188,4.23711769628045,2.93163075766431,0.7569,24.2144572097181,4.1134735489,0.00604043448603348,0.048743085,0.039933316,0.059340084,0,0,0.03,0.017199781,"100906A",1.727,0.43568513794163
"101219B",-0.22184875,1.56,4.42003952,20.49692965,-11.99567863,1.531478917,0.66918137,0.94,-5.677780705,1.85684,0.0492168678765625,2.4336,19.5367493583618,420.124125077049,143.896305794239,2.34542767321549,0.447803705955077,0.8836,32.2371937340703,3.4478547856,0.0692396240032236,0.089446275,0.166829365,0.039390628,0.105,0.082722758,0.16,0.217147241,"101219B",0.55,0.190331698170291
"110213A",0.204119983,1.83,3.84089,21.56708403,-9.896196279,1.681241237,1.8412,1.1905,-5.229147988,1.96436,0.0416649674599203,3.3489,14.7524359921,465.139113557081,97.9347007924934,2.82657209698929,3.39001744,1.41729025,27.3439886804045,3.8587102096,0.14476482742628,0.03588,0.023515,0.02785,0.226362665,0.029443694,0.12,0.162860431,"110213A",1.46,0.390935107103379
"110422A",1.487138375,0.86,3.50066971,22.02088312,-9.681936665,1.413299764,1.42239886,0.778,-4.387216143,1.89199,2.21158054639764,0.7396,12.2546884185115,484.919293384701,93.7398975850713,1.99741622292246,2.0232185169293,0.605284,19.2476654853998,3.5796261601,0.00950159657676303,0.024137407,0.029472713,0.022779716,0.005,0.010592548,0.1,0.0141464,"110422A",1.77,0.442479769064449
"110503A",0.130333768,0.88,2.54166555,21.13638759,-9.08249449,1,1.14649063,0.687,-5,1.90907,0.0169868910810778,0.7744,6.4600637680568,446.746880354706,82.4917061608804,1,1.3144407646778,0.471969,25,3.6445482649,0.147896600362852,0.028998071,0.028887961,0.006289914,0.001,0.017371779,0.25,0.019301977,"110503A",1.613,0.417139409727326
"110715A",1.731588765,1.25,2.61109719,22.0746007,-9.075720714,1.113943352,0.95853538,0.755,-4.928117993,1.85342,2.99839965107422,1.5625,6.8178285356259,487.287996064441,82.3687064785287,1.240869791465,0.918790074711744,0.570025,24.2863469529303,3.4351656964,0.133629071449258,0.02377653,0.035600881,0.009554076,0.0015,0.007360923,0.12,0.008863153,"110715A",0.82,0.260071387985075
"110731A",1.041392685,1.15,5.08952072,21.95954126,-12.08512818,1.588831726,1.42351927,0.39,-5.22184875,1.85145,1.08449872437151,1.3225,25.9032211593093,482.221452349642,146.05032312703,2.52438625354414,2.02640711206133,0.1521,27.2677043678766,3.4278671025,0.130539784388153,0.097418495,0.090702815,0.110855301,0.13,0.007238241,0.05,0.011844395,"110731A",2.83,0.583198773968623
"110808A",-0.397940009,2.32,4.50711,21.33906917421,-12.08440021,1.681241237,0.807091,1.4,-6.48148606,2.33721,0.15835625076292,5.3824,20.3140405521,455.355873221719,146.032728435448,2.82657209698929,0.651395882281,1.96,42.0096615459743,5.4625505841,0.204728382319217,0.0837,0.155655,0.0776,0.025,0.105283511,0.43,0.217147241,"110808A",1.348,0.370698092575577
"110818A",0.204119983,1.58,3.84627415,22.06812647,-11.28316228,2.012837225,1.37167718,0.83,-5.397940009,1.95985,0.0416649674599203,2.4964,14.7938248369582,487.002205895915,127.309751036815,4.0515136943457,1.88149828613275,0.6889,29.1377563407629,3.8410120225,0.0761271870594219,0.05514905,0.059648416,0.067338189,0.01,0.021714724,0.11,0.081430215,"110818A",3.36,0.639486489268586
"111008A",0.806179974,1.86,3.98993393,22.17059025,-10.66756154,1.802500068,1.21584288,0.829,-5.27572413,1.94053,0.649926150478641,3.4596,15.9195727657652,491.535072033395,113.796869209687,3.24900649514,1.47827390884669,0.687241,27.8332650958643,3.7656566809,0.0161841207996628,0.028511085,0.035676696,0.027351291,0.001,0.024582707,0.09,0.047500959,"111008A",4.9898,0.777412321496744
"111123A",-0.045757491,1.68,4.42202873,21.35034301,-11.60730305,2.462397998,1.46723371,1.25,-5.13667714,2.55463,0.00209374798261508,2.8224,19.5543380889454,455.837146644656,134.729484094539,6.06340390055441,2.15277475976036,1.5625,26.3854520405986,6.5261344369,0.131921983937837,0.07308827,0.070655771,0.105884147,0.005,0.017847718,0.07,0.048254942,"111123A",3.1516,0.618215503279417
"111209A",-0.301029996,1.48,4.13326,21.14009932,-9.057000407,2.505149978,2.77382,0.2529,-4.443697499,1.81212,0.09061905849176,2.1904,17.0838382276,446.903799259465,82.0292563723982,6.2757764122734,7.6940773924,0.06395841,19.7464474626189,3.2837788944,0.0401068361866461,0.02099,0.010455,0.04435,5e-05,0.012063736,0.03,0.086858896,"111209A",0.677,0.224533062606086
"111228A",1.093421685,2.27,4.10627835,21.41342718,-10.65757732,2.005180513,1.15297662,0.99,-5.070581074,2.03824,1.19557098122824,5.1529,16.8615218876787,458.534863593163,113.583954331778,4.02074888971494,1.32935508626662,0.9801,25.710792428007,4.1544222976,0.023242060897345,0.030118345,0.037264425,0.023299272,0,0.010218694,0.06,0.017511874,"111228A",0.714,0.234010817587179
"120118B",0.342422681,2.08,3.68307,21.451745,-10.95467702,1.36660971,1.0241,1.01,-5.744727495,2.20884,0.117253292463228,4.3264,13.5650046249,460.177363545025,120.004948612516,1.86762209946628,1.04878081,1.0201,33.001893991809,4.8789741456,0.366834332492466,0.1172,0.131765,0.077156,0.005,0.024127471,0.11,0.059221975,"120118B",2.943,0.595826777073223
"120327A",0.591064607,1.52,3.48517215,22.16619025,-10.15181088,1.798650645,1.44859414,0.63,-5.443697499,1.75797,0.349357369648064,2.3104,12.1464249151356,491.339990199195,103.059264143286,3.23514414275892,2.09842498244234,0.3969,29.6338424606189,3.0904585209,0.051933835584684,0.04362492,0.051679097,0.058002882,0.02,0.012063736,0.06,0.022271512,"120327A",2.813,0.581266805273671
"120404A",0.079181246,1.85,3.79948,21.70983536,-11.02687215,1.587710965,1.90651,0.69,-5.795880017,1.89579,0.00626966971811252,3.4225,14.4360482704,471.316951358306,121.591909412446,2.52082610838123,3.6347803801,0.4761,33.5922251714599,3.5940197241,0.179553274179706,0.11705,0.068285,0.121385,0.005,0.027143405,0.13,0.072382414,"120404A",2.876,0.588383768378728
"120422A",-0.22184875,1.19,5.23266697,21.69605744,-12.73992861,0.728353782,0.86153199,1.1,-6.638272164,2.32199,0.0492168678765625,1.4161,27.380803618929,470.718908439779,162.305780987897,0.530499231753704,0.74223736979336,1.21,44.0666573233372,5.3916375601,0.181516258620399,0.11830242,0.217818621,0.214451933,0.035,0.075529475,0.24,0.144764827,"120422A",0.283,0.108226656374928
"120729A",0.462397998,1.62,3.52138487,21.34792103,-10.29756946,1.854306042,2.26312734,0.645,-5.619788758,1.8831,0.213811908554408,2.6244,12.4001514026649,455.733732303116,106.039936783525,3.43845089739771,5.12174535705548,0.416025,31.5820256845432,3.54606561,0.223182009707008,0.06906832,0.047294772,0.130088482,0.013331067,0.018095603,0.08,0.029951344,"120729A",0.8,0.255272505103306
"120802A",0.477121255,1.21,3.53838419,22.12127744,-11.17198494,1.698970004,0.54215516,0.91,-5.721246399,2.03526,0.227644691972775,1.4641,12.520162676042,489.350915577453,124.813247499587,2.88649907449176,0.293932217514626,0.8281,32.7326603580705,4.1422832676,0.2694762542188,0.07803221,0.220557212,0.11816229,0.055,0.068572813,0.47,0.028952965,"120802A",3.796,0.680879174426811
"120811C",0.612783857,1.4,3.15909591,21.91722026,-10.14327111,1.428134794,1.01613299,0.65,-5.522878745,1.92121,0.375504055399796,1.96,9.97988696857873,480.364543925354,102.885948810961,2.03956898983342,1.03252625336634,0.4225,30.5021896319728,3.6910478641,0.0598545187495629,0.05294686,0.084200302,0.03800099,0.090734018,0.043429448,0.3,0.021185097,"120811C",2.671,0.564784384503987
"120907A",0.462397998,1.73,3.2113827,21.0438101,-10.37675071,1.227886705,1.05329104,0.78,-6.173925197,1.82021,0.213811908554408,2.9929,10.3129788458593,442.841943524862,107.676955297485,1.50770576031576,1.10942201494428,0.6084,38.1173523381515,3.3131644441,0.035217186540104,0.04130341,0.062296694,0.028647271,0.005,0.071302079,0.25,0.059902687,"120907A",0.97,0.294466226161593
"120922A",0.301029996,1.58,3.59799,21.0163605,-10.59516628,2.238046103,1.06622,1.17,-5.207608311,2.06954,0.09061905849176,2.4964,12.9455320401,441.68740866596,112.257548500849,5.00885035915349,1.1368250884,1.3689,27.1191843207963,4.2829958116,0.075913913084108,0.16365,0.133375,0.03563,0.005,0.049033248,0.36,0.043429448,"120922A",3.1,0.612783856719735
"121024A",0.113943352,1.41,4.17178823,21.94617755,-11.31158018,1.838849091,1.30353551,0.87,-5.958607315,2.00683,0.0129830874649959,1.9881,17.4038170359665,481.634709056124,127.951846168569,3.38136597947153,1.69920482583096,0.7569,35.5050011343715,4.0273666489,0.201804932759115,0.063305895,0.065435085,0.06666149,0,0.039481317,0.22,0.066814536,"121024A",2.298,0.5182506513085
"121027A",0.113943352,1.82,5.40919042,22.07736427,-11.92081875,1.796574333,1.50995764,1.16,-5.698970004,2.37144,0.0129830874649959,3.3124,29.2593409998198,487.410013110273,142.105919670352,3.22767933399439,2.27997207459437,1.3456,32.4782591064918,5.6237276736,0.03343969322178,0.041584155,0.037953731,0.058939694,0,0.021714724,0.09,0.066814536,"121027A",1.773,0.442949869577862
"121128A",1.11058971,1.32,3.23392922,22.04029767,-9.617982957,1.367355921,1.54546584,0.9455,-5.161150909,1.98504,1.23340950395788,1.7424,10.4582981999698,485.774721382207,92.5055961611425,1.86966221469376,2.38846466260691,0.89397025,26.6374787054715,3.9403838016,0.0303933846890459,0.028690024,0.029795568,0.032445001,0.010337721,0.025176492,0.18,0.013466496,"121128A",2.2,0.505149978319906
"121211A",0,2.36,4.20933518,21.66138196,-11.2823295,2.260071388,1.15615612,0.95,-5.886056648,2.0682,0,5.5696,17.7185026575856,469.215468417013,127.29095894657,5.10792267885625,1.33669697381345,0.9025,34.645662863465,4.27745124,0.0937486856135703,0.054250775,0.063247159,0.074602829,0.005,0.089197405,0.26,0.130288345,"121211A",1.023,0.305995882770805
"130408A",0.69019608,1.28,3.58393,20.06405721,-10.32975415,1.447158031,1.39277,0.945,-5.638272164,2.03183,0.476370628847366,1.6384,12.8445542449,402.566391726153,106.703820799442,2.0942663666878,1.9398082729,0.893025,31.7901129953372,4.1283331489,0.202660966333188,0.077,0.070305,0.0643,0.117120218,0.075529475,0.26,0.088631527,"130408A",3.757,0.677333151419902
"130418A",-0.22184875,2.07,2.59006,21.12149747,-9.247183569,2.07200023240372,1.28449,0.198,-5.744727495,1.68684,0.0492168678765625,4.2849,6.7084108036,446.117655375216,85.5104039587836,4.29318496308105,1.6499145601,0.039204,33.001893991809,2.8454291856,0.169579312058568,0.06047,0.06867,0.031625,0.003,0.048254942,0.17,0.144764827,"130418A",1.218,0.345961541813141
"130420A",0.531478917,1.52,3.56731,20.79265849,-10.8728952,2.091666958,0.914676,1.17,-5.148741651,2.29559,0.282469839215493,2.3104,12.7257006361,432.334647081769,118.219850030183,4.37507066318897,0.836632184976,1.3689,26.5095405887422,5.2697334481,0.0412728533350444,0.05505,0.08535,0.0286905,0.005,0.018350471,0.25,0.025546734,"130420A",1.297,0.361160995195026
"130511A",0.113943352,1.35,2.65954,21.01365445,-10.51570016,0.73479983,1.16497,0.65,-6.657577319,2.06879,0.0129830874649959,1.8225,7.0731530116,441.573673344005,110.579949855024,0.539930790168029,1.3571551009,0.4225,44.3233357584632,4.2798920641,0.176931769551824,0.0838,0.089385,0.04916,0.01,0.078962633,0.31,0.066814536,"130511A",1.3033,0.362350507594848
"130514A",0.447158031,1.8,3.68772,21.19799139,-10.7212464,2.309630167,1.17745,0.65,-5.040958608,2.0604,0.199950304687797,3.24,13.5992787984,449.354838970514,114.945124369513,5.33439150831645,1.3863885025,0.4225,25.4112636875693,4.24524816,0.0272768817014167,0.078,0.078365,0.04188,0.08,0.009544934,0.05,0.046531552,"130514A",3.6,0.662757831681574
"130604A",-0.096910013,1.51,2.071571247,21.35024026,-8.316052869,1.57634135,1.742079764,0.98,-5.853871964,2.08823,0.00939155061966017,2.2801,4.29140743139714,455.832759159725,69.1567353200031,2.48485205171982,3.0348419041383,0.9604,34.2678169709052,4.3607045329,0.0525216608675702,0.166441725,0.100184013,0.041653571,0.015,0.031021034,0.12,0.10857362,"130604A",1.06,0.313867220369153
"130606A",0.414973348,1.52,3.30222,20.24962877,-10.18045606,2.441820772,1.37571,0.44,-5.537602002,1.86465,0.172202879550329,2.3104,10.9046569284,410.047465322812,103.641685589591,5.96248868257068,1.8925780041,0.1936,30.6650359325544,3.4769196225,0.0303226795160044,0.06815,0.07782,0.05186,0.045,0.029951344,0.12,0.033407268,"130606A",5.913,0.839666556882433
"130831A",1.133538908,1.93,3.31959,21.63012977,-9.89279003,1.511883361,1.28481,1.01,-5.187086643,1.79449,1.28491045594983,3.7249,11.0196777681,467.86251386704,97.8672945776674,2.28579129726866,1.6507367361,1.0201,26.905867841989,3.2201943601,0.0249128885159663,0.054815,0.089045,0.06727,0.009011148,0.001336291,0.05,0.019160051,"130831A",0.4791,0.16999753706657
"131030A",1.44870632,1.3,2.84594,20.84178667,-9.294136288,1.613841822,1.11188,0.693,-4.537602002,2.09466,2.09875000160794,1.69,8.0993744836,434.38007159779,86.3809693399184,2.60448542643628,1.2362771344,0.480249,20.5898319285544,4.3876005156,0.0427179076225292,0.025175,0.027575,0.00815,0.0075,0,0.03,0.010818724,"131030A",1.295,0.36078268987328
"131105A",0.544068044,1.45,3.9488,21.32749584,-10.91009489,2.050379756,1.19347,0.94,-5.148741651,2.24976,0.296010036501986,2.1025,15.59302144,454.862078805217,119.030170508804,4.20405714381462,1.4243706409,0.8836,26.5095405887422,5.0614200576,0.0158047698317659,0.03335,0.047885,0.04544,0.005,0.030584118,0.11,0.074450483,"131105A",1.686,0.429106008332697
"131117A",-0.15490196,1.61,2.87134,22.01669496,-10.838632,1.041392685,0.951056,0.86,-6.602059991,2.15896,0.0239946172118416,2.5921,8.2445933956,484.734856961689,117.475943631424,1.08449872437151,0.904507515136,0.7396,43.5871961247629,4.6611082816,0.124850885316753,0.0823,0.12461,0.0362555,0.025,0.069487117,1.41,0.062042069,"131117A",4.042,0.702602841340427
"140206A",1.28780173,1.04,3.59073,22.00531353,-9.730487056,1.971275849,1.22509,0.672,-4.795880017,1.88134,1.65843329579099,1.0816,12.8933419329,484.233823553601,94.6823783469835,3.88592847285067,1.5008455081,0.451584,23.0004651374599,3.5394401956,0.063811704252879,0.012995,0.021325,0.015545,0.021902336,0.008143022,0.15,0.011193157,"140206A",2.73,0.571708831808688
"140213A",1.371067862,1.8,3.829176603,20.99187128,-10.12551818,1.77815125,1.108879519,0.83,-4.920818754,1.96657,1.87982708220925,3.24,14.6625934569626,440.658659836089,102.526118413511,3.16182186787656,1.22961378765767,0.6889,24.2144572097181,3.8673975649,0.0189868108841264,0.06303582,0.068643889,0.021746292,0.005,0,0.04,0.014784493,"140213A",1.2076,0.343920385393226
"140419A",0.69019608,1.21,3.68383,22.04094236,-10.00568285,1.976349979,1.36898,0.678,-4.795880017,1.87322,0.476370628847366,1.4641,13.5706034689,485.803140116842,100.113689294784,3.9059592394933,1.8741062404,0.459684,23.0004651374599,3.5089531684,0.0175057628798656,0.023985,0.02442,0.017885,0.001,0,0.04,0.017726305,"140419A",3.956,0.695131297704026
"140423A",0.322219295,1.33,3.90552,21.81946365,-10.85078089,2.127104798,1.18974,0.77,-5.026872146,2.06486,0.103825274070297,1.7689,15.2530864704,476.088993973671,117.739445922789,4.52457482167462,1.4154812676,0.5929,25.2694435722306,4.2636468196,0.0745819195938403,0.05035,0.05495,0.045115,0.149849463,0.013860462,0.06,0.041361379,"140423A",3.26,0.629409599102719
"140430A",0.397940009,2,4.14388,21.67796993,-11.36251027,2.239549721,0.875171,1.03,-5.958607315,2.15785,0.15835625076292,4,17.1717414544,469.934380285984,129.106639635855,5.01558295283118,0.765924279241,1.0609,35.5050011343715,4.6563166225,0.00923562857095551,0.0861,0.13071,0.0833725,0.035,0.078962633,0.22,0.034743559,"140430A",1.6,0.414973347970818
"140506A",1.037426498,1.68,3.30686,21.81764402,-9.903089987,2.045714059,0.948932,0.9,-5.552841969,1.74751,1.07625373875254,2.8224,10.9353230596,476.009590583442,98.0711912906197,4.18494601119025,0.900471940624,0.81,30.8340539326878,3.0537912001,0.0373575732732516,0.05516,0.06882,0.01557,0.047966029,0.046531552,0.16,0.035859177,"140506A",0.889,0.276231957921834
"140509A",0.204119983,1.59,3.58709,20.90144742,-11.09770006,1.17092730333444,1.40649,0.86,-5.920818754,1.93407,0.0416649674599203,2.5281,12.8672146681,436.870504251025,123.158946621724,1.37107074969407,1.9782141201,0.7396,35.0560947177181,3.7406267649,0.151511196244018,0.08395,0.088715,0.10418,0.22,0.04379136,0.121212121,0.117055576617339,"140509A",2.4,0.531478917042255
"140512A",0.832508913,1.45,3.53686,21.32824297,-9.504455662,2.189770956,1.25134,0.871,-4.853871964,1.84304,0.693071090224441,2.1025,12.5093786596,454.893948187355,90.3346774309239,4.79509683974115,1.5658517956,0.758641,23.5600730429052,3.3967964416,0.0134302087658966,0.01504,0.022285,0.02006,0.002482817,0.00930631,0.04,0.019160051,"140512A",0.725,0.236789099409293
"140518A",0,0.92,3.77824,22.46148952,-11.31158018,1.781755375,1.64981,0.94,-6,1.93772,0,0.8464,14.2750974976,504.51851145707,127.951846168569,3.17465221634139,2.7218730361,0.8836,36,3.7547587984,0.0174377429302028,0.09045,0.070125,0.18819,0,0.043429448,0.61,0.043429448,"140518A",4.707,0.756407872548958
"140614A",-1.4317581319867,1.5,3.70006,21.01365445,-10.9589,2.857332496,1.35595,0.83,-5.886056648,1.77015,2.04993134851005,2.25,13.6904440036,441.573673344005,120.09748921,8.16434899269759,1.8386004025,0.6889,34.645662863465,3.1334310225,0.0965452754396361,0.1129,0.098945,0.093145,0.05,0.133629071,0.46,0.163321606984505,"140614A",4.233,0.718750734739665
"140629A",0.62324929,1.86,2.85608,21.74269921,-9.847711656,1.62324929,1.16056,0.815,-5.619788758,1.95996,0.388439677485504,3.4596,8.1571929664,472.744968936535,96.9774248597183,2.6349382574855,1.3468995136,0.664225,31.5820256845432,3.8414432016,0.119342969960682,0.042785,0.06161,0.03501,0.001678552,0.036191207,0.11,0.041361379,"140629A",2.275,0.515211304327802
"141004A",0.785329835,1.86,3.30337,21.49730845,-10.61083392,0.593286067,1.54959,1.08,-6.173925197,1.79496,0.616742949741127,3.4596,10.9122533569,462.134270594441,112.589796477823,0.351988357296328,2.4012291681,1.1664,38.1173523381515,3.2218814016,0.118918281385487,0.0853,0.081935,0.09774,0.005,0.019446022,0.08,0.021358745,"141004A",0.573,0.196728722623287
"141121A",-0.045757491,1.73,5.76634,21.59590717,-12.65757732,2.74028372,2.33322,0.82,-5.27572413,1.93447,0.00209374798261508,2.9929,33.2506769956,466.383206495257,160.214263611778,7.50915486609704,5.4439155684,0.6724,27.8332650958643,3.7421741809,0.0298708467389642,0.1675,0.090095,0.2969,0.01,0.032776942,0.13,0.144764827,"141121A",1.47,0.392696953259666
"141220A",0.949390007,0.62,2.77561,21.48574413,-9.872830386,0.857935265,1.42066,1.1,-5.585026652,1.80565,0.90134138539146,0.3844,7.7040108721,461.63720081983,97.4727798307249,0.73605291893062,2.0182748356,1.21,31.1925227035503,3.2603719225,0.0285379269708387,0.042455,0.057375,0.050735,0.07,0.016703634,0.38,0.034157993,"141220A",1.3195,0.365394376854778
"150120B",0.079181246,2.2,3.39431,21.52664292,-10.79048499,2.01762288488796,1.17705,0.92,-6.26760624,2.01678,0.00626966971811252,4.84,11.5213403761,463.396355405186,116.434566319415,4.0708021056236,1.3854467025,0.8464,39.2828879796869,4.0674015684,0.0141299769251025,0.0711,0.090535,0.057705,0.005,0.039006078,0.151515152,0.0542106768002651,"150120B",3.5,0.653212513775344
"150314A",1.58546073,1.08,2.49217,22.01715025,-8.609064893,1.169968174,1.19079,0.73,-4.657577319,1.84772,2.51368572637213,1.1664,6.2109113089,484.754905131075,74.1159983318851,1.36882552817289,1.4179808241,0.5329,21.6930264824632,3.4140691984,0.07726686575266,0.015025,0.015855,0.009925,0,0.005922197,0.03,0.010152339,"150314A",1.758,0.440594261839831
"150403A",1.245512668,1.23,3.19694,21.79039707,-8.821023053,1.611723308,1.24471,0.679,-4.769551079,1.70996,1.55130180614848,1.5129,10.2204253636,474.821404468265,77.8104477015574,2.59765202155046,1.5493029841,0.461041,22.7486174951901,2.9239632016,0.127565659236116,0.005105,0.006975,0.00458,0,0.00766402,0.04,0.014805494,"150403A",2.06,0.48572142648158
"150821A",-1.49776679460977,2.1,2.95174,22.340573,-8.853871964,2.23578087,1.82628,0.848,-6.102372909,2.21622,2.24330537103562,4.41,8.7127690276,499.101201968329,78.3910487549052,4.99871609865796,3.3352986384,0.719104,37.2389551204971,4.9116310884,0.249936990327389,0.021105,0.015485,0.027365,5e-04,0.104450572,0.37,0.188398851647283,"150821A",0.755,0.244277120801843
"151021A",0.986771734,1.57,3.15765,22.33647975,-9.642065153,2.042181595,1.33346,1.27,-4.552841969,1.96079,0.973718455021367,2.4649,9.9707535225,498.91832762216,92.9694204146969,4.17050566695674,1.7781155716,1.6129,20.7283699946878,3.8446974241,0.0143797213110485,0.06282,0.05208,0.02141,0.04,0.015510517,0.04,0.035818102,"151021A",2.33,0.52244423350632
"151027A",0.832508913,1.72,3.99907,21.65076489,-9.935542011,2.11290649,1.74508,0.9235,-5.107905397,2.00612,0.693071090224441,2.9584,15.9925608649,468.755620322057,98.7149950523459,4.46437383548412,3.0453042064,0.85285225,26.0906975447017,4.0245174544,0.0183350782696789,0.02221,0.01731,0.02499,0.002440971,0.011135756,0.05,0.038320101,"151027A",0.81,0.257678574869184
"151215A",0.204119983,1.99,3.06337,22.0125926,-10.72815839,1.250420002,1.07478,1.015,-6.508638306,2.20942,0.0416649674599203,3.9601,9.3842357569,484.554232973575,115.093382440927,1.56355018140168,1.1551520484,1.030225,42.3623725983306,4.8815367364,0.0244827442519859,0.093,0.11588,0.071395,0.35435971,0.098066496,0.33,0.05428681,"151215A",2.59,0.555094448578319
"160117B",-0.705929807788426,1.73,4.10299,20.95374423,-11.74958,0.697062187810827,0.973333,0.64,-6.4710833,1.83834,0.498336893524204,2.9929,16.8345269401,439.059397256258,138.0526301764,0.485895693675617,0.947377128889,0.4096,41.8749190755389,3.3794939556,0.214744065864423,0.12265,0.162075,0.093958,0.015,0.005627928835757,0.0041822719666068,0.122191721784807,"160117B",0.87,0.271841606536499
"160121A",0.079181246,1.77,3.8244,21.52730245,-11.17263073,1.079181246,0.798663,1.02,-6.214670165,2.2054,0.00626966971811252,3.1329,14.62603536,463.424750773776,124.82767742894,1.16463216171811,0.637862587569,1.0404,38.6221252597411,4.86378916,0.0862757376305275,0.0694,0.120385,0.106048,0.03,0.035597908,0.13,0.072382414,"160121A",1.96,0.471291711058939
"160203A",0.113943352,1.93,3.66139836,22.0158332,-11.36754271,1.305351369,1.146279559,0.61,-5.920818754,1.75592,0.0129830874649959,3.7249,13.4058379506107,484.696911490222,129.221027263674,1.70394219655017,1.31395682738123,0.3721,35.0560947177181,3.0832550464,0.0695758261024457,0.08458679,0.087010427,0.0601909,0.25,0.036191207,0.2,0.133629071,"160203A",3.52,0.655138434811382
"160227A",-0.22184875,0.75,4.47751,21.4198963,-10.99567863,2.500373714,1.10229,0.679,-5.508638306,1.72551,0.0492168678765625,0.5625,20.0480958001,458.811957502754,120.904948534239,6.25186870966215,1.2150432441,0.461041,30.3450959863305,2.9773847601,0.103418641469029,0.03055,0.03885,0.03434,0.001,0.028018999,0.51,0.072382414,"160227A",2.38,0.528916700277655
"160327A",0.255272505,1.84,3.76407,20.72655851,-11.22402567,1.447158031,1.49693,0.78,-5.853871964,1.93554,0.065164051808975,3.3856,14.1682229649,429.590227668453,125.978752240819,2.0942663666878,2.2407994249,0.6084,34.2678169709052,3.7463150916,0.143091047665439,0.0673,0.06033,0.1004,0.02,0.031021034,0.11,0.048254942,"160327A",4.99,0.777426822389311
"160804A",0.462397998,1.4,4.38419,21.30214687,-11.5214335,2.15896526,0.948229,0.92,-4.943095149,1.87827,0.213811908554408,1.96,19.2211219561,453.781461271051,132.743429894922,4.66113099388687,0.899138236441,0.8464,24.4341896520673,3.5278981929,0.057915224642575,0.05875,0.095375,0.070062,0.005,0.011428802,0.23,0.044927015,"160804A",0.736,0.239549720840473
"161108A",-0.22184875,1.85,4.69106,21.16074757,-11.81247928,2.021602716,0.883711,0.84,-5.958607315,2.00325,0.0492168678765625,3.4225,22.0060439236,447.777237721261,139.534666740429,4.08687754133858,0.780945131521,0.7056,35.5050011343715,4.0130105625,0.0491496346156657,0.13355,0.18179,0.0812555,0.005,0.039481317,0.17,0.072382414,"161108A",1.159,0.334252642334231
"161117A",0.832508913,1.19,4.08464,21.87736847,-10.74958,2.099335278,1.141,1.375,-4.698970004,1.92624,0.693071090224441,1.4161,16.6842839296,478.61925117215,115.5534701764,4.40720860945534,1.301881,1.890625,22.0803190984918,3.7104005376,0.00378540226960351,0.03835,0.04019,0.02365,0.674290141,0,0.12,0.019160051,"161117A",1.549,0.406369835469268
"161129A",0.531478917,1.57,3.70506,21.51361441,-10.43651891,1.550595207,2.32574,0.71,-5.443697499,1.74506,0.282469839215493,2.4649,13.7274696036,462.83560498216,108.920926958788,2.40434549597137,5.4090665476,0.5041,29.6338424606189,3.0452344036,0.0255903856698547,0.10625,0.050725,0.10628,0.005,0.012063736,0.06,0.025546734,"161129A",0.645,0.216165902285993
"161219B",0.72427587,1.29,4.0135,21.16590877,-10.13667714,0.84135947,0.871656,0.73,-5.823908741,1.86204,0.524575535864257,1.6641,16.10818225,447.995694059963,102.752223440599,0.707885757758681,0.759784182336,0.5329,33.9179130234962,3.4671929616,0.0495608716177928,0.0277,0.03841,0.008668,0,0.028952965,0.35,0.032776942,"161219B",0.1475,0.0597526942092988
"170202A",0.672097858,1.68,3.77629,21.7153121,-10.65364703,1.664641976,1.1958,1.04,-5.48148606,1.99768,0.451715530728188,2.8224,14.2603661641,471.554779600406,113.500195039828,2.77103290826118,1.42993764,1.0816,30.0466894259743,3.9907253824,0.10761765896651,0.04485,0.068655,0.059155,0,0.013160439,0.07,0.027720924,"170202A",3.645,0.666985718329661
"170405A",-0.0335186812736592,1.59,3.6300738,22.38386741,-10.31069114,2.216693599,1.81152426,0.612,-5.431798276,1.8473,0.00112350199432515,2.5281,13.1774357934464,501.03752022846,106.310351784474,4.91373051184757,3.28162014456855,0.374544,29.5044325111566,3.41251729,0.0933217274509788,0.048255345,0.035670699,0.072401387,0.0475,0.035213066,0.12,0.153952769308304,"170405A",3.51,0.65417654187796
"170519A",-0.15490196,1.94,4.1513,21.33992622,-11.06348626,2.335257256,1.37345,0.975,-5.958607315,1.97351,0.0239946172118416,3.7636,17.23329169,455.392451075043,122.400728225209,5.45342645170065,1.8863649025,0.950625,35.5050011343715,3.8947417201,0.0991498519285518,0.053,0.052235,0.066745,0.224423613,0.078962633,0.26,0.062042069,"170519A",0.818,0.259593878885949
"170531B",-0.096910013,1.95,3.80257,21.19799139,-11.39577395,2.215187969,1.02082,0.99,-5.698970004,2.06685,0.00939155061966017,3.8025,14.4595386049,449.354838970514,129.863663919499,4.90705773800235,1.0420734724,0.9801,32.4782591064918,4.2718689225,0.0233394026693868,0.08415,0.11435,0.107427,0.035,0.043429448,0.14,0.10857362,"170531B",2.366,0.527114111639805
"170705A",1.1430148,1.65,3.63746,21.08891889,-10.18641901,2.337059726,0.774169,0.66,-5.022276395,1.89159,1.30648283301904,2.7225,13.2311152516,444.742499948999,103.763132247289,5.4618481628912,0.599337640561,0.4356,25.2232601877742,3.5781127281,0.0361306862803674,0.04055,0.06603,0.027333,0.005,0.013714563,0.05,0.012497683,"170705A",2.01,0.478566495593843
"170903A",0.591064607,1.94,4.41384,21.73970839,-11.26042766,1.465382851,0.971187,1.14,-5.619788758,2.20256,0.349357369648064,3.7636,19.4819835456,472.614920882236,126.797231086093,2.14734690000489,0.943204188969,1.2996,31.5820256845432,4.8512705536,0.0534696645518069,0.04095,0.065935,0.051271,0.005,0.036191207,0.12,0.05567878,"170903A",0.886,0.27554168840131
"171205A",0,1.41,5.48376,21.4034378764218,-12.42945706,2.277379975,1.13263,0.67,-5.443697499,1.66173,0,1.9881,30.0716237376,458.107152929849,154.491402806384,5.186459550531,1.2828507169,0.4489,29.6338424606189,2.7613465929,0.0806407286915141,0.0719,0.109545,0.115455,0.01,0.036191207,0.14,0.130288345,"171205A",0.0368,0.0156949885265181
"171222A",-0.15490196,2.07,4.78231,20.02880298,-12.10957898,2.242541428,0.718496,1.34,-5.721246399,1.99001,0.0239946172118416,4.2849,22.8704889361,401.152948811657,146.641903072858,5.02899205629628,0.516236502016,1.7956,32.7326603580705,3.9601398001,0.0563106258915239,0.20975,0.378455,0.126956,0.015,0.045715209,0.17,0.124084138,"171222A",2.409,0.532627001228891
"180205A",0.531478917,2.04,3.21372,21.4933967,-10.30627305,1.190331698,1.09633,1.03,-6,1.88733,0.282469839215493,4.1616,10.3279962384,461.966101703571,106.219264181156,1.41688955126356,1.2019394689,1.0609,36,3.5620145289,0.0875106835560367,0.06455,0.088815,0.042095,0.005,0.043429448,0.13,0.038320101,"180205A",1.409,0.381836799998343
"180329B",0.146128036,0.97,4.02296,21.41988474,-11.14935376,2.322219295,1.50063,0.77,-5.48148606,1.86768,0.0213534029052173,0.9409,16.1842071616,458.811462274885,124.308089265626,5.3927024540703,2.2518903969,0.5929,30.0466894259743,3.4882285824,0.091090048181127,0.04825,0.04314,0.069665,0,0.039481317,0.56,0.124084138,"180329B",1.998,0.476831628512261
"180620B",0.556302501,1.3,4.6659,21.21643247,-10.98296666,2.29841638,1.09835,0.9,-5,1.99236,0.309472472618855,1.69,21.77062281,450.13700675407,120.625556654672,5.2827178558523,1.2063727225,0.81,25,3.9694983696,0.0599542916300528,0.0437,0.067125,0.059445,0.005,0.013028834,0.2,0.024127471,"180620B",1.1175,0.325823419002744
"180624A",0.146128036,1.91,4.171185481,21.1034582,-11.54363397,2.686993566,1.243849338,0.95,-5.236572006,2.06008,0.0213534029052173,3.6481,17.3987883169052,445.355947999147,133.255485233338,7.2199344237254,1.54716117564304,0.9025,27.4216863740229,4.2439296064,0.0343795484387942,0.088149935,0.099379055,0.123366444,0,0.022463508,0.1,0.062042069,"180624A",2.855,0.586024382386976
"180720B",1.831869774,1.36,3.62033,21.24271531,-8.847711656,3.06444019010425,1.34127,0.729,-4.065501549,1.8461,3.35574686889481,1.8496,13.1067893089,451.252953741708,78.2820015477183,9.39079367872618,1.7990052129,0.531441,16.5283028449214,3.40808521,0.00138098327707093,0.004975,0.00614,0.005375,0,0.005049936,0.03,0.016629833,"180720B",0.654,0.218535505216528
"180728A",2.120573931,1.97,3.8695,21.58733599,-9.42365865,0.938519725,1.1986,0.8595,-4.528708289,1.70111,4.49683379683679,3.8809,14.97303025,466.013075145149,88.8053423517198,0.880819274214076,1.43664196,0.73874025,20.5091987668573,2.8937752321,0.0148761559757772,0.009885,0.014745,0.0091,0.042486494,0.008803267,0.03,0.009541318,"180728A",0.117,0.0480531731156091
"181010A",0.146128036,1.52,3.15711,22.27837171,-9.928117993,1.214843848,1.07011,1.115,-6.161150909,1.76613,0.0213534029052173,2.3104,9.9673435521,496.325846048928,98.5675268829304,1.47584557502345,1.1451354121,1.243225,37.9597805234715,3.1192151769,0.0580681587793652,0.034615,0.057805,0.033375,0.007041969,0.04405886,0.15,0.062042069,"181010A",1.39,0.378397900948138
"181020A",0.886490725,1.25,4.29043,20.65703194,-10.42365865,2.376576957,2.64643,1.228,-5.091514981,1.93674,0.785865805511026,1.5625,18.4077895849,426.71296857018,108.65265965172,5.64811803254338,7.0035917449,1.507984,25.9235248017474,3.7509618276,0.0211468897196027,0.1418,0.047555,0.091985,0.029531206,0.016084981,0.06,0.016920564,"181020A",2.938,0.595275711802099
"190114A",-0.301029996,2.06,3.74534,21.6447605,-10.75202673,1.823474229,1.18375,0.86,-6.096910013,1.83214,0.09061905849176,4.2436,14.0275717156,468.49565710236,115.606078802635,3.32505826382714,1.4012640625,0.7396,37.1723117066197,3.3567369796,0.0664080102705681,0.03365,0.042215,0.04616,0,0.065144172,0.22,0.173717793,"190114A",3.3765,0.641126932803509
"190719C",0.740362689,1.64,4.88123,20.95382587,-11.257,2.268811904,1.55953,0.915,-5.292429824,1.5415,0.548136911263311,2.6896,23.8264063129,439.062818590281,126.720049,5.14750745573211,2.4321338209,0.837225,28.0098134419647,2.37622225,0.0226602223323686,0.2175,0.1943,0.21085,0.22,0.025546734,0.09,0.02368879,"190719C",2.469,0.54020429984206
"190829A",1.255272505,2.56,4.0838,22.04910001,-9.56068,1.764922985,1.03996,1.16,-5.193820026,2.0913,1.57570906180898,6.5536,16.67742244,486.162811250982,91.4066020624,3.11495314298131,1.0815168016,1.3456,26.9757664624786,4.37353569,0.0660733687520347,0.013585,0.01916,0.009675,0.075,0.047500959,0.21,0.065144172,"190829A",0.0785,0.0328201494385639
"191011A",0.255272505,1.94,3.15321333,21.65033473,-10.8132081,0.867467488,1.30602449,0.94,-6.48148606,1.81479,0.065164051808975,3.7636,9.94275430448969,468.736993921044,116.925469413906,0.75249984273703,1.70569996847976,0.8836,42.0096615459743,3.2934627441,0.0559978453284278,0.05719327,0.06597695,0.05756962,0.19,0.052641755,0.17,0.048254942,"191011A",1.722,0.434888120867316
"191221B",0.681241237,1.24,1.95518066,21.7431239,-8.11145684,1.681241237,1.15734724,1.39,-4.721246399,1.843,0.46408962298929,1.5376,3.82273141323804,472.763436930751,65.7957320671828,2.82657209698929,1.33945263393562,1.9321,22.2901675600705,3.396649,0.14476482742628,0.06184721,0.05366691,0.00551831,0.175,0.022857604,0.05,0.063334612,"191221B",1.148,0.332034277027518
"200205B",0.301029996,1.36,4.53640048,21.24271531,-11.7337376,2.660865478,1.56884903,0.516,-5.26760624,1.90881,0.09061905849176,1.8496,20.5789293149442,451.252953741708,137.680598065654,7.08020509201217,2.46128727893194,0.266256,27.7476754996869,3.6435556161,0.0051064352834946,0.10035241,0.08886983,0.19267266,0.18,0.016084981,0.22,0.043429448,"200205B",1.465,0.391816923613249
"200829A",1.994317153,0.83,2.97975,21.08966848,-8.6381,1.115277591,1.29833,0.64,-4.292429824,1.88219,3.97730090675002,0.6889,8.8789100625,444.774116596306,74.61677161,1.24384410498676,1.6856607889,0.4096,18.4249537939647,3.5426391961,0.0969169435192129,0.00955,0.00926,0.00866,0.0195,0.008515578,0.03,0.007040235,"200829A",1.25,0.352182518111362
"201104B",0.612783857,1.47,2.72159651,21.73058526,-9.38944702,0.937517892,1.19537497,0.605,-5.744727495,1.55046,0.375504055399796,2.1609,7.40708756324418,472.218335742129,88.1617153413869,0.878939797820124,1.4289213189025,0.366025,33.001893991809,2.4039262116,0.00811616012140756,0.02110237,0.02972805,0.02348264,0.175,0.024127471,0.07,0.031777645,"201104B",1.954,0.470410490975931
"210210A",0.84509804,1.53,3.72413045,21.12319546,-10.1403778,0.819543936,1.5451851,0.965,-6.008773924,1.85188,0.714190697211842,2.3409,13.8691476086172,446.189386441365,102.827261926733,0.671652263034372,2.38759699326201,0.931225,36.1053640697424,3.4294595344,0.038778433249538,0.05799791,0.08857348,0.10645081,0.15,0.035452611,0.58,0.031021034,"210210A",0.715,0.234264124378789
"210411C",0.681241237,1.6,2.93128506,21.05996459,-9.72925773,1.10720997,1.16829405,1.21,-5.920818754,1.88408,0.46408962298929,2.56,8.5924321029792,443.522108532054,94.6584559767648,1.2259139176674,1.3649109872654,1.4641,35.0560947177181,3.5497574464,0.0202577864729536,0.05048963,0.05901459,0.03209979,0.14,0.036191207,0.4,0.027143405,"210411C",2.826,0.582744965691277
"210517A",0.176091259,1.85,3.057651,21.15768338,-10.8415194,0.485721426,1.21043545,0.66,-6.823908741,1.71079,0.0310081314962051,3.4225,9.349229637801,447.647566008328,117.538542900576,0.235925303675473,1.4651539786167,0.4356,46.5657305054962,2.9268024241,0.199990220376636,0.25872455,0.32132806,0.08060357,0.22,0.086858896,0.25,0.057905931,"210517A",2.486,0.542327382773974
"210610B",1.130333768,0.98,2.89514,21.03780485,-9.19036,1.841234296,1.05139,0.78,-4.443697499,1.91684,1.27765442708108,0.9604,8.3818356196,442.589232906684,84.4627169296,3.39014373276662,1.1054209321,0.6084,19.7464474626189,3.6742755856,0.015836913202155,0.0226,0.02831,0.01291,0.029,0.012063736,0.11,0.022518973,"210610B",1.13,0.328379603438738
"210619B",2.06069784,1.41,2.91049117,21.83430305,-8.55006175,1.784617293,1.12578835,0.745,-4.022276395,1.92306,4.24647558778067,1.9881,8.47095885064797,476.736789679239,73.103555928813,3.18485888247465,1.26739940899572,0.555025,16.1787073977742,3.6981597636,0.00197833385726092,0.01027813,0.01099582,0.00437126,0.07,0.004571521,0.02,0.008308242,"210619B",1.937,0.4679039465228
"210722A",0.342422681,1.62,3.6504,20.54058972,-10.3507,1.700703717,1.43908,0.81,-5.602059991,1.83712,0.117253292463228,2.6244,13.32542016,421.91582604537,107.13699049,2.89239313301762,2.0709512464,0.6561,31.3830761427629,3.3750098944,0.0911698774157967,0.0364819,0.0395981,0.048071,0.09,0.034743559,0.14,0.098703291,"210722A",1.145,0.331427296520743
"210822A",1.442479769,1.3,2.4985,21.53322281,-8.20842,2.257198426,1.267456,0.77,-4.698970004,1.70788,2.08074788397429,1.69,6.24250225,463.679684585104,67.3781588964,5.09494473433688,1.606444711936,0.5929,22.0803190984918,2.9168540944,0.102616483810065,0.017735,0.01621,0.008455,0.026,0.00868589,0.4,0.010974951,"210822A",1.736,0.437116093048079
"211024B",-0.045757491,1.63,3.43921565,20.98677173,-8.56429146,2.780677274,1.92622006,1.07,-5.167491087,2.08,0.00209374798261508,2.6569,11.8282042872049,440.444587647127,73.3470882118289,7.73216610214007,3.7103237195464,1.1449,26.7029641342244,4.3264,0.014863865494915,0.01916437,0.01167528,0.00965772,0.055,0.019160051,0.09,0.096509885,"211024B",1.1137,0.325043347403704
"220101A",0.86332286,1.13,3.04134881,21.90370028,-8.69262974,2.238948898,1.20052929,0.491,-4.602059991,1.62241,0.74532636059858,1.2769,9.24980258408842,479.772085956072,75.5618117967325,5.01289216785541,1.4412705761479,0.241081,21.1789561607629,2.6322142081,0.0313174061753508,0.01431841,0.02317526,0.01255481,0.016,0,0.13,0.017847718,"220101A",4.618,0.749581734865559
"220117A",0.278753601,1.84,3.43803362,21.99532933,-10.1070569,1.697316542,1.68612083,1.2,-5.795880017,1.78537,0.0777035700704672,3.3856,11.8200751722503,483.794512335158,102.152599179838,2.88088344374684,2.84300345335989,1.44,33.5922251714599,3.1875460369,0.0299157959274313,0.05084186,0.04500955,0.06200239,0.55,0.05428681,0.18,0.091430417,"220117A",4.961,0.775319121829478
"220521A",0.672097858,1.97,3.30131796,21.85427081,-10.6276115,1.131939295,1.71067512,1.1,-6.091514981,2.02179,0.451715530728188,3.8809,10.8987002730186,477.609152636818,112.946126194932,1.2812865675651,2.92640936618701,1.21,37.1065547637474,4.0876348041,0.0862659941342183,0.16334814,0.13206168,0.12291833,0.4,0.042893282,0.18,0.036961232,"220521A",5.57,0.817565369559781
"230116D",-0.22184875,1.38,3.79761,21.326069648751,-11.1278,1.612783857,1.57289,0.84,-6.090443971,1.76412,0.0492168678765625,1.9044,14.4218417121,454.801246663379,123.82793284,2.6010717693998,2.4739829521,0.7056,37.0935077638903,3.1121193744,0.118428290656009,0.1014,0.13824,0.23491,0.22,0.064181451,0.22,0.144764827,"230116D",3.81,0.682145076373832
"230325A",0.51851394,1.82,3.7823081,22.22918251,-10.9066853,1.580354661,0.931411844,1.025,-5.886056648,2.0855,0.268856705974324,3.3124,14.3058545633256,494.13655506289,118.955784233236,2.49752085454443,0.86752802314348,1.050625,34.645662863465,4.34931025,0.131947893505177,0.1875455,0.20042492,0.05714513,0.18,0.066814536,0.18,0.052641755,"230325A",1.664,0.425534220498263
"230328B",0.924279286,1.22,3.66388,21.14580437,-10.1038,1.283979284,1.20938,0.865,-5.366531544,1.89331,0.85429219852867,1.4884,13.4240166544,447.145042454311,102.08677444,1.64860280174115,1.4625999844,0.748225,28.799660812747,3.5846227561,0.0861743625270527,0.0267,0.03231,0.02421,0.84,0.020199743,0.29,0.025850862,"230328B",0.09,0.0374264979406237
"230506C",0.380211242,1.89,4.25859,20.96124782,-11.4531,1.491361694,1.14181,1.11,-5.769551079,2.08995,0.144560588543183,3.5721,18.1355887881,439.373910171455,131.17349961,2.22415970233055,1.3037300761,1.2321,33.2877196531901,4.3678910025,0.0886038540296678,0.1023,0.11841,0.11299,0.29,0.051093469,0.17,0.090478017,"230506C",3.7,0.672097857935718
"230818A",0.826074803,1.36,3.9564,21.31377445,-11.0883,0.992111488,1.39195,1.02,-5.721246399,2.00403,0.682399580151489,1.8496,15.65310096,454.276981305473,122.95039689,0.984285204621574,1.9375248025,1.0404,32.7326603580705,4.0161362409,0.0552798328138297,0.2044,0.12794,0.19715,0.29,0.022857604,0.1,0.032410036,"230818A",2.42,0.534026106056135
"231210B",0.591064607,1.08,3.24045,21.82763844,-10.048,0.873320602,1.60174,0.84,-5.853871964,1.66432281,0.349357369648064,1.1664,10.5005162025,476.445799867366,100.962304,0.762688873877642,2.5655710276,0.7056,34.2678169709052,2.7699704158863,0.037615599688349,0.05243,0.04808,0.060675,0.362,0.062042069,0.19,0.077950292,"231210B",3.13,0.615950051656401
"100219A",0.0884533912046695,1.52373197304516,3.5550745491874,20.703795845817,-10.9334393435974,1.274157849,1.53357463379648,0.942114320896965,-5.84643428338281,1.95908708668956,0.00782400241560631,2.32175912568009,12.63855505028,428.647162425269,119.540095880123,1.62347822416831,2.35185115742401,0.88757939363915,34.1807938299139,3.83802221323379,0.119457709009036,0.822151956287133,0.641482520744618,0.293124676071266,0.208586164642881,0.445882084223771,0.477620748424024,0.535871851341907,"100219A",4.67,0.753583058892907
"100316D",0.613281250841921,1.70212711494756,4.66846146620404,21.1539620233015,-10.8579131682838,2.717570654,1.75355963791299,0.926569920416175,-5.59648840941386,1.9700661700536,0.376113892634231,2.89723671543972,21.794532461432,447.49010928328,117.89427836999,7.38519025948199,3.07497140371754,0.858531817420036,31.3206825167037,3.88116071438966,0.00430329755216147,0.818778561102085,0.646027282674018,0.29804023577143,0.188997090716444,0.695844273245061,0.41772837297864,0.600454218129993,"100316D",0.06,0.0253058652647703
"100508A",0.643360494886182,1.70339278910773,3.8328814755778,21.3304087032386,-10.8612914243937,1.716003344,1.16053591955701,0.869609100140076,-5.66315848221218,1.97033497023426,0.413912726380193,2.90154699398421,14.6909804058275,454.986335447196,117.967651405608,2.94466747661918,1.34684362058204,0.756219987046432,32.0713639946517,3.88221989492805,0.043188556271497,0.796620830265322,0.607234309860418,0.308882747368254,0.212233474672427,0.649407422483043,0.451355682181833,0.549206954383046,"100508A",0.5201,0.181872159010334
"101225A",0.467955307204183,1.72228586916859,4.30533837026906,21.2022894780226,-11.4453444190571,3.036628895,1.06841621588844,0.884844013925587,-5.78061094188619,1.97277646934908,0.218982169540562,2.96626861513782,18.535938482511,449.537079109869,130.995908870841,9.22111504594892,1.14151321037337,0.782948928979945,33.4154628614544,3.89184699801742,0.00206415894290363,0.82410854545242,0.662357828439583,0.285695253257142,0.200375461263254,0.642970528908618,0.461344796960508,0.562008410677793,"101225A",0.33,0.123851640967086
"110205A",0.368915656635111,1.61846555733519,4.12447667765623,20.9541483243566,-10.9414959935364,2.409933123,1.66548696307048,0.895777934730225,-5.62544481037038,2.00306016106475,0.136098761710515,2.6194307602803,17.0113078645302,439.076331999136,119.716334576574,5.80777765733253,2.77384682415774,0.802418108349547,31.645629314523,4.01225000884476,0.00873854058256627,0.754318547138539,0.581541943084264,0.29068528294933,0.207689479656747,0.565043779823174,0.362193577071097,0.421723034084785,"110205A",2.21,0.506505032404872
"110801A",0.527872222201671,1.58616702626048,3.79945122167876,21.2842349737763,-10.4137429727986,2.58546073,1.50053150005181,0.936567812898905,-5.55138225687455,1.99816381220128,0.278649082972131,2.51592583519601,14.4358295859162,453.018658418924,108.446042703512,6.68460718637213,2.25159478264773,0.877159268158238,30.8178449619415,3.99265862039076,0.00583325954666165,0.798224989661218,0.594043641633318,0.282593371513314,0.206518476204361,0.610718106233286,0.35386903917164,0.461568954685252,"110801A",1.858,0.456062224454951
"111107A",0.31674666577634,1.59588930386769,3.51009002092789,20.768572347783,-10.7456500455475,1.424881637,1.08283531471763,0.915132186757025,-5.69693780045168,2.00434916708965,0.100328450280428,2.5468626701993,12.3207319550176,431.333597365098,115.468994901374,2.0302876794598,1.17253231879963,0.837466919238694,32.4551003022152,4.01741558361298,0.0844287566202461,0.795220945221138,0.61484531367953,0.280521103009922,0.195759763064699,0.504576575447026,0.402926958008799,0.39536949326622,"111107A",2.893,0.590284403718162
"011211A",0.349091371451929,1.63386852905683,4.230517003406,20.9011915573426,-11.1556017679022,2.431363764,1.70514534884549,0.872784899366723,-5.64052398596779,2.00313960827446,0.121864785622189,2.66952637024233,17.8972741161073,436.859808516728,124.447450804023,5.91152975289225,2.90752066068939,0.761753480562581,31.815510836278,4.01256829023794,0.00831779603269816,0.809873988821759,0.603392395305161,0.273896198207744,0.186034126725646,0.56914553331086,0.366052312488613,0.414594225125672,"011211A",2.14,0.496929648073215
"120119A",0.329366633257999,1.56802795481639,3.60478989503004,20.8517617212846,-10.5100924659545,2.404491618,1.45932907066163,0.924798509238243,-5.63550988817828,1.98806557624637,0.108482379103709,2.45871166708568,12.9945101873107,434.795966881231,110.462043642913,5.78157994103226,2.12964133647815,0.855252282689276,31.7589716997552,3.95240473545583,0.00884871917556533,0.782521865319912,0.609775585931412,0.288597001845839,0.212987778020553,0.498521337045241,0.390650480681836,0.426439656658119,"120119A",3.1,0.612783856719735
"120711A",0.510958861591914,1.66639017615401,3.94868708395473,21.256546245615,-10.9060212482064,2.06069784,1.26456792636399,0.883697489430178,-5.64508086480213,2.0069608204413,0.261078958239305,2.77685621918259,15.5921296869909,451.840758291971,118.941299466329,4.24647558778067,1.59913204038852,0.780921252825199,31.8669379701551,4.02789173478643,0.0195287385203038,0.817157200618843,0.598893967856559,0.291497156350018,0.19229195781084,0.620372498474373,0.376586094733006,0.486197548772502,"120711A",1.405,0.381115080709851
"120815A",0.413601649418242,1.59646518918724,3.49974291621967,20.8868882950779,-10.6405737471681,0.986771734,1.05434694614828,0.905105920688666,-5.67916155460068,2.00926152897916,0.17106632440149,2.54870110028665,12.2482004796298,436.26210265106,113.221809668923,0.973718455021367,1.11164748285221,0.819216727665678,32.2528759632544,4.03713189183569,0.231526281379706,0.803771857728396,0.61759060465579,0.262851365024431,0.194151734967599,0.564246371492783,0.365482783224698,0.43195721889992,"120815A",2.36,0.526339277389844
"121217A",0.298051409188249,1.58417810825714,3.62635592511988,20.8132431510866,-10.6318676827102,2.890979597,1.11033568408378,0.909985911496193,-5.67459577946187,1.99933997708839,0.088834642519101,2.50962027868118,13.1504572956521,433.191090466251,113.036610422657,8.35776303027028,1.2328453313498,0.828074359121557,32.2010372602864,3.99736034398381,0.00288663872487537,0.772543233003998,0.608955613987584,0.284653402473555,0.197166543651574,0.483001297594258,0.41628207518585,0.396930549611855,"121217A",3.1,0.612783856719735
"130215A",0.510213442197974,1.69509222332513,4.47566872912981,21.2001092300719,-11.228179355626,1.81756537,1.75651920397818,0.917729069050746,-5.65038128164228,1.98674081025079,0.260317756599506,2.87333764557733,20.0316105729104,449.44463136698,126.072011642106,3.30354387422324,3.08535971394416,0.842226644180749,31.9268086279335,3.94713904711598,0.0341827233748845,0.80102769884649,0.604706718140506,0.377133530081475,0.195427526178432,0.659275049212112,0.400932616561878,0.537826934660449,"130215A",0.6,0.204119982655925
"130427A",0.821456613072229,1.67492437165787,3.95079661430382,21.33906917421,-10.1973351685941,2.211734423,1.35409362082739,0.901404152249152,-5.48178410690851,1.94698421526522,0.674790967160097,2.8053716507735,15.6087938875945,455.355873221719,103.985644540645,4.89176915788314,1.83356953396542,0.812529445692012,30.0499569947548,3.79074753449191,0.0137923289772479,0.823208209661506,0.615892584134049,0.285559024763179,0.196880473119962,0.681704135066746,0.437779442135477,0.587448456199911,"130427A",0.34,0.127104798364808
"130702A",0.747175890513964,1.69279369078273,4.20648598495872,21.299115730411,-10.545824962906,1.770852012,1.38251632363694,0.874664368986522,-5.56618712239882,1.9491699063342,0.558271811365336,2.8655504795538,17.6945243416541,453.652330897443,111.214424148252,3.13591684840445,1.91135138512261,0.765037758374591,30.9824390815585,3.79926332375887,0.0380644902738276,0.811304404698888,0.590056585799739,0.270710259946931,0.202565480789461,0.684721595577172,0.445925150822973,0.595896847543956,"130702A",0.15,0.0606978403536116
"140801A",0.528367603388605,1.67611246133429,3.87093375875993,21.272665995504,-10.8898438335152,0.84509804,1.16276287374139,0.899465591105711,-5.65927259764285,2.00746194293325,0.279172324310618,2.80935298304011,14.9841281647073,452.526318556273,118.58869871835,0.714190697211842,1.35201750055134,0.809038349583146,32.0273663344313,4.02990345232535,0.320829275440011,0.777590705099899,0.596124798452059,0.268427202917427,0.197079706400395,0.618962217847874,0.384261319350802,0.491354993311892,"140801A",1.32,0.3654879848909
"140907A",0.58306398128779,1.67035500459788,3.86888301641837,21.3288546034592,-10.6675502245585,1.898725182,1.19695792520182,0.932791245404936,-5.61720042968185,1.99865300303057,0.339963606275168,2.79008584138519,14.9682557947305,454.920038695503,113.796627793479,3.60515731676093,1.43270827470344,0.870099507504091,31.552940667218,3.9946138265231,0.0283561228015601,0.779614455981657,0.626351214038264,0.282820408006585,0.196499674101842,0.629432105276728,0.388432259383194,0.503413464285011,"140907A",1.21,0.344392273685111
"141221A",0.667424320269346,1.57637685018667,3.40655032988471,21.4051799859821,-10.2134759676048,1.567026366,1.33687036320959,0.864392906044507,-5.54713334894517,1.9756869828129,0.445455223286999,2.48496397380445,11.6045851500376,458.181730232288,104.31509134084,2.45557163173917,1.78722236802814,0.747175096020068,30.7706883909796,3.90333905405633,0.0608619221904846,0.801513827503022,0.613619986977102,0.266627710054679,0.213030184448872,0.667034802257394,0.374790513300079,0.50503143041975,"141221A",1.45,0.389166084364532
"150323A",0.607898046554594,1.71816257930612,3.67492827464631,21.3354713145742,-10.9739260261202,2.174931594,1.00440913019217,0.940599166789692,-5.70013169296502,1.98449557734369,0.369540035004891,2.95208264892787,13.5050978237949,455.20233621502,120.427052426758,4.73032743857938,1.00883770081339,0.884726792565462,32.4915013171442,3.93822269649665,0.0150120650104803,0.760236915615354,0.603148404528635,0.269392927913526,0.204600138765944,0.619648336975581,0.463530127274176,0.526171856599617,"150323A",0.593,0.202215775801131
"150910A",0.705619126973964,1.57184629265325,3.42956686333961,21.4294163671459,-10.0519667160358,2.049992857,1.35641845691502,0.884878966906934,-5.51130397065125,1.96964660377156,0.497898352351499,2.47070076772777,11.7619288701171,459.2198858365,101.042034860292,4.20247071375102,1.83987103025973,0.783010786074283,30.3744714569163,3.87950774374886,0.0200160866986934,0.788330575104645,0.615730247334606,0.275473546181531,0.197619933030904,0.674235159019487,0.377809386260925,0.52025781964587,"150910A",1.3585,0.372635880581721
"160131A",0.733384060620997,1.63471411174091,3.75232338430684,21.3981322901613,-10.1331485075194,2.511883361,1.36119162004146,0.920889072829207,-5.49861066699367,1.96632857388174,0.537852180372942,2.67229022712488,14.0799307804159,457.880065507245,102.680698675442,6.30955801926866,1.85284262647109,0.848036684456237,30.2347192671766,3.8664480604638,0.00691016900891419,0.822297024770114,0.620714482357302,0.267906116331233,0.205718973695338,0.66801287978669,0.394796889012153,0.54542624780981,"160131A",0.972,0.294906910605192
"160314A",0.669036369211091,1.69586142797927,3.37291088267816,21.3633456623415,-10.7213559479983,0.941014244,1.03871216515792,0.924658119768825,-5.66998392102219,1.97749980011624,0.44760966332716,2.87594598290789,11.3765278224888,456.392537888686,114.947473363679,0.885507807410892,1.07892296204705,0.854992638454419,32.1487176646502,3.91050545945979,0.257251423423117,0.755460895452024,0.650017060181139,0.287405364383067,0.190095211680571,0.637508449512457,0.459444469718122,0.514761070688311,"160314A",0.726,0.237040791379191
"160425A",0.67558641112587,1.70012745540431,3.66402376624325,21.3526080040604,-10.6884625623508,2.483701382,1.18190609882058,0.975065476344945,-5.63532814638055,1.9756720279393,0.456416998897934,2.89043336461952,13.4250701595954,455.933868575064,114.243231946775,6.16877255494871,1.39690202642928,0.950752683159794,31.7569233173888,3.90327996198179,0.00737344845282604,0.772881918763161,0.610379423568307,0.27999309900213,0.207812103652522,0.639852678608859,0.451831763702174,0.537885722694878,"160425A",0.555,0.191730393362856
"161014A",0.310325633914823,1.60052965228043,3.76286926224575,20.7941041921469,-10.8243351164,1.26245109,1.3889077727368,0.915640869741086,-5.67016446302269,2.00096687274813,0.0963019990646366,2.56169516782891,14.1591850847539,432.394769153861,117.166230712129,1.59378275464219,1.9290648011687,0.838398202340213,32.1507650377254,4.00386842583542,0.1227215806892,0.763636781037765,0.620420617975041,0.280769237615468,0.195230833000052,0.506561947927384,0.378347318648081,0.404927201966979,"161014A",2.823,0.582404298019028
"161023A",0.360913981023332,1.58105970615709,3.98560092947136,20.9344729011734,-10.4650002988299,1.643452676,1.39183974218314,0.892301882712798,-5.61569700804651,1.99427265731887,0.13025890169811,2.49974979443356,15.885014769003,438.252155649962,109.516231254511,2.70093669825156,1.93721786792044,0.796202649892804,31.5360528861825,3.97712343172966,0.0510410211481933,0.777410589726627,0.638631321064819,0.272088363879232,0.191308852484248,0.517749902697498,0.366070926479824,0.426801879637747,"161023A",2.71,0.569373909615046
"170113A",0.449744573343472,1.61524094545122,3.76680133950169,21.082292277615,-10.7421911628546,1.315130317,1.25498217765659,0.914479273982707,-5.64459837815013,2.01234197332151,0.202270181251902,2.60900331186215,14.1887923312717,444.463047678783,115.394670979311,1.72956775069252,1.57498026623569,0.836272342543939,31.8614908506151,4.04952021759152,0.108703045932032,0.73466578885982,0.616179213557235,0.257728222149647,0.18946727365802,0.590529922545381,0.360075392190848,0.449827110509782,"170113A",1.968,0.472463896606989
"170607A",0.736342346306901,1.68781703733457,3.8826082802534,21.3526090883191,-10.4119099297195,1.361727836,1.21254328168375,0.919467460899354,-5.55249417127383,1.96332399882687,0.542200050964752,2.84872635151683,15.0746470578923,455.933914878567,108.407868384593,1.85430269933724,1.47026120995639,0.845420411652706,30.8301915220299,3.85464112436954,0.0976436925259709,0.785961061671918,0.610410681958188,0.279276240543408,0.208943722217232,0.661712864528468,0.437841361750997,0.560388360276882,"170607A",0.557,0.19228861256812
"170714A",0.561936083615879,1.68441239723741,3.94551730645095,21.3243598498152,-11.0700247039308,3,1.62604458387889,0.933612092093398,-5.66583769960046,1.9873878147733,0.315772162069552,2.83724512396709,15.567106815504,454.728323004411,122.545446945637,9,2.64402098876186,0.871631538503012,32.1017168382138,3.9497103263094,0.00224580492800636,0.827352875630253,0.595679855487994,0.394054489333476,0.194010229417449,0.633268412676175,0.39931119676544,0.5150483919793,"170714A",0.793,0.253580289562183
"180115A",0.456923585823926,1.56286635218916,3.48681361736081,21.0340582831222,-10.336360564531,1.611723308,1.20963652693163,0.923859333156446,-5.61693042216101,1.99850800971652,0.208779163282195,2.44255123480505,12.1578692022128,442.431607857782,106.840349719991,2.59765202155046,1.46322052728722,0.853516067460273,31.5499073673979,3.9940342649011,0.0549096559424039,0.764380199711754,0.623203238679162,0.269951350521256,0.203752609182255,0.565847209140355,0.362895185664925,0.440543403737533,"180115A",2.487,0.542451947375977
"180325A",0.403104320795915,1.60178049085637,3.75219624032856,20.9909897887764,-10.7837875026657,1.973589623,1.42522451873374,0.930163512524357,-5.64556813821858,2.0088345907102,0.162493093444336,2.56570074088807,14.0789766259358,440.621652312515,116.290072902648,3.89505600001328,2.03126492879982,0.865204160031649,31.8724396032688,4.03541641283382,0.0238661522870964,0.812245962412652,0.600863285955832,0.283581660015697,0.211017473918601,0.568959249542323,0.361890584377973,0.430609603684688,"180325A",2.248,0.511616020569138
"181201A",0.767489967440403,1.68504482679516,4.07213208802757,21.3376828127625,-10.3393308594863,1.283301229,1.30637263791841,0.880600729829293,-5.51688353762112,1.95390671718252,0.589040850121672,2.83937606830913,16.5822597423438,455.296707818062,106.901762621927,1.64686204435291,1.70660946910191,0.775457645375884,30.4360039676749,3.81775145945096,0.116969006587154,0.790195011305888,0.593146075195411,0.282124910737301,0.204768947327362,0.676104343250108,0.432260615683245,0.580361451972294,"181201A",0.45,0.161368002234975
"200613A",0.523661697665974,1.69188620304673,4.2748501791616,21.2823206964156,-10.800895630958,2.580924976,1.17249219086114,0.921245242046176,-5.62125275227809,2.00624379146925,0.27422157360241,2.86247892405987,18.274344054278,452.937174225081,116.659346430848,6.6611737317406,1.37473793763036,0.848692795992717,31.598482504994,4.0250141508089,0.00589450111897357,0.796061372728431,0.635956958001147,0.284198757018858,0.201447598680721,0.62336097449346,0.386419289651895,0.51009005700634,"200613A",1.2255,0.347427598618541
"201014A",0.0868701503008709,1.55312136950417,4.12551519286497,20.6923891831252,-11.2208770880878,1.558708571,1.25332021979061,0.909959737529345,-5.78516166296109,1.97902668860957,0.00754642301329591,2.41218598841052,17.0198756065597,428.174970105917,125.908082625974,2.42957240930886,1.57081157333598,0.828026723924475,33.4680954665947,3.91654663422894,0.0620388100992343,0.867820460197347,0.597736241555835,0.290538120150241,0.195118585776804,0.456729728011642,0.442185326595168,0.531482248468761,"201014A",4.56,0.745074791582057
"201015A",0.63143240519701,1.71969395065999,3.86290782658855,21.326069648751,-10.8744534301265,0.990338855,0.97710747153225,0.931358189666251,-5.67106761946013,1.97551030355901,0.398706882332882,2.95734728393657,14.9220568767191,454.801246663379,118.25373740399,0.980771047722711,0.954739010924148,0.867428077458397,32.1610079444892,3.90264095946783,0.229632405614316,0.782303351908868,0.594100997396298,0.281264883908167,0.20598682969823,0.628984014073204,0.470267095938464,0.546982717970825,"201015A",0.426,0.154119525515847
"201020A",0.334420998713079,1.58935627348264,3.74523813589335,20.846366917105,-10.4939558343666,1.15136985,1.0801678478918,0.928397219905648,-5.65622070945534,2.004098690673,0.111837404380253,2.52605336405862,14.0268086945499,434.571013642569,110.123109053636,1.32565253148902,1.1667625796192,0.861921397928535,31.9928327140715,4.01641156195724,0.15849011498137,0.836007515371256,0.58473935372231,0.271068695646534,0.204181258398446,0.496147204482678,0.392054020858743,0.405594321607571,"201020A",2.903,0.591398551281249
"201021C",0.7332939407744,1.61469275028099,3.39860279969865,21.4047315884907,-10.1703163878534,1.387033701,1.23328174600482,0.892993537035123,-5.54354974737556,1.96628045660002,0.537720003576449,2.60723267781,11.5505009901195,458.162534375333,103.43533542904,1.92386248770976,1.5209838650287,0.797437457186499,30.7309438016276,3.86625883400717,0.0921166911183962,0.800870781276215,0.625636889312602,0.283176699822988,0.198882689246876,0.675322486356784,0.405989798337828,0.530029301532871,"201021C",1.07,0.315970345456918
"020124A",0.253232190112784,1.58801180168257,3.94319258244172,20.7024539106383,-10.8083317784885,1.661907293,1.66736924582972,0.94988322427092,-5.64766270913284,1.99684059234898,0.0641265421093172,2.52178148228314,15.5487677422234,428.591597922104,116.820035833885,2.76193585052659,2.78012020193876,0.902278139751318,31.8960940761297,3.98737235125262,0.0489175544934962,0.827047190487285,0.592048087087502,0.274868399287968,0.205480516542842,0.472711160962218,0.370393886095615,0.421896862328984,"020124A",3.198,0.623042434246382
"021004A",0.32676656816799,1.62832202044934,4.32702575418751,20.8610073754922,-10.856477514141,2,1.3506804889308,0.896534889857964,-5.65767348890221,2.00845126154735,0.106776390072285,2.65143260228021,18.723151877402,435.181628720342,117.86310401505,4,1.82433778317835,0.803774808732632,32.0092693070269,4.03387647001113,0.0224580492800636,0.773255876815631,0.621071583214842,0.272050608772837,0.204755347330682,0.543014164069494,0.36728193501402,0.423720100987471,"021004A",2.34,0.523746466811564
"210204A",0.665425392266446,1.6798450776999,3.99163391245165,21.357025759347,-10.5010192525423,2.301029996,1.25751522589486,0.903338857950866,-5.56714386202291,1.97749804046837,0.442790952672954,2.8218794850726,15.933141291034,456.122549285412,110.271405342264,5.29473904249176,1.58134454335739,0.816021092283976,30.9930907804593,3.91049850005626,0.0112290246313437,0.774439121700677,0.622892435985763,0.265486834299161,0.20016320343651,0.652136403230798,0.407311357273398,0.541629686042311,"210204A",0.876,0.273232834043046
"030226A",0.413053180792133,1.62049636833117,4.14553232498341,21.0696322178497,-10.9084487632826,1.344195716,1.74785148911539,0.881417829667745,-5.5912560154563,1.99968610495457,0.170612930162499,2.6260084797745,17.1854382574823,443.929401795451,118.994254421162,1.80686212291275,3.05498482800288,0.776897390456198,31.2621438303762,3.99874451834838,0.101666135235017,0.796726187310422,0.57640877385438,0.286535165213746,0.203072034957873,0.584002446352964,0.357937083678342,0.427524468370814,"030226A",1.99,0.47567118832443
"030329A",0.779022324869901,1.69368395449546,4.3699983980086,21.2956142411286,-10.3864851345367,1.798650645,1.45313390700951,0.870977015678142,-5.5147814065878,1.94478215273803,0.606875782645705,2.86856533771539,19.0968859985977,453.503185906957,107.879073449952,3.23514414275892,2.11159815170073,0.758600961839602,30.4128139624465,3.78217762160836,0.0357043709111115,0.806815745268984,0.616913898019911,0.281048951948844,0.200747345347066,0.690515240699292,0.43420990560648,0.605544702275439,"030329A",0.17,0.0681858617461616
"050502B",0.183258063641127,1.53376382508754,3.63036368965925,20.5755740681783,-10.7626910741881,1.243038049,1.37475540759348,0.917993764257099,-5.69681810766193,1.98112657276426,0.0335835178894955,2.35243147114717,13.1795405191964,423.354248235092,115.835519158408,1.54514359126173,1.88995243070752,0.842712551214919,32.4537365517848,3.92486249731265,0.128331710079093,0.783015873026614,0.577971324520002,0.285255518020958,0.210846063042181,0.459738602647166,0.457522716951162,0.466063539554269,"050502B",3.793,0.680607428991788
"050502A",0.181996738143324,1.53819713430402,3.709817945101,20.5438155089447,-10.7362101463867,1.301029996,1.41991981222155,0.911423283849173,-5.68680596718435,1.9791050864527,0.0331228126948097,2.36605042398108,13.7627491857934,422.048355665555,115.266208307376,1.69267905049176,2.01617227313927,0.83069240234241,32.3397621084035,3.91685694322294,0.112290246313437,0.770241993309833,0.606444429320719,0.270902966661056,0.196238337183941,0.457655426318381,0.439925512802932,0.468699079643222,"050502A",3.79,0.680335513414563
"050525A",0.755404814990527,1.66532348407059,3.5661995948462,21.3642617939663,-10.3844677348636,0.944482672,1.24726817349991,0.887527848075075,-5.56234377305574,1.9593076687711,0.570636434510872,2.77330230659701,12.7177795502812,456.431682001126,107.837170136423,0.89204751770826,1.55567789662581,0.787705681108773,30.939668249652,3.83888654090523,0.255205105543512,0.787492769458897,0.60042962486481,0.27276692392261,0.196065926987861,0.671049857454041,0.440490277671023,0.55112303332011,"050525A",0.61,0.20682587603185
"050603A",0.353149743776271,1.57409427412373,3.95572119646738,20.9103640936141,-10.4820759778086,1.322219295,1.63424587879425,0.90833347764695,-5.60157453699321,1.9898859444951,0.124714741529246,2.47777278382912,15.6477301841813,437.243326527506,109.873916804552,1.7482638640703,2.67075959235598,0.825069706614203,31.3776372934907,3.95964607209916,0.106943091744305,0.781305482286903,0.578619876650054,0.289815312423011,0.201801983276413,0.511945180944106,0.360948417845231,0.432211586659475,"050603A",2.82,0.582063362911709
"050801A",0.660944282681008,1.56289720829521,3.3569897613723,21.406567914028,-10.121843348776,1.28780173,1.31019462141209,0.91781272340908,-5.54055893245873,1.97964398937133,0.436847344808713,2.44264768369697,11.2693802579584,458.241149857892,102.45171277716,1.65843329579099,1.71660994597716,0.842380195251593,30.6977932840483,3.91899032465402,0.115763140600286,0.769065603510117,0.613550566909707,0.275011453778411,0.20181650093352,0.658223346915433,0.371263595247902,0.496056461788511,"050801A",1.56,0.40823996531185
"050904A",0.427404873403226,1.62023358695216,4.34819637148309,21.6641783441578,-11.4141427314807,2.259044094,1.86582572424239,0.926554085547202,-5.90932893404897,1.96297922595096,0.182674925808828,2.62515687628787,18.9068116849787,469.336623327475,130.282654294613,5.10328021863628,3.48130563324462,0.858502473444211,34.9201684507884,3.85328744151504,0.0123688105183115,0.878640498443869,0.616789116525615,0.291521574494943,0.210993899275735,0.288912363625158,0.446476691713173,0.304572949426867,"050904A",6.295,0.86302529622947
"050908A",0.257584955400428,1.57422442771089,3.52620642563177,20.7921627180783,-10.7987875402066,1.239799818,1.12886369581263,0.988397344695032,-5.70079014935753,2.0097003233924,0.0663500092486404,2.47818254880167,12.4341317561668,432.314030495045,116.613812338521,1.53710358871283,1.27433324372375,0.97692931100019,32.4990083270118,4.0388953898435,0.129292166397143,0.793120118461833,0.648863903961896,0.279105249806342,0.220475336596593,0.464979842591246,0.456244859831429,0.390591074246941,"050908A",3.34,0.637489729512511
"051028A",0.20160328158057,1.56480394131119,3.78929851504016,20.6893776933104,-10.9208140571457,1.204119983,1.22617340379997,0.934325012549839,-5.69307205253842,1.9975551181035,0.0406438831440547,2.44861137474303,14.3587832360856,428.050349336451,119.264179670751,1.44990493345992,1.5035012161864,0.872963229076256,32.411069395394,3.99022644986149,0.140362807889193,0.767005469333688,0.668055659117682,0.292946021139731,0.203493319236535,0.445864146450351,0.446869643951609,0.417706160963145,"051028A",3.6,0.662757831681574
"051111A",0.689960908729986,1.55441716459714,3.36870224701627,21.4144902204782,-9.99915091150366,1.776555911,1.23032638259351,0.896712722568867,-5.51941454812139,1.97487809384127,0.476046055575507,2.41621272159422,11.3481548290525,458.580391402958,99.9830189510245,3.15615090490904,1.51370300770562,0.804093706816869,30.4639369540141,3.90014348553412,0.0375678308208745,0.84167006435997,0.592177227843515,0.274979853078917,0.201523011414935,0.666405300365731,0.371516938334707,0.505643144373603,"051111A",1.55,0.406540180433955
"060512A",0.704019369374164,1.69808559707586,3.64897866076983,21.3445219371544,-10.6758325451871,0.92890769,1.10954659990307,0.892770570057967,-5.63015987468755,1.96483917792309,0.495643272453996,2.88349469499646,13.3150452667535,455.588616725667,113.973400532876,0.862869496541136,1.23109365735647,0.797039290761628,31.6987002145417,3.86059299510147,0.264523548794802,0.793423562686926,0.610439681840417,0.288936716080171,0.208274777232724,0.652510557925915,0.466458582968065,0.547599103617797,"060512A",0.44,0.15836249209525
"060607A",0.341180989372089,1.5659745031947,3.62054379973058,20.8899041039207,-10.4188106089101,2.009450896,1.33679614564696,0.904692753092901,-5.63221737825573,1.98791248626412,0.116404467508918,2.45227614465588,13.1083374057675,436.388093471003,108.551614504338,4.0378929034352,1.78702393501657,0.818468977498812,31.7218725959259,3.95179605304481,0.0219746078959429,0.804928981322599,0.600366002881621,0.277395610771954,0.204116646546746,0.49941600254195,0.393398553107418,0.423039206387259,"060607A",3.07,0.60959440922522
"060904B",0.68299509565356,1.68081985667635,3.7590325669501,21.358919688821,-10.5883534453498,2.234264124,1.30953280753281,0.925945240139644,-5.5992213582106,1.97257400944858,0.466482300686815,2.82515539059752,14.1303258393915,456.203450273506,112.113228683651,4.99193617579349,1.71487617400476,0.857374587737264,31.3512798182418,3.89104822275205,0.0130950724779308,0.775256271187084,0.60612567257617,0.282871268195849,0.196814314741617,0.653143698394433,0.425688661347906,0.5414924191185,"060904B",0.7,0.230448921378274
"061007A",0.819830475677497,1.46937663638548,3.13344227804525,21.5037205985128,-9.06316736281652,1.876852648,1.57334794819469,0.943646757745928,-5.33038599785052,1.94737814287173,0.672122008849591,2.1590676995555,9.81846050984139,462.409999578903,82.1410026464226,3.52257586230461,2.47542376608844,0.890469203404402,28.4130148860808,3.79228163133456,0.0298208063463662,0.890368040482369,0.64774535592478,0.279463885936541,0.19926753083088,0.708235250895369,0.374189960322899,0.667680298073868,"061007A",1.26,0.354108439147401
"061126A",0.61288963015897,1.66268636524495,3.64132019364013,21.3485318827145,-10.6429787860363,2.281033367,1.18575908719508,0.915190937975956,-5.62913873020515,1.99160442358147,0.375633698756399,2.76452594917148,13.2592127526114,455.759813547279,113.272997440019,5.20311322136736,1.40602461286571,0.83757445295331,31.6872028438957,3.96648818002928,0.0117581409910335,0.782289455778941,0.628222359538955,0.274005538608674,0.201378810356391,0.637458674015794,0.397930158528898,0.503125985004029,"061126A",1.1588,0.334212409393176
"070125A",0.47275901012391,1.65119644240203,4.25845963241837,21.2202495015134,-10.9015023731412,1.77815125,1.59147961738547,0.886656876010672,-5.58783723859183,2.00113040462121,0.223501081653339,2.72644969140114,18.1344784409368,450.29898890648,118.842753991602,3.16182186787656,2.5328073725534,0.786160415777005,31.2239250049935,4.00452289629947,0.0374300821665039,0.79625834004854,0.632386001143638,0.26180008590973,0.193472988629488,0.615658798683372,0.361589257235828,0.463374598640396,"070125A",1.55,0.406540180433955
"070411A",0.333342131863407,1.58304895578404,3.54512517275081,20.8450026677469,-10.6614707977792,2.089021501,1.39074047916452,0.939257089700753,-5.65991854022543,1.9967780165241,0.111116976875241,2.50604399640894,12.5679124904715,434.514136218375,113.666959571899,4.36401083164029,1.93415908038676,0.882203880553129,32.0346778819875,3.98712244727393,0.018295763152312,0.830512100630995,0.622020566589438,0.30017096914321,0.202638283921516,0.509604803936629,0.390128969497918,0.413470868888772,"070411A",2.95,0.59659709562646
"070612A",0.608963708388075,1.66342611356892,4.29490176167059,21.3170435912602,-10.6643135460757,2.566790912,2.01750384753001,0.928442991651922,-5.55046250342212,1.96817644350902,0.370836798133757,2.76698643530302,18.4461811424011,454.416347471686,113.727583409015,6.58841558592579,4.07032177479839,0.86200638874757,30.807634001895,3.87371851278381,0.00608949276024844,0.80727012502061,0.584321630046158,0.400005002855116,0.214388055509574,0.627049434141358,0.353543746094159,0.51672042737886,"070612A",0.671,0.222976449893391
"071010A",0.538371024643409,1.67185529449205,4.22728014498134,21.2864967487123,-11.0097517059946,0.77815125,1.81234833830586,0.884516372529736,-5.59670596200742,1.98409608261087,0.289843360175594,2.79510012572111,17.8698974241534,453.11494383294,121.214632627651,0.605519367876562,3.28460649936003,0.782369213273164,31.3231176251694,3.93663726503179,0.37430082166504,0.796969627900217,0.594489190334362,0.275953286103564,0.195304338134514,0.631435487767826,0.367837719592715,0.492512717903332,"071010A",0.99,0.298853076409707
"071010B",0.707366199227373,1.66180045168344,3.50251949809925,21.3773772290715,-10.3620156458001,1.552668216,1.03680484017768,0.906188744008195,-5.58940133994236,1.97380261914233,0.50036693980938,2.7615807412153,12.2676428345654,456.992257194024,107.371368243807,2.41077858897662,1.07496427661587,0.82117803976715,31.2414073389494,3.89589677933312,0.062907701080855,0.841972921086861,0.593402161458891,0.280450720047944,0.215986767651673,0.655070929008592,0.42717730664205,0.522128528505821,"071010B",0.947,0.289365951520032
"071025A",0.159999248503704,1.54582857571447,3.57160081672478,21.0512242826928,-10.7844281981506,2.376832349,1.39399863015596,0.921537869560161,-5.86314147398916,1.9582406955191,0.02559975952175,2.38958598549543,12.7563323940291,443.154043800234,116.303891561065,5.64933201525286,1.94323218087668,0.84923204503348,34.3764279440118,3.83470662158715,0.00943060774968575,0.797931933012949,0.622375377666814,0.274894386498469,0.198654774729186,0.437569483948683,0.48694521063803,0.525934393587684,"071025A",5,0.778151250383644
"071112C",0.735313269463276,1.64774093833838,3.25373237661387,21.3839156913562,-10.4032286685627,1.176091259,1.17533084295455,0.879913657174972,-5.60158894536904,1.96414462124419,0.540685604248773,2.71505019987626,10.5867743786253,457.271850295031,108.227166730406,1.38319064949621,1.38140259040025,0.774248044083033,31.3777987128807,3.85786409316248,0.149720328552953,0.812424930997323,0.613956477483681,0.266866321274483,0.19167345663978,0.670499116210816,0.439856514715441,0.528400176434617,"071112C",0.82,0.260071387985075
"080319C",0.496984698392122,1.57916096485791,3.53623804698494,21.2470139557076,-10.6684390703431,1.531478917,1.69701999520679,0.913754040542593,-5.58612467232102,1.99659555826699,0.246993790435908,2.49374935293095,12.5049795249439,451.435602034032,113.815592197622,2.34542767321549,2.87987686413166,0.834946446607914,31.2047888547136,3.98639382329146,0.0660530861242607,0.767351691255829,0.590954141048344,0.397323455738987,0.207004899718235,0.607728980389723,0.357910075395484,0.44097739679969,"080319C",1.95,0.469822015978163
"080330A",0.583589680724958,1.61768404781508,3.64042465182194,21.3212193470713,-10.5274185472066,1.783188691,1.26531718071842,0.877907083627025,-5.59822047508325,1.99404847634344,0.340576915448658,2.61690167855537,13.2526916455929,454.594394445926,110.826541268069,3.17976190771029,1.60102756782122,0.770720847482508,31.3400724876413,3.97622932600761,0.0369984337462195,0.784901545370465,0.599984472469636,0.272340103751185,0.211109545451254,0.636954531921963,0.37098455186728,0.486867442886362,"080330A",1.51,0.399673721481038
"080413B",0.489343391872016,1.67625548647819,4.43526683966263,21.2367026933052,-11.1393181743893,0.903089987,1.8391472998556,0.907784505325222,-5.5895691165367,1.99105310944555,0.23945695516881,2.80983245594825,19.6715919390109,450.997541283838,124.08440939028,0.81557152461966,3.38246279056616,0.824072708108559,31.2432829085409,3.96429248463279,0.280725615995587,0.844904696161984,0.620293351732969,0.277349693055528,0.192306703165898,0.626376663605402,0.362510349958861,0.474983618921994,"080413B",1.1,0.322219294733919
"080603A",0.509708507198432,1.6288769945111,3.73852616692566,21.2083208449833,-10.695921119596,1.77815125,1.20604909239641,0.90574028184772,-5.63392248033568,2.00889200777732,0.259802762310454,2.65324026324753,13.9765779007879,449.792873063754,114.402728596619,3.16182186787656,1.4545544132702,0.820365458161587,31.7410825144317,4.03564709891159,0.0374300821665039,0.764855445129845,0.649598016777649,0.283762204668398,0.196920393366508,0.611764289078652,0.364478171651671,0.468709717050896,"080603A",1.69,0.429752280002408
"080603B",0.343860136864028,1.59060377181465,3.91194960677745,20.8800059148837,-10.6233813083771,1.77815125,1.34507228609575,0.882738443144279,-5.64111824697691,1.9969083340665,0.118239793724148,2.530020358911,15.3033497259662,435.974647005578,112.856230423175,3.16182186787656,1.80921945482284,0.779227159004785,31.8222150763758,3.98764289466424,0.0374300821665039,0.744368919529571,0.605201623334486,0.264628858424407,0.197817305138437,0.518336227149709,0.369862522299848,0.419245793226374,"080603B",2.6893,0.566943971856554
"081228A",0.238984207855359,1.55877817932796,3.38118395973577,20.7270337338631,-10.8750132016766,0.477121255,1.30027915398102,0.941183330074743,-5.70617220064067,1.99208900129447,0.0571134516042533,2.42978941234899,11.4324049695744,429.609927404697,118.26591213664,0.227644691972775,1.6907258782776,0.885826060810583,32.5604011833644,3.96841858907842,0.748601642185562,0.762888972612087,0.638676195187086,0.27786112002877,0.210147621136552,0.473002917368413,0.463487939050789,0.415558435828787,"081228A",3.44,0.64738297011462
"090313A",0.303855256913627,1.55040569224355,3.63482091771727,20.8765613064458,-10.2916980617426,1.893872679,1.18251337653882,0.923633879357445,-5.63993803306182,1.99222388760099,0.0923280171540462,2.4037578105412,13.211923103875,435.830811981789,105.919048994076,3.58675372426264,1.39833788569325,0.853099543096884,31.8089010167772,3.968956018328,0.0286747309365001,0.793718806105817,0.605438514527348,0.282073717746858,0.195389757887318,0.476075618291836,0.434006289151463,0.423254875308299,"090313A",3.38,0.6414741105041
"090726A",0.366609740095392,1.59067992088671,3.56856366633087,20.8634907910114,-10.6153586557152,1.773054693,1.25086987324864,0.95537769672947,-5.66296047803373,2.00629434724194,0.134402701532811,2.53026261071214,12.7346466406568,435.285247986618,112.685839389467,3.14372294436932,1.56467543980106,0.912746543408107,32.069121375772,4.02521700777495,0.0378719212460373,0.777195177129161,0.625659349945523,0.287859866692389,0.206002744299082,0.528498836908056,0.378294887590033,0.41470707684335,"090726A",2.71,0.569373909615046
"091024A",0.696495527003988,1.62223113530136,3.80119318627547,21.4034378764218,-10.2048321049238,1.995196292,1.51753718130589,0.892041451449135,-5.49878187182568,1.96934511286159,0.485106019136563,2.63163385634116,14.4490696393871,458.107152929849,104.138598289684,3.98080824361055,2.30291909664583,0.795737951103479,30.2366020739188,3.87832017355183,0.022707835449174,0.801362715979047,0.61216342663035,0.277009331144064,0.185978328458134,0.663396282659547,0.376979326420426,0.535796318975364,"091024A",1.09,0.320146286111054
"000926A",0.403548639453081,1.62418018047486,4.23118097454324,21.0558704467765,-10.8605261040488,1.397940009,1.75943237017218,0.916599497951259,-5.58939065239684,2.00165963900721,0.162851504404433,2.63796125864736,17.9028924393367,443.349680271434,117.951027256724,1.95423626876292,3.09560226520971,0.8401546396445,31.2412878651012,4.00664131043049,0.0898321970524164,0.827660020283902,0.65389439792829,0.293384266877723,0.19416267362819,0.580405838074215,0.356067339281043,0.425645122589635,"000926A",2.04,0.482873583608754
"970508A",0.466247539709315,1.7142648768763,4.62003633362784,21.1841628833345,-11.2915218298013,1.120573931,1.46015725712989,0.868082342816862,-5.66861456165221,1.98790345008045,0.217386768284989,2.93870406809171,21.3447357240414,448.768757067648,127.49846523288,1.25568593483679,2.13205921554907,0.753566953910413,32.1331910485755,3.95176012684176,0.170136737050821,0.80752163501987,0.652792575964957,0.293291217842421,0.210423580194429,0.668978070440646,0.415605886023209,0.534971649576913,"970508A",0.83,0.262451089730429
