"","log10NH","log10PeakFlux","log10Ta","PhotonIndex","log10Fa","Alpha","log10T90","log10Ta_opt","Beta","log10Fa_opt","Alpha_opt","Beta_opt","Gamma","log10Fluence","log10NHSqr","log10PeakFluxSqr","log10TaSqr","PhotonIndexSqr","log10FaSqr","AlphaSqr","log10T90Sqr","log10Ta_optSqr","BetaSqr","log10Fa_optSqr","Alpha_optSqr","Beta_optSqr","GammaSqr","log10FluenceSqr","log10T90Err","log10FaErr","log10TaErr","AlphaErr","BetaErr","log10FaErr_opt","log10TaErr_opt","AlphaErr_opt","BetaErr_opt","log10FluenceErr","PhotonIndexErr","log10PeakFluxErr","GRB","is_optical","log10NH_opt","log10PeakFlux_opt","log10Ta_opt","PhotonIndex_opt","log10Fa_opt","Alpha_opt","log10T90_opt","log10Ta_opt_opt","Beta_opt","log10Fa_opt_opt","Alpha_opt_opt","Beta_opt_opt","Gamma_opt","log10Fluence_opt","Redshift_crosscheck","log10z"
"000926A",21.1545856750033,0.49787317309306,3.90799741592681,1.68528474322361,-10.7464169549318,1.55996736072362,1.397940009,5.12,0.893104059798203,-12.89,2.14,1.01,1.99215342891529,-5.73555346213348,447.516495081055,0.247877696485752,15.2724438028906,2.84018466574227,115.485477369246,2.43349816652302,1.95423626876292,26.2144,0.797634861628032,166.1521,4.5796,1.0201,3.96867528433895,32.8965735169914,0.199990220376636,0.833297516464585,0.470992604341124,0.244784839849413,0.17402687165464,0.03,0.02,0.04,0.16,0.0315728375171381,0.179660088857786,0.0584643654542467,"000926A",1,5.28864641875083,0.124468293273265,0.976999353981702,0.421321185805902,-2.68660423873295,0.389991840180905,0.34948500225,1.28,0.223276014949551,-3.2225,0.535,0.2525,0.498038357228823,-1.43388836553337,2.04,0.482873583608754
"011211A",20.9997109050585,0.0099540052549258,3.95793560240018,1.73074257586597,-10.9970932823433,1.52936871912788,2.431363764,5.23,0.767844692191276,-13.52,1.98,0.41,1.91703135792151,-5.54501519311092,440.987858096033,9.90822206150904e-05,15.6652542327469,2.99546986391517,120.93606066056,2.33896867904685,5.91152975289225,27.3529,0.589585471326315,182.7904,3.9204,0.1681,3.67500922725439,30.7471934918309,0.0563106258915239,0.833297516464585,0.470992604341124,0.244784839849413,0.17402687165464,0.06,0.04,0.11,0.15,0.040345966847899,0.171421395586027,0.0900586582057859,"011211A",1,5.24992772626462,0.00248850131373145,0.989483900600045,0.432685643966493,-2.74927332058583,0.38234217978197,0.607840941,1.3075,0.191961173047819,-3.38,0.495,0.1025,0.479257839480377,-1.38625379827773,2.14,0.496929648073215
"020124A",21.1181965423643,0.286068555062632,3.63469002637735,1.66001947418774,-10.709151383949,1.51865881617508,1.661907293,4.454184,0.926734114971567,-12.7747,1.961572,1.32,2.02236215224452,-5.79045330113306,445.978225201927,0.0818352181956221,13.210971587847,2.75566465468254,114.685923364337,2.3063245999463,2.76193585052659,19.839755105856,0.858836119852134,163.19296009,3.847764711184,1.7424,4.08994867483109,33.5293494326027,0.0563106258915239,0.833297516464585,0.470992604341124,0.244784839849413,0.17402687165464,0.05493,0.065307,0.072088,0.25,0.0323124845604323,0.162788614352911,0.0687137148382266,"020124A",1,5.27954913559107,0.071517138765658,0.908672506594338,0.415004868546935,-2.67728784598725,0.37966470404377,0.41547682325,1.113546,0.231683528742892,-3.193675,0.490393,0.33,0.50559053806113,-1.44761332528327,3.198,0.623042434246382
"021004A",21.0810752717726,0.355429318153098,4.31114281672062,1.67186887883644,-10.8079836345293,1.13770741864959,2,5.4,0.923658837577518,-12.92,1.33,0.67,1.96438080403683,-5.46547580308238,444.411734614142,0.126330000202776,18.5859523861618,2.79514554802181,116.812510244253,1.29437817045031,4,29.16,0.853145648235052,166.9264,1.7689,0.4489,3.85879194326838,29.871425754079,0.204728382319217,0.833297516464585,0.470992604341124,0.244784839849413,0.17402687165464,0.02,0.02,0.03,0.14,0.036356115947561,0.193819704191375,0.062431543050404,"021004A",1,5.27026881794315,0.0888573295382745,1.07778570418016,0.41796721970911,-2.70199590863233,0.284426854662397,0.5,1.35,0.23091470939438,-3.23,0.3325,0.1675,0.491095201009208,-1.3663689507706,2.34,0.523746466811564
"030226A",21.0511868725117,0.320464469437468,3.83509710015788,1.69364237204975,-10.8430824760775,1.6342065708526,1.344195716,4.965035,0.790045290376858,-13.1407,2.121816,0.57,1.94602716780256,-5.88907181132459,443.152468741409,0.102697476171838,14.7079697676394,2.8684244844023,117.572437583019,2.67063111621781,1.80686212291275,24.651572551225,0.624171560846654,172.67799649,4.502103137856,0.3249,3.78702173782565,34.6811667989379,0.378773543191014,0.833297516464585,0.470992604341124,0.244784839849413,0.17402687165464,0.064136,0.032442,0.132162,0.12,0.0369501006956046,0.199398651948698,0.0723940497319666,"030226A",1,5.26279671812792,0.080116117359367,0.95877427503947,0.423410593012437,-2.71077061901937,0.40855164271315,0.336048929,1.24125875,0.197511322594215,-3.285175,0.530454,0.1425,0.48650679195064,-1.47226795283115,1.99,0.47567118832443
"030329A",21.2067839200846,0.780376798107853,4.52703806327568,1.63361744707194,-10.361404687603,1.27999772221432,1.798650645,5.5,0.948093777746705,-11.76,1.46,0.41,1.94924493372129,-5.15361554086595,449.727684233159,0.608987947025065,20.4940736263468,2.66870596337784,107.358707100281,1.63839416887385,3.23514414275892,30.25,0.898881811402019,138.2976,2.1316,0.1681,3.79955581163812,26.559753143055,0.0692396240032236,0.833297516464585,0.470992604341124,0.244784839849413,0.17402687165464,0.09,0.05,0.03,0.17,0.0273643578404255,0.164558266578791,0.0358944155859398,"030329A",1,5.30169598002115,0.195094199526963,1.13175951581892,0.408404361767985,-2.59035117190075,0.31999943055358,0.44966266125,1.375,0.237023444436676,-2.94,0.365,0.1025,0.487311233430323,-1.28840388521649,0.17,0.0681858617461616
"050315A",21.91683806,0.285557309,4.86356,2.11,-11.3757179,1.10818,1.980457892,0,0.856,0,0,0,1.99544,-5.492144128,480.347790548265,0.0815429767233215,23.6542158736,4.4521,129.40695774038,1.2280629124,3.92221346198508,0,0.732736,0,0,0,3.9817807936,30.1636471227249,0.0636907468763651,0.03245,0.04512,0.049165,0.001,0,0,0,0,0.019691613,0.09,0.04950507,"050315A",0,0,0,0,0,0,0,0,0,0,0,0,0,0,0,1.949,0.469674772551798
"050318A",20.92661714,0.499687083,4.132084541,1.9,-11.15490196,1.874408221,1.505149978,0,0.95,0,0,0,1.98053,-5.966576245,437.923304924142,0.249687180917049,17.0741226539712,3.61,124.431837737212,3.51340617895238,2.2654764562734,0,0.9025,0,0,0,3.9224990809,35.6000320873983,0.148833498209321,0.06181969,0.043780336,0.085906519,0.037,0,0,0,0,0.030963588,0.1,0.027486993,"050318A",0,0,0,0,0,0,0,0,0,0,0,0,0,0,0,1.44,0.387389826338729
"050319A",20.93735437,0.181843588,3.73997,2.02,-10.70553377,0.863159,2.183383742,0,0.971,0,0,0,2.01045,-5.882728704,438.372808014958,0.0330670904967137,13.9873756009,4.0804,114.60845330061,0.745043459281,4.76716456482992,0,0.942841,0,0,0,4.0419092025,34.6064970048655,0.0311909396976911,0.04165,0.06193,0.034558,0.009,0,0,0,0,0.049065331,0.19,0.060001211,"050319A",0,0,0,0,0,0,0,0,0,0,0,0,0,0,0,3.24,0.627365856592733
"050401A",22.12570242,1.029383778,3.12435,1.4,-9.653647026,0.984108,1.506369717,0,0.9995,0,0,0,1.78711,-5.085128182,489.546707578394,1.05963096240955,9.7615629225,1.96,93.1929009025986,0.968468555664,2.26914972429466,0,0.99900025,0,0,0,3.1937621521,25.8585286273706,0.00846336277739286,0.019455,0.02833,0.0260615,0.0174145,0,0,0,0,0.016167167,0.07,0.037341208,"050401A",0,0,0,0,0,0,0,0,0,0,0,0,0,0,0,2.9,0.591064607026499
"050416A",21.75162856,0.688419822,2.99481,3.08,-10.5559552,0.842217,0.397940009,3.266303,0.9,-12.32,0.6555,0.57,2.06183,-6.435333936,473.133345012208,0.473921851322512,8.9688869361,9.4864,111.428190184407,0.709329475089,0.15835625076292,10.668735287809,0.81,151.7824,0.42968025,0.3249,4.2511429489,41.4135228678333,0.0771432232434421,0.0484,0.070765,0.0149485,0.005,0,0,0,0,0.043784457,0.22,0.04271749,"050416A",0,0,0,0,0,0,0,0,0,0,0,0,0,0,0,0.6528,0.218220304175545
"050502A",21.0181637594417,0.330571846807332,3.51664581121582,1.5837013438142,-10.6723178688682,1.44058672494939,1.301029996,3.72,0.83772921986216,-12.6,1.43,0.76,1.96705146522392,-5.95905698874291,441.763207818708,0.10927774590161,12.3667977615418,2.5081099463989,113.898368694163,2.07529011210041,1.69267905049176,13.8384,0.701790245810863,158.76,2.0449,0.5776,3.86929146683957,35.5103601950857,0.199990220376636,0.833297516464585,0.470992604341124,0.244784839849413,0.17402687165464,0.04,0.03,0.02,0.16,0.0347486663233463,0.18713159391256,0.0657749268162652,"050502A",1,5.25454093986042,0.082642961701833,0.879161452803955,0.39592533595355,-2.66807946721705,0.360146681237347,0.325257499,0.93,0.20943230496554,-3.15,0.3575,0.19,0.49176286630598,-1.48976424718573,3.79,0.680335513414563
"050502B",21.0347201497492,0.300152911468348,3.48226128152163,1.49398169361224,-10.6167589054291,1.4075108304542,1.243038049,3.576116,0.869359678418334,-12.4453,1.358692,0.9,1.97812318786123,-5.90726604152399,442.459451778265,0.090091770262926,12.1261436327847,2.2319813008485,112.715569656008,1.98108673784587,1.54514359126173,12.788605645456,0.755786250459629,154.88549209,1.846043950864,0.81,3.91297134635427,34.8957920853425,0.199990220376636,0.833297516464585,0.470992604341124,0.244784839849413,0.17402687165464,0.122846,0.139983,0.198462,0.06,0.0295798799821603,0.14,0.0671099909495084,"050502B",1,5.2586800374373,0.075038227867087,0.870565320380407,0.37349542340306,-2.65418972635727,0.35187770761355,0.31075951225,0.894029,0.217339919604583,-3.111325,0.339673,0.225,0.494530796965307,-1.476816510381,3.793,0.680607428991788
"050505A",22.23063027,0.267171728,4.270583544,1.41,-11.04817696,1.462094791,1.770115295,0,0.973,0,0,0,2.01835,-5.603800653,494.20092220144,0.071380732242506,18.2378838062836,1.9881,122.062214139475,2.13772117786933,3.13330815759294,0,0.946729,0,0,0,4.0737367225,31.4025817585632,0.0504266082569071,0.03272177,0.030067592,0.035926291,5e-04,0,0,0,0,0.031220366,0.12,0.07277367,"050505A",0,0,0,0,0,0,0,0,0,0,0,0,0,0,0,4.27,0.721810615212547
"050525A",21.2788016,1.620136055,3.56232073439233,1,-10.3514773343196,1.37695483792374,0.944482672,3.22416,0.856553278006956,-11.6972,1.03423,0.52,2.08914,-4.815308569,452.787397532163,2.62484083671096,12.6901290146815,1,107.153083002932,1.89600462568159,0.89204751770826,10.3952077056,0.733683518064462,136.82448784,1.0696316929,0.2704,4.3645059396,23.1871966146848,0.0563106258915239,0.833297516464585,0.470992604341124,0.244784839849413,0.17402687165464,0.0658,0.10234,0.034343,0.08,0.006273143,0.1,0.009789852,"050525A",1,5.3197004,0.40503401375,0.890580183598083,0.25,-2.5878693335799,0.344238709480935,0.236120668,0.80604,0.214138319501739,-2.9243,0.2585575,0.13,0.522285,-1.20382714225,0.61,0.20682587603185
"050603A",21.63005546,1.33243846,3.84020803675133,1.16,-10.3773120705851,1.55432927613548,1.322219295,4.45,0.929371411175941,-11.88,1.85,0.95,1.90951127022931,-5.196542884,467.859299202676,1.77539224968717,14.7471977655295,1.3456,107.688605810311,2.41593949865185,1.7482638640703,19.8025,0.86373121991116,141.1344,3.4225,0.9025,3.64623329113275,27.004057945251,0.199990220376636,0.833297516464585,0.470992604341124,0.244784839849413,0.17402687165464,0.13,0.08,0.09,0.08,-0.0006217656979968,0.06,0.0038290748542292,"050603A",1,5.407513865,0.333109615,0.960052009187833,0.29,-2.59432801764628,0.38858231903387,0.33055482375,1.1125,0.232342852793985,-2.97,0.4625,0.2375,0.477377817557327,-1.299135721,2.82,0.582063362911709
"050730A",21.73850309,-0.259637311,4.05018,1.53,-10.09854168,2.38763,2.194514342,5.23,0.5615,-12.92,2.29,0.61,1.6177,-5.623423043,472.562516593939,0.0674115332633107,16.4039580324,2.3409,101.980544062697,5.7007770169,4.81589319724369,27.3529,0.31528225,166.9264,5.2441,0.3721,2.61695329,31.6228867205434,0.0500432094216776,0.0266,0.017795,0.0538,0.000210492,0.01,0,0,0,0.027736454,0.11,0.110547686,"050730A",0,0,0,0,0,0,0,0,0,0,0,0,0,0,0,3.967,0.696094159995223
"050801A",20.80209017,0.164352856,3.33500987628873,1.99,-10.0668779283512,1.54872275638726,1.28780173,2.64,0.879677553574912,-10.98,1.19,0.69,2.07525210781143,-6.508638306,432.726955440811,0.0270118612753567,11.1222908749434,3.9601,101.342031224325,2.39854217615175,1.65843329579099,6.9696,0.773832598263542,120.5604,1.4161,0.4761,4.30667131097578,42.3623725983306,0.0692396240032236,0.833297516464585,0.470992604341124,0.244784839849413,0.17402687165464,0.02,0.02,0.01,0.34,0.0581234535102333,0.25,0.0712796339614364,"050801A",1,5.2005225425,0.041088214,0.833752469072182,0.4975,-2.5167194820878,0.387180689096815,0.3219504325,0.66,0.219919388393728,-2.745,0.2975,0.1725,0.518813026952857,-1.6271595765,1.56,0.40823996531185
"050802A",21.25883595,0.439332694,3.63973,1.54,-10.28650946,1.44729,1.477121255,5.250332,0.8585,-12.92,2.121816,1,1.8557,-5.698970004,451.938105949012,0.193013216017298,13.2476344729,2.3716,105.812276870669,2.0946483441,2.18188720197277,27.565986110224,0.73702225,166.9264,4.502103137856,1,3.44362249,32.4782591064918,0.14763173580347,0.0275,0.0326,0.03274,0.002369606,0,0,0,0,0.034092117,0.13,0.069487117,"050802A",0,0,0,0,0,0,0,0,0,0,0,0,0,0,0,1.7102,0.433001340945038
"050803A",21.34755638,-0.017728767,4.21721,1.38,-10.86012091,1.52234,1.943988875,0,1.218,0,0,0,2.11696,-5.66756154,455.718163397279,0.000314309179340289,17.7848601841,1.9044,117.942226179819,2.3175190756,3.77909274612377,0,1.483524,0,0,0,4.4815196416,32.1212538096872,0.0515724807527089,0.0489,0.04766,0.048695,0.22485626,0,0,0,0,0.027269654,0.11,0.049762909,"050803A",0,0,0,0,0,0,0,0,0,0,0,0,0,0,0,3.5,0.653212513775344
"050820A",21.61964524,0.389166084,3.750945731,1.25,-10.01818139,1.136499703,1.414973348,0,0.9,0,0,0,1.96878,-5.463441557,467.409060303455,0.151450240935895,14.0695938769071,1.5625,100.363958362942,1.29163157491909,2.00214957555033,0,0.81,0,0,0,3.8760946884,29.8491936467546,0.378773543191014,0.266741013,0.238477529,0.012525701,0.0405,0.03,0,0.01,0,0.030552112,0.12,0.040770502,"050820A",0,0,0,0,0,0,0,0,0,0,0,0,0,0,0,2.6147,0.558072259099146
"050824A",20.9708274,-0.301029996,5.08558,2.76,-12.23882419,0.954481,1.353723938,0,0.86,0,0,0,1.94709,-6.575118363,439.775601840591,0.09061905849176,25.8631239364,7.6176,149.788817553729,0.911033979361,1.83256850031423,0,0.7396,0,0,0,3.7911594681,43.2321814874598,0.0782985476819812,0.06855,0.12722,0.0899785,0.01,0,0,0,0,0.084899673,0.38,0.130288345,"050824A",0,0,0,0,0,0,0,0,0,0,0,0,0,0,0,0.8278,0.261928672990642
"050904A",22.39388568,-0.207608311,3.84578074898733,1.25,-11.2265101298187,1.55096693041187,2.259044094,5.539472,0.818155616987025,-14.18,2.332396,1,1.90813,-5.316052869,501.486115848909,0.0431012107962727,14.7900295692815,1.5625,126.034529694922,2.40549841923122,5.10328021863628,30.685750038784,0.66937861360742,201.0724,5.440071100816,1,3.6409600969,28.2604181060031,0.378773543191014,0.833297516464585,0.470992604341124,0.244784839849413,0.17402687165464,0.12808,0.069062,0.187665,0.09,0.016184888,0.07,0.119080745,"050904A",1,5.59847142,-0.05190207775,0.961445187246832,0.3125,-2.80662753245467,0.387741732602968,0.5647610235,1.384868,0.204538904246756,-3.545,0.583099,0.25,0.4770325,-1.32901321725,6.295,0.86302529622947
"050908A",21.451745,-0.15490196,3.39276808697263,1.88,-10.7070692945506,1.01507278622451,1.239799818,3.26,1.04568170776823,-12.61,0.82,1.8,2.74883,-6.316052869,460.177363545025,0.0239946172118416,11.5108752919799,3.5344,114.641332878308,1.03037276133359,1.53710358871283,10.6276,1.09345023396108,159.0121,0.6724,3.24,7.5560663689,39.8925238440031,0.0692396240032236,0.833297516464585,0.470992604341124,0.244784839849413,0.17402687165464,0.08,0.13,0.08,0.09,0.045857181,0.17,0.086858896,"050908A",1,5.36293625,-0.03872549,0.848192021743158,0.47,-2.67676732363765,0.253768196556127,0.3099499545,0.815,0.261420426942058,-3.1525,0.205,0.45,0.6872075,-1.57901321725,3.34,0.637489729512511
"050922C",21.44930866,0.860936621,2.52429,1.37,-9.477555766,1.22035,0.653212514,0,1.064,0,0,0,2.2119,-5.790484985,460.072841991951,0.741211865378898,6.3720400041,1.8769,89.8240632976399,1.4892541225,0.4266865884462,0,1.132096,0,0,0,4.89250161,33.5297163615105,0.0434736058796182,0.03194,0.034305,0.013275,0.013,0,0,0,0,0.014476483,0.06,0.019142456,"050922C",0,0,0,0,0,0,0,0,0,0,0,0,0,0,0,2.198,0.504878459410216
"051016B",21.71466751,0.113943352,4.25742,2.4,-11.59006688,1.14771,0.602059991,0,0.73,0,0,0,1.89482,-6.769551079,471.52678506985,0.0129830874649959,18.1256250564,5.76,134.329650282873,1.3172382441,0.36247623276292,0,0.5329,0,0,0,3.5903428324,45.8268218111901,0.0509829166339321,0.04535,0.058175,0.04854,0.005,0,0,0,0,0.056202815,0.23,0.053451629,"051016B",0,0,0,0,0,0,0,0,0,0,0,0,0,0,0,0.9364,0.286995073968852
"051028A",20.9024195385481,0.179466033655192,3.68911258975276,1.6783282458665,-10.8755198140656,1.10415742037089,1.204119983,4.04085,0.925518855523758,-13.0714,1.02823,1.1,2.02921982175251,-6.17568341398607,436.911142565477,0.0322080572359265,13.6095516998723,2.81678570087332,118.276931226133,1.2191636089601,1.44990493345992,16.3284687225,0.856585151930007,170.86149796,1.0572569329,1.21,4.11773308499329,38.1390656297826,0.199990220376636,0.833297516464585,0.470992604341124,0.244784839849413,0.17402687165464,0.2287,0.246865,0.1334,0.18,0.0451414448022833,0.236991174642203,0.0749534429882672,"051028A",1,5.22560488463702,0.044866508413798,0.92227814743819,0.419582061466625,-2.7188799535164,0.276039355092722,0.30102999575,1.0102125,0.23137971388094,-3.26785,0.2570575,0.275,0.507304955438127,-1.54392085349652,3.6,0.662757831681574
"051109A",21.97057233,0.595496222,3.91123,1.51,-10.51999306,1.22299,1.57054294,0,1.06,0,0,0,2.06584,-5.657577319,482.706048507762,0.354615750416273,15.2977201129,2.2801,110.670253982448,1.4957045401,2.46660512638384,0,1.1236,0,0,0,4.2676949056,32.0081811204632,0.0827679937346041,0.04815,0.04637,0.019155,0.054794381,0,0,0.05679,0,0.05369459,0.2,0.076056648,"051109A",0,0,0,0,0,0,0,0,0,0,0,0,0,0,0,2.346,0.524525936626376
"051111A",21.79196559,0.424881637,3.46050233929367,1.32,-10.0519857946106,1.41903368950997,1.776555911,2.77,0.922727407311059,-10.91,1,0.76,2.23019,-5.389339837,474.889764275744,0.1805244054598,11.975076440257,1.7424,101.042418415053,2.01365661196428,3.15615090490904,7.6729,0.851425868202989,119.0281,1,0.5776,4.9737474361,29.0449838786752,0.0692396240032236,0.833297516464585,0.470992604341124,0.244784839849413,0.17402687165464,0.03,0.04,0.04,0.07,0.014263593,0.06,0.034286406,"051111A",1,5.4479913975,0.10622040925,0.865125584823418,0.33,-2.51299644865265,0.354758422377492,0.44413897775,0.6925,0.230681851827765,-2.7275,0.25,0.19,0.5575475,-1.34733495925,1.55,0.406540180433955
"060115A",21.43355223,-0.060480747,3.69688,1,-11.29499204,0.889919,2.144885418,0,1,0,0,0,2.10553,-5.76700389,459.397161196138,0.00365792075767801,13.6669217344,1,127.576845183663,0.791955826561,4.60053345634903,0,1,0,0,0,4.4332565809,33.2583338672751,0.0469357822743554,0.0812,0.123015,0.053884,0.085,0,0,0,0,0.038096007,0.303030303,0.059902687,"060115A",0,0,0,0,0,0,0,0,0,0,0,0,0,0,0,3.53,0.656098202012832
"060124A",21.9172644,-0.050609993,4.47599,1.84,-10.6893,1.3641,1.134495856,4.204885,0.99,-11.8207,1.26607,0.95,2.00895,-6.336299075,480.366478779507,0.00256137139146005,20.0344864801,3.3856,114.26113449,1.86076881,1.28708084728117,17.681057863225,0.9801,139.72894849,1.6029332449,0.9025,4.0358801025,40.1486859678459,0.0416381769095578,0.04445,0.036665,0.01627,0.076380116,0,0,0,0,0.049929734,0.19,0.087834839,"060124A",0,0,0,0,0,0,0,0,0,0,0,0,0,0,0,2.296,0.517987203025078
"060206A",22.33966406,0.445604203,3.93814,1.2,-10.63078414,1.17565,0.880241776,2.813159,1.265,-12.2295,0.633623,0.74,2.20424,-6.080398976,499.060590313656,0.198563105731265,15.5089466596,1.44,113.013571431276,1.3821529225,0.774825584215634,7.913863559281,1.600225,149.56067025,0.401478106129,0.5476,4.8586739776,36.9712517073418,0.110636974360534,0.07055,0.07444,0.02867,0.013041887,0,0,0,0,0.021949902,0.181818182,0.026462388,"060206A",0,0,0,0,0,0,0,0,0,0,0,0,0,0,0,4.048,0.703119346236078
"060210A",22.3877421,0.434568904,4.15028,1.53,-10.66756154,1.20511,2.40654018,0,0.979,0,0,0,2.08163,-5.11577123,501.210996336112,0.188850132323761,17.2248240784,2.3409,113.796869209687,1.4522901121,5.79143563795443,0,0.958441,0,0,0,4.3331834569,26.1711152776957,0.207740121229715,0.0292,0.030365,0.02297,0.083622271,0.006123,0,0,0,0.023188831,0.09,0.044706785,"060210A",0,0,0,0,0,0,0,0,0,0,0,0,0,0,0,3.91,0.691081492122968
"060223A",22.49782636,0.130333768,2.78682,1.74,-10.9636,1.1892,1.053078443,0,0.81,0,0,0,2.01015,-6.171984936,506.152190924711,0.0169868910810778,7.7663657124,3.0276,120.20052496,1.41419664,1.1089742071113,0,0.6561,0,0,0,4.0407030225,38.0933980502109,0.042104904450281,0.1982,0.23477,0.18005,0.045,0,0,0,0,0.030974941,0.12,0.057905931,"060223A",0,0,0,0,0,0,0,0,0,0,0,0,0,0,0,4.41,0.73319726510657
"060306A",21.61973178,0.775974331,3.61496,1.8,-10.70553377,1.03794,2.13255996245349,0,0.76,0,0,0,2.28823,-5.671620397,467.412802239142,0.602136162370898,13.0679358016,3.24,114.60845330061,1.0773194436,4.54781199345963,0,0.5776,0,0,0,5.2359965329,32.1672779276664,0.0112622187283241,0.03495,0.04452,0.02498,0.01,0,0,0,0,0.01457843,0.060606061,0.0488439909307915,"060306A",0,0,0,0,0,0,0,0,0,0,0,0,0,0,0,1.559,0.408070285887185
"060418A",21.65363309,0.814247596,3.11887,1.7,-9.792961075,1.47655,2.158362492,0,0.98,0,0,0,1.94118,-5.079354999,468.879825996343,0.662999147591779,9.7273500769,2.89,95.9020866164651,2.1801999025,4.65852864687245,0,0.9604,0,0,0,3.7681797924,25.7998472058663,0.136485588124709,0.04904,0.057245,0.044705,0.005,0,0,0,0,0.013190457,0.06,0.023313354,"060418A",0,0,0,0,0,0,0,0,0,0,0,0,0,0,0,1.489,0.396024896608593
"060502A",21.45692297,0.227886705,3.3865,1.46,-10.55284197,0.897152,1.45331834,0,0.87,0,0,0,2.02719,-5.63638802,460.399543340514,0.051932350315757,11.46838225,2.1316,111.362473643793,0.804881711104,2.11213419738036,0,0.7569,0,0,0,4.1094992961,31.7688699119995,0.150287880735964,0.05675,0.075085,0.0205255,0.015,0,0,0,0,0.019176639,0.08,0.053965586,"060502A",0,0,0,0,0,0,0,0,0,0,0,0,0,0,0,1.5026,0.398391440229475
"060510B",22.00215742,-0.244125144,4.43617,1.78,-12.2656,1.00735,2.43964843,0,1.38,0,0,0,2.1317,-5.390405591,484.094931134461,0.0595970859330207,19.6796042689,3.1684,150.44494336,1.0147540225,5.95188446200147,0,1.9044,0,0,0,4.54414489,29.0564724354841,0.0335971369822932,0.2206,0.31628,0.2313695,0.03,0,0,0,0,0.018780302,0.08,0.083811216,"060510B",0,0,0,0,0,0,0,0,0,0,0,0,0,0,0,4.9,0.770852011642144
"060512A",21.63005546,-0.055517328,3.7192971954124,2.48,-10.652246944233,1.10213667586381,0.92890769,3.64,0.89142293477346,-12.44,0.74,0.68,2.70163,-6.634512015,467.859299202676,0.00308217370825958,13.8331716278025,6.1504,113.470364960921,1.21470525228413,0.862869496541136,13.2496,0.794634848640128,154.7536,0.5476,0.4624,7.2988046569,44.0167496771794,0.0692396240032236,0.833297516464585,0.470992604341124,0.244784839849413,0.17402687165464,0.03,0.05,0.02,0.05,0.074878359,0.3,0.098703291,"060512A",1,5.407513865,-0.013879332,0.9298242988531,0.62,-2.66306173605825,0.275534168965953,0.2322269225,0.91,0.222855733693365,-3.11,0.185,0.17,0.6754075,-1.65862800375,0.44,0.15836249209525
"060526A",21.43355223,0.222716471,3.8752,2.01,-11.3053948,1.05873,2.47444938,0,0.93,0,0,0,1.90677,-5.899629455,459.397161196138,0.0496026264546938,15.01717504,4.0401,127.811951583867,1.1209092129,6.12289973418238,0,0.8649,0,0,0,3.6357718329,34.8056277063036,0.0335716198838349,0.06785,0.09216,0.0623145,0.0305,0,0,0,0,0.056871896,0.24,0.046810184,"060526A",0,0,0,0,0,0,0,0,0,0,0,0,0,0,0,3.221,0.625415352154408
"060604A",21.99003057,-0.468521083,4.45991,2.01,-11.76955108,1.21596,1.977723605,0,1.02,0,0,0,2.1711,-6.395773947,483.561444469534,0.219512005215493,19.8907972081,4.0401,138.522332624729,1.4785587216,3.9113906577742,0,1.0404,0,0,0,4.71367521,40.905924381124,0.0777158547080599,0.04195,0.04994,0.04695,0,0,0,0,0,0.11451546,0.42,0.166053773,"060604A",0,0,0,0,0,0,0,0,0,0,0,0,0,0,0,2.1357,0.496334505996816
"060605A",21.77333803,-0.337242168,4.04162,1.55,-11.26121944,1.9179,2.059904056,0,0.835,0,0,0,2.02128,-6.156767222,474.078248968644,0.11373227987734,16.3346922244,2.4025,126.815063275834,3.67834041,4.24320471992525,0,0.697225,0,0,0,4.0855728384,37.9057826258936,0.132471980179598,0.05315,0.037375,0.085,0.10149311,0,0,0,0,0.056078197,0.2,0.113294213,"060605A",0,0,0,0,0,0,0,0,0,0,0,0,0,0,0,3.78,0.679427896612119
"060607A",21.79614607,0.146128036,3.61434866557124,1.47,-10.3710521493982,1.41139438058861,2.009450896,3.53,0.887600763046437,-11.78,1.25,0.72,1.61002,-5.59345982,475.071983504776,0.0213534029052173,13.0635162763166,2.1609,107.558722685537,1.99203409755711,4.0378929034352,12.4609,0.787835114560617,138.7684,1.5625,0.5184,2.5921644004,31.2867927579544,0.378773543191014,0.833297516464585,0.470992604341124,0.244784839849413,0.17402687165464,0.03,0.04,0.05,0.27,0.019074895,0.08,0.040327345,"060607A",1,5.4490365175,0.036532009,0.90358716639281,0.3675,-2.59276303734955,0.352848595147152,0.502362724,0.8825,0.221900190761609,-2.945,0.3125,0.18,0.402505,-1.398364955,3.07,0.60959440922522
"060707A",21.20847898,0.004321374,3.5545,0.6,-10.9132,0.861995,1.820857989,0,1.12,0,0,0,2.09345,-5.795880017,449.799580645102,1.8674273247876e-05,12.63447025,0.36,119.09793424,0.743035380025,3.31552381610512,0,1.2544,0,0,0,4.3825329025,33.5922251714599,0.0414232996019404,0.07695,0.127895,0.0364485,0.035,0,0,0,0,0.040986542,0.363636364,0.098898743,"060707A",0,0,0,0,0,0,0,0,0,0,0,0,0,0,0,3.425,0.645913275033844
"060708A",20.79066861,0.28780173,3.50569,1.68,-10.86966623,1.12969,1.008600172,4.489641,1.485,-12.44,1.426558,1,2.20484,-6.306273051,432.251901250839,0.0828298357909929,12.2898623761,2.8224,118.149643951602,1.2761994961,1.01727430695843,20.156876308881,2.205225,154.7536,2.035067727364,1,4.8613194256,39.7690797937688,0.153333382237578,0.06115,0.062725,0.028525,0.33410152,0.01,0,0,0,0.032528129,0.12,0.031340839,"060708A",0,0,0,0,0,0,0,0,0,0,0,0,0,0,0,1.92,0.465382851448418
"060714A",22.0125926,0.10720997,3.73449,1.93,-10.86012091,1.20488,2.060660074,0,0.87,0,0,0,2.04425,-5.548213564,484.554232973575,0.0114939776674009,13.9464155601,3.7249,117.942226179819,1.4517358144,4.24631994057768,0,0.7569,0,0,0,4.1789580625,30.7826737517536,0.0344798070207195,0.0352,0.046765,0.035305,0.005,0,0,0,0,0.025627978,0.11,0.044108033,"060714A",0,0,0,0,0,0,0,0,0,0,0,0,0,0,0,2.711,0.569490954348783
"060729A",20.86562801,0.068185862,5.1057,1.75,-11.15058059,1.35481,2.062017599,0,1.317,0,0,0,1.92492,-5.583359493,435.374432251696,0.00464931177668304,26.06817249,3.0625,124.335447494085,1.8355101361,4.25191657858572,0,1.734489,0,0,0,3.7053170064,31.1739032280732,0.127647038192483,0.0116,0.012825,0.013425,0.077392286,0,0,0,0,0.035109631,0.14,0.048254942,"060729A",0,0,0,0,0,0,0,0,0,0,0,0,0,0,0,0.54,0.187520720836463
"060814A",22.00679538,0.861534411,4.22387,1.53,-10.91009489,1.29504,2.162265614,0,0.97,0,0,0,2.11591,-4.835647144,484.299042897189,0.742241541337117,17.8410777769,2.3409,119.030170508804,1.6771286016,4.6753925854868,0,0.9409,0,0,0,4.4770751281,23.3834833012754,0.0146412491965932,0.0353,0.034855,0.024565,0,0,0,0,0,0.007109341,0.03,0.017323989,"060814A",0,0,0,0,0,0,0,0,0,0,0,0,0,0,0,1.9229,0.465813957269479
"060904B",21.59122827,0.387389826,3.72246216502311,1.64,-10.528740953358,1.24602260324099,2.234264124,3.923904,0.961613733782178,-12.1854,1.19811,1.11,2.18877,-5.790484985,466.181138207247,0.15007087728831,13.8567245700285,2.6896,110.854386062918,1.55257232778745,4.99193617579349,15.397022601216,0.924700972998501,148.48397316,1.4354675721,1.2321,4.7907141129,33.5297163615105,0.199990220376636,0.833297516464585,0.470992604341124,0.244784839849413,0.17402687165464,0.018294,0.024033,0.027284,0.1,0.038335871,0.14,0.037377804,"060904B",1,5.3978070675,0.0968474565,0.930615541255778,0.41,-2.6321852383395,0.311505650810248,0.558566031,0.980976,0.240403433445544,-3.04635,0.2995275,0.2775,0.5471925,-1.44762124625,0.7,0.230448921378274
"060906A",22.41960057,0.294466226,4.33479,2.03,-11.8827287,1.71887,1.638489257,0,1.06,0,0,0,2.07859,-5.655607726,502.638489718344,0.0867103582546831,18.7904043441,4.1209,141.199241357804,2.9545140769,2.68464704530441,0,1.1236,0,0,0,4.3205363881,31.9858987503909,0.0815374132437055,0.08845,0.072145,0.169635,0.005,0,0,0,0,0.026725814,0.11,0.061727135,"060906A",0,0,0,0,0,0,0,0,0,0,0,0,0,0,0,3.686,0.670802284260944
"060908A",21.80952201,0.481442629,2.81918,1,-9.627087997,1.38309,1.285557309,0,1.185,0,0,0,2.13395,-5.552841969,475.655250304674,0.231787005018432,7.9477758724,1,92.6808233019815,1.9129379481,1.65265759472332,0,1.404225,0,0,0,4.5537426025,30.8340539326878,0.0299356101990356,0.045185,0.05993,0.04964,0.003474954,0,0,0,0,0.017216674,0.181818182,0.035832878,"060908A",0,0,0,0,0,0,0,0,0,0,0,0,0,0,0,1.8836,0.459935016851525
"060912A",21.36738202,0.933487288,2.455171016,1.74,-10.1079054,1.045731532,0.698970004,0,0.63,0,0,0,1.8948,-5.869666232,456.565014388619,0.871398516857595,6.02786471780647,3.0276,102.169751575349,1.09355443701907,0.48855906649176,0,0.3969,0,0,0,3.59026704,34.4529816750811,0.0503781599397554,0.147419953,0.156564864,0.028937785,0.0785,0,0,0,0,0.019945376,0.09,0.022271512,"060912A",0,0,0,0,0,0,0,0,0,0,0,0,0,0,0,0.937,0.287129620719111
"060926A",22.50004427,0.037426498,3.351,2.54,-10.84771166,1.45111,0.903089987,0,1.357,0,0,0,2.00443,-6.659555885,506.25199215196,0.001400742752544,11.229201,6.4516,117.6728482585,2.1057202321,0.81557152461966,0,1.841449,0,0,0,4.0177396249,44.3496845854381,0.0658325115034435,0.08245,0.09927,0.11561,0.009157091,0,0,0,0,0.049576996,0.23,0.055780943,"060926A",0,0,0,0,0,0,0,0,0,0,0,0,0,0,0,3.2,0.6232492903979
"060927A",22.10710478,0.431363764,3.15198,0.9,-10.77728353,1.39098,1.352953912,0,0.83,0,0,0,1.94856,-5.946921557,488.724081753899,0.186074696892248,9.9349779204,0.81,116.149840286009,1.9348253604,1.8304842879961,0,0.6889,0,0,0,3.7968860736,35.3658760051113,0.0249377639674928,0.08115,0.108435,0.118785,0.178498106,0,0,0.027284,0,0.026134535,0.242424242,0.027344467,"060927A",0,0,0,0,0,0,0,0,0,0,0,0,0,0,0,5.47,0.8109042806687
"061007A",21.74186197,1.164352856,3.2635190939762,1.03,-9.18819140742016,1.94555352128263,1.876852648,2.17,1.00876341721693,-8.76,1.75,1.07,1.99824,-4.35261703,472.708561922532,1.35571757327536,10.6505568767472,1.0609,84.4228613393897,3.78517850417524,3.52257586230461,4.7089,1.01760363191518,76.7376,3.0625,1.1449,3.9929630976,18.945275009846,0.199990220376636,0.833297516464585,0.470992604341124,0.244784839849413,0.17402687165464,0.07,0.03,0.01,0.19,0.005497151,0.03,0.011006093,"061007A",1,5.4354654925,0.291088214,0.81587977349405,0.2575,-2.29704785185504,0.486388380320658,0.469213162,0.5425,0.252190854304232,-2.19,0.4375,0.2675,0.49956,-1.0881542575,1.26,0.354108439147401
"061021A",20.87141063,0.78604121,3.23849,1.3,-10.04095861,1.01707,1.664641976,3.190433,0.785,-13.2172,0.633623,1.09,1.99282,-5.528708289,435.615781686077,0.617860783818264,10.4878174801,1.69,100.820849807733,1.0344313849,2.77103290826118,10.178862727489,0.616225,174.69437584,0.401478106129,1.1881,3.9713315524,30.5666153448573,0.0507507174713444,0.0264,0.03399,0.010415,0.016800037,0,0,0,0,0.014818832,0.06,0.019191409,"061021A",0,0,0,0,0,0,0,0,0,0,0,0,0,0,0,0.3463,0.129141845792285
"061121A",21.75351565,1.324282455,3.78753,1.41,-10.03011836,1.35185,1.90982337,0,0.9485,0,0,0,1.90181,-4.863279433,473.215443134795,1.75372402062083,14.3453835009,1.9881,100.603274315609,1.8274984225,3.64742530459816,0,0.89965225,0,0,0,3.6168812761,23.6514868434408,0.246558916936231,0.01265,0.01703,0.01585,0.002358211,0,0,0,0,0.006308365,0.03,0.009468031,"061121A",0,0,0,0,0,0,0,0,0,0,0,0,0,0,0,1.314,0.364363354615731
"061126A",21.38058204,0.989449818,3.6453219417273,1.32,-10.5896872768966,1.19154886858262,2.281033367,3.5801,0.904331530036894,-12.3053,0.922285,0.82,1.9269241917552,-5.169411331,457.129288369171,0.979010942340233,13.2883720588385,1.7424,112.141476622466,1.41978870622052,5.20311322136736,12.81711601,0.81781551621887,151.42040809,0.850609621225,0.6724,3.71303684077143,26.7228135090712,0.0692396240032236,0.833297516464585,0.470992604341124,0.244784839849413,0.17402687165464,0.08165,0.101225,0.025959,0.09,0.0190994093843814,0.06,0.0246693811930976,"061126A",1,5.34514551,0.2473624545,0.911330485431825,0.33,-2.64742181922415,0.297887217145655,0.57025834175,0.895025,0.226082882509224,-3.076325,0.23057125,0.205,0.4817310479388,-1.29235283275,1.1588,0.334212409393176
"061222A",22.56660835,0.930949031,3.92091,1.35,-9.954677021,1.35061,1.853698212,0,0.86,0,0,0,1.92748,-5.097453221,509.25181242229,0.866666098319839,15.3735352281,1.8225,99.0955945924254,1.8241473721,3.436197061172,0,0.7396,0,0,0,3.7151791504,25.9840293402833,0.0973208922530927,0.02311,0.024435,0.018075,0.005,0,0,0,0,0.008588051,0.04,0.013237581,"061222A",0,0,0,0,0,0,0,0,0,0,0,0,0,0,0,2.088,0.489677291663699
"070110A",21.3989672,-0.22184875,4.26825,1.58,-11.04866248,1.42725,1.946550511,0,1.186,0,0,0,2.08596,-5.790484985,457.915797226676,0.0492168678765625,18.2179580625,2.4964,122.07294259696,2.0370425625,3.78905889187436,0,1.406596,0,0,0,4.3512291216,33.5297163615105,0.0711120769415451,0.05475,0.053995,0.046555,0.12166788,0,0,0,0,0.028952965,0.12,0.086858896,"070110A",0,0,0,0,0,0,0,0,0,0,0,0,0,0,0,2.352,0.525304009958239
"070125A",21.1168251059769,0.461366700396796,4.1376737169557,1.66719216524827,-10.7144329683997,1.42067734582212,1.77815125,5.250332,0.869833402905479,-12.7448,1.779596,0.59,1.95142632719767,-5.49527903539734,445.920302556416,0.212859232235027,17.120343787986,2.77952971586521,114.79907383433,2.01832412093218,3.16182186787656,27.565986110224,0.756610148810125,162.42992704,3.166961923216,0.3481,3.80806471048019,30.1980916768775,0.199990220376636,0.833297516464585,0.470992604341124,0.244784839849413,0.17402687165464,0.027168,0.017308,0.052941,0.1,0.0330719907495403,0.177142407809118,0.0593602352348791,"070125A",1,5.27920627649423,0.115341675099199,1.03441842923892,0.416798041312067,-2.67860824209993,0.35516933645553,0.4445378125,1.312583,0.21745835072637,-3.1862,0.444899,0.1475,0.487856581799417,-1.37381975884934,1.55,0.406540180433955
"070208A",21.8647258,-0.045757491,3.44468,1.94,-10.86327943,1.2125,1.806179974,0,1.14,0,0,0,2.20341,-6.351639989,478.066234309186,0.00209374798261508,11.8658203024,3.7636,118.010839974261,1.47015625,3.26228609847864,0,1.2996,0,0,0,4.8550156281,40.3433305498639,0.153546286600926,0.1619,0.14114,0.06357,0.015,0,0.020312,0,0,0.098570208,0.36,0.106160873,"070208A",0,0,0,0,0,0,0,0,0,0,0,0,0,0,0,1.165,0.335457900689384
"070223A",21.70173804,-0.161150909,4.22335,1.85,-11.86327943,0.991734,1.9408513687054,0,1.03,0,0,0,2.25837,-5.769551079,470.965433956783,0.0259696154715263,17.8366852225,3.4225,140.737398834261,0.983536326756,3.76690403540562,0,1.0609,0,0,0,5.1002350569,33.2877196531901,0.0402373538487879,0.16615,0.203105,0.079308,0.06,0,0,0,0,0.018572476,0.072727273,0.130844061722848,"070223A",0,0,0,0,0,0,0,0,0,0,0,0,0,0,0,1.6295,0.419873175149476
"070306A",22.44245468,0.609594409,4.86926,1.66,-11.2737,1.89982,2.321184027,0,0.831,0,0,0,1.94468,-5.269217724,503.663772063854,0.371605343484059,23.7096929476,2.7556,127.09631169,3.6093160324,5.38789528719994,0,0.690561,0,0,0,3.7817803024,27.7646554229157,0.134263479640872,0.0335,0.02824,0.06188,0.001,0,0,0,0,0.02308703,0.1,0.022408315,"070306A",0,0,0,0,0,0,0,0,0,0,0,0,0,0,0,1.4959,0.397227181043161
"070411A",22.32139542,-0.040958608,3.34899837185609,1.72,-10.6220812730793,1.40009705614063,2.089021501,3.319089,0.887189358072951,-12.4597,1.33119,1.09,2.2428,-5.568636236,498.244693495997,0.00167760756929766,11.2157900946947,2.9584,112.828610571902,1.96027176661366,4.36401083164029,11.016351789921,0.787104957077895,155.24412409,1.7720668161,1.1881,5.03015184,31.0097095288922,0.199990220376636,0.833297516464585,0.470992604341124,0.244784839849413,0.17402687165464,0.115184,0.105245,0.219221,0.11,0.02493172,0.1,0.062042069,"070411A",1,5.580348855,-0.010239652,0.837249592964022,0.43,-2.65552031826982,0.350024264035158,0.52225537525,0.82977225,0.221797339518238,-3.114925,0.3327975,0.2725,0.5607,-1.392159059,2.95,0.59659709562646
"070508A",21.89306622,1.382017043,3.02525,1.1,-9.161150909,1.37377,1.320146286,0,0.764,0,0,0,1.82568,-4.707743929,479.306348513305,1.90997110714246,9.1521375625,1.21,83.9266859774715,1.8872440129,1.74278621643959,0,0.583696,0,0,0,3.3331074624,22.1628529010364,0.0152922340458476,0.010795,0.01189,0.013355,5e-04,0,0,0,0,0.006049102,0.060606061,0.010992516,"070508A",0,0,0,0,0,0,0,0,0,0,0,0,0,0,0,0.82,0.260071387985075
"070521A",22.27524914,0.814913181,3.55243,1.1,-10.01233374,1.44502,1.57863921,0,0.98,0,0,0,2.00022,-5.096367484,496.186724249071,0.664083492567539,12.6197589049,1.21,100.246826921142,2.0880828004,2.49210175534942,0,0.9604,0,0,0,4.0008800484,25.9729615319725,0.0323072045959819,0.04901,0.04844,0.0562,0.147518075,0,0,0,0,0.009596769,0.121212121,0.017957046,"070521A",0,0,0,0,0,0,0,0,0,0,0,0,0,0,0,2.0865,0.489466281303128
"070529A",22.56252244,0.155336037,3.09323,1.34,-10.24641694,1.21432,2.038222638,0,0.76,0,0,0,1.97999,-5.590066877,509.067418855503,0.0241292843908654,9.5680718329,1.7956,104.989060108319,1.4745730624,4.15435152205568,0,0.5776,0,0,0,3.9203604001,31.2488476893325,0.0794726286723922,0.0552,0.068045,0.03501,0.015,0,0,0,0,0.041401614,0.16,0.109332877,"070529A",0,0,0,0,0,0,0,0,0,0,0,0,0,0,0,2.4996,0.544018407858776
"070612A",21.2559971173378,0.178976947,3.86050351688266,1.69,-10.5188423780971,1.84856953988428,2.566790912,5.2145,0.898420909051471,-12.376,2.69428,1.1,1.97567939099548,-4.974694135,451.817413452273,0.0320327475574408,14.9034874038634,2.8561,110.646044975251,3.41720934378798,6.58841558592579,27.19101025,0.807160129820871,153.165376,7.2591447184,1.21,3.90330905600427,24.7475817368034,0.0563106258915239,0.833297516464585,0.470992604341124,0.244784839849413,0.17402687165464,0.35375,0.14528,0.53173,0.3333,0.024623678,0.1,0.109292651,"070612A",1,5.31399927933445,0.04474423675,0.965125879220665,0.4225,-2.62971059452427,0.46214238497107,0.641697728,1.303625,0.224605227262868,-3.094,0.67357,0.275,0.49391984774887,-1.24367353375,0.671,0.222976449893391
"070721B",21.89473409,0.176091259,3.94739,1.34,-10.50863831,2.5054,2.531478917,0,0.52,0,0,0,1.52512,-5.443697499,479.379380871808,0.0310081314962051,15.5818878121,1.7956,110.4314791304,6.27702916,6.40838550721549,0,0.2704,0,0,0,2.3259910144,29.6338424606189,0.0272330828957319,0.3648,0.10084,0.09144,0,0,0,0,0,0.024127471,0.11,0.086858896,"070721B",0,0,0,0,0,0,0,0,0,0,0,0,0,0,0,3.626,0.6652056284346
"070802A",21.91375294,-0.397940009,3.92184,1.79,-11.6716204,1.16348,1.214843848,0,0.78,0,0,0,1.99014,-6.552841969,480.212567915359,0.15835625076292,15.3808289856,3.2041,136.226722761696,1.3536857104,1.47584557502345,0,0.6084,0,0,0,3.9606572196,42.9397378706878,0.079968777148268,0.17395,0.236245,0.2088785,0.045,0,0,0,0,0.077552586,0.27,0.108573621,"070802A",0,0,0,0,0,0,0,0,0,0,0,0,0,0,0,2.45,0.537819095073274
"070810A",21.93100401,0.278753601,3.36583,2.04,-10.77728353,1.36994,1.041392685,5.07,1.02,-13.66,2.29,0.74,2.17076,-6.161150909,480.968936886636,0.0777035700704672,11.3288115889,4.1616,116.149840286009,1.8767356036,1.08449872437151,25.7049,1.0404,186.5956,5.2441,0.5476,4.7121989776,37.9597805234715,0.197037086589132,0.06175,0.07187,0.077915,0.01,0,0.04,0.053512,0,0.037764738,0.14,0.045715209,"070810A",0,0,0,0,0,0,0,0,0,0,0,0,0,0,0,2.17,0.501059262217751
"071003A",20.86974084,0.799340549,4.78411,1.36,-11.67760082,1.97901,2.170643023,5.23,0.837,-12.5021,1.961572,0.66,1.91015,-5.080921908,435.546082728764,0.638945313275621,22.8877084921,1.8496,136.366360911265,3.9164805801,4.71169113329858,27.3529,0.700569,156.30250441,3.847764711184,0.4356,3.6486730225,25.8157674351944,0.0131768929142836,0.1359,0.098505,0.183105,0.032,0,0,0,0,0.015697391,0.07,0.027574253,"071003A",0,0,0,0,0,0,0,0,0,0,0,0,0,0,0,1.60435,0.415699348887829
"071010A",22.13954852,-0.096910013,3.88681649665738,2.33,-10.8474741319093,1.66628733357104,0.77815125,5.172418,0.797189516298542,-13.1705,2.253787,0.61,2.33496,-6.698970004,490.159608669434,0.00939155061966017,15.107342478688,5.4289,117.667695042441,2.77651347801929,0.605519367876562,26.753907966724,0.635511124896303,173.46207025,5.079555841369,0.3721,5.4520382016,44.8761991144918,0.204728382319217,0.833297516464585,0.470992604341124,0.244784839849413,0.17402687165464,0.060832,0.033281,0.122333,0.12,0.086858896,0.37,0.162860431,"071010A",1,5.53488713,-0.02422750325,0.971704124164345,0.5825,-2.71186853297732,0.41657183339276,0.1945378125,1.2931045,0.199297379074635,-3.292625,0.56344675,0.1525,0.58374,-1.674742501,0.99,0.298853076409707
"071010B",21.30047157,0.886490725,3.6202806776732,1.53,-10.4212688075068,1.14122351433538,1.552668216,3.16101,0.909058639830606,-11.8207,0.633623,0.68,2.04061,-5.356547324,453.710089104378,0.785865805511026,13.1064321851339,2.3409,108.602843558314,1.302391109672,2.41077858897662,9.9919842201,0.826387610650671,139.72894849,0.401478106129,0.4624,4.1640891721,28.6925992342516,0.0563106258915239,0.833297516464585,0.470992604341124,0.244784839849413,0.17402687165464,0.0527,0.19345,0.053512,0.14,0.009870329,0.22,0.016920564,"071010B",1,5.3251178925,0.22162268125,0.9050701694183,0.3825,-2.6053172018767,0.285305878583845,0.388167054,0.7902525,0.227264659957651,-2.955175,0.15840575,0.17,0.5101525,-1.339136831,0.947,0.289365951520032
"071020A",20.99642367,0.924279286,2.311950854,1.11,-9.169411331,1.119196934,0.62324929,0,0.844,0,0,0,1.59788,-5.638272164,440.849806930136,0.85429219852867,5.34511675131133,1.2321,84.0781041570712,1.252601777075,0.388439677485504,0,0.712336,0,0,0,2.5532204944,31.7901129953372,0.0601790285006581,0.035099822,0.039262062,0.011153209,0.001,0,0,0,0,0.018882369,0.05,0.015510517,"071020A",0,0,0,0,0,0,0,0,0,0,0,0,0,0,0,2.145,0.497620649781288
"071025A",21.07108335,0.204119983,3.34355020820151,1.79,-10.6637530205739,1.45566284235609,2.376832349,3.37,0.847288095266334,-12.58,1.41,0.93,1.97502660214106,-5.187086643,443.990553542647,0.0416649674599203,11.1793279947644,3.2041,113.715628483799,2.11895431061621,5.64933201525286,11.3569,0.717897116380052,158.2564,1.9881,0.8649,3.90073007916486,26.905867841989,0.378773543191014,0.833297516464585,0.470992604341124,0.244784839849413,0.17402687165464,0.03,0.02,0.01,0.05,0.021297834433594,0.05,0.0778422962236166,"071025A",1,5.2677708375,0.05102999575,0.835887552050377,0.4475,-2.66593825514347,0.363915710589023,0.59420808725,0.8425,0.211822023816583,-3.145,0.3525,0.2325,0.493756650535265,-1.29677166075,5,0.778151250383644
"071112C",20.5643192,0.903089987,3.2788060984298,1.09,-10.3676965494686,1.42661571620875,1.176091259,2.56,0.805746943860528,-11.73,0.92,0.44,1.67267,-5.522878745,422.891224159489,0.81557152461966,10.7505694311004,1.1881,107.489131741863,2.0352324017338,1.38319064949621,6.5536,0.649228137540581,137.5929,0.8464,0.1936,2.7978249289,30.5021896319728,0.0563106258915239,0.833297516464585,0.470992604341124,0.244784839849413,0.17402687165464,0.01,0.02,0,0.11,0.057905931,0.07,0.05428681,"071112C",1,5.1410798,0.22577249675,0.81970152460745,0.2725,-2.59192413736715,0.356653929052188,0.29402281475,0.64,0.201436735965132,-2.9325,0.23,0.11,0.4181675,-1.38071968625,0.82,0.260071387985075
"071117A",22.04291793,1.053078443,3.901990464,1.57,-11.23542972,1.104952391,0.819543936,0,0.94,0,0,0,2.0457,-5.619788758,485.890230868716,1.1089742071113,15.2255295811469,2.4649,126.234880993059,1.22091978637662,0.671652263034372,0,0.8836,0,0,0,4.18488849,31.5820256845432,0.120079755643196,0.101024385,0.117162967,0.089387802,0.01,0,0,0,0,0.018095603,0.06,0.015373256,"071117A",0,0,0,0,0,0,0,0,0,0,0,0,0,0,0,1.331,0.367542273520577
"080310A",21.91952315,0.113943352,4.32608056,2.32,-11.3990271,1.59590648,2.560456622,0,0.878,0,0,0,2.09352,-5.638272164,480.465495123386,0.0129830874649959,18.7149730116099,5.3824,129.937818826534,2.54691749290599,6.55593811314365,0,0.770884,0,0,0,4.3828259904,31.7901129953372,0.0207895824764161,0.04247343,0.03798676,0.065276352,0.0375,0,0,0,0,0.037764738,0.16,0.066814536,"080310A",0,0,0,0,0,0,0,0,0,0,0,0,0,0,0,2.42,0.534026106056135
"080319B",20.8771334,1.394451681,5.36799912,1.04,-12.15181088,1.42250979,1.68090255756894,0,0.73,0,0,0,1.81426,-4.091514981,435.854699001396,1.94449549064373,28.8154145523208,1.0816,147.666507663286,2.02353410264584,2.8254334080418,0,0.5329,0,0,0,3.2915393476,16.7404948397474,0.00162180613819455,0.097779455,0.087626454,0.075139905,0,0,0,0,0,0.00536166,0.02,0.008755937,"080319B",0,0,0,0,0,0,0,0,0,0,0,0,0,0,0,0.937,0.287129620719111
"080319C",21.75037415,0.716003344,3.13508168214864,1.37,-10.5294137216002,1.79484864619511,1.531478917,3.23,0.809869354772691,-12.32,2,0.98,1.61029,-5.443697499,473.078775664988,0.512660788619182,9.82873715374395,1.8769,110.868553320623,3.22148166274842,2.34542767321549,10.4329,0.655888371799935,151.7824,4,0.9604,2.5930338841,29.6338424606189,0.0563106258915239,0.833297516464585,0.470992604341124,0.244784839849413,0.17402687165464,0.25,0.13,0.56,0.42,0.012063736,0.07,0.025055451,"080319C",1,5.4375935375,0.179000836,0.78377042053716,0.3425,-2.63235343040005,0.448712161548778,0.38286972925,0.8075,0.202467338693173,-3.08,0.5,0.245,0.4025725,-1.36092437475,1.95,0.469822015978163
"080330A",21.69090721,-0.045757491,3.6385783234938,2.53,-10.4548116240283,1.38892899973857,1.783188691,3.52,0.831709176627083,-11.98,1.13,0.42,2.25433,-6.468521083,470.49545559283,0.00209374798261508,13.239252216199,6.4009,109.303086093917,1.92912376631478,3.17976190771029,12.3904,0.6917401544857,143.5204,1.2769,0.1764,5.0820037489,41.8417650012155,0.0563106258915239,0.833297516464585,0.470992604341124,0.244784839849413,0.17402687165464,0.01,0.01,0,0.15,0.102186937,0.45,0.096509885,"080330A",1,5.4227268025,-0.01143937275,0.90964458087345,0.6325,-2.61370290600708,0.347232249934643,0.44579717275,0.88,0.207927294156771,-2.995,0.2825,0.105,0.5635825,-1.61713027075,1.51,0.399673721481038
"080411A",21.57289018,1.635483747,4.20932562,1.75,-10.11350927,1.28909841,1.748188027,0,0.91,0,0,0,1.97674,-4.578396073,465.38959071834,2.67480708670116,17.7184221751884,3.0625,102.283069754376,1.66177471066453,3.05616137774615,0,0.8281,0,0,0,3.9075010276,20.9617106012618,0.00776276208190557,0.06043543,0.049275581,0.010296793,0,0,0,0,0,0.001645055,0.03,0.009047802,"080411A",0,0,0,0,0,0,0,0,0,0,0,0,0,0,0,1.03,0.307496037913213
"080413B",21.31329763,1.271841607,4.02125089533227,1.26,-10.9873151461554,1.58328712979951,0.903089987,5.62,0.82310871762715,-13.54,2.29,0.74,1.93206,-5.494850022,454.256655864964,1.61758107329634,16.1704587632106,1.5876,120.721094120936,2.50679813538877,0.81557152461966,31.5844,0.677507961033811,183.3316,5.2441,0.5476,3.7328558436,30.1933767642734,0.0563106258915239,0.833297516464585,0.470992604341124,0.244784839849413,0.17402687165464,0.05,0.02,0.1,0.04,0.013571703,0.27,0.018579443,"080413B",1,5.3283244075,0.31796040175,1.00531272383307,0.315,-2.74682878653885,0.395821782449877,0.22577249675,1.405,0.205777179406787,-3.385,0.5725,0.185,0.483015,-1.3737125055,1.1,0.322219294733919
"080516A",22.03528962,0.255272505,3.77452827,1.82,-11.12090412,0.94016916,0.763427994,0,1.48,0,0,0,2.3315,-6.585026652,485.55398863728,0.065164051808975,14.2470636610292,3.3124,123.674508446233,0.883918049415106,0.582822302022864,0,2.1904,0,0,0,5.43589225,43.3625760075503,0.0159503209161228,0.077803665,0.111057696,0.084888358,0.03,0,0,0,0,0.066814536,0.27,0.072382414,"080516A",0,0,0,0,0,0,0,0,0,0,0,0,0,0,0,3.2,0.6232492903979
"080603A",20.9181675200872,0.365016103959771,3.71597793771408,1.8144820875664,-10.6231800499139,1.18102817339392,1.77815125,3.8,0.913088040614025,-12.4,0.98,0.85,2.0146549872069,-5.70558194498092,437.569732398431,0.13323675614997,13.8084920335778,3.29234524609932,112.851954372889,1.39482754635018,3.16182186787656,14.44,0.83372976991236,153.76,0.9604,0.7225,4.05883471747763,32.5536653308923,0.0692396240032236,0.833297516464585,0.470992604341124,0.244784839849413,0.17402687165464,0.03,0.03,0.02,0.31,0.0419982454796969,0.181989441665926,0.0645822859728094,"080603A",1,5.2295418800218,0.0912540259899428,0.92899448442852,0.4536205218916,-2.65579501247848,0.29525704334848,0.4445378125,0.95,0.228272010153506,-3.1,0.245,0.2125,0.503663746801725,-1.42639548624523,1.69,0.429752280002408
"080603B",21.31611509,0.544068044,3.86431583206583,1.21,-10.552337296697,1.31716665709133,1.77815125,4.19971,0.883236101131406,-12.2511,1.26607,0.62115,1.83449,-5.619788758,454.376762530126,0.296010036501986,14.9329368499546,1.4641,111.351822423263,1.73492800255315,3.16182186787656,17.6375640841,0.780106010341807,150.08945121,1.6029332449,0.3858273225,3.3653535601,31.5820256845432,0.0692396240032236,0.833297516464585,0.470992604341124,0.244784839849413,0.17402687165464,0.01515,0.014815,0.02688,0.06837,0.018095603,0.3,0.024816828,"080603B",1,5.3290287725,0.136017011,0.966078958016457,0.3025,-2.63808432417425,0.329291664272833,0.4445378125,1.0499275,0.220809025282852,-3.062775,0.3165175,0.1552875,0.4586225,-1.4049471895,2.6893,0.566943971856554
"080607A",22.38386741,1.36361198,3.46298403,1.31,-10.0540393,1.7256074,1.899984563,0,1.06,0,0,0,2.03418,-4.619788758,501.03752022846,1.85943763199952,11.992258392035,1.7161,101.083706245944,2.97772089893476,3.6099413396383,0,1.1236,0,0,0,4.1378882724,21.3424481685432,0.0179615292332226,0.11042072,0.069659314,0.037637388,0.02,0,0,0,0,0,0.04,0.02068069,"080607A",0,0,0,0,0,0,0,0,0,0,0,0,0,0,0,3.036,0.605951157564873
"080710A",20.89722339,0,4.09266933,1.47,-11.23284413,1.52133785,2.077948999,0,1.3,0,0,0,2.00149,-5.853871964,436.693945411563,0,16.7499422447226,2.1609,126.176787248875,2.31446885384262,4.3178720424451,0,1.69,0,0,0,4.0059622201,34.2678169709052,0.063286086716648,0.06269498,0.054210787,0.06401643,0.150517844,0,0,0,0,0.062042069,0.23,0.086858896,"080710A",0,0,0,0,0,0,0,0,0,0,0,0,0,0,0,0.845,0.265996370495079
"080810A",21.45079548,0.301029996,3.2687548,1.34,-9.931814138,1.44529526,2.03666881,0,1.079,0,0,0,2.11482,-5.337242168,460.136626724788,0.09061905849176,10.684757942523,1.7956,98.6409320717767,2.08887838857847,4.14801984162682,0,1.164241,0,0,0,4.4724636324,28.4861539598773,0.0173110727824034,0.031830706,0.039738688,0.036139295,0.0015,0,0,0,0,0.018882369,0.06,0.043429448,"080810A",0,0,0,0,0,0,0,0,0,0,0,0,0,0,0,3.35,0.638489256954637
"080905B",22.33533151,-0.301029996,3.67820615,1.78,-10.11125904,1.36946226,2.10720997,0,0.375,0,0,0,1.86248,-5.744727495,498.867033661599,0.09061905849176,13.5292004818978,3.1684,102.237559373982,1.87542688156431,4.4403338576674,0,0.140625,0,0,0,3.4688317504,33.001893991809,0.0951998384562338,0.03236457,0.038825489,0.033301752,0.00558525,0,0,0,0,0.048254942,0.15,0.086858896,"080905B",0,0,0,0,0,0,0,0,0,0,0,0,0,0,0,2.374,0.528145078253106
"080928A",21.51035195,0.322219295,4.08450503,1.77,-11.1260984,1.76031774,2.368584372,5.96,0.99,-12.8744,2.69428,0.9,2.13864,-5.602059991,462.695241012869,0.103825274070297,16.6831813400953,3.1329,123.790065606483,3.09871854575871,5.61019192728263,35.5216,0.9801,165.75017536,7.2591447184,0.81,4.5737810496,31.3830761427629,0.0386609346233468,0.064484035,0.047916769,0.075970735,0,0,0,0,0,0.034743559,0.12,0.02068069,"080928A",0,0,0,0,0,0,0,0,0,0,0,0,0,0,0,1.692,0.430075055551939
"081007A",21.69605744,0.414973348,3.58176278,2.51,-10.58502665,1.00469263,0.958563883,0,0.92,0,0,0,2.102,-6.148741651,470.718908439779,0.172202879550329,12.8290246121933,6.3001,112.04278918121,1.00940728077632,0.918844717792038,0,0.8464,0,0,0,4.418404,37.8070238907422,0.140327919478768,0.053161115,0.084284398,0.039134851,0.005,0,0,0,0,0.048934589,0.2,0.066814536,"081007A",0,0,0,0,0,0,0,0,0,0,0,0,0,0,0,0.5295,0.184549481320698
"081008A",21.1376737,0.113943352,3.85550833,1.69,-10.79317412,1.47398467,2.268297087,0,0.84,0,0,0,1.98207,-5.366531544,446.801249447672,0.0129830874649959,14.8649444826994,2.8561,116.492607584638,2.17263080739501,5.14517167489269,0,0.7056,0,0,0,3.9286014849,28.799660812747,0.0944643171466364,0.06052989,0.056285684,0.063988679,0.025,0.01,0,0.01,0,0.020199743,0.07,0.033407268,"081008A",0,0,0,0,0,0,0,0,0,0,0,0,0,0,0,1.9685,0.472537053262077
"081028A",20.90308999,-0.301029996,4.75426,1.25,-11.3994,2.20023,2.414973348,0,0.945,0,0,0,2.51,-5.431798276,436.939171130038,0.09061905849176,22.6029881476,1.5625,129.94632036,4.8410120529,5.83209627155033,0,0.893025,0,0,0,6.3001,29.5044325111566,0.0544346314312377,0.0572,0.03025,0.054715,5e-04,0,0,0,0,0.023475377,0.38,0.086858896,"081028A",0,0,0,0,0,0,0,0,0,0,0,0,0,0,0,3.038,0.60616631460762
"081029A",21.49704581,-0.301029996,4.48156171,1.43,-11.86327943,2.51960373,2.431283332,0,0.87,0,0,0,1.95818,-5.677780705,462.122978557239,0.09061905849176,20.0843953605381,2.0449,140.737398834261,6.34840295622991,5.91113864046102,0,0.7569,0,0,0,3.8344689124,32.2371937340703,0.0734942688403521,0.083250805,0.04285341,0.169198521,0.001,0,0,0,0,0.041361379,0.18,0.173717793,"081029A",0,0,0,0,0,0,0,0,0,0,0,0,0,0,0,3.8479,0.685553652846326
"081203A",21.66176916,0.462397998,4.02089,1.54,-10.9243983,1.86904,2.46834733,0,0.82,0,0,0,2.03508,-5.113509275,469.232243141127,0.213811908554408,16.1675563921,2.3716,119.342478217043,3.4933105216,6.09273854151813,0,0.6724,0,0,0,4.1415506064,26.147977105511,0.122562443871835,0.05695,0.03932,0.064395,0.0325,0,0,0,0,0.016920564,0.06,0.029951344,"081203A",0,0,0,0,0,0,0,0,0,0,0,0,0,0,0,2.1,0.491361693834273
"081221A",21.57331844,1.260071388,2.93195749,1.21,-9.354577731,1.23586126,1.531478917,0,0.991,0,0,0,2.4947,-4.742321425,465.408068513644,1.58777990285625,8.5963747231671,1.4641,87.5081245253211,1.52735305396879,2.34542767321549,0,0.982081,0,0,0,6.22352809,22.489612498014,0.0102431891789539,0.0249855,0.031176651,0.012861856,5e-04,0,0,0,0,0.007198251,0.13,0.011931167,"081221A",0,0,0,0,0,0,0,0,0,0,0,0,0,0,0,2.26,0.513217600067939
"081228A",21.16936021,-0.22184875,3.04775709242877,2.1,-10.8281844573803,1.35342897866245,0.477121255,2.80122,0.85780438156181,-12.9876,1.18347,1.24,2.11824052948599,-7.050609993,448.141811700731,0.0492168678765625,9.28882329444987,4.41,117.249578643052,1.83177000028328,0.227644691972775,7.8468334884,0.735828357026639,168.67775376,1.4006012409,1.5376,4.48694294075709,49.7111012733915,0.0692396240032236,0.833297516464585,0.470992604341124,0.244784839849413,0.17402687165464,0.0492,0.047595,0.036055,0.285,0.0674679414874554,0.31,0.103319586082909,"081228A",1,5.2923400525,-0.0554621875,0.761939273107192,0.525,-2.70704611434507,0.338357244665613,0.11928031375,0.700305,0.214451095390453,-3.2469,0.2958675,0.31,0.529560132371497,-1.76265249825,3.44,0.64738297011462
"081230A",20.67248024,-0.15490196,3.66959365,1.97,-11.32975415,0.99376498,0.907209226455443,0,1.02,0,0,0,2.08621,-6.086186148,427.35143927319,0.0239946172118416,13.4659175561203,3.8809,128.363329099442,0.9875688354744,0.823028580565883,0,1.0404,0,0,0,4.3522721641,37.0416618281071,0.740704337003766,0.0701444,0.08735027,0.040381418,0.02,0,0,0,0,0.02568693,0.096969697,0.142225970771007,"081230A",0,0,0,0,0,0,0,0,0,0,0,0,0,0,0,2.1,0.491361693834273
"090102A",21.72376179,0.740362689,3.15380077,1.36,-9.457174573,1.42487631,1.432006687,0,0.667,0,0,0,1.76997,-7.167491087,471.921826308664,0.548136911263311,9.94645929685259,1.8496,89.4381509041977,2.03027249879922,2.05064315161272,0,0.444889,0,0,0,3.1327938009,51.3729284822244,0.0359770577590371,0.036239983,0.041590346,0.021786596,0.002673458,0,0,0,0,0.019160051,0.08,0.063170107,"090102A",0,0,0,0,0,0,0,0,0,0,0,0,0,0,0,1.547,0.406028944963615
"090205A",21.81792086,-0.301029996,3.70655,2.15,-11.3419886,1.29089,0.944482672,0,1.01,0,0,0,2.03416,-6.721246399,476.021670653223,0.09061905849176,13.7385129025,4.6225,128.64070540253,1.6663969921,0.89204751770826,0,1.0201,0,0,0,4.1378069056,45.1751531560705,0.0885407574117407,0.13445,0.114585,0.084185,0.025,0,0,0,0,0.068572813,0.23,0.086858896,"090205A",0,0,0,0,0,0,0,0,0,0,0,0,0,0,0,4.6497,0.752025387323213
"090313A",22.44115763,-0.096910013,3.71434945774789,1.91,-10.2720737674644,1.2178153141461,1.893872679,3.487381,0.982695646948066,-11.4731,0.938086,1,2.07619,-5.853871964,503.605555774507,0.00939155061966017,13.796391894272,3.6481,105.51549948423,1.48307413936876,3.58675372426264,12.161826239161,0.965690734530678,131.63202361,0.880005343396,1,4.3105649161,34.2678169709052,0.378773543191014,0.833297516464585,0.470992604341124,0.244784839849413,0.17402687165464,0.110788,0.148455,0.040385,0.103,0.062042069,0.29,0.162860431,"090313A",1,5.6102894075,-0.02422750325,0.928587364436973,0.4775,-2.5680184418661,0.304453828536525,0.47346816975,0.87184525,0.245673911737016,-2.868275,0.2345215,0.25,0.5190475,-1.463467991,3.38,0.6414741105041
"090418A",22.02365981,0.278753601,3.52813657,1.48,-10.04720756,1.52909667,1.748188027,0,0.98,0,0,0,2.03408,-5.337242168,485.041591426609,0.0777035700704672,12.4477476565714,2.1904,100.946379753721,2.33813662620509,3.05616137774615,0,0.9604,0,0,0,4.1374814464,28.4861539598773,0.0320230997079162,0.028659405,0.030759021,0.042154514,0.003531332,0,0,0,0,0.018882369,0.07,0.068572813,"090418A",0,0,0,0,0,0,0,0,0,0,0,0,0,0,0,1.608,0.416307587059883
"090423A",22.7516324,0.230448921,3.91521772,0.8,-11.2798407,1.43267533,0.989894564,0,0.77,0,0,0,1.8158,-6.229147988,517.63677686473,0.0531067051900642,15.328929795002,0.64,127.234806217376,2.05255860119061,0.97989124783675,0,0.5929,0,0,0,3.29712964,38.8022846564045,0.047195797531391,0.08569564,0.077643595,0.064053366,0.005,0,0,0,0,0.029443694,0.5,0.051093469,"090423A",0,0,0,0,0,0,0,0,0,0,0,0,0,0,0,8.26,0.966610986681934
"090424A",21.63012977,1.851258349,2.99599056,1.19,-9.050609993,1.1284106,1.681241237,0,0.924,0,0,0,1.96315,-4.677780705,467.86251386704,3.42715747474221,8.97595943560911,1.4161,81.9135412453915,1.27331048219236,2.82657209698929,0,0.853776,0,0,0,3.8539579225,21.8816323240703,0.0205611924585667,0.011257098,0.013394814,0.005546887,0,0,0,0,0,0,0.15,0.012233647,"090424A",0,0,0,0,0,0,0,0,0,0,0,0,0,0,0,0.544,0.188647295999717
"090519A",22.13069392,-0.22184875,3.44619,1.02,-11.76000021,1.42452,1.806179974,0,0.63,0,0,0,1.46604,-5.920818754,489.767613380725,0.0492168678765625,11.8762255161,1.0404,138.2976049392,2.0292572304,3.26228609847864,0,0.3969,0,0,0,2.1492732816,35.0560947177181,0.0559162050267847,0.21145,0.24029,0.3065,0.03,0,0,0,0,0.036191207,0.2,0.144764827,"090519A",0,0,0,0,0,0,0,0,0,0,0,0,0,0,0,3.85,0.685741738602264
"090529A",21.03780485,-0.397940009,4.472757799,2,-12.1873998,0.8815438,1.837651558,0,0.64,0,0,0,2.22623,-6.167491087,442.589232906684,0.15835625076292,20.0055623285153,4,148.53271388504,0.77711947131844,3.37696324861983,0,0.4096,0,0,0,4.9561000129,38.0379463082244,0.0664439832683159,0.11547934,0.21900534,0.113675222,0.125,0,0.02,0,0,0.10857362,0.3,0.108573621,"090529A",0,0,0,0,0,0,0,0,0,0,0,0,0,0,0,2.625,0.559308010907013
"090530A",20.90942658,0.397940009,3.6839464,1.61,-11.16052195,0.88610581,1.681241237,0,1.09,0,0,0,2.03975,-5.958607315,437.204119904411,0.15835625076292,13.571461078073,2.5921,124.557250196432,0.785183506515756,2.82657209698929,0,1.1881,0,0,0,4.1605800625,35.5050011343715,0.323703994876218,0.089175625,0.115365029,0.038514202,0.035,0,0,0,0,0.039481317,0.17,0.052115338,"090530A",0,0,0,0,0,0,0,0,0,0,0,0,0,0,0,1.266,0.355259905527378
"090618A",21.39200012,1.589949601,3.67275453,1.42,-9.640164518,1.30942861,2.05388479,0,0.8945,0,0,0,1.82831,-3.978810701,457.61766913408,2.52793973372006,13.4891258376355,2.0164,92.9327719341062,1.71460328468653,4.21844273059334,0,0.80013025,0,0,0,3.3427174561,15.8309345943921,0.00227692361547263,0.009695255,0.014245613,0.010591616,0.002482662,0,0,0,0,0.004136138,0.08,0.008931506,"090618A",0,0,0,0,0,0,0,0,0,0,0,0,0,0,0,0.54,0.187520720836463
"090726A",22.02689264,-0.15490196,3.45991938642615,2.25,-10.5476439906609,1.23938142397095,1.773054693,3.354189,0.96419891146577,-12.2265,1.086752,1.3,2.4288,-6.065501549,485.183999374086,0.0239946172118416,11.9710421605675,5.0625,111.252793753725,1.53606631408426,3.14372294436932,11.250583847721,0.929679540871776,149.48730225,1.181029909504,1.69,5.89906944,36.7903090409214,0.199990220376636,0.833297516464585,0.470992604341124,0.244784839849413,0.17402687165464,0.098827,0.0975,0.195492,0.11,0.050499358,0.19,0.124084138,"090726A",1,5.50672316,-0.03872549,0.864979846606537,0.5625,-2.63691099766522,0.309845355992737,0.44326367325,0.83854725,0.241049727866442,-3.056625,0.271688,0.325,0.6072,-1.51637538725,2.71,0.569373909615046
"090809A",21.91952315,0.041392685,4.56066,1.34,-11.8559,1.6367,0.73239376,0,0.96,0,0,0,1.94644,-6.468521083,480.465495123386,0.00171335437150922,20.7996196356,1.7956,140.56236481,2.67878689,0.536400619686938,0,0.9216,0,0,0,3.7886286736,41.8417650012155,0.0978170519448906,0.338,0.237865,0.319405,0.01,0,0,0,0,0.063866836,0.24,0.078962633,"090809A",0,0,0,0,0,0,0,0,0,0,0,0,0,0,0,2.737,0.572523097849638
"090812A",21.77771022,0.556302501,3.52924,1.24,-10.16730017,1.37252,1.824125834,0,0.53,0,0,0,1.88559,-5.236572006,474.268662426292,0.309472472618855,12.4555349776,1.5376,103.373992746882,1.8838111504,3.3274350582662,0,0.2809,0,0,0,3.5554496481,27.4216863740229,0.0954430381608785,0.10615,0.13258,0.08412,0.015,0,0,0,0,0.014975672,0.05,0.024127471,"090812A",0,0,0,0,0,0,0,0,0,0,0,0,0,0,0,2.452,0.538070787043172
"090927A",21.01785522,0.301029996,4.20121889,1.8,-11.6716204,1.13087741,0.342422681,0,0.92,0,0,0,2.06549,-6.698970004,441.750238048881,0.09061905849176,17.6502401616928,3.24,136.226722761696,1.27888371644831,0.117253292463228,0,0.8464,0,0,0,4.2662489401,44.8761991144918,0.0791400972158072,0.076268475,0.093241949,0.074843971,0.01,0,0,0,0,0.065144172,0.2,0.043429448,"090927A",0,0,0,0,0,0,0,0,0,0,0,0,0,0,0,1.37,0.374748346010104
"091018A",21.19187281,1.012837225,2.89655535,1.77,-9.627087997,1.18074867,0.639486489,0,0.91,0,0,0,1.98015,-5.853871964,449.095473195217,1.0258392443457,8.39003289561362,3.1329,92.6808233019815,1.39416742170677,0.408942969613547,0,0.8281,0,0,0,3.9209940225,34.2678169709052,0.0598714492362227,0.024288603,0.034497878,0.016335114,0.002061639,0,0,0,0,0.031021034,0.24,0.016865805,"091018A",0,0,0,0,0,0,0,0,0,0,0,0,0,0,0,0.971,0.294686624279443
"091020A",21.70587483,0.62324929,2.95265011,1.53,-9.71219827,1.17417264,1.590061231,0,0.895,0,0,0,2.08587,-5.431798276,471.145002135627,0.388439677485504,8.71814267208301,2.3409,94.326795235791,1.37868138852457,2.52829471832924,0,0.801025,0,0,0,4.3508536569,29.5044325111566,0.0544128110188212,0.034480687,0.045271255,0.018244861,0.002182887,0.03,0,0.036055,0,0.011737689,0.07,0.031021034,"091020A",0,0,0,0,0,0,0,0,0,0,0,0,0,0,0,1.71,0.432969290874406
"091024A",22.23512426,0.301029996,3.80877827871158,1.2,-10.1346733131836,1.58453239672165,1.995196292,3.97,0.905700019549184,-11.21,1.63,0.64,1.49013,-5.214670165,494.40075085764,0.09061905849176,14.5067919763851,1.44,102.711603164956,2.51074291626046,3.98080824361055,15.7609,0.820292525411392,125.6641,2.6569,0.4096,2.2204874169,27.1927849297411,0.0563106258915239,0.833297516464585,0.470992604341124,0.244784839849413,0.17402687165464,0.04,0.03,0.04,0.29,0.021358745,0.08,0.065144172,"091024A",1,5.558781065,0.075257499,0.952194569677895,0.3,-2.5336683282959,0.396133099180413,0.498799073,0.9925,0.226425004887296,-2.8025,0.4075,0.16,0.3725325,-1.30366754125,1.09,0.320146286111054
"091029A",21.45058625,0.255272505,4.30368998,1.46,-11.34678749,1.12123368,1.593286067,0,1.064,0,0,0,2.11535,-5.619788758,460.127650468689,0.065164051808975,18.5217474439524,2.1316,128.74958634322,1.25716496516634,2.53856049129633,0,1.132096,0,0,0,4.4747056225,31.5820256845432,0.0535069670717355,0.02563352,0.034224003,0.026782025,0.002,0,0,0,0,0.018095603,0.27,0.024127471,"091029A",0,0,0,0,0,0,0,0,0,0,0,0,0,0,0,2.752,0.574262829707027
"091109A",21.89596701,0.113943352,3.37933883,1.31,-11.14630179,1.06152816,1.681241237,0,0.89,0,0,0,1.96352,-5.795880017,479.433371303008,0.0129830874649959,11.4199309279458,1.7161,124.240043593757,1.12684203447299,2.82657209698929,0,0.7921,0,0,0,3.8554107904,33.5922251714599,0.15117163716416,0.05941034,0.074268877,0.033719571,0.03,0,0,0,0,0.05428681,0.25,0.133629071,"091109A",0,0,0,0,0,0,0,0,0,0,0,0,0,0,0,3.076,0.610234175334389
"091127A",20.87872913,1.667452953,3.98466812,2.05,-9.844663963,1.39581701,0.84260924,0,0.758,0,0,0,1.80187,-5.045757491,435.921330083911,2.78039935046842,15.8775800265443,4.2025,96.9174085443909,1.94830512540534,0.709990331333378,0,0.574564,0,0,0,3.2467354969,25.4596686579826,0.0093822306004846,0.018562516,0.021935207,0.013587309,0.00244132,0,0,0,0,0.014476483,0.07,0.025217099,"091127A",0,0,0,0,0,0,0,0,0,0,0,0,0,0,0,0.49,0.173186268412274
"091208B",21.91211094,1.181843588,3.31388094,1.74,-10.18045606,1.1606541,1.173186268,0,0.86,0,0,0,2.03333,-5.48148606,480.140605846868,1.39675426649671,10.9818068844953,3.0276,103.641685589591,1.34711793984681,1.37636601942377,0,0.7396,0,0,0,4.1344308889,30.0466894259743,0.0844607534610546,0.036806415,0.052928177,0.030502454,0.034663611,0,0,0,0,0.026320878,0.11,0.028572005,"091208B",0,0,0,0,0,0,0,0,0,0,0,0,0,0,0,1.063,0.314499227973151
"100219A",22.07736427,-0.397940009,3.18236502282928,1.34,-10.7764298407244,1.52685295616106,1.274157849,3.37,0.861664216956449,-12.92,1.67,1.27,1.58721,-6.431798276,487.410013110273,0.15835625076292,10.1274471385272,1.7956,116.131440112055,2.33127994973777,1.62347822416831,11.3569,0.74246522278317,166.9264,2.7889,1.6129,2.5192355841,41.3680290631566,0.204728382319217,0.833297516464585,0.470992604341124,0.244784839849413,0.17402687165464,0.1,0.07,0.18,0.08,0.070426132,0.25,0.10857362,"100219A",1,5.5193410675,-0.09948500225,0.79559125570732,0.335,-2.6941074601811,0.381713239040265,0.31853946225,0.8425,0.215416054239112,-3.23,0.4175,0.3175,0.3968025,-1.607949569,4.67,0.753583058892907
"100316B",21.41315218,0.113943352,3.5543767,2.23,-11.1481304,1.36246063,0.579783597,0,1.08,0,0,0,2.23535,-6.698970004,458.523086283839,0.0129830874649959,12.6335937255029,4.9729,124.280811415404,1.8562989683,0.336149019350258,0,1.1664,0,0,0,4.9967896225,44.8761991144918,0.0508837165764397,0.10431242,0.207348761,0.13322096,0.02,0,0,0,0,0.043429448,0.18,0.033407268,"100316B",0,0,0,0,0,0,0,0,0,0,0,0,0,0,0,1.18,0.338456493604605
"100418A",21.35024026,0,5.54363,2.16,-12.48811664,1.81145,0.84509804,0,0.84,0,0,0,2.26662,-6.468521083,455.832759159725,0,30.7318335769,4.6656,155.953057214245,3.2813511025,0.714190697211842,0,0.7056,0,0,0,5.1375662244,41.8417650012155,0.059763875267383,0.10745,0.075475,0.16786,0.01,0,0,0,0,0.063866836,0.25,0.086858896,"100418A",0,0,0,0,0,0,0,0,0,0,0,0,0,0,0,0.6235,0.21045229296202
"100425A",20.53466438,0.146128036,3.60199415,2.42,-11.50168945,0.86819371,1.568201724,0,1.46,0,0,0,2.17077,-6.327902142,421.672441199241,0.0213534029052173,12.9743618566342,5.8564,132.288860204241,0.753760318083564,2.45925664715657,0,2.1316,0,0,0,4.7122423929,40.0423455187282,0.0442926372724909,0.070859065,0.115125536,0.055076895,0.035,0,0,0,0,0.083162773,0.32,0.062042069,"100425A",0,0,0,0,0,0,0,0,0,0,0,0,0,0,0,1.755,0.440121603187804
"100513A",22.05240534,-0.22184875,3.74522911,1.62,-11.57186521,0.96306136,1.924279286,0,1.36,0,0,0,2.25722,-5.853871964,486.30858127966,0.0492168678765625,14.0267410863914,2.6244,133.908064438408,0.92748718312505,3.70285077052867,0,1.8496,0,0,0,5.0950421284,34.2678169709052,0.0768849139302361,0.09817689,0.128616618,0.061569437,0.025,0,0,0,0,0.031021034,0.14,0.072382414,"100513A",0,0,0,0,0,0,0,0,0,0,0,0,0,0,0,4.772,0.761326322421457
"100704A",21.52730245,0.633468456,3.62503495,1.73,-10.35163999,1.01294211,2.2955671,0,1.29,0,0,0,2.11575,-5.22184875,463.424750773776,0.401282284747024,13.1408783887215,2.9929,107.156450482567,1.02605171821125,5.26962831060241,0,1.6641,0,0,0,4.4763980625,27.2677043678766,0.0511462884983093,0.04763446,0.053639373,0.01813996,0.01,0,0,0,0,0.014476483,0.06,0.020199743,"100704A",0,0,0,0,0,0,0,0,0,0,0,0,0,0,0,3.6,0.662757831681574
"100728A",21.52592288,0.707570176,4.03148606,1.18,-10.17587417,1.5588143,2.297760511,0,0.96,0,0,0,1.90402,-4.420216403,463.365355835707,0.500655553964671,16.2528798519743,1.3924,103.548415123673,2.42990202188449,5.27970336591098,0,0.9216,0,0,0,3.6252921604,19.5383130493503,0.0276692267863542,0.0760751,0.053762484,0.034265796,0.005,0,0,0,0,0,0.02,0.017031156,"100728A",0,0,0,0,0,0,0,0,0,0,0,0,0,0,0,1.567,0.409425868671443
"100814A",20.89608288,0.397940009,5.22729477,1.47,-11.49349497,1.76532941,2.241795431,5.62,1.1425,-12.89,2.14,0.68,1.89414,-5.045757491,436.646279727829,0.15835625076292,27.3246106124694,2.1609,132.100426625415,3.11638792581095,5.02564675445248,31.5844,1.30530625,166.1521,4.5796,0.4624,3.5877663396,25.4596686579826,0.0235643330529017,0.04362636,0.035347138,0.084015169,0.01745135,0.01,0,0,0,0.009650988,0.04,0.034743559,"100814A",0,0,0,0,0,0,0,0,0,0,0,0,0,0,0,1.44,0.387389826338729
"100816A",21.34783526,1.037426498,3.97801299,0.73,-11.5559552,1.04455013,0.462397998,0,1.09,0,0,0,1.91138,-5.698970004,455.730070288099,1.07625373875254,15.8245873486087,0.5329,133.540100584407,1.09108497408302,0.213811908554408,0,1.1881,0,0,0,3.6533735044,32.4782591064918,0.0930248425840856,0.08674922,0.112014005,0.047175154,0.015,0,0,0,0,0.021714724,0.24,0.015937412,"100816A",0,0,0,0,0,0,0,0,0,0,0,0,0,0,0,0.804,0.256236533205923
"100901A",21.53188109,-0.096910013,4.91124,1.52,-11.34103516,1.50754,2.64246452,0,1.075,0,0,0,1.98285,-5.677780705,463.6219032739,0.00939155061966017,24.1202783376,2.3104,128.619078500356,2.2726768516,6.98261873945883,0,1.155625,0,0,0,3.9316941225,32.2371937340703,0.0223211438768381,0.0283,0.02425,0.036255,5e-04,0,0,0,0,0.062042069,0.21,0.10857362,"100901A",0,0,0,0,0,0,0,0,0,0,0,0,0,0,0,1.408,0.381656482585787
"100906A",21.96198081,1.004321374,3.94074768,1.78,-10.4698003,1.71220056,2.058426024,0,0.87,0,0,0,2.02817,-4.920818754,482.328601098808,1.00866142227325,15.5294922774254,3.1684,109.61671832188,2.93163075766431,4.23711769628045,0,0.7569,0,0,0,4.1134735489,24.2144572097181,0.00604043448603348,0.048743085,0.039933316,0.059340084,0,0,0,0,0,0,0.03,0.017199781,"100906A",0,0,0,0,0,0,0,0,0,0,0,0,0,0,0,1.727,0.43568513794163
"101219B",20.49692965,-0.22184875,4.42003952,1.56,-11.99567863,0.66918137,1.531478917,5.172418,0.94,-12.2295,0.923123,0.32,1.85684,-5.677780705,420.124125077049,0.0492168678765625,19.5367493583618,2.4336,143.896305794239,0.447803705955077,2.34542767321549,26.753907966724,0.8836,149.56067025,0.852156073129,0.1024,3.4478547856,32.2371937340703,0.0692396240032236,0.089446275,0.166829365,0.039390628,0.105,0,0,0,0,0.082722758,0.16,0.217147241,"101219B",0,0,0,0,0,0,0,0,0,0,0,0,0,0,0,0.55,0.190331698170291
"101225A",21.11770968,-0.338610804708651,4.30087089160906,1.82,-11.2927372566098,0.751816972390615,3.036628895,5.38,0.908147581251555,-14.1,0.7,0.7,1.81612,-5.721246399,445.957662128766,0.11465727706544,18.4974904262901,3.3124,127.525914746823,0.565228759974591,9.22111504594892,28.9444,0.82473202933305,198.81,0.49,0.49,3.2982918544,32.7326603580705,0.0692396240032236,0.833297516464585,0.470992604341124,0.244784839849413,0.17402687165464,0.06,0.17,0.08,0.0303,0.091430417,0.32,0.109322034911467,"101225A",1,5.27942742,-0.0846527011771628,1.07521772290227,0.455,-2.82318431415245,0.187954243097654,0.75915722375,1.345,0.227036895312889,-3.525,0.175,0.175,0.45403,-1.43031159975,0.33,0.123851640967086
"110205A",21.37042981,0.556302501,3.80504269179872,1.8,-10.8137196917737,1.54499744514626,2.409933123,4.79,0.830518906390328,-13.04,1.95,0.74,1.93577,-4.769551079,456.695270264137,0.309472472618855,14.4783498864108,3.24,116.936533572254,2.38701710550847,5.80777765733253,22.9441,0.689761653871786,170.0416,3.8025,0.5476,3.7472054929,22.7486174951901,0.204728382319217,0.833297516464585,0.470992604341124,0.244784839849413,0.17402687165464,0.06,0.03,0.11,0.04,0,0.04,0.024127471,"110205A",1,5.3426074525,0.13907562525,0.95126067294968,0.45,-2.70342992294343,0.386249361286565,0.60248328075,1.1975,0.207629726597582,-3.26,0.4875,0.185,0.4839425,-1.19238776975,2.21,0.506505032404872
"110213A",21.56708403,0.204119983,3.84089,1.83,-9.896196279,1.8412,1.681241237,0,1.1905,0,0,0,1.96436,-5.229147988,465.139113557081,0.0416649674599203,14.7524359921,3.3489,97.9347007924934,3.39001744,2.82657209698929,0,1.41729025,0,0,0,3.8587102096,27.3439886804045,0.14476482742628,0.03588,0.023515,0.02785,0.226362665,0.026476,0.039841,0.01,0,0.029443694,0.12,0.162860431,"110213A",0,0,0,0,0,0,0,0,0,0,0,0,0,0,0,1.46,0.390935107103379
"110422A",22.02088312,1.487138375,3.50066971,0.86,-9.681936665,1.42239886,1.413299764,0,0.778,0,0,0,1.89199,-4.387216143,484.919293384701,2.21158054639764,12.2546884185115,0.7396,93.7398975850713,2.0232185169293,1.99741622292246,0,0.605284,0,0,0,3.5796261601,19.2476654853998,0.00950159657676303,0.024137407,0.029472713,0.022779716,0.005,0,0,0,0,0.010592548,0.1,0.0141464,"110422A",0,0,0,0,0,0,0,0,0,0,0,0,0,0,0,1.77,0.442479769064449
"110503A",21.13638759,0.130333768,2.54166555,0.88,-9.08249449,1.14649063,1,0,0.687,0,0,0,1.90907,-5,446.746880354706,0.0169868910810778,6.4600637680568,0.7744,82.4917061608804,1.3144407646778,1,0,0.471969,0,0,0,3.6445482649,25,0.147896600362852,0.028998071,0.028887961,0.006289914,0.001,0,0,0,0,0.017371779,0.25,0.019301977,"110503A",0,0,0,0,0,0,0,0,0,0,0,0,0,0,0,1.613,0.417139409727326
"110715A",22.0746007,1.731588765,2.61109719,1.25,-9.075720714,0.95853538,1.113943352,0,0.755,0,0,0,1.85342,-4.928117993,487.287996064441,2.99839965107422,6.8178285356259,1.5625,82.3687064785287,0.918790074711744,1.240869791465,0,0.570025,0,0,0,3.4351656964,24.2863469529303,0.133629071449258,0.02377653,0.035600881,0.009554076,0.0015,0,0,0,0,0.007360923,0.12,0.008863153,"110715A",0,0,0,0,0,0,0,0,0,0,0,0,0,0,0,0.82,0.260071387985075
"110731A",21.95954126,1.041392685,5.08952072,1.15,-12.08512818,1.42351927,1.588831726,5.23,0.39,-13.1705,1.33,0.32,1.85145,-5.22184875,482.221452349642,1.08449872437151,25.9032211593093,1.3225,146.05032312703,2.02640711206133,2.52438625354414,27.3529,0.1521,173.46207025,1.7689,0.1024,3.4278671025,27.2677043678766,0.130539784388153,0.097418495,0.090702815,0.110855301,0.13,0,0,0,0,0.007238241,0.05,0.011844395,"110731A",0,0,0,0,0,0,0,0,0,0,0,0,0,0,0,2.83,0.583198773968623
"110801A",21.39050236,0.041392685,3.72373157188184,1.84,-10.3682628195741,1.47371747403975,2.58546073,4.036448,0.937282091582539,-11.822,1.59481,1,2.04784,-5.327902142,457.553591213166,0.00171335437150922,13.8661768194296,3.3856,107.500873895763,2.1718431932901,6.68460718637213,16.292912456704,0.878497719201339,139.759684,2.5434189361,1,4.1936486656,28.3865412347282,0.199990220376636,0.833297516464585,0.470992604341124,0.244784839849413,0.17402687165464,0.034931,0.030996,0.044803,0.06,0.027720924,0.1,0.078962633,"110801A",1,5.34762559,0.01034817125,0.93093289297046,0.46,-2.59206570489353,0.368429368509938,0.6463651825,1.009112,0.234320522895635,-2.9555,0.3987025,0.25,0.51196,-1.3319755355,1.858,0.456062224454951
"110808A",20.93735437,-0.397940009,4.50711,2.32,-12.08440021,0.807091,1.681241237,0,1.4,0,0,0,2.33721,-6.48148606,438.372808014958,0.15835625076292,20.3140405521,5.3824,146.032728435448,0.651395882281,2.82657209698929,0,1.96,0,0,0,5.4625505841,42.0096615459743,0.204728382319217,0.0837,0.155655,0.0776,0.025,0,0,0,0,0.105283511,0.43,0.217147241,"110808A",0,0,0,0,0,0,0,0,0,0,0,0,0,0,0,1.348,0.370698092575577
"110818A",22.06812647,0.204119983,3.84627415,1.58,-11.28316228,1.37167718,2.012837225,0,0.83,0,0,0,1.95985,-5.397940009,487.002205895915,0.0416649674599203,14.7938248369582,2.4964,127.309751036815,1.88149828613275,4.0515136943457,0,0.6889,0,0,0,3.8410120225,29.1377563407629,0.0761271870594219,0.05514905,0.059648416,0.067338189,0.01,0,0,0,0,0.021714724,0.11,0.081430215,"110818A",0,0,0,0,0,0,0,0,0,0,0,0,0,0,0,3.36,0.639486489268586
"111107A",21.56675205,0.079181246,3.46479048832584,1.49,-10.6821425475642,1.11124008365827,1.424881637,3.190433,0.912647557522448,-12.5259,0.733879,1,2.11569,-6.055517328,465.124793986179,0.00626966971811252,12.0047731279932,2.2201,114.108169406481,1.23485452352884,2.0302876794598,10.178862727489,0.83292556425169,156.89817081,0.538578386641,1,4.4761441761,36.6692901097083,0.0692396240032236,0.833297516464585,0.470992604341124,0.244784839849413,0.17402687165464,0.238146,0.380189,0.082265,0.09,0.039481317,0.14,0.072382414,"111107A",1,5.3916880125,0.0197953115,0.86619762208146,0.3725,-2.67053563689105,0.277810020914568,0.35622040925,0.79760825,0.228161889380612,-3.131475,0.18346975,0.25,0.5289225,-1.513879332,2.893,0.590284403718162
"111123A",21.35034301,-0.045757491,4.42202873,1.68,-11.60730305,1.46723371,2.462397998,0,1.25,0,0,0,2.55463,-5.13667714,455.837146644656,0.00209374798261508,19.5543380889454,2.8224,134.729484094539,2.15277475976036,6.06340390055441,0,1.5625,0,0,0,6.5261344369,26.3854520405986,0.131921983937837,0.07308827,0.070655771,0.105884147,0.005,0,0,0,0,0.017847718,0.07,0.048254942,"111123A",0,0,0,0,0,0,0,0,0,0,0,0,0,0,0,3.1516,0.618215503279417
"111209A",21.14009932,-0.301029996,4.13326,1.48,-9.057000407,2.77382,2.505149978,3.190433,0.2529,-12.6,1.038298,1.09,1.81212,-4.443697499,446.903799259465,0.09061905849176,17.0838382276,2.1904,82.0292563723982,7.6940773924,6.2757764122734,10.178862727489,0.06395841,158.76,1.078062736804,1.1881,3.2837788944,19.7464474626189,0.0401068361866461,0.02099,0.010455,0.04435,5e-05,0,0,0,0,0.012063736,0.03,0.086858896,"111209A",0,0,0,0,0,0,0,0,0,0,0,0,0,0,0,0.677,0.224533062606086
"111228A",21.41342718,1.093421685,4.10627835,2.27,-10.65757732,1.15297662,2.005180513,0,0.99,0,0,0,2.03824,-5.070581074,458.534863593163,1.19557098122824,16.8615218876787,5.1529,113.583954331778,1.32935508626662,4.02074888971494,0,0.9801,0,0,0,4.1544222976,25.710792428007,0.023242060897345,0.030118345,0.037264425,0.023299272,0,0,0,0,0,0.010218694,0.06,0.017511874,"111228A",0,0,0,0,0,0,0,0,0,0,0,0,0,0,0,0.714,0.234010817587179
"120118B",21.451745,0.342422681,3.68307,2.08,-10.95467702,1.0241,1.36660971,0,1.01,0,0,0,2.20884,-5.744727495,460.177363545025,0.117253292463228,13.5650046249,4.3264,120.004948612516,1.04878081,1.86762209946628,0,1.0201,0,0,0,4.8789741456,33.001893991809,0.366834332492466,0.1172,0.131765,0.077156,0.005,0,0,0,0,0.024127471,0.11,0.059221975,"120118B",0,0,0,0,0,0,0,0,0,0,0,0,0,0,0,2.943,0.595826777073223
"120119A",22.02202812,1.012837225,3.44310163879957,1.38,-10.4382404294717,1.52810067164272,2.404491618,3.44,0.873605836123318,-12,1.51,0.89,1.61077,-4.769551079,484.969722518071,1.0258392443457,11.8549488951043,1.9044,108.956863263458,2.33509166267493,5.78157994103226,11.8336,0.763187156908722,144,2.2801,0.7921,2.5945799929,22.7486174951901,0.0563106258915239,0.833297516464585,0.470992604341124,0.244784839849413,0.17402687165464,0.06,0.05,0.08,0.01,0,0.04,0.012649354,"120119A",1,5.50550703,0.25320930625,0.860775409699893,0.345,-2.60956010736792,0.38202516791068,0.6011229045,0.86,0.21840145903083,-3,0.3775,0.2225,0.4026925,-1.19238776975,3.1,0.612783856719735
"120327A",22.16619025,0.591064607,3.48517215,1.52,-10.15181088,1.44859414,1.798650645,0,0.63,0,0,0,1.75797,-5.443697499,491.339990199195,0.349357369648064,12.1464249151356,2.3104,103.059264143286,2.09842498244234,3.23514414275892,0,0.3969,0,0,0,3.0904585209,29.6338424606189,0.051933835584684,0.04362492,0.051679097,0.058002882,0.02,0,0,0,0,0.012063736,0.06,0.022271512,"120327A",0,0,0,0,0,0,0,0,0,0,0,0,0,0,0,2.813,0.581266805273671
"120404A",21.70983536,0.079181246,3.79948,1.85,-11.02687215,1.90651,1.587710965,0,0.69,0,0,0,1.89579,-5.795880017,471.316951358306,0.00626966971811252,14.4360482704,3.4225,121.591909412446,3.6347803801,2.52082610838123,0,0.4761,0,0,0,3.5940197241,33.5922251714599,0.179553274179706,0.11705,0.068285,0.121385,0.005,0,0,0,0,0.027143405,0.13,0.072382414,"120404A",0,0,0,0,0,0,0,0,0,0,0,0,0,0,0,2.876,0.588383768378728
"120422A",21.57331844,-0.22184875,5.23266697,1.19,-12.73992861,0.86153199,0.728353782,0,1.1,0,0,0,2.32199,-6.638272164,465.408068513644,0.0492168678765625,27.380803618929,1.4161,162.305780987897,0.74223736979336,0.530499231753704,0,1.21,0,0,0,5.3916375601,44.0666573233372,0.181516258620399,0.11830242,0.217818621,0.214451933,0.035,0,0,0,0,0.075529475,0.24,0.144764827,"120422A",0,0,0,0,0,0,0,0,0,0,0,0,0,0,0,0.283,0.108226656374928
"120711A",20.8890204759374,0.15298088503652,3.90556245284658,1.73945067928945,-10.8185671343246,1.19095866636244,2.06069784,4.394018,0.850838201784462,-12.9249,1.107014,0.53,1.96823823014476,-5.59956740196432,436.351176444132,0.0234031511865569,15.253418073085,3.02568866568053,117.041394839888,1.4183825449838,4.24647558778067,19.307394184324,0.723925645615817,167.05304001,1.225479996196,0.2809,3.87396173060338,31.3551550891414,0.199990220376636,0.833297516464585,0.470992604341124,0.244784839849413,0.17402687165464,0.108379,0.116386,0.197821,0.02,0.0445850499081247,0.1906576904457,0.0796645497755468,"120711A",1,5.22225511898435,0.03824522125913,0.976390613211645,0.434862669822362,-2.70464178358115,0.29773966659061,0.51517446,1.0985045,0.212709550446116,-3.231225,0.2767535,0.1325,0.49205955753619,-1.39989185049108,1.405,0.381115080709851
"120729A",21.34792103,0.462397998,3.52138487,1.62,-10.29756946,2.26312734,1.854306042,0,0.645,0,0,0,1.8831,-5.619788758,455.733732303116,0.213811908554408,12.4001514026649,2.6244,106.039936783525,5.12174535705548,3.43845089739771,0,0.416025,0,0,0,3.54606561,31.5820256845432,0.223182009707008,0.06906832,0.047294772,0.130088482,0.013331067,0,0,0,0,0.018095603,0.08,0.029951344,"120729A",0,0,0,0,0,0,0,0,0,0,0,0,0,0,0,0.8,0.255272505103306
"120802A",22.12127744,0.477121255,3.53838419,1.21,-11.17198494,0.54215516,1.698970004,0,0.91,0,0,0,2.03526,-5.721246399,489.350915577453,0.227644691972775,12.520162676042,1.4641,124.813247499587,0.293932217514626,2.88649907449176,0,0.8281,0,0,0,4.1422832676,32.7326603580705,0.2694762542188,0.07803221,0.220557212,0.11816229,0.055,0,0,0,0,0.068572813,0.47,0.028952965,"120802A",0,0,0,0,0,0,0,0,0,0,0,0,0,0,0,3.796,0.680879174426811
"120811C",21.91722026,0.612783857,3.15909591,1.4,-10.14327111,1.01613299,1.428134794,0,0.65,0,0,0,1.92121,-5.522878745,480.364543925354,0.375504055399796,9.97988696857873,1.96,102.885948810961,1.03252625336634,2.03956898983342,0,0.4225,0,0,0,3.6910478641,30.5021896319728,0.0598545187495629,0.05294686,0.084200302,0.03800099,0.090734018,0,0,0,0,0.043429448,0.3,0.021185097,"120811C",0,0,0,0,0,0,0,0,0,0,0,0,0,0,0,2.671,0.564784384503987
"120815A",21.77242733,0.342422681,3.5742728476774,2.29,-10.613999540941,1.10095297748644,0.986771734,3.266303,0.89862381362281,-12.3315,0.6555,0.78,1.84293,-6.30980392,474.038591840131,0.117253292463228,12.7754263896439,5.2441,112.656986255096,1.21209745863626,0.973718455021367,10.668735287809,0.807524758410003,152.06589225,0.42968025,0.6084,3.3963909849,39.8136255088474,0.0692396240032236,0.833297516464585,0.470992604341124,0.244784839849413,0.17402687165464,0.015728,0.033134,0.020651,0.01,0.062042069,0.23,0.059221975,"120815A",1,5.4431068325,0.08560567025,0.89356821191935,0.5725,-2.65349988523525,0.27523824437161,0.2466929335,0.81657575,0.224655953405702,-3.082875,0.163875,0.195,0.4607325,-1.57745098,2.36,0.526339277389844
"120907A",21.0438101,0.462397998,3.2113827,1.73,-10.37675071,1.05329104,1.227886705,4.420737,0.78,-11.8207,1.358692,0.66,1.82021,-6.173925197,442.841943524862,0.213811908554408,10.3129788458593,2.9929,107.676955297485,1.10942201494428,1.50770576031576,19.542915623169,0.6084,139.72894849,1.846043950864,0.4356,3.3131644441,38.1173523381515,0.035217186540104,0.04130341,0.062296694,0.028647271,0.005,0,0,0,0,0.071302079,0.25,0.059902687,"120907A",0,0,0,0,0,0,0,0,0,0,0,0,0,0,0,0.97,0.294466226161593
"120922A",21.0163605,0.301029996,3.59799,1.58,-10.59516628,1.06622,2.238046103,0,1.17,0,0,0,2.06954,-5.207608311,441.68740866596,0.09061905849176,12.9455320401,2.4964,112.257548500849,1.1368250884,5.00885035915349,0,1.3689,0,0,0,4.2829958116,27.1191843207963,0.075913913084108,0.16365,0.133375,0.03563,0.005,0,0,0,0,0.049033248,0.36,0.043429448,"120922A",0,0,0,0,0,0,0,0,0,0,0,0,0,0,0,3.1,0.612783856719735
"121024A",21.94617755,0.113943352,4.17178823,1.41,-11.31158018,1.30353551,1.838849091,0,0.87,0,0,0,2.00683,-5.958607315,481.634709056124,0.0129830874649959,17.4038170359665,1.9881,127.951846168569,1.69920482583096,3.38136597947153,0,0.7569,0,0,0,4.0273666489,35.5050011343715,0.201804932759115,0.063305895,0.065435085,0.06666149,0,0,0,0,0,0.039481317,0.22,0.066814536,"121024A",0,0,0,0,0,0,0,0,0,0,0,0,0,0,0,2.298,0.5182506513085
"121027A",22.07736427,0.113943352,5.40919042,1.82,-11.92081875,1.50995764,1.796574333,0,1.16,0,0,0,2.37144,-5.698970004,487.410013110273,0.0129830874649959,29.2593409998198,3.3124,142.105919670352,2.27997207459437,3.22767933399439,0,1.3456,0,0,0,5.6237276736,32.4782591064918,0.03343969322178,0.041584155,0.037953731,0.058939694,0,0,0,0,0,0.021714724,0.09,0.066814536,"121027A",0,0,0,0,0,0,0,0,0,0,0,0,0,0,0,1.773,0.442949869577862
"121128A",22.04029767,1.11058971,3.23392922,1.32,-9.617982957,1.54546584,1.367355921,0,0.9455,0,0,0,1.98504,-5.161150909,485.774721382207,1.23340950395788,10.4582981999698,1.7424,92.5055961611425,2.38846466260691,1.86966221469376,0,0.89397025,0,0,0,3.9403838016,26.6374787054715,0.0303933846890459,0.028690024,0.029795568,0.032445001,0.010337721,0,0,0,0,0.025176492,0.18,0.013466496,"121128A",0,0,0,0,0,0,0,0,0,0,0,0,0,0,0,2.2,0.505149978319906
"121211A",21.66138196,0,4.20933518,2.36,-11.2823295,1.15615612,2.260071388,0,0.95,0,0,0,2.0682,-5.886056648,469.215468417013,0,17.7185026575856,5.5696,127.29095894657,1.33669697381345,5.10792267885625,0,0.9025,0,0,0,4.27745124,34.645662863465,0.0937486856135703,0.054250775,0.063247159,0.074602829,0.005,0,0,0,0,0.089197405,0.26,0.130288345,"121211A",0,0,0,0,0,0,0,0,0,0,0,0,0,0,0,1.023,0.305995882770805
"121217A",21.6003032,0.255272505,3.64760619366726,1.53,-10.5689838964411,1.12333676343069,2.890979597,3.47558,0.924453074149486,-12.2295,0.775179,0.87,1.96847804960143,-5.207608311,466.57309833193,0.065164051808975,13.3050309440798,2.3409,111.703420603231,1.26188548407494,8.35776303027028,12.0796563364,0.854613486304435,149.56067025,0.600902482041,0.7569,3.87490583176265,27.1191843207963,0.378773543191014,0.833297516464585,0.470992604341124,0.244784839849413,0.17402687165464,0.1152,0.0991,0.028589,0.04,0.0302144713479088,0.08,0.0649371985063369,"121217A",1,5.4000758,0.06381812625,0.911901548416815,0.3825,-2.64224597411028,0.280834190857673,0.72274489925,0.868895,0.231113268537371,-3.057375,0.19379475,0.2175,0.492119512400358,-1.30190207775,3.1,0.612783856719735
"130215A",21.1575730258515,0.397940009,4.2096391857606,1.59,-11.0457499487813,1.38845069084527,1.81756537,5.96,0.891912958868021,-13.66,2.09,0.94,1.95045663425091,-5.26760624,447.642896344239,0.15835625076292,17.7210620742912,2.5281,122.008591931002,1.92779532090871,3.30354387422324,35.5216,0.795508726196708,186.5956,4.3681,0.8836,3.80428108209339,27.7476754996869,0.199990220376636,0.833297516464585,0.470992604341124,0.244784839849413,0.17402687165464,0.24,0.13,0.54,0.05,0.040212452,0.14,0.121602455,"130215A",1,5.28939325646288,0.09948500225,1.05240979644015,0.3975,-2.76143748719532,0.347112672711318,0.4543913425,1.49,0.222978239717005,-3.415,0.5225,0.235,0.487614158562727,-1.31690156,0.6,0.204119982655925
"130408A",20.06405721,0.69019608,3.58393,1.28,-10.32975415,1.39277,1.447158031,0,0.945,0,0,0,2.03183,-5.638272164,402.566391726153,0.476370628847366,12.8445542449,1.6384,106.703820799442,1.9398082729,2.0942663666878,0,0.893025,0,0,0,4.1283331489,31.7901129953372,0.202660966333188,0.077,0.070305,0.0643,0.117120218,0,0,0,0,0.075529475,0.26,0.088631527,"130408A",0,0,0,0,0,0,0,0,0,0,0,0,0,0,0,3.757,0.677333151419902
"130418A",21.12149747,-0.22184875,2.59006,2.07,-9.247183569,1.28449,2.07200023240372,0,0.198,0,0,0,1.68684,-5.744727495,446.117655375216,0.0492168678765625,6.7084108036,4.2849,85.5104039587836,1.6499145601,4.29318496308107,0,0.039204,0,0,0,2.8454291856,33.001893991809,0.169579312058566,0.06047,0.06867,0.031625,0.003,0,0,0,0,0.048254942,0.17,0.144764827,"130418A",0,0,0,0,0,0,0,0,0,0,0,0,0,0,0,1.218,0.345961541813141
"130420A",20.79265849,0.531478917,3.56731,1.52,-10.8728952,0.914676,2.091666958,5.62,1.17,-12.9249,0.82,0.41,2.29559,-5.148741651,432.334647081769,0.282469839215493,12.7257006361,2.3104,118.219850030183,0.836632184976,4.37507066318897,31.5844,1.3689,167.05304001,0.6724,0.1681,5.2697334481,26.5095405887422,0.0412728533350444,0.05505,0.08535,0.0286905,0.005,0,0,0,0,0.018350471,0.25,0.025546734,"130420A",0,0,0,0,0,0,0,0,0,0,0,0,0,0,0,1.297,0.361160995195026
"130427A",20.99021494,2.519827994,4.11854040550086,1.21,-10.1792263077314,1.30995861728981,2.211734423,4.420737,0.979337627418907,-11.2664,1.271343,0.72,1.78644,-3.508638306,440.589123227399,6.34953311934606,16.9623750717432,1.4641,103.616648224011,1.71599157901183,4.89176915788314,19.542915623169,0.959102188478494,126.93176896,1.616313023649,0.5184,3.1913678736,12.3105427623305,0.0692396240032236,0.833297516464585,0.470992604341124,0.244784839849413,0.17402687165464,0.006123,0.006768,0.007333,0.01,0.00420285,0.02,0.006035512,"130427A",1,5.247553735,0.6299569985,1.02963510137521,0.3025,-2.54480657693285,0.327489654322452,0.55293360575,1.10518425,0.244834406854727,-2.8166,0.31783575,0.18,0.44661,-0.8771595765,0.34,0.127104798364808
"130511A",21.01365445,0.113943352,2.65954,1.35,-10.51570016,1.16497,0.73479983,0,0.65,0,0,0,2.06879,-6.657577319,441.573673344005,0.0129830874649959,7.0731530116,1.8225,110.579949855024,1.3571551009,0.539930790168029,0,0.4225,0,0,0,4.2798920641,44.3233357584632,0.176931769551824,0.0838,0.089385,0.04916,0.01,0,0,0,0,0.078962633,0.31,0.066814536,"130511A",0,0,0,0,0,0,0,0,0,0,0,0,0,0,0,1.3033,0.362350507594848
"130514A",21.19799139,0.447158031,3.68772,1.8,-10.7212464,1.17745,2.309630167,0,0.65,0,0,0,2.0604,-5.040958608,449.354838970514,0.199950304687797,13.5992787984,3.24,114.945124369513,1.3863885025,5.33439150831645,0,0.4225,0,0,0,4.24524816,25.4112636875693,0.0272768817014167,0.078,0.078365,0.04188,0.08,0,0,0,0,0.009544934,0.05,0.046531552,"130514A",0,0,0,0,0,0,0,0,0,0,0,0,0,0,0,3.6,0.662757831681574
"130604A",21.35024026,-0.096910013,2.071571247,1.51,-8.316052869,1.742079764,1.57634135,0,0.98,0,0,0,2.08823,-5.853871964,455.832759159725,0.00939155061966017,4.29140743139714,2.2801,69.1567353200031,3.0348419041383,2.48485205171982,0,0.9604,0,0,0,4.3607045329,34.2678169709052,0.0525216608675702,0.166441725,0.100184013,0.041653571,0.015,0,0,0,0,0.031021034,0.12,0.10857362,"130604A",0,0,0,0,0,0,0,0,0,0,0,0,0,0,0,1.06,0.313867220369153
"130702A",21.1002489320261,0.697313985603386,4.29786688744009,1.7069931932884,-10.5073108844973,1.25520896469284,1.770852012,5.07,0.91207261143043,-12.13,1.33,0.44,1.95922507826468,-5.28621275756824,445.220504993469,0.486246794518079,18.471659782154,2.91382576193293,110.403582023475,1.57554954504527,3.13591684840445,25.7049,0.831876448521524,147.1369,1.7689,0.1936,3.83856290730124,27.9440453182772,0.0692396240032236,0.833297516464585,0.470992604341124,0.244784839849413,0.17402687165464,0.02,0.01,0.02,0.09,0.0328032555071814,0.171786515728631,0.043879736569635,"130702A",1,5.27506223300653,0.174328496400846,1.07446672186002,0.4267482983221,-2.62682772112433,0.31380224117321,0.442713003,1.2675,0.228018152857607,-3.0325,0.3325,0.11,0.48980626956617,-1.32155318939206,0.15,0.0606978403536116
"130831A",21.12319546,1.133538908,3.31959,1.93,-9.89279003,1.28481,1.511883361,4.489641,1.01,-12.6,1.85,0.87,1.79449,-5.187086643,446.189386441365,1.28491045594983,11.0196777681,3.7249,97.8672945776674,1.6507367361,2.28579129726866,20.156876308881,1.0201,158.76,3.4225,0.7569,3.2201943601,26.905867841989,0.0249128885159663,0.054815,0.089045,0.06727,0.009011148,0,0,0,0,0.001336291,0.05,0.019160051,"130831A",0,0,0,0,0,0,0,0,0,0,0,0,0,0,0,0.4791,0.16999753706657
"131030A",20.84178667,1.44870632,2.84594,1.3,-9.294136288,1.11188,1.613841822,0,0.693,0,0,0,2.09466,-4.537602002,434.38007159779,2.09875000160794,8.0993744836,1.69,86.3809693399184,1.2362771344,2.60448542643628,0,0.480249,0,0,0,4.3876005156,20.5898319285544,0.0427179076225292,0.025175,0.027575,0.00815,0.0075,0,0,0,0,0,0.03,0.010818724,"131030A",0,0,0,0,0,0,0,0,0,0,0,0,0,0,0,1.295,0.36078268987328
"131105A",21.32749584,0.544068044,3.9488,1.45,-10.91009489,1.19347,2.050379756,0,0.94,0,0,0,2.24976,-5.148741651,454.862078805217,0.296010036501986,15.59302144,2.1025,119.030170508804,1.4243706409,4.20405714381462,0,0.8836,0,0,0,5.0614200576,26.5095405887422,0.0158047698317659,0.03335,0.047885,0.04544,0.005,0,0,0,0,0.030584118,0.11,0.074450483,"131105A",0,0,0,0,0,0,0,0,0,0,0,0,0,0,0,1.686,0.429106008332697
"140206A",22.00531353,1.28780173,3.59073,1.04,-9.730487056,1.22509,1.971275849,0,0.672,0,0,0,1.88134,-4.795880017,484.233823553601,1.65843329579099,12.8933419329,1.0816,94.6823783469835,1.5008455081,3.88592847285067,0,0.451584,0,0,0,3.5394401956,23.0004651374599,0.063811704252879,0.012995,0.021325,0.015545,0.021902336,0,0,0,0,0.008143022,0.15,0.011193157,"140206A",0,0,0,0,0,0,0,0,0,0,0,0,0,0,0,2.73,0.571708831808688
"140213A",20.99187128,1.371067862,3.829176603,1.8,-10.12551818,1.108879519,1.77815125,0,0.83,0,0,0,1.96657,-4.920818754,440.658659836089,1.87982708220925,14.6625934569626,3.24,102.526118413511,1.22961378765767,3.16182186787656,0,0.6889,0,0,0,3.8673975649,24.2144572097181,0.0189868108841264,0.06303582,0.068643889,0.021746292,0.005,0,0,0,0,0,0.04,0.014784493,"140213A",0,0,0,0,0,0,0,0,0,0,0,0,0,0,0,1.2076,0.343920385393226
"140419A",22.04094236,0.69019608,3.68383,1.21,-10.00568285,1.36898,1.976349979,0,0.678,0,0,0,1.87322,-4.795880017,485.803140116842,0.476370628847366,13.5706034689,1.4641,100.113689294784,1.8741062404,3.9059592394933,0,0.459684,0,0,0,3.5089531684,23.0004651374599,0.0175057628798656,0.023985,0.02442,0.017885,0.001,0,0,0,0,0,0.04,0.017726305,"140419A",0,0,0,0,0,0,0,0,0,0,0,0,0,0,0,3.956,0.695131297704026
"140423A",21.81946365,0.322219295,3.90552,1.33,-10.85078089,1.18974,2.127104798,4.460403,0.77,-12.6,1.67,1,2.06486,-5.026872146,476.088993973671,0.103825274070297,15.2530864704,1.7689,117.739445922789,1.4154812676,4.52457482167462,19.895194922409,0.5929,158.76,2.7889,1,4.2636468196,25.2694435722306,0.0745819195938403,0.05035,0.05495,0.045115,0.149849463,0.026476,0.02,0.052941,0,0.013860462,0.06,0.041361379,"140423A",0,0,0,0,0,0,0,0,0,0,0,0,0,0,0,3.26,0.629409599102719
"140430A",21.67796993,0.397940009,4.14388,2,-11.36251027,0.875171,2.239549721,0,1.03,0,0,0,2.15785,-5.958607315,469.934380285984,0.15835625076292,17.1717414544,4,129.106639635855,0.765924279241,5.01558295283118,0,1.0609,0,0,0,4.6563166225,35.5050011343715,0.00923562857095551,0.0861,0.13071,0.0833725,0.035,0,0,0,0,0.078962633,0.22,0.034743559,"140430A",0,0,0,0,0,0,0,0,0,0,0,0,0,0,0,1.6,0.414973347970818
"140506A",21.81764402,1.037426498,3.30686,1.68,-9.903089987,0.948932,2.045714059,0,0.9,0,0,0,1.74751,-5.552841969,476.009590583442,1.07625373875254,10.9353230596,2.8224,98.0711912906197,0.900471940624,4.18494601119025,0,0.81,0,0,0,3.0537912001,30.8340539326878,0.0373575732732516,0.05516,0.06882,0.01557,0.047966029,0,0,0,0,0.046531552,0.16,0.035859177,"140506A",0,0,0,0,0,0,0,0,0,0,0,0,0,0,0,0.889,0.276231957921834
"140509A",20.90144742,0.204119983,3.58709,1.59,-11.09770006,1.40649,1.17092730333444,0,0.86,0,0,0,1.93407,-5.920818754,436.870504251025,0.0416649674599203,12.8672146681,2.5281,123.158946621724,1.9782141201,1.37107074969406,0,0.7396,0,0,0,3.7406267649,35.0560947177181,0.151511196244019,0.08395,0.088715,0.10418,0.22,0,0,0,0,0.04379136,0.121212121,0.117055576617339,"140509A",0,0,0,0,0,0,0,0,0,0,0,0,0,0,0,2.4,0.531478917042255
"140512A",21.32824297,0.832508913,3.53686,1.45,-9.504455662,1.25134,2.189770956,0,0.871,0,0,0,1.84304,-4.853871964,454.893948187355,0.693071090224441,12.5093786596,2.1025,90.3346774309239,1.5658517956,4.79509683974115,0,0.758641,0,0,0,3.3967964416,23.5600730429052,0.0134302087658966,0.01504,0.022285,0.02006,0.002482817,0,0,0,0,0.00930631,0.04,0.019160051,"140512A",0,0,0,0,0,0,0,0,0,0,0,0,0,0,0,0.725,0.236789099409293
"140518A",22.46148952,0,3.77824,0.92,-11.31158018,1.64981,1.781755375,0,0.94,0,0,0,1.93772,-6,504.51851145707,0,14.2750974976,0.8464,127.951846168569,2.7218730361,3.17465221634139,0,0.8836,0,0,0,3.7547587984,36,0.0174377429302028,0.09045,0.070125,0.18819,0,0,0,0,0,0.043429448,0.61,0.043429448,"140518A",0,0,0,0,0,0,0,0,0,0,0,0,0,0,0,4.707,0.756407872548958
"140614A",21.70983536,-1.4317581319867,3.70006,1.5,-10.9589,1.35595,2.857332496,0,0.83,0,0,0,1.77015,-5.886056648,471.316951358306,2.04993134851004,13.6904440036,2.25,120.09748921,1.8386004025,8.16434899269759,0,0.6889,0,0,0,3.1334310225,34.645662863465,0.0965452754396361,0.1129,0.098945,0.093145,0.05,0,0,0,0,0.133629071,0.46,0.163321606984505,"140614A",0,0,0,0,0,0,0,0,0,0,0,0,0,0,0,4.233,0.718750734739665
"140629A",21.74269921,0.62324929,2.85608,1.86,-9.847711656,1.16056,1.62324929,0,0.815,0,0,0,1.95996,-5.619788758,472.744968936535,0.388439677485504,8.1571929664,3.4596,96.9774248597183,1.3468995136,2.6349382574855,0,0.664225,0,0,0,3.8414432016,31.5820256845432,0.119342969960682,0.042785,0.06161,0.03501,0.001678552,0,0,0,0,0.036191207,0.11,0.041361379,"140629A",0,0,0,0,0,0,0,0,0,0,0,0,0,0,0,2.275,0.515211304327802
"140801A",20.8744034307407,0.574153872694756,3.89817861950855,1.83370502309806,-10.7821681256039,1.07063438469335,0.84509804,4.204885,0.89367135161901,-12.7942,0.861959,0.67,2.01128440967262,-6.05905855564194,435.740718589319,0.329652669530386,15.1957965495936,3.36247411173506,116.255149488789,1.14625798568771,0.714190697211842,17.681057863225,0.798648484704548,163.69155364,0.742973317681,0.4489,4.04526497659214,36.7121905806978,0.0692396240032236,0.833297516464585,0.470992604341124,0.244784839849413,0.17402687165464,0.036239,0.047598,0.016398,0.16,0.0466131295127891,0.249571169609986,0.0548014009952138,"140801A",1,5.21860085768517,0.143538468173689,0.974544654877137,0.458426255774515,-2.69554203140097,0.267658596173337,0.21127451,1.05122125,0.223417837904753,-3.19855,0.21548975,0.1675,0.502821102418155,-1.51476463891048,1.32,0.3654879848909
"140907A",21.4811071,0.397940009,3.89032374824568,1.72,-10.6362007326642,1.09833677966549,1.898725182,4.201713,0.96432683108105,-12.4311,0.985034,1,2.00735,-5.366531544,461.43796224167,0.15835625076292,15.1346188661643,2.9584,113.128766025526,1.20634368156596,3.60515731676093,17.654392134369,0.92992623714282,154.53224721,0.970291981156,1,4.0294540225,28.799660812747,0.0692396240032236,0.833297516464585,0.470992604341124,0.244784839849413,0.17402687165464,0.052537,0.073581,0.036083,0.07,0.020199743,0.07,0.034743559,"140907A",1,5.370276775,0.09948500225,0.97258093706142,0.43,-2.65905018316605,0.274584194916372,0.4746812955,1.05042825,0.241081707770262,-3.107775,0.2462585,0.25,0.5018375,-1.341632886,1.21,0.344392273685111
"141004A",21.49730845,0.785329835,3.30337,1.86,-10.61083392,1.54959,0.593286067,0,1.08,0,0,0,1.79496,-6.173925197,462.134270594441,0.616742949741127,10.9122533569,3.4596,112.589796477823,2.4012291681,0.351988357296328,0,1.1664,0,0,0,3.2218814016,38.1173523381515,0.118918281385487,0.0853,0.081935,0.09774,0.005,0,0,0,0,0.019446022,0.08,0.021358745,"141004A",0,0,0,0,0,0,0,0,0,0,0,0,0,0,0,0.573,0.196728722623287
"141121A",21.59590717,-0.045757491,5.76634,1.73,-12.65757732,2.33322,2.74028372,5.172418,0.82,-12.92,2.29,0.7,1.93447,-5.27572413,466.383206495257,0.00209374798261508,33.2506769956,2.9929,160.214263611778,5.4439155684,7.50915486609704,26.753907966724,0.6724,166.9264,5.2441,0.49,3.7421741809,27.8332650958643,0.0298708467389642,0.1675,0.090095,0.2969,0.01,0,0,0,0,0.032776942,0.13,0.144764827,"141121A",0,0,0,0,0,0,0,0,0,0,0,0,0,0,0,1.47,0.392696953259666
"141220A",21.48574413,0.949390007,2.77561,0.62,-9.872830386,1.42066,0.857935265,0,1.1,0,0,0,1.80565,-5.585026652,461.63720081983,0.90134138539146,7.7040108721,0.3844,97.4727798307249,2.0182748356,0.73605291893062,0,1.21,0,0,0,3.2603719225,31.1925227035503,0.0285379269708387,0.042455,0.057375,0.050735,0.07,0,0,0,0,0.016703634,0.38,0.034157993,"141220A",0,0,0,0,0,0,0,0,0,0,0,0,0,0,0,1.3195,0.365394376854778
"141221A",21.46788768,0.491361694,3.37013086495872,1.74,-10.2215269676276,1.60707581559569,1.567026366,2.813159,0.783117928751997,-11.3914,1.248584,0.26,2.22288,-5.677780705,460.870201441096,0.24143631433055,11.3577820469474,3.0276,104.479613549938,2.58269267707255,2.45557163173917,7.913863559281,0.613273690332818,129.76399396,1.558962005056,0.0676,4.9411954944,32.2371937340703,0.0563106258915239,0.833297516464585,0.470992604341124,0.244784839849413,0.17402687165464,0.019721,0.020312,0.033612,0.09,0.02068069,0.08,0.028018999,"141221A",1,5.36697192,0.1228404235,0.84253271623968,0.435,-2.5553817419069,0.401768953898922,0.3917565915,0.70328975,0.195779482187999,-2.84785,0.312146,0.065,0.55572,-1.41944517625,1.45,0.389166084364532
"150120B",21.52664292,0.079181246,3.39431,2.2,-10.79048499,1.17705,2.01762288488796,0,0.92,0,0,0,2.01678,-6.26760624,463.396355405186,0.00626966971811252,11.5213403761,4.84,116.434566319415,1.3854467025,4.07080210562361,0,0.8464,0,0,0,4.0674015684,39.2828879796869,0.0141299769251024,0.0711,0.090535,0.057705,0.005,0,0,0,0,0.039006078,0.151515152,0.0542106768002651,"150120B",0,0,0,0,0,0,0,0,0,0,0,0,0,0,0,3.5,0.653212513775344
"150314A",22.01715025,1.58546073,2.49217,1.08,-8.609064893,1.19079,1.169968174,0,0.73,0,0,0,1.84772,-4.657577319,484.754905131075,2.51368572637213,6.2109113089,1.1664,74.1159983318851,1.4179808241,1.36882552817289,0,0.5329,0,0,0,3.4140691984,21.6930264824632,0.07726686575266,0.015025,0.015855,0.009925,0,0,0,0,0,0.005922197,0.03,0.010152339,"150314A",0,0,0,0,0,0,0,0,0,0,0,0,0,0,0,1.758,0.440594261839831
"150323A",21.69269626,0.73239376,3.65434471145541,1.85,-10.9021315922178,0.908848650408785,2.174931594,3.67566,0.943169597440024,-13.0735,0.561833,1.1,2.0639,-5.214670165,470.573071028618,0.536400619686938,13.3542352701421,3.4225,118.856473254033,0.82600586934987,4.73032743857938,13.5104764356,0.889568889535177,170.91640225,0.315656319889,1.21,4.25968321,27.1927849297411,0.204728382319217,0.833297516464585,0.470992604341124,0.244784839849413,0.17402687165464,0.057188,0.12415,0.05679,0.21,0.014239163,0.07,0.024127471,"150323A",1,5.423174065,0.18309844,0.913586177863853,0.4625,-2.72553289805445,0.227212162602196,0.5437328985,0.918915,0.235792399360006,-3.268375,0.14045825,0.275,0.515975,-1.30366754125,0.593,0.202215775801131
"150403A",21.79039707,1.245512668,3.19694,1.23,-8.821023053,1.24471,1.611723308,0,0.679,0,0,0,1.70996,-4.769551079,474.821404468265,1.55130180614848,10.2204253636,1.5129,77.8104477015574,1.5493029841,2.59765202155046,0,0.461041,0,0,0,2.9239632016,22.7486174951901,0.127565659236116,0.005105,0.006975,0.00458,0,0,0,0,0,0.00766402,0.04,0.014805494,"150403A",0,0,0,0,0,0,0,0,0,0,0,0,0,0,0,2.06,0.48572142648158
"150821A",22.340573,-1.49776679460977,2.95174,2.1,-8.853871964,1.82628,2.23578087,0,0.848,0,0,0,2.21622,-6.102372909,499.101201968329,2.24330537103562,8.7127690276,4.41,78.3910487549052,3.3352986384,4.99871609865796,0,0.719104,0,0,0,4.9116310884,37.2389551204971,0.249936990327389,0.021105,0.015485,0.027365,5e-04,0,0,0,0,0.104450572,0.37,0.188398851647283,"150821A",0,0,0,0,0,0,0,0,0,0,0,0,0,0,0,0.755,0.244277120801843
"150910A",20.842422,0.041392685,3.51771388172789,1.42,-10.028173056177,1.55231279943846,2.049992857,2.99,0.877063504718567,-10.88,1.239,0.53,1.78547,-5.318758763,434.406554826084,0.00171335437150922,12.3743109537011,2.0164,100.564254844634,2.40967502730047,4.20247071375102,8.9401,0.769240391309216,118.3744,1.535121,0.2809,3.1879031209,28.2891947789893,0.0563106258915239,0.833297516464585,0.470992604341124,0.244784839849413,0.17402687165464,0.03,0.025,0.008,0.14,0.036191207,0.12,0.157925266,"150910A",1,5.2106055,0.01034817125,0.879428470431972,0.355,-2.50704326404425,0.388078199859615,0.51249821425,0.7475,0.219265876179642,-2.72,0.30975,0.1325,0.4463675,-1.32968969075,1.3585,0.372635880581721
"151021A",22.33647975,0.986771734,3.15765,1.57,-9.642065153,1.33346,2.042181595,0,1.27,0,0,0,1.96079,-4.552841969,498.91832762216,0.973718455021367,9.9707535225,2.4649,92.9694204146969,1.7781155716,4.17050566695674,0,1.6129,0,0,0,3.8446974241,20.7283699946878,0.0143797213110485,0.06282,0.05208,0.02141,0.04,0,0,0,0,0.015510517,0.04,0.035818102,"151021A",0,0,0,0,0,0,0,0,0,0,0,0,0,0,0,2.33,0.52244423350632
"151027A",21.65076489,0.832508913,3.99907,1.72,-9.935542011,1.74508,2.11290649,0,0.9235,0,0,0,2.00612,-5.107905397,468.755620322057,0.693071090224441,15.9925608649,2.9584,98.7149950523459,3.0453042064,4.46437383548412,0,0.85285225,0,0,0,4.0245174544,26.0906975447017,0.0183350782696789,0.02221,0.01731,0.02499,0.002440971,0,0,0,0,0.011135756,0.05,0.038320101,"151027A",0,0,0,0,0,0,0,0,0,0,0,0,0,0,0,0.81,0.257678574869184
"151215A",21.80952201,0.204119983,3.06337,1.99,-10.72815839,1.07478,1.250420002,0,1.015,0,0,0,2.20942,-6.508638306,475.655250304674,0.0416649674599203,9.3842357569,3.9601,115.093382440927,1.1551520484,1.56355018140168,0,1.030225,0,0,0,4.8815367364,42.3623725983306,0.0244827442519859,0.093,0.11588,0.071395,0.35435971,0,0,0,0,0.098066496,0.33,0.05428681,"151215A",0,0,0,0,0,0,0,0,0,0,0,0,0,0,0,2.59,0.555094448578319
"160117B",20.95374423,-0.705929807788426,4.10299,1.73,-11.74958,0.973333,0.697062187810827,0,0.64,0,0,0,1.83834,-6.4710833,439.059397256258,0.498336893524204,16.8345269401,2.9929,138.0526301764,0.947377128889,0.485895693675617,0,0.4096,0,0,0,3.3794939556,41.8749190755389,0.214744065864423,0.12265,0.162075,0.093958,0.015,0,0,0,0,0.005627928835757,0.0041822719666068,0.122191721784807,"160117B",0,0,0,0,0,0,0,0,0,0,0,0,0,0,0,0.87,0.271841606536499
"160121A",21.83430305,0.079181246,3.8244,1.77,-11.17263073,0.798663,1.079181246,0,1.02,0,0,0,2.2054,-6.214670165,476.736789679239,0.00626966971811252,14.62603536,3.1329,124.82767742894,0.637862587569,1.16463216171811,0,1.0404,0,0,0,4.86378916,38.6221252597411,0.0862757376305275,0.0694,0.120385,0.106048,0.03,0,0,0,0,0.035597908,0.13,0.072382414,"160121A",0,0,0,0,0,0,0,0,0,0,0,0,0,0,0,1.96,0.471291711058939
"160131A",21.680967,0.806179974,3.90646799007419,1.24,-10.1402382808885,1.34470969546612,2.511883361,4.001806,0.999872847441857,-11.1733,1.287451,0.97,2.02332,-4.690369833,470.064330055089,0.649926150478641,15.2604921574743,1.5376,102.824432393197,1.80824416508059,6.30955801926866,16.014451261636,0.999745711051487,124.84263289,1.657530077401,0.9409,4.0938238224,21.9995691703164,0.0563106258915239,0.833297516464585,0.470992604341124,0.244784839849413,0.17402687165464,0.041241,0.050707,0.038892,0.04,0.010644473,0.05,0.020357554,"160131A",1,5.42024175,0.2015449935,0.976616997518547,0.31,-2.53505957022213,0.33617742386653,0.62797084025,1.0004515,0.249968211860464,-2.793325,0.32186275,0.2425,0.50583,-1.17259245825,0.972,0.294906910605192
"160203A",22.0158332,0.113943352,3.66139836,1.93,-11.36754271,1.146279559,1.305351369,0,0.61,0,0,0,1.75592,-5.920818754,484.696911490222,0.0129830874649959,13.4058379506107,3.7249,129.221027263674,1.31395682738123,1.70394219655017,0,0.3721,0,0,0,3.0832550464,35.0560947177181,0.0695758261024457,0.08458679,0.087010427,0.0601909,0.25,0,0,0,0,0.036191207,0.2,0.133629071,"160203A",0,0,0,0,0,0,0,0,0,0,0,0,0,0,0,3.52,0.655138434811382
"160227A",21.4198963,-0.22184875,4.47751,0.75,-10.99567863,1.10229,2.500373714,0,0.679,0,0,0,1.72551,-5.508638306,458.811957502754,0.0492168678765625,20.0480958001,0.5625,120.904948534239,1.2150432441,6.25186870966215,0,0.461041,0,0,0,2.9773847601,30.3450959863305,0.103418641469029,0.03055,0.03885,0.03434,0.001,0,0,0,0,0.028018999,0.51,0.072382414,"160227A",0,0,0,0,0,0,0,0,0,0,0,0,0,0,0,2.38,0.528916700277655
"160327A",20.72655851,0.255272505,3.76407,1.84,-11.22402567,1.49693,1.447158031,0,0.78,0,0,0,1.93554,-5.853871964,429.590227668453,0.065164051808975,14.1682229649,3.3856,125.978752240819,2.2407994249,2.0942663666878,0,0.6084,0,0,0,3.7463150916,34.2678169709052,0.143091047665439,0.0673,0.06033,0.1004,0.02,0,0,0,0,0.031021034,0.11,0.048254942,"160327A",0,0,0,0,0,0,0,0,0,0,0,0,0,0,0,4.99,0.777426822389311
"160804A",21.30214687,0.462397998,4.38419,1.4,-11.5214335,0.948229,2.15896526,5.07,0.92,-12.13,2.121816,1.01,1.87827,-4.943095149,453.781461271051,0.213811908554408,19.2211219561,1.96,132.743429894922,0.899138236441,4.66113099388687,25.7049,0.8464,147.1369,4.502103137856,1.0201,3.5278981929,24.4341896520673,0.057915224642575,0.05875,0.095375,0.070062,0.005,0,0,0,0,0.011428802,0.23,0.044927015,"160804A",0,0,0,0,0,0,0,0,0,0,0,0,0,0,0,0.736,0.239549720840473
"161014A",22.18657496,0.462397998,3.65293497107478,1.47,-10.7084252737443,1.35296154832761,1.26245109,3.993669,0.86433343696525,-12.6812,1.360776,0.8,1.83236,-5.721246399,492.244108455699,0.213811908554408,13.3439339029011,2.1609,114.670371843366,1.83050495125304,1.59378275464219,15.949392081561,0.747072290256162,160.81283344,1.851711322176,0.64,3.3575431696,32.7326603580705,0.204728382319217,0.833297516464585,0.470992604341124,0.244784839849413,0.17402687165464,0.140665,0.162303,0.140234,0.06,0.045715209,0.15,0.089854031,"161014A",1,5.54664374,0.1155994995,0.913233742768695,0.3675,-2.67710631843608,0.338240387081903,0.3156127725,0.99841725,0.216083359241313,-3.1703,0.340194,0.2,0.45809,-1.43031159975,2.823,0.582404298019028
"161023A",21.1872488303853,0.588209791507229,4.0557675450108,1.48429488273099,-10.4189526320604,1.32234382465662,1.643452676,4.55,0.927461443195342,-11.91,1.36,0.66,1.95429741445854,-5.42056598348586,448.899513000663,0.345990758824978,16.4492503791629,2.2031312989014,108.554573949118,1.7485931906075,2.70093669825156,20.7025,0.860184728613987,141.8481,1.8496,0.4356,3.81927838415933,29.382535581324,0.378773543191014,0.833297516464585,0.470992604341124,0.244784839849413,0.17402687165464,0.05,0.04,0.02,0.08,0.0255406174190192,0.159030747217934,0.0451456901736497,"161023A",1,5.29681220759633,0.147052447876807,1.0139418862527,0.371073720682748,-2.6047381580151,0.330585956164155,0.410863169,1.1375,0.231865360798835,-2.9775,0.34,0.165,0.488574353614635,-1.35514149587146,2.71,0.569373909615046
"161108A",21.16074757,-0.22184875,4.69106,1.85,-11.81247928,0.883711,2.021602716,0,0.84,0,0,0,2.00325,-5.958607315,447.777237721261,0.0492168678765625,22.0060439236,3.4225,139.534666740429,0.780945131521,4.08687754133858,0,0.7056,0,0,0,4.0130105625,35.5050011343715,0.0491496346156657,0.13355,0.18179,0.0812555,0.005,0,0,0,0,0.039481317,0.17,0.072382414,"161108A",0,0,0,0,0,0,0,0,0,0,0,0,0,0,0,1.159,0.334252642334231
"161117A",21.87736847,0.832508913,4.08464,1.19,-10.74958,1.141,2.099335278,0,1.375,0,0,0,1.92624,-4.698970004,478.61925117215,0.693071090224441,16.6842839296,1.4161,115.5534701764,1.301881,4.40720860945534,0,1.890625,0,0,0,3.7104005376,22.0803190984918,0.00378540226960351,0.03835,0.04019,0.02365,0.674290141,0,0,0,0,0,0.12,0.019160051,"161117A",0,0,0,0,0,0,0,0,0,0,0,0,0,0,0,1.549,0.406369835469268
"161219B",21.16590877,0.72427587,4.0135,1.29,-10.13667714,0.871656,0.84135947,0,0.73,0,0,0,1.86204,-5.823908741,447.995694059963,0.524575535864257,16.10818225,1.6641,102.752223440599,0.759784182336,0.707885757758681,0,0.5329,0,0,0,3.4671929616,33.9179130234962,0.0495608716177928,0.0277,0.03841,0.008668,0,0,0,0,0,0.028952965,0.35,0.032776942,"161219B",0,0,0,0,0,0,0,0,0,0,0,0,0,0,0,0.1475,0.0597526942092988
"170113A",21.4429483,0.041392685,3.70456228209376,0.75,-10.6555753784608,1.23585130778154,1.315130317,3.874501,0.892086952109363,-12.5021,1.095671,0.8,1.81917,-6.173925197,459.800031796473,0.00171335437150922,13.7237817019117,0.5625,113.54128664606,1.52732845494534,1.72956775069252,15.011757999001,0.795819130123773,156.30250441,1.200494940241,0.64,3.3093794889,38.1173523381515,0.199990220376636,0.833297516464585,0.470992604341124,0.244784839849413,0.17402687165464,0.110016,0.186127,0.149224,0.04,0.04537405,0.59,0.039481317,"170113A",1,5.360737075,0.01034817125,0.92614057052344,0.1875,-2.6638938446152,0.308962826945385,0.32878257925,0.96862525,0.223021738027341,-3.125525,0.27391775,0.2,0.4547925,-1.54348129925,1.968,0.472463896606989
"170202A",21.7153121,0.672097858,3.77629,1.68,-10.65364703,1.1958,1.664641976,0,1.04,0,0,0,1.99768,-5.48148606,471.554779600406,0.451715530728188,14.2603661641,2.8224,113.500195039828,1.42993764,2.77103290826118,0,1.0816,0,0,0,3.9907253824,30.0466894259743,0.10761765896651,0.04485,0.068655,0.059155,0,0,0,0,0,0.013160439,0.07,0.027720924,"170202A",0,0,0,0,0,0,0,0,0,0,0,0,0,0,0,3.645,0.666985718329661
"170405A",21.70983536,-0.0335186812736592,3.6300738,1.59,-10.31069114,1.81152426,2.216693599,0,0.612,0,0,0,1.8473,-5.431798276,471.316951358306,0.00112350199432515,13.1774357934464,2.5281,106.310351784474,3.28162014456855,4.91373051184757,0,0.374544,0,0,0,3.41251729,29.5044325111566,0.0933217274509788,0.048255345,0.035670699,0.072401387,0.0475,0,0,0,0,0.035213066,0.12,0.153952769308304,"170405A",0,0,0,0,0,0,0,0,0,0,0,0,0,0,0,3.51,0.65417654187796
"170519A",21.33992622,-0.15490196,4.1513,1.94,-11.06348626,1.37345,2.335257256,0,0.975,0,0,0,1.97351,-5.958607315,455.392451075043,0.0239946172118416,17.23329169,3.7636,122.400728225209,1.8863649025,5.45342645170065,0,0.950625,0,0,0,3.8947417201,35.5050011343715,0.0991498519285518,0.053,0.052235,0.066745,0.224423613,0,0,0,0,0.078962633,0.26,0.062042069,"170519A",0,0,0,0,0,0,0,0,0,0,0,0,0,0,0,0.818,0.259593878885949
"170531B",22.27524914,-0.096910013,3.80257,1.95,-11.39577395,1.02082,2.215187969,0,0.99,0,0,0,2.06685,-5.698970004,496.186724249071,0.00939155061966017,14.4595386049,3.8025,129.863663919499,1.0420734724,4.90705773800235,0,0.9801,0,0,0,4.2718689225,32.4782591064918,0.0233394026693868,0.08415,0.11435,0.107427,0.035,0,0,0,0,0.043429448,0.14,0.10857362,"170531B",0,0,0,0,0,0,0,0,0,0,0,0,0,0,0,2.366,0.527114111639805
"170607A",20.90203663,1.08334542328181,3.97664562973259,1.61,-10.4384194263476,1.1343870221961,1.361727836,4.186609,0.980140085273292,-11.9084,0.979571,0.9,1.94001,-5.124938737,436.895135281862,1.17363730614564,15.8137104644713,2.5921,108.960600120351,1.28683391612694,1.85430269933724,17.527694918881,0.960674586759536,141.80999056,0.959559344041,0.81,3.7636388001,26.2649970580032,0.199990220376636,0.833297516464585,0.470992604341124,0.244784839849413,0.17402687165464,0.023499,0.035487,0.024256,0.04,0.017371779,0.07,0.0231184496675564,"170607A",1,5.2255091575,0.270836355820453,0.994161407433148,0.4025,-2.6096048565869,0.283596755549025,0.340431959,1.04665225,0.245035021318323,-2.9771,0.24489275,0.225,0.4850025,-1.28123468425,0.557,0.19228861256812
"170705A",21.08891889,1.1430148,3.63746,1.65,-10.18641901,0.774169,2.337059726,0,0.66,0,0,0,1.89159,-5.022276395,444.742499948999,1.30648283301904,13.2311152516,2.7225,103.763132247289,0.599337640561,5.4618481628912,0,0.4356,0,0,0,3.5781127281,25.2232601877742,0.0361306862803674,0.04055,0.06603,0.027333,0.005,0,0,0,0,0.013714563,0.05,0.012497683,"170705A",0,0,0,0,0,0,0,0,0,0,0,0,0,0,0,2.01,0.478566495593843
"170714A",21.06857952,-0.397940009,3.63466850919996,1.76,-10.8847171954828,1.50898967079707,3,4.460403,0.833959919494541,-13.2172,1.851865,0.9,1.84715,-5.552841969,443.885042990563,0.15835625076292,13.2108151717699,3.0976,118.477068425639,2.27704982657225,9,19.895194922409,0.695489147323341,174.69437584,3.429403978225,0.81,3.4119631225,30.8340539326878,0.0563106258915239,0.833297516464585,0.470992604341124,0.244784839849413,0.17402687165464,0.263786,0.217775,0.533548,0.03,0.046531552,0.17,0.217147241,"170714A",1,5.26714488,-0.09948500225,0.90866712729999,0.44,-2.7211792988707,0.377247417699268,0.75,1.11510075,0.208489979873635,-3.3043,0.46296625,0.225,0.4617875,-1.38821049225,0.793,0.253580289562183
"170903A",21.73970839,0.591064607,4.41384,1.94,-11.26042766,0.971187,1.465382851,0,1.14,0,0,0,2.20256,-5.619788758,472.614920882236,0.349357369648064,19.4819835456,3.7636,126.797231086093,0.943204188969,2.14734690000489,0,1.2996,0,0,0,4.8512705536,31.5820256845432,0.0534696645518069,0.04095,0.065935,0.051271,0.005,0,0,0,0,0.036191207,0.12,0.05567878,"170903A",0,0,0,0,0,0,0,0,0,0,0,0,0,0,0,0.886,0.27554168840131
"171205A",21.77771022,0,5.48376,1.41,-12.42945706,1.13263,2.277379975,0,0.67,0,0,0,1.66173,-5.443697499,474.268662426292,0,30.0716237376,1.9881,154.491402806384,1.2828507169,5.186459550531,0,0.4489,0,0,0,2.7613465929,29.6338424606189,0.0806407286915141,0.0719,0.109545,0.115455,0.01,0,0,0,0,0.036191207,0.14,0.130288345,"171205A",0,0,0,0,0,0,0,0,0,0,0,0,0,0,0,0.0368,0.0156949885265181
"171222A",20.02880298,-0.15490196,4.78231,2.07,-12.10957898,0.718496,2.242541428,0,1.34,0,0,0,1.99001,-5.721246399,401.152948811657,0.0239946172118416,22.8704889361,4.2849,146.641903072858,0.516236502016,5.02899205629628,0,1.7956,0,0,0,3.9601398001,32.7326603580705,0.0563106258915239,0.20975,0.378455,0.126956,0.015,0,0,0,0,0.045715209,0.17,0.124084138,"171222A",0,0,0,0,0,0,0,0,0,0,0,0,0,0,0,2.409,0.532627001228891
"180115A",20.61397389,-0.22184875,3.48618230456264,1.66,-10.319749691107,1.30960743681303,1.611723308,3.061361,0.924407817361602,-11.6085,0.97054,0.9,1.9512,-6.119186408,424.935919537602,0.0492168678765625,12.1534670606457,2.7556,106.497233687103,1.71507163855599,2.59765202155046,9.371931172321,0.854529812799241,134.75727225,0.9419478916,0.81,3.80718144,37.4444422958519,0.199990220376636,0.833297516464585,0.470992604341124,0.244784839849413,0.17402687165464,0.057564,0.086722,0.036237,0.06,0.062858412,0.22,0.144764827,"180115A",1,5.1534934725,-0.0554621875,0.87154557614066,0.415,-2.57993742277675,0.327401859203257,0.402930827,0.76534025,0.2311019543404,-2.902125,0.242635,0.225,0.4878,-1.529796602,2.487,0.542451947375977
"180205A",21.4933967,0.531478917,3.21372,2.04,-10.30627305,1.09633,1.190331698,0,1.03,0,0,0,1.88733,-6,461.966101703571,0.282469839215493,10.3279962384,4.1616,106.219264181156,1.2019394689,1.41688955126356,0,1.0609,0,0,0,3.5620145289,36,0.0875106835560367,0.06455,0.088815,0.042095,0.005,0,0,0,0,0.043429448,0.13,0.038320101,"180205A",0,0,0,0,0,0,0,0,0,0,0,0,0,0,0,1.409,0.381836799998343
"180325A",22.14319598,0.973127854,3.56187537620355,1.18,-10.7168043767197,1.34431089252362,1.973589623,3.915432,0.910396006324578,-12.717,1.426558,1.13703,1.85846,-5.187086643,490.321128208688,0.946977820230645,12.6869561956052,1.3924,114.849896048879,1.80717177575765,3.89505600001328,15.330607746624,0.828820888331741,161.722089,2.035067727364,1.2928372209,3.4538735716,26.905867841989,0.378773543191014,0.833297516464585,0.470992604341124,0.244784839849413,0.17402687165464,0.072161,0.045784,0.049597,0.1041,0.013362907,0.05,0.013860462,"180325A",1,5.535798995,0.2432819635,0.890468844050888,0.295,-2.67920109417993,0.336077723130905,0.49339740575,0.978858,0.227599001581144,-3.17925,0.3566395,0.2842575,0.464615,-1.29677166075,2.248,0.511616020569138
"180329B",21.41988474,0.146128036,4.02296,0.97,-11.14935376,1.50063,2.322219295,0,0.77,0,0,0,1.86768,-5.48148606,458.811462274885,0.0213534029052173,16.1842071616,0.9409,124.308089265626,2.2518903969,5.3927024540703,0,0.5929,0,0,0,3.4882285824,30.0466894259743,0.091090048181127,0.04825,0.04314,0.069665,0,0,0,0,0,0.039481317,0.56,0.124084138,"180329B",0,0,0,0,0,0,0,0,0,0,0,0,0,0,0,1.998,0.476831628512261
"180620B",21.21643247,0.556302501,4.6659,1.3,-10.98296666,1.09835,2.29841638,0,0.9,0,0,0,1.99236,-5,450.13700675407,0.309472472618855,21.77062281,1.69,120.625556654672,1.2063727225,5.2827178558523,0,0.81,0,0,0,3.9694983696,25,0.0599542916300528,0.0437,0.067125,0.059445,0.005,0,0,0,0,0.013028834,0.2,0.024127471,"180620B",0,0,0,0,0,0,0,0,0,0,0,0,0,0,0,1.1175,0.325823419002744
"180624A",21.1034582,0.146128036,4.171185481,1.91,-11.54363397,1.243849338,2.686993566,0,0.95,0,0,0,2.06008,-5.236572006,445.355947999147,0.0213534029052173,17.3987883169052,3.6481,133.255485233338,1.54716117564304,7.2199344237254,0,0.9025,0,0,0,4.2439296064,27.4216863740229,0.0343795484387942,0.088149935,0.099379055,0.123366444,0,0,0,0,0,0.022463508,0.1,0.062042069,"180624A",0,0,0,0,0,0,0,0,0,0,0,0,0,0,0,2.855,0.586024382386976
"180720B",21.24271531,1.831869774,3.62033,1.36,-8.847711656,1.34127,3.06444019010425,0,0.729,0,0,0,1.8461,-4.065501549,451.252953741708,3.35574686889481,13.1067893089,1.8496,78.2820015477183,1.7990052129,9.39079367872617,0,0.531441,0,0,0,3.40808521,16.5283028449214,0.00138098327707093,0.004975,0.00614,0.005375,0,0,0,0,0,0.005049936,0.03,0.016629833,"180720B",0,0,0,0,0,0,0,0,0,0,0,0,0,0,0,0.654,0.218535505216528
"180728A",21.58733599,2.120573931,3.8695,1.97,-9.42365865,1.1986,0.938519725,0,0.8595,0,0,0,1.70111,-4.528708289,466.013075145149,4.49683379683679,14.97303025,3.8809,88.8053423517198,1.43664196,0.880819274214076,0,0.73874025,0,0,0,2.8937752321,20.5091987668573,0.0148761559757772,0.009885,0.014745,0.0091,0.042486494,0,0,0,0,0.008803267,0.03,0.009541318,"180728A",0,0,0,0,0,0,0,0,0,0,0,0,0,0,0,0.117,0.0480531731156091
"181010A",22.27837171,0.146128036,3.15711,1.52,-9.928117993,1.07011,1.214843848,0,1.115,0,0,0,1.76613,-6.161150909,496.325846048928,0.0213534029052173,9.9673435521,2.3104,98.5675268829304,1.1451354121,1.47584557502345,0,1.243225,0,0,0,3.1192151769,37.9597805234715,0.0580681587793652,0.034615,0.057805,0.033375,0.007041969,0,0,0,0,0.04405886,0.15,0.062042069,"181010A",0,0,0,0,0,0,0,0,0,0,0,0,0,0,0,1.39,0.378397900948138
"181020A",20.65703194,0.886490725,4.29043,1.25,-10.42365865,2.64643,2.376576957,0,1.228,0,0,0,1.93674,-5.091514981,426.71296857018,0.785865805511026,18.4077895849,1.5625,108.65265965172,7.0035917449,5.64811803254338,0,1.507984,0,0,0,3.7509618276,25.9235248017474,0.0211468897196027,0.1418,0.047555,0.091985,0.029531206,0,0,0,0,0.016084981,0.06,0.016920564,"181020A",0,0,0,0,0,0,0,0,0,0,0,0,0,0,0,2.938,0.595275711802099
"181201A",21.1468434832998,0.899550776141651,4.25599522826906,1.62357778401957,-10.3511062180143,1.20238852577654,1.283301229,4.749372,0.959377190093403,-11.6955,1.151212,0.57781,1.97913612783146,-5.37153011911936,447.188989307179,0.809191598857047,18.113495383049,2.6360048207619,107.145399936614,1.44573816691908,1.64686204435291,22.556534394384,0.920404592871514,136.78472025,1.325289068944,0.3338643961,3.91697981248771,28.8533358206064,0.0692396240032236,0.833297516464585,0.470992604341124,0.244784839849413,0.17402687165464,0.026476,0.024124,0.006098,0.02953,0.0288230416508681,0.178235765696061,0.0293124960699646,"181201A",1,5.28671087082495,0.224887694035413,1.06399880706727,0.405894446004892,-2.58777655450357,0.300597131444135,0.32082530725,1.187343,0.239844297523351,-2.923875,0.287803,0.1444525,0.494784031957865,-1.34288252977984,0.45,0.161368002234975
"190114A",21.6447605,-0.301029996,3.74534,2.06,-10.75202673,1.18375,1.823474229,0,0.86,0,0,0,1.83214,-6.096910013,468.49565710236,0.09061905849176,14.0275717156,4.2436,115.606078802635,1.4012640625,3.32505826382714,0,0.7396,0,0,0,3.3567369796,37.1723117066197,0.0664080102705681,0.03365,0.042215,0.04616,0,0,0,0,0,0.065144172,0.22,0.173717793,"190114A",0,0,0,0,0,0,0,0,0,0,0,0,0,0,0,3.3765,0.641126932803509
"190719C",20.95382587,0.740362689,4.88123,1.64,-11.257,1.55953,2.268811904,0,0.915,0,0,0,1.5415,-5.292429824,439.062818590281,0.548136911263311,23.8264063129,2.6896,126.720049,2.4321338209,5.14750745573211,0,0.837225,0,0,0,2.37622225,28.0098134419647,0.0226602223323686,0.2175,0.1943,0.21085,0.22,0,0,0,0,0.025546734,0.09,0.02368879,"190719C",0,0,0,0,0,0,0,0,0,0,0,0,0,0,0,2.469,0.54020429984206
"190829A",22.04910001,1.255272505,4.0838,2.56,-9.56068,1.03996,1.764922985,0,1.16,0,0,0,2.0913,-5.193820026,486.162811250982,1.57570906180898,16.67742244,6.5536,91.4066020624,1.0815168016,3.11495314298131,0,1.3456,0,0,0,4.37353569,26.9757664624786,0.0660733687520347,0.013585,0.01916,0.009675,0.075,0,0,0,0,0.047500959,0.21,0.065144172,"190829A",0,0,0,0,0,0,0,0,0,0,0,0,0,0,0,0.0785,0.0328201494385639
"191011A",21.65033473,0.255272505,3.15321333,1.94,-10.8132081,1.30602449,0.867467488,0,0.94,0,0,0,1.81479,-6.48148606,468.736993921044,0.065164051808975,9.94275430448969,3.7636,116.925469413906,1.70569996847976,0.75249984273703,0,0.8836,0,0,0,3.2934627441,42.0096615459743,0.0559978453284278,0.05719327,0.06597695,0.05756962,0.19,0,0,0,0,0.052641755,0.17,0.048254942,"191011A",0,0,0,0,0,0,0,0,0,0,0,0,0,0,0,1.722,0.434888120867316
"191221B",22.06812647,0.681241237,1.95518066,1.24,-8.11145684,1.15734724,1.681241237,0,1.39,0,0,0,1.843,-4.721246399,487.002205895915,0.46408962298929,3.82273141323804,1.5376,65.7957320671828,1.33945263393562,2.82657209698929,0,1.9321,0,0,0,3.396649,22.2901675600705,0.14476482742628,0.06184721,0.05366691,0.00551831,0.175,0,0,0,0,0.022857604,0.05,0.063334612,"191221B",0,0,0,0,0,0,0,0,0,0,0,0,0,0,0,1.148,0.332034277027518
"200205B",21.83430305,0.301029996,4.53640048,1.36,-11.7337376,1.56884903,2.660865478,0,0.516,0,0,0,1.90881,-5.26760624,476.736789679239,0.09061905849176,20.5789293149442,1.8496,137.680598065654,2.46128727893194,7.08020509201217,0,0.266256,0,0,0,3.6435556161,27.7476754996869,0.0051064352834946,0.10035241,0.08886983,0.19267266,0.18,0,0,0,0,0.016084981,0.22,0.043429448,"200205B",0,0,0,0,0,0,0,0,0,0,0,0,0,0,0,1.465,0.391816923613249
"200613A",20.9938049880807,0.228369899911643,4.34055956011705,1.74656725545063,-10.7792158006647,0.918109901428359,2.580924976,5.199503,0.996678757591372,-12.785,0.923123,0.9,2.00996423348564,-5.23247535249562,440.739847877562,0.0521528111856538,18.8404572949235,3.05049717781235,116.1914932773,0.842925791100791,6.6611737317406,27.034831447009,0.993368545833881,163.456225,0.852156073129,0.81,4.03995621989152,27.3787983144742,0.0692396240032236,0.833297516464585,0.470992604341124,0.244784839849413,0.17402687165464,0.113922,0.166694,0.132474,0.09,0.041388018888279,0.176273323751351,0.0694499683839808,"200613A",1,5.24845124702018,0.0570924749779107,1.08513989002926,0.436641813862657,-2.69480395016617,0.22952747535709,0.645231244,1.29987575,0.249169689397843,-3.19625,0.23078075,0.225,0.50249105837141,-1.3081188381239,1.2255,0.347427598618541
"200829A",21.08966848,1.994317153,2.97975,0.83,-8.6381,1.29833,1.115277591,3.52,0.64,-12.4,1.18347,0.57,1.88219,-4.292429824,444.774116596306,3.97730090675002,8.8789100625,0.6889,74.61677161,1.6856607889,1.24384410498676,12.3904,0.4096,153.76,1.4006012409,0.3249,3.5426391961,18.4249537939647,0.0969169435192129,0.00955,0.00926,0.00866,0.0195,0,0,0,0,0.008515578,0.03,0.007040235,"200829A",0,0,0,0,0,0,0,0,0,0,0,0,0,0,0,1.25,0.352182518111362
"201014A",22.1524657,-0.522878745,4.06975926768028,2.55,-11.1392680811327,0.966623942478758,1.558708571,5.031584,0.91171636272856,-13.7541,1.038298,0.9,1.97336,-6.508638306,490.731736589677,0.273402181972775,16.5629404968695,6.5025,124.083293383342,0.934361846173177,2.42957240930886,25.316837549056,0.831226726066995,189.17526681,1.078062736804,0.81,3.8941496896,42.3623725983306,0.0563106258915239,0.833297516464585,0.470992604341124,0.244784839849413,0.17402687165464,0.092274,0.110179,0.170451,0.15,0.098066496,0.37,0.289529655,"201014A",1,5.538116425,-0.13071968625,1.01743981692007,0.6375,-2.78481702028318,0.24165598561969,0.38967714275,1.257896,0.22792909068214,-3.438525,0.2595745,0.225,0.49334,-1.6271595765,4.56,0.745074791582057
"201015A",21.35536147,0.255272505,3.99915593002873,3.03,-10.8342600697836,0.783791796873613,0.990338855,4.275441,1.00404957558644,-12.8744,0.481067,1.1,2.1574,-6.698970004,456.05146351436,0.065164051808975,15.993248152684,9.1809,117.381191259707,0.614329580846367,0.980771047722711,18.279395744481,1.00811555023531,165.75017536,0.231425458489,1.21,4.65437476,44.8761991144918,0.0563106258915239,0.833297516464585,0.470992604341124,0.244784839849413,0.17402687165464,0.09442,0.229803,0.027144,0.24,0.130288345,0.68,0.096509885,"201015A",1,5.3388403675,0.06381812625,0.999788982507183,0.7575,-2.7085650174459,0.195947949218403,0.24758471375,1.06886025,0.25101239389661,-3.2186,0.12026675,0.275,0.53935,-1.674742501,0.426,0.154119525515847
"201020A",20.93258486,0.322219295,3.81783319996764,2.25,-10.5200709808387,1.01947577768901,1.15136985,3.793643,0.999925865666688,-12.091,0.728842,1.1,2.0761,-6.036212173,438.173108921101,0.103825274070297,14.5758503427751,5.0625,110.671893441885,1.03933086129461,1.32565253148902,14.391727211449,0.999851736829275,146.192281,0.531210660964,1.21,4.31019121,36.4358573974734,0.0563106258915239,0.833297516464585,0.470992604341124,0.244784839849413,0.17402687165464,0.128558,0.192264,0.056032,0.11,0.033044145,0.14,0.041361379,"201020A",1,5.233146215,0.08055482375,0.95445829999191,0.5625,-2.63001774520967,0.254868944422252,0.2878424625,0.94841075,0.249981466416672,-3.02275,0.1822105,0.275,0.519025,-1.50905304325,2.903,0.591398551281249
"201021C",20.75199541,0,3.47475449365005,1.63,-10.1492016687259,1.43669008021424,1.387033701,2.88042,0.881811383630671,-11.1691,1.034879,0.6,1.6168,-6,430.645313496661,0,12.0739187911412,2.6569,103.006294512469,2.064078386586,1.92386248770976,8.2968193764,0.777591316300638,124.74879481,1.070974544641,0.36,2.61404224,36,0.0563106258915239,0.833297516464585,0.470992604341124,0.244784839849413,0.17402687165464,0.102098,0.137291,0.035385,0.09,0.043429448,0.15,0.086858896,"201021C",1,5.1879988525,0,0.868688623412513,0.4075,-2.53730041718147,0.35917252005356,0.34675842525,0.720105,0.220452845907668,-2.792275,0.25871975,0.15,0.4042,-1.5,1.07,0.315970345456918
"201104B",21.73058526,0.612783857,2.72159651,1.47,-9.38944702,1.19537497,0.937517892,0,0.605,0,0,0,1.55046,-5.744727495,472.218335742129,0.375504055399796,7.40708756324418,2.1609,88.1617153413869,1.4289213189025,0.878939797820124,0,0.366025,0,0,0,2.4039262116,33.001893991809,0.00811616012140756,0.02110237,0.02972805,0.02348264,0.175,0,0,0,0,0.024127471,0.07,0.031777645,"201104B",0,0,0,0,0,0,0,0,0,0,0,0,0,0,0,1.954,0.470410490975931
"210204A",21.0584880674433,0.493025576197725,4.09385074695397,1.71047871175346,-10.4726564013948,1.15977729359536,2.301029996,4.489641,0.956049296103153,-12.0073,1.06783,0.73,1.98957333119557,-5.18451228666849,443.459919686652,0.243074218785099,16.7596139383356,2.92573742336178,109.676532101675,1.34508337073938,5.29473904249176,20.156876308881,0.914030256579334,144.17525329,1.1402609089,0.5329,3.95840204020464,26.8791676506165,0.0692396240032236,0.833297516464585,0.470992604341124,0.244784839849413,0.17402687165464,0.017214,0.039841,0.028803,0.16,0.0338538542545085,0.143781575971085,0.0534933364415772,"210204A",1,5.26462201686082,0.123256394049431,1.02346268673849,0.427619677938365,-2.6181641003487,0.28994432339884,0.575257499,1.12241025,0.239012324025788,-3.001825,0.2669575,0.1825,0.497393332798892,-1.29612807166712,0.876,0.273232834043046
"210210A",21.12319546,0.84509804,3.72413045,1.53,-10.1403778,1.5451851,0.819543936,5.250332,0.965,-13.66,2.14,1,1.85188,-6.008773924,446.189386441365,0.714190697211842,13.8691476086172,2.3409,102.827261926733,2.38759699326201,0.671652263034372,27.565986110224,0.931225,186.5956,4.5796,1,3.4294595344,36.1053640697424,0.038778433249538,0.05799791,0.08857348,0.10645081,0.15,0,0.024033,0,0,0.035452611,0.58,0.031021034,"210210A",0,0,0,0,0,0,0,0,0,0,0,0,0,0,0,0.715,0.234264124378789
"210411C",21.05996459,0.681241237,2.93128506,1.6,-9.72925773,1.16829405,1.10720997,0,1.21,0,0,0,1.88408,-5.920818754,443.522108532054,0.46408962298929,8.5924321029792,2.56,94.6584559767648,1.3649109872654,1.2259139176674,0,1.4641,0,0,0,3.5497574464,35.0560947177181,0.0202577864729536,0.05048963,0.05901459,0.03209979,0.14,0,0,0,0,0.036191207,0.4,0.027143405,"210411C",0,0,0,0,0,0,0,0,0,0,0,0,0,0,0,2.826,0.582744965691277
"210517A",21.15768338,0.176091259,3.057651,1.85,-10.8415194,1.21043545,0.485721426,0,0.66,0,0,0,1.71079,-6.823908741,447.647566008328,0.0310081314962051,9.349229637801,3.4225,117.538542900576,1.4651539786167,0.235925303675473,0,0.4356,0,0,0,2.9268024241,46.5657305054962,0.199990220376636,0.25872455,0.32132806,0.08060357,0.22,0,0,0,0,0.086858896,0.25,0.057905931,"210517A",0,0,0,0,0,0,0,0,0,0,0,0,0,0,0,2.486,0.542327382773974
"210610B",21.03780485,1.130333768,2.89514,0.98,-9.19036,1.05139,1.841234296,0,0.78,0,0,0,1.91684,-4.443697499,442.589232906684,1.27765442708108,8.3818356196,0.9604,84.4627169296,1.1054209321,3.39014373276662,0,0.6084,0,0,0,3.6742755856,19.7464474626189,0.015836913202155,0.0226,0.02831,0.01291,0.029,0,0,0,0,0.012063736,0.11,0.022518973,"210610B",0,0,0,0,0,0,0,0,0,0,0,0,0,0,0,1.13,0.328379603438738
"210619B",21.83430305,2.06069784,2.91049117,1.41,-8.55006175,1.12578835,1.784617293,0,0.745,0,0,0,1.92306,-4.022276395,476.736789679239,4.24647558778067,8.47095885064797,1.9881,73.103555928813,1.26739940899572,3.18485888247465,0,0.555025,0,0,0,3.6981597636,16.1787073977742,0.00197833385726092,0.01027813,0.01099582,0.00437126,0.07,0,0,0,0,0.004571521,0.02,0.008308242,"210619B",0,0,0,0,0,0,0,0,0,0,0,0,0,0,0,1.937,0.4679039465228
"210722A",20.54058972,0.342422681,3.6504,1.62,-10.3507,1.43908,1.700703717,0,0.81,0,0,0,1.83712,-5.602059991,421.91582604537,0.117253292463228,13.32542016,2.6244,107.13699049,2.0709512464,2.89239313301762,0,0.6561,0,0,0,3.3750098944,31.3830761427629,0.0911698774157967,0.0364819,0.0395981,0.048071,0.09,0,0,0,0,0.034743559,0.14,0.098703291,"210722A",0,0,0,0,0,0,0,0,0,0,0,0,0,0,0,1.145,0.331427296520743
"210822A",21.53322281,1.442479769,2.4985,1.3,-8.20842,1.267456,2.257198426,0,0.77,0,0,0,1.70788,-4.698970004,463.679684585104,2.08074788397429,6.24250225,1.69,67.3781588964,1.606444711936,5.09494473433688,0,0.5929,0,0,0,2.9168540944,22.0803190984918,0.102616483810065,0.017735,0.01621,0.008455,0.026,0,0,0,0,0.00868589,0.4,0.010974951,"210822A",0,0,0,0,0,0,0,0,0,0,0,0,0,0,0,1.736,0.437116093048079
"211024B",20.98677173,-0.045757491,3.43921565,1.63,-8.56429146,1.92622006,2.780677274,0,1.07,0,0,0,2.08,-5.167491087,440.444587647127,0.00209374798261508,11.8282042872049,2.6569,73.3470882118289,3.7103237195464,7.73216610214007,0,1.1449,0,0,0,4.3264,26.7029641342244,0.014863865494915,0.01916437,0.01167528,0.00965772,0.055,0,0,0,0,0.019160051,0.09,0.096509885,"211024B",0,0,0,0,0,0,0,0,0,0,0,0,0,0,0,1.1137,0.325043347403704
"220117A",21.99532933,0.278753601,3.43803362,1.84,-10.1070569,1.68612083,1.697316542,0,1.2,0,0,0,1.78537,-5.795880017,483.794512335158,0.0777035700704672,11.8200751722503,3.3856,102.152599179838,2.84300345335989,2.88088344374684,0,1.44,0,0,0,3.1875460369,33.5922251714599,0.0299157959274313,0.05084186,0.04500955,0.06200239,0.55,0,0,0,0,0.05428681,0.18,0.091430417,"220117A",0,0,0,0,0,0,0,0,0,0,0,0,0,0,0,4.961,0.775319121829478
"230116D",21.451745,-0.22184875,3.79761,1.38,-11.1278,1.57289,1.612783857,0,0.84,0,0,0,1.76412,-6.090443971,460.177363545025,0.0492168678765625,14.4218417121,1.9044,123.82793284,2.4739829521,2.6010717693998,0,0.7056,0,0,0,3.1121193744,37.0935077638903,0.118428290656009,0.1014,0.13824,0.23491,0.22,0,0,0,0,0.064181451,0.22,0.144764827,"230116D",0,0,0,0,0,0,0,0,0,0,0,0,0,0,0,3.81,0.682145076373832
"230325A",22.22918251,0.51851394,3.7823081,1.82,-10.9066853,0.931411844,1.580354661,0,1.025,0,0,0,2.0855,-5.886056648,494.13655506289,0.268856705974324,14.3058545633256,3.3124,118.955784233236,0.86752802314348,2.49752085454443,0,1.050625,0,0,0,4.34931025,34.645662863465,0.131947893505177,0.1875455,0.20042492,0.05714513,0.18,0,0,0,0,0.066814536,0.18,0.052641755,"230325A",0,0,0,0,0,0,0,0,0,0,0,0,0,0,0,1.664,0.425534220498263
"230506C",20.96124782,0.380211242,4.25859,1.89,-11.4531,1.14181,1.491361694,0,1.11,0,0,0,2.08995,-5.769551079,439.373910171455,0.144560588543183,18.1355887881,3.5721,131.17349961,1.3037300761,2.22415970233055,0,1.2321,0,0,0,4.3678910025,33.2877196531901,0.0886038540296678,0.1023,0.11841,0.11299,0.29,0,0,0,0,0.051093469,0.17,0.090478017,"230506C",0,0,0,0,0,0,0,0,0,0,0,0,0,0,0,3.7,0.672097857935718
"230818A",21.31377445,0.826074803,3.9564,1.36,-11.0883,1.39195,0.992111488,0,1.02,0,0,0,2.00403,-5.721246399,454.276981305473,0.682399580151489,15.65310096,1.8496,122.95039689,1.9375248025,0.984285204621574,0,1.0404,0,0,0,4.0161362409,32.7326603580705,0.0552798328138297,0.2044,0.12794,0.19715,0.29,0,0,0,0,0.022857604,0.1,0.032410036,"230818A",0,0,0,0,0,0,0,0,0,0,0,0,0,0,0,2.42,0.534026106056135
"231210B",21.82763844,0.591064607,3.24045,1.08,-10.048,1.60174,0.873320602,0,0.84,0,0,0,1.66432281,-5.853871964,476.445799867366,0.349357369648064,10.5005162025,1.1664,100.962304,2.5655710276,0.762688873877642,0,0.7056,0,0,0,2.7699704158863,34.2678169709052,0.037615599688349,0.05243,0.04808,0.060675,0.362,0,0,0,0,0.062042069,0.19,0.077950292,"231210B",0,0,0,0,0,0,0,0,0,0,0,0,0,0,0,3.13,0.615950051656401
"970508A",20.9147184367958,0.329125184024259,4.54612149675028,1.89125935641635,-11.167866901105,1.11378890259736,1.120573931,6.247263,0.842113143669902,-13.8798,1.487567,0.32,1.95905288678887,-6.01308853019273,437.425447290446,0.108323386759002,20.667220663215,3.57686195323239,124.721251120797,1.24052571954903,1.25568593483679,39.028294991169,0.709154546741605,192.64884804,2.212855579489,0.1024,3.8378882132358,36.1572336719354,0.378773543191014,0.833297516464585,0.470992604341124,0.244784839849413,0.17402687165464,0.072147,0.067354,0.155485,0.15,0.0513926781795972,0.291747439511379,0.0729767332031779,"970508A",1,5.22867960919895,0.0822812960060647,1.13653037418757,0.472814839104088,-2.79196672527625,0.27844722564934,0.28014348275,1.56181575,0.210528285917475,-3.46995,0.37189175,0.08,0.489763221697217,-1.50327213254818,0.83,0.262451089730429
