"cfg","rep","row","is_opt","y","z","pred"
"new_top7",1,1,TRUE,0.482873583608754,2.04,0.318049040635705
"new_top7",1,2,TRUE,0.496929648073215,2.14,0.499056787172018
"new_top7",1,3,TRUE,0.623042434246382,3.198,0.464104126712843
"new_top7",1,4,TRUE,0.523746466811564,2.34,0.555848149369258
"new_top7",1,5,TRUE,0.47567118832443,1.99,0.421630904555391
"new_top7",1,6,TRUE,0.0681858617461616,0.17,0.347174790470579
"new_top7",1,7,FALSE,0.469674772551798,1.949,0.320040519910345
"new_top7",1,8,FALSE,0.387389826338729,1.44,0.442966022897344
"new_top7",1,9,FALSE,0.627365856592733,3.24,0.374237129751996
"new_top7",1,10,FALSE,0.591064607026499,2.9,0.425152826955947
"new_top7",1,11,FALSE,0.218220304175545,0.6528,0.243425433636958
"new_top7",1,12,TRUE,0.680335513414563,3.79,0.498333540288332
"new_top7",1,13,TRUE,0.680607428991788,3.793,0.421624994017656
"new_top7",1,14,FALSE,0.721810615212547,4.27,0.568048475673982
"new_top7",1,15,TRUE,0.20682587603185,0.61,0.369835977040814
"new_top7",1,16,TRUE,0.582063362911709,2.82,0.407611224693307
"new_top7",1,17,FALSE,0.696094159995223,3.967,0.504916013198385
"new_top7",1,18,TRUE,0.40823996531185,1.56,0.385310889497802
"new_top7",1,19,FALSE,0.433001340945038,1.7102,0.408358896555945
"new_top7",1,20,FALSE,0.653212513775344,3.5,0.432753394120557
"new_top7",1,21,FALSE,0.558072259099146,2.6147,0.405763258243453
"new_top7",1,22,FALSE,0.261928672990642,0.8278,0.211869326631422
"new_top7",1,23,FALSE,0.862727528317975,6.29,0.639207528516384
"new_top7",1,24,TRUE,0.637489729512511,3.34,0.509350795242603
"new_top7",1,25,FALSE,0.504878459410216,2.198,0.369233045143887
"new_top7",1,26,FALSE,0.286995073968852,0.9364,0.367692689904738
"new_top7",1,27,TRUE,0.662757831681574,3.6,0.430561891573293
"new_top7",1,28,FALSE,0.524525936626376,2.346,0.444832006895114
"new_top7",1,29,TRUE,0.406540180433955,1.55,0.490209462906648
"new_top7",1,30,FALSE,0.656098202012832,3.53,0.541900733037349
"new_top7",1,31,FALSE,0.517987203025078,2.296,0.372058365631187
"new_top7",1,32,FALSE,0.703119346236078,4.048,0.521435701931021
"new_top7",1,33,FALSE,0.691081492122968,3.91,0.503459604339167
"new_top7",1,34,FALSE,0.73319726510657,4.41,0.6896199728666
"new_top7",1,35,FALSE,0.408070285887185,1.559,0.43612034674848
"new_top7",1,36,FALSE,0.396024896608593,1.489,0.435426365067028
"new_top7",1,37,FALSE,0.398391440229475,1.5026,0.446434426260513
"new_top7",1,38,FALSE,0.770852011642144,4.9,0.601760537392885
"new_top7",1,39,TRUE,0.15836249209525,0.44,0.36548480743825
"new_top7",1,40,FALSE,0.625415352154408,3.221,0.498457891769063
"new_top7",1,41,FALSE,0.496334505996816,2.1357,0.50083320011295
"new_top7",1,42,FALSE,0.679427896612119,3.78,0.569597014853733
"new_top7",1,43,FALSE,0.610116955411928,3.0749,0.529053451633619
"new_top7",1,44,FALSE,0.645913275033844,3.425,0.456202624186925
"new_top7",1,45,FALSE,0.465382851448418,1.92,0.418725444990028
"new_top7",1,46,FALSE,0.569490954348783,2.711,0.523146450253877
"new_top7",1,47,FALSE,0.187520720836463,0.54,0.274154429179806
"new_top7",1,48,FALSE,0.465813957269479,1.9229,0.478303481612161
"new_top7",1,49,FALSE,0.231214647962601,0.703,0.505708928483113
"new_top7",1,50,FALSE,0.670802284260944,3.686,0.614976316671724
"new_top7",1,51,FALSE,0.459935016851525,1.8836,0.516433059365421
"new_top7",1,52,FALSE,0.287129620719111,0.937,0.406240334658363
"new_top7",1,53,FALSE,0.6232492903979,3.2,0.531976701392476
"new_top7",1,54,FALSE,0.8109042806687,5.47,0.625139771117656
"new_top7",1,55,TRUE,0.354108439147401,1.26,0.456897178303539
"new_top7",1,56,FALSE,0.129141845792285,0.3463,0.397225113639811
"new_top7",1,57,FALSE,0.244969460136198,0.7578,0.373868884278216
"new_top7",1,58,FALSE,0.364363354615731,1.314,0.384757830561932
"new_top7",1,59,TRUE,0.334212409393176,1.1588,0.437526777094341
"new_top7",1,60,FALSE,0.489677291663699,2.088,0.533964184188809
"new_top7",1,61,FALSE,0.525304009958239,2.352,0.459455234360419
"new_top7",1,62,TRUE,0.406540180433955,1.55,0.390306748401508
"new_top7",1,63,FALSE,0.335457900689384,1.165,0.536805009232999
"new_top7",1,64,FALSE,0.419873175149476,1.6295,0.54152965783114
"new_top7",1,65,FALSE,0.397227181043161,1.4959,0.579662966210236
"new_top7",1,66,TRUE,0.59659709562646,2.95,0.595700558614578
"new_top7",1,67,FALSE,0.260071387985075,0.82,0.445895553597297
"new_top7",1,68,FALSE,0.489466281303128,2.0865,0.551536611086255
"new_top7",1,69,FALSE,0.544018407858776,2.4996,0.651309411444776
"new_top7",1,70,TRUE,0.222976449893391,0.671,0.462339828041984
"new_top7",1,71,FALSE,0.28397928423848,0.923,0.573934178134015
"new_top7",1,72,FALSE,0.6652056284346,3.626,0.586119688265192
"new_top7",1,73,FALSE,0.537819095073274,2.45,0.58620623270982
"new_top7",1,74,FALSE,0.501059262217751,2.17,0.520242002077534
"new_top7",1,75,FALSE,0.415699348887829,1.60435,0.440071289678639
"new_top7",1,76,TRUE,0.298853076409707,0.99,0.443644277879147
"new_top7",1,77,TRUE,0.289365951520032,0.947,0.395847416919697
"new_top7",1,78,FALSE,0.497620649781288,2.145,0.348505131512529
"new_top7",1,79,TRUE,0.778151250383644,5,0.55165857210586
"new_top7",1,80,TRUE,0.260071387985075,0.82,0.411178716889055
"new_top7",1,81,FALSE,0.367542273520577,1.331,0.482263727885081
"new_top7",1,82,FALSE,0.534026106056135,2.42,0.435153804426907
"new_top7",1,83,FALSE,0.287129620719111,0.937,0.342263925092829
"new_top7",1,84,FALSE,0.469822015978163,1.95,0.367741323645136
"new_top7",1,85,TRUE,0.399673721481038,1.51,0.390650632068334
"new_top7",1,86,FALSE,0.307496037913213,1.03,0.246006919768272
"new_top7",1,87,FALSE,0.247236549506764,0.767,0.385437629904249
"new_top7",1,88,FALSE,0.6232492903979,3.2,0.443095588131664
"new_top7",1,89,TRUE,0.429752280002408,1.69,0.499951423445181
"new_top7",1,90,TRUE,0.566943971856554,2.6893,0.446355864128297
"new_top7",1,91,FALSE,0.605951157564873,3.036,0.497041679881004
"new_top7",1,92,FALSE,0.265996370495079,0.845,0.501066101134242
"new_top7",1,93,FALSE,0.555215405126073,2.591,0.364407880002502
"new_top7",1,94,FALSE,0.638489256954637,3.35,0.486417927129022
"new_top7",1,95,FALSE,0.528145078253106,2.374,0.519829712507157
"new_top7",1,96,FALSE,0.227552503379865,0.6887,0.509239237986277
"new_top7",1,97,FALSE,0.430075055551939,1.692,0.521870536208229
"new_top7",1,98,FALSE,0.184549481320698,0.5295,0.332901229453122
"new_top7",1,99,FALSE,0.472537053262077,1.9685,0.515979545185474
"new_top7",1,100,FALSE,0.60616631460762,3.038,0.525340320975463
"new_top7",1,101,FALSE,0.685553652846326,3.8479,0.649389467396181
"new_top7",1,102,TRUE,0.296665190261531,0.98,0.5031941225276
"new_top7",1,103,FALSE,0.491361693834273,2.1,0.528170388746693
"new_top7",1,104,FALSE,0.513217600067939,2.26,0.378440058101557
"new_top7",1,105,TRUE,0.64738297011462,3.44,0.415935370499415
"new_top7",1,106,FALSE,0.491361693834273,2.1,0.510821174892367
"new_top7",1,107,FALSE,0.406028944963615,1.547,0.380813924141199
"new_top7",1,108,FALSE,0.752025387323213,4.6497,0.511939447925198
"new_top7",1,109,TRUE,0.6414741105041,3.38,0.500507954466553
"new_top7",1,110,FALSE,0.416307587059883,1.608,0.518022376375834
"new_top7",1,111,FALSE,0.966610986681934,8.26,0.776657253766367
"new_top7",1,112,FALSE,0.188647295999717,0.544,0.326686317556837
"new_top7",1,113,FALSE,0.708335902682263,4.109,0.498008501095715
"new_top7",1,114,FALSE,0.685741738602264,3.85,0.822378103791984
"new_top7",1,115,FALSE,0.559308010907013,2.625,0.467746490804188
"new_top7",1,116,FALSE,0.355259905527378,1.266,0.432708827999928
"new_top7",1,117,FALSE,0.187520720836463,0.54,0.33476350015259
"new_top7",1,118,TRUE,0.569373909615046,2.71,0.489736427542125
"new_top7",1,119,FALSE,0.572523097849638,2.737,0.514369919359137
"new_top7",1,120,FALSE,0.538070787043172,2.452,0.494589817333479
"new_top7",1,121,FALSE,0.374748346010104,1.37,0.427067895111696
"new_top7",1,122,FALSE,0.294686624279443,0.971,0.329675018302713
"new_top7",1,123,FALSE,0.432969290874406,1.71,0.41977328167216
"new_top7",1,124,TRUE,0.320146286111054,1.09,0.575025824791316
"new_top7",1,125,FALSE,0.574262829707027,2.752,0.425639357272586
"new_top7",1,126,FALSE,0.610234175334389,3.076,0.59389066119399
"new_top7",1,127,FALSE,0.173186268412274,0.49,0.209214031339552
"new_top7",1,128,FALSE,0.314499227973151,1.063,0.368917544148318
"new_top7",1,129,FALSE,0.753330221324521,4.6667,0.489982305906149
"new_top7",1,130,FALSE,0.338456493604605,1.18,0.467254801187468
"new_top7",1,131,TRUE,0.0253058652647703,0.06,0.385677809589623
"new_top7",1,132,FALSE,0.21045229296202,0.6235,0.274324076781872
"new_top7",1,133,FALSE,0.440121603187804,1.755,0.474783373812326
"new_top7",1,134,TRUE,0.181872159010334,0.5201,0.467246728811575
"new_top7",1,135,FALSE,0.761326322421457,4.772,0.638293752470438
"new_top7",1,136,FALSE,0.662757831681574,3.6,0.381479584930208
"new_top7",1,137,FALSE,0.409425868671443,1.567,0.440420102093912
"new_top7",1,138,FALSE,0.387389826338729,1.44,0.322605358099297
"new_top7",1,139,FALSE,0.256236533205923,0.804,0.36627587634611
"new_top7",1,140,FALSE,0.381656482585787,1.408,0.407350865208424
"new_top7",1,141,FALSE,0.43568513794163,1.727,0.438747892615367
"new_top7",1,142,FALSE,0.190331698170291,0.55,0.408979587348929
"new_top7",1,143,FALSE,0.208978517276253,0.618,0.42474997020776
"new_top7",1,144,TRUE,0.506505032404872,2.21,0.492144035950194
"new_top7",1,145,FALSE,0.390935107103379,1.46,0.38725559493058
"new_top7",1,146,FALSE,0.442479769064449,1.77,0.493256191207823
"new_top7",1,147,FALSE,0.417139409727326,1.613,0.446465947747893
"new_top7",1,148,FALSE,0.260071387985075,0.82,0.390834182561504
"new_top7",1,149,TRUE,0.308777773664721,1.036,0.411410613304676
"new_top7",1,150,FALSE,0.583198773968623,2.83,0.449212719811244
"new_top7",1,151,TRUE,0.456062224454951,1.858,0.444686429034503
"new_top7",1,152,FALSE,0.370698092575577,1.348,0.432454524956044
"new_top7",1,153,FALSE,0.639486489268586,3.36,0.626631277269941
"new_top7",1,154,TRUE,0.590284403718162,2.893,0.480366131315562
"new_top7",1,155,FALSE,0.618215503279417,3.1516,0.526402876730341
"new_top7",1,156,FALSE,0.224533062606086,0.677,0.398535942450256
"new_top7",1,157,FALSE,0.234010817587179,0.714,0.280328137787047
"new_top7",1,158,FALSE,0.595826777073223,2.943,0.431276198445947
"new_top7",1,159,TRUE,0.612783856719735,3.1,0.529068451900444
"new_top7",1,160,FALSE,0.581266805273671,2.813,0.530186791722615
"new_top7",1,161,FALSE,0.588383768378728,2.876,0.552661018642834
"new_top7",1,162,FALSE,0.108226656374928,0.283,0.459475155221607
"new_top7",1,163,TRUE,0.381115080709851,1.405,0.450052552863753
"new_top7",1,164,FALSE,0.255272505103306,0.8,0.513179503238618
"new_top7",1,165,FALSE,0.680879174426811,3.796,0.508748757128436
"new_top7",1,166,FALSE,0.564784384503987,2.671,0.471323339646575
"new_top7",1,167,TRUE,0.526339277389844,2.36,0.366970137114147
"new_top7",1,168,FALSE,0.294466226161593,0.97,0.415298732211435
"new_top7",1,169,FALSE,0.612783856719735,3.1,0.471801833621558
"new_top7",1,170,FALSE,0.5182506513085,2.298,0.541920798158172
"new_top7",1,171,FALSE,0.442949869577862,1.773,0.407579345404699
"new_top7",1,172,FALSE,0.505149978319906,2.2,0.460657657811721
"new_top7",1,173,FALSE,0.305995882770805,1.023,0.440879259792785
"new_top7",1,174,TRUE,0.612783856719735,3.1,0.503381086748239
"new_top7",1,175,TRUE,0.204119982655925,0.6,0.446608371144994
"new_top7",1,176,FALSE,0.677333151419902,3.757,0.451502783127849
"new_top7",1,177,FALSE,0.345961541813141,1.218,0.576981050529354
"new_top7",1,178,FALSE,0.361160995195026,1.297,0.468448899397194
"new_top7",1,179,TRUE,0.127104798364808,0.34,0.320347301064837
"new_top7",1,180,FALSE,0.514547752660286,2.27,0.340079190899845
"new_top7",1,181,FALSE,0.362350507594848,1.3033,0.474929289102228
"new_top7",1,182,FALSE,0.662757831681574,3.6,0.467544580728764
"new_top7",1,183,FALSE,0.313867220369153,1.06,0.448210247052775
"new_top7",1,184,FALSE,0.839666556882433,5.913,0.4483662157859
"new_top7",1,185,FALSE,0.16999753706657,0.4791,0.366690342815184
"new_top7",1,186,FALSE,0.129367595722986,0.347,0.0979299223251206
"new_top7",1,187,FALSE,0.36078268987328,1.295,0.303311238833924
"new_top7",1,188,FALSE,0.429106008332697,1.686,0.457506545183686
"new_top7",1,189,FALSE,0.702602841340427,4.042,0.584029541432682
"new_top7",1,190,FALSE,0.571708831808688,2.73,0.445080285709053
"new_top7",1,191,FALSE,0.343920385393226,1.2076,0.285249033756378
"new_top7",1,192,FALSE,0.695131297704026,3.956,0.522685817903193
"new_top7",1,193,FALSE,0.629409599102719,3.26,0.532249606517915
"new_top7",1,194,FALSE,0.414973347970818,1.6,0.433172299384043
"new_top7",1,195,FALSE,0.276231957921834,0.889,0.379065945298239
"new_top7",1,196,FALSE,0.531478917042255,2.4,0.507949563210001
"new_top7",1,197,FALSE,0.236789099409293,0.725,0.370519210715125
"new_top7",1,198,FALSE,0.756407872548958,4.707,0.76242544957937
"new_top7",1,199,FALSE,0.718750734739665,4.233,0.576968240228694
"new_top7",1,200,FALSE,0.515211304327802,2.275,0.427453850981767
"new_top7",1,201,TRUE,0.3654879848909,1.32,0.41211284189571
"new_top7",1,202,TRUE,0.344392273685111,1.21,0.414313692340226
"new_top7",1,203,FALSE,0.196728722623287,0.573,0.465119263542186
"new_top7",1,204,FALSE,0.392696953259666,1.47,0.468311121882431
"new_top7",1,205,FALSE,0.365394376854778,1.3195,0.421479964131647
"new_top7",1,206,TRUE,0.389166084364532,1.45,0.436691870224569
"new_top7",1,207,FALSE,0.653212513775344,3.5,0.458614961869919
"new_top7",1,208,FALSE,0.440594261839831,1.758,0.381121608971214
"new_top7",1,209,TRUE,0.202215775801131,0.593,0.456599794343125
"new_top7",1,210,FALSE,0.48572142648158,2.06,0.371463713337619
"new_top7",1,211,FALSE,0.244277120801843,0.755,0.471562682208031
"new_top7",1,212,FALSE,0.372727940885595,1.359,0.448691760894014
"new_top7",1,213,FALSE,0.52244423350632,2.33,0.506941537693796
"new_top7",1,214,FALSE,0.257678574869184,0.81,0.380028661397087
"new_top7",1,215,FALSE,0.384353414137506,1.423,0.521188643125338
"new_top7",1,216,FALSE,0.335858911319818,1.167,0.489064411242332
"new_top7",1,217,FALSE,0.555094448578319,2.59,0.526252993247302
"new_top7",1,218,FALSE,0.271841606536499,0.87,0.518167498553257
"new_top7",1,219,FALSE,0.471291711058939,1.96,0.481764279601621
"new_top7",1,220,TRUE,0.294906910605192,0.972,0.442159641548713
"new_top7",1,221,FALSE,0.655138434811382,3.52,0.582311083450352
"new_top7",1,222,FALSE,0.528916700277655,2.38,0.47922681514873
"new_top7",1,223,TRUE,0.237040791379191,0.726,0.504086895631609
"new_top7",1,224,FALSE,0.777426822389311,4.99,0.486807085984561
"new_top7",1,225,TRUE,0.191730393362856,0.555,0.514348472091485
"new_top7",1,226,FALSE,0.239549720840473,0.736,0.448329446342747
"new_top7",1,227,TRUE,0.582404298019028,2.823,0.556699753533834
"new_top7",1,228,TRUE,0.569373909615046,2.71,0.384911505377966
"new_top7",1,229,FALSE,0.334252642334231,1.159,0.418556214351493
"new_top7",1,230,FALSE,0.406369835469268,1.549,0.425653372263777
"new_top7",1,231,FALSE,0.216165902285993,0.645,0.523988669284425
"new_top7",1,232,FALSE,0.0597526942092988,0.1475,0.280981758727303
"new_top7",1,233,TRUE,0.472463896606989,1.968,0.524715414659486
"new_top7",1,234,FALSE,0.666985718329661,3.645,0.42392086224731
"new_top7",1,235,FALSE,0.65417654187796,3.51,0.544908673167866
"new_top7",1,236,FALSE,0.259593878885949,0.818,0.483795374757375
"new_top7",1,237,FALSE,0.527114111639805,2.366,0.560096778572761
"new_top7",1,238,TRUE,0.367169488534681,1.329,0.407306839475773
"new_top7",1,239,TRUE,0.19228861256812,0.557,0.347562580740948
"new_top7",1,240,FALSE,0.478566495593843,2.01,0.308711900299698
"new_top7",1,241,FALSE,0.253580289562183,0.793,0.382800813144224
"new_top7",1,242,FALSE,0.27554168840131,0.886,0.366959346584426
"new_top7",1,243,FALSE,0.532627001228891,2.409,0.394842236336868
"new_top7",1,244,TRUE,0.542451947375977,2.487,0.428480754813869
"new_top7",1,245,FALSE,0.381836799998343,1.409,0.378047795949
"new_top7",1,246,TRUE,0.511616020569138,2.248,0.555681344409304
"new_top7",1,247,FALSE,0.476831628512261,1.998,0.52846613293544
"new_top7",1,248,FALSE,0.301029995663981,1,0.5041747079589
"new_top7",1,249,FALSE,0.325823419002744,1.1175,0.358472061807058
"new_top7",1,250,FALSE,0.586024382386976,2.855,0.496659304362837
"new_top7",1,251,FALSE,0.218535505216528,0.654,0.265010231083629
"new_top7",1,252,FALSE,0.0480531731156091,0.117,0.153183156928692
"new_top7",1,253,FALSE,0.378397900948138,1.39,0.524693503629395
"new_top7",1,254,FALSE,0.595275711802099,2.938,0.393508294820129
"new_top7",1,255,FALSE,0.398807730203264,1.505,0.427264139896254
"new_top7",1,256,TRUE,0.161368002234975,0.45,0.322164748374617
"new_top7",1,257,FALSE,0.456214155357989,1.859,0.373198995334611
"new_top7",1,258,FALSE,0.641126932803509,3.3765,0.455308915189331
"new_top7",1,259,FALSE,0.54020429984206,2.469,0.347794990765516
"new_top7",1,260,FALSE,0.0328201494385639,0.0785,0.110992944711091
"new_top7",1,261,FALSE,0.434888120867316,1.722,0.542946518203548
"new_top7",1,262,FALSE,0.332034277027518,1.148,0.390079514976043
"new_top7",1,263,FALSE,0.391816923613249,1.465,0.580948220066045
"new_top7",1,264,TRUE,0.347427598618541,1.2255,0.463313067153802
"new_top7",1,265,FALSE,0.352182518111362,1.25,0.29634105265685
"new_top7",1,266,TRUE,0.154119525515847,0.426,0.188164239670016
"new_top7",1,267,FALSE,0.591398551281249,2.903,0.380665411090766
"new_top7",1,268,TRUE,0.315970345456918,1.07,0.431181226953309
"new_top7",1,269,FALSE,0.470410490975931,1.954,0.456939422329099
"new_top7",1,270,FALSE,0.826074802700826,5.7,0.788106492737973
"new_top7",1,271,TRUE,0.273232834043046,0.876,0.593848866662599
"new_top7",1,272,FALSE,0.234264124378789,0.715,0.371408763956527
"new_top7",1,273,FALSE,0.504878459410216,2.198,0.404367512912342
"new_top7",1,274,FALSE,0.582744965691277,2.826,0.367115355317861
"new_top7",1,275,FALSE,0.542327382773974,2.486,0.434082866020903
"new_top7",1,276,FALSE,0.657055852857104,3.54,0.441621755061465
"new_top7",1,277,FALSE,0.328379603438738,1.13,0.376866444069215
"new_top7",1,278,FALSE,0.4679039465228,1.937,0.244380909929485
"new_top7",1,279,FALSE,0.331427296520743,1.145,0.46163830859119
"new_top7",1,280,FALSE,0.352664799651101,1.2525,0.466771906171445
"new_top7",1,281,FALSE,0.437116093048079,1.736,0.359903150973427
"new_top7",1,282,FALSE,0.325043347403704,1.1137,0.37011604423625
"new_top7",1,283,FALSE,0.775319121829478,4.961,0.48907890524739
"new_top7",1,284,FALSE,0.526442668529935,2.3608,0.364441863948976
"new_top7",1,285,FALSE,0.682145076373832,3.81,0.608711584925565
"new_top7",1,286,FALSE,0.425534220498263,1.664,0.475491619619965
"new_top7",1,287,FALSE,0.659726095237792,3.568,0.545485930991101
"new_top7",1,288,FALSE,0.672097857935718,3.7,0.398244486405145
"new_top7",1,289,FALSE,0.534026106056135,2.42,0.417099197521445
"new_top7",1,290,FALSE,0.615950051656401,3.13,0.504126333227027
"new_top7",1,291,TRUE,0.262451089730429,0.83,0.381019459997672
"new_top7",2,1,TRUE,0.482873583608754,2.04,0.303325417649164
"new_top7",2,2,TRUE,0.496929648073215,2.14,0.507394272230289
"new_top7",2,3,TRUE,0.623042434246382,3.198,0.497532092628014
"new_top7",2,4,TRUE,0.523746466811564,2.34,0.522765974238865
"new_top7",2,5,TRUE,0.47567118832443,1.99,0.429587457441106
"new_top7",2,6,TRUE,0.0681858617461616,0.17,0.328158203616172
"new_top7",2,7,FALSE,0.469674772551798,1.949,0.307566813151353
"new_top7",2,8,FALSE,0.387389826338729,1.44,0.429594456410909
"new_top7",2,9,FALSE,0.627365856592733,3.24,0.390602213029401
"new_top7",2,10,FALSE,0.591064607026499,2.9,0.415920660004029
"new_top7",2,11,FALSE,0.218220304175545,0.6528,0.235902736061654
"new_top7",2,12,TRUE,0.680335513414563,3.79,0.505301909106679
"new_top7",2,13,TRUE,0.680607428991788,3.793,0.432748900844402
"new_top7",2,14,FALSE,0.721810615212547,4.27,0.547529414465003
"new_top7",2,15,TRUE,0.20682587603185,0.61,0.342237719399365
"new_top7",2,16,TRUE,0.582063362911709,2.82,0.367691085366507
"new_top7",2,17,FALSE,0.696094159995223,3.967,0.471017778024921
"new_top7",2,18,TRUE,0.40823996531185,1.56,0.376930365212405
"new_top7",2,19,FALSE,0.433001340945038,1.7102,0.420067184604979
"new_top7",2,20,FALSE,0.653212513775344,3.5,0.45525617998395
"new_top7",2,21,FALSE,0.558072259099146,2.6147,0.395550965451475
"new_top7",2,22,FALSE,0.261928672990642,0.8278,0.278627612449574
"new_top7",2,23,FALSE,0.862727528317975,6.29,0.633717263187142
"new_top7",2,24,TRUE,0.637489729512511,3.34,0.501663999004019
"new_top7",2,25,FALSE,0.504878459410216,2.198,0.398911728874652
"new_top7",2,26,FALSE,0.286995073968852,0.9364,0.389304347269928
"new_top7",2,27,TRUE,0.662757831681574,3.6,0.44591208918671
"new_top7",2,28,FALSE,0.524525936626376,2.346,0.461634165530588
"new_top7",2,29,TRUE,0.406540180433955,1.55,0.482866274188217
"new_top7",2,30,FALSE,0.656098202012832,3.53,0.510886210345895
"new_top7",2,31,FALSE,0.517987203025078,2.296,0.333505195604277
"new_top7",2,32,FALSE,0.703119346236078,4.048,0.495843553167369
"new_top7",2,33,FALSE,0.691081492122968,3.91,0.490612901570989
"new_top7",2,34,FALSE,0.73319726510657,4.41,0.673213773116006
"new_top7",2,35,FALSE,0.408070285887185,1.559,0.416768841122534
"new_top7",2,36,FALSE,0.396024896608593,1.489,0.411723449165435
"new_top7",2,37,FALSE,0.398391440229475,1.5026,0.46062997384716
"new_top7",2,38,FALSE,0.770852011642144,4.9,0.604452371693419
"new_top7",2,39,TRUE,0.15836249209525,0.44,0.390052938405217
"new_top7",2,40,FALSE,0.625415352154408,3.221,0.481580590797894
"new_top7",2,41,FALSE,0.496334505996816,2.1357,0.546199963121607
"new_top7",2,42,FALSE,0.679427896612119,3.78,0.590420860210957
"new_top7",2,43,FALSE,0.610116955411928,3.0749,0.546603022390088
"new_top7",2,44,FALSE,0.645913275033844,3.425,0.427406296952642
"new_top7",2,45,FALSE,0.465382851448418,1.92,0.429209480868399
"new_top7",2,46,FALSE,0.569490954348783,2.711,0.526550352264934
"new_top7",2,47,FALSE,0.187520720836463,0.54,0.254857648668744
"new_top7",2,48,FALSE,0.465813957269479,1.9229,0.461659786354539
"new_top7",2,49,FALSE,0.231214647962601,0.703,0.508136364967026
"new_top7",2,50,FALSE,0.670802284260944,3.686,0.63126307722498
"new_top7",2,51,FALSE,0.459935016851525,1.8836,0.497791599450265
"new_top7",2,52,FALSE,0.287129620719111,0.937,0.442325782182412
"new_top7",2,53,FALSE,0.6232492903979,3.2,0.554917490085511
"new_top7",2,54,FALSE,0.8109042806687,5.47,0.614231830189815
"new_top7",2,55,TRUE,0.354108439147401,1.26,0.438937857369172
"new_top7",2,56,FALSE,0.129141845792285,0.3463,0.372234637355564
"new_top7",2,57,FALSE,0.244969460136198,0.7578,0.415621245188297
"new_top7",2,58,FALSE,0.364363354615731,1.314,0.381631597140294
"new_top7",2,59,TRUE,0.334212409393176,1.1588,0.428697179821031
"new_top7",2,60,FALSE,0.489677291663699,2.088,0.516264753245053
"new_top7",2,61,FALSE,0.525304009958239,2.352,0.451251834791784
"new_top7",2,62,TRUE,0.406540180433955,1.55,0.395352869605428
"new_top7",2,63,FALSE,0.335457900689384,1.165,0.544830596493478
"new_top7",2,64,FALSE,0.419873175149476,1.6295,0.529368581107211
"new_top7",2,65,FALSE,0.397227181043161,1.4959,0.506863725514398
"new_top7",2,66,TRUE,0.59659709562646,2.95,0.628555024571961
"new_top7",2,67,FALSE,0.260071387985075,0.82,0.434506598803611
"new_top7",2,68,FALSE,0.489466281303128,2.0865,0.547311813628142
"new_top7",2,69,FALSE,0.544018407858776,2.4996,0.67906726478938
"new_top7",2,70,TRUE,0.222976449893391,0.671,0.446894178653094
"new_top7",2,71,FALSE,0.28397928423848,0.923,0.588976284084187
"new_top7",2,72,FALSE,0.6652056284346,3.626,0.605623159934853
"new_top7",2,73,FALSE,0.537819095073274,2.45,0.568415266126516
"new_top7",2,74,FALSE,0.501059262217751,2.17,0.515193758627934
"new_top7",2,75,FALSE,0.415699348887829,1.60435,0.454455147427995
"new_top7",2,76,TRUE,0.298853076409707,0.99,0.457189696523086
"new_top7",2,77,TRUE,0.289365951520032,0.947,0.391733335013963
"new_top7",2,78,FALSE,0.497620649781288,2.145,0.344536027993815
"new_top7",2,79,TRUE,0.778151250383644,5,0.528532532274102
"new_top7",2,80,TRUE,0.260071387985075,0.82,0.424340381624686
"new_top7",2,81,FALSE,0.367542273520577,1.331,0.498840420184473
"new_top7",2,82,FALSE,0.534026106056135,2.42,0.466141883681675
"new_top7",2,83,FALSE,0.287129620719111,0.937,0.331513620991477
"new_top7",2,84,FALSE,0.469822015978163,1.95,0.380682167241017
"new_top7",2,85,TRUE,0.399673721481038,1.51,0.328822819280844
"new_top7",2,86,FALSE,0.307496037913213,1.03,0.251001794724082
"new_top7",2,87,FALSE,0.247236549506764,0.767,0.392504446186777
"new_top7",2,88,FALSE,0.6232492903979,3.2,0.45296168918741
"new_top7",2,89,TRUE,0.429752280002408,1.69,0.500765553820935
"new_top7",2,90,TRUE,0.566943971856554,2.6893,0.440340217664973
"new_top7",2,91,FALSE,0.605951157564873,3.036,0.523406292916909
"new_top7",2,92,FALSE,0.265996370495079,0.845,0.479752383024958
"new_top7",2,93,FALSE,0.555215405126073,2.591,0.38849078775501
"new_top7",2,94,FALSE,0.638489256954637,3.35,0.48941192734894
"new_top7",2,95,FALSE,0.528145078253106,2.374,0.476704538666404
"new_top7",2,96,FALSE,0.227552503379865,0.6887,0.486450895987681
"new_top7",2,97,FALSE,0.430075055551939,1.692,0.508248236720963
"new_top7",2,98,FALSE,0.184549481320698,0.5295,0.318748015823429
"new_top7",2,99,FALSE,0.472537053262077,1.9685,0.500183019333953
"new_top7",2,100,FALSE,0.60616631460762,3.038,0.508982060352884
"new_top7",2,101,FALSE,0.685553652846326,3.8479,0.563067880769996
"new_top7",2,102,TRUE,0.296665190261531,0.98,0.509795810058572
"new_top7",2,103,FALSE,0.491361693834273,2.1,0.519013827637445
"new_top7",2,104,FALSE,0.513217600067939,2.26,0.435996421691556
"new_top7",2,105,TRUE,0.64738297011462,3.44,0.415095324854111
"new_top7",2,106,FALSE,0.491361693834273,2.1,0.508466862507871
"new_top7",2,107,FALSE,0.406028944963615,1.547,0.379335645417431
"new_top7",2,108,FALSE,0.752025387323213,4.6497,0.49438264930208
"new_top7",2,109,TRUE,0.6414741105041,3.38,0.520418118130073
"new_top7",2,110,FALSE,0.416307587059883,1.608,0.534075609357136
"new_top7",2,111,FALSE,0.966610986681934,8.26,0.773410593871969
"new_top7",2,112,FALSE,0.188647295999717,0.544,0.333249689137457
"new_top7",2,113,FALSE,0.708335902682263,4.109,0.498286775299476
"new_top7",2,114,FALSE,0.685741738602264,3.85,0.911004529525914
"new_top7",2,115,FALSE,0.559308010907013,2.625,0.456926762701283
"new_top7",2,116,FALSE,0.355259905527378,1.266,0.444281424155999
"new_top7",2,117,FALSE,0.187520720836463,0.54,0.332510253120576
"new_top7",2,118,TRUE,0.569373909615046,2.71,0.447015553588168
"new_top7",2,119,FALSE,0.572523097849638,2.737,0.610816003735816
"new_top7",2,120,FALSE,0.538070787043172,2.452,0.515790445905154
"new_top7",2,121,FALSE,0.374748346010104,1.37,0.359312855500035
"new_top7",2,122,FALSE,0.294686624279443,0.971,0.328000362767218
"new_top7",2,123,FALSE,0.432969290874406,1.71,0.428256165985643
"new_top7",2,124,TRUE,0.320146286111054,1.09,0.564923357831526
"new_top7",2,125,FALSE,0.574262829707027,2.752,0.435924691391068
"new_top7",2,126,FALSE,0.610234175334389,3.076,0.60172454332026
"new_top7",2,127,FALSE,0.173186268412274,0.49,0.187363822169458
"new_top7",2,128,FALSE,0.314499227973151,1.063,0.411080283298719
"new_top7",2,129,FALSE,0.753330221324521,4.6667,0.494678012171113
"new_top7",2,130,FALSE,0.338456493604605,1.18,0.48555600534771
"new_top7",2,131,TRUE,0.0253058652647703,0.06,0.362519144146453
"new_top7",2,132,FALSE,0.21045229296202,0.6235,0.380920859604694
"new_top7",2,133,FALSE,0.440121603187804,1.755,0.517926536149648
"new_top7",2,134,TRUE,0.181872159010334,0.5201,0.478561903826108
"new_top7",2,135,FALSE,0.761326322421457,4.772,0.617607902872761
"new_top7",2,136,FALSE,0.662757831681574,3.6,0.404213392980003
"new_top7",2,137,FALSE,0.409425868671443,1.567,0.441403348353028
"new_top7",2,138,FALSE,0.387389826338729,1.44,0.298940718066429
"new_top7",2,139,FALSE,0.256236533205923,0.804,0.386997415478473
"new_top7",2,140,FALSE,0.381656482585787,1.408,0.388144820454685
"new_top7",2,141,FALSE,0.43568513794163,1.727,0.435058264646325
"new_top7",2,142,FALSE,0.190331698170291,0.55,0.426888825919808
"new_top7",2,143,FALSE,0.208978517276253,0.618,0.421635617205421
"new_top7",2,144,TRUE,0.506505032404872,2.21,0.483258808413822
"new_top7",2,145,FALSE,0.390935107103379,1.46,0.402334559327982
"new_top7",2,146,FALSE,0.442479769064449,1.77,0.450531182184436
"new_top7",2,147,FALSE,0.417139409727326,1.613,0.468999969984935
"new_top7",2,148,FALSE,0.260071387985075,0.82,0.392185116572242
"new_top7",2,149,TRUE,0.308777773664721,1.036,0.430497474284256
"new_top7",2,150,FALSE,0.583198773968623,2.83,0.451689661569434
"new_top7",2,151,TRUE,0.456062224454951,1.858,0.448736319757414
"new_top7",2,152,FALSE,0.370698092575577,1.348,0.495847294002777
"new_top7",2,153,FALSE,0.639486489268586,3.36,0.635257893037882
"new_top7",2,154,TRUE,0.590284403718162,2.893,0.503707545664107
"new_top7",2,155,FALSE,0.618215503279417,3.1516,0.532029816694927
"new_top7",2,156,FALSE,0.224533062606086,0.677,0.492541647569531
"new_top7",2,157,FALSE,0.234010817587179,0.714,0.24920819442446
"new_top7",2,158,FALSE,0.595826777073223,2.943,0.43038791193065
"new_top7",2,159,TRUE,0.612783856719735,3.1,0.536920492639538
"new_top7",2,160,FALSE,0.581266805273671,2.813,0.561796849175818
"new_top7",2,161,FALSE,0.588383768378728,2.876,0.558633980273655
"new_top7",2,162,FALSE,0.108226656374928,0.283,0.464805275825765
"new_top7",2,163,TRUE,0.381115080709851,1.405,0.471265167130688
"new_top7",2,164,FALSE,0.255272505103306,0.8,0.481890815714534
"new_top7",2,165,FALSE,0.680879174426811,3.796,0.502385540539061
"new_top7",2,166,FALSE,0.564784384503987,2.671,0.495586298780585
"new_top7",2,167,TRUE,0.526339277389844,2.36,0.377843678330423
"new_top7",2,168,FALSE,0.294466226161593,0.97,0.424688058741748
"new_top7",2,169,FALSE,0.612783856719735,3.1,0.457572672072442
"new_top7",2,170,FALSE,0.5182506513085,2.298,0.534219387015454
"new_top7",2,171,FALSE,0.442949869577862,1.773,0.397012365005015
"new_top7",2,172,FALSE,0.505149978319906,2.2,0.459345689178594
"new_top7",2,173,FALSE,0.305995882770805,1.023,0.412273638447454
"new_top7",2,174,TRUE,0.612783856719735,3.1,0.511286711693431
"new_top7",2,175,TRUE,0.204119982655925,0.6,0.424641410892792
"new_top7",2,176,FALSE,0.677333151419902,3.757,0.428970184690832
"new_top7",2,177,FALSE,0.345961541813141,1.218,0.459545930537403
"new_top7",2,178,FALSE,0.361160995195026,1.297,0.455260153781578
"new_top7",2,179,TRUE,0.127104798364808,0.34,0.305192156271187
"new_top7",2,180,FALSE,0.514547752660286,2.27,0.326185720503691
"new_top7",2,181,FALSE,0.362350507594848,1.3033,0.465677618616344
"new_top7",2,182,FALSE,0.662757831681574,3.6,0.458361908553456
"new_top7",2,183,FALSE,0.313867220369153,1.06,0.411145156326099
"new_top7",2,184,FALSE,0.839666556882433,5.913,0.503390520059314
"new_top7",2,185,FALSE,0.16999753706657,0.4791,0.350393856998954
"new_top7",2,186,FALSE,0.129367595722986,0.347,0.0637804662497098
"new_top7",2,187,FALSE,0.36078268987328,1.295,0.340972888691579
"new_top7",2,188,FALSE,0.429106008332697,1.686,0.463032055005081
"new_top7",2,189,FALSE,0.702602841340427,4.042,0.555063096680638
"new_top7",2,190,FALSE,0.571708831808688,2.73,0.416559821047988
"new_top7",2,191,FALSE,0.343920385393226,1.2076,0.273946063057099
"new_top7",2,192,FALSE,0.695131297704026,3.956,0.469704308779357
"new_top7",2,193,FALSE,0.629409599102719,3.26,0.519993316038768
"new_top7",2,194,FALSE,0.414973347970818,1.6,0.384521015706509
"new_top7",2,195,FALSE,0.276231957921834,0.889,0.393774767860342
"new_top7",2,196,FALSE,0.531478917042255,2.4,0.507704690438991
"new_top7",2,197,FALSE,0.236789099409293,0.725,0.371403327581601
"new_top7",2,198,FALSE,0.756407872548958,4.707,0.776326147337552
"new_top7",2,199,FALSE,0.718750734739665,4.233,0.566362243368933
"new_top7",2,200,FALSE,0.515211304327802,2.275,0.412184040648422
"new_top7",2,201,TRUE,0.3654879848909,1.32,0.429203137451125
"new_top7",2,202,TRUE,0.344392273685111,1.21,0.431030490729476
"new_top7",2,203,FALSE,0.196728722623287,0.573,0.43499302810535
"new_top7",2,204,FALSE,0.392696953259666,1.47,0.472786617849423
"new_top7",2,205,FALSE,0.365394376854778,1.3195,0.441692766440012
"new_top7",2,206,TRUE,0.389166084364532,1.45,0.423649789087535
"new_top7",2,207,FALSE,0.653212513775344,3.5,0.465180425820307
"new_top7",2,208,FALSE,0.440594261839831,1.758,0.386780558173194
"new_top7",2,209,TRUE,0.202215775801131,0.593,0.474975684531219
"new_top7",2,210,FALSE,0.48572142648158,2.06,0.394894203738351
"new_top7",2,211,FALSE,0.244277120801843,0.755,0.486350243002667
"new_top7",2,212,FALSE,0.372727940885595,1.359,0.428857701904756
"new_top7",2,213,FALSE,0.52244423350632,2.33,0.454535635203696
"new_top7",2,214,FALSE,0.257678574869184,0.81,0.371522955438009
"new_top7",2,215,FALSE,0.384353414137506,1.423,0.526208093443074
"new_top7",2,216,FALSE,0.335858911319818,1.167,0.483428378538228
"new_top7",2,217,FALSE,0.555094448578319,2.59,0.54989331811405
"new_top7",2,218,FALSE,0.271841606536499,0.87,0.516845783048203
"new_top7",2,219,FALSE,0.471291711058939,1.96,0.481324117258748
"new_top7",2,220,TRUE,0.294906910605192,0.972,0.459252532486514
"new_top7",2,221,FALSE,0.655138434811382,3.52,0.581571281849175
"new_top7",2,222,FALSE,0.528916700277655,2.38,0.498829035920369
"new_top7",2,223,TRUE,0.237040791379191,0.726,0.49273729489493
"new_top7",2,224,FALSE,0.777426822389311,4.99,0.518473429962161
"new_top7",2,225,TRUE,0.191730393362856,0.555,0.498560463434981
"new_top7",2,226,FALSE,0.239549720840473,0.736,0.436422562709059
"new_top7",2,227,TRUE,0.582404298019028,2.823,0.551751734764752
"new_top7",2,228,TRUE,0.569373909615046,2.71,0.36619106813271
"new_top7",2,229,FALSE,0.334252642334231,1.159,0.393832673333663
"new_top7",2,230,FALSE,0.406369835469268,1.549,0.451003680931123
"new_top7",2,231,FALSE,0.216165902285993,0.645,0.535731083836753
"new_top7",2,232,FALSE,0.0597526942092988,0.1475,0.307565269025746
"new_top7",2,233,TRUE,0.472463896606989,1.968,0.505738371096704
"new_top7",2,234,FALSE,0.666985718329661,3.645,0.425771943123634
"new_top7",2,235,FALSE,0.65417654187796,3.51,0.518918765524533
"new_top7",2,236,FALSE,0.259593878885949,0.818,0.460155970474613
"new_top7",2,237,FALSE,0.527114111639805,2.366,0.585596952136697
"new_top7",2,238,TRUE,0.367169488534681,1.329,0.387835206447785
"new_top7",2,239,TRUE,0.19228861256812,0.557,0.354483568567152
"new_top7",2,240,FALSE,0.478566495593843,2.01,0.302541685845861
"new_top7",2,241,FALSE,0.253580289562183,0.793,0.359523668939861
"new_top7",2,242,FALSE,0.27554168840131,0.886,0.352583564043501
"new_top7",2,243,FALSE,0.532627001228891,2.409,0.427437902883465
"new_top7",2,244,TRUE,0.542451947375977,2.487,0.425943422007489
"new_top7",2,245,FALSE,0.381836799998343,1.409,0.405792653284643
"new_top7",2,246,TRUE,0.511616020569138,2.248,0.570218684353182
"new_top7",2,247,FALSE,0.476831628512261,1.998,0.555600739732982
"new_top7",2,248,FALSE,0.301029995663981,1,0.504845280248529
"new_top7",2,249,FALSE,0.325823419002744,1.1175,0.349306266270384
"new_top7",2,250,FALSE,0.586024382386976,2.855,0.495696135836271
"new_top7",2,251,FALSE,0.218535505216528,0.654,0.235733457878741
"new_top7",2,252,FALSE,0.0480531731156091,0.117,0.144917609638781
"new_top7",2,253,FALSE,0.378397900948138,1.39,0.532919025228147
"new_top7",2,254,FALSE,0.595275711802099,2.938,0.333485903154045
"new_top7",2,255,FALSE,0.398807730203264,1.505,0.453768773993697
"new_top7",2,256,TRUE,0.161368002234975,0.45,0.324379097673965
"new_top7",2,257,FALSE,0.456214155357989,1.859,0.353386145591751
"new_top7",2,258,FALSE,0.641126932803509,3.3765,0.459478088145875
"new_top7",2,259,FALSE,0.54020429984206,2.469,0.358791423360271
"new_top7",2,260,FALSE,0.0328201494385639,0.0785,0.0782246898633236
"new_top7",2,261,FALSE,0.434888120867316,1.722,0.526646766885148
"new_top7",2,262,FALSE,0.332034277027518,1.148,0.374234468186284
"new_top7",2,263,FALSE,0.391816923613249,1.465,0.602285687188846
"new_top7",2,264,TRUE,0.347427598618541,1.2255,0.463059566698152
"new_top7",2,265,FALSE,0.352182518111362,1.25,0.29198805372785
"new_top7",2,266,TRUE,0.154119525515847,0.426,0.236681404012874
"new_top7",2,267,FALSE,0.591398551281249,2.903,0.387262539004253
"new_top7",2,268,TRUE,0.315970345456918,1.07,0.420872397946924
"new_top7",2,269,FALSE,0.470410490975931,1.954,0.453396997130029
"new_top7",2,270,FALSE,0.826074802700826,5.7,0.849052001361079
"new_top7",2,271,TRUE,0.273232834043046,0.876,0.562411711799501
"new_top7",2,272,FALSE,0.234264124378789,0.715,0.361673313024206
"new_top7",2,273,FALSE,0.504878459410216,2.198,0.397766002371873
"new_top7",2,274,FALSE,0.582744965691277,2.826,0.345427307358267
"new_top7",2,275,FALSE,0.542327382773974,2.486,0.445494810910743
"new_top7",2,276,FALSE,0.657055852857104,3.54,0.437200694905054
"new_top7",2,277,FALSE,0.328379603438738,1.13,0.382672296760137
"new_top7",2,278,FALSE,0.4679039465228,1.937,0.246093429512044
"new_top7",2,279,FALSE,0.331427296520743,1.145,0.442476508433342
"new_top7",2,280,FALSE,0.352664799651101,1.2525,0.472335640826457
"new_top7",2,281,FALSE,0.437116093048079,1.736,0.327472692865195
"new_top7",2,282,FALSE,0.325043347403704,1.1137,0.34667180438727
"new_top7",2,283,FALSE,0.775319121829478,4.961,0.46917027415824
"new_top7",2,284,FALSE,0.526442668529935,2.3608,0.423708885071725
"new_top7",2,285,FALSE,0.682145076373832,3.81,0.572331772788297
"new_top7",2,286,FALSE,0.425534220498263,1.664,0.483406069520812
"new_top7",2,287,FALSE,0.659726095237792,3.568,0.471915290497131
"new_top7",2,288,FALSE,0.672097857935718,3.7,0.389242874508784
"new_top7",2,289,FALSE,0.534026106056135,2.42,0.437331013563376
"new_top7",2,290,FALSE,0.615950051656401,3.13,0.531137576702684
"new_top7",2,291,TRUE,0.262451089730429,0.83,0.400676874110255
"new_top7",3,1,TRUE,0.482873583608754,2.04,0.30657885272691
"new_top7",3,2,TRUE,0.496929648073215,2.14,0.514449727647792
"new_top7",3,3,TRUE,0.623042434246382,3.198,0.495353208031511
"new_top7",3,4,TRUE,0.523746466811564,2.34,0.540591283266915
"new_top7",3,5,TRUE,0.47567118832443,1.99,0.409714412955609
"new_top7",3,6,TRUE,0.0681858617461616,0.17,0.343830590944519
"new_top7",3,7,FALSE,0.469674772551798,1.949,0.341911670115921
"new_top7",3,8,FALSE,0.387389826338729,1.44,0.453681567983029
"new_top7",3,9,FALSE,0.627365856592733,3.24,0.389583420575624
"new_top7",3,10,FALSE,0.591064607026499,2.9,0.426451003796999
"new_top7",3,11,FALSE,0.218220304175545,0.6528,0.264826929190075
"new_top7",3,12,TRUE,0.680335513414563,3.79,0.505159182962691
"new_top7",3,13,TRUE,0.680607428991788,3.793,0.447693021163879
"new_top7",3,14,FALSE,0.721810615212547,4.27,0.542424385458966
"new_top7",3,15,TRUE,0.20682587603185,0.61,0.35061344462637
"new_top7",3,16,TRUE,0.582063362911709,2.82,0.389628624475738
"new_top7",3,17,FALSE,0.696094159995223,3.967,0.459207736164385
"new_top7",3,18,TRUE,0.40823996531185,1.56,0.386870098197383
"new_top7",3,19,FALSE,0.433001340945038,1.7102,0.426036993007663
"new_top7",3,20,FALSE,0.653212513775344,3.5,0.453703465934282
"new_top7",3,21,FALSE,0.558072259099146,2.6147,0.403246997211179
"new_top7",3,22,FALSE,0.261928672990642,0.8278,0.264256505739603
"new_top7",3,23,FALSE,0.862727528317975,6.29,0.61183388951128
"new_top7",3,24,TRUE,0.637489729512511,3.34,0.528690840095487
"new_top7",3,25,FALSE,0.504878459410216,2.198,0.405714561018413
"new_top7",3,26,FALSE,0.286995073968852,0.9364,0.389790690359296
"new_top7",3,27,TRUE,0.662757831681574,3.6,0.438995773357568
"new_top7",3,28,FALSE,0.524525936626376,2.346,0.43982129467217
"new_top7",3,29,TRUE,0.406540180433955,1.55,0.485889622497065
"new_top7",3,30,FALSE,0.656098202012832,3.53,0.555447083137418
"new_top7",3,31,FALSE,0.517987203025078,2.296,0.387549021811338
"new_top7",3,32,FALSE,0.703119346236078,4.048,0.544230004400005
"new_top7",3,33,FALSE,0.691081492122968,3.91,0.483537288754206
"new_top7",3,34,FALSE,0.73319726510657,4.41,0.678442750117948
"new_top7",3,35,FALSE,0.408070285887185,1.559,0.412265810297475
"new_top7",3,36,FALSE,0.396024896608593,1.489,0.432021131829116
"new_top7",3,37,FALSE,0.398391440229475,1.5026,0.456904190748421
"new_top7",3,38,FALSE,0.770852011642144,4.9,0.590788759157262
"new_top7",3,39,TRUE,0.15836249209525,0.44,0.362854702495435
"new_top7",3,40,FALSE,0.625415352154408,3.221,0.49129371696948
"new_top7",3,41,FALSE,0.496334505996816,2.1357,0.504654426363489
"new_top7",3,42,FALSE,0.679427896612119,3.78,0.574952315542055
"new_top7",3,43,FALSE,0.610116955411928,3.0749,0.509383080976929
"new_top7",3,44,FALSE,0.645913275033844,3.425,0.403826066565219
"new_top7",3,45,FALSE,0.465382851448418,1.92,0.433759687074691
"new_top7",3,46,FALSE,0.569490954348783,2.711,0.542504301165917
"new_top7",3,47,FALSE,0.187520720836463,0.54,0.283180536432104
"new_top7",3,48,FALSE,0.465813957269479,1.9229,0.461217123835218
"new_top7",3,49,FALSE,0.231214647962601,0.703,0.523456263098385
"new_top7",3,50,FALSE,0.670802284260944,3.686,0.605955558498215
"new_top7",3,51,FALSE,0.459935016851525,1.8836,0.505910599788712
"new_top7",3,52,FALSE,0.287129620719111,0.937,0.383791866313342
"new_top7",3,53,FALSE,0.6232492903979,3.2,0.552509772904565
"new_top7",3,54,FALSE,0.8109042806687,5.47,0.62103937091376
"new_top7",3,55,TRUE,0.354108439147401,1.26,0.444545512505568
"new_top7",3,56,FALSE,0.129141845792285,0.3463,0.384728879557052
"new_top7",3,57,FALSE,0.244969460136198,0.7578,0.432440502081198
"new_top7",3,58,FALSE,0.364363354615731,1.314,0.373238448299996
"new_top7",3,59,TRUE,0.334212409393176,1.1588,0.446591598811312
"new_top7",3,60,FALSE,0.489677291663699,2.088,0.504608576715349
"new_top7",3,61,FALSE,0.525304009958239,2.352,0.45666783798591
"new_top7",3,62,TRUE,0.406540180433955,1.55,0.394254860894721
"new_top7",3,63,FALSE,0.335457900689384,1.165,0.534479132245526
"new_top7",3,64,FALSE,0.419873175149476,1.6295,0.543948561295311
"new_top7",3,65,FALSE,0.397227181043161,1.4959,0.533520497572327
"new_top7",3,66,TRUE,0.59659709562646,2.95,0.597060540476914
"new_top7",3,67,FALSE,0.260071387985075,0.82,0.448527897721357
"new_top7",3,68,FALSE,0.489466281303128,2.0865,0.542424237566318
"new_top7",3,69,FALSE,0.544018407858776,2.4996,0.656213360451829
"new_top7",3,70,TRUE,0.222976449893391,0.671,0.463236135606437
"new_top7",3,71,FALSE,0.28397928423848,0.923,0.569536990590355
"new_top7",3,72,FALSE,0.6652056284346,3.626,0.558016333318761
"new_top7",3,73,FALSE,0.537819095073274,2.45,0.552747098053791
"new_top7",3,74,FALSE,0.501059262217751,2.17,0.504447448385503
"new_top7",3,75,FALSE,0.415699348887829,1.60435,0.456963286715865
"new_top7",3,76,TRUE,0.298853076409707,0.99,0.456528792832751
"new_top7",3,77,TRUE,0.289365951520032,0.947,0.3747361268953
"new_top7",3,78,FALSE,0.497620649781288,2.145,0.333281080421641
"new_top7",3,79,TRUE,0.778151250383644,5,0.501246247660448
"new_top7",3,80,TRUE,0.260071387985075,0.82,0.36887248484382
"new_top7",3,81,FALSE,0.367542273520577,1.331,0.462674351540035
"new_top7",3,82,FALSE,0.534026106056135,2.42,0.4664251248416
"new_top7",3,83,FALSE,0.287129620719111,0.937,0.319843485132666
"new_top7",3,84,FALSE,0.469822015978163,1.95,0.408270854320427
"new_top7",3,85,TRUE,0.399673721481038,1.51,0.388073253619146
"new_top7",3,86,FALSE,0.307496037913213,1.03,0.240772996704504
"new_top7",3,87,FALSE,0.247236549506764,0.767,0.378367054135356
"new_top7",3,88,FALSE,0.6232492903979,3.2,0.432470744962337
"new_top7",3,89,TRUE,0.429752280002408,1.69,0.482454592610466
"new_top7",3,90,TRUE,0.566943971856554,2.6893,0.451114029266126
"new_top7",3,91,FALSE,0.605951157564873,3.036,0.5323858337874
"new_top7",3,92,FALSE,0.265996370495079,0.845,0.500706816269364
"new_top7",3,93,FALSE,0.555215405126073,2.591,0.371245596809627
"new_top7",3,94,FALSE,0.638489256954637,3.35,0.47359630680944
"new_top7",3,95,FALSE,0.528145078253106,2.374,0.530826101491122
"new_top7",3,96,FALSE,0.227552503379865,0.6887,0.506275084116455
"new_top7",3,97,FALSE,0.430075055551939,1.692,0.531017504589318
"new_top7",3,98,FALSE,0.184549481320698,0.5295,0.336970364336448
"new_top7",3,99,FALSE,0.472537053262077,1.9685,0.497575522783543
"new_top7",3,100,FALSE,0.60616631460762,3.038,0.528932827978106
"new_top7",3,101,FALSE,0.685553652846326,3.8479,0.606379663284262
"new_top7",3,102,TRUE,0.296665190261531,0.98,0.537466805033474
"new_top7",3,103,FALSE,0.491361693834273,2.1,0.558619885260214
"new_top7",3,104,FALSE,0.513217600067939,2.26,0.423771671922949
"new_top7",3,105,TRUE,0.64738297011462,3.44,0.416699562719502
"new_top7",3,106,FALSE,0.491361693834273,2.1,0.529772490702068
"new_top7",3,107,FALSE,0.406028944963615,1.547,0.422747936379515
"new_top7",3,108,FALSE,0.752025387323213,4.6497,0.506740838815298
"new_top7",3,109,TRUE,0.6414741105041,3.38,0.498345195455666
"new_top7",3,110,FALSE,0.416307587059883,1.608,0.514465860462557
"new_top7",3,111,FALSE,0.966610986681934,8.26,0.748253630042978
"new_top7",3,112,FALSE,0.188647295999717,0.544,0.29402944830115
"new_top7",3,113,FALSE,0.708335902682263,4.109,0.491124188064336
"new_top7",3,114,FALSE,0.685741738602264,3.85,0.887598886414182
"new_top7",3,115,FALSE,0.559308010907013,2.625,0.478720905486069
"new_top7",3,116,FALSE,0.355259905527378,1.266,0.430916065253144
"new_top7",3,117,FALSE,0.187520720836463,0.54,0.333552254791676
"new_top7",3,118,TRUE,0.569373909615046,2.71,0.460714589105305
"new_top7",3,119,FALSE,0.572523097849638,2.737,0.531338148200154
"new_top7",3,120,FALSE,0.538070787043172,2.452,0.513423801710861
"new_top7",3,121,FALSE,0.374748346010104,1.37,0.38224838546686
"new_top7",3,122,FALSE,0.294686624279443,0.971,0.325842441320613
"new_top7",3,123,FALSE,0.432969290874406,1.71,0.440487107292809
"new_top7",3,124,TRUE,0.320146286111054,1.09,0.550605362554458
"new_top7",3,125,FALSE,0.574262829707027,2.752,0.454089078562365
"new_top7",3,126,FALSE,0.610234175334389,3.076,0.589672489335179
"new_top7",3,127,FALSE,0.173186268412274,0.49,0.202465682544761
"new_top7",3,128,FALSE,0.314499227973151,1.063,0.4141570168234
"new_top7",3,129,FALSE,0.753330221324521,4.6667,0.496755996314134
"new_top7",3,130,FALSE,0.338456493604605,1.18,0.462979391503045
"new_top7",3,131,TRUE,0.0253058652647703,0.06,0.330940027194267
"new_top7",3,132,FALSE,0.21045229296202,0.6235,0.322062989776839
"new_top7",3,133,FALSE,0.440121603187804,1.755,0.493366004790446
"new_top7",3,134,TRUE,0.181872159010334,0.5201,0.490331163607906
"new_top7",3,135,FALSE,0.761326322421457,4.772,0.616790358074159
"new_top7",3,136,FALSE,0.662757831681574,3.6,0.390178265702903
"new_top7",3,137,FALSE,0.409425868671443,1.567,0.446390506544156
"new_top7",3,138,FALSE,0.387389826338729,1.44,0.345130059988178
"new_top7",3,139,FALSE,0.256236533205923,0.804,0.439458996320532
"new_top7",3,140,FALSE,0.381656482585787,1.408,0.388131586194727
"new_top7",3,141,FALSE,0.43568513794163,1.727,0.421667305045626
"new_top7",3,142,FALSE,0.190331698170291,0.55,0.468380377726513
"new_top7",3,143,FALSE,0.208978517276253,0.618,0.42609312129476
"new_top7",3,144,TRUE,0.506505032404872,2.21,0.471206301845707
"new_top7",3,145,FALSE,0.390935107103379,1.46,0.4173495253518
"new_top7",3,146,FALSE,0.442479769064449,1.77,0.505144364755435
"new_top7",3,147,FALSE,0.417139409727326,1.613,0.416636374253656
"new_top7",3,148,FALSE,0.260071387985075,0.82,0.349253191727964
"new_top7",3,149,TRUE,0.308777773664721,1.036,0.446980317587813
"new_top7",3,150,FALSE,0.583198773968623,2.83,0.479229869499736
"new_top7",3,151,TRUE,0.456062224454951,1.858,0.43621431281971
"new_top7",3,152,FALSE,0.370698092575577,1.348,0.452572912269439
"new_top7",3,153,FALSE,0.639486489268586,3.36,0.624395358268011
"new_top7",3,154,TRUE,0.590284403718162,2.893,0.489794990403989
"new_top7",3,155,FALSE,0.618215503279417,3.1516,0.536557045575281
"new_top7",3,156,FALSE,0.224533062606086,0.677,0.458660064621434
"new_top7",3,157,FALSE,0.234010817587179,0.714,0.263889061403755
"new_top7",3,158,FALSE,0.595826777073223,2.943,0.428281651835375
"new_top7",3,159,TRUE,0.612783856719735,3.1,0.519299522845824
"new_top7",3,160,FALSE,0.581266805273671,2.813,0.534487668550129
"new_top7",3,161,FALSE,0.588383768378728,2.876,0.543976468222049
"new_top7",3,162,FALSE,0.108226656374928,0.283,0.429149071315548
"new_top7",3,163,TRUE,0.381115080709851,1.405,0.462294062096951
"new_top7",3,164,FALSE,0.255272505103306,0.8,0.551470813966521
"new_top7",3,165,FALSE,0.680879174426811,3.796,0.496261270610954
"new_top7",3,166,FALSE,0.564784384503987,2.671,0.4647741531988
"new_top7",3,167,TRUE,0.526339277389844,2.36,0.375369990502599
"new_top7",3,168,FALSE,0.294466226161593,0.97,0.415051933420416
"new_top7",3,169,FALSE,0.612783856719735,3.1,0.45578268918364
"new_top7",3,170,FALSE,0.5182506513085,2.298,0.558988670680508
"new_top7",3,171,FALSE,0.442949869577862,1.773,0.412944453642928
"new_top7",3,172,FALSE,0.505149978319906,2.2,0.451219497713627
"new_top7",3,173,FALSE,0.305995882770805,1.023,0.417066925415415
"new_top7",3,174,TRUE,0.612783856719735,3.1,0.508203928495794
"new_top7",3,175,TRUE,0.204119982655925,0.6,0.446418513015957
"new_top7",3,176,FALSE,0.677333151419902,3.757,0.478349786313462
"new_top7",3,177,FALSE,0.345961541813141,1.218,0.547759439043372
"new_top7",3,178,FALSE,0.361160995195026,1.297,0.478446805215217
"new_top7",3,179,TRUE,0.127104798364808,0.34,0.31457450303219
"new_top7",3,180,FALSE,0.514547752660286,2.27,0.331376260555632
"new_top7",3,181,FALSE,0.362350507594848,1.3033,0.491290385837423
"new_top7",3,182,FALSE,0.662757831681574,3.6,0.450265545328193
"new_top7",3,183,FALSE,0.313867220369153,1.06,0.455418931582734
"new_top7",3,184,FALSE,0.839666556882433,5.913,0.467196396536895
"new_top7",3,185,FALSE,0.16999753706657,0.4791,0.383792786038464
"new_top7",3,186,FALSE,0.129367595722986,0.347,0.0216465726482025
"new_top7",3,187,FALSE,0.36078268987328,1.295,0.345729101164264
"new_top7",3,188,FALSE,0.429106008332697,1.686,0.455509787093738
"new_top7",3,189,FALSE,0.702602841340427,4.042,0.570751584776611
"new_top7",3,190,FALSE,0.571708831808688,2.73,0.432941687292674
"new_top7",3,191,FALSE,0.343920385393226,1.2076,0.280526497832732
"new_top7",3,192,FALSE,0.695131297704026,3.956,0.510248033718177
"new_top7",3,193,FALSE,0.629409599102719,3.26,0.504688504863978
"new_top7",3,194,FALSE,0.414973347970818,1.6,0.400730840699711
"new_top7",3,195,FALSE,0.276231957921834,0.889,0.372423307757315
"new_top7",3,196,FALSE,0.531478917042255,2.4,0.485890240472881
"new_top7",3,197,FALSE,0.236789099409293,0.725,0.360331847511128
"new_top7",3,198,FALSE,0.756407872548958,4.707,0.727733361390628
"new_top7",3,199,FALSE,0.718750734739665,4.233,0.544110242196471
"new_top7",3,200,FALSE,0.515211304327802,2.275,0.428014874145832
"new_top7",3,201,TRUE,0.3654879848909,1.32,0.444343273524518
"new_top7",3,202,TRUE,0.344392273685111,1.21,0.432515880829514
"new_top7",3,203,FALSE,0.196728722623287,0.573,0.460402848953467
"new_top7",3,204,FALSE,0.392696953259666,1.47,0.395540058055515
"new_top7",3,205,FALSE,0.365394376854778,1.3195,0.484297236229836
"new_top7",3,206,TRUE,0.389166084364532,1.45,0.423778316042693
"new_top7",3,207,FALSE,0.653212513775344,3.5,0.466768008553122
"new_top7",3,208,FALSE,0.440594261839831,1.758,0.396104195417278
"new_top7",3,209,TRUE,0.202215775801131,0.593,0.479270723607028
"new_top7",3,210,FALSE,0.48572142648158,2.06,0.392678333485461
"new_top7",3,211,FALSE,0.244277120801843,0.755,0.454747230263553
"new_top7",3,212,FALSE,0.372727940885595,1.359,0.437983035557902
"new_top7",3,213,FALSE,0.52244423350632,2.33,0.476681666009091
"new_top7",3,214,FALSE,0.257678574869184,0.81,0.368488395503146
"new_top7",3,215,FALSE,0.384353414137506,1.423,0.530183889228928
"new_top7",3,216,FALSE,0.335858911319818,1.167,0.464063403854461
"new_top7",3,217,FALSE,0.555094448578319,2.59,0.531072117901384
"new_top7",3,218,FALSE,0.271841606536499,0.87,0.50095325424286
"new_top7",3,219,FALSE,0.471291711058939,1.96,0.471028865823563
"new_top7",3,220,TRUE,0.294906910605192,0.972,0.449508174142988
"new_top7",3,221,FALSE,0.655138434811382,3.52,0.565704333827226
"new_top7",3,222,FALSE,0.528916700277655,2.38,0.50998897225973
"new_top7",3,223,TRUE,0.237040791379191,0.726,0.503258019034626
"new_top7",3,224,FALSE,0.777426822389311,4.99,0.513724033994495
"new_top7",3,225,TRUE,0.191730393362856,0.555,0.446610871588512
"new_top7",3,226,FALSE,0.239549720840473,0.736,0.416478899924907
"new_top7",3,227,TRUE,0.582404298019028,2.823,0.556429408365949
"new_top7",3,228,TRUE,0.569373909615046,2.71,0.390650746645113
"new_top7",3,229,FALSE,0.334252642334231,1.159,0.413181197184518
"new_top7",3,230,FALSE,0.406369835469268,1.549,0.465184851609737
"new_top7",3,231,FALSE,0.216165902285993,0.645,0.526850304590315
"new_top7",3,232,FALSE,0.0597526942092988,0.1475,0.273507941821136
"new_top7",3,233,TRUE,0.472463896606989,1.968,0.497993096306108
"new_top7",3,234,FALSE,0.666985718329661,3.645,0.424600582499138
"new_top7",3,235,FALSE,0.65417654187796,3.51,0.518022343943962
"new_top7",3,236,FALSE,0.259593878885949,0.818,0.444664646565601
"new_top7",3,237,FALSE,0.527114111639805,2.366,0.557440388331124
"new_top7",3,238,TRUE,0.367169488534681,1.329,0.415641155994646
"new_top7",3,239,TRUE,0.19228861256812,0.557,0.34455623618203
"new_top7",3,240,FALSE,0.478566495593843,2.01,0.30442277212027
"new_top7",3,241,FALSE,0.253580289562183,0.793,0.353059326481998
"new_top7",3,242,FALSE,0.27554168840131,0.886,0.37123423255363
"new_top7",3,243,FALSE,0.532627001228891,2.409,0.444704134446449
"new_top7",3,244,TRUE,0.542451947375977,2.487,0.437862220829996
"new_top7",3,245,FALSE,0.381836799998343,1.409,0.388300737613944
"new_top7",3,246,TRUE,0.511616020569138,2.248,0.559542117150531
"new_top7",3,247,FALSE,0.476831628512261,1.998,0.55413400907764
"new_top7",3,248,FALSE,0.301029995663981,1,0.494851562608545
"new_top7",3,249,FALSE,0.325823419002744,1.1175,0.355343955113173
"new_top7",3,250,FALSE,0.586024382386976,2.855,0.544267853943151
"new_top7",3,251,FALSE,0.218535505216528,0.654,0.265583953508098
"new_top7",3,252,FALSE,0.0480531731156091,0.117,0.151394347201204
"new_top7",3,253,FALSE,0.378397900948138,1.39,0.533123698753616
"new_top7",3,254,FALSE,0.595275711802099,2.938,0.323473502996959
"new_top7",3,255,FALSE,0.398807730203264,1.505,0.390469747440358
"new_top7",3,256,TRUE,0.161368002234975,0.45,0.351276194815924
"new_top7",3,257,FALSE,0.456214155357989,1.859,0.417758902061991
"new_top7",3,258,FALSE,0.641126932803509,3.3765,0.484267717224524
"new_top7",3,259,FALSE,0.54020429984206,2.469,0.360636188198042
"new_top7",3,260,FALSE,0.0328201494385639,0.0785,0.135565954678622
"new_top7",3,261,FALSE,0.434888120867316,1.722,0.504373013851847
"new_top7",3,262,FALSE,0.332034277027518,1.148,0.368563794865753
"new_top7",3,263,FALSE,0.391816923613249,1.465,0.542674930648867
"new_top7",3,264,TRUE,0.347427598618541,1.2255,0.456155636445411
"new_top7",3,265,FALSE,0.352182518111362,1.25,0.285916314699706
"new_top7",3,266,TRUE,0.154119525515847,0.426,0.262549306940319
"new_top7",3,267,FALSE,0.591398551281249,2.903,0.398277230722283
"new_top7",3,268,TRUE,0.315970345456918,1.07,0.432704614915135
"new_top7",3,269,FALSE,0.470410490975931,1.954,0.469063439286818
"new_top7",3,270,FALSE,0.826074802700826,5.7,0.710494018164674
"new_top7",3,271,TRUE,0.273232834043046,0.876,0.593129385077895
"new_top7",3,272,FALSE,0.234264124378789,0.715,0.396129638167216
"new_top7",3,273,FALSE,0.504878459410216,2.198,0.44484264397111
"new_top7",3,274,FALSE,0.582744965691277,2.826,0.386514243190839
"new_top7",3,275,FALSE,0.542327382773974,2.486,0.463835023030306
"new_top7",3,276,FALSE,0.657055852857104,3.54,0.434640090064555
"new_top7",3,277,FALSE,0.328379603438738,1.13,0.369013640702805
"new_top7",3,278,FALSE,0.4679039465228,1.937,0.261897282521601
"new_top7",3,279,FALSE,0.331427296520743,1.145,0.470512352520048
"new_top7",3,280,FALSE,0.352664799651101,1.2525,0.42547272871221
"new_top7",3,281,FALSE,0.437116093048079,1.736,0.32326990107394
"new_top7",3,282,FALSE,0.325043347403704,1.1137,0.339888491904179
"new_top7",3,283,FALSE,0.775319121829478,4.961,0.476105896098739
"new_top7",3,284,FALSE,0.526442668529935,2.3608,0.372263574001708
"new_top7",3,285,FALSE,0.682145076373832,3.81,0.567886556810495
"new_top7",3,286,FALSE,0.425534220498263,1.664,0.476052917266736
"new_top7",3,287,FALSE,0.659726095237792,3.568,0.499255517881007
"new_top7",3,288,FALSE,0.672097857935718,3.7,0.387260951934812
"new_top7",3,289,FALSE,0.534026106056135,2.42,0.446222026548974
"new_top7",3,290,FALSE,0.615950051656401,3.13,0.533017703537459
"new_top7",3,291,TRUE,0.262451089730429,0.83,0.40308334410972
"new_top7",4,1,TRUE,0.482873583608754,2.04,0.315439954897654
"new_top7",4,2,TRUE,0.496929648073215,2.14,0.504344233904638
"new_top7",4,3,TRUE,0.623042434246382,3.198,0.483949612190057
"new_top7",4,4,TRUE,0.523746466811564,2.34,0.515164087958492
"new_top7",4,5,TRUE,0.47567118832443,1.99,0.422064653497177
"new_top7",4,6,TRUE,0.0681858617461616,0.17,0.359219769078703
"new_top7",4,7,FALSE,0.469674772551798,1.949,0.337468965110795
"new_top7",4,8,FALSE,0.387389826338729,1.44,0.426642706562127
"new_top7",4,9,FALSE,0.627365856592733,3.24,0.40699325677804
"new_top7",4,10,FALSE,0.591064607026499,2.9,0.441930946241562
"new_top7",4,11,FALSE,0.218220304175545,0.6528,0.284643725210526
"new_top7",4,12,TRUE,0.680335513414563,3.79,0.51149623234602
"new_top7",4,13,TRUE,0.680607428991788,3.793,0.447166536745382
"new_top7",4,14,FALSE,0.721810615212547,4.27,0.537156122998822
"new_top7",4,15,TRUE,0.20682587603185,0.61,0.364819879768649
"new_top7",4,16,TRUE,0.582063362911709,2.82,0.396671775076908
"new_top7",4,17,FALSE,0.696094159995223,3.967,0.479698592744155
"new_top7",4,18,TRUE,0.40823996531185,1.56,0.377898957157462
"new_top7",4,19,FALSE,0.433001340945038,1.7102,0.425233941836503
"new_top7",4,20,FALSE,0.653212513775344,3.5,0.44471669279765
"new_top7",4,21,FALSE,0.558072259099146,2.6147,0.396844892305661
"new_top7",4,22,FALSE,0.261928672990642,0.8278,0.235667472119258
"new_top7",4,23,FALSE,0.862727528317975,6.29,0.611957508895622
"new_top7",4,24,TRUE,0.637489729512511,3.34,0.511872998013934
"new_top7",4,25,FALSE,0.504878459410216,2.198,0.371824748903644
"new_top7",4,26,FALSE,0.286995073968852,0.9364,0.353760010329741
"new_top7",4,27,TRUE,0.662757831681574,3.6,0.439161737388449
"new_top7",4,28,FALSE,0.524525936626376,2.346,0.416616141763692
"new_top7",4,29,TRUE,0.406540180433955,1.55,0.487041628239344
"new_top7",4,30,FALSE,0.656098202012832,3.53,0.546125408979175
"new_top7",4,31,FALSE,0.517987203025078,2.296,0.295589930823351
"new_top7",4,32,FALSE,0.703119346236078,4.048,0.511628164265355
"new_top7",4,33,FALSE,0.691081492122968,3.91,0.498465280799256
"new_top7",4,34,FALSE,0.73319726510657,4.41,0.682795472545923
"new_top7",4,35,FALSE,0.408070285887185,1.559,0.44613382067426
"new_top7",4,36,FALSE,0.396024896608593,1.489,0.44695586074983
"new_top7",4,37,FALSE,0.398391440229475,1.5026,0.452324928320425
"new_top7",4,38,FALSE,0.770852011642144,4.9,0.592276191617107
"new_top7",4,39,TRUE,0.15836249209525,0.44,0.37641323512068
"new_top7",4,40,FALSE,0.625415352154408,3.221,0.50901875896041
"new_top7",4,41,FALSE,0.496334505996816,2.1357,0.523128859630342
"new_top7",4,42,FALSE,0.679427896612119,3.78,0.589828241369345
"new_top7",4,43,FALSE,0.610116955411928,3.0749,0.518221318275228
"new_top7",4,44,FALSE,0.645913275033844,3.425,0.421782344002156
"new_top7",4,45,FALSE,0.465382851448418,1.92,0.455447666156635
"new_top7",4,46,FALSE,0.569490954348783,2.711,0.54140686131891
"new_top7",4,47,FALSE,0.187520720836463,0.54,0.292999773181559
"new_top7",4,48,FALSE,0.465813957269479,1.9229,0.459255532123029
"new_top7",4,49,FALSE,0.231214647962601,0.703,0.512318712345434
"new_top7",4,50,FALSE,0.670802284260944,3.686,0.639923695602354
"new_top7",4,51,FALSE,0.459935016851525,1.8836,0.498476158321055
"new_top7",4,52,FALSE,0.287129620719111,0.937,0.405135198889063
"new_top7",4,53,FALSE,0.6232492903979,3.2,0.551481698341106
"new_top7",4,54,FALSE,0.8109042806687,5.47,0.64672002022709
"new_top7",4,55,TRUE,0.354108439147401,1.26,0.465203949254685
"new_top7",4,56,FALSE,0.129141845792285,0.3463,0.397130481615303
"new_top7",4,57,FALSE,0.244969460136198,0.7578,0.380118890106745
"new_top7",4,58,FALSE,0.364363354615731,1.314,0.38451980042539
"new_top7",4,59,TRUE,0.334212409393176,1.1588,0.448931297751479
"new_top7",4,60,FALSE,0.489677291663699,2.088,0.519605618397311
"new_top7",4,61,FALSE,0.525304009958239,2.352,0.464141877126851
"new_top7",4,62,TRUE,0.406540180433955,1.55,0.408121170307362
"new_top7",4,63,FALSE,0.335457900689384,1.165,0.537670839334718
"new_top7",4,64,FALSE,0.419873175149476,1.6295,0.530037571271311
"new_top7",4,65,FALSE,0.397227181043161,1.4959,0.544399468172466
"new_top7",4,66,TRUE,0.59659709562646,2.95,0.595785529438932
"new_top7",4,67,FALSE,0.260071387985075,0.82,0.413217335047529
"new_top7",4,68,FALSE,0.489466281303128,2.0865,0.551961906114998
"new_top7",4,69,FALSE,0.544018407858776,2.4996,0.690759133622343
"new_top7",4,70,TRUE,0.222976449893391,0.671,0.469020931656858
"new_top7",4,71,FALSE,0.28397928423848,0.923,0.57892783311972
"new_top7",4,72,FALSE,0.6652056284346,3.626,0.574310883390236
"new_top7",4,73,FALSE,0.537819095073274,2.45,0.581466577237328
"new_top7",4,74,FALSE,0.501059262217751,2.17,0.519185320219304
"new_top7",4,75,FALSE,0.415699348887829,1.60435,0.437683585555183
"new_top7",4,76,TRUE,0.298853076409707,0.99,0.441831524206176
"new_top7",4,77,TRUE,0.289365951520032,0.947,0.385918529712183
"new_top7",4,78,FALSE,0.497620649781288,2.145,0.349041502572153
"new_top7",4,79,TRUE,0.778151250383644,5,0.511700284649964
"new_top7",4,80,TRUE,0.260071387985075,0.82,0.439020801234963
"new_top7",4,81,FALSE,0.367542273520577,1.331,0.474020475629294
"new_top7",4,82,FALSE,0.534026106056135,2.42,0.456734193850189
"new_top7",4,83,FALSE,0.287129620719111,0.937,0.297250031623075
"new_top7",4,84,FALSE,0.469822015978163,1.95,0.360652115609948
"new_top7",4,85,TRUE,0.399673721481038,1.51,0.353574203747582
"new_top7",4,86,FALSE,0.307496037913213,1.03,0.221172932791882
"new_top7",4,87,FALSE,0.247236549506764,0.767,0.374158509642389
"new_top7",4,88,FALSE,0.6232492903979,3.2,0.424336819340442
"new_top7",4,89,TRUE,0.429752280002408,1.69,0.512736269363501
"new_top7",4,90,TRUE,0.566943971856554,2.6893,0.420837166803724
"new_top7",4,91,FALSE,0.605951157564873,3.036,0.511545153502829
"new_top7",4,92,FALSE,0.265996370495079,0.845,0.483603554447045
"new_top7",4,93,FALSE,0.555215405126073,2.591,0.355999911080678
"new_top7",4,94,FALSE,0.638489256954637,3.35,0.483305188967352
"new_top7",4,95,FALSE,0.528145078253106,2.374,0.54618367389834
"new_top7",4,96,FALSE,0.227552503379865,0.6887,0.495420970271563
"new_top7",4,97,FALSE,0.430075055551939,1.692,0.503398438726734
"new_top7",4,98,FALSE,0.184549481320698,0.5295,0.331130925159405
"new_top7",4,99,FALSE,0.472537053262077,1.9685,0.522274774749055
"new_top7",4,100,FALSE,0.60616631460762,3.038,0.504592583734181
"new_top7",4,101,FALSE,0.685553652846326,3.8479,0.585838516054587
"new_top7",4,102,TRUE,0.296665190261531,0.98,0.531821430241584
"new_top7",4,103,FALSE,0.491361693834273,2.1,0.52791400149621
"new_top7",4,104,FALSE,0.513217600067939,2.26,0.418026131341352
"new_top7",4,105,TRUE,0.64738297011462,3.44,0.435404408095296
"new_top7",4,106,FALSE,0.491361693834273,2.1,0.50878326099743
"new_top7",4,107,FALSE,0.406028944963615,1.547,0.28353355409767
"new_top7",4,108,FALSE,0.752025387323213,4.6497,0.498713495608471
"new_top7",4,109,TRUE,0.6414741105041,3.38,0.51600687882114
"new_top7",4,110,FALSE,0.416307587059883,1.608,0.529789357835174
"new_top7",4,111,FALSE,0.966610986681934,8.26,0.760499300078343
"new_top7",4,112,FALSE,0.188647295999717,0.544,0.340269467816874
"new_top7",4,113,FALSE,0.708335902682263,4.109,0.499246156370679
"new_top7",4,114,FALSE,0.685741738602264,3.85,0.838183893581987
"new_top7",4,115,FALSE,0.559308010907013,2.625,0.475099984398206
"new_top7",4,116,FALSE,0.355259905527378,1.266,0.440345122497187
"new_top7",4,117,FALSE,0.187520720836463,0.54,0.32646294029044
"new_top7",4,118,TRUE,0.569373909615046,2.71,0.465401552420729
"new_top7",4,119,FALSE,0.572523097849638,2.737,0.520025760341589
"new_top7",4,120,FALSE,0.538070787043172,2.452,0.511187876569123
"new_top7",4,121,FALSE,0.374748346010104,1.37,0.393018420404996
"new_top7",4,122,FALSE,0.294686624279443,0.971,0.330623153025357
"new_top7",4,123,FALSE,0.432969290874406,1.71,0.433197770398475
"new_top7",4,124,TRUE,0.320146286111054,1.09,0.563611208215256
"new_top7",4,125,FALSE,0.574262829707027,2.752,0.460967051035675
"new_top7",4,126,FALSE,0.610234175334389,3.076,0.596835300445787
"new_top7",4,127,FALSE,0.173186268412274,0.49,0.20416655345775
"new_top7",4,128,FALSE,0.314499227973151,1.063,0.397070847741812
"new_top7",4,129,FALSE,0.753330221324521,4.6667,0.490495441493046
"new_top7",4,130,FALSE,0.338456493604605,1.18,0.465577925601296
"new_top7",4,131,TRUE,0.0253058652647703,0.06,0.354491310656446
"new_top7",4,132,FALSE,0.21045229296202,0.6235,0.287129007405922
"new_top7",4,133,FALSE,0.440121603187804,1.755,0.483573776292883
"new_top7",4,134,TRUE,0.181872159010334,0.5201,0.481231410484085
"new_top7",4,135,FALSE,0.761326322421457,4.772,0.634357166886781
"new_top7",4,136,FALSE,0.662757831681574,3.6,0.393035583173397
"new_top7",4,137,FALSE,0.409425868671443,1.567,0.455607421440837
"new_top7",4,138,FALSE,0.387389826338729,1.44,0.319777515230705
"new_top7",4,139,FALSE,0.256236533205923,0.804,0.409840843982312
"new_top7",4,140,FALSE,0.381656482585787,1.408,0.394621040184375
"new_top7",4,141,FALSE,0.43568513794163,1.727,0.418098306573309
"new_top7",4,142,FALSE,0.190331698170291,0.55,0.467595188576602
"new_top7",4,143,FALSE,0.208978517276253,0.618,0.422212748327034
"new_top7",4,144,TRUE,0.506505032404872,2.21,0.446445628132774
"new_top7",4,145,FALSE,0.390935107103379,1.46,0.389662382091442
"new_top7",4,146,FALSE,0.442479769064449,1.77,0.454637612994423
"new_top7",4,147,FALSE,0.417139409727326,1.613,0.425699607852226
"new_top7",4,148,FALSE,0.260071387985075,0.82,0.364848734715521
"new_top7",4,149,TRUE,0.308777773664721,1.036,0.405971800901074
"new_top7",4,150,FALSE,0.583198773968623,2.83,0.45336855892619
"new_top7",4,151,TRUE,0.456062224454951,1.858,0.44591901919696
"new_top7",4,152,FALSE,0.370698092575577,1.348,0.43326829035495
"new_top7",4,153,FALSE,0.639486489268586,3.36,0.589607580596187
"new_top7",4,154,TRUE,0.590284403718162,2.893,0.486043856469074
"new_top7",4,155,FALSE,0.618215503279417,3.1516,0.545352542795154
"new_top7",4,156,FALSE,0.224533062606086,0.677,0.44761830537746
"new_top7",4,157,FALSE,0.234010817587179,0.714,0.290663265347484
"new_top7",4,158,FALSE,0.595826777073223,2.943,0.414542983072342
"new_top7",4,159,TRUE,0.612783856719735,3.1,0.492101539169294
"new_top7",4,160,FALSE,0.581266805273671,2.813,0.531060410003075
"new_top7",4,161,FALSE,0.588383768378728,2.876,0.570609513369512
"new_top7",4,162,FALSE,0.108226656374928,0.283,0.435399347060342
"new_top7",4,163,TRUE,0.381115080709851,1.405,0.430973882743055
"new_top7",4,164,FALSE,0.255272505103306,0.8,0.524681660381297
"new_top7",4,165,FALSE,0.680879174426811,3.796,0.468898955932708
"new_top7",4,166,FALSE,0.564784384503987,2.671,0.470103239539007
"new_top7",4,167,TRUE,0.526339277389844,2.36,0.358227315953183
"new_top7",4,168,FALSE,0.294466226161593,0.97,0.406017691505511
"new_top7",4,169,FALSE,0.612783856719735,3.1,0.460349135332292
"new_top7",4,170,FALSE,0.5182506513085,2.298,0.523397541543981
"new_top7",4,171,FALSE,0.442949869577862,1.773,0.381680337162075
"new_top7",4,172,FALSE,0.505149978319906,2.2,0.456749560652063
"new_top7",4,173,FALSE,0.305995882770805,1.023,0.412235343872144
"new_top7",4,174,TRUE,0.612783856719735,3.1,0.521501691471028
"new_top7",4,175,TRUE,0.204119982655925,0.6,0.429804920691973
"new_top7",4,176,FALSE,0.677333151419902,3.757,0.449208748400731
"new_top7",4,177,FALSE,0.345961541813141,1.218,0.536120612853997
"new_top7",4,178,FALSE,0.361160995195026,1.297,0.45720172158565
"new_top7",4,179,TRUE,0.127104798364808,0.34,0.282757127478128
"new_top7",4,180,FALSE,0.514547752660286,2.27,0.332762588869499
"new_top7",4,181,FALSE,0.362350507594848,1.3033,0.460843243073961
"new_top7",4,182,FALSE,0.662757831681574,3.6,0.453875817917518
"new_top7",4,183,FALSE,0.313867220369153,1.06,0.442589546841177
"new_top7",4,184,FALSE,0.839666556882433,5.913,0.515511603996918
"new_top7",4,185,FALSE,0.16999753706657,0.4791,0.356718184747072
"new_top7",4,186,FALSE,0.129367595722986,0.347,0.179991966381127
"new_top7",4,187,FALSE,0.36078268987328,1.295,0.356054555891734
"new_top7",4,188,FALSE,0.429106008332697,1.686,0.467538007422029
"new_top7",4,189,FALSE,0.702602841340427,4.042,0.552524022642277
"new_top7",4,190,FALSE,0.571708831808688,2.73,0.436526974687789
"new_top7",4,191,FALSE,0.343920385393226,1.2076,0.311217025761208
"new_top7",4,192,FALSE,0.695131297704026,3.956,0.515005214144916
"new_top7",4,193,FALSE,0.629409599102719,3.26,0.508514701502036
"new_top7",4,194,FALSE,0.414973347970818,1.6,0.380182845242086
"new_top7",4,195,FALSE,0.276231957921834,0.889,0.331625639972875
"new_top7",4,196,FALSE,0.531478917042255,2.4,0.522878404778092
"new_top7",4,197,FALSE,0.236789099409293,0.725,0.389360703479579
"new_top7",4,198,FALSE,0.756407872548958,4.707,0.723243454304377
"new_top7",4,199,FALSE,0.718750734739665,4.233,0.557898093418933
"new_top7",4,200,FALSE,0.515211304327802,2.275,0.422242614308145
"new_top7",4,201,TRUE,0.3654879848909,1.32,0.416666726008663
"new_top7",4,202,TRUE,0.344392273685111,1.21,0.416550755557729
"new_top7",4,203,FALSE,0.196728722623287,0.573,0.441592740742589
"new_top7",4,204,FALSE,0.392696953259666,1.47,0.40403664383313
"new_top7",4,205,FALSE,0.365394376854778,1.3195,0.428119578663691
"new_top7",4,206,TRUE,0.389166084364532,1.45,0.432550141879017
"new_top7",4,207,FALSE,0.653212513775344,3.5,0.45345179220629
"new_top7",4,208,FALSE,0.440594261839831,1.758,0.395847007281096
"new_top7",4,209,TRUE,0.202215775801131,0.593,0.476307802939324
"new_top7",4,210,FALSE,0.48572142648158,2.06,0.353523654684649
"new_top7",4,211,FALSE,0.244277120801843,0.755,0.500029281326329
"new_top7",4,212,FALSE,0.372727940885595,1.359,0.477470483255582
"new_top7",4,213,FALSE,0.52244423350632,2.33,0.488340729726003
"new_top7",4,214,FALSE,0.257678574869184,0.81,0.377903918714935
"new_top7",4,215,FALSE,0.384353414137506,1.423,0.582312452628354
"new_top7",4,216,FALSE,0.335858911319818,1.167,0.437635152977137
"new_top7",4,217,FALSE,0.555094448578319,2.59,0.514747727422444
"new_top7",4,218,FALSE,0.271841606536499,0.87,0.478543313543161
"new_top7",4,219,FALSE,0.471291711058939,1.96,0.484451079745304
"new_top7",4,220,TRUE,0.294906910605192,0.972,0.451823880096573
"new_top7",4,221,FALSE,0.655138434811382,3.52,0.615953436545238
"new_top7",4,222,FALSE,0.528916700277655,2.38,0.480263191338012
"new_top7",4,223,TRUE,0.237040791379191,0.726,0.514482456354869
"new_top7",4,224,FALSE,0.777426822389311,4.99,0.499200274527144
"new_top7",4,225,TRUE,0.191730393362856,0.555,0.478970241449946
"new_top7",4,226,FALSE,0.239549720840473,0.736,0.461958696928892
"new_top7",4,227,TRUE,0.582404298019028,2.823,0.56008991774192
"new_top7",4,228,TRUE,0.569373909615046,2.71,0.388973110310349
"new_top7",4,229,FALSE,0.334252642334231,1.159,0.369974023786428
"new_top7",4,230,FALSE,0.406369835469268,1.549,0.455003234697196
"new_top7",4,231,FALSE,0.216165902285993,0.645,0.52445884782727
"new_top7",4,232,FALSE,0.0597526942092988,0.1475,0.312937092333972
"new_top7",4,233,TRUE,0.472463896606989,1.968,0.505490777380851
"new_top7",4,234,FALSE,0.666985718329661,3.645,0.427252306530892
"new_top7",4,235,FALSE,0.65417654187796,3.51,0.537000927025771
"new_top7",4,236,FALSE,0.259593878885949,0.818,0.454612588259803
"new_top7",4,237,FALSE,0.527114111639805,2.366,0.575022174982379
"new_top7",4,238,TRUE,0.367169488534681,1.329,0.40726471495329
"new_top7",4,239,TRUE,0.19228861256812,0.557,0.357309469308136
"new_top7",4,240,FALSE,0.478566495593843,2.01,0.329312328984467
"new_top7",4,241,FALSE,0.253580289562183,0.793,0.321756924536112
"new_top7",4,242,FALSE,0.27554168840131,0.886,0.335359165935064
"new_top7",4,243,FALSE,0.532627001228891,2.409,0.421332729415569
"new_top7",4,244,TRUE,0.542451947375977,2.487,0.424718753639929
"new_top7",4,245,FALSE,0.381836799998343,1.409,0.398007920349323
"new_top7",4,246,TRUE,0.511616020569138,2.248,0.56247160900945
"new_top7",4,247,FALSE,0.476831628512261,1.998,0.55180845869964
"new_top7",4,248,FALSE,0.301029995663981,1,0.504805792479191
"new_top7",4,249,FALSE,0.325823419002744,1.1175,0.360449930516327
"new_top7",4,250,FALSE,0.586024382386976,2.855,0.508732697597948
"new_top7",4,251,FALSE,0.218535505216528,0.654,0.284827419621873
"new_top7",4,252,FALSE,0.0480531731156091,0.117,0.181755482583731
"new_top7",4,253,FALSE,0.378397900948138,1.39,0.546980597213089
"new_top7",4,254,FALSE,0.595275711802099,2.938,0.311848589353011
"new_top7",4,255,FALSE,0.398807730203264,1.505,0.406656669096769
"new_top7",4,256,TRUE,0.161368002234975,0.45,0.327751026714629
"new_top7",4,257,FALSE,0.456214155357989,1.859,0.389202359719274
"new_top7",4,258,FALSE,0.641126932803509,3.3765,0.449639942186574
"new_top7",4,259,FALSE,0.54020429984206,2.469,0.357798685533066
"new_top7",4,260,FALSE,0.0328201494385639,0.0785,0.0317109453272891
"new_top7",4,261,FALSE,0.434888120867316,1.722,0.496812321359119
"new_top7",4,262,FALSE,0.332034277027518,1.148,0.37016339026375
"new_top7",4,263,FALSE,0.391816923613249,1.465,0.60058891406626
"new_top7",4,264,TRUE,0.347427598618541,1.2255,0.448489165698695
"new_top7",4,265,FALSE,0.352182518111362,1.25,0.322944165843865
"new_top7",4,266,TRUE,0.154119525515847,0.426,0.184572241697202
"new_top7",4,267,FALSE,0.591398551281249,2.903,0.39819989591099
"new_top7",4,268,TRUE,0.315970345456918,1.07,0.442842872174422
"new_top7",4,269,FALSE,0.470410490975931,1.954,0.433678999328469
"new_top7",4,270,FALSE,0.826074802700826,5.7,0.814023837626597
"new_top7",4,271,TRUE,0.273232834043046,0.876,0.561272677981346
"new_top7",4,272,FALSE,0.234264124378789,0.715,0.327929587417926
"new_top7",4,273,FALSE,0.504878459410216,2.198,0.408331806436503
"new_top7",4,274,FALSE,0.582744965691277,2.826,0.356831571481511
"new_top7",4,275,FALSE,0.542327382773974,2.486,0.463339349694982
"new_top7",4,276,FALSE,0.657055852857104,3.54,0.445600674021351
"new_top7",4,277,FALSE,0.328379603438738,1.13,0.366607477938365
"new_top7",4,278,FALSE,0.4679039465228,1.937,0.24246389208974
"new_top7",4,279,FALSE,0.331427296520743,1.145,0.453910993151684
"new_top7",4,280,FALSE,0.352664799651101,1.2525,0.435815986237476
"new_top7",4,281,FALSE,0.437116093048079,1.736,0.296045475419957
"new_top7",4,282,FALSE,0.325043347403704,1.1137,0.371040003398845
"new_top7",4,283,FALSE,0.775319121829478,4.961,0.474511182034232
"new_top7",4,284,FALSE,0.526442668529935,2.3608,0.391761060367764
"new_top7",4,285,FALSE,0.682145076373832,3.81,0.580475592345028
"new_top7",4,286,FALSE,0.425534220498263,1.664,0.478834891438274
"new_top7",4,287,FALSE,0.659726095237792,3.568,0.535456764134916
"new_top7",4,288,FALSE,0.672097857935718,3.7,0.407333755336446
"new_top7",4,289,FALSE,0.534026106056135,2.42,0.42279190861701
"new_top7",4,290,FALSE,0.615950051656401,3.13,0.501188032520136
"new_top7",4,291,TRUE,0.262451089730429,0.83,0.406481724787523
"new_top7",5,1,TRUE,0.482873583608754,2.04,0.345039155608336
"new_top7",5,2,TRUE,0.496929648073215,2.14,0.508574340116835
"new_top7",5,3,TRUE,0.623042434246382,3.198,0.457106656844391
"new_top7",5,4,TRUE,0.523746466811564,2.34,0.527800276214838
"new_top7",5,5,TRUE,0.47567118832443,1.99,0.423003258028152
"new_top7",5,6,TRUE,0.0681858617461616,0.17,0.361863988197846
"new_top7",5,7,FALSE,0.469674772551798,1.949,0.332882658982292
"new_top7",5,8,FALSE,0.387389826338729,1.44,0.431778624435322
"new_top7",5,9,FALSE,0.627365856592733,3.24,0.376001191191257
"new_top7",5,10,FALSE,0.591064607026499,2.9,0.399549974952293
"new_top7",5,11,FALSE,0.218220304175545,0.6528,0.275236762550508
"new_top7",5,12,TRUE,0.680335513414563,3.79,0.507628040486022
"new_top7",5,13,TRUE,0.680607428991788,3.793,0.449398875595955
"new_top7",5,14,FALSE,0.721810615212547,4.27,0.553353463225198
"new_top7",5,15,TRUE,0.20682587603185,0.61,0.368697237368053
"new_top7",5,16,TRUE,0.582063362911709,2.82,0.354994067141076
"new_top7",5,17,FALSE,0.696094159995223,3.967,0.465474325910494
"new_top7",5,18,TRUE,0.40823996531185,1.56,0.395401331750294
"new_top7",5,19,FALSE,0.433001340945038,1.7102,0.438731797176216
"new_top7",5,20,FALSE,0.653212513775344,3.5,0.429579259578861
"new_top7",5,21,FALSE,0.558072259099146,2.6147,0.434099959262808
"new_top7",5,22,FALSE,0.261928672990642,0.8278,0.215424371201358
"new_top7",5,23,FALSE,0.862727528317975,6.29,0.601407434770799
"new_top7",5,24,TRUE,0.637489729512511,3.34,0.511441688368825
"new_top7",5,25,FALSE,0.504878459410216,2.198,0.355515910049964
"new_top7",5,26,FALSE,0.286995073968852,0.9364,0.352424904044217
"new_top7",5,27,TRUE,0.662757831681574,3.6,0.447288429855382
"new_top7",5,28,FALSE,0.524525936626376,2.346,0.459193734504144
"new_top7",5,29,TRUE,0.406540180433955,1.55,0.483271930159986
"new_top7",5,30,FALSE,0.656098202012832,3.53,0.525149398705091
"new_top7",5,31,FALSE,0.517987203025078,2.296,0.388583054775498
"new_top7",5,32,FALSE,0.703119346236078,4.048,0.522735504371232
"new_top7",5,33,FALSE,0.691081492122968,3.91,0.497608073409427
"new_top7",5,34,FALSE,0.73319726510657,4.41,0.761433158812444
"new_top7",5,35,FALSE,0.408070285887185,1.559,0.413584134776039
"new_top7",5,36,FALSE,0.396024896608593,1.489,0.437666490575799
"new_top7",5,37,FALSE,0.398391440229475,1.5026,0.449650073786696
"new_top7",5,38,FALSE,0.770852011642144,4.9,0.582404102617803
"new_top7",5,39,TRUE,0.15836249209525,0.44,0.392457302815776
"new_top7",5,40,FALSE,0.625415352154408,3.221,0.490519906716076
"new_top7",5,41,FALSE,0.496334505996816,2.1357,0.54276176608732
"new_top7",5,42,FALSE,0.679427896612119,3.78,0.622940067044431
"new_top7",5,43,FALSE,0.610116955411928,3.0749,0.540510225711691
"new_top7",5,44,FALSE,0.645913275033844,3.425,0.433162387540066
"new_top7",5,45,FALSE,0.465382851448418,1.92,0.435941714605499
"new_top7",5,46,FALSE,0.569490954348783,2.711,0.54647871614856
"new_top7",5,47,FALSE,0.187520720836463,0.54,0.259566555418191
"new_top7",5,48,FALSE,0.465813957269479,1.9229,0.469059172839223
"new_top7",5,49,FALSE,0.231214647962601,0.703,0.495827860454308
"new_top7",5,50,FALSE,0.670802284260944,3.686,0.618042811902979
"new_top7",5,51,FALSE,0.459935016851525,1.8836,0.532622013043921
"new_top7",5,52,FALSE,0.287129620719111,0.937,0.396548442207689
"new_top7",5,53,FALSE,0.6232492903979,3.2,0.515496309535442
"new_top7",5,54,FALSE,0.8109042806687,5.47,0.601773806761097
"new_top7",5,55,TRUE,0.354108439147401,1.26,0.479312335658762
"new_top7",5,56,FALSE,0.129141845792285,0.3463,0.37082518303574
"new_top7",5,57,FALSE,0.244969460136198,0.7578,0.406766995551479
"new_top7",5,58,FALSE,0.364363354615731,1.314,0.399836678162352
"new_top7",5,59,TRUE,0.334212409393176,1.1588,0.443279371822066
"new_top7",5,60,FALSE,0.489677291663699,2.088,0.506823461197664
"new_top7",5,61,FALSE,0.525304009958239,2.352,0.469222468565844
"new_top7",5,62,TRUE,0.406540180433955,1.55,0.369009999699357
"new_top7",5,63,FALSE,0.335457900689384,1.165,0.524848528714168
"new_top7",5,64,FALSE,0.419873175149476,1.6295,0.580398576657329
"new_top7",5,65,FALSE,0.397227181043161,1.4959,0.507439111025491
"new_top7",5,66,TRUE,0.59659709562646,2.95,0.63879155690644
"new_top7",5,67,FALSE,0.260071387985075,0.82,0.429932006687441
"new_top7",5,68,FALSE,0.489466281303128,2.0865,0.538649584619302
"new_top7",5,69,FALSE,0.544018407858776,2.4996,0.730873456059509
"new_top7",5,70,TRUE,0.222976449893391,0.671,0.486434455201508
"new_top7",5,71,FALSE,0.28397928423848,0.923,0.560610666468855
"new_top7",5,72,FALSE,0.6652056284346,3.626,0.611209062162438
"new_top7",5,73,FALSE,0.537819095073274,2.45,0.576019043860226
"new_top7",5,74,FALSE,0.501059262217751,2.17,0.519751794033928
"new_top7",5,75,FALSE,0.415699348887829,1.60435,0.456603939677883
"new_top7",5,76,TRUE,0.298853076409707,0.99,0.369662949114712
"new_top7",5,77,TRUE,0.289365951520032,0.947,0.393562009575857
"new_top7",5,78,FALSE,0.497620649781288,2.145,0.334279379053397
"new_top7",5,79,TRUE,0.778151250383644,5,0.54387050175762
"new_top7",5,80,TRUE,0.260071387985075,0.82,0.425275266763602
"new_top7",5,81,FALSE,0.367542273520577,1.331,0.479736217993818
"new_top7",5,82,FALSE,0.534026106056135,2.42,0.492816641006515
"new_top7",5,83,FALSE,0.287129620719111,0.937,0.341842195481474
"new_top7",5,84,FALSE,0.469822015978163,1.95,0.370957383265497
"new_top7",5,85,TRUE,0.399673721481038,1.51,0.386112726393935
"new_top7",5,86,FALSE,0.307496037913213,1.03,0.229874157205817
"new_top7",5,87,FALSE,0.247236549506764,0.767,0.379786973603768
"new_top7",5,88,FALSE,0.6232492903979,3.2,0.442956136774944
"new_top7",5,89,TRUE,0.429752280002408,1.69,0.50173477695054
"new_top7",5,90,TRUE,0.566943971856554,2.6893,0.421133500538964
"new_top7",5,91,FALSE,0.605951157564873,3.036,0.535784737220246
"new_top7",5,92,FALSE,0.265996370495079,0.845,0.490364962536088
"new_top7",5,93,FALSE,0.555215405126073,2.591,0.379863988142821
"new_top7",5,94,FALSE,0.638489256954637,3.35,0.475056572103907
"new_top7",5,95,FALSE,0.528145078253106,2.374,0.511771951044121
"new_top7",5,96,FALSE,0.227552503379865,0.6887,0.511316115304033
"new_top7",5,97,FALSE,0.430075055551939,1.692,0.522185071168609
"new_top7",5,98,FALSE,0.184549481320698,0.5295,0.316667513417715
"new_top7",5,99,FALSE,0.472537053262077,1.9685,0.480654651931647
"new_top7",5,100,FALSE,0.60616631460762,3.038,0.48688816034449
"new_top7",5,101,FALSE,0.685553652846326,3.8479,0.604781333725807
"new_top7",5,102,TRUE,0.296665190261531,0.98,0.513259888167563
"new_top7",5,103,FALSE,0.491361693834273,2.1,0.534674656386086
"new_top7",5,104,FALSE,0.513217600067939,2.26,0.433569349952811
"new_top7",5,105,TRUE,0.64738297011462,3.44,0.408619110862093
"new_top7",5,106,FALSE,0.491361693834273,2.1,0.490054227137227
"new_top7",5,107,FALSE,0.406028944963615,1.547,0.419663115781372
"new_top7",5,108,FALSE,0.752025387323213,4.6497,0.485983040851411
"new_top7",5,109,TRUE,0.6414741105041,3.38,0.478253518451564
"new_top7",5,110,FALSE,0.416307587059883,1.608,0.533181030530355
"new_top7",5,111,FALSE,0.966610986681934,8.26,0.727961320893409
"new_top7",5,112,FALSE,0.188647295999717,0.544,0.326731980204938
"new_top7",5,113,FALSE,0.708335902682263,4.109,0.494958254907138
"new_top7",5,114,FALSE,0.685741738602264,3.85,0.97744173578049
"new_top7",5,115,FALSE,0.559308010907013,2.625,0.451628069618554
"new_top7",5,116,FALSE,0.355259905527378,1.266,0.420197459654087
"new_top7",5,117,FALSE,0.187520720836463,0.54,0.344019420374432
"new_top7",5,118,TRUE,0.569373909615046,2.71,0.435940498773363
"new_top7",5,119,FALSE,0.572523097849638,2.737,0.513092983742509
"new_top7",5,120,FALSE,0.538070787043172,2.452,0.505681198690408
"new_top7",5,121,FALSE,0.374748346010104,1.37,0.378128175588997
"new_top7",5,122,FALSE,0.294686624279443,0.971,0.326444213791706
"new_top7",5,123,FALSE,0.432969290874406,1.71,0.432859814328823
"new_top7",5,124,TRUE,0.320146286111054,1.09,0.557393337970812
"new_top7",5,125,FALSE,0.574262829707027,2.752,0.44137020657259
"new_top7",5,126,FALSE,0.610234175334389,3.076,0.569057626507003
"new_top7",5,127,FALSE,0.173186268412274,0.49,0.228091898632066
"new_top7",5,128,FALSE,0.314499227973151,1.063,0.410294468240233
"new_top7",5,129,FALSE,0.753330221324521,4.6667,0.482197946556036
"new_top7",5,130,FALSE,0.338456493604605,1.18,0.412797841813184
"new_top7",5,131,TRUE,0.0253058652647703,0.06,0.3670513080978
"new_top7",5,132,FALSE,0.21045229296202,0.6235,0.318681585688286
"new_top7",5,133,FALSE,0.440121603187804,1.755,0.450285559093566
"new_top7",5,134,TRUE,0.181872159010334,0.5201,0.488209570744155
"new_top7",5,135,FALSE,0.761326322421457,4.772,0.58656799991732
"new_top7",5,136,FALSE,0.662757831681574,3.6,0.389322471235411
"new_top7",5,137,FALSE,0.409425868671443,1.567,0.419236817776674
"new_top7",5,138,FALSE,0.387389826338729,1.44,0.346582018172503
"new_top7",5,139,FALSE,0.256236533205923,0.804,0.396586861417366
"new_top7",5,140,FALSE,0.381656482585787,1.408,0.4178468609218
"new_top7",5,141,FALSE,0.43568513794163,1.727,0.452426076539212
"new_top7",5,142,FALSE,0.190331698170291,0.55,0.511822263488427
"new_top7",5,143,FALSE,0.208978517276253,0.618,0.449821190863044
"new_top7",5,144,TRUE,0.506505032404872,2.21,0.495670231705009
"new_top7",5,145,FALSE,0.390935107103379,1.46,0.413269555967094
"new_top7",5,146,FALSE,0.442479769064449,1.77,0.503777533484986
"new_top7",5,147,FALSE,0.417139409727326,1.613,0.44429515393915
"new_top7",5,148,FALSE,0.260071387985075,0.82,0.368661216359467
"new_top7",5,149,TRUE,0.308777773664721,1.036,0.390994718480495
"new_top7",5,150,FALSE,0.583198773968623,2.83,0.487601699950213
"new_top7",5,151,TRUE,0.456062224454951,1.858,0.455241135222476
"new_top7",5,152,FALSE,0.370698092575577,1.348,0.399148301797853
"new_top7",5,153,FALSE,0.639486489268586,3.36,0.597442405579132
"new_top7",5,154,TRUE,0.590284403718162,2.893,0.486794857830948
"new_top7",5,155,FALSE,0.618215503279417,3.1516,0.55823111890396
"new_top7",5,156,FALSE,0.224533062606086,0.677,0.485617036375685
"new_top7",5,157,FALSE,0.234010817587179,0.714,0.272653182595939
"new_top7",5,158,FALSE,0.595826777073223,2.943,0.433506783217515
"new_top7",5,159,TRUE,0.612783856719735,3.1,0.521505607410048
"new_top7",5,160,FALSE,0.581266805273671,2.813,0.556467489515341
"new_top7",5,161,FALSE,0.588383768378728,2.876,0.577931582500265
"new_top7",5,162,FALSE,0.108226656374928,0.283,0.409493029415224
"new_top7",5,163,TRUE,0.381115080709851,1.405,0.467482341873912
"new_top7",5,164,FALSE,0.255272505103306,0.8,0.497471649706582
"new_top7",5,165,FALSE,0.680879174426811,3.796,0.498600393031101
"new_top7",5,166,FALSE,0.564784384503987,2.671,0.44556516511911
"new_top7",5,167,TRUE,0.526339277389844,2.36,0.363687642321547
"new_top7",5,168,FALSE,0.294466226161593,0.97,0.397117687647624
"new_top7",5,169,FALSE,0.612783856719735,3.1,0.459840180825473
"new_top7",5,170,FALSE,0.5182506513085,2.298,0.548054561239371
"new_top7",5,171,FALSE,0.442949869577862,1.773,0.401455259176625
"new_top7",5,172,FALSE,0.505149978319906,2.2,0.475523953518596
"new_top7",5,173,FALSE,0.305995882770805,1.023,0.409360446482439
"new_top7",5,174,TRUE,0.612783856719735,3.1,0.518401645427407
"new_top7",5,175,TRUE,0.204119982655925,0.6,0.438443352679915
"new_top7",5,176,FALSE,0.677333151419902,3.757,0.381669682896556
"new_top7",5,177,FALSE,0.345961541813141,1.218,0.551600298598814
"new_top7",5,178,FALSE,0.361160995195026,1.297,0.496004391125808
"new_top7",5,179,TRUE,0.127104798364808,0.34,0.308885802576232
"new_top7",5,180,FALSE,0.514547752660286,2.27,0.31752490983431
"new_top7",5,181,FALSE,0.362350507594848,1.3033,0.45079929843823
"new_top7",5,182,FALSE,0.662757831681574,3.6,0.480097409898196
"new_top7",5,183,FALSE,0.313867220369153,1.06,0.405707903444687
"new_top7",5,184,FALSE,0.839666556882433,5.913,0.51452970243852
"new_top7",5,185,FALSE,0.16999753706657,0.4791,0.344341241132296
"new_top7",5,186,FALSE,0.129367595722986,0.347,0.0986890880066419
"new_top7",5,187,FALSE,0.36078268987328,1.295,0.347386468354511
"new_top7",5,188,FALSE,0.429106008332697,1.686,0.465117406715362
"new_top7",5,189,FALSE,0.702602841340427,4.042,0.541289898940902
"new_top7",5,190,FALSE,0.571708831808688,2.73,0.449565562997129
"new_top7",5,191,FALSE,0.343920385393226,1.2076,0.288203156206608
"new_top7",5,192,FALSE,0.695131297704026,3.956,0.486759249899511
"new_top7",5,193,FALSE,0.629409599102719,3.26,0.507287668927158
"new_top7",5,194,FALSE,0.414973347970818,1.6,0.414711289233245
"new_top7",5,195,FALSE,0.276231957921834,0.889,0.389384199079297
"new_top7",5,196,FALSE,0.531478917042255,2.4,0.536194532814206
"new_top7",5,197,FALSE,0.236789099409293,0.725,0.365148095753289
"new_top7",5,198,FALSE,0.756407872548958,4.707,0.830072319752365
"new_top7",5,199,FALSE,0.718750734739665,4.233,0.596409952686873
"new_top7",5,200,FALSE,0.515211304327802,2.275,0.406776218367496
"new_top7",5,201,TRUE,0.3654879848909,1.32,0.419282650573482
"new_top7",5,202,TRUE,0.344392273685111,1.21,0.432417318013313
"new_top7",5,203,FALSE,0.196728722623287,0.573,0.441069295747704
"new_top7",5,204,FALSE,0.392696953259666,1.47,0.461462113410046
"new_top7",5,205,FALSE,0.365394376854778,1.3195,0.423177816573846
"new_top7",5,206,TRUE,0.389166084364532,1.45,0.439445489067506
"new_top7",5,207,FALSE,0.653212513775344,3.5,0.46048799355221
"new_top7",5,208,FALSE,0.440594261839831,1.758,0.400434479965076
"new_top7",5,209,TRUE,0.202215775801131,0.593,0.478552892309619
"new_top7",5,210,FALSE,0.48572142648158,2.06,0.382710343224804
"new_top7",5,211,FALSE,0.244277120801843,0.755,0.393762513720511
"new_top7",5,212,FALSE,0.372727940885595,1.359,0.454137636746696
"new_top7",5,213,FALSE,0.52244423350632,2.33,0.45578766246376
"new_top7",5,214,FALSE,0.257678574869184,0.81,0.354861669334714
"new_top7",5,215,FALSE,0.384353414137506,1.423,0.576822363442618
"new_top7",5,216,FALSE,0.335858911319818,1.167,0.466432868906983
"new_top7",5,217,FALSE,0.555094448578319,2.59,0.550111884476596
"new_top7",5,218,FALSE,0.271841606536499,0.87,0.545009195407662
"new_top7",5,219,FALSE,0.471291711058939,1.96,0.457461158162626
"new_top7",5,220,TRUE,0.294906910605192,0.972,0.461285342157039
"new_top7",5,221,FALSE,0.655138434811382,3.52,0.588424944121514
"new_top7",5,222,FALSE,0.528916700277655,2.38,0.440427137584362
"new_top7",5,223,TRUE,0.237040791379191,0.726,0.510158846450352
"new_top7",5,224,FALSE,0.777426822389311,4.99,0.484885606996154
"new_top7",5,225,TRUE,0.191730393362856,0.555,0.48017153567947
"new_top7",5,226,FALSE,0.239549720840473,0.736,0.46767493222116
"new_top7",5,227,TRUE,0.582404298019028,2.823,0.562336090276556
"new_top7",5,228,TRUE,0.569373909615046,2.71,0.389573169496258
"new_top7",5,229,FALSE,0.334252642334231,1.159,0.411929285324475
"new_top7",5,230,FALSE,0.406369835469268,1.549,0.455409857022651
"new_top7",5,231,FALSE,0.216165902285993,0.645,0.545050054369501
"new_top7",5,232,FALSE,0.0597526942092988,0.1475,0.292364754893331
"new_top7",5,233,TRUE,0.472463896606989,1.968,0.472176769265471
"new_top7",5,234,FALSE,0.666985718329661,3.645,0.419410271718084
"new_top7",5,235,FALSE,0.65417654187796,3.51,0.528732501954388
"new_top7",5,236,FALSE,0.259593878885949,0.818,0.458715941679777
"new_top7",5,237,FALSE,0.527114111639805,2.366,0.548058707621215
"new_top7",5,238,TRUE,0.367169488534681,1.329,0.419614396214763
"new_top7",5,239,TRUE,0.19228861256812,0.557,0.365699653256708
"new_top7",5,240,FALSE,0.478566495593843,2.01,0.301189052278906
"new_top7",5,241,FALSE,0.253580289562183,0.793,0.311385789532162
"new_top7",5,242,FALSE,0.27554168840131,0.886,0.348020858786512
"new_top7",5,243,FALSE,0.532627001228891,2.409,0.339795147487664
"new_top7",5,244,TRUE,0.542451947375977,2.487,0.443756439842066
"new_top7",5,245,FALSE,0.381836799998343,1.409,0.392159042795843
"new_top7",5,246,TRUE,0.511616020569138,2.248,0.560279538864632
"new_top7",5,247,FALSE,0.476831628512261,1.998,0.558637596625373
"new_top7",5,248,FALSE,0.301029995663981,1,0.483674501970698
"new_top7",5,249,FALSE,0.325823419002744,1.1175,0.342114235498486
"new_top7",5,250,FALSE,0.586024382386976,2.855,0.512046623023839
"new_top7",5,251,FALSE,0.218535505216528,0.654,0.260653801042792
"new_top7",5,252,FALSE,0.0480531731156091,0.117,0.169671433972739
"new_top7",5,253,FALSE,0.378397900948138,1.39,0.528380461755074
"new_top7",5,254,FALSE,0.595275711802099,2.938,0.462762763545419
"new_top7",5,255,FALSE,0.398807730203264,1.505,0.409178506245226
"new_top7",5,256,TRUE,0.161368002234975,0.45,0.353400704192553
"new_top7",5,257,FALSE,0.456214155357989,1.859,0.358819827655009
"new_top7",5,258,FALSE,0.641126932803509,3.3765,0.485964480104917
"new_top7",5,259,FALSE,0.54020429984206,2.469,0.345828128581339
"new_top7",5,260,FALSE,0.0328201494385639,0.0785,0.0636279577885423
"new_top7",5,261,FALSE,0.434888120867316,1.722,0.509772444563384
"new_top7",5,262,FALSE,0.332034277027518,1.148,0.371533205558995
"new_top7",5,263,FALSE,0.391816923613249,1.465,0.615605679436447
"new_top7",5,264,TRUE,0.347427598618541,1.2255,0.485266713245644
"new_top7",5,265,FALSE,0.352182518111362,1.25,0.329758595591601
"new_top7",5,266,TRUE,0.154119525515847,0.426,0.226296096713752
"new_top7",5,267,FALSE,0.591398551281249,2.903,0.402233819209805
"new_top7",5,268,TRUE,0.315970345456918,1.07,0.415414349938325
"new_top7",5,269,FALSE,0.470410490975931,1.954,0.477536866382992
"new_top7",5,270,FALSE,0.826074802700826,5.7,0.927594525223906
"new_top7",5,271,TRUE,0.273232834043046,0.876,0.589527394137279
"new_top7",5,272,FALSE,0.234264124378789,0.715,0.376004170843124
"new_top7",5,273,FALSE,0.504878459410216,2.198,0.424815231784782
"new_top7",5,274,FALSE,0.582744965691277,2.826,0.349180069334192
"new_top7",5,275,FALSE,0.542327382773974,2.486,0.46109433834062
"new_top7",5,276,FALSE,0.657055852857104,3.54,0.43715886037501
"new_top7",5,277,FALSE,0.328379603438738,1.13,0.3541390689558
"new_top7",5,278,FALSE,0.4679039465228,1.937,0.236008041389786
"new_top7",5,279,FALSE,0.331427296520743,1.145,0.442405960165065
"new_top7",5,280,FALSE,0.352664799651101,1.2525,0.420523457438693
"new_top7",5,281,FALSE,0.437116093048079,1.736,0.308498614764292
"new_top7",5,282,FALSE,0.325043347403704,1.1137,0.394570302519926
"new_top7",5,283,FALSE,0.775319121829478,4.961,0.490784924834939
"new_top7",5,284,FALSE,0.526442668529935,2.3608,0.410476200051466
"new_top7",5,285,FALSE,0.682145076373832,3.81,0.567969741997105
"new_top7",5,286,FALSE,0.425534220498263,1.664,0.479858161994848
"new_top7",5,287,FALSE,0.659726095237792,3.568,0.540751257714645
"new_top7",5,288,FALSE,0.672097857935718,3.7,0.386758382003662
"new_top7",5,289,FALSE,0.534026106056135,2.42,0.394930520537237
"new_top7",5,290,FALSE,0.615950051656401,3.13,0.514626534727105
"new_top7",5,291,TRUE,0.262451089730429,0.83,0.410412876602182
"new_top7_ind",1,1,TRUE,0.482873583608754,2.04,0.311439868649244
"new_top7_ind",1,2,TRUE,0.496929648073215,2.14,0.48484680955502
"new_top7_ind",1,3,TRUE,0.623042434246382,3.198,0.432045892682793
"new_top7_ind",1,4,TRUE,0.523746466811564,2.34,0.537789723392155
"new_top7_ind",1,5,TRUE,0.47567118832443,1.99,0.403053233589127
"new_top7_ind",1,6,TRUE,0.0681858617461616,0.17,0.345263767339935
"new_top7_ind",1,7,FALSE,0.469674772551798,1.949,0.329186481655233
"new_top7_ind",1,8,FALSE,0.387389826338729,1.44,0.449032193449476
"new_top7_ind",1,9,FALSE,0.627365856592733,3.24,0.387436409180272
"new_top7_ind",1,10,FALSE,0.591064607026499,2.9,0.430467903300197
"new_top7_ind",1,11,FALSE,0.218220304175545,0.6528,0.307690523842822
"new_top7_ind",1,12,TRUE,0.680335513414563,3.79,0.473965375369056
"new_top7_ind",1,13,TRUE,0.680607428991788,3.793,0.405628282317949
"new_top7_ind",1,14,FALSE,0.721810615212547,4.27,0.574359190460637
"new_top7_ind",1,15,TRUE,0.20682587603185,0.61,0.364666020022643
"new_top7_ind",1,16,TRUE,0.582063362911709,2.82,0.409538771018055
"new_top7_ind",1,17,FALSE,0.696094159995223,3.967,0.511538688124851
"new_top7_ind",1,18,TRUE,0.40823996531185,1.56,0.379765372132159
"new_top7_ind",1,19,FALSE,0.433001340945038,1.7102,0.421525065636733
"new_top7_ind",1,20,FALSE,0.653212513775344,3.5,0.440912142121656
"new_top7_ind",1,21,FALSE,0.558072259099146,2.6147,0.416332772077605
"new_top7_ind",1,22,FALSE,0.261928672990642,0.8278,0.241032519706529
"new_top7_ind",1,23,FALSE,0.862727528317975,6.29,0.635700901282607
"new_top7_ind",1,24,TRUE,0.637489729512511,3.34,0.486879207627502
"new_top7_ind",1,25,FALSE,0.504878459410216,2.198,0.367858750628543
"new_top7_ind",1,26,FALSE,0.286995073968852,0.9364,0.376383479094493
"new_top7_ind",1,27,TRUE,0.662757831681574,3.6,0.403818499488622
"new_top7_ind",1,28,FALSE,0.524525936626376,2.346,0.456691295223867
"new_top7_ind",1,29,TRUE,0.406540180433955,1.55,0.465805791978528
"new_top7_ind",1,30,FALSE,0.656098202012832,3.53,0.547785150243383
"new_top7_ind",1,31,FALSE,0.517987203025078,2.296,0.388705876113231
"new_top7_ind",1,32,FALSE,0.703119346236078,4.048,0.532554764412657
"new_top7_ind",1,33,FALSE,0.691081492122968,3.91,0.499547244127715
"new_top7_ind",1,34,FALSE,0.73319726510657,4.41,0.691407320428342
"new_top7_ind",1,35,FALSE,0.408070285887185,1.559,0.441556593605331
"new_top7_ind",1,36,FALSE,0.396024896608593,1.489,0.437859356429588
"new_top7_ind",1,37,FALSE,0.398391440229475,1.5026,0.453635445049007
"new_top7_ind",1,38,FALSE,0.770852011642144,4.9,0.582280137909366
"new_top7_ind",1,39,TRUE,0.15836249209525,0.44,0.360687188358078
"new_top7_ind",1,40,FALSE,0.625415352154408,3.221,0.492043124155057
"new_top7_ind",1,41,FALSE,0.496334505996816,2.1357,0.495358403211803
"new_top7_ind",1,42,FALSE,0.679427896612119,3.78,0.57629785632385
"new_top7_ind",1,43,FALSE,0.610116955411928,3.0749,0.54169638504643
"new_top7_ind",1,44,FALSE,0.645913275033844,3.425,0.464768963025651
"new_top7_ind",1,45,FALSE,0.465382851448418,1.92,0.398633064882613
"new_top7_ind",1,46,FALSE,0.569490954348783,2.711,0.533793062000269
"new_top7_ind",1,47,FALSE,0.187520720836463,0.54,0.287256813622526
"new_top7_ind",1,48,FALSE,0.465813957269479,1.9229,0.490327215593354
"new_top7_ind",1,49,FALSE,0.231214647962601,0.703,0.502733650292817
"new_top7_ind",1,50,FALSE,0.670802284260944,3.686,0.613896390493626
"new_top7_ind",1,51,FALSE,0.459935016851525,1.8836,0.530473701418575
"new_top7_ind",1,52,FALSE,0.287129620719111,0.937,0.420395469414799
"new_top7_ind",1,53,FALSE,0.6232492903979,3.2,0.562748613970763
"new_top7_ind",1,54,FALSE,0.8109042806687,5.47,0.633847142457985
"new_top7_ind",1,55,TRUE,0.354108439147401,1.26,0.430520241341432
"new_top7_ind",1,56,FALSE,0.129141845792285,0.3463,0.405087867586022
"new_top7_ind",1,57,FALSE,0.244969460136198,0.7578,0.376965252153897
"new_top7_ind",1,58,FALSE,0.364363354615731,1.314,0.394734197589283
"new_top7_ind",1,59,TRUE,0.334212409393176,1.1588,0.412612538176817
"new_top7_ind",1,60,FALSE,0.489677291663699,2.088,0.556232133750558
"new_top7_ind",1,61,FALSE,0.525304009958239,2.352,0.479086418788005
"new_top7_ind",1,62,TRUE,0.406540180433955,1.55,0.381926231155514
"new_top7_ind",1,63,FALSE,0.335457900689384,1.165,0.543922152817414
"new_top7_ind",1,64,FALSE,0.419873175149476,1.6295,0.53950668760908
"new_top7_ind",1,65,FALSE,0.397227181043161,1.4959,0.59918431111398
"new_top7_ind",1,66,TRUE,0.59659709562646,2.95,0.574998805457051
"new_top7_ind",1,67,FALSE,0.260071387985075,0.82,0.448739003257626
"new_top7_ind",1,68,FALSE,0.489466281303128,2.0865,0.559553338081194
"new_top7_ind",1,69,FALSE,0.544018407858776,2.4996,0.660108309850498
"new_top7_ind",1,70,TRUE,0.222976449893391,0.671,0.445595192107244
"new_top7_ind",1,71,FALSE,0.28397928423848,0.923,0.573445105504901
"new_top7_ind",1,72,FALSE,0.6652056284346,3.626,0.570118651415956
"new_top7_ind",1,73,FALSE,0.537819095073274,2.45,0.594193224880266
"new_top7_ind",1,74,FALSE,0.501059262217751,2.17,0.526219395538443
"new_top7_ind",1,75,FALSE,0.415699348887829,1.60435,0.442839145977081
"new_top7_ind",1,76,TRUE,0.298853076409707,0.99,0.439211178420542
"new_top7_ind",1,77,TRUE,0.289365951520032,0.947,0.383838745914257
"new_top7_ind",1,78,FALSE,0.497620649781288,2.145,0.340869430761806
"new_top7_ind",1,79,TRUE,0.778151250383644,5,0.532213526328046
"new_top7_ind",1,80,TRUE,0.260071387985075,0.82,0.39051047305655
"new_top7_ind",1,81,FALSE,0.367542273520577,1.331,0.497959683423719
"new_top7_ind",1,82,FALSE,0.534026106056135,2.42,0.446556040834377
"new_top7_ind",1,83,FALSE,0.287129620719111,0.937,0.342849252067917
"new_top7_ind",1,84,FALSE,0.469822015978163,1.95,0.361728537004427
"new_top7_ind",1,85,TRUE,0.399673721481038,1.51,0.37146500876794
"new_top7_ind",1,86,FALSE,0.307496037913213,1.03,0.261799225037595
"new_top7_ind",1,87,FALSE,0.247236549506764,0.767,0.392536539832545
"new_top7_ind",1,88,FALSE,0.6232492903979,3.2,0.441897704640401
"new_top7_ind",1,89,TRUE,0.429752280002408,1.69,0.478281197592634
"new_top7_ind",1,90,TRUE,0.566943971856554,2.6893,0.425043013407116
"new_top7_ind",1,91,FALSE,0.605951157564873,3.036,0.511714764220886
"new_top7_ind",1,92,FALSE,0.265996370495079,0.845,0.511367608816599
"new_top7_ind",1,93,FALSE,0.555215405126073,2.591,0.366275044796518
"new_top7_ind",1,94,FALSE,0.638489256954637,3.35,0.485549532565699
"new_top7_ind",1,95,FALSE,0.528145078253106,2.374,0.523691832065991
"new_top7_ind",1,96,FALSE,0.227552503379865,0.6887,0.515282493693198
"new_top7_ind",1,97,FALSE,0.430075055551939,1.692,0.529816694117367
"new_top7_ind",1,98,FALSE,0.184549481320698,0.5295,0.344986266785027
"new_top7_ind",1,99,FALSE,0.472537053262077,1.9685,0.530133873352464
"new_top7_ind",1,100,FALSE,0.60616631460762,3.038,0.532425524100902
"new_top7_ind",1,101,FALSE,0.685553652846326,3.8479,0.642417313603908
"new_top7_ind",1,102,TRUE,0.296665190261531,0.98,0.490147282871699
"new_top7_ind",1,103,FALSE,0.491361693834273,2.1,0.529859077483851
"new_top7_ind",1,104,FALSE,0.513217600067939,2.26,0.378350712435875
"new_top7_ind",1,105,TRUE,0.64738297011462,3.44,0.394689206071124
"new_top7_ind",1,106,FALSE,0.491361693834273,2.1,0.517135462363581
"new_top7_ind",1,107,FALSE,0.406028944963615,1.547,0.393574716654392
"new_top7_ind",1,108,FALSE,0.752025387323213,4.6497,0.515147690153327
"new_top7_ind",1,109,TRUE,0.6414741105041,3.38,0.48150353631775
"new_top7_ind",1,110,FALSE,0.416307587059883,1.608,0.524110995869404
"new_top7_ind",1,111,FALSE,0.966610986681934,8.26,0.781325752517017
"new_top7_ind",1,112,FALSE,0.188647295999717,0.544,0.329994621365894
"new_top7_ind",1,113,FALSE,0.708335902682263,4.109,0.505840286099735
"new_top7_ind",1,114,FALSE,0.685741738602264,3.85,0.825236553313191
"new_top7_ind",1,115,FALSE,0.559308010907013,2.625,0.454184109791134
"new_top7_ind",1,116,FALSE,0.355259905527378,1.266,0.432735227199105
"new_top7_ind",1,117,FALSE,0.187520720836463,0.54,0.347760548010425
"new_top7_ind",1,118,TRUE,0.569373909615046,2.71,0.475533651648318
"new_top7_ind",1,119,FALSE,0.572523097849638,2.737,0.52590274484264
"new_top7_ind",1,120,FALSE,0.538070787043172,2.452,0.50418927277428
"new_top7_ind",1,121,FALSE,0.374748346010104,1.37,0.41620807388518
"new_top7_ind",1,122,FALSE,0.294686624279443,0.971,0.335828581711479
"new_top7_ind",1,123,FALSE,0.432969290874406,1.71,0.425201336288766
"new_top7_ind",1,124,TRUE,0.320146286111054,1.09,0.552962658676696
"new_top7_ind",1,125,FALSE,0.574262829707027,2.752,0.430701414625353
"new_top7_ind",1,126,FALSE,0.610234175334389,3.076,0.589940791590925
"new_top7_ind",1,127,FALSE,0.173186268412274,0.49,0.210250480938545
"new_top7_ind",1,128,FALSE,0.314499227973151,1.063,0.382880883083655
"new_top7_ind",1,129,FALSE,0.753330221324521,4.6667,0.49370880425168
"new_top7_ind",1,130,FALSE,0.338456493604605,1.18,0.463924376991784
"new_top7_ind",1,131,TRUE,0.0253058652647703,0.06,0.381777138488588
"new_top7_ind",1,132,FALSE,0.21045229296202,0.6235,0.281317144637511
"new_top7_ind",1,133,FALSE,0.440121603187804,1.755,0.455719774321976
"new_top7_ind",1,134,TRUE,0.181872159010334,0.5201,0.443338804983806
"new_top7_ind",1,135,FALSE,0.761326322421457,4.772,0.617225739510725
"new_top7_ind",1,136,FALSE,0.662757831681574,3.6,0.386286233367487
"new_top7_ind",1,137,FALSE,0.409425868671443,1.567,0.454466446252698
"new_top7_ind",1,138,FALSE,0.387389826338729,1.44,0.330759698055625
"new_top7_ind",1,139,FALSE,0.256236533205923,0.804,0.38377845475004
"new_top7_ind",1,140,FALSE,0.381656482585787,1.408,0.419280691806027
"new_top7_ind",1,141,FALSE,0.43568513794163,1.727,0.441102672405864
"new_top7_ind",1,142,FALSE,0.190331698170291,0.55,0.42450245207005
"new_top7_ind",1,143,FALSE,0.208978517276253,0.618,0.445035868758726
"new_top7_ind",1,144,TRUE,0.506505032404872,2.21,0.468868002357036
"new_top7_ind",1,145,FALSE,0.390935107103379,1.46,0.408309484259582
"new_top7_ind",1,146,FALSE,0.442479769064449,1.77,0.526542301936115
"new_top7_ind",1,147,FALSE,0.417139409727326,1.613,0.467353816412716
"new_top7_ind",1,148,FALSE,0.260071387985075,0.82,0.412989328889792
"new_top7_ind",1,149,TRUE,0.308777773664721,1.036,0.388738820019324
"new_top7_ind",1,150,FALSE,0.583198773968623,2.83,0.470528489994717
"new_top7_ind",1,151,TRUE,0.456062224454951,1.858,0.427951312979907
"new_top7_ind",1,152,FALSE,0.370698092575577,1.348,0.423654215620532
"new_top7_ind",1,153,FALSE,0.639486489268586,3.36,0.63844791872848
"new_top7_ind",1,154,TRUE,0.590284403718162,2.893,0.461528997634695
"new_top7_ind",1,155,FALSE,0.618215503279417,3.1516,0.529241194777862
"new_top7_ind",1,156,FALSE,0.224533062606086,0.677,0.395296154079423
"new_top7_ind",1,157,FALSE,0.234010817587179,0.714,0.286418741332086
"new_top7_ind",1,158,FALSE,0.595826777073223,2.943,0.436143139856284
"new_top7_ind",1,159,TRUE,0.612783856719735,3.1,0.504834956822425
"new_top7_ind",1,160,FALSE,0.581266805273671,2.813,0.540623836313747
"new_top7_ind",1,161,FALSE,0.588383768378728,2.876,0.560786607829266
"new_top7_ind",1,162,FALSE,0.108226656374928,0.283,0.433367616745757
"new_top7_ind",1,163,TRUE,0.381115080709851,1.405,0.438021713206421
"new_top7_ind",1,164,FALSE,0.255272505103306,0.8,0.513375282383628
"new_top7_ind",1,165,FALSE,0.680879174426811,3.796,0.514565503955684
"new_top7_ind",1,166,FALSE,0.564784384503987,2.671,0.485600273234567
"new_top7_ind",1,167,TRUE,0.526339277389844,2.36,0.341527824551724
"new_top7_ind",1,168,FALSE,0.294466226161593,0.97,0.42066841264305
"new_top7_ind",1,169,FALSE,0.612783856719735,3.1,0.480219109255407
"new_top7_ind",1,170,FALSE,0.5182506513085,2.298,0.547957748917133
"new_top7_ind",1,171,FALSE,0.442949869577862,1.773,0.406398723282724
"new_top7_ind",1,172,FALSE,0.505149978319906,2.2,0.474389707706618
"new_top7_ind",1,173,FALSE,0.305995882770805,1.023,0.450029067036536
"new_top7_ind",1,174,TRUE,0.612783856719735,3.1,0.476762644216308
"new_top7_ind",1,175,TRUE,0.204119982655925,0.6,0.43351356963697
"new_top7_ind",1,176,FALSE,0.677333151419902,3.757,0.404608902427474
"new_top7_ind",1,177,FALSE,0.345961541813141,1.218,0.582624750888546
"new_top7_ind",1,178,FALSE,0.361160995195026,1.297,0.472124015182136
"new_top7_ind",1,179,TRUE,0.127104798364808,0.34,0.309548840561073
"new_top7_ind",1,180,FALSE,0.514547752660286,2.27,0.329360229316064
"new_top7_ind",1,181,FALSE,0.362350507594848,1.3033,0.460101193702221
"new_top7_ind",1,182,FALSE,0.662757831681574,3.6,0.478019066274215
"new_top7_ind",1,183,FALSE,0.313867220369153,1.06,0.456081316464796
"new_top7_ind",1,184,FALSE,0.839666556882433,5.913,0.471721110268851
"new_top7_ind",1,185,FALSE,0.16999753706657,0.4791,0.377083838353167
"new_top7_ind",1,186,FALSE,0.129367595722986,0.347,0.0592890552917242
"new_top7_ind",1,187,FALSE,0.36078268987328,1.295,0.302635410728014
"new_top7_ind",1,188,FALSE,0.429106008332697,1.686,0.468916535035979
"new_top7_ind",1,189,FALSE,0.702602841340427,4.042,0.58707651171894
"new_top7_ind",1,190,FALSE,0.571708831808688,2.73,0.454961965208514
"new_top7_ind",1,191,FALSE,0.343920385393226,1.2076,0.282513203402615
"new_top7_ind",1,192,FALSE,0.695131297704026,3.956,0.522617013673325
"new_top7_ind",1,193,FALSE,0.629409599102719,3.26,0.537047813266451
"new_top7_ind",1,194,FALSE,0.414973347970818,1.6,0.432729043357774
"new_top7_ind",1,195,FALSE,0.276231957921834,0.889,0.381878420257362
"new_top7_ind",1,196,FALSE,0.531478917042255,2.4,0.497062670619821
"new_top7_ind",1,197,FALSE,0.236789099409293,0.725,0.364490545281033
"new_top7_ind",1,198,FALSE,0.756407872548958,4.707,0.748625525453527
"new_top7_ind",1,199,FALSE,0.718750734739665,4.233,0.593790358471817
"new_top7_ind",1,200,FALSE,0.515211304327802,2.275,0.443509528118466
"new_top7_ind",1,201,TRUE,0.3654879848909,1.32,0.407714901920754
"new_top7_ind",1,202,TRUE,0.344392273685111,1.21,0.391823896040381
"new_top7_ind",1,203,FALSE,0.196728722623287,0.573,0.467371776008928
"new_top7_ind",1,204,FALSE,0.392696953259666,1.47,0.447297943522969
"new_top7_ind",1,205,FALSE,0.365394376854778,1.3195,0.426959484502796
"new_top7_ind",1,206,TRUE,0.389166084364532,1.45,0.413210665253613
"new_top7_ind",1,207,FALSE,0.653212513775344,3.5,0.458031185449503
"new_top7_ind",1,208,FALSE,0.440594261839831,1.758,0.377092197541588
"new_top7_ind",1,209,TRUE,0.202215775801131,0.593,0.436877984537352
"new_top7_ind",1,210,FALSE,0.48572142648158,2.06,0.365723149488357
"new_top7_ind",1,211,FALSE,0.244277120801843,0.755,0.506204824383032
"new_top7_ind",1,212,FALSE,0.372727940885595,1.359,0.454496980502202
"new_top7_ind",1,213,FALSE,0.52244423350632,2.33,0.484767696123992
"new_top7_ind",1,214,FALSE,0.257678574869184,0.81,0.395918299461348
"new_top7_ind",1,215,FALSE,0.384353414137506,1.423,0.50598149562496
"new_top7_ind",1,216,FALSE,0.335858911319818,1.167,0.484368467298063
"new_top7_ind",1,217,FALSE,0.555094448578319,2.59,0.528783188564301
"new_top7_ind",1,218,FALSE,0.271841606536499,0.87,0.520183915766468
"new_top7_ind",1,219,FALSE,0.471291711058939,1.96,0.486709184167241
"new_top7_ind",1,220,TRUE,0.294906910605192,0.972,0.421840415102627
"new_top7_ind",1,221,FALSE,0.655138434811382,3.52,0.587808354893144
"new_top7_ind",1,222,FALSE,0.528916700277655,2.38,0.473617198533636
"new_top7_ind",1,223,TRUE,0.237040791379191,0.726,0.478701047773162
"new_top7_ind",1,224,FALSE,0.777426822389311,4.99,0.498851331899219
"new_top7_ind",1,225,TRUE,0.191730393362856,0.555,0.500289252993516
"new_top7_ind",1,226,FALSE,0.239549720840473,0.736,0.450945980879324
"new_top7_ind",1,227,TRUE,0.582404298019028,2.823,0.535981178069495
"new_top7_ind",1,228,TRUE,0.569373909615046,2.71,0.370744654896017
"new_top7_ind",1,229,FALSE,0.334252642334231,1.159,0.422095682605
"new_top7_ind",1,230,FALSE,0.406369835469268,1.549,0.428711966197868
"new_top7_ind",1,231,FALSE,0.216165902285993,0.645,0.528121896372279
"new_top7_ind",1,232,FALSE,0.0597526942092988,0.1475,0.287217153856259
"new_top7_ind",1,233,TRUE,0.472463896606989,1.968,0.512508117241106
"new_top7_ind",1,234,FALSE,0.666985718329661,3.645,0.43453255852379
"new_top7_ind",1,235,FALSE,0.65417654187796,3.51,0.552036386211328
"new_top7_ind",1,236,FALSE,0.259593878885949,0.818,0.497605661260461
"new_top7_ind",1,237,FALSE,0.527114111639805,2.366,0.561124043136747
"new_top7_ind",1,238,TRUE,0.367169488534681,1.329,0.400814138783282
"new_top7_ind",1,239,TRUE,0.19228861256812,0.557,0.3314122200957
"new_top7_ind",1,240,FALSE,0.478566495593843,2.01,0.304317957570101
"new_top7_ind",1,241,FALSE,0.253580289562183,0.793,0.40454779553275
"new_top7_ind",1,242,FALSE,0.27554168840131,0.886,0.373330030157944
"new_top7_ind",1,243,FALSE,0.532627001228891,2.409,0.392769027438782
"new_top7_ind",1,244,TRUE,0.542451947375977,2.487,0.4170076805508
"new_top7_ind",1,245,FALSE,0.381836799998343,1.409,0.398160244177877
"new_top7_ind",1,246,TRUE,0.511616020569138,2.248,0.530361728482064
"new_top7_ind",1,247,FALSE,0.476831628512261,1.998,0.531792674084001
"new_top7_ind",1,248,FALSE,0.301029995663981,1,0.502150444786183
"new_top7_ind",1,249,FALSE,0.325823419002744,1.1175,0.369387650612487
"new_top7_ind",1,250,FALSE,0.586024382386976,2.855,0.510473468255322
"new_top7_ind",1,251,FALSE,0.218535505216528,0.654,0.254967856391488
"new_top7_ind",1,252,FALSE,0.0480531731156091,0.117,0.146120679206339
"new_top7_ind",1,253,FALSE,0.378397900948138,1.39,0.525430061405216
"new_top7_ind",1,254,FALSE,0.595275711802099,2.938,0.381681217844596
"new_top7_ind",1,255,FALSE,0.398807730203264,1.505,0.433106070226829
"new_top7_ind",1,256,TRUE,0.161368002234975,0.45,0.32687885387009
"new_top7_ind",1,257,FALSE,0.456214155357989,1.859,0.383105599411995
"new_top7_ind",1,258,FALSE,0.641126932803509,3.3765,0.469882020503651
"new_top7_ind",1,259,FALSE,0.54020429984206,2.469,0.34865465734582
"new_top7_ind",1,260,FALSE,0.0328201494385639,0.0785,0.144727232358078
"new_top7_ind",1,261,FALSE,0.434888120867316,1.722,0.543177908015783
"new_top7_ind",1,262,FALSE,0.332034277027518,1.148,0.364911017790698
"new_top7_ind",1,263,FALSE,0.391816923613249,1.465,0.582243910787436
"new_top7_ind",1,264,TRUE,0.347427598618541,1.2255,0.435738939726107
"new_top7_ind",1,265,FALSE,0.352182518111362,1.25,0.283598095332972
"new_top7_ind",1,266,TRUE,0.154119525515847,0.426,0.204591421054898
"new_top7_ind",1,267,FALSE,0.591398551281249,2.903,0.392662370515129
"new_top7_ind",1,268,TRUE,0.315970345456918,1.07,0.412730845585965
"new_top7_ind",1,269,FALSE,0.470410490975931,1.954,0.461097130884202
"new_top7_ind",1,270,FALSE,0.826074802700826,5.7,0.783332870103188
"new_top7_ind",1,271,TRUE,0.273232834043046,0.876,0.562484915000065
"new_top7_ind",1,272,FALSE,0.234264124378789,0.715,0.384879450465449
"new_top7_ind",1,273,FALSE,0.504878459410216,2.198,0.428948380222503
"new_top7_ind",1,274,FALSE,0.582744965691277,2.826,0.369442546103573
"new_top7_ind",1,275,FALSE,0.542327382773974,2.486,0.443257661801998
"new_top7_ind",1,276,FALSE,0.657055852857104,3.54,0.443171470477512
"new_top7_ind",1,277,FALSE,0.328379603438738,1.13,0.392574980997424
"new_top7_ind",1,278,FALSE,0.4679039465228,1.937,0.224765653873292
"new_top7_ind",1,279,FALSE,0.331427296520743,1.145,0.483053510216821
"new_top7_ind",1,280,FALSE,0.352664799651101,1.2525,0.463561941805636
"new_top7_ind",1,281,FALSE,0.437116093048079,1.736,0.350910696652611
"new_top7_ind",1,282,FALSE,0.325043347403704,1.1137,0.360095896470319
"new_top7_ind",1,283,FALSE,0.775319121829478,4.961,0.494277900988356
"new_top7_ind",1,284,FALSE,0.526442668529935,2.3608,0.378783382275814
"new_top7_ind",1,285,FALSE,0.682145076373832,3.81,0.613229373271602
"new_top7_ind",1,286,FALSE,0.425534220498263,1.664,0.473999348020778
"new_top7_ind",1,287,FALSE,0.659726095237792,3.568,0.546853902695204
"new_top7_ind",1,288,FALSE,0.672097857935718,3.7,0.404429163097918
"new_top7_ind",1,289,FALSE,0.534026106056135,2.42,0.424432399844849
"new_top7_ind",1,290,FALSE,0.615950051656401,3.13,0.511912905300018
"new_top7_ind",1,291,TRUE,0.262451089730429,0.83,0.360288129499197
"new_top7_ind",2,1,TRUE,0.482873583608754,2.04,0.281847486659582
"new_top7_ind",2,2,TRUE,0.496929648073215,2.14,0.501196396780909
"new_top7_ind",2,3,TRUE,0.623042434246382,3.198,0.471993261951689
"new_top7_ind",2,4,TRUE,0.523746466811564,2.34,0.494465478234254
"new_top7_ind",2,5,TRUE,0.47567118832443,1.99,0.403639932011515
"new_top7_ind",2,6,TRUE,0.0681858617461616,0.17,0.317049637989826
"new_top7_ind",2,7,FALSE,0.469674772551798,1.949,0.306224558868502
"new_top7_ind",2,8,FALSE,0.387389826338729,1.44,0.439428215418986
"new_top7_ind",2,9,FALSE,0.627365856592733,3.24,0.388593002907479
"new_top7_ind",2,10,FALSE,0.591064607026499,2.9,0.404710604788798
"new_top7_ind",2,11,FALSE,0.218220304175545,0.6528,0.259970463221582
"new_top7_ind",2,12,TRUE,0.680335513414563,3.79,0.473332668180352
"new_top7_ind",2,13,TRUE,0.680607428991788,3.793,0.403803154694694
"new_top7_ind",2,14,FALSE,0.721810615212547,4.27,0.568219390766356
"new_top7_ind",2,15,TRUE,0.20682587603185,0.61,0.340341515104505
"new_top7_ind",2,16,TRUE,0.582063362911709,2.82,0.376893960546396
"new_top7_ind",2,17,FALSE,0.696094159995223,3.967,0.477138370775106
"new_top7_ind",2,18,TRUE,0.40823996531185,1.56,0.357683882096769
"new_top7_ind",2,19,FALSE,0.433001340945038,1.7102,0.437826505915935
"new_top7_ind",2,20,FALSE,0.653212513775344,3.5,0.462234584013086
"new_top7_ind",2,21,FALSE,0.558072259099146,2.6147,0.424624459538874
"new_top7_ind",2,22,FALSE,0.261928672990642,0.8278,0.31724649674567
"new_top7_ind",2,23,FALSE,0.862727528317975,6.29,0.656788334442848
"new_top7_ind",2,24,TRUE,0.637489729512511,3.34,0.502262618852866
"new_top7_ind",2,25,FALSE,0.504878459410216,2.198,0.401013465007614
"new_top7_ind",2,26,FALSE,0.286995073968852,0.9364,0.395359820451115
"new_top7_ind",2,27,TRUE,0.662757831681574,3.6,0.430055282050775
"new_top7_ind",2,28,FALSE,0.524525936626376,2.346,0.465102736108822
"new_top7_ind",2,29,TRUE,0.406540180433955,1.55,0.45254526573073
"new_top7_ind",2,30,FALSE,0.656098202012832,3.53,0.528080968727159
"new_top7_ind",2,31,FALSE,0.517987203025078,2.296,0.34099033205638
"new_top7_ind",2,32,FALSE,0.703119346236078,4.048,0.548807364095482
"new_top7_ind",2,33,FALSE,0.691081492122968,3.91,0.503092054986697
"new_top7_ind",2,34,FALSE,0.73319726510657,4.41,0.693965123594455
"new_top7_ind",2,35,FALSE,0.408070285887185,1.559,0.4367211715875
"new_top7_ind",2,36,FALSE,0.396024896608593,1.489,0.440133865599561
"new_top7_ind",2,37,FALSE,0.398391440229475,1.5026,0.461918869136856
"new_top7_ind",2,38,FALSE,0.770852011642144,4.9,0.60617584525528
"new_top7_ind",2,39,TRUE,0.15836249209525,0.44,0.360501500403845
"new_top7_ind",2,40,FALSE,0.625415352154408,3.221,0.489669915038745
"new_top7_ind",2,41,FALSE,0.496334505996816,2.1357,0.560199002354262
"new_top7_ind",2,42,FALSE,0.679427896612119,3.78,0.606631952267686
"new_top7_ind",2,43,FALSE,0.610116955411928,3.0749,0.542830309140009
"new_top7_ind",2,44,FALSE,0.645913275033844,3.425,0.454875687446272
"new_top7_ind",2,45,FALSE,0.465382851448418,1.92,0.433951449700726
"new_top7_ind",2,46,FALSE,0.569490954348783,2.711,0.526396994116247
"new_top7_ind",2,47,FALSE,0.187520720836463,0.54,0.260072230055117
"new_top7_ind",2,48,FALSE,0.465813957269479,1.9229,0.473337827586675
"new_top7_ind",2,49,FALSE,0.231214647962601,0.703,0.515461004089406
"new_top7_ind",2,50,FALSE,0.670802284260944,3.686,0.635707257041516
"new_top7_ind",2,51,FALSE,0.459935016851525,1.8836,0.518998447628862
"new_top7_ind",2,52,FALSE,0.287129620719111,0.937,0.443638026705977
"new_top7_ind",2,53,FALSE,0.6232492903979,3.2,0.565243147478409
"new_top7_ind",2,54,FALSE,0.8109042806687,5.47,0.625533944431944
"new_top7_ind",2,55,TRUE,0.354108439147401,1.26,0.40477313814671
"new_top7_ind",2,56,FALSE,0.129141845792285,0.3463,0.366708583568233
"new_top7_ind",2,57,FALSE,0.244969460136198,0.7578,0.394318716137301
"new_top7_ind",2,58,FALSE,0.364363354615731,1.314,0.388398536378506
"new_top7_ind",2,59,TRUE,0.334212409393176,1.1588,0.407925168603096
"new_top7_ind",2,60,FALSE,0.489677291663699,2.088,0.525363834534076
"new_top7_ind",2,61,FALSE,0.525304009958239,2.352,0.45865048889472
"new_top7_ind",2,62,TRUE,0.406540180433955,1.55,0.379712005693235
"new_top7_ind",2,63,FALSE,0.335457900689384,1.165,0.554982021870571
"new_top7_ind",2,64,FALSE,0.419873175149476,1.6295,0.53373195918634
"new_top7_ind",2,65,FALSE,0.397227181043161,1.4959,0.500745438256842
"new_top7_ind",2,66,TRUE,0.59659709562646,2.95,0.596127772183913
"new_top7_ind",2,67,FALSE,0.260071387985075,0.82,0.455553988842863
"new_top7_ind",2,68,FALSE,0.489466281303128,2.0865,0.560377594502252
"new_top7_ind",2,69,FALSE,0.544018407858776,2.4996,0.687616117432841
"new_top7_ind",2,70,TRUE,0.222976449893391,0.671,0.429927457591413
"new_top7_ind",2,71,FALSE,0.28397928423848,0.923,0.586943387504549
"new_top7_ind",2,72,FALSE,0.6652056284346,3.626,0.611022796696645
"new_top7_ind",2,73,FALSE,0.537819095073274,2.45,0.579805781135599
"new_top7_ind",2,74,FALSE,0.501059262217751,2.17,0.524034540817316
"new_top7_ind",2,75,FALSE,0.415699348887829,1.60435,0.444425609860168
"new_top7_ind",2,76,TRUE,0.298853076409707,0.99,0.413368192128482
"new_top7_ind",2,77,TRUE,0.289365951520032,0.947,0.379059653190793
"new_top7_ind",2,78,FALSE,0.497620649781288,2.145,0.340634016263571
"new_top7_ind",2,79,TRUE,0.778151250383644,5,0.50079097750504
"new_top7_ind",2,80,TRUE,0.260071387985075,0.82,0.388898988690919
"new_top7_ind",2,81,FALSE,0.367542273520577,1.331,0.496999808463971
"new_top7_ind",2,82,FALSE,0.534026106056135,2.42,0.477831343981144
"new_top7_ind",2,83,FALSE,0.287129620719111,0.937,0.324335852990722
"new_top7_ind",2,84,FALSE,0.469822015978163,1.95,0.367857634734168
"new_top7_ind",2,85,TRUE,0.399673721481038,1.51,0.318096650161496
"new_top7_ind",2,86,FALSE,0.307496037913213,1.03,0.264358832839671
"new_top7_ind",2,87,FALSE,0.247236549506764,0.767,0.402291965836009
"new_top7_ind",2,88,FALSE,0.6232492903979,3.2,0.442861655692942
"new_top7_ind",2,89,TRUE,0.429752280002408,1.69,0.471295350230615
"new_top7_ind",2,90,TRUE,0.566943971856554,2.6893,0.423691472724988
"new_top7_ind",2,91,FALSE,0.605951157564873,3.036,0.545379846823782
"new_top7_ind",2,92,FALSE,0.265996370495079,0.845,0.491267115956731
"new_top7_ind",2,93,FALSE,0.555215405126073,2.591,0.404392885964503
"new_top7_ind",2,94,FALSE,0.638489256954637,3.35,0.503178064705353
"new_top7_ind",2,95,FALSE,0.528145078253106,2.374,0.489768982585266
"new_top7_ind",2,96,FALSE,0.227552503379865,0.6887,0.499545225726335
"new_top7_ind",2,97,FALSE,0.430075055551939,1.692,0.514850214963035
"new_top7_ind",2,98,FALSE,0.184549481320698,0.5295,0.328371149438807
"new_top7_ind",2,99,FALSE,0.472537053262077,1.9685,0.52040227833535
"new_top7_ind",2,100,FALSE,0.60616631460762,3.038,0.513042631536634
"new_top7_ind",2,101,FALSE,0.685553652846326,3.8479,0.570431331214535
"new_top7_ind",2,102,TRUE,0.296665190261531,0.98,0.498369140116808
"new_top7_ind",2,103,FALSE,0.491361693834273,2.1,0.528181707533772
"new_top7_ind",2,104,FALSE,0.513217600067939,2.26,0.432340973388911
"new_top7_ind",2,105,TRUE,0.64738297011462,3.44,0.411143892303669
"new_top7_ind",2,106,FALSE,0.491361693834273,2.1,0.515331554159925
"new_top7_ind",2,107,FALSE,0.406028944963615,1.547,0.383007920827766
"new_top7_ind",2,108,FALSE,0.752025387323213,4.6497,0.510793567093137
"new_top7_ind",2,109,TRUE,0.6414741105041,3.38,0.493528642590489
"new_top7_ind",2,110,FALSE,0.416307587059883,1.608,0.537787908027745
"new_top7_ind",2,111,FALSE,0.966610986681934,8.26,0.791938661920867
"new_top7_ind",2,112,FALSE,0.188647295999717,0.544,0.32717654997293
"new_top7_ind",2,113,FALSE,0.708335902682263,4.109,0.521569259424347
"new_top7_ind",2,114,FALSE,0.685741738602264,3.85,0.876871912869233
"new_top7_ind",2,115,FALSE,0.559308010907013,2.625,0.461463079690666
"new_top7_ind",2,116,FALSE,0.355259905527378,1.266,0.445840380561376
"new_top7_ind",2,117,FALSE,0.187520720836463,0.54,0.346185930389658
"new_top7_ind",2,118,TRUE,0.569373909615046,2.71,0.431273495423522
"new_top7_ind",2,119,FALSE,0.572523097849638,2.737,0.597892308165837
"new_top7_ind",2,120,FALSE,0.538070787043172,2.452,0.533883916936629
"new_top7_ind",2,121,FALSE,0.374748346010104,1.37,0.365415477199764
"new_top7_ind",2,122,FALSE,0.294686624279443,0.971,0.338929280090449
"new_top7_ind",2,123,FALSE,0.432969290874406,1.71,0.436318806087911
"new_top7_ind",2,124,TRUE,0.320146286111054,1.09,0.547722852056089
"new_top7_ind",2,125,FALSE,0.574262829707027,2.752,0.439448046844773
"new_top7_ind",2,126,FALSE,0.610234175334389,3.076,0.608306503864271
"new_top7_ind",2,127,FALSE,0.173186268412274,0.49,0.213030981494033
"new_top7_ind",2,128,FALSE,0.314499227973151,1.063,0.411371917285317
"new_top7_ind",2,129,FALSE,0.753330221324521,4.6667,0.499522822662011
"new_top7_ind",2,130,FALSE,0.338456493604605,1.18,0.513475006639459
"new_top7_ind",2,131,TRUE,0.0253058652647703,0.06,0.355326807757485
"new_top7_ind",2,132,FALSE,0.21045229296202,0.6235,0.398044767758418
"new_top7_ind",2,133,FALSE,0.440121603187804,1.755,0.524436206911857
"new_top7_ind",2,134,TRUE,0.181872159010334,0.5201,0.466103924842957
"new_top7_ind",2,135,FALSE,0.761326322421457,4.772,0.621301103645832
"new_top7_ind",2,136,FALSE,0.662757831681574,3.6,0.409392158901423
"new_top7_ind",2,137,FALSE,0.409425868671443,1.567,0.46481177011395
"new_top7_ind",2,138,FALSE,0.387389826338729,1.44,0.302261957609144
"new_top7_ind",2,139,FALSE,0.256236533205923,0.804,0.400371041879231
"new_top7_ind",2,140,FALSE,0.381656482585787,1.408,0.401355619670284
"new_top7_ind",2,141,FALSE,0.43568513794163,1.727,0.460274097506494
"new_top7_ind",2,142,FALSE,0.190331698170291,0.55,0.421023044618093
"new_top7_ind",2,143,FALSE,0.208978517276253,0.618,0.429365237320403
"new_top7_ind",2,144,TRUE,0.506505032404872,2.21,0.454943770469288
"new_top7_ind",2,145,FALSE,0.390935107103379,1.46,0.406927189746827
"new_top7_ind",2,146,FALSE,0.442479769064449,1.77,0.458501298741587
"new_top7_ind",2,147,FALSE,0.417139409727326,1.613,0.481027879576659
"new_top7_ind",2,148,FALSE,0.260071387985075,0.82,0.402979201517258
"new_top7_ind",2,149,TRUE,0.308777773664721,1.036,0.409523085127297
"new_top7_ind",2,150,FALSE,0.583198773968623,2.83,0.497677677833647
"new_top7_ind",2,151,TRUE,0.456062224454951,1.858,0.430309503645882
"new_top7_ind",2,152,FALSE,0.370698092575577,1.348,0.503389720107805
"new_top7_ind",2,153,FALSE,0.639486489268586,3.36,0.637167046705916
"new_top7_ind",2,154,TRUE,0.590284403718162,2.893,0.483118154821881
"new_top7_ind",2,155,FALSE,0.618215503279417,3.1516,0.532933173956477
"new_top7_ind",2,156,FALSE,0.224533062606086,0.677,0.498247224104037
"new_top7_ind",2,157,FALSE,0.234010817587179,0.714,0.262381643870309
"new_top7_ind",2,158,FALSE,0.595826777073223,2.943,0.443239378085229
"new_top7_ind",2,159,TRUE,0.612783856719735,3.1,0.513387708091851
"new_top7_ind",2,160,FALSE,0.581266805273671,2.813,0.565431539150101
"new_top7_ind",2,161,FALSE,0.588383768378728,2.876,0.575509705482089
"new_top7_ind",2,162,FALSE,0.108226656374928,0.283,0.453775981836212
"new_top7_ind",2,163,TRUE,0.381115080709851,1.405,0.449648360001271
"new_top7_ind",2,164,FALSE,0.255272505103306,0.8,0.500104931943774
"new_top7_ind",2,165,FALSE,0.680879174426811,3.796,0.499950730316523
"new_top7_ind",2,166,FALSE,0.564784384503987,2.671,0.513670160606642
"new_top7_ind",2,167,TRUE,0.526339277389844,2.36,0.340787101284199
"new_top7_ind",2,168,FALSE,0.294466226161593,0.97,0.428838751961053
"new_top7_ind",2,169,FALSE,0.612783856719735,3.1,0.456065917864001
"new_top7_ind",2,170,FALSE,0.5182506513085,2.298,0.545250094337875
"new_top7_ind",2,171,FALSE,0.442949869577862,1.773,0.387863908281537
"new_top7_ind",2,172,FALSE,0.505149978319906,2.2,0.46737327521082
"new_top7_ind",2,173,FALSE,0.305995882770805,1.023,0.431136010348059
"new_top7_ind",2,174,TRUE,0.612783856719735,3.1,0.479504405230739
"new_top7_ind",2,175,TRUE,0.204119982655925,0.6,0.397589309499804
"new_top7_ind",2,176,FALSE,0.677333151419902,3.757,0.408180557716516
"new_top7_ind",2,177,FALSE,0.345961541813141,1.218,0.439203557860237
"new_top7_ind",2,178,FALSE,0.361160995195026,1.297,0.43530496893564
"new_top7_ind",2,179,TRUE,0.127104798364808,0.34,0.300929599630717
"new_top7_ind",2,180,FALSE,0.514547752660286,2.27,0.331218328999798
"new_top7_ind",2,181,FALSE,0.362350507594848,1.3033,0.485942934296196
"new_top7_ind",2,182,FALSE,0.662757831681574,3.6,0.463814876638038
"new_top7_ind",2,183,FALSE,0.313867220369153,1.06,0.433787878782736
"new_top7_ind",2,184,FALSE,0.839666556882433,5.913,0.46685373789654
"new_top7_ind",2,185,FALSE,0.16999753706657,0.4791,0.371842291253618
"new_top7_ind",2,186,FALSE,0.129367595722986,0.347,0.0605153820725119
"new_top7_ind",2,187,FALSE,0.36078268987328,1.295,0.343470487358062
"new_top7_ind",2,188,FALSE,0.429106008332697,1.686,0.475562925904503
"new_top7_ind",2,189,FALSE,0.702602841340427,4.042,0.570383359044132
"new_top7_ind",2,190,FALSE,0.571708831808688,2.73,0.433481960543403
"new_top7_ind",2,191,FALSE,0.343920385393226,1.2076,0.286918713362689
"new_top7_ind",2,192,FALSE,0.695131297704026,3.956,0.478652733310364
"new_top7_ind",2,193,FALSE,0.629409599102719,3.26,0.52859013981465
"new_top7_ind",2,194,FALSE,0.414973347970818,1.6,0.387456776471449
"new_top7_ind",2,195,FALSE,0.276231957921834,0.889,0.388094776248312
"new_top7_ind",2,196,FALSE,0.531478917042255,2.4,0.518589953914865
"new_top7_ind",2,197,FALSE,0.236789099409293,0.725,0.378877905352394
"new_top7_ind",2,198,FALSE,0.756407872548958,4.707,0.790365727020978
"new_top7_ind",2,199,FALSE,0.718750734739665,4.233,0.585450334869093
"new_top7_ind",2,200,FALSE,0.515211304327802,2.275,0.42513555293927
"new_top7_ind",2,201,TRUE,0.3654879848909,1.32,0.392401604572115
"new_top7_ind",2,202,TRUE,0.344392273685111,1.21,0.412338388487962
"new_top7_ind",2,203,FALSE,0.196728722623287,0.573,0.444540466796598
"new_top7_ind",2,204,FALSE,0.392696953259666,1.47,0.484998993488722
"new_top7_ind",2,205,FALSE,0.365394376854778,1.3195,0.449734860122915
"new_top7_ind",2,206,TRUE,0.389166084364532,1.45,0.409338219692204
"new_top7_ind",2,207,FALSE,0.653212513775344,3.5,0.486676110740025
"new_top7_ind",2,208,FALSE,0.440594261839831,1.758,0.38020963951405
"new_top7_ind",2,209,TRUE,0.202215775801131,0.593,0.45706201814445
"new_top7_ind",2,210,FALSE,0.48572142648158,2.06,0.389771829647149
"new_top7_ind",2,211,FALSE,0.244277120801843,0.755,0.465091454166869
"new_top7_ind",2,212,FALSE,0.372727940885595,1.359,0.454316137261031
"new_top7_ind",2,213,FALSE,0.52244423350632,2.33,0.477421934476303
"new_top7_ind",2,214,FALSE,0.257678574869184,0.81,0.382226207480697
"new_top7_ind",2,215,FALSE,0.384353414137506,1.423,0.547460393414364
"new_top7_ind",2,216,FALSE,0.335858911319818,1.167,0.493589727534852
"new_top7_ind",2,217,FALSE,0.555094448578319,2.59,0.556597514371774
"new_top7_ind",2,218,FALSE,0.271841606536499,0.87,0.526299426437729
"new_top7_ind",2,219,FALSE,0.471291711058939,1.96,0.480038371432106
"new_top7_ind",2,220,TRUE,0.294906910605192,0.972,0.429991385465668
"new_top7_ind",2,221,FALSE,0.655138434811382,3.52,0.590504694845169
"new_top7_ind",2,222,FALSE,0.528916700277655,2.38,0.510861678607265
"new_top7_ind",2,223,TRUE,0.237040791379191,0.726,0.480632909414143
"new_top7_ind",2,224,FALSE,0.777426822389311,4.99,0.520506732890494
"new_top7_ind",2,225,TRUE,0.191730393362856,0.555,0.454053802284074
"new_top7_ind",2,226,FALSE,0.239549720840473,0.736,0.454712617210369
"new_top7_ind",2,227,TRUE,0.582404298019028,2.823,0.522863787689194
"new_top7_ind",2,228,TRUE,0.569373909615046,2.71,0.340944894382791
"new_top7_ind",2,229,FALSE,0.334252642334231,1.159,0.402865656316757
"new_top7_ind",2,230,FALSE,0.406369835469268,1.549,0.464983004551353
"new_top7_ind",2,231,FALSE,0.216165902285993,0.645,0.552245985046102
"new_top7_ind",2,232,FALSE,0.0597526942092988,0.1475,0.311770513895573
"new_top7_ind",2,233,TRUE,0.472463896606989,1.968,0.475132384811651
"new_top7_ind",2,234,FALSE,0.666985718329661,3.645,0.435950930843903
"new_top7_ind",2,235,FALSE,0.65417654187796,3.51,0.522569868548206
"new_top7_ind",2,236,FALSE,0.259593878885949,0.818,0.477824327401714
"new_top7_ind",2,237,FALSE,0.527114111639805,2.366,0.594550268760762
"new_top7_ind",2,238,TRUE,0.367169488534681,1.329,0.369573246914886
"new_top7_ind",2,239,TRUE,0.19228861256812,0.557,0.34118768277579
"new_top7_ind",2,240,FALSE,0.478566495593843,2.01,0.308948836287044
"new_top7_ind",2,241,FALSE,0.253580289562183,0.793,0.38526941076194
"new_top7_ind",2,242,FALSE,0.27554168840131,0.886,0.350784939083883
"new_top7_ind",2,243,FALSE,0.532627001228891,2.409,0.410616798805621
"new_top7_ind",2,244,TRUE,0.542451947375977,2.487,0.401786130449135
"new_top7_ind",2,245,FALSE,0.381836799998343,1.409,0.412567524627409
"new_top7_ind",2,246,TRUE,0.511616020569138,2.248,0.551524288872224
"new_top7_ind",2,247,FALSE,0.476831628512261,1.998,0.573723302011881
"new_top7_ind",2,248,FALSE,0.301029995663981,1,0.507996549023076
"new_top7_ind",2,249,FALSE,0.325823419002744,1.1175,0.360229012972735
"new_top7_ind",2,250,FALSE,0.586024382386976,2.855,0.502130069152926
"new_top7_ind",2,251,FALSE,0.218535505216528,0.654,0.242609921593306
"new_top7_ind",2,252,FALSE,0.0480531731156091,0.117,0.187634602194175
"new_top7_ind",2,253,FALSE,0.378397900948138,1.39,0.540582299429719
"new_top7_ind",2,254,FALSE,0.595275711802099,2.938,0.333713217467849
"new_top7_ind",2,255,FALSE,0.398807730203264,1.505,0.465870744813518
"new_top7_ind",2,256,TRUE,0.161368002234975,0.45,0.31837066257048
"new_top7_ind",2,257,FALSE,0.456214155357989,1.859,0.345163638103772
"new_top7_ind",2,258,FALSE,0.641126932803509,3.3765,0.463233996573469
"new_top7_ind",2,259,FALSE,0.54020429984206,2.469,0.348347136477665
"new_top7_ind",2,260,FALSE,0.0328201494385639,0.0785,0.072603541767692
"new_top7_ind",2,261,FALSE,0.434888120867316,1.722,0.527146136586399
"new_top7_ind",2,262,FALSE,0.332034277027518,1.148,0.336533656873318
"new_top7_ind",2,263,FALSE,0.391816923613249,1.465,0.602318396592264
"new_top7_ind",2,264,TRUE,0.347427598618541,1.2255,0.440662110166986
"new_top7_ind",2,265,FALSE,0.352182518111362,1.25,0.322878027272655
"new_top7_ind",2,266,TRUE,0.154119525515847,0.426,0.187410192232078
"new_top7_ind",2,267,FALSE,0.591398551281249,2.903,0.398547429804619
"new_top7_ind",2,268,TRUE,0.315970345456918,1.07,0.403376898498073
"new_top7_ind",2,269,FALSE,0.470410490975931,1.954,0.447288550533241
"new_top7_ind",2,270,FALSE,0.826074802700826,5.7,0.831704131749427
"new_top7_ind",2,271,TRUE,0.273232834043046,0.876,0.544660123904552
"new_top7_ind",2,272,FALSE,0.234264124378789,0.715,0.367208992288731
"new_top7_ind",2,273,FALSE,0.504878459410216,2.198,0.411458728373811
"new_top7_ind",2,274,FALSE,0.582744965691277,2.826,0.352238264303564
"new_top7_ind",2,275,FALSE,0.542327382773974,2.486,0.451211003892564
"new_top7_ind",2,276,FALSE,0.657055852857104,3.54,0.443876294139292
"new_top7_ind",2,277,FALSE,0.328379603438738,1.13,0.390164529182515
"new_top7_ind",2,278,FALSE,0.4679039465228,1.937,0.235193543717225
"new_top7_ind",2,279,FALSE,0.331427296520743,1.145,0.451500102916824
"new_top7_ind",2,280,FALSE,0.352664799651101,1.2525,0.478883062263362
"new_top7_ind",2,281,FALSE,0.437116093048079,1.736,0.295265649766022
"new_top7_ind",2,282,FALSE,0.325043347403704,1.1137,0.341788582092101
"new_top7_ind",2,283,FALSE,0.775319121829478,4.961,0.483237995120817
"new_top7_ind",2,284,FALSE,0.526442668529935,2.3608,0.4306261723854
"new_top7_ind",2,285,FALSE,0.682145076373832,3.81,0.585831833508085
"new_top7_ind",2,286,FALSE,0.425534220498263,1.664,0.48067065463185
"new_top7_ind",2,287,FALSE,0.659726095237792,3.568,0.482645154976165
"new_top7_ind",2,288,FALSE,0.672097857935718,3.7,0.399770833707117
"new_top7_ind",2,289,FALSE,0.534026106056135,2.42,0.438305280971247
"new_top7_ind",2,290,FALSE,0.615950051656401,3.13,0.545074326799945
"new_top7_ind",2,291,TRUE,0.262451089730429,0.83,0.394491155878379
"new_top7_ind",3,1,TRUE,0.482873583608754,2.04,0.269793351703118
"new_top7_ind",3,2,TRUE,0.496929648073215,2.14,0.487397543548408
"new_top7_ind",3,3,TRUE,0.623042434246382,3.198,0.469439348985736
"new_top7_ind",3,4,TRUE,0.523746466811564,2.34,0.519199784917851
"new_top7_ind",3,5,TRUE,0.47567118832443,1.99,0.403630624739062
"new_top7_ind",3,6,TRUE,0.0681858617461616,0.17,0.349568746780217
"new_top7_ind",3,7,FALSE,0.469674772551798,1.949,0.370783782052141
"new_top7_ind",3,8,FALSE,0.387389826338729,1.44,0.461309198951518
"new_top7_ind",3,9,FALSE,0.627365856592733,3.24,0.414301624998474
"new_top7_ind",3,10,FALSE,0.591064607026499,2.9,0.429899532600801
"new_top7_ind",3,11,FALSE,0.218220304175545,0.6528,0.264037198750536
"new_top7_ind",3,12,TRUE,0.680335513414563,3.79,0.485678143109033
"new_top7_ind",3,13,TRUE,0.680607428991788,3.793,0.430644917073516
"new_top7_ind",3,14,FALSE,0.721810615212547,4.27,0.564276505000038
"new_top7_ind",3,15,TRUE,0.20682587603185,0.61,0.338062816225192
"new_top7_ind",3,16,TRUE,0.582063362911709,2.82,0.3616999434694
"new_top7_ind",3,17,FALSE,0.696094159995223,3.967,0.476917704162424
"new_top7_ind",3,18,TRUE,0.40823996531185,1.56,0.361153127310854
"new_top7_ind",3,19,FALSE,0.433001340945038,1.7102,0.436868348318105
"new_top7_ind",3,20,FALSE,0.653212513775344,3.5,0.468153246054987
"new_top7_ind",3,21,FALSE,0.558072259099146,2.6147,0.403961385954731
"new_top7_ind",3,22,FALSE,0.261928672990642,0.8278,0.236561715144237
"new_top7_ind",3,23,FALSE,0.862727528317975,6.29,0.601417711870342
"new_top7_ind",3,24,TRUE,0.637489729512511,3.34,0.516960920654962
"new_top7_ind",3,25,FALSE,0.504878459410216,2.198,0.399720372368915
"new_top7_ind",3,26,FALSE,0.286995073968852,0.9364,0.399608621152979
"new_top7_ind",3,27,TRUE,0.662757831681574,3.6,0.412744191841299
"new_top7_ind",3,28,FALSE,0.524525936626376,2.346,0.444682076886864
"new_top7_ind",3,29,TRUE,0.406540180433955,1.55,0.464106319800737
"new_top7_ind",3,30,FALSE,0.656098202012832,3.53,0.54438531171706
"new_top7_ind",3,31,FALSE,0.517987203025078,2.296,0.385670098278152
"new_top7_ind",3,32,FALSE,0.703119346236078,4.048,0.562796653431486
"new_top7_ind",3,33,FALSE,0.691081492122968,3.91,0.515476521608872
"new_top7_ind",3,34,FALSE,0.73319726510657,4.41,0.671777569248601
"new_top7_ind",3,35,FALSE,0.408070285887185,1.559,0.408808014371254
"new_top7_ind",3,36,FALSE,0.396024896608593,1.489,0.456541387910751
"new_top7_ind",3,37,FALSE,0.398391440229475,1.5026,0.464726103196025
"new_top7_ind",3,38,FALSE,0.770852011642144,4.9,0.589130958132904
"new_top7_ind",3,39,TRUE,0.15836249209525,0.44,0.341172699980239
"new_top7_ind",3,40,FALSE,0.625415352154408,3.221,0.486050628445513
"new_top7_ind",3,41,FALSE,0.496334505996816,2.1357,0.507988548777553
"new_top7_ind",3,42,FALSE,0.679427896612119,3.78,0.565220041242148
"new_top7_ind",3,43,FALSE,0.610116955411928,3.0749,0.519303878051566
"new_top7_ind",3,44,FALSE,0.645913275033844,3.425,0.412312118955817
"new_top7_ind",3,45,FALSE,0.465382851448418,1.92,0.439562570098803
"new_top7_ind",3,46,FALSE,0.569490954348783,2.711,0.563869585764789
"new_top7_ind",3,47,FALSE,0.187520720836463,0.54,0.276119362091618
"new_top7_ind",3,48,FALSE,0.465813957269479,1.9229,0.47308635832235
"new_top7_ind",3,49,FALSE,0.231214647962601,0.703,0.542903118458763
"new_top7_ind",3,50,FALSE,0.670802284260944,3.686,0.637054256685536
"new_top7_ind",3,51,FALSE,0.459935016851525,1.8836,0.514074769678157
"new_top7_ind",3,52,FALSE,0.287129620719111,0.937,0.399049535456406
"new_top7_ind",3,53,FALSE,0.6232492903979,3.2,0.571236354813723
"new_top7_ind",3,54,FALSE,0.8109042806687,5.47,0.651927440030752
"new_top7_ind",3,55,TRUE,0.354108439147401,1.26,0.398815074382336
"new_top7_ind",3,56,FALSE,0.129141845792285,0.3463,0.392984879060807
"new_top7_ind",3,57,FALSE,0.244969460136198,0.7578,0.417416485612077
"new_top7_ind",3,58,FALSE,0.364363354615731,1.314,0.38565357808661
"new_top7_ind",3,59,TRUE,0.334212409393176,1.1588,0.433046689554665
"new_top7_ind",3,60,FALSE,0.489677291663699,2.088,0.512631496334511
"new_top7_ind",3,61,FALSE,0.525304009958239,2.352,0.465868187506354
"new_top7_ind",3,62,TRUE,0.406540180433955,1.55,0.388546788771062
"new_top7_ind",3,63,FALSE,0.335457900689384,1.165,0.54352287200964
"new_top7_ind",3,64,FALSE,0.419873175149476,1.6295,0.559746605187467
"new_top7_ind",3,65,FALSE,0.397227181043161,1.4959,0.514830579943411
"new_top7_ind",3,66,TRUE,0.59659709562646,2.95,0.582472196194941
"new_top7_ind",3,67,FALSE,0.260071387985075,0.82,0.445758455143562
"new_top7_ind",3,68,FALSE,0.489466281303128,2.0865,0.544256361196126
"new_top7_ind",3,69,FALSE,0.544018407858776,2.4996,0.692526844219808
"new_top7_ind",3,70,TRUE,0.222976449893391,0.671,0.42687159194956
"new_top7_ind",3,71,FALSE,0.28397928423848,0.923,0.600209011730174
"new_top7_ind",3,72,FALSE,0.6652056284346,3.626,0.578568969479513
"new_top7_ind",3,73,FALSE,0.537819095073274,2.45,0.55464143593166
"new_top7_ind",3,74,FALSE,0.501059262217751,2.17,0.521527070189559
"new_top7_ind",3,75,FALSE,0.415699348887829,1.60435,0.463809183599053
"new_top7_ind",3,76,TRUE,0.298853076409707,0.99,0.44415141896055
"new_top7_ind",3,77,TRUE,0.289365951520032,0.947,0.374228461757158
"new_top7_ind",3,78,FALSE,0.497620649781288,2.145,0.335418683350263
"new_top7_ind",3,79,TRUE,0.778151250383644,5,0.471680113438649
"new_top7_ind",3,80,TRUE,0.260071387985075,0.82,0.356119502047524
"new_top7_ind",3,81,FALSE,0.367542273520577,1.331,0.482769603874492
"new_top7_ind",3,82,FALSE,0.534026106056135,2.42,0.474675718256525
"new_top7_ind",3,83,FALSE,0.287129620719111,0.937,0.323090327578634
"new_top7_ind",3,84,FALSE,0.469822015978163,1.95,0.414229451491313
"new_top7_ind",3,85,TRUE,0.399673721481038,1.51,0.369378263002639
"new_top7_ind",3,86,FALSE,0.307496037913213,1.03,0.251886382100944
"new_top7_ind",3,87,FALSE,0.247236549506764,0.767,0.374615060933535
"new_top7_ind",3,88,FALSE,0.6232492903979,3.2,0.432252258410832
"new_top7_ind",3,89,TRUE,0.429752280002408,1.69,0.454344339376991
"new_top7_ind",3,90,TRUE,0.566943971856554,2.6893,0.42128028561684
"new_top7_ind",3,91,FALSE,0.605951157564873,3.036,0.560022681585981
"new_top7_ind",3,92,FALSE,0.265996370495079,0.845,0.508704890616374
"new_top7_ind",3,93,FALSE,0.555215405126073,2.591,0.377928390590694
"new_top7_ind",3,94,FALSE,0.638489256954637,3.35,0.482797387756178
"new_top7_ind",3,95,FALSE,0.528145078253106,2.374,0.543549492707912
"new_top7_ind",3,96,FALSE,0.227552503379865,0.6887,0.504074398222046
"new_top7_ind",3,97,FALSE,0.430075055551939,1.692,0.541586295193288
"new_top7_ind",3,98,FALSE,0.184549481320698,0.5295,0.351157277445786
"new_top7_ind",3,99,FALSE,0.472537053262077,1.9685,0.500351493465012
"new_top7_ind",3,100,FALSE,0.60616631460762,3.038,0.526817506810592
"new_top7_ind",3,101,FALSE,0.685553652846326,3.8479,0.598071418746047
"new_top7_ind",3,102,TRUE,0.296665190261531,0.98,0.521997069950489
"new_top7_ind",3,103,FALSE,0.491361693834273,2.1,0.568630591202831
"new_top7_ind",3,104,FALSE,0.513217600067939,2.26,0.425200759019092
"new_top7_ind",3,105,TRUE,0.64738297011462,3.44,0.39956820901423
"new_top7_ind",3,106,FALSE,0.491361693834273,2.1,0.536775898699197
"new_top7_ind",3,107,FALSE,0.406028944963615,1.547,0.418053712790894
"new_top7_ind",3,108,FALSE,0.752025387323213,4.6497,0.505242463905258
"new_top7_ind",3,109,TRUE,0.6414741105041,3.38,0.482509385814534
"new_top7_ind",3,110,FALSE,0.416307587059883,1.608,0.52318629455882
"new_top7_ind",3,111,FALSE,0.966610986681934,8.26,0.728581253948731
"new_top7_ind",3,112,FALSE,0.188647295999717,0.544,0.293096069136374
"new_top7_ind",3,113,FALSE,0.708335902682263,4.109,0.495721509994723
"new_top7_ind",3,114,FALSE,0.685741738602264,3.85,0.842521828850554
"new_top7_ind",3,115,FALSE,0.559308010907013,2.625,0.453856791965298
"new_top7_ind",3,116,FALSE,0.355259905527378,1.266,0.430635257427002
"new_top7_ind",3,117,FALSE,0.187520720836463,0.54,0.344523826213931
"new_top7_ind",3,118,TRUE,0.569373909615046,2.71,0.445404755474639
"new_top7_ind",3,119,FALSE,0.572523097849638,2.737,0.515555888385569
"new_top7_ind",3,120,FALSE,0.538070787043172,2.452,0.530074454627356
"new_top7_ind",3,121,FALSE,0.374748346010104,1.37,0.404643611085286
"new_top7_ind",3,122,FALSE,0.294686624279443,0.971,0.314100935850948
"new_top7_ind",3,123,FALSE,0.432969290874406,1.71,0.440889431496182
"new_top7_ind",3,124,TRUE,0.320146286111054,1.09,0.538543622803256
"new_top7_ind",3,125,FALSE,0.574262829707027,2.752,0.467301783133774
"new_top7_ind",3,126,FALSE,0.610234175334389,3.076,0.594211297381723
"new_top7_ind",3,127,FALSE,0.173186268412274,0.49,0.215124343378947
"new_top7_ind",3,128,FALSE,0.314499227973151,1.063,0.422849139370323
"new_top7_ind",3,129,FALSE,0.753330221324521,4.6667,0.508264309514359
"new_top7_ind",3,130,FALSE,0.338456493604605,1.18,0.478286420426692
"new_top7_ind",3,131,TRUE,0.0253058652647703,0.06,0.339745819819479
"new_top7_ind",3,132,FALSE,0.21045229296202,0.6235,0.285045255065547
"new_top7_ind",3,133,FALSE,0.440121603187804,1.755,0.48541663818705
"new_top7_ind",3,134,TRUE,0.181872159010334,0.5201,0.473114206517781
"new_top7_ind",3,135,FALSE,0.761326322421457,4.772,0.609583122733568
"new_top7_ind",3,136,FALSE,0.662757831681574,3.6,0.394293108594797
"new_top7_ind",3,137,FALSE,0.409425868671443,1.567,0.458108180131325
"new_top7_ind",3,138,FALSE,0.387389826338729,1.44,0.341256250210408
"new_top7_ind",3,139,FALSE,0.256236533205923,0.804,0.460926028061009
"new_top7_ind",3,140,FALSE,0.381656482585787,1.408,0.39432126256423
"new_top7_ind",3,141,FALSE,0.43568513794163,1.727,0.449890718549461
"new_top7_ind",3,142,FALSE,0.190331698170291,0.55,0.453380424029813
"new_top7_ind",3,143,FALSE,0.208978517276253,0.618,0.453129467573806
"new_top7_ind",3,144,TRUE,0.506505032404872,2.21,0.446336202753337
"new_top7_ind",3,145,FALSE,0.390935107103379,1.46,0.440513437012749
"new_top7_ind",3,146,FALSE,0.442479769064449,1.77,0.501937950407001
"new_top7_ind",3,147,FALSE,0.417139409727326,1.613,0.419647705983597
"new_top7_ind",3,148,FALSE,0.260071387985075,0.82,0.351143593303489
"new_top7_ind",3,149,TRUE,0.308777773664721,1.036,0.428812735378554
"new_top7_ind",3,150,FALSE,0.583198773968623,2.83,0.476962597267724
"new_top7_ind",3,151,TRUE,0.456062224454951,1.858,0.407057362273891
"new_top7_ind",3,152,FALSE,0.370698092575577,1.348,0.433489961904535
"new_top7_ind",3,153,FALSE,0.639486489268586,3.36,0.630785347905736
"new_top7_ind",3,154,TRUE,0.590284403718162,2.893,0.465833565582667
"new_top7_ind",3,155,FALSE,0.618215503279417,3.1516,0.544441289118485
"new_top7_ind",3,156,FALSE,0.224533062606086,0.677,0.45569199717421
"new_top7_ind",3,157,FALSE,0.234010817587179,0.714,0.270921768750835
"new_top7_ind",3,158,FALSE,0.595826777073223,2.943,0.418848939175586
"new_top7_ind",3,159,TRUE,0.612783856719735,3.1,0.51697148022074
"new_top7_ind",3,160,FALSE,0.581266805273671,2.813,0.545563223338539
"new_top7_ind",3,161,FALSE,0.588383768378728,2.876,0.558232262628346
"new_top7_ind",3,162,FALSE,0.108226656374928,0.283,0.399953381938554
"new_top7_ind",3,163,TRUE,0.381115080709851,1.405,0.426647250999383
"new_top7_ind",3,164,FALSE,0.255272505103306,0.8,0.55758025509397
"new_top7_ind",3,165,FALSE,0.680879174426811,3.796,0.485558755407399
"new_top7_ind",3,166,FALSE,0.564784384503987,2.671,0.4777071955763
"new_top7_ind",3,167,TRUE,0.526339277389844,2.36,0.35584053488652
"new_top7_ind",3,168,FALSE,0.294466226161593,0.97,0.422918605563233
"new_top7_ind",3,169,FALSE,0.612783856719735,3.1,0.460944906510027
"new_top7_ind",3,170,FALSE,0.5182506513085,2.298,0.567756303519595
"new_top7_ind",3,171,FALSE,0.442949869577862,1.773,0.43109120746214
"new_top7_ind",3,172,FALSE,0.505149978319906,2.2,0.467714599282185
"new_top7_ind",3,173,FALSE,0.305995882770805,1.023,0.41671621801308
"new_top7_ind",3,174,TRUE,0.612783856719735,3.1,0.493192768065259
"new_top7_ind",3,175,TRUE,0.204119982655925,0.6,0.42869347204034
"new_top7_ind",3,176,FALSE,0.677333151419902,3.757,0.521798720239569
"new_top7_ind",3,177,FALSE,0.345961541813141,1.218,0.543735064016938
"new_top7_ind",3,178,FALSE,0.361160995195026,1.297,0.480722768284656
"new_top7_ind",3,179,TRUE,0.127104798364808,0.34,0.284818409433383
"new_top7_ind",3,180,FALSE,0.514547752660286,2.27,0.328369854492458
"new_top7_ind",3,181,FALSE,0.362350507594848,1.3033,0.486122947521468
"new_top7_ind",3,182,FALSE,0.662757831681574,3.6,0.458957395900356
"new_top7_ind",3,183,FALSE,0.313867220369153,1.06,0.439888941171236
"new_top7_ind",3,184,FALSE,0.839666556882433,5.913,0.503711034147039
"new_top7_ind",3,185,FALSE,0.16999753706657,0.4791,0.391913123663671
"new_top7_ind",3,186,FALSE,0.129367595722986,0.347,0.0226262985988952
"new_top7_ind",3,187,FALSE,0.36078268987328,1.295,0.349024450811103
"new_top7_ind",3,188,FALSE,0.429106008332697,1.686,0.463575042889251
"new_top7_ind",3,189,FALSE,0.702602841340427,4.042,0.593895560143032
"new_top7_ind",3,190,FALSE,0.571708831808688,2.73,0.435710324392494
"new_top7_ind",3,191,FALSE,0.343920385393226,1.2076,0.279282143107201
"new_top7_ind",3,192,FALSE,0.695131297704026,3.956,0.519308706759381
"new_top7_ind",3,193,FALSE,0.629409599102719,3.26,0.522198605782503
"new_top7_ind",3,194,FALSE,0.414973347970818,1.6,0.39447651357351
"new_top7_ind",3,195,FALSE,0.276231957921834,0.889,0.374041686091575
"new_top7_ind",3,196,FALSE,0.531478917042255,2.4,0.515452147202833
"new_top7_ind",3,197,FALSE,0.236789099409293,0.725,0.361518752128748
"new_top7_ind",3,198,FALSE,0.756407872548958,4.707,0.71425712023075
"new_top7_ind",3,199,FALSE,0.718750734739665,4.233,0.558714564247612
"new_top7_ind",3,200,FALSE,0.515211304327802,2.275,0.430202046620071
"new_top7_ind",3,201,TRUE,0.3654879848909,1.32,0.412520748542595
"new_top7_ind",3,202,TRUE,0.344392273685111,1.21,0.414735637862795
"new_top7_ind",3,203,FALSE,0.196728722623287,0.573,0.477314536723398
"new_top7_ind",3,204,FALSE,0.392696953259666,1.47,0.361612519852732
"new_top7_ind",3,205,FALSE,0.365394376854778,1.3195,0.491271922387839
"new_top7_ind",3,206,TRUE,0.389166084364532,1.45,0.406614134543348
"new_top7_ind",3,207,FALSE,0.653212513775344,3.5,0.477519191303396
"new_top7_ind",3,208,FALSE,0.440594261839831,1.758,0.38827322318338
"new_top7_ind",3,209,TRUE,0.202215775801131,0.593,0.456007726310337
"new_top7_ind",3,210,FALSE,0.48572142648158,2.06,0.389105526854136
"new_top7_ind",3,211,FALSE,0.244277120801843,0.755,0.480408276908152
"new_top7_ind",3,212,FALSE,0.372727940885595,1.359,0.454199723385226
"new_top7_ind",3,213,FALSE,0.52244423350632,2.33,0.485662821835385
"new_top7_ind",3,214,FALSE,0.257678574869184,0.81,0.381435010208003
"new_top7_ind",3,215,FALSE,0.384353414137506,1.423,0.536308472383946
"new_top7_ind",3,216,FALSE,0.335858911319818,1.167,0.462382624131015
"new_top7_ind",3,217,FALSE,0.555094448578319,2.59,0.555816124069048
"new_top7_ind",3,218,FALSE,0.271841606536499,0.87,0.529898408050346
"new_top7_ind",3,219,FALSE,0.471291711058939,1.96,0.473973022496359
"new_top7_ind",3,220,TRUE,0.294906910605192,0.972,0.427573052015398
"new_top7_ind",3,221,FALSE,0.655138434811382,3.52,0.589551175883997
"new_top7_ind",3,222,FALSE,0.528916700277655,2.38,0.507291637506601
"new_top7_ind",3,223,TRUE,0.237040791379191,0.726,0.48246714837189
"new_top7_ind",3,224,FALSE,0.777426822389311,4.99,0.520805922094566
"new_top7_ind",3,225,TRUE,0.191730393362856,0.555,0.418798639821941
"new_top7_ind",3,226,FALSE,0.239549720840473,0.736,0.406532911838204
"new_top7_ind",3,227,TRUE,0.582404298019028,2.823,0.538984058493401
"new_top7_ind",3,228,TRUE,0.569373909615046,2.71,0.377964917088338
"new_top7_ind",3,229,FALSE,0.334252642334231,1.159,0.394331605543505
"new_top7_ind",3,230,FALSE,0.406369835469268,1.549,0.476497246640829
"new_top7_ind",3,231,FALSE,0.216165902285993,0.645,0.53471941685661
"new_top7_ind",3,232,FALSE,0.0597526942092988,0.1475,0.293229889657364
"new_top7_ind",3,233,TRUE,0.472463896606989,1.968,0.466031852254702
"new_top7_ind",3,234,FALSE,0.666985718329661,3.645,0.427035347171422
"new_top7_ind",3,235,FALSE,0.65417654187796,3.51,0.542914016361194
"new_top7_ind",3,236,FALSE,0.259593878885949,0.818,0.465117685207351
"new_top7_ind",3,237,FALSE,0.527114111639805,2.366,0.55256812655597
"new_top7_ind",3,238,TRUE,0.367169488534681,1.329,0.384396598444164
"new_top7_ind",3,239,TRUE,0.19228861256812,0.557,0.328377574799789
"new_top7_ind",3,240,FALSE,0.478566495593843,2.01,0.307415950699148
"new_top7_ind",3,241,FALSE,0.253580289562183,0.793,0.388982947884578
"new_top7_ind",3,242,FALSE,0.27554168840131,0.886,0.369413137786084
"new_top7_ind",3,243,FALSE,0.532627001228891,2.409,0.446726643697849
"new_top7_ind",3,244,TRUE,0.542451947375977,2.487,0.423540399014319
"new_top7_ind",3,245,FALSE,0.381836799998343,1.409,0.391973777121489
"new_top7_ind",3,246,TRUE,0.511616020569138,2.248,0.539498810387606
"new_top7_ind",3,247,FALSE,0.476831628512261,1.998,0.554202380634804
"new_top7_ind",3,248,FALSE,0.301029995663981,1,0.504602694835365
"new_top7_ind",3,249,FALSE,0.325823419002744,1.1175,0.351437995248389
"new_top7_ind",3,250,FALSE,0.586024382386976,2.855,0.549571461228094
"new_top7_ind",3,251,FALSE,0.218535505216528,0.654,0.263749549462254
"new_top7_ind",3,252,FALSE,0.0480531731156091,0.117,0.175270060353035
"new_top7_ind",3,253,FALSE,0.378397900948138,1.39,0.53458685965547
"new_top7_ind",3,254,FALSE,0.595275711802099,2.938,0.325601578502389
"new_top7_ind",3,255,FALSE,0.398807730203264,1.505,0.393853941904368
"new_top7_ind",3,256,TRUE,0.161368002234975,0.45,0.3158341237964
"new_top7_ind",3,257,FALSE,0.456214155357989,1.859,0.410935744256507
"new_top7_ind",3,258,FALSE,0.641126932803509,3.3765,0.469502285444999
"new_top7_ind",3,259,FALSE,0.54020429984206,2.469,0.366559814669061
"new_top7_ind",3,260,FALSE,0.0328201494385639,0.0785,0.183291735657113
"new_top7_ind",3,261,FALSE,0.434888120867316,1.722,0.510346566176421
"new_top7_ind",3,262,FALSE,0.332034277027518,1.148,0.351530756463982
"new_top7_ind",3,263,FALSE,0.391816923613249,1.465,0.561064956903
"new_top7_ind",3,264,TRUE,0.347427598618541,1.2255,0.437712246413375
"new_top7_ind",3,265,FALSE,0.352182518111362,1.25,0.283337057108127
"new_top7_ind",3,266,TRUE,0.154119525515847,0.426,0.255707311910188
"new_top7_ind",3,267,FALSE,0.591398551281249,2.903,0.402903463054792
"new_top7_ind",3,268,TRUE,0.315970345456918,1.07,0.421123564298266
"new_top7_ind",3,269,FALSE,0.470410490975931,1.954,0.472917333795967
"new_top7_ind",3,270,FALSE,0.826074802700826,5.7,0.778781799547787
"new_top7_ind",3,271,TRUE,0.273232834043046,0.876,0.562976836112159
"new_top7_ind",3,272,FALSE,0.234264124378789,0.715,0.40536080526169
"new_top7_ind",3,273,FALSE,0.504878459410216,2.198,0.448816216929837
"new_top7_ind",3,274,FALSE,0.582744965691277,2.826,0.386323025127815
"new_top7_ind",3,275,FALSE,0.542327382773974,2.486,0.476982073868793
"new_top7_ind",3,276,FALSE,0.657055852857104,3.54,0.455135736900837
"new_top7_ind",3,277,FALSE,0.328379603438738,1.13,0.364431105119767
"new_top7_ind",3,278,FALSE,0.4679039465228,1.937,0.259663169303645
"new_top7_ind",3,279,FALSE,0.331427296520743,1.145,0.492718976899897
"new_top7_ind",3,280,FALSE,0.352664799651101,1.2525,0.438253434233256
"new_top7_ind",3,281,FALSE,0.437116093048079,1.736,0.315644808608801
"new_top7_ind",3,282,FALSE,0.325043347403704,1.1137,0.344482792250322
"new_top7_ind",3,283,FALSE,0.775319121829478,4.961,0.483851825449614
"new_top7_ind",3,284,FALSE,0.526442668529935,2.3608,0.374573678853273
"new_top7_ind",3,285,FALSE,0.682145076373832,3.81,0.577965758117109
"new_top7_ind",3,286,FALSE,0.425534220498263,1.664,0.489407200684584
"new_top7_ind",3,287,FALSE,0.659726095237792,3.568,0.49403127346317
"new_top7_ind",3,288,FALSE,0.672097857935718,3.7,0.393333478271586
"new_top7_ind",3,289,FALSE,0.534026106056135,2.42,0.463340189936976
"new_top7_ind",3,290,FALSE,0.615950051656401,3.13,0.541462673914965
"new_top7_ind",3,291,TRUE,0.262451089730429,0.83,0.345687309431558
"new_top7_ind",4,1,TRUE,0.482873583608754,2.04,0.289389179774354
"new_top7_ind",4,2,TRUE,0.496929648073215,2.14,0.50389120402778
"new_top7_ind",4,3,TRUE,0.623042434246382,3.198,0.453673585251151
"new_top7_ind",4,4,TRUE,0.523746466811564,2.34,0.485666011673273
"new_top7_ind",4,5,TRUE,0.47567118832443,1.99,0.405591092734774
"new_top7_ind",4,6,TRUE,0.0681858617461616,0.17,0.33020030409025
"new_top7_ind",4,7,FALSE,0.469674772551798,1.949,0.353550355675944
"new_top7_ind",4,8,FALSE,0.387389826338729,1.44,0.436278351251622
"new_top7_ind",4,9,FALSE,0.627365856592733,3.24,0.42649883943603
"new_top7_ind",4,10,FALSE,0.591064607026499,2.9,0.441804890742414
"new_top7_ind",4,11,FALSE,0.218220304175545,0.6528,0.288400079557413
"new_top7_ind",4,12,TRUE,0.680335513414563,3.79,0.484624781168826
"new_top7_ind",4,13,TRUE,0.680607428991788,3.793,0.427052717241495
"new_top7_ind",4,14,FALSE,0.721810615212547,4.27,0.541056855269248
"new_top7_ind",4,15,TRUE,0.20682587603185,0.61,0.354988557289421
"new_top7_ind",4,16,TRUE,0.582063362911709,2.82,0.377058748928822
"new_top7_ind",4,17,FALSE,0.696094159995223,3.967,0.492862096876637
"new_top7_ind",4,18,TRUE,0.40823996531185,1.56,0.373149938697072
"new_top7_ind",4,19,FALSE,0.433001340945038,1.7102,0.429021288663518
"new_top7_ind",4,20,FALSE,0.653212513775344,3.5,0.457784874465829
"new_top7_ind",4,21,FALSE,0.558072259099146,2.6147,0.416455646499944
"new_top7_ind",4,22,FALSE,0.261928672990642,0.8278,0.215823746034587
"new_top7_ind",4,23,FALSE,0.862727528317975,6.29,0.618952332260263
"new_top7_ind",4,24,TRUE,0.637489729512511,3.34,0.488930116688343
"new_top7_ind",4,25,FALSE,0.504878459410216,2.198,0.372080277262485
"new_top7_ind",4,26,FALSE,0.286995073968852,0.9364,0.362753591393713
"new_top7_ind",4,27,TRUE,0.662757831681574,3.6,0.423841304979922
"new_top7_ind",4,28,FALSE,0.524525936626376,2.346,0.430805797593055
"new_top7_ind",4,29,TRUE,0.406540180433955,1.55,0.483548061100854
"new_top7_ind",4,30,FALSE,0.656098202012832,3.53,0.544021294429012
"new_top7_ind",4,31,FALSE,0.517987203025078,2.296,0.312570653655223
"new_top7_ind",4,32,FALSE,0.703119346236078,4.048,0.548103279989371
"new_top7_ind",4,33,FALSE,0.691081492122968,3.91,0.509812156784801
"new_top7_ind",4,34,FALSE,0.73319726510657,4.41,0.67666532425907
"new_top7_ind",4,35,FALSE,0.408070285887185,1.559,0.437436895537768
"new_top7_ind",4,36,FALSE,0.396024896608593,1.489,0.462037634657198
"new_top7_ind",4,37,FALSE,0.398391440229475,1.5026,0.456682681491467
"new_top7_ind",4,38,FALSE,0.770852011642144,4.9,0.611328950931623
"new_top7_ind",4,39,TRUE,0.15836249209525,0.44,0.35533876881128
"new_top7_ind",4,40,FALSE,0.625415352154408,3.221,0.509734456018533
"new_top7_ind",4,41,FALSE,0.496334505996816,2.1357,0.538499309190111
"new_top7_ind",4,42,FALSE,0.679427896612119,3.78,0.611668246400293
"new_top7_ind",4,43,FALSE,0.610116955411928,3.0749,0.529290671510448
"new_top7_ind",4,44,FALSE,0.645913275033844,3.425,0.433249325529707
"new_top7_ind",4,45,FALSE,0.465382851448418,1.92,0.45695674425241
"new_top7_ind",4,46,FALSE,0.569490954348783,2.711,0.550035010532145
"new_top7_ind",4,47,FALSE,0.187520720836463,0.54,0.283010813915573
"new_top7_ind",4,48,FALSE,0.465813957269479,1.9229,0.470520340137442
"new_top7_ind",4,49,FALSE,0.231214647962601,0.703,0.51956163336744
"new_top7_ind",4,50,FALSE,0.670802284260944,3.686,0.660637387558002
"new_top7_ind",4,51,FALSE,0.459935016851525,1.8836,0.504808903116939
"new_top7_ind",4,52,FALSE,0.287129620719111,0.937,0.40493226672216
"new_top7_ind",4,53,FALSE,0.6232492903979,3.2,0.559741712784109
"new_top7_ind",4,54,FALSE,0.8109042806687,5.47,0.658252729146471
"new_top7_ind",4,55,TRUE,0.354108439147401,1.26,0.428620802732824
"new_top7_ind",4,56,FALSE,0.129141845792285,0.3463,0.39163123909834
"new_top7_ind",4,57,FALSE,0.244969460136198,0.7578,0.366480614272685
"new_top7_ind",4,58,FALSE,0.364363354615731,1.314,0.392862259791775
"new_top7_ind",4,59,TRUE,0.334212409393176,1.1588,0.424136490477083
"new_top7_ind",4,60,FALSE,0.489677291663699,2.088,0.53712495791303
"new_top7_ind",4,61,FALSE,0.525304009958239,2.352,0.476302862194831
"new_top7_ind",4,62,TRUE,0.406540180433955,1.55,0.384016987966606
"new_top7_ind",4,63,FALSE,0.335457900689384,1.165,0.542331795733032
"new_top7_ind",4,64,FALSE,0.419873175149476,1.6295,0.522673829641763
"new_top7_ind",4,65,FALSE,0.397227181043161,1.4959,0.551398837319415
"new_top7_ind",4,66,TRUE,0.59659709562646,2.95,0.581215772721579
"new_top7_ind",4,67,FALSE,0.260071387985075,0.82,0.420955025557367
"new_top7_ind",4,68,FALSE,0.489466281303128,2.0865,0.572850512563946
"new_top7_ind",4,69,FALSE,0.544018407858776,2.4996,0.691548379630471
"new_top7_ind",4,70,TRUE,0.222976449893391,0.671,0.46072893678602
"new_top7_ind",4,71,FALSE,0.28397928423848,0.923,0.587898809929151
"new_top7_ind",4,72,FALSE,0.6652056284346,3.626,0.584701435415175
"new_top7_ind",4,73,FALSE,0.537819095073274,2.45,0.596358505302873
"new_top7_ind",4,74,FALSE,0.501059262217751,2.17,0.531699378392509
"new_top7_ind",4,75,FALSE,0.415699348887829,1.60435,0.429994260281822
"new_top7_ind",4,76,TRUE,0.298853076409707,0.99,0.407314289567936
"new_top7_ind",4,77,TRUE,0.289365951520032,0.947,0.354259980798625
"new_top7_ind",4,78,FALSE,0.497620649781288,2.145,0.348627813285117
"new_top7_ind",4,79,TRUE,0.778151250383644,5,0.488846920643414
"new_top7_ind",4,80,TRUE,0.260071387985075,0.82,0.397080131117669
"new_top7_ind",4,81,FALSE,0.367542273520577,1.331,0.479582964981154
"new_top7_ind",4,82,FALSE,0.534026106056135,2.42,0.464024654335358
"new_top7_ind",4,83,FALSE,0.287129620719111,0.937,0.291746067974734
"new_top7_ind",4,84,FALSE,0.469822015978163,1.95,0.358406008643252
"new_top7_ind",4,85,TRUE,0.399673721481038,1.51,0.339488175699404
"new_top7_ind",4,86,FALSE,0.307496037913213,1.03,0.240071137667805
"new_top7_ind",4,87,FALSE,0.247236549506764,0.767,0.382677857910277
"new_top7_ind",4,88,FALSE,0.6232492903979,3.2,0.426047687278073
"new_top7_ind",4,89,TRUE,0.429752280002408,1.69,0.482093928922469
"new_top7_ind",4,90,TRUE,0.566943971856554,2.6893,0.396767940913226
"new_top7_ind",4,91,FALSE,0.605951157564873,3.036,0.526168145620089
"new_top7_ind",4,92,FALSE,0.265996370495079,0.845,0.501750864719518
"new_top7_ind",4,93,FALSE,0.555215405126073,2.591,0.357500372772721
"new_top7_ind",4,94,FALSE,0.638489256954637,3.35,0.496375313752099
"new_top7_ind",4,95,FALSE,0.528145078253106,2.374,0.550285740890231
"new_top7_ind",4,96,FALSE,0.227552503379865,0.6887,0.506830511931162
"new_top7_ind",4,97,FALSE,0.430075055551939,1.692,0.510151069215549
"new_top7_ind",4,98,FALSE,0.184549481320698,0.5295,0.331903693193102
"new_top7_ind",4,99,FALSE,0.472537053262077,1.9685,0.541245879587022
"new_top7_ind",4,100,FALSE,0.60616631460762,3.038,0.488198409316852
"new_top7_ind",4,101,FALSE,0.685553652846326,3.8479,0.584425769750633
"new_top7_ind",4,102,TRUE,0.296665190261531,0.98,0.507707619364459
"new_top7_ind",4,103,FALSE,0.491361693834273,2.1,0.520445146038155
"new_top7_ind",4,104,FALSE,0.513217600067939,2.26,0.423896957233759
"new_top7_ind",4,105,TRUE,0.64738297011462,3.44,0.390096569951901
"new_top7_ind",4,106,FALSE,0.491361693834273,2.1,0.514446727420272
"new_top7_ind",4,107,FALSE,0.406028944963615,1.547,0.290125801437106
"new_top7_ind",4,108,FALSE,0.752025387323213,4.6497,0.514364177434543
"new_top7_ind",4,109,TRUE,0.6414741105041,3.38,0.490366643891662
"new_top7_ind",4,110,FALSE,0.416307587059883,1.608,0.548630654800561
"new_top7_ind",4,111,FALSE,0.966610986681934,8.26,0.77355609927225
"new_top7_ind",4,112,FALSE,0.188647295999717,0.544,0.332637627912852
"new_top7_ind",4,113,FALSE,0.708335902682263,4.109,0.500309370823729
"new_top7_ind",4,114,FALSE,0.685741738602264,3.85,0.832465967953053
"new_top7_ind",4,115,FALSE,0.559308010907013,2.625,0.475944063521643
"new_top7_ind",4,116,FALSE,0.355259905527378,1.266,0.43684188651602
"new_top7_ind",4,117,FALSE,0.187520720836463,0.54,0.339915934414161
"new_top7_ind",4,118,TRUE,0.569373909615046,2.71,0.464616564015766
"new_top7_ind",4,119,FALSE,0.572523097849638,2.737,0.536854550913901
"new_top7_ind",4,120,FALSE,0.538070787043172,2.452,0.524711253596813
"new_top7_ind",4,121,FALSE,0.374748346010104,1.37,0.395752904127093
"new_top7_ind",4,122,FALSE,0.294686624279443,0.971,0.330497392367444
"new_top7_ind",4,123,FALSE,0.432969290874406,1.71,0.441146153323599
"new_top7_ind",4,124,TRUE,0.320146286111054,1.09,0.536019675021205
"new_top7_ind",4,125,FALSE,0.574262829707027,2.752,0.458082651901708
"new_top7_ind",4,126,FALSE,0.610234175334389,3.076,0.605211902391794
"new_top7_ind",4,127,FALSE,0.173186268412274,0.49,0.219558346651821
"new_top7_ind",4,128,FALSE,0.314499227973151,1.063,0.388004107036056
"new_top7_ind",4,129,FALSE,0.753330221324521,4.6667,0.496144839173133
"new_top7_ind",4,130,FALSE,0.338456493604605,1.18,0.471859571406629
"new_top7_ind",4,131,TRUE,0.0253058652647703,0.06,0.33931617999612
"new_top7_ind",4,132,FALSE,0.21045229296202,0.6235,0.305905553531907
"new_top7_ind",4,133,FALSE,0.440121603187804,1.755,0.496444269440248
"new_top7_ind",4,134,TRUE,0.181872159010334,0.5201,0.468390834108604
"new_top7_ind",4,135,FALSE,0.761326322421457,4.772,0.641310235567385
"new_top7_ind",4,136,FALSE,0.662757831681574,3.6,0.39821831621845
"new_top7_ind",4,137,FALSE,0.409425868671443,1.567,0.470410320176481
"new_top7_ind",4,138,FALSE,0.387389826338729,1.44,0.326657762691301
"new_top7_ind",4,139,FALSE,0.256236533205923,0.804,0.414891069434925
"new_top7_ind",4,140,FALSE,0.381656482585787,1.408,0.421927689587614
"new_top7_ind",4,141,FALSE,0.43568513794163,1.727,0.432996010235878
"new_top7_ind",4,142,FALSE,0.190331698170291,0.55,0.462062750144721
"new_top7_ind",4,143,FALSE,0.208978517276253,0.618,0.433394874422809
"new_top7_ind",4,144,TRUE,0.506505032404872,2.21,0.415685124584764
"new_top7_ind",4,145,FALSE,0.390935107103379,1.46,0.40454704137897
"new_top7_ind",4,146,FALSE,0.442479769064449,1.77,0.473412085029077
"new_top7_ind",4,147,FALSE,0.417139409727326,1.613,0.428733483967357
"new_top7_ind",4,148,FALSE,0.260071387985075,0.82,0.352512273417799
"new_top7_ind",4,149,TRUE,0.308777773664721,1.036,0.395701610161614
"new_top7_ind",4,150,FALSE,0.583198773968623,2.83,0.442775948639462
"new_top7_ind",4,151,TRUE,0.456062224454951,1.858,0.428841406689463
"new_top7_ind",4,152,FALSE,0.370698092575577,1.348,0.422149449915585
"new_top7_ind",4,153,FALSE,0.639486489268586,3.36,0.603416303075818
"new_top7_ind",4,154,TRUE,0.590284403718162,2.893,0.46021166623094
"new_top7_ind",4,155,FALSE,0.618215503279417,3.1516,0.507354319365459
"new_top7_ind",4,156,FALSE,0.224533062606086,0.677,0.464978062522073
"new_top7_ind",4,157,FALSE,0.234010817587179,0.714,0.295081909953665
"new_top7_ind",4,158,FALSE,0.595826777073223,2.943,0.424566323361374
"new_top7_ind",4,159,TRUE,0.612783856719735,3.1,0.478560152277134
"new_top7_ind",4,160,FALSE,0.581266805273671,2.813,0.552169792543632
"new_top7_ind",4,161,FALSE,0.588383768378728,2.876,0.585712853118678
"new_top7_ind",4,162,FALSE,0.108226656374928,0.283,0.426568079104389
"new_top7_ind",4,163,TRUE,0.381115080709851,1.405,0.408055492219312
"new_top7_ind",4,164,FALSE,0.255272505103306,0.8,0.536160053068502
"new_top7_ind",4,165,FALSE,0.680879174426811,3.796,0.462362860703865
"new_top7_ind",4,166,FALSE,0.564784384503987,2.671,0.48021991456325
"new_top7_ind",4,167,TRUE,0.526339277389844,2.36,0.335995510719757
"new_top7_ind",4,168,FALSE,0.294466226161593,0.97,0.415776316454269
"new_top7_ind",4,169,FALSE,0.612783856719735,3.1,0.4568025029809
"new_top7_ind",4,170,FALSE,0.5182506513085,2.298,0.536876960145176
"new_top7_ind",4,171,FALSE,0.442949869577862,1.773,0.381967852911765
"new_top7_ind",4,172,FALSE,0.505149978319906,2.2,0.456356202079204
"new_top7_ind",4,173,FALSE,0.305995882770805,1.023,0.416947038486303
"new_top7_ind",4,174,TRUE,0.612783856719735,3.1,0.486684273392202
"new_top7_ind",4,175,TRUE,0.204119982655925,0.6,0.422472274536257
"new_top7_ind",4,176,FALSE,0.677333151419902,3.757,0.415490214581082
"new_top7_ind",4,177,FALSE,0.345961541813141,1.218,0.547826785977919
"new_top7_ind",4,178,FALSE,0.361160995195026,1.297,0.457221481589807
"new_top7_ind",4,179,TRUE,0.127104798364808,0.34,0.31704341766025
"new_top7_ind",4,180,FALSE,0.514547752660286,2.27,0.325781625962546
"new_top7_ind",4,181,FALSE,0.362350507594848,1.3033,0.470711277796862
"new_top7_ind",4,182,FALSE,0.662757831681574,3.6,0.460535859249784
"new_top7_ind",4,183,FALSE,0.313867220369153,1.06,0.434048738187473
"new_top7_ind",4,184,FALSE,0.839666556882433,5.913,0.513539268810798
"new_top7_ind",4,185,FALSE,0.16999753706657,0.4791,0.381743195364094
"new_top7_ind",4,186,FALSE,0.129367595722986,0.347,0.16731219684267
"new_top7_ind",4,187,FALSE,0.36078268987328,1.295,0.360791115225203
"new_top7_ind",4,188,FALSE,0.429106008332697,1.686,0.478846691263636
"new_top7_ind",4,189,FALSE,0.702602841340427,4.042,0.573169351406869
"new_top7_ind",4,190,FALSE,0.571708831808688,2.73,0.445077613231278
"new_top7_ind",4,191,FALSE,0.343920385393226,1.2076,0.323047332005493
"new_top7_ind",4,192,FALSE,0.695131297704026,3.956,0.525289496299261
"new_top7_ind",4,193,FALSE,0.629409599102719,3.26,0.52497550800648
"new_top7_ind",4,194,FALSE,0.414973347970818,1.6,0.380752311234946
"new_top7_ind",4,195,FALSE,0.276231957921834,0.889,0.333599098392823
"new_top7_ind",4,196,FALSE,0.531478917042255,2.4,0.529695285064707
"new_top7_ind",4,197,FALSE,0.236789099409293,0.725,0.392633998835722
"new_top7_ind",4,198,FALSE,0.756407872548958,4.707,0.724947176573033
"new_top7_ind",4,199,FALSE,0.718750734739665,4.233,0.581225230092588
"new_top7_ind",4,200,FALSE,0.515211304327802,2.275,0.426530721457281
"new_top7_ind",4,201,TRUE,0.3654879848909,1.32,0.401145264985675
"new_top7_ind",4,202,TRUE,0.344392273685111,1.21,0.39751699495516
"new_top7_ind",4,203,FALSE,0.196728722623287,0.573,0.449632200055041
"new_top7_ind",4,204,FALSE,0.392696953259666,1.47,0.380890250842738
"new_top7_ind",4,205,FALSE,0.365394376854778,1.3195,0.450759192549746
"new_top7_ind",4,206,TRUE,0.389166084364532,1.45,0.422870155260469
"new_top7_ind",4,207,FALSE,0.653212513775344,3.5,0.463648773345521
"new_top7_ind",4,208,FALSE,0.440594261839831,1.758,0.386272208311888
"new_top7_ind",4,209,TRUE,0.202215775801131,0.593,0.466089547134878
"new_top7_ind",4,210,FALSE,0.48572142648158,2.06,0.35507021757905
"new_top7_ind",4,211,FALSE,0.244277120801843,0.755,0.478278859462276
"new_top7_ind",4,212,FALSE,0.372727940885595,1.359,0.496402141748377
"new_top7_ind",4,213,FALSE,0.52244423350632,2.33,0.504368147628258
"new_top7_ind",4,214,FALSE,0.257678574869184,0.81,0.383654033295968
"new_top7_ind",4,215,FALSE,0.384353414137506,1.423,0.576341091370337
"new_top7_ind",4,216,FALSE,0.335858911319818,1.167,0.436705005645325
"new_top7_ind",4,217,FALSE,0.555094448578319,2.59,0.519994614561008
"new_top7_ind",4,218,FALSE,0.271841606536499,0.87,0.481967637741678
"new_top7_ind",4,219,FALSE,0.471291711058939,1.96,0.492912395019774
"new_top7_ind",4,220,TRUE,0.294906910605192,0.972,0.426802403662301
"new_top7_ind",4,221,FALSE,0.655138434811382,3.52,0.624192581246802
"new_top7_ind",4,222,FALSE,0.528916700277655,2.38,0.516821521551734
"new_top7_ind",4,223,TRUE,0.237040791379191,0.726,0.498038670506988
"new_top7_ind",4,224,FALSE,0.777426822389311,4.99,0.490173819772116
"new_top7_ind",4,225,TRUE,0.191730393362856,0.555,0.4633933794709
"new_top7_ind",4,226,FALSE,0.239549720840473,0.736,0.466097418732056
"new_top7_ind",4,227,TRUE,0.582404298019028,2.823,0.539082865738824
"new_top7_ind",4,228,TRUE,0.569373909615046,2.71,0.368921785394235
"new_top7_ind",4,229,FALSE,0.334252642334231,1.159,0.377891454813553
"new_top7_ind",4,230,FALSE,0.406369835469268,1.549,0.464986909445253
"new_top7_ind",4,231,FALSE,0.216165902285993,0.645,0.538118077339493
"new_top7_ind",4,232,FALSE,0.0597526942092988,0.1475,0.328793084367745
"new_top7_ind",4,233,TRUE,0.472463896606989,1.968,0.496057117831159
"new_top7_ind",4,234,FALSE,0.666985718329661,3.645,0.442765550261313
"new_top7_ind",4,235,FALSE,0.65417654187796,3.51,0.550514275204216
"new_top7_ind",4,236,FALSE,0.259593878885949,0.818,0.473888056080934
"new_top7_ind",4,237,FALSE,0.527114111639805,2.366,0.583228157637344
"new_top7_ind",4,238,TRUE,0.367169488534681,1.329,0.384353714775092
"new_top7_ind",4,239,TRUE,0.19228861256812,0.557,0.330143576027171
"new_top7_ind",4,240,FALSE,0.478566495593843,2.01,0.32615351509073
"new_top7_ind",4,241,FALSE,0.253580289562183,0.793,0.34870200114542
"new_top7_ind",4,242,FALSE,0.27554168840131,0.886,0.340479252094653
"new_top7_ind",4,243,FALSE,0.532627001228891,2.409,0.411553987896189
"new_top7_ind",4,244,TRUE,0.542451947375977,2.487,0.404160125451435
"new_top7_ind",4,245,FALSE,0.381836799998343,1.409,0.398049484507931
"new_top7_ind",4,246,TRUE,0.511616020569138,2.248,0.53604698118657
"new_top7_ind",4,247,FALSE,0.476831628512261,1.998,0.567031477373676
"new_top7_ind",4,248,FALSE,0.301029995663981,1,0.476504126497008
"new_top7_ind",4,249,FALSE,0.325823419002744,1.1175,0.363001697853654
"new_top7_ind",4,250,FALSE,0.586024382386976,2.855,0.501811956022894
"new_top7_ind",4,251,FALSE,0.218535505216528,0.654,0.28796570574253
"new_top7_ind",4,252,FALSE,0.0480531731156091,0.117,0.18179568985272
"new_top7_ind",4,253,FALSE,0.378397900948138,1.39,0.559430280558891
"new_top7_ind",4,254,FALSE,0.595275711802099,2.938,0.305467600963035
"new_top7_ind",4,255,FALSE,0.398807730203264,1.505,0.413001020351138
"new_top7_ind",4,256,TRUE,0.161368002234975,0.45,0.333288574427367
"new_top7_ind",4,257,FALSE,0.456214155357989,1.859,0.412823735448084
"new_top7_ind",4,258,FALSE,0.641126932803509,3.3765,0.474934893096253
"new_top7_ind",4,259,FALSE,0.54020429984206,2.469,0.35529666340248
"new_top7_ind",4,260,FALSE,0.0328201494385639,0.0785,0.0366271188573424
"new_top7_ind",4,261,FALSE,0.434888120867316,1.722,0.506174613141559
"new_top7_ind",4,262,FALSE,0.332034277027518,1.148,0.352332105619342
"new_top7_ind",4,263,FALSE,0.391816923613249,1.465,0.606070051288791
"new_top7_ind",4,264,TRUE,0.347427598618541,1.2255,0.431090655824883
"new_top7_ind",4,265,FALSE,0.352182518111362,1.25,0.325943720083003
"new_top7_ind",4,266,TRUE,0.154119525515847,0.426,0.157889158599955
"new_top7_ind",4,267,FALSE,0.591398551281249,2.903,0.407217536931704
"new_top7_ind",4,268,TRUE,0.315970345456918,1.07,0.421738403189501
"new_top7_ind",4,269,FALSE,0.470410490975931,1.954,0.445040270450462
"new_top7_ind",4,270,FALSE,0.826074802700826,5.7,0.818132957164759
"new_top7_ind",4,271,TRUE,0.273232834043046,0.876,0.546338335728019
"new_top7_ind",4,272,FALSE,0.234264124378789,0.715,0.344382786834348
"new_top7_ind",4,273,FALSE,0.504878459410216,2.198,0.427784815918943
"new_top7_ind",4,274,FALSE,0.582744965691277,2.826,0.362543193425223
"new_top7_ind",4,275,FALSE,0.542327382773974,2.486,0.479554034583597
"new_top7_ind",4,276,FALSE,0.657055852857104,3.54,0.456555032323905
"new_top7_ind",4,277,FALSE,0.328379603438738,1.13,0.371082583363999
"new_top7_ind",4,278,FALSE,0.4679039465228,1.937,0.240943837937937
"new_top7_ind",4,279,FALSE,0.331427296520743,1.145,0.453820558384987
"new_top7_ind",4,280,FALSE,0.352664799651101,1.2525,0.434965813796716
"new_top7_ind",4,281,FALSE,0.437116093048079,1.736,0.275512577663208
"new_top7_ind",4,282,FALSE,0.325043347403704,1.1137,0.360712870629598
"new_top7_ind",4,283,FALSE,0.775319121829478,4.961,0.49653200907599
"new_top7_ind",4,284,FALSE,0.526442668529935,2.3608,0.381689747120408
"new_top7_ind",4,285,FALSE,0.682145076373832,3.81,0.599650449686142
"new_top7_ind",4,286,FALSE,0.425534220498263,1.664,0.489304563626806
"new_top7_ind",4,287,FALSE,0.659726095237792,3.568,0.542966070800963
"new_top7_ind",4,288,FALSE,0.672097857935718,3.7,0.413860863678082
"new_top7_ind",4,289,FALSE,0.534026106056135,2.42,0.419392842449818
"new_top7_ind",4,290,FALSE,0.615950051656401,3.13,0.529708758723797
"new_top7_ind",4,291,TRUE,0.262451089730429,0.83,0.374159600715804
"new_top7_ind",5,1,TRUE,0.482873583608754,2.04,0.301938617621605
"new_top7_ind",5,2,TRUE,0.496929648073215,2.14,0.492906057159296
"new_top7_ind",5,3,TRUE,0.623042434246382,3.198,0.436430108056086
"new_top7_ind",5,4,TRUE,0.523746466811564,2.34,0.506920977196453
"new_top7_ind",5,5,TRUE,0.47567118832443,1.99,0.419797695451422
"new_top7_ind",5,6,TRUE,0.0681858617461616,0.17,0.333056948004436
"new_top7_ind",5,7,FALSE,0.469674772551798,1.949,0.348916637074999
"new_top7_ind",5,8,FALSE,0.387389826338729,1.44,0.454433059412168
"new_top7_ind",5,9,FALSE,0.627365856592733,3.24,0.369347610879258
"new_top7_ind",5,10,FALSE,0.591064607026499,2.9,0.409634692242242
"new_top7_ind",5,11,FALSE,0.218220304175545,0.6528,0.253205280237177
"new_top7_ind",5,12,TRUE,0.680335513414563,3.79,0.487643803078742
"new_top7_ind",5,13,TRUE,0.680607428991788,3.793,0.421357433609851
"new_top7_ind",5,14,FALSE,0.721810615212547,4.27,0.552611049374054
"new_top7_ind",5,15,TRUE,0.20682587603185,0.61,0.358665238607609
"new_top7_ind",5,16,TRUE,0.582063362911709,2.82,0.345695136008289
"new_top7_ind",5,17,FALSE,0.696094159995223,3.967,0.476077312349197
"new_top7_ind",5,18,TRUE,0.40823996531185,1.56,0.375607614353488
"new_top7_ind",5,19,FALSE,0.433001340945038,1.7102,0.445402873081038
"new_top7_ind",5,20,FALSE,0.653212513775344,3.5,0.440668930286681
"new_top7_ind",5,21,FALSE,0.558072259099146,2.6147,0.436450224186374
"new_top7_ind",5,22,FALSE,0.261928672990642,0.8278,0.209305786244369
"new_top7_ind",5,23,FALSE,0.862727528317975,6.29,0.623570100422408
"new_top7_ind",5,24,TRUE,0.637489729512511,3.34,0.474339651785334
"new_top7_ind",5,25,FALSE,0.504878459410216,2.198,0.360278173417478
"new_top7_ind",5,26,FALSE,0.286995073968852,0.9364,0.364401030604153
"new_top7_ind",5,27,TRUE,0.662757831681574,3.6,0.427077590785253
"new_top7_ind",5,28,FALSE,0.524525936626376,2.346,0.45459023268267
"new_top7_ind",5,29,TRUE,0.406540180433955,1.55,0.452258550267384
"new_top7_ind",5,30,FALSE,0.656098202012832,3.53,0.532108559191359
"new_top7_ind",5,31,FALSE,0.517987203025078,2.296,0.38003904289577
"new_top7_ind",5,32,FALSE,0.703119346236078,4.048,0.496366857939583
"new_top7_ind",5,33,FALSE,0.691081492122968,3.91,0.50244125329372
"new_top7_ind",5,34,FALSE,0.73319726510657,4.41,0.736777599262135
"new_top7_ind",5,35,FALSE,0.408070285887185,1.559,0.432592274263764
"new_top7_ind",5,36,FALSE,0.396024896608593,1.489,0.459975136245092
"new_top7_ind",5,37,FALSE,0.398391440229475,1.5026,0.451224399622151
"new_top7_ind",5,38,FALSE,0.770852011642144,4.9,0.583408211628005
"new_top7_ind",5,39,TRUE,0.15836249209525,0.44,0.367846186166412
"new_top7_ind",5,40,FALSE,0.625415352154408,3.221,0.501376263401042
"new_top7_ind",5,41,FALSE,0.496334505996816,2.1357,0.539860648480256
"new_top7_ind",5,42,FALSE,0.679427896612119,3.78,0.634408829899897
"new_top7_ind",5,43,FALSE,0.610116955411928,3.0749,0.535700393466887
"new_top7_ind",5,44,FALSE,0.645913275033844,3.425,0.436271100961579
"new_top7_ind",5,45,FALSE,0.465382851448418,1.92,0.438462048322325
"new_top7_ind",5,46,FALSE,0.569490954348783,2.711,0.547148099915938
"new_top7_ind",5,47,FALSE,0.187520720836463,0.54,0.256477182885224
"new_top7_ind",5,48,FALSE,0.465813957269479,1.9229,0.466310071542612
"new_top7_ind",5,49,FALSE,0.231214647962601,0.703,0.504740188870306
"new_top7_ind",5,50,FALSE,0.670802284260944,3.686,0.649106533936973
"new_top7_ind",5,51,FALSE,0.459935016851525,1.8836,0.533560456736507
"new_top7_ind",5,52,FALSE,0.287129620719111,0.937,0.417377463915503
"new_top7_ind",5,53,FALSE,0.6232492903979,3.2,0.542410513190425
"new_top7_ind",5,54,FALSE,0.8109042806687,5.47,0.633363387544982
"new_top7_ind",5,55,TRUE,0.354108439147401,1.26,0.439088509728828
"new_top7_ind",5,56,FALSE,0.129141845792285,0.3463,0.377149861913575
"new_top7_ind",5,57,FALSE,0.244969460136198,0.7578,0.411734865582991
"new_top7_ind",5,58,FALSE,0.364363354615731,1.314,0.402393501832168
"new_top7_ind",5,59,TRUE,0.334212409393176,1.1588,0.428512261230636
"new_top7_ind",5,60,FALSE,0.489677291663699,2.088,0.519266559324636
"new_top7_ind",5,61,FALSE,0.525304009958239,2.352,0.46148594324115
"new_top7_ind",5,62,TRUE,0.406540180433955,1.55,0.35307771083916
"new_top7_ind",5,63,FALSE,0.335457900689384,1.165,0.537181991390776
"new_top7_ind",5,64,FALSE,0.419873175149476,1.6295,0.57013594150865
"new_top7_ind",5,65,FALSE,0.397227181043161,1.4959,0.49807584949791
"new_top7_ind",5,66,TRUE,0.59659709562646,2.95,0.600081780742334
"new_top7_ind",5,67,FALSE,0.260071387985075,0.82,0.424497879816661
"new_top7_ind",5,68,FALSE,0.489466281303128,2.0865,0.561221238388402
"new_top7_ind",5,69,FALSE,0.544018407858776,2.4996,0.709881487268627
"new_top7_ind",5,70,TRUE,0.222976449893391,0.671,0.473165742247718
"new_top7_ind",5,71,FALSE,0.28397928423848,0.923,0.585774387409744
"new_top7_ind",5,72,FALSE,0.6652056284346,3.626,0.595581065075521
"new_top7_ind",5,73,FALSE,0.537819095073274,2.45,0.603161580884446
"new_top7_ind",5,74,FALSE,0.501059262217751,2.17,0.535001033075872
"new_top7_ind",5,75,FALSE,0.415699348887829,1.60435,0.459818754377589
"new_top7_ind",5,76,TRUE,0.298853076409707,0.99,0.374296652015879
"new_top7_ind",5,77,TRUE,0.289365951520032,0.947,0.38034690811761
"new_top7_ind",5,78,FALSE,0.497620649781288,2.145,0.335481032340909
"new_top7_ind",5,79,TRUE,0.778151250383644,5,0.507895448387684
"new_top7_ind",5,80,TRUE,0.260071387985075,0.82,0.417008114118553
"new_top7_ind",5,81,FALSE,0.367542273520577,1.331,0.490237967173133
"new_top7_ind",5,82,FALSE,0.534026106056135,2.42,0.485830776678104
"new_top7_ind",5,83,FALSE,0.287129620719111,0.937,0.36264252548343
"new_top7_ind",5,84,FALSE,0.469822015978163,1.95,0.360207840930447
"new_top7_ind",5,85,TRUE,0.399673721481038,1.51,0.387510403682119
"new_top7_ind",5,86,FALSE,0.307496037913213,1.03,0.230598627234711
"new_top7_ind",5,87,FALSE,0.247236549506764,0.767,0.391517896010104
"new_top7_ind",5,88,FALSE,0.6232492903979,3.2,0.446961312902305
"new_top7_ind",5,89,TRUE,0.429752280002408,1.69,0.469909227844609
"new_top7_ind",5,90,TRUE,0.566943971856554,2.6893,0.40285576236202
"new_top7_ind",5,91,FALSE,0.605951157564873,3.036,0.555828098806584
"new_top7_ind",5,92,FALSE,0.265996370495079,0.845,0.497385408200562
"new_top7_ind",5,93,FALSE,0.555215405126073,2.591,0.381848898843868
"new_top7_ind",5,94,FALSE,0.638489256954637,3.35,0.493149286582267
"new_top7_ind",5,95,FALSE,0.528145078253106,2.374,0.529852079753921
"new_top7_ind",5,96,FALSE,0.227552503379865,0.6887,0.514450190343284
"new_top7_ind",5,97,FALSE,0.430075055551939,1.692,0.534049281582014
"new_top7_ind",5,98,FALSE,0.184549481320698,0.5295,0.325759041963378
"new_top7_ind",5,99,FALSE,0.472537053262077,1.9685,0.495461970026452
"new_top7_ind",5,100,FALSE,0.60616631460762,3.038,0.465585998163889
"new_top7_ind",5,101,FALSE,0.685553652846326,3.8479,0.623722315293106
"new_top7_ind",5,102,TRUE,0.296665190261531,0.98,0.498193013001847
"new_top7_ind",5,103,FALSE,0.491361693834273,2.1,0.538317810706964
"new_top7_ind",5,104,FALSE,0.513217600067939,2.26,0.443401967352644
"new_top7_ind",5,105,TRUE,0.64738297011462,3.44,0.444694500615713
"new_top7_ind",5,106,FALSE,0.491361693834273,2.1,0.500109255421376
"new_top7_ind",5,107,FALSE,0.406028944963615,1.547,0.420968178887345
"new_top7_ind",5,108,FALSE,0.752025387323213,4.6497,0.497327161535594
"new_top7_ind",5,109,TRUE,0.6414741105041,3.38,0.46588580227652
"new_top7_ind",5,110,FALSE,0.416307587059883,1.608,0.550096553388084
"new_top7_ind",5,111,FALSE,0.966610986681934,8.26,0.737125800294916
"new_top7_ind",5,112,FALSE,0.188647295999717,0.544,0.351225728545052
"new_top7_ind",5,113,FALSE,0.708335902682263,4.109,0.504047645822359
"new_top7_ind",5,114,FALSE,0.685741738602264,3.85,0.93099910043078
"new_top7_ind",5,115,FALSE,0.559308010907013,2.625,0.461680504732022
"new_top7_ind",5,116,FALSE,0.355259905527378,1.266,0.422386102180674
"new_top7_ind",5,117,FALSE,0.187520720836463,0.54,0.383073517176177
"new_top7_ind",5,118,TRUE,0.569373909615046,2.71,0.420346836047374
"new_top7_ind",5,119,FALSE,0.572523097849638,2.737,0.523110357301691
"new_top7_ind",5,120,FALSE,0.538070787043172,2.452,0.512479186312128
"new_top7_ind",5,121,FALSE,0.374748346010104,1.37,0.381194451286601
"new_top7_ind",5,122,FALSE,0.294686624279443,0.971,0.318952793636589
"new_top7_ind",5,123,FALSE,0.432969290874406,1.71,0.438165321880201
"new_top7_ind",5,124,TRUE,0.320146286111054,1.09,0.555196273910757
"new_top7_ind",5,125,FALSE,0.574262829707027,2.752,0.438017125093782
"new_top7_ind",5,126,FALSE,0.610234175334389,3.076,0.593031642993434
"new_top7_ind",5,127,FALSE,0.173186268412274,0.49,0.219004175641133
"new_top7_ind",5,128,FALSE,0.314499227973151,1.063,0.417971065805685
"new_top7_ind",5,129,FALSE,0.753330221324521,4.6667,0.501456002577307
"new_top7_ind",5,130,FALSE,0.338456493604605,1.18,0.448896965933091
"new_top7_ind",5,131,TRUE,0.0253058652647703,0.06,0.388079034440754
"new_top7_ind",5,132,FALSE,0.21045229296202,0.6235,0.297831701477163
"new_top7_ind",5,133,FALSE,0.440121603187804,1.755,0.450777108844972
"new_top7_ind",5,134,TRUE,0.181872159010334,0.5201,0.473556407429322
"new_top7_ind",5,135,FALSE,0.761326322421457,4.772,0.590802897920571
"new_top7_ind",5,136,FALSE,0.662757831681574,3.6,0.386731897845013
"new_top7_ind",5,137,FALSE,0.409425868671443,1.567,0.433785805712613
"new_top7_ind",5,138,FALSE,0.387389826338729,1.44,0.345032323957908
"new_top7_ind",5,139,FALSE,0.256236533205923,0.804,0.416590508196175
"new_top7_ind",5,140,FALSE,0.381656482585787,1.408,0.405764426158078
"new_top7_ind",5,141,FALSE,0.43568513794163,1.727,0.470666765702927
"new_top7_ind",5,142,FALSE,0.190331698170291,0.55,0.515385440387316
"new_top7_ind",5,143,FALSE,0.208978517276253,0.618,0.437224035678577
"new_top7_ind",5,144,TRUE,0.506505032404872,2.21,0.473472741596604
"new_top7_ind",5,145,FALSE,0.390935107103379,1.46,0.419336972571389
"new_top7_ind",5,146,FALSE,0.442479769064449,1.77,0.514715163482412
"new_top7_ind",5,147,FALSE,0.417139409727326,1.613,0.451610513400977
"new_top7_ind",5,148,FALSE,0.260071387985075,0.82,0.383832159095106
"new_top7_ind",5,149,TRUE,0.308777773664721,1.036,0.363741206503307
"new_top7_ind",5,150,FALSE,0.583198773968623,2.83,0.492658559226917
"new_top7_ind",5,151,TRUE,0.456062224454951,1.858,0.439308618157105
"new_top7_ind",5,152,FALSE,0.370698092575577,1.348,0.398449808302154
"new_top7_ind",5,153,FALSE,0.639486489268586,3.36,0.618147550077409
"new_top7_ind",5,154,TRUE,0.590284403718162,2.893,0.448986355356712
"new_top7_ind",5,155,FALSE,0.618215503279417,3.1516,0.590887254634128
"new_top7_ind",5,156,FALSE,0.224533062606086,0.677,0.44314845041897
"new_top7_ind",5,157,FALSE,0.234010817587179,0.714,0.290387678333734
"new_top7_ind",5,158,FALSE,0.595826777073223,2.943,0.433463750215477
"new_top7_ind",5,159,TRUE,0.612783856719735,3.1,0.512210974060565
"new_top7_ind",5,160,FALSE,0.581266805273671,2.813,0.563013740662197
"new_top7_ind",5,161,FALSE,0.588383768378728,2.876,0.598173300636699
"new_top7_ind",5,162,FALSE,0.108226656374928,0.283,0.391448984891749
"new_top7_ind",5,163,TRUE,0.381115080709851,1.405,0.449435044014305
"new_top7_ind",5,164,FALSE,0.255272505103306,0.8,0.518266364052629
"new_top7_ind",5,165,FALSE,0.680879174426811,3.796,0.49394550276471
"new_top7_ind",5,166,FALSE,0.564784384503987,2.671,0.464676430990897
"new_top7_ind",5,167,TRUE,0.526339277389844,2.36,0.328034448852632
"new_top7_ind",5,168,FALSE,0.294466226161593,0.97,0.418404060502818
"new_top7_ind",5,169,FALSE,0.612783856719735,3.1,0.47042122710453
"new_top7_ind",5,170,FALSE,0.5182506513085,2.298,0.55781508642859
"new_top7_ind",5,171,FALSE,0.442949869577862,1.773,0.382182524722577
"new_top7_ind",5,172,FALSE,0.505149978319906,2.2,0.493022964126846
"new_top7_ind",5,173,FALSE,0.305995882770805,1.023,0.422145908878537
"new_top7_ind",5,174,TRUE,0.612783856719735,3.1,0.482608114478572
"new_top7_ind",5,175,TRUE,0.204119982655925,0.6,0.423759142535967
"new_top7_ind",5,176,FALSE,0.677333151419902,3.757,0.385663118027657
"new_top7_ind",5,177,FALSE,0.345961541813141,1.218,0.53868173318585
"new_top7_ind",5,178,FALSE,0.361160995195026,1.297,0.5054812343693
"new_top7_ind",5,179,TRUE,0.127104798364808,0.34,0.375736571443084
"new_top7_ind",5,180,FALSE,0.514547752660286,2.27,0.362328852684492
"new_top7_ind",5,181,FALSE,0.362350507594848,1.3033,0.472695083197742
"new_top7_ind",5,182,FALSE,0.662757831681574,3.6,0.482207581239783
"new_top7_ind",5,183,FALSE,0.313867220369153,1.06,0.397699450873774
"new_top7_ind",5,184,FALSE,0.839666556882433,5.913,0.540239215593876
"new_top7_ind",5,185,FALSE,0.16999753706657,0.4791,0.372654791914157
"new_top7_ind",5,186,FALSE,0.129367595722986,0.347,0.14256202404435
"new_top7_ind",5,187,FALSE,0.36078268987328,1.295,0.354303699521145
"new_top7_ind",5,188,FALSE,0.429106008332697,1.686,0.482076314538598
"new_top7_ind",5,189,FALSE,0.702602841340427,4.042,0.55285615283675
"new_top7_ind",5,190,FALSE,0.571708831808688,2.73,0.47152776318583
"new_top7_ind",5,191,FALSE,0.343920385393226,1.2076,0.301229835576512
"new_top7_ind",5,192,FALSE,0.695131297704026,3.956,0.500800681566219
"new_top7_ind",5,193,FALSE,0.629409599102719,3.26,0.525201591695845
"new_top7_ind",5,194,FALSE,0.414973347970818,1.6,0.413150842171486
"new_top7_ind",5,195,FALSE,0.276231957921834,0.889,0.398015376141519
"new_top7_ind",5,196,FALSE,0.531478917042255,2.4,0.538823811026383
"new_top7_ind",5,197,FALSE,0.236789099409293,0.725,0.377348033065682
"new_top7_ind",5,198,FALSE,0.756407872548958,4.707,0.791800828368517
"new_top7_ind",5,199,FALSE,0.718750734739665,4.233,0.601327974468522
"new_top7_ind",5,200,FALSE,0.515211304327802,2.275,0.417789923404168
"new_top7_ind",5,201,TRUE,0.3654879848909,1.32,0.404601726140388
"new_top7_ind",5,202,TRUE,0.344392273685111,1.21,0.416495946115295
"new_top7_ind",5,203,FALSE,0.196728722623287,0.573,0.458170282443127
"new_top7_ind",5,204,FALSE,0.392696953259666,1.47,0.454972416565473
"new_top7_ind",5,205,FALSE,0.365394376854778,1.3195,0.426238329868802
"new_top7_ind",5,206,TRUE,0.389166084364532,1.45,0.411051975041761
"new_top7_ind",5,207,FALSE,0.653212513775344,3.5,0.466580638365043
"new_top7_ind",5,208,FALSE,0.440594261839831,1.758,0.392523070074185
"new_top7_ind",5,209,TRUE,0.202215775801131,0.593,0.451115317423763
"new_top7_ind",5,210,FALSE,0.48572142648158,2.06,0.370766637137923
"new_top7_ind",5,211,FALSE,0.244277120801843,0.755,0.427720199384167
"new_top7_ind",5,212,FALSE,0.372727940885595,1.359,0.483899429753738
"new_top7_ind",5,213,FALSE,0.52244423350632,2.33,0.488484124585032
"new_top7_ind",5,214,FALSE,0.257678574869184,0.81,0.359721846594864
"new_top7_ind",5,215,FALSE,0.384353414137506,1.423,0.560475747086772
"new_top7_ind",5,216,FALSE,0.335858911319818,1.167,0.467485416842748
"new_top7_ind",5,217,FALSE,0.555094448578319,2.59,0.545676551636082
"new_top7_ind",5,218,FALSE,0.271841606536499,0.87,0.54542071409977
"new_top7_ind",5,219,FALSE,0.471291711058939,1.96,0.449981029773978
"new_top7_ind",5,220,TRUE,0.294906910605192,0.972,0.465913452630323
"new_top7_ind",5,221,FALSE,0.655138434811382,3.52,0.589396366922759
"new_top7_ind",5,222,FALSE,0.528916700277655,2.38,0.450693020929565
"new_top7_ind",5,223,TRUE,0.237040791379191,0.726,0.463393787418211
"new_top7_ind",5,224,FALSE,0.777426822389311,4.99,0.493761327337557
"new_top7_ind",5,225,TRUE,0.191730393362856,0.555,0.452905797438041
"new_top7_ind",5,226,FALSE,0.239549720840473,0.736,0.475682342427236
"new_top7_ind",5,227,TRUE,0.582404298019028,2.823,0.528591443282501
"new_top7_ind",5,228,TRUE,0.569373909615046,2.71,0.380886565901026
"new_top7_ind",5,229,FALSE,0.334252642334231,1.159,0.414806774072801
"new_top7_ind",5,230,FALSE,0.406369835469268,1.549,0.465585255907831
"new_top7_ind",5,231,FALSE,0.216165902285993,0.645,0.551283813805996
"new_top7_ind",5,232,FALSE,0.0597526942092988,0.1475,0.28618272474336
"new_top7_ind",5,233,TRUE,0.472463896606989,1.968,0.446417918917887
"new_top7_ind",5,234,FALSE,0.666985718329661,3.645,0.432902881016451
"new_top7_ind",5,235,FALSE,0.65417654187796,3.51,0.536467125591498
"new_top7_ind",5,236,FALSE,0.259593878885949,0.818,0.456254690775527
"new_top7_ind",5,237,FALSE,0.527114111639805,2.366,0.547255487826805
"new_top7_ind",5,238,TRUE,0.367169488534681,1.329,0.394049630578527
"new_top7_ind",5,239,TRUE,0.19228861256812,0.557,0.348896082378638
"new_top7_ind",5,240,FALSE,0.478566495593843,2.01,0.292548911738077
"new_top7_ind",5,241,FALSE,0.253580289562183,0.793,0.314840204005618
"new_top7_ind",5,242,FALSE,0.27554168840131,0.886,0.345565430390378
"new_top7_ind",5,243,FALSE,0.532627001228891,2.409,0.355294812001824
"new_top7_ind",5,244,TRUE,0.542451947375977,2.487,0.433640945663072
"new_top7_ind",5,245,FALSE,0.381836799998343,1.409,0.39951401919604
"new_top7_ind",5,246,TRUE,0.511616020569138,2.248,0.533136408513518
"new_top7_ind",5,247,FALSE,0.476831628512261,1.998,0.577884594605652
"new_top7_ind",5,248,FALSE,0.301029995663981,1,0.486580060632422
"new_top7_ind",5,249,FALSE,0.325823419002744,1.1175,0.353153815717503
"new_top7_ind",5,250,FALSE,0.586024382386976,2.855,0.533690746352099
"new_top7_ind",5,251,FALSE,0.218535505216528,0.654,0.329632065926858
"new_top7_ind",5,252,FALSE,0.0480531731156091,0.117,0.190169821994904
"new_top7_ind",5,253,FALSE,0.378397900948138,1.39,0.517002176912484
"new_top7_ind",5,254,FALSE,0.595275711802099,2.938,0.437698705302207
"new_top7_ind",5,255,FALSE,0.398807730203264,1.505,0.423522331634745
"new_top7_ind",5,256,TRUE,0.161368002234975,0.45,0.320519732019739
"new_top7_ind",5,257,FALSE,0.456214155357989,1.859,0.370728477081737
"new_top7_ind",5,258,FALSE,0.641126932803509,3.3765,0.476547979661656
"new_top7_ind",5,259,FALSE,0.54020429984206,2.469,0.353089834050441
"new_top7_ind",5,260,FALSE,0.0328201494385639,0.0785,0.0339545481896501
"new_top7_ind",5,261,FALSE,0.434888120867316,1.722,0.512078187759281
"new_top7_ind",5,262,FALSE,0.332034277027518,1.148,0.350652151060012
"new_top7_ind",5,263,FALSE,0.391816923613249,1.465,0.605955771436367
"new_top7_ind",5,264,TRUE,0.347427598618541,1.2255,0.480119210937762
"new_top7_ind",5,265,FALSE,0.352182518111362,1.25,0.309637272553427
"new_top7_ind",5,266,TRUE,0.154119525515847,0.426,0.241984270651629
"new_top7_ind",5,267,FALSE,0.591398551281249,2.903,0.414878704917337
"new_top7_ind",5,268,TRUE,0.315970345456918,1.07,0.402570573762251
"new_top7_ind",5,269,FALSE,0.470410490975931,1.954,0.474788955893954
"new_top7_ind",5,270,FALSE,0.826074802700826,5.7,0.911328694234934
"new_top7_ind",5,271,TRUE,0.273232834043046,0.876,0.542817663572989
"new_top7_ind",5,272,FALSE,0.234264124378789,0.715,0.385106522853952
"new_top7_ind",5,273,FALSE,0.504878459410216,2.198,0.431355039676562
"new_top7_ind",5,274,FALSE,0.582744965691277,2.826,0.363715897835234
"new_top7_ind",5,275,FALSE,0.542327382773974,2.486,0.466746361934395
"new_top7_ind",5,276,FALSE,0.657055852857104,3.54,0.45572583237432
"new_top7_ind",5,277,FALSE,0.328379603438738,1.13,0.353502735109332
"new_top7_ind",5,278,FALSE,0.4679039465228,1.937,0.221829929101028
"new_top7_ind",5,279,FALSE,0.331427296520743,1.145,0.467981051054957
"new_top7_ind",5,280,FALSE,0.352664799651101,1.2525,0.429536756042749
"new_top7_ind",5,281,FALSE,0.437116093048079,1.736,0.278566849855189
"new_top7_ind",5,282,FALSE,0.325043347403704,1.1137,0.391742923564999
"new_top7_ind",5,283,FALSE,0.775319121829478,4.961,0.493470380537513
"new_top7_ind",5,284,FALSE,0.526442668529935,2.3608,0.416449882692405
"new_top7_ind",5,285,FALSE,0.682145076373832,3.81,0.573423724143979
"new_top7_ind",5,286,FALSE,0.425534220498263,1.664,0.48026727944281
"new_top7_ind",5,287,FALSE,0.659726095237792,3.568,0.548553601317801
"new_top7_ind",5,288,FALSE,0.672097857935718,3.7,0.40006048198417
"new_top7_ind",5,289,FALSE,0.534026106056135,2.42,0.398234547829791
"new_top7_ind",5,290,FALSE,0.615950051656401,3.13,0.527047180350173
"new_top7_ind",5,291,TRUE,0.262451089730429,0.83,0.373794103333127
"new_full",1,1,TRUE,0.482873583608754,2.04,0.330826596952224
"new_full",1,2,TRUE,0.496929648073215,2.14,0.492588783605523
"new_full",1,3,TRUE,0.623042434246382,3.198,0.448599469963581
"new_full",1,4,TRUE,0.523746466811564,2.34,0.557660178253429
"new_full",1,5,TRUE,0.47567118832443,1.99,0.40719776438252
"new_full",1,6,TRUE,0.0681858617461616,0.17,0.376356909084046
"new_full",1,7,FALSE,0.469674772551798,1.949,0.336521785021752
"new_full",1,8,FALSE,0.387389826338729,1.44,0.445998991612083
"new_full",1,9,FALSE,0.627365856592733,3.24,0.371090981281239
"new_full",1,10,FALSE,0.591064607026499,2.9,0.421769540491047
"new_full",1,11,FALSE,0.218220304175545,0.6528,0.294393069269992
"new_full",1,12,TRUE,0.680335513414563,3.79,0.499111262336836
"new_full",1,13,TRUE,0.680607428991788,3.793,0.424326629805749
"new_full",1,14,FALSE,0.721810615212547,4.27,0.556900027374192
"new_full",1,15,TRUE,0.20682587603185,0.61,0.373914979473804
"new_full",1,16,TRUE,0.582063362911709,2.82,0.418321682139239
"new_full",1,17,FALSE,0.696094159995223,3.967,0.520329812753139
"new_full",1,18,TRUE,0.40823996531185,1.56,0.392478469980196
"new_full",1,19,FALSE,0.433001340945038,1.7102,0.404587547236228
"new_full",1,20,FALSE,0.653212513775344,3.5,0.432092421169605
"new_full",1,21,FALSE,0.558072259099146,2.6147,0.386418914261114
"new_full",1,22,FALSE,0.261928672990642,0.8278,0.245571056399589
"new_full",1,23,FALSE,0.862727528317975,6.29,0.620928877349462
"new_full",1,24,TRUE,0.637489729512511,3.34,0.507557837563557
"new_full",1,25,FALSE,0.504878459410216,2.198,0.350587683033452
"new_full",1,26,FALSE,0.286995073968852,0.9364,0.366272121972892
"new_full",1,27,TRUE,0.662757831681574,3.6,0.446689697264284
"new_full",1,28,FALSE,0.524525936626376,2.346,0.453808613282182
"new_full",1,29,TRUE,0.406540180433955,1.55,0.49139743030423
"new_full",1,30,FALSE,0.656098202012832,3.53,0.542338203403919
"new_full",1,31,FALSE,0.517987203025078,2.296,0.362268420629946
"new_full",1,32,FALSE,0.703119346236078,4.048,0.518751137500841
"new_full",1,33,FALSE,0.691081492122968,3.91,0.502971291725299
"new_full",1,34,FALSE,0.73319726510657,4.41,0.679181592243852
"new_full",1,35,FALSE,0.408070285887185,1.559,0.440788015365282
"new_full",1,36,FALSE,0.396024896608593,1.489,0.452317173465807
"new_full",1,37,FALSE,0.398391440229475,1.5026,0.455728480806293
"new_full",1,38,FALSE,0.770852011642144,4.9,0.569437789729087
"new_full",1,39,TRUE,0.15836249209525,0.44,0.379669606270674
"new_full",1,40,FALSE,0.625415352154408,3.221,0.511403172776696
"new_full",1,41,FALSE,0.496334505996816,2.1357,0.483662936999788
"new_full",1,42,FALSE,0.679427896612119,3.78,0.594839694374835
"new_full",1,43,FALSE,0.610116955411928,3.0749,0.52997251882737
"new_full",1,44,FALSE,0.645913275033844,3.425,0.465839429901943
"new_full",1,45,FALSE,0.465382851448418,1.92,0.409548909844223
"new_full",1,46,FALSE,0.569490954348783,2.711,0.520818356448005
"new_full",1,47,FALSE,0.187520720836463,0.54,0.28004724003986
"new_full",1,48,FALSE,0.465813957269479,1.9229,0.477900353541928
"new_full",1,49,FALSE,0.231214647962601,0.703,0.507549634601322
"new_full",1,50,FALSE,0.670802284260944,3.686,0.606391785029889
"new_full",1,51,FALSE,0.459935016851525,1.8836,0.522261156698203
"new_full",1,52,FALSE,0.287129620719111,0.937,0.412654580189997
"new_full",1,53,FALSE,0.6232492903979,3.2,0.543153877358474
"new_full",1,54,FALSE,0.8109042806687,5.47,0.608816316273968
"new_full",1,55,TRUE,0.354108439147401,1.26,0.434423376338512
"new_full",1,56,FALSE,0.129141845792285,0.3463,0.401822668022587
"new_full",1,57,FALSE,0.244969460136198,0.7578,0.418089897051086
"new_full",1,58,FALSE,0.364363354615731,1.314,0.39001975147023
"new_full",1,59,TRUE,0.334212409393176,1.1588,0.449216361022337
"new_full",1,60,FALSE,0.489677291663699,2.088,0.540348108709283
"new_full",1,61,FALSE,0.525304009958239,2.352,0.479695347594442
"new_full",1,62,TRUE,0.406540180433955,1.55,0.393412663095843
"new_full",1,63,FALSE,0.335457900689384,1.165,0.529019500229638
"new_full",1,64,FALSE,0.419873175149476,1.6295,0.535825654551866
"new_full",1,65,FALSE,0.397227181043161,1.4959,0.548411899182653
"new_full",1,66,TRUE,0.59659709562646,2.95,0.589112247340258
"new_full",1,67,FALSE,0.260071387985075,0.82,0.447545143966064
"new_full",1,68,FALSE,0.489466281303128,2.0865,0.548642568593167
"new_full",1,69,FALSE,0.544018407858776,2.4996,0.64431279727584
"new_full",1,70,TRUE,0.222976449893391,0.671,0.458834271943557
"new_full",1,71,FALSE,0.28397928423848,0.923,0.598082824554618
"new_full",1,72,FALSE,0.6652056284346,3.626,0.578907837296941
"new_full",1,73,FALSE,0.537819095073274,2.45,0.585560849584884
"new_full",1,74,FALSE,0.501059262217751,2.17,0.507623036092886
"new_full",1,75,FALSE,0.415699348887829,1.60435,0.443390683998476
"new_full",1,76,TRUE,0.298853076409707,0.99,0.424527443362999
"new_full",1,77,TRUE,0.289365951520032,0.947,0.406467289745104
"new_full",1,78,FALSE,0.497620649781288,2.145,0.324583480129133
"new_full",1,79,TRUE,0.778151250383644,5,0.548475758376244
"new_full",1,80,TRUE,0.260071387985075,0.82,0.399000284960316
"new_full",1,81,FALSE,0.367542273520577,1.331,0.466954497909174
"new_full",1,82,FALSE,0.534026106056135,2.42,0.431913978306515
"new_full",1,83,FALSE,0.287129620719111,0.937,0.34298181470891
"new_full",1,84,FALSE,0.469822015978163,1.95,0.382927358634572
"new_full",1,85,TRUE,0.399673721481038,1.51,0.398281307925877
"new_full",1,86,FALSE,0.307496037913213,1.03,0.256136537484394
"new_full",1,87,FALSE,0.247236549506764,0.767,0.390647879076096
"new_full",1,88,FALSE,0.6232492903979,3.2,0.438807995457759
"new_full",1,89,TRUE,0.429752280002408,1.69,0.501838576501399
"new_full",1,90,TRUE,0.566943971856554,2.6893,0.4499110561454
"new_full",1,91,FALSE,0.605951157564873,3.036,0.495720058662558
"new_full",1,92,FALSE,0.265996370495079,0.845,0.495725522156877
"new_full",1,93,FALSE,0.555215405126073,2.591,0.369780552219294
"new_full",1,94,FALSE,0.638489256954637,3.35,0.471036963549876
"new_full",1,95,FALSE,0.528145078253106,2.374,0.517237611697173
"new_full",1,96,FALSE,0.227552503379865,0.6887,0.507425197421909
"new_full",1,97,FALSE,0.430075055551939,1.692,0.516100672372636
"new_full",1,98,FALSE,0.184549481320698,0.5295,0.323061599834687
"new_full",1,99,FALSE,0.472537053262077,1.9685,0.511725398562649
"new_full",1,100,FALSE,0.60616631460762,3.038,0.518775651168694
"new_full",1,101,FALSE,0.685553652846326,3.8479,0.62705777401918
"new_full",1,102,TRUE,0.296665190261531,0.98,0.495447631472332
"new_full",1,103,FALSE,0.491361693834273,2.1,0.548880415715526
"new_full",1,104,FALSE,0.513217600067939,2.26,0.396283869169619
"new_full",1,105,TRUE,0.64738297011462,3.44,0.413740745826314
"new_full",1,106,FALSE,0.491361693834273,2.1,0.51189153335208
"new_full",1,107,FALSE,0.406028944963615,1.547,0.404659613645591
"new_full",1,108,FALSE,0.752025387323213,4.6497,0.494241869771625
"new_full",1,109,TRUE,0.6414741105041,3.38,0.495389877627983
"new_full",1,110,FALSE,0.416307587059883,1.608,0.509554213581238
"new_full",1,111,FALSE,0.966610986681934,8.26,0.74770137558702
"new_full",1,112,FALSE,0.188647295999717,0.544,0.33740082424075
"new_full",1,113,FALSE,0.708335902682263,4.109,0.515594874224701
"new_full",1,114,FALSE,0.685741738602264,3.85,0.818005354018988
"new_full",1,115,FALSE,0.559308010907013,2.625,0.439783071506581
"new_full",1,116,FALSE,0.355259905527378,1.266,0.432645046165347
"new_full",1,117,FALSE,0.187520720836463,0.54,0.338320615894929
"new_full",1,118,TRUE,0.569373909615046,2.71,0.473641013100934
"new_full",1,119,FALSE,0.572523097849638,2.737,0.495334361289174
"new_full",1,120,FALSE,0.538070787043172,2.452,0.493412961510478
"new_full",1,121,FALSE,0.374748346010104,1.37,0.425601393359395
"new_full",1,122,FALSE,0.294686624279443,0.971,0.300614763045129
"new_full",1,123,FALSE,0.432969290874406,1.71,0.423861161809482
"new_full",1,124,TRUE,0.320146286111054,1.09,0.564718340808435
"new_full",1,125,FALSE,0.574262829707027,2.752,0.429028371155921
"new_full",1,126,FALSE,0.610234175334389,3.076,0.586511516304878
"new_full",1,127,FALSE,0.173186268412274,0.49,0.179138420409258
"new_full",1,128,FALSE,0.314499227973151,1.063,0.374719056537681
"new_full",1,129,FALSE,0.753330221324521,4.6667,0.493590129384731
"new_full",1,130,FALSE,0.338456493604605,1.18,0.451616282529514
"new_full",1,131,TRUE,0.0253058652647703,0.06,0.381174323310303
"new_full",1,132,FALSE,0.21045229296202,0.6235,0.291169434747276
"new_full",1,133,FALSE,0.440121603187804,1.755,0.493955649856982
"new_full",1,134,TRUE,0.181872159010334,0.5201,0.459783215696722
"new_full",1,135,FALSE,0.761326322421457,4.772,0.626154572815595
"new_full",1,136,FALSE,0.662757831681574,3.6,0.385877032617813
"new_full",1,137,FALSE,0.409425868671443,1.567,0.438372717901635
"new_full",1,138,FALSE,0.387389826338729,1.44,0.3078257772879
"new_full",1,139,FALSE,0.256236533205923,0.804,0.35946712181427
"new_full",1,140,FALSE,0.381656482585787,1.408,0.422035904473248
"new_full",1,141,FALSE,0.43568513794163,1.727,0.42776230278793
"new_full",1,142,FALSE,0.190331698170291,0.55,0.430463462817245
"new_full",1,143,FALSE,0.208978517276253,0.618,0.453102697969001
"new_full",1,144,TRUE,0.506505032404872,2.21,0.484382971984378
"new_full",1,145,FALSE,0.390935107103379,1.46,0.381006359319201
"new_full",1,146,FALSE,0.442479769064449,1.77,0.512179534139711
"new_full",1,147,FALSE,0.417139409727326,1.613,0.453764231375601
"new_full",1,148,FALSE,0.260071387985075,0.82,0.406742169145878
"new_full",1,149,TRUE,0.308777773664721,1.036,0.38963840482134
"new_full",1,150,FALSE,0.583198773968623,2.83,0.499473724912588
"new_full",1,151,TRUE,0.456062224454951,1.858,0.437529382289336
"new_full",1,152,FALSE,0.370698092575577,1.348,0.442027688115705
"new_full",1,153,FALSE,0.639486489268586,3.36,0.631937329427649
"new_full",1,154,TRUE,0.590284403718162,2.893,0.484217663667665
"new_full",1,155,FALSE,0.618215503279417,3.1516,0.567061439842913
"new_full",1,156,FALSE,0.224533062606086,0.677,0.431141128521365
"new_full",1,157,FALSE,0.234010817587179,0.714,0.288602748689575
"new_full",1,158,FALSE,0.595826777073223,2.943,0.430944712992927
"new_full",1,159,TRUE,0.612783856719735,3.1,0.543989583075736
"new_full",1,160,FALSE,0.581266805273671,2.813,0.52909071343693
"new_full",1,161,FALSE,0.588383768378728,2.876,0.558004548179078
"new_full",1,162,FALSE,0.108226656374928,0.283,0.46465911909977
"new_full",1,163,TRUE,0.381115080709851,1.405,0.445011388185398
"new_full",1,164,FALSE,0.255272505103306,0.8,0.541220667031916
"new_full",1,165,FALSE,0.680879174426811,3.796,0.521572607452519
"new_full",1,166,FALSE,0.564784384503987,2.671,0.478924780175704
"new_full",1,167,TRUE,0.526339277389844,2.36,0.368316236410938
"new_full",1,168,FALSE,0.294466226161593,0.97,0.425240328783801
"new_full",1,169,FALSE,0.612783856719735,3.1,0.468098908113815
"new_full",1,170,FALSE,0.5182506513085,2.298,0.550150921878784
"new_full",1,171,FALSE,0.442949869577862,1.773,0.408206742607259
"new_full",1,172,FALSE,0.505149978319906,2.2,0.467133126887321
"new_full",1,173,FALSE,0.305995882770805,1.023,0.441724116129525
"new_full",1,174,TRUE,0.612783856719735,3.1,0.494985475669256
"new_full",1,175,TRUE,0.204119982655925,0.6,0.449155151629243
"new_full",1,176,FALSE,0.677333151419902,3.757,0.401979899165459
"new_full",1,177,FALSE,0.345961541813141,1.218,0.579320436682803
"new_full",1,178,FALSE,0.361160995195026,1.297,0.464856169420122
"new_full",1,179,TRUE,0.127104798364808,0.34,0.333234796720825
"new_full",1,180,FALSE,0.514547752660286,2.27,0.330816298084837
"new_full",1,181,FALSE,0.362350507594848,1.3033,0.443675622900413
"new_full",1,182,FALSE,0.662757831681574,3.6,0.465997148164893
"new_full",1,183,FALSE,0.313867220369153,1.06,0.448952046819324
"new_full",1,184,FALSE,0.839666556882433,5.913,0.448528232739571
"new_full",1,185,FALSE,0.16999753706657,0.4791,0.372168645363826
"new_full",1,186,FALSE,0.129367595722986,0.347,0.15527487158858
"new_full",1,187,FALSE,0.36078268987328,1.295,0.325717009933503
"new_full",1,188,FALSE,0.429106008332697,1.686,0.472252578634241
"new_full",1,189,FALSE,0.702602841340427,4.042,0.58144536517676
"new_full",1,190,FALSE,0.571708831808688,2.73,0.451382730593121
"new_full",1,191,FALSE,0.343920385393226,1.2076,0.284775184876526
"new_full",1,192,FALSE,0.695131297704026,3.956,0.51440451223975
"new_full",1,193,FALSE,0.629409599102719,3.26,0.529086579227879
"new_full",1,194,FALSE,0.414973347970818,1.6,0.433381099776173
"new_full",1,195,FALSE,0.276231957921834,0.889,0.382129359055058
"new_full",1,196,FALSE,0.531478917042255,2.4,0.492949914632195
"new_full",1,197,FALSE,0.236789099409293,0.725,0.355191185773379
"new_full",1,198,FALSE,0.756407872548958,4.707,0.721363460794161
"new_full",1,199,FALSE,0.718750734739665,4.233,0.550476517468306
"new_full",1,200,FALSE,0.515211304327802,2.275,0.43158322074523
"new_full",1,201,TRUE,0.3654879848909,1.32,0.415220446567976
"new_full",1,202,TRUE,0.344392273685111,1.21,0.421001581931118
"new_full",1,203,FALSE,0.196728722623287,0.573,0.458114156680373
"new_full",1,204,FALSE,0.392696953259666,1.47,0.460784687006719
"new_full",1,205,FALSE,0.365394376854778,1.3195,0.397452552929614
"new_full",1,206,TRUE,0.389166084364532,1.45,0.438055740246221
"new_full",1,207,FALSE,0.653212513775344,3.5,0.455376444565934
"new_full",1,208,FALSE,0.440594261839831,1.758,0.373468882585905
"new_full",1,209,TRUE,0.202215775801131,0.593,0.446445813639312
"new_full",1,210,FALSE,0.48572142648158,2.06,0.385862121320417
"new_full",1,211,FALSE,0.244277120801843,0.755,0.491523367772878
"new_full",1,212,FALSE,0.372727940885595,1.359,0.43698302494045
"new_full",1,213,FALSE,0.52244423350632,2.33,0.481324285089565
"new_full",1,214,FALSE,0.257678574869184,0.81,0.37683823528705
"new_full",1,215,FALSE,0.384353414137506,1.423,0.505661668779373
"new_full",1,216,FALSE,0.335858911319818,1.167,0.481588281233232
"new_full",1,217,FALSE,0.555094448578319,2.59,0.523929252988684
"new_full",1,218,FALSE,0.271841606536499,0.87,0.524579274252122
"new_full",1,219,FALSE,0.471291711058939,1.96,0.468493416774942
"new_full",1,220,TRUE,0.294906910605192,0.972,0.444671712214455
"new_full",1,221,FALSE,0.655138434811382,3.52,0.58140060949109
"new_full",1,222,FALSE,0.528916700277655,2.38,0.470352722951233
"new_full",1,223,TRUE,0.237040791379191,0.726,0.500173960237662
"new_full",1,224,FALSE,0.777426822389311,4.99,0.487571129171271
"new_full",1,225,TRUE,0.191730393362856,0.555,0.503422289079657
"new_full",1,226,FALSE,0.239549720840473,0.736,0.454146463884808
"new_full",1,227,TRUE,0.582404298019028,2.823,0.558349825826052
"new_full",1,228,TRUE,0.569373909615046,2.71,0.398388094923767
"new_full",1,229,FALSE,0.334252642334231,1.159,0.422157149239826
"new_full",1,230,FALSE,0.406369835469268,1.549,0.435282354991768
"new_full",1,231,FALSE,0.216165902285993,0.645,0.539541059308266
"new_full",1,232,FALSE,0.0597526942092988,0.1475,0.252651893033219
"new_full",1,233,TRUE,0.472463896606989,1.968,0.518299620885502
"new_full",1,234,FALSE,0.666985718329661,3.645,0.428844191548082
"new_full",1,235,FALSE,0.65417654187796,3.51,0.556891798280152
"new_full",1,236,FALSE,0.259593878885949,0.818,0.480911914607522
"new_full",1,237,FALSE,0.527114111639805,2.366,0.558280792208716
"new_full",1,238,TRUE,0.367169488534681,1.329,0.416827936204627
"new_full",1,239,TRUE,0.19228861256812,0.557,0.349961579316557
"new_full",1,240,FALSE,0.478566495593843,2.01,0.306608294183612
"new_full",1,241,FALSE,0.253580289562183,0.793,0.369461499473442
"new_full",1,242,FALSE,0.27554168840131,0.886,0.357761182810553
"new_full",1,243,FALSE,0.532627001228891,2.409,0.402459682388734
"new_full",1,244,TRUE,0.542451947375977,2.487,0.439136887573205
"new_full",1,245,FALSE,0.381836799998343,1.409,0.388817280218825
"new_full",1,246,TRUE,0.511616020569138,2.248,0.553922179054749
"new_full",1,247,FALSE,0.476831628512261,1.998,0.546853714784031
"new_full",1,248,FALSE,0.301029995663981,1,0.509362980622287
"new_full",1,249,FALSE,0.325823419002744,1.1175,0.360412837543034
"new_full",1,250,FALSE,0.586024382386976,2.855,0.479612042586663
"new_full",1,251,FALSE,0.218535505216528,0.654,0.263483469898034
"new_full",1,252,FALSE,0.0480531731156091,0.117,0.177221598981098
"new_full",1,253,FALSE,0.378397900948138,1.39,0.527278527607379
"new_full",1,254,FALSE,0.595275711802099,2.938,0.388824622875658
"new_full",1,255,FALSE,0.398807730203264,1.505,0.434301539184129
"new_full",1,256,TRUE,0.161368002234975,0.45,0.329220391565069
"new_full",1,257,FALSE,0.456214155357989,1.859,0.359147852896034
"new_full",1,258,FALSE,0.641126932803509,3.3765,0.46520119013307
"new_full",1,259,FALSE,0.54020429984206,2.469,0.338403278774751
"new_full",1,260,FALSE,0.0328201494385639,0.0785,0.179050859283765
"new_full",1,261,FALSE,0.434888120867316,1.722,0.533155073150894
"new_full",1,262,FALSE,0.332034277027518,1.148,0.391963831207299
"new_full",1,263,FALSE,0.391816923613249,1.465,0.585749911076564
"new_full",1,264,TRUE,0.347427598618541,1.2255,0.458868240893545
"new_full",1,265,FALSE,0.352182518111362,1.25,0.263427518460202
"new_full",1,266,TRUE,0.154119525515847,0.426,0.239638599484232
"new_full",1,267,FALSE,0.591398551281249,2.903,0.386474632325061
"new_full",1,268,TRUE,0.315970345456918,1.07,0.431673879827558
"new_full",1,269,FALSE,0.470410490975931,1.954,0.455375381430307
"new_full",1,270,FALSE,0.826074802700826,5.7,0.77216164544768
"new_full",1,271,TRUE,0.273232834043046,0.876,0.577533549151429
"new_full",1,272,FALSE,0.234264124378789,0.715,0.370407700995039
"new_full",1,273,FALSE,0.504878459410216,2.198,0.433837241550334
"new_full",1,274,FALSE,0.582744965691277,2.826,0.354962373410015
"new_full",1,275,FALSE,0.542327382773974,2.486,0.427572800410891
"new_full",1,276,FALSE,0.657055852857104,3.54,0.435584612362688
"new_full",1,277,FALSE,0.328379603438738,1.13,0.380748935873254
"new_full",1,278,FALSE,0.4679039465228,1.937,0.276365743780308
"new_full",1,279,FALSE,0.331427296520743,1.145,0.474813591102582
"new_full",1,280,FALSE,0.352664799651101,1.2525,0.467234689824506
"new_full",1,281,FALSE,0.437116093048079,1.736,0.35019805000411
"new_full",1,282,FALSE,0.325043347403704,1.1137,0.355396967294299
"new_full",1,283,FALSE,0.775319121829478,4.961,0.480548266191898
"new_full",1,284,FALSE,0.526442668529935,2.3608,0.419831637431755
"new_full",1,285,FALSE,0.682145076373832,3.81,0.597072248739771
"new_full",1,286,FALSE,0.425534220498263,1.664,0.47766007394921
"new_full",1,287,FALSE,0.659726095237792,3.568,0.542671970752647
"new_full",1,288,FALSE,0.672097857935718,3.7,0.403183064575064
"new_full",1,289,FALSE,0.534026106056135,2.42,0.416042689524876
"new_full",1,290,FALSE,0.615950051656401,3.13,0.508128377411316
"new_full",1,291,TRUE,0.262451089730429,0.83,0.381980952048747
"new_full",2,1,TRUE,0.482873583608754,2.04,0.309963364107458
"new_full",2,2,TRUE,0.496929648073215,2.14,0.512281811515826
"new_full",2,3,TRUE,0.623042434246382,3.198,0.486054866326324
"new_full",2,4,TRUE,0.523746466811564,2.34,0.520728672649467
"new_full",2,5,TRUE,0.47567118832443,1.99,0.429883799852661
"new_full",2,6,TRUE,0.0681858617461616,0.17,0.327499276660142
"new_full",2,7,FALSE,0.469674772551798,1.949,0.297957288955148
"new_full",2,8,FALSE,0.387389826338729,1.44,0.432760170234955
"new_full",2,9,FALSE,0.627365856592733,3.24,0.387838984055652
"new_full",2,10,FALSE,0.591064607026499,2.9,0.40884283852526
"new_full",2,11,FALSE,0.218220304175545,0.6528,0.240026280241944
"new_full",2,12,TRUE,0.680335513414563,3.79,0.498736570820907
"new_full",2,13,TRUE,0.680607428991788,3.793,0.430826743386554
"new_full",2,14,FALSE,0.721810615212547,4.27,0.54840773683467
"new_full",2,15,TRUE,0.20682587603185,0.61,0.339743531696584
"new_full",2,16,TRUE,0.582063362911709,2.82,0.376168527086171
"new_full",2,17,FALSE,0.696094159995223,3.967,0.477338410296739
"new_full",2,18,TRUE,0.40823996531185,1.56,0.384896067042499
"new_full",2,19,FALSE,0.433001340945038,1.7102,0.423356267584689
"new_full",2,20,FALSE,0.653212513775344,3.5,0.456952407451941
"new_full",2,21,FALSE,0.558072259099146,2.6147,0.406205297283706
"new_full",2,22,FALSE,0.261928672990642,0.8278,0.312114669836366
"new_full",2,23,FALSE,0.862727528317975,6.29,0.636565406745349
"new_full",2,24,TRUE,0.637489729512511,3.34,0.518299434638973
"new_full",2,25,FALSE,0.504878459410216,2.198,0.387729544914431
"new_full",2,26,FALSE,0.286995073968852,0.9364,0.401658609211522
"new_full",2,27,TRUE,0.662757831681574,3.6,0.453167728683632
"new_full",2,28,FALSE,0.524525936626376,2.346,0.462295483495874
"new_full",2,29,TRUE,0.406540180433955,1.55,0.487072270963881
"new_full",2,30,FALSE,0.656098202012832,3.53,0.514975906455003
"new_full",2,31,FALSE,0.517987203025078,2.296,0.310056402912287
"new_full",2,32,FALSE,0.703119346236078,4.048,0.497778680930261
"new_full",2,33,FALSE,0.691081492122968,3.91,0.481533155652234
"new_full",2,34,FALSE,0.73319726510657,4.41,0.670544050488908
"new_full",2,35,FALSE,0.408070285887185,1.559,0.43186190307022
"new_full",2,36,FALSE,0.396024896608593,1.489,0.424417186689703
"new_full",2,37,FALSE,0.398391440229475,1.5026,0.46137266265454
"new_full",2,38,FALSE,0.770852011642144,4.9,0.624698313068623
"new_full",2,39,TRUE,0.15836249209525,0.44,0.378912952461264
"new_full",2,40,FALSE,0.625415352154408,3.221,0.488050807329482
"new_full",2,41,FALSE,0.496334505996816,2.1357,0.551213695480784
"new_full",2,42,FALSE,0.679427896612119,3.78,0.594447930031401
"new_full",2,43,FALSE,0.610116955411928,3.0749,0.533500372959714
"new_full",2,44,FALSE,0.645913275033844,3.425,0.440302491644744
"new_full",2,45,FALSE,0.465382851448418,1.92,0.426455331160473
"new_full",2,46,FALSE,0.569490954348783,2.711,0.506275263728657
"new_full",2,47,FALSE,0.187520720836463,0.54,0.250804951142461
"new_full",2,48,FALSE,0.465813957269479,1.9229,0.459929983971939
"new_full",2,49,FALSE,0.231214647962601,0.703,0.52907917139328
"new_full",2,50,FALSE,0.670802284260944,3.686,0.6179150882318
"new_full",2,51,FALSE,0.459935016851525,1.8836,0.503089757326219
"new_full",2,52,FALSE,0.287129620719111,0.937,0.436869744596818
"new_full",2,53,FALSE,0.6232492903979,3.2,0.54622068976426
"new_full",2,54,FALSE,0.8109042806687,5.47,0.625195892633127
"new_full",2,55,TRUE,0.354108439147401,1.26,0.435700964307305
"new_full",2,56,FALSE,0.129141845792285,0.3463,0.369262987542472
"new_full",2,57,FALSE,0.244969460136198,0.7578,0.443456611937293
"new_full",2,58,FALSE,0.364363354615731,1.314,0.384642423980864
"new_full",2,59,TRUE,0.334212409393176,1.1588,0.437590638502992
"new_full",2,60,FALSE,0.489677291663699,2.088,0.50967931360038
"new_full",2,61,FALSE,0.525304009958239,2.352,0.450729273007515
"new_full",2,62,TRUE,0.406540180433955,1.55,0.394528304038635
"new_full",2,63,FALSE,0.335457900689384,1.165,0.552609379770395
"new_full",2,64,FALSE,0.419873175149476,1.6295,0.544406477941116
"new_full",2,65,FALSE,0.397227181043161,1.4959,0.504289103353426
"new_full",2,66,TRUE,0.59659709562646,2.95,0.615373319702193
"new_full",2,67,FALSE,0.260071387985075,0.82,0.441282103229943
"new_full",2,68,FALSE,0.489466281303128,2.0865,0.549832876621844
"new_full",2,69,FALSE,0.544018407858776,2.4996,0.676685569804331
"new_full",2,70,TRUE,0.222976449893391,0.671,0.441945175130895
"new_full",2,71,FALSE,0.28397928423848,0.923,0.585100550481073
"new_full",2,72,FALSE,0.6652056284346,3.626,0.611102379927802
"new_full",2,73,FALSE,0.537819095073274,2.45,0.573661898925813
"new_full",2,74,FALSE,0.501059262217751,2.17,0.514216118326203
"new_full",2,75,FALSE,0.415699348887829,1.60435,0.446598981534377
"new_full",2,76,TRUE,0.298853076409707,0.99,0.436135987915567
"new_full",2,77,TRUE,0.289365951520032,0.947,0.398124757624602
"new_full",2,78,FALSE,0.497620649781288,2.145,0.323652527951397
"new_full",2,79,TRUE,0.778151250383644,5,0.527548021850641
"new_full",2,80,TRUE,0.260071387985075,0.82,0.40938246761875
"new_full",2,81,FALSE,0.367542273520577,1.331,0.489106437206415
"new_full",2,82,FALSE,0.534026106056135,2.42,0.458140425374021
"new_full",2,83,FALSE,0.287129620719111,0.937,0.338703115556175
"new_full",2,84,FALSE,0.469822015978163,1.95,0.389632782584328
"new_full",2,85,TRUE,0.399673721481038,1.51,0.33993927832436
"new_full",2,86,FALSE,0.307496037913213,1.03,0.25127865206617
"new_full",2,87,FALSE,0.247236549506764,0.767,0.405031537227232
"new_full",2,88,FALSE,0.6232492903979,3.2,0.451372763386921
"new_full",2,89,TRUE,0.429752280002408,1.69,0.507889179328408
"new_full",2,90,TRUE,0.566943971856554,2.6893,0.453594628676391
"new_full",2,91,FALSE,0.605951157564873,3.036,0.518853175960508
"new_full",2,92,FALSE,0.265996370495079,0.845,0.48021078144439
"new_full",2,93,FALSE,0.555215405126073,2.591,0.401502438240117
"new_full",2,94,FALSE,0.638489256954637,3.35,0.495152629399903
"new_full",2,95,FALSE,0.528145078253106,2.374,0.473722268247523
"new_full",2,96,FALSE,0.227552503379865,0.6887,0.496341682535251
"new_full",2,97,FALSE,0.430075055551939,1.692,0.503931994404095
"new_full",2,98,FALSE,0.184549481320698,0.5295,0.320251434656183
"new_full",2,99,FALSE,0.472537053262077,1.9685,0.506750364536576
"new_full",2,100,FALSE,0.60616631460762,3.038,0.509210011737815
"new_full",2,101,FALSE,0.685553652846326,3.8479,0.593248166229894
"new_full",2,102,TRUE,0.296665190261531,0.98,0.519136095617217
"new_full",2,103,FALSE,0.491361693834273,2.1,0.520720825627546
"new_full",2,104,FALSE,0.513217600067939,2.26,0.43500117944492
"new_full",2,105,TRUE,0.64738297011462,3.44,0.403134381250214
"new_full",2,106,FALSE,0.491361693834273,2.1,0.515118935200545
"new_full",2,107,FALSE,0.406028944963615,1.547,0.385729785676564
"new_full",2,108,FALSE,0.752025387323213,4.6497,0.493912766056701
"new_full",2,109,TRUE,0.6414741105041,3.38,0.510100079427579
"new_full",2,110,FALSE,0.416307587059883,1.608,0.530248514872402
"new_full",2,111,FALSE,0.966610986681934,8.26,0.785870117368293
"new_full",2,112,FALSE,0.188647295999717,0.544,0.348462416271487
"new_full",2,113,FALSE,0.708335902682263,4.109,0.504939298674572
"new_full",2,114,FALSE,0.685741738602264,3.85,0.884491768696844
"new_full",2,115,FALSE,0.559308010907013,2.625,0.469095255872025
"new_full",2,116,FALSE,0.355259905527378,1.266,0.447241575037885
"new_full",2,117,FALSE,0.187520720836463,0.54,0.336564653144459
"new_full",2,118,TRUE,0.569373909615046,2.71,0.451344298254246
"new_full",2,119,FALSE,0.572523097849638,2.737,0.606243261320781
"new_full",2,120,FALSE,0.538070787043172,2.452,0.525091301852693
"new_full",2,121,FALSE,0.374748346010104,1.37,0.329440032789652
"new_full",2,122,FALSE,0.294686624279443,0.971,0.318340481333999
"new_full",2,123,FALSE,0.432969290874406,1.71,0.428886252696125
"new_full",2,124,TRUE,0.320146286111054,1.09,0.565204989386209
"new_full",2,125,FALSE,0.574262829707027,2.752,0.435645368791751
"new_full",2,126,FALSE,0.610234175334389,3.076,0.61122154591368
"new_full",2,127,FALSE,0.173186268412274,0.49,0.181936941898744
"new_full",2,128,FALSE,0.314499227973151,1.063,0.407618602287712
"new_full",2,129,FALSE,0.753330221324521,4.6667,0.495514503675056
"new_full",2,130,FALSE,0.338456493604605,1.18,0.486995637744881
"new_full",2,131,TRUE,0.0253058652647703,0.06,0.361192724380041
"new_full",2,132,FALSE,0.21045229296202,0.6235,0.391554360715983
"new_full",2,133,FALSE,0.440121603187804,1.755,0.537434915294625
"new_full",2,134,TRUE,0.181872159010334,0.5201,0.484478977373162
"new_full",2,135,FALSE,0.761326322421457,4.772,0.636829554953676
"new_full",2,136,FALSE,0.662757831681574,3.6,0.403405279579296
"new_full",2,137,FALSE,0.409425868671443,1.567,0.436555923429424
"new_full",2,138,FALSE,0.387389826338729,1.44,0.303771217841711
"new_full",2,139,FALSE,0.256236533205923,0.804,0.368612539478023
"new_full",2,140,FALSE,0.381656482585787,1.408,0.381925150191386
"new_full",2,141,FALSE,0.43568513794163,1.727,0.437245316431628
"new_full",2,142,FALSE,0.190331698170291,0.55,0.420970705857769
"new_full",2,143,FALSE,0.208978517276253,0.618,0.431341735430469
"new_full",2,144,TRUE,0.506505032404872,2.21,0.476731324870973
"new_full",2,145,FALSE,0.390935107103379,1.46,0.39752371170718
"new_full",2,146,FALSE,0.442479769064449,1.77,0.466610508179848
"new_full",2,147,FALSE,0.417139409727326,1.613,0.48613646705275
"new_full",2,148,FALSE,0.260071387985075,0.82,0.397624469835343
"new_full",2,149,TRUE,0.308777773664721,1.036,0.426207173877917
"new_full",2,150,FALSE,0.583198773968623,2.83,0.464335438527234
"new_full",2,151,TRUE,0.456062224454951,1.858,0.445888502138173
"new_full",2,152,FALSE,0.370698092575577,1.348,0.508473307386292
"new_full",2,153,FALSE,0.639486489268586,3.36,0.632824312938925
"new_full",2,154,TRUE,0.590284403718162,2.893,0.508008488660378
"new_full",2,155,FALSE,0.618215503279417,3.1516,0.526272910827275
"new_full",2,156,FALSE,0.224533062606086,0.677,0.524323659179915
"new_full",2,157,FALSE,0.234010817587179,0.714,0.255228320648992
"new_full",2,158,FALSE,0.595826777073223,2.943,0.439005167272463
"new_full",2,159,TRUE,0.612783856719735,3.1,0.523561921476548
"new_full",2,160,FALSE,0.581266805273671,2.813,0.558698061654775
"new_full",2,161,FALSE,0.588383768378728,2.876,0.560929549282704
"new_full",2,162,FALSE,0.108226656374928,0.283,0.459102770467796
"new_full",2,163,TRUE,0.381115080709851,1.405,0.476034276318029
"new_full",2,164,FALSE,0.255272505103306,0.8,0.494325578854962
"new_full",2,165,FALSE,0.680879174426811,3.796,0.511958913395861
"new_full",2,166,FALSE,0.564784384503987,2.671,0.500162982421764
"new_full",2,167,TRUE,0.526339277389844,2.36,0.365957265652804
"new_full",2,168,FALSE,0.294466226161593,0.97,0.425170029943495
"new_full",2,169,FALSE,0.612783856719735,3.1,0.451747436359818
"new_full",2,170,FALSE,0.5182506513085,2.298,0.541419443602352
"new_full",2,171,FALSE,0.442949869577862,1.773,0.386311351775024
"new_full",2,172,FALSE,0.505149978319906,2.2,0.462899723834466
"new_full",2,173,FALSE,0.305995882770805,1.023,0.417848833970515
"new_full",2,174,TRUE,0.612783856719735,3.1,0.498772809769064
"new_full",2,175,TRUE,0.204119982655925,0.6,0.429694003642871
"new_full",2,176,FALSE,0.677333151419902,3.757,0.404231274570181
"new_full",2,177,FALSE,0.345961541813141,1.218,0.471620671644991
"new_full",2,178,FALSE,0.361160995195026,1.297,0.444461501424237
"new_full",2,179,TRUE,0.127104798364808,0.34,0.306174687512544
"new_full",2,180,FALSE,0.514547752660286,2.27,0.323254595870675
"new_full",2,181,FALSE,0.362350507594848,1.3033,0.48086669591014
"new_full",2,182,FALSE,0.662757831681574,3.6,0.462220576810584
"new_full",2,183,FALSE,0.313867220369153,1.06,0.421498766447941
"new_full",2,184,FALSE,0.839666556882433,5.913,0.484469008019851
"new_full",2,185,FALSE,0.16999753706657,0.4791,0.345487700873426
"new_full",2,186,FALSE,0.129367595722986,0.347,0.0439207312534555
"new_full",2,187,FALSE,0.36078268987328,1.295,0.338045923721887
"new_full",2,188,FALSE,0.429106008332697,1.686,0.4644799282134
"new_full",2,189,FALSE,0.702602841340427,4.042,0.573723688359227
"new_full",2,190,FALSE,0.571708831808688,2.73,0.425252885222141
"new_full",2,191,FALSE,0.343920385393226,1.2076,0.272964234922137
"new_full",2,192,FALSE,0.695131297704026,3.956,0.470993182610233
"new_full",2,193,FALSE,0.629409599102719,3.26,0.523835328065646
"new_full",2,194,FALSE,0.414973347970818,1.6,0.388336947099917
"new_full",2,195,FALSE,0.276231957921834,0.889,0.387440362382326
"new_full",2,196,FALSE,0.531478917042255,2.4,0.507043281709291
"new_full",2,197,FALSE,0.236789099409293,0.725,0.359338193790597
"new_full",2,198,FALSE,0.756407872548958,4.707,0.787278373595518
"new_full",2,199,FALSE,0.718750734739665,4.233,0.57467299894008
"new_full",2,200,FALSE,0.515211304327802,2.275,0.41725201146923
"new_full",2,201,TRUE,0.3654879848909,1.32,0.416184765128262
"new_full",2,202,TRUE,0.344392273685111,1.21,0.431661243863551
"new_full",2,203,FALSE,0.196728722623287,0.573,0.424971992289792
"new_full",2,204,FALSE,0.392696953259666,1.47,0.482622867521155
"new_full",2,205,FALSE,0.365394376854778,1.3195,0.439813959054007
"new_full",2,206,TRUE,0.389166084364532,1.45,0.433134242053475
"new_full",2,207,FALSE,0.653212513775344,3.5,0.483522821933648
"new_full",2,208,FALSE,0.440594261839831,1.758,0.3846551693341
"new_full",2,209,TRUE,0.202215775801131,0.593,0.470923704954359
"new_full",2,210,FALSE,0.48572142648158,2.06,0.391672380494537
"new_full",2,211,FALSE,0.244277120801843,0.755,0.444297409353163
"new_full",2,212,FALSE,0.372727940885595,1.359,0.432225605966608
"new_full",2,213,FALSE,0.52244423350632,2.33,0.446578538321093
"new_full",2,214,FALSE,0.257678574869184,0.81,0.364564180401783
"new_full",2,215,FALSE,0.384353414137506,1.423,0.52130654422725
"new_full",2,216,FALSE,0.335858911319818,1.167,0.487428664960884
"new_full",2,217,FALSE,0.555094448578319,2.59,0.554828106055402
"new_full",2,218,FALSE,0.271841606536499,0.87,0.515848637484261
"new_full",2,219,FALSE,0.471291711058939,1.96,0.477002315793302
"new_full",2,220,TRUE,0.294906910605192,0.972,0.452019460299286
"new_full",2,221,FALSE,0.655138434811382,3.52,0.588949865526643
"new_full",2,222,FALSE,0.528916700277655,2.38,0.5231803507553
"new_full",2,223,TRUE,0.237040791379191,0.726,0.492278370725034
"new_full",2,224,FALSE,0.777426822389311,4.99,0.513513652742037
"new_full",2,225,TRUE,0.191730393362856,0.555,0.483455426508713
"new_full",2,226,FALSE,0.239549720840473,0.736,0.455210474266911
"new_full",2,227,TRUE,0.582404298019028,2.823,0.551948251609906
"new_full",2,228,TRUE,0.569373909615046,2.71,0.35723390641089
"new_full",2,229,FALSE,0.334252642334231,1.159,0.404442362659375
"new_full",2,230,FALSE,0.406369835469268,1.549,0.45669743084537
"new_full",2,231,FALSE,0.216165902285993,0.645,0.55042709605617
"new_full",2,232,FALSE,0.0597526942092988,0.1475,0.320646862349494
"new_full",2,233,TRUE,0.472463896606989,1.968,0.515865514015341
"new_full",2,234,FALSE,0.666985718329661,3.645,0.429060048063422
"new_full",2,235,FALSE,0.65417654187796,3.51,0.513543233063391
"new_full",2,236,FALSE,0.259593878885949,0.818,0.470885852220256
"new_full",2,237,FALSE,0.527114111639805,2.366,0.586226991374565
"new_full",2,238,TRUE,0.367169488534681,1.329,0.391105315716187
"new_full",2,239,TRUE,0.19228861256812,0.557,0.354263826313309
"new_full",2,240,FALSE,0.478566495593843,2.01,0.302512770465643
"new_full",2,241,FALSE,0.253580289562183,0.793,0.342220532513701
"new_full",2,242,FALSE,0.27554168840131,0.886,0.348856472230261
"new_full",2,243,FALSE,0.532627001228891,2.409,0.411799610391246
"new_full",2,244,TRUE,0.542451947375977,2.487,0.423975370145708
"new_full",2,245,FALSE,0.381836799998343,1.409,0.413502934440922
"new_full",2,246,TRUE,0.511616020569138,2.248,0.574492855161138
"new_full",2,247,FALSE,0.476831628512261,1.998,0.553153423575948
"new_full",2,248,FALSE,0.301029995663981,1,0.493509720428307
"new_full",2,249,FALSE,0.325823419002744,1.1175,0.341333425741006
"new_full",2,250,FALSE,0.586024382386976,2.855,0.493154798722546
"new_full",2,251,FALSE,0.218535505216528,0.654,0.22612184699705
"new_full",2,252,FALSE,0.0480531731156091,0.117,0.145709126623153
"new_full",2,253,FALSE,0.378397900948138,1.39,0.534866922833714
"new_full",2,254,FALSE,0.595275711802099,2.938,0.342308776870695
"new_full",2,255,FALSE,0.398807730203264,1.505,0.477502392164824
"new_full",2,256,TRUE,0.161368002234975,0.45,0.339576893536566
"new_full",2,257,FALSE,0.456214155357989,1.859,0.377382962059242
"new_full",2,258,FALSE,0.641126932803509,3.3765,0.45240930803602
"new_full",2,259,FALSE,0.54020429984206,2.469,0.347178566426356
"new_full",2,260,FALSE,0.0328201494385639,0.0785,0.0189483267423406
"new_full",2,261,FALSE,0.434888120867316,1.722,0.519749286719363
"new_full",2,262,FALSE,0.332034277027518,1.148,0.358355973809807
"new_full",2,263,FALSE,0.391816923613249,1.465,0.601941463502256
"new_full",2,264,TRUE,0.347427598618541,1.2255,0.46111752476728
"new_full",2,265,FALSE,0.352182518111362,1.25,0.312729492671414
"new_full",2,266,TRUE,0.154119525515847,0.426,0.234760852595576
"new_full",2,267,FALSE,0.591398551281249,2.903,0.388883312792833
"new_full",2,268,TRUE,0.315970345456918,1.07,0.417273622924176
"new_full",2,269,FALSE,0.470410490975931,1.954,0.444003027248232
"new_full",2,270,FALSE,0.826074802700826,5.7,0.817870097299064
"new_full",2,271,TRUE,0.273232834043046,0.876,0.555038079851782
"new_full",2,272,FALSE,0.234264124378789,0.715,0.349309193964556
"new_full",2,273,FALSE,0.504878459410216,2.198,0.409695397776566
"new_full",2,274,FALSE,0.582744965691277,2.826,0.346128641201461
"new_full",2,275,FALSE,0.542327382773974,2.486,0.421788903555987
"new_full",2,276,FALSE,0.657055852857104,3.54,0.439179416395964
"new_full",2,277,FALSE,0.328379603438738,1.13,0.386228720312081
"new_full",2,278,FALSE,0.4679039465228,1.937,0.228259503319688
"new_full",2,279,FALSE,0.331427296520743,1.145,0.436099660019382
"new_full",2,280,FALSE,0.352664799651101,1.2525,0.47193143742329
"new_full",2,281,FALSE,0.437116093048079,1.736,0.298172918847172
"new_full",2,282,FALSE,0.325043347403704,1.1137,0.318124330536727
"new_full",2,283,FALSE,0.775319121829478,4.961,0.458106039679801
"new_full",2,284,FALSE,0.526442668529935,2.3608,0.437454954573257
"new_full",2,285,FALSE,0.682145076373832,3.81,0.573532951096974
"new_full",2,286,FALSE,0.425534220498263,1.664,0.476610015550894
"new_full",2,287,FALSE,0.659726095237792,3.568,0.503905058332119
"new_full",2,288,FALSE,0.672097857935718,3.7,0.387839633467852
"new_full",2,289,FALSE,0.534026106056135,2.42,0.427950878374777
"new_full",2,290,FALSE,0.615950051656401,3.13,0.533527695724493
"new_full",2,291,TRUE,0.262451089730429,0.83,0.418297471391171
"new_full",3,1,TRUE,0.482873583608754,2.04,0.328465682594657
"new_full",3,2,TRUE,0.496929648073215,2.14,0.515929892999753
"new_full",3,3,TRUE,0.623042434246382,3.198,0.488256262622945
"new_full",3,4,TRUE,0.523746466811564,2.34,0.541669946359032
"new_full",3,5,TRUE,0.47567118832443,1.99,0.422187675585428
"new_full",3,6,TRUE,0.0681858617461616,0.17,0.327717598174189
"new_full",3,7,FALSE,0.469674772551798,1.949,0.330667318991877
"new_full",3,8,FALSE,0.387389826338729,1.44,0.455054010804803
"new_full",3,9,FALSE,0.627365856592733,3.24,0.377445393345209
"new_full",3,10,FALSE,0.591064607026499,2.9,0.429009421403082
"new_full",3,11,FALSE,0.218220304175545,0.6528,0.266662321730113
"new_full",3,12,TRUE,0.680335513414563,3.79,0.516284002566346
"new_full",3,13,TRUE,0.680607428991788,3.793,0.449391595868134
"new_full",3,14,FALSE,0.721810615212547,4.27,0.5522856577688
"new_full",3,15,TRUE,0.20682587603185,0.61,0.355238105425589
"new_full",3,16,TRUE,0.582063362911709,2.82,0.406394113210366
"new_full",3,17,FALSE,0.696094159995223,3.967,0.474055182217863
"new_full",3,18,TRUE,0.40823996531185,1.56,0.395702094897314
"new_full",3,19,FALSE,0.433001340945038,1.7102,0.420136860337174
"new_full",3,20,FALSE,0.653212513775344,3.5,0.454971518175207
"new_full",3,21,FALSE,0.558072259099146,2.6147,0.399232060293689
"new_full",3,22,FALSE,0.261928672990642,0.8278,0.241965559221601
"new_full",3,23,FALSE,0.862727528317975,6.29,0.616094308454074
"new_full",3,24,TRUE,0.637489729512511,3.34,0.519675766450537
"new_full",3,25,FALSE,0.504878459410216,2.198,0.383867378424473
"new_full",3,26,FALSE,0.286995073968852,0.9364,0.378006147092195
"new_full",3,27,TRUE,0.662757831681574,3.6,0.445246918895866
"new_full",3,28,FALSE,0.524525936626376,2.346,0.443285524633843
"new_full",3,29,TRUE,0.406540180433955,1.55,0.485837021376002
"new_full",3,30,FALSE,0.656098202012832,3.53,0.560929677228567
"new_full",3,31,FALSE,0.517987203025078,2.296,0.369353291909982
"new_full",3,32,FALSE,0.703119346236078,4.048,0.537742022905092
"new_full",3,33,FALSE,0.691081492122968,3.91,0.494730086271562
"new_full",3,34,FALSE,0.73319726510657,4.41,0.670358209725102
"new_full",3,35,FALSE,0.408070285887185,1.559,0.421708368250211
"new_full",3,36,FALSE,0.396024896608593,1.489,0.447654921022999
"new_full",3,37,FALSE,0.398391440229475,1.5026,0.460928445774985
"new_full",3,38,FALSE,0.770852011642144,4.9,0.592320227081344
"new_full",3,39,TRUE,0.15836249209525,0.44,0.361468694777507
"new_full",3,40,FALSE,0.625415352154408,3.221,0.497511149207312
"new_full",3,41,FALSE,0.496334505996816,2.1357,0.508938992650224
"new_full",3,42,FALSE,0.679427896612119,3.78,0.585367035738435
"new_full",3,43,FALSE,0.610116955411928,3.0749,0.511334674938538
"new_full",3,44,FALSE,0.645913275033844,3.425,0.412510248492484
"new_full",3,45,FALSE,0.465382851448418,1.92,0.449343067040609
"new_full",3,46,FALSE,0.569490954348783,2.711,0.534905262407458
"new_full",3,47,FALSE,0.187520720836463,0.54,0.260867087048458
"new_full",3,48,FALSE,0.465813957269479,1.9229,0.457915575791062
"new_full",3,49,FALSE,0.231214647962601,0.703,0.555634700575551
"new_full",3,50,FALSE,0.670802284260944,3.686,0.632849402087369
"new_full",3,51,FALSE,0.459935016851525,1.8836,0.508240769495752
"new_full",3,52,FALSE,0.287129620719111,0.937,0.394555813969544
"new_full",3,53,FALSE,0.6232492903979,3.2,0.549338992252973
"new_full",3,54,FALSE,0.8109042806687,5.47,0.637227904980577
"new_full",3,55,TRUE,0.354108439147401,1.26,0.462546210894113
"new_full",3,56,FALSE,0.129141845792285,0.3463,0.385842147169818
"new_full",3,57,FALSE,0.244969460136198,0.7578,0.47903488773426
"new_full",3,58,FALSE,0.364363354615731,1.314,0.376480634690876
"new_full",3,59,TRUE,0.334212409393176,1.1588,0.457841081314729
"new_full",3,60,FALSE,0.489677291663699,2.088,0.499837203088085
"new_full",3,61,FALSE,0.525304009958239,2.352,0.452328750870605
"new_full",3,62,TRUE,0.406540180433955,1.55,0.388896515888539
"new_full",3,63,FALSE,0.335457900689384,1.165,0.536281078361062
"new_full",3,64,FALSE,0.419873175149476,1.6295,0.550851127494425
"new_full",3,65,FALSE,0.397227181043161,1.4959,0.497083839289143
"new_full",3,66,TRUE,0.59659709562646,2.95,0.599106693999014
"new_full",3,67,FALSE,0.260071387985075,0.82,0.439460654183137
"new_full",3,68,FALSE,0.489466281303128,2.0865,0.549807589078743
"new_full",3,69,FALSE,0.544018407858776,2.4996,0.667423821349113
"new_full",3,70,TRUE,0.222976449893391,0.671,0.467676155523804
"new_full",3,71,FALSE,0.28397928423848,0.923,0.597119063718139
"new_full",3,72,FALSE,0.6652056284346,3.626,0.576217996954077
"new_full",3,73,FALSE,0.537819095073274,2.45,0.566289587350402
"new_full",3,74,FALSE,0.501059262217751,2.17,0.510952599182611
"new_full",3,75,FALSE,0.415699348887829,1.60435,0.446663564230261
"new_full",3,76,TRUE,0.298853076409707,0.99,0.455487965422987
"new_full",3,77,TRUE,0.289365951520032,0.947,0.403136547033288
"new_full",3,78,FALSE,0.497620649781288,2.145,0.306659853734203
"new_full",3,79,TRUE,0.778151250383644,5,0.501982225841514
"new_full",3,80,TRUE,0.260071387985075,0.82,0.359218138716344
"new_full",3,81,FALSE,0.367542273520577,1.331,0.458282552425412
"new_full",3,82,FALSE,0.534026106056135,2.42,0.455802010709149
"new_full",3,83,FALSE,0.287129620719111,0.937,0.317689450491555
"new_full",3,84,FALSE,0.469822015978163,1.95,0.402950029294944
"new_full",3,85,TRUE,0.399673721481038,1.51,0.396484226898119
"new_full",3,86,FALSE,0.307496037913213,1.03,0.236659112691467
"new_full",3,87,FALSE,0.247236549506764,0.767,0.378897941941661
"new_full",3,88,FALSE,0.6232492903979,3.2,0.427764120390667
"new_full",3,89,TRUE,0.429752280002408,1.69,0.490919791919072
"new_full",3,90,TRUE,0.566943971856554,2.6893,0.447947845675355
"new_full",3,91,FALSE,0.605951157564873,3.036,0.544448386821091
"new_full",3,92,FALSE,0.265996370495079,0.845,0.501262787053293
"new_full",3,93,FALSE,0.555215405126073,2.591,0.368832588597041
"new_full",3,94,FALSE,0.638489256954637,3.35,0.471622464501575
"new_full",3,95,FALSE,0.528145078253106,2.374,0.534195484519534
"new_full",3,96,FALSE,0.227552503379865,0.6887,0.515011707508301
"new_full",3,97,FALSE,0.430075055551939,1.692,0.525851838023046
"new_full",3,98,FALSE,0.184549481320698,0.5295,0.347297999836664
"new_full",3,99,FALSE,0.472537053262077,1.9685,0.50559164737628
"new_full",3,100,FALSE,0.60616631460762,3.038,0.528252638168325
"new_full",3,101,FALSE,0.685553652846326,3.8479,0.606738189858515
"new_full",3,102,TRUE,0.296665190261531,0.98,0.531961234824305
"new_full",3,103,FALSE,0.491361693834273,2.1,0.555951476329577
"new_full",3,104,FALSE,0.513217600067939,2.26,0.425898133559667
"new_full",3,105,TRUE,0.64738297011462,3.44,0.407731754230461
"new_full",3,106,FALSE,0.491361693834273,2.1,0.528600400215259
"new_full",3,107,FALSE,0.406028944963615,1.547,0.462330442141787
"new_full",3,108,FALSE,0.752025387323213,4.6497,0.51124453429746
"new_full",3,109,TRUE,0.6414741105041,3.38,0.497189800117662
"new_full",3,110,FALSE,0.416307587059883,1.608,0.517788498906567
"new_full",3,111,FALSE,0.966610986681934,8.26,0.75968900793974
"new_full",3,112,FALSE,0.188647295999717,0.544,0.297515037196048
"new_full",3,113,FALSE,0.708335902682263,4.109,0.491240213535413
"new_full",3,114,FALSE,0.685741738602264,3.85,0.901826292204528
"new_full",3,115,FALSE,0.559308010907013,2.625,0.500520963507906
"new_full",3,116,FALSE,0.355259905527378,1.266,0.433379354817459
"new_full",3,117,FALSE,0.187520720836463,0.54,0.322959930114188
"new_full",3,118,TRUE,0.569373909615046,2.71,0.46176643686509
"new_full",3,119,FALSE,0.572523097849638,2.737,0.537330669895325
"new_full",3,120,FALSE,0.538070787043172,2.452,0.518726942414625
"new_full",3,121,FALSE,0.374748346010104,1.37,0.372713501818471
"new_full",3,122,FALSE,0.294686624279443,0.971,0.298040234023922
"new_full",3,123,FALSE,0.432969290874406,1.71,0.437318725396082
"new_full",3,124,TRUE,0.320146286111054,1.09,0.552672804849183
"new_full",3,125,FALSE,0.574262829707027,2.752,0.451292496509504
"new_full",3,126,FALSE,0.610234175334389,3.076,0.60007849134515
"new_full",3,127,FALSE,0.173186268412274,0.49,0.202368376441391
"new_full",3,128,FALSE,0.314499227973151,1.063,0.408831027086349
"new_full",3,129,FALSE,0.753330221324521,4.6667,0.47965555966536
"new_full",3,130,FALSE,0.338456493604605,1.18,0.459358178321967
"new_full",3,131,TRUE,0.0253058652647703,0.06,0.324504740456785
"new_full",3,132,FALSE,0.21045229296202,0.6235,0.291169871143148
"new_full",3,133,FALSE,0.440121603187804,1.755,0.512034707198668
"new_full",3,134,TRUE,0.181872159010334,0.5201,0.490245178488598
"new_full",3,135,FALSE,0.761326322421457,4.772,0.615743605391799
"new_full",3,136,FALSE,0.662757831681574,3.6,0.38669189208891
"new_full",3,137,FALSE,0.409425868671443,1.567,0.43452161893185
"new_full",3,138,FALSE,0.387389826338729,1.44,0.327857880686887
"new_full",3,139,FALSE,0.256236533205923,0.804,0.425242059038533
"new_full",3,140,FALSE,0.381656482585787,1.408,0.386156288846895
"new_full",3,141,FALSE,0.43568513794163,1.727,0.439001766129218
"new_full",3,142,FALSE,0.190331698170291,0.55,0.468582177328717
"new_full",3,143,FALSE,0.208978517276253,0.618,0.417882715716766
"new_full",3,144,TRUE,0.506505032404872,2.21,0.464406693417681
"new_full",3,145,FALSE,0.390935107103379,1.46,0.419897910600061
"new_full",3,146,FALSE,0.442479769064449,1.77,0.492398685286877
"new_full",3,147,FALSE,0.417139409727326,1.613,0.411098348797935
"new_full",3,148,FALSE,0.260071387985075,0.82,0.36035529808965
"new_full",3,149,TRUE,0.308777773664721,1.036,0.442859476459275
"new_full",3,150,FALSE,0.583198773968623,2.83,0.485634522527977
"new_full",3,151,TRUE,0.456062224454951,1.858,0.423821399499108
"new_full",3,152,FALSE,0.370698092575577,1.348,0.449931367164498
"new_full",3,153,FALSE,0.639486489268586,3.36,0.632338335177206
"new_full",3,154,TRUE,0.590284403718162,2.893,0.493766519490878
"new_full",3,155,FALSE,0.618215503279417,3.1516,0.526865443115116
"new_full",3,156,FALSE,0.224533062606086,0.677,0.466029824642813
"new_full",3,157,FALSE,0.234010817587179,0.714,0.277955871855113
"new_full",3,158,FALSE,0.595826777073223,2.943,0.415842951695586
"new_full",3,159,TRUE,0.612783856719735,3.1,0.529764562179385
"new_full",3,160,FALSE,0.581266805273671,2.813,0.532484697240755
"new_full",3,161,FALSE,0.588383768378728,2.876,0.548813960334561
"new_full",3,162,FALSE,0.108226656374928,0.283,0.42506145968214
"new_full",3,163,TRUE,0.381115080709851,1.405,0.465447499782276
"new_full",3,164,FALSE,0.255272505103306,0.8,0.562133141314097
"new_full",3,165,FALSE,0.680879174426811,3.796,0.510142487543604
"new_full",3,166,FALSE,0.564784384503987,2.671,0.476793904347893
"new_full",3,167,TRUE,0.526339277389844,2.36,0.368163084927898
"new_full",3,168,FALSE,0.294466226161593,0.97,0.414296842543238
"new_full",3,169,FALSE,0.612783856719735,3.1,0.450633650202367
"new_full",3,170,FALSE,0.5182506513085,2.298,0.559535747004364
"new_full",3,171,FALSE,0.442949869577862,1.773,0.405929691348231
"new_full",3,172,FALSE,0.505149978319906,2.2,0.445024812455605
"new_full",3,173,FALSE,0.305995882770805,1.023,0.409105704468388
"new_full",3,174,TRUE,0.612783856719735,3.1,0.492881452754063
"new_full",3,175,TRUE,0.204119982655925,0.6,0.444603725704716
"new_full",3,176,FALSE,0.677333151419902,3.757,0.414191661271234
"new_full",3,177,FALSE,0.345961541813141,1.218,0.575344255096017
"new_full",3,178,FALSE,0.361160995195026,1.297,0.472693257151951
"new_full",3,179,TRUE,0.127104798364808,0.34,0.340135886742826
"new_full",3,180,FALSE,0.514547752660286,2.27,0.333011152040041
"new_full",3,181,FALSE,0.362350507594848,1.3033,0.499605223430783
"new_full",3,182,FALSE,0.662757831681574,3.6,0.447871952430691
"new_full",3,183,FALSE,0.313867220369153,1.06,0.461992087952994
"new_full",3,184,FALSE,0.839666556882433,5.913,0.481750557390016
"new_full",3,185,FALSE,0.16999753706657,0.4791,0.376255618401237
"new_full",3,186,FALSE,0.129367595722986,0.347,0.0235635126623009
"new_full",3,187,FALSE,0.36078268987328,1.295,0.348632923798682
"new_full",3,188,FALSE,0.429106008332697,1.686,0.453523408062224
"new_full",3,189,FALSE,0.702602841340427,4.042,0.595342325037381
"new_full",3,190,FALSE,0.571708831808688,2.73,0.442221467010349
"new_full",3,191,FALSE,0.343920385393226,1.2076,0.289980993646489
"new_full",3,192,FALSE,0.695131297704026,3.956,0.51626413754781
"new_full",3,193,FALSE,0.629409599102719,3.26,0.510399715742374
"new_full",3,194,FALSE,0.414973347970818,1.6,0.413360042230229
"new_full",3,195,FALSE,0.276231957921834,0.889,0.368394798532467
"new_full",3,196,FALSE,0.531478917042255,2.4,0.502375253513396
"new_full",3,197,FALSE,0.236789099409293,0.725,0.361671198248225
"new_full",3,198,FALSE,0.756407872548958,4.707,0.728991036165563
"new_full",3,199,FALSE,0.718750734739665,4.233,0.524835908720218
"new_full",3,200,FALSE,0.515211304327802,2.275,0.427239216062098
"new_full",3,201,TRUE,0.3654879848909,1.32,0.431417888645836
"new_full",3,202,TRUE,0.344392273685111,1.21,0.431139129825608
"new_full",3,203,FALSE,0.196728722623287,0.573,0.447937210726651
"new_full",3,204,FALSE,0.392696953259666,1.47,0.392498351983
"new_full",3,205,FALSE,0.365394376854778,1.3195,0.470594944943101
"new_full",3,206,TRUE,0.389166084364532,1.45,0.424955135859882
"new_full",3,207,FALSE,0.653212513775344,3.5,0.47507438917112
"new_full",3,208,FALSE,0.440594261839831,1.758,0.408676119520608
"new_full",3,209,TRUE,0.202215775801131,0.593,0.475488935290681
"new_full",3,210,FALSE,0.48572142648158,2.06,0.39024649533843
"new_full",3,211,FALSE,0.244277120801843,0.755,0.397985499876601
"new_full",3,212,FALSE,0.372727940885595,1.359,0.442571672730682
"new_full",3,213,FALSE,0.52244423350632,2.33,0.466544780545949
"new_full",3,214,FALSE,0.257678574869184,0.81,0.364178738564061
"new_full",3,215,FALSE,0.384353414137506,1.423,0.519244852034177
"new_full",3,216,FALSE,0.335858911319818,1.167,0.45639835037198
"new_full",3,217,FALSE,0.555094448578319,2.59,0.554543480599355
"new_full",3,218,FALSE,0.271841606536499,0.87,0.536730543104824
"new_full",3,219,FALSE,0.471291711058939,1.96,0.473374832394111
"new_full",3,220,TRUE,0.294906910605192,0.972,0.451788446439824
"new_full",3,221,FALSE,0.655138434811382,3.52,0.590396767663668
"new_full",3,222,FALSE,0.528916700277655,2.38,0.520172906833708
"new_full",3,223,TRUE,0.237040791379191,0.726,0.508148683083826
"new_full",3,224,FALSE,0.777426822389311,4.99,0.513665718646355
"new_full",3,225,TRUE,0.191730393362856,0.555,0.450168622178513
"new_full",3,226,FALSE,0.239549720840473,0.736,0.435324308546796
"new_full",3,227,TRUE,0.582404298019028,2.823,0.551034746673035
"new_full",3,228,TRUE,0.569373909615046,2.71,0.377052140913731
"new_full",3,229,FALSE,0.334252642334231,1.159,0.39857134983669
"new_full",3,230,FALSE,0.406369835469268,1.549,0.482565282643701
"new_full",3,231,FALSE,0.216165902285993,0.645,0.535526319741046
"new_full",3,232,FALSE,0.0597526942092988,0.1475,0.287639008716355
"new_full",3,233,TRUE,0.472463896606989,1.968,0.498359289235136
"new_full",3,234,FALSE,0.666985718329661,3.645,0.426664419286893
"new_full",3,235,FALSE,0.65417654187796,3.51,0.531410557715073
"new_full",3,236,FALSE,0.259593878885949,0.818,0.44298256841303
"new_full",3,237,FALSE,0.527114111639805,2.366,0.562009605354196
"new_full",3,238,TRUE,0.367169488534681,1.329,0.416052736293556
"new_full",3,239,TRUE,0.19228861256812,0.557,0.340480659708943
"new_full",3,240,FALSE,0.478566495593843,2.01,0.313241459659684
"new_full",3,241,FALSE,0.253580289562183,0.793,0.342412555294411
"new_full",3,242,FALSE,0.27554168840131,0.886,0.368956803128304
"new_full",3,243,FALSE,0.532627001228891,2.409,0.432893720319673
"new_full",3,244,TRUE,0.542451947375977,2.487,0.432066661870444
"new_full",3,245,FALSE,0.381836799998343,1.409,0.397088838014194
"new_full",3,246,TRUE,0.511616020569138,2.248,0.563763862415506
"new_full",3,247,FALSE,0.476831628512261,1.998,0.560953529683438
"new_full",3,248,FALSE,0.301029995663981,1,0.468998708737379
"new_full",3,249,FALSE,0.325823419002744,1.1175,0.338533239947264
"new_full",3,250,FALSE,0.586024382386976,2.855,0.52762212860536
"new_full",3,251,FALSE,0.218535505216528,0.654,0.267261611145484
"new_full",3,252,FALSE,0.0480531731156091,0.117,0.159468820414834
"new_full",3,253,FALSE,0.378397900948138,1.39,0.517296613321032
"new_full",3,254,FALSE,0.595275711802099,2.938,0.316945886863547
"new_full",3,255,FALSE,0.398807730203264,1.505,0.401279509833261
"new_full",3,256,TRUE,0.161368002234975,0.45,0.338383403139421
"new_full",3,257,FALSE,0.456214155357989,1.859,0.467884584323764
"new_full",3,258,FALSE,0.641126932803509,3.3765,0.459491283511741
"new_full",3,259,FALSE,0.54020429984206,2.469,0.344737880963707
"new_full",3,260,FALSE,0.0328201494385639,0.0785,0.104977902574146
"new_full",3,261,FALSE,0.434888120867316,1.722,0.498589888047867
"new_full",3,262,FALSE,0.332034277027518,1.148,0.354793341136341
"new_full",3,263,FALSE,0.391816923613249,1.465,0.551386804177441
"new_full",3,264,TRUE,0.347427598618541,1.2255,0.447735074220513
"new_full",3,265,FALSE,0.352182518111362,1.25,0.294325048768827
"new_full",3,266,TRUE,0.154119525515847,0.426,0.280952140099299
"new_full",3,267,FALSE,0.591398551281249,2.903,0.395145511725412
"new_full",3,268,TRUE,0.315970345456918,1.07,0.430317800682788
"new_full",3,269,FALSE,0.470410490975931,1.954,0.459540846633007
"new_full",3,270,FALSE,0.826074802700826,5.7,0.77714810000994
"new_full",3,271,TRUE,0.273232834043046,0.876,0.590719154965099
"new_full",3,272,FALSE,0.234264124378789,0.715,0.377795574933987
"new_full",3,273,FALSE,0.504878459410216,2.198,0.471117892563664
"new_full",3,274,FALSE,0.582744965691277,2.826,0.374801817886215
"new_full",3,275,FALSE,0.542327382773974,2.486,0.447754737969976
"new_full",3,276,FALSE,0.657055852857104,3.54,0.44871424722094
"new_full",3,277,FALSE,0.328379603438738,1.13,0.372261352352558
"new_full",3,278,FALSE,0.4679039465228,1.937,0.262397015378529
"new_full",3,279,FALSE,0.331427296520743,1.145,0.460721242612945
"new_full",3,280,FALSE,0.352664799651101,1.2525,0.434512179450106
"new_full",3,281,FALSE,0.437116093048079,1.736,0.313832200072882
"new_full",3,282,FALSE,0.325043347403704,1.1137,0.319775690911572
"new_full",3,283,FALSE,0.775319121829478,4.961,0.471627129074679
"new_full",3,284,FALSE,0.526442668529935,2.3608,0.393598721133166
"new_full",3,285,FALSE,0.682145076373832,3.81,0.57815568787207
"new_full",3,286,FALSE,0.425534220498263,1.664,0.491018083374501
"new_full",3,287,FALSE,0.659726095237792,3.568,0.51909756213247
"new_full",3,288,FALSE,0.672097857935718,3.7,0.38320249693413
"new_full",3,289,FALSE,0.534026106056135,2.42,0.443053730577767
"new_full",3,290,FALSE,0.615950051656401,3.13,0.516812348174196
"new_full",3,291,TRUE,0.262451089730429,0.83,0.372522542581804
"new_full",4,1,TRUE,0.482873583608754,2.04,0.317620249622635
"new_full",4,2,TRUE,0.496929648073215,2.14,0.507616188807022
"new_full",4,3,TRUE,0.623042434246382,3.198,0.470465303262483
"new_full",4,4,TRUE,0.523746466811564,2.34,0.506726207813196
"new_full",4,5,TRUE,0.47567118832443,1.99,0.420913854535981
"new_full",4,6,TRUE,0.0681858617461616,0.17,0.354545556533644
"new_full",4,7,FALSE,0.469674772551798,1.949,0.353171285698034
"new_full",4,8,FALSE,0.387389826338729,1.44,0.423907134504871
"new_full",4,9,FALSE,0.627365856592733,3.24,0.435572792622902
"new_full",4,10,FALSE,0.591064607026499,2.9,0.434310012642458
"new_full",4,11,FALSE,0.218220304175545,0.6528,0.297632776474169
"new_full",4,12,TRUE,0.680335513414563,3.79,0.501261989316077
"new_full",4,13,TRUE,0.680607428991788,3.793,0.450601282277421
"new_full",4,14,FALSE,0.721810615212547,4.27,0.54169040923938
"new_full",4,15,TRUE,0.20682587603185,0.61,0.374279420320223
"new_full",4,16,TRUE,0.582063362911709,2.82,0.402214471051237
"new_full",4,17,FALSE,0.696094159995223,3.967,0.482586674902383
"new_full",4,18,TRUE,0.40823996531185,1.56,0.381303134140898
"new_full",4,19,FALSE,0.433001340945038,1.7102,0.427232907863171
"new_full",4,20,FALSE,0.653212513775344,3.5,0.454231730200101
"new_full",4,21,FALSE,0.558072259099146,2.6147,0.399224622715695
"new_full",4,22,FALSE,0.261928672990642,0.8278,0.237085159201591
"new_full",4,23,FALSE,0.862727528317975,6.29,0.597088194230748
"new_full",4,24,TRUE,0.637489729512511,3.34,0.510938920253098
"new_full",4,25,FALSE,0.504878459410216,2.198,0.35630073176461
"new_full",4,26,FALSE,0.286995073968852,0.9364,0.340013517678215
"new_full",4,27,TRUE,0.662757831681574,3.6,0.4502291908725
"new_full",4,28,FALSE,0.524525936626376,2.346,0.416230006968545
"new_full",4,29,TRUE,0.406540180433955,1.55,0.490314047088277
"new_full",4,30,FALSE,0.656098202012832,3.53,0.546607701271465
"new_full",4,31,FALSE,0.517987203025078,2.296,0.27821330823888
"new_full",4,32,FALSE,0.703119346236078,4.048,0.522106042708001
"new_full",4,33,FALSE,0.691081492122968,3.91,0.484815438536894
"new_full",4,34,FALSE,0.73319726510657,4.41,0.680994528922472
"new_full",4,35,FALSE,0.408070285887185,1.559,0.440983595297844
"new_full",4,36,FALSE,0.396024896608593,1.489,0.448611337639713
"new_full",4,37,FALSE,0.398391440229475,1.5026,0.456981607811546
"new_full",4,38,FALSE,0.770852011642144,4.9,0.631153131339644
"new_full",4,39,TRUE,0.15836249209525,0.44,0.371330712227928
"new_full",4,40,FALSE,0.625415352154408,3.221,0.517908362157028
"new_full",4,41,FALSE,0.496334505996816,2.1357,0.544206937238688
"new_full",4,42,FALSE,0.679427896612119,3.78,0.603391196337401
"new_full",4,43,FALSE,0.610116955411928,3.0749,0.525509676553135
"new_full",4,44,FALSE,0.645913275033844,3.425,0.426185283756864
"new_full",4,45,FALSE,0.465382851448418,1.92,0.449817720764906
"new_full",4,46,FALSE,0.569490954348783,2.711,0.540829301848934
"new_full",4,47,FALSE,0.187520720836463,0.54,0.262978838584096
"new_full",4,48,FALSE,0.465813957269479,1.9229,0.453170062655058
"new_full",4,49,FALSE,0.231214647962601,0.703,0.513954150707254
"new_full",4,50,FALSE,0.670802284260944,3.686,0.652259532183763
"new_full",4,51,FALSE,0.459935016851525,1.8836,0.502124805447989
"new_full",4,52,FALSE,0.287129620719111,0.937,0.388821962350302
"new_full",4,53,FALSE,0.6232492903979,3.2,0.530572775360954
"new_full",4,54,FALSE,0.8109042806687,5.47,0.645488782019434
"new_full",4,55,TRUE,0.354108439147401,1.26,0.456410983525854
"new_full",4,56,FALSE,0.129141845792285,0.3463,0.389018986985065
"new_full",4,57,FALSE,0.244969460136198,0.7578,0.448673833837591
"new_full",4,58,FALSE,0.364363354615731,1.314,0.38677029771587
"new_full",4,59,TRUE,0.334212409393176,1.1588,0.45539016844353
"new_full",4,60,FALSE,0.489677291663699,2.088,0.519127363926336
"new_full",4,61,FALSE,0.525304009958239,2.352,0.472192736683938
"new_full",4,62,TRUE,0.406540180433955,1.55,0.42015569898923
"new_full",4,63,FALSE,0.335457900689384,1.165,0.540882525956149
"new_full",4,64,FALSE,0.419873175149476,1.6295,0.52441959259718
"new_full",4,65,FALSE,0.397227181043161,1.4959,0.540622046123213
"new_full",4,66,TRUE,0.59659709562646,2.95,0.585432972778112
"new_full",4,67,FALSE,0.260071387985075,0.82,0.415530022482035
"new_full",4,68,FALSE,0.489466281303128,2.0865,0.561470615968554
"new_full",4,69,FALSE,0.544018407858776,2.4996,0.675102794552748
"new_full",4,70,TRUE,0.222976449893391,0.671,0.461354812354697
"new_full",4,71,FALSE,0.28397928423848,0.923,0.579621643974984
"new_full",4,72,FALSE,0.6652056284346,3.626,0.597860708364337
"new_full",4,73,FALSE,0.537819095073274,2.45,0.594483807408617
"new_full",4,74,FALSE,0.501059262217751,2.17,0.518430982415488
"new_full",4,75,FALSE,0.415699348887829,1.60435,0.423798498554601
"new_full",4,76,TRUE,0.298853076409707,0.99,0.407662375115712
"new_full",4,77,TRUE,0.289365951520032,0.947,0.380867720937971
"new_full",4,78,FALSE,0.497620649781288,2.145,0.326010665349703
"new_full",4,79,TRUE,0.778151250383644,5,0.5047338969182
"new_full",4,80,TRUE,0.260071387985075,0.82,0.405472932930102
"new_full",4,81,FALSE,0.367542273520577,1.331,0.455275935218261
"new_full",4,82,FALSE,0.534026106056135,2.42,0.449895840497123
"new_full",4,83,FALSE,0.287129620719111,0.937,0.302501150688102
"new_full",4,84,FALSE,0.469822015978163,1.95,0.378153117841469
"new_full",4,85,TRUE,0.399673721481038,1.51,0.377727545199048
"new_full",4,86,FALSE,0.307496037913213,1.03,0.227151995773006
"new_full",4,87,FALSE,0.247236549506764,0.767,0.386217701873256
"new_full",4,88,FALSE,0.6232492903979,3.2,0.429800161811736
"new_full",4,89,TRUE,0.429752280002408,1.69,0.521436015693151
"new_full",4,90,TRUE,0.566943971856554,2.6893,0.422771604514916
"new_full",4,91,FALSE,0.605951157564873,3.036,0.512237217267828
"new_full",4,92,FALSE,0.265996370495079,0.845,0.491049572098559
"new_full",4,93,FALSE,0.555215405126073,2.591,0.361738051365435
"new_full",4,94,FALSE,0.638489256954637,3.35,0.48510246088232
"new_full",4,95,FALSE,0.528145078253106,2.374,0.547645165833259
"new_full",4,96,FALSE,0.227552503379865,0.6887,0.49655608125313
"new_full",4,97,FALSE,0.430075055551939,1.692,0.502775160236061
"new_full",4,98,FALSE,0.184549481320698,0.5295,0.320792629302251
"new_full",4,99,FALSE,0.472537053262077,1.9685,0.521383404339593
"new_full",4,100,FALSE,0.60616631460762,3.038,0.479717075925242
"new_full",4,101,FALSE,0.685553652846326,3.8479,0.579423432588394
"new_full",4,102,TRUE,0.296665190261531,0.98,0.524809769226422
"new_full",4,103,FALSE,0.491361693834273,2.1,0.519044345679197
"new_full",4,104,FALSE,0.513217600067939,2.26,0.421235643277425
"new_full",4,105,TRUE,0.64738297011462,3.44,0.390231042291017
"new_full",4,106,FALSE,0.491361693834273,2.1,0.511913971879065
"new_full",4,107,FALSE,0.406028944963615,1.547,0.279186962460208
"new_full",4,108,FALSE,0.752025387323213,4.6497,0.504678237926894
"new_full",4,109,TRUE,0.6414741105041,3.38,0.499644579720258
"new_full",4,110,FALSE,0.416307587059883,1.608,0.530581090363218
"new_full",4,111,FALSE,0.966610986681934,8.26,0.748598348048637
"new_full",4,112,FALSE,0.188647295999717,0.544,0.340523370123893
"new_full",4,113,FALSE,0.708335902682263,4.109,0.51302719157181
"new_full",4,114,FALSE,0.685741738602264,3.85,0.821609738691386
"new_full",4,115,FALSE,0.559308010907013,2.625,0.48996332524319
"new_full",4,116,FALSE,0.355259905527378,1.266,0.434448047816594
"new_full",4,117,FALSE,0.187520720836463,0.54,0.330782339917119
"new_full",4,118,TRUE,0.569373909615046,2.71,0.480972358122616
"new_full",4,119,FALSE,0.572523097849638,2.737,0.504787270057829
"new_full",4,120,FALSE,0.538070787043172,2.452,0.525607708693426
"new_full",4,121,FALSE,0.374748346010104,1.37,0.382072062012768
"new_full",4,122,FALSE,0.294686624279443,0.971,0.312029452236711
"new_full",4,123,FALSE,0.432969290874406,1.71,0.436276949384263
"new_full",4,124,TRUE,0.320146286111054,1.09,0.557096594102599
"new_full",4,125,FALSE,0.574262829707027,2.752,0.451240174959634
"new_full",4,126,FALSE,0.610234175334389,3.076,0.595597989419248
"new_full",4,127,FALSE,0.173186268412274,0.49,0.210844988723571
"new_full",4,128,FALSE,0.314499227973151,1.063,0.387830956921314
"new_full",4,129,FALSE,0.753330221324521,4.6667,0.490673226709762
"new_full",4,130,FALSE,0.338456493604605,1.18,0.467944709036944
"new_full",4,131,TRUE,0.0253058652647703,0.06,0.342276903052595
"new_full",4,132,FALSE,0.21045229296202,0.6235,0.290007018434455
"new_full",4,133,FALSE,0.440121603187804,1.755,0.52033596874443
"new_full",4,134,TRUE,0.181872159010334,0.5201,0.484418344347066
"new_full",4,135,FALSE,0.761326322421457,4.772,0.641996475673759
"new_full",4,136,FALSE,0.662757831681574,3.6,0.400388456809725
"new_full",4,137,FALSE,0.409425868671443,1.567,0.457583556568582
"new_full",4,138,FALSE,0.387389826338729,1.44,0.329725582273008
"new_full",4,139,FALSE,0.256236533205923,0.804,0.394877342557575
"new_full",4,140,FALSE,0.381656482585787,1.408,0.403108831577598
"new_full",4,141,FALSE,0.43568513794163,1.727,0.419021423403071
"new_full",4,142,FALSE,0.190331698170291,0.55,0.45497336077504
"new_full",4,143,FALSE,0.208978517276253,0.618,0.434174558029797
"new_full",4,144,TRUE,0.506505032404872,2.21,0.436906516907123
"new_full",4,145,FALSE,0.390935107103379,1.46,0.389262016080207
"new_full",4,146,FALSE,0.442479769064449,1.77,0.458191674430577
"new_full",4,147,FALSE,0.417139409727326,1.613,0.415457202343497
"new_full",4,148,FALSE,0.260071387985075,0.82,0.347638575490945
"new_full",4,149,TRUE,0.308777773664721,1.036,0.388525579721277
"new_full",4,150,FALSE,0.583198773968623,2.83,0.47332097375602
"new_full",4,151,TRUE,0.456062224454951,1.858,0.444594050437227
"new_full",4,152,FALSE,0.370698092575577,1.348,0.440824247218416
"new_full",4,153,FALSE,0.639486489268586,3.36,0.598756088377222
"new_full",4,154,TRUE,0.590284403718162,2.893,0.484607077393137
"new_full",4,155,FALSE,0.618215503279417,3.1516,0.504325328354927
"new_full",4,156,FALSE,0.224533062606086,0.677,0.461719663183447
"new_full",4,157,FALSE,0.234010817587179,0.714,0.293410150963067
"new_full",4,158,FALSE,0.595826777073223,2.943,0.421036779726876
"new_full",4,159,TRUE,0.612783856719735,3.1,0.497765913769553
"new_full",4,160,FALSE,0.581266805273671,2.813,0.540175368314855
"new_full",4,161,FALSE,0.588383768378728,2.876,0.578521093396333
"new_full",4,162,FALSE,0.108226656374928,0.283,0.443146640734304
"new_full",4,163,TRUE,0.381115080709851,1.405,0.424314755482988
"new_full",4,164,FALSE,0.255272505103306,0.8,0.5413969612182
"new_full",4,165,FALSE,0.680879174426811,3.796,0.464119346520097
"new_full",4,166,FALSE,0.564784384503987,2.671,0.48275732508923
"new_full",4,167,TRUE,0.526339277389844,2.36,0.359940924311135
"new_full",4,168,FALSE,0.294466226161593,0.97,0.407433529597903
"new_full",4,169,FALSE,0.612783856719735,3.1,0.443825890023092
"new_full",4,170,FALSE,0.5182506513085,2.298,0.522197486650225
"new_full",4,171,FALSE,0.442949869577862,1.773,0.378800160186903
"new_full",4,172,FALSE,0.505149978319906,2.2,0.458012729626987
"new_full",4,173,FALSE,0.305995882770805,1.023,0.422398360955203
"new_full",4,174,TRUE,0.612783856719735,3.1,0.494618549146005
"new_full",4,175,TRUE,0.204119982655925,0.6,0.428194113724396
"new_full",4,176,FALSE,0.677333151419902,3.757,0.401511994634311
"new_full",4,177,FALSE,0.345961541813141,1.218,0.591731449682727
"new_full",4,178,FALSE,0.361160995195026,1.297,0.447142104194623
"new_full",4,179,TRUE,0.127104798364808,0.34,0.311737324740147
"new_full",4,180,FALSE,0.514547752660286,2.27,0.327344183893582
"new_full",4,181,FALSE,0.362350507594848,1.3033,0.466605278671179
"new_full",4,182,FALSE,0.662757831681574,3.6,0.450376598337969
"new_full",4,183,FALSE,0.313867220369153,1.06,0.443466578431688
"new_full",4,184,FALSE,0.839666556882433,5.913,0.476549564069975
"new_full",4,185,FALSE,0.16999753706657,0.4791,0.372140042207143
"new_full",4,186,FALSE,0.129367595722986,0.347,0.210827895716223
"new_full",4,187,FALSE,0.36078268987328,1.295,0.366833755282199
"new_full",4,188,FALSE,0.429106008332697,1.686,0.467406906876313
"new_full",4,189,FALSE,0.702602841340427,4.042,0.584839280529545
"new_full",4,190,FALSE,0.571708831808688,2.73,0.442418091424888
"new_full",4,191,FALSE,0.343920385393226,1.2076,0.305990076990669
"new_full",4,192,FALSE,0.695131297704026,3.956,0.513604796981005
"new_full",4,193,FALSE,0.629409599102719,3.26,0.521328296167059
"new_full",4,194,FALSE,0.414973347970818,1.6,0.376185108310515
"new_full",4,195,FALSE,0.276231957921834,0.889,0.326772836289059
"new_full",4,196,FALSE,0.531478917042255,2.4,0.522569042425004
"new_full",4,197,FALSE,0.236789099409293,0.725,0.381160325287308
"new_full",4,198,FALSE,0.756407872548958,4.707,0.723484703407329
"new_full",4,199,FALSE,0.718750734739665,4.233,0.557446814810389
"new_full",4,200,FALSE,0.515211304327802,2.275,0.426175600284548
"new_full",4,201,TRUE,0.3654879848909,1.32,0.410863587779988
"new_full",4,202,TRUE,0.344392273685111,1.21,0.418105371544629
"new_full",4,203,FALSE,0.196728722623287,0.573,0.430380732816514
"new_full",4,204,FALSE,0.392696953259666,1.47,0.381832385449642
"new_full",4,205,FALSE,0.365394376854778,1.3195,0.432103664068295
"new_full",4,206,TRUE,0.389166084364532,1.45,0.431139700703287
"new_full",4,207,FALSE,0.653212513775344,3.5,0.463761414969653
"new_full",4,208,FALSE,0.440594261839831,1.758,0.38689007598084
"new_full",4,209,TRUE,0.202215775801131,0.593,0.481554717499836
"new_full",4,210,FALSE,0.48572142648158,2.06,0.354988425899585
"new_full",4,211,FALSE,0.244277120801843,0.755,0.438842124441753
"new_full",4,212,FALSE,0.372727940885595,1.359,0.479558502170252
"new_full",4,213,FALSE,0.52244423350632,2.33,0.478791223671675
"new_full",4,214,FALSE,0.257678574869184,0.81,0.374821305764971
"new_full",4,215,FALSE,0.384353414137506,1.423,0.574593876479523
"new_full",4,216,FALSE,0.335858911319818,1.167,0.432219980485899
"new_full",4,217,FALSE,0.555094448578319,2.59,0.510382703574866
"new_full",4,218,FALSE,0.271841606536499,0.87,0.486965067614586
"new_full",4,219,FALSE,0.471291711058939,1.96,0.494780733328169
"new_full",4,220,TRUE,0.294906910605192,0.972,0.450233705270692
"new_full",4,221,FALSE,0.655138434811382,3.52,0.624542909520128
"new_full",4,222,FALSE,0.528916700277655,2.38,0.491741216771517
"new_full",4,223,TRUE,0.237040791379191,0.726,0.528365425897838
"new_full",4,224,FALSE,0.777426822389311,4.99,0.482190992489297
"new_full",4,225,TRUE,0.191730393362856,0.555,0.482364152069476
"new_full",4,226,FALSE,0.239549720840473,0.736,0.452755840097816
"new_full",4,227,TRUE,0.582404298019028,2.823,0.555881859262412
"new_full",4,228,TRUE,0.569373909615046,2.71,0.36930660725798
"new_full",4,229,FALSE,0.334252642334231,1.159,0.382033846343371
"new_full",4,230,FALSE,0.406369835469268,1.549,0.452134432690016
"new_full",4,231,FALSE,0.216165902285993,0.645,0.537901317671173
"new_full",4,232,FALSE,0.0597526942092988,0.1475,0.324654844664301
"new_full",4,233,TRUE,0.472463896606989,1.968,0.532207879070745
"new_full",4,234,FALSE,0.666985718329661,3.645,0.437023797974991
"new_full",4,235,FALSE,0.65417654187796,3.51,0.536037707558607
"new_full",4,236,FALSE,0.259593878885949,0.818,0.451134231343331
"new_full",4,237,FALSE,0.527114111639805,2.366,0.570759556527367
"new_full",4,238,TRUE,0.367169488534681,1.329,0.410224776887295
"new_full",4,239,TRUE,0.19228861256812,0.557,0.360460653882198
"new_full",4,240,FALSE,0.478566495593843,2.01,0.329120806096361
"new_full",4,241,FALSE,0.253580289562183,0.793,0.317057491915842
"new_full",4,242,FALSE,0.27554168840131,0.886,0.337800871735252
"new_full",4,243,FALSE,0.532627001228891,2.409,0.395793376193916
"new_full",4,244,TRUE,0.542451947375977,2.487,0.418673680932165
"new_full",4,245,FALSE,0.381836799998343,1.409,0.394928701663775
"new_full",4,246,TRUE,0.511616020569138,2.248,0.551969841135293
"new_full",4,247,FALSE,0.476831628512261,1.998,0.5545278798244
"new_full",4,248,FALSE,0.301029995663981,1,0.465448262352903
"new_full",4,249,FALSE,0.325823419002744,1.1175,0.355120269398781
"new_full",4,250,FALSE,0.586024382386976,2.855,0.511230304927682
"new_full",4,251,FALSE,0.218535505216528,0.654,0.28895158304236
"new_full",4,252,FALSE,0.0480531731156091,0.117,0.170046966755686
"new_full",4,253,FALSE,0.378397900948138,1.39,0.546843467417816
"new_full",4,254,FALSE,0.595275711802099,2.938,0.294445975506309
"new_full",4,255,FALSE,0.398807730203264,1.505,0.409100604150139
"new_full",4,256,TRUE,0.161368002234975,0.45,0.349169120054519
"new_full",4,257,FALSE,0.456214155357989,1.859,0.418792912521183
"new_full",4,258,FALSE,0.641126932803509,3.3765,0.462948180649534
"new_full",4,259,FALSE,0.54020429984206,2.469,0.336504399929415
"new_full",4,260,FALSE,0.0328201494385639,0.0785,0.0391706118067979
"new_full",4,261,FALSE,0.434888120867316,1.722,0.497456015078567
"new_full",4,262,FALSE,0.332034277027518,1.148,0.377550811808341
"new_full",4,263,FALSE,0.391816923613249,1.465,0.591403095304324
"new_full",4,264,TRUE,0.347427598618541,1.2255,0.450893132099415
"new_full",4,265,FALSE,0.352182518111362,1.25,0.330444526626085
"new_full",4,266,TRUE,0.154119525515847,0.426,0.194830727157831
"new_full",4,267,FALSE,0.591398551281249,2.903,0.397485356493678
"new_full",4,268,TRUE,0.315970345456918,1.07,0.443376897835395
"new_full",4,269,FALSE,0.470410490975931,1.954,0.433848268814218
"new_full",4,270,FALSE,0.826074802700826,5.7,0.819589884834895
"new_full",4,271,TRUE,0.273232834043046,0.876,0.57791147385796
"new_full",4,272,FALSE,0.234264124378789,0.715,0.322367832706721
"new_full",4,273,FALSE,0.504878459410216,2.198,0.431201644075134
"new_full",4,274,FALSE,0.582744965691277,2.826,0.355112048791538
"new_full",4,275,FALSE,0.542327382773974,2.486,0.47839890684747
"new_full",4,276,FALSE,0.657055852857104,3.54,0.443665047184813
"new_full",4,277,FALSE,0.328379603438738,1.13,0.367582350368524
"new_full",4,278,FALSE,0.4679039465228,1.937,0.244424625397446
"new_full",4,279,FALSE,0.331427296520743,1.145,0.4287512480741
"new_full",4,280,FALSE,0.352664799651101,1.2525,0.427659986317873
"new_full",4,281,FALSE,0.437116093048079,1.736,0.28476678813295
"new_full",4,282,FALSE,0.325043347403704,1.1137,0.327708286938247
"new_full",4,283,FALSE,0.775319121829478,4.961,0.480164917856063
"new_full",4,284,FALSE,0.526442668529935,2.3608,0.389015168023909
"new_full",4,285,FALSE,0.682145076373832,3.81,0.578342404624944
"new_full",4,286,FALSE,0.425534220498263,1.664,0.489238291080178
"new_full",4,287,FALSE,0.659726095237792,3.568,0.556909699586513
"new_full",4,288,FALSE,0.672097857935718,3.7,0.406731043481531
"new_full",4,289,FALSE,0.534026106056135,2.42,0.413442334421231
"new_full",4,290,FALSE,0.615950051656401,3.13,0.499008705596218
"new_full",4,291,TRUE,0.262451089730429,0.83,0.387756830123149
"new_full",5,1,TRUE,0.482873583608754,2.04,0.310169098478581
"new_full",5,2,TRUE,0.496929648073215,2.14,0.502060688443514
"new_full",5,3,TRUE,0.623042434246382,3.198,0.469894120347717
"new_full",5,4,TRUE,0.523746466811564,2.34,0.521415861661047
"new_full",5,5,TRUE,0.47567118832443,1.99,0.427219257019772
"new_full",5,6,TRUE,0.0681858617461616,0.17,0.37124198881435
"new_full",5,7,FALSE,0.469674772551798,1.949,0.349194241141302
"new_full",5,8,FALSE,0.387389826338729,1.44,0.438017582433306
"new_full",5,9,FALSE,0.627365856592733,3.24,0.365923664060572
"new_full",5,10,FALSE,0.591064607026499,2.9,0.397535649481717
"new_full",5,11,FALSE,0.218220304175545,0.6528,0.289123775424859
"new_full",5,12,TRUE,0.680335513414563,3.79,0.511592423898378
"new_full",5,13,TRUE,0.680607428991788,3.793,0.443652097348375
"new_full",5,14,FALSE,0.721810615212547,4.27,0.548709851027037
"new_full",5,15,TRUE,0.20682587603185,0.61,0.362430447099985
"new_full",5,16,TRUE,0.582063362911709,2.82,0.358595973865843
"new_full",5,17,FALSE,0.696094159995223,3.967,0.46590450078846
"new_full",5,18,TRUE,0.40823996531185,1.56,0.394900321090043
"new_full",5,19,FALSE,0.433001340945038,1.7102,0.440562608465654
"new_full",5,20,FALSE,0.653212513775344,3.5,0.440931506581829
"new_full",5,21,FALSE,0.558072259099146,2.6147,0.42146087746477
"new_full",5,22,FALSE,0.261928672990642,0.8278,0.216916165035258
"new_full",5,23,FALSE,0.862727528317975,6.29,0.595319418927833
"new_full",5,24,TRUE,0.637489729512511,3.34,0.503952559770846
"new_full",5,25,FALSE,0.504878459410216,2.198,0.338954409642788
"new_full",5,26,FALSE,0.286995073968852,0.9364,0.339226285409103
"new_full",5,27,TRUE,0.662757831681574,3.6,0.460889323136688
"new_full",5,28,FALSE,0.524525936626376,2.346,0.460448539154257
"new_full",5,29,TRUE,0.406540180433955,1.55,0.486245679574245
"new_full",5,30,FALSE,0.656098202012832,3.53,0.532356246775142
"new_full",5,31,FALSE,0.517987203025078,2.296,0.365798086773703
"new_full",5,32,FALSE,0.703119346236078,4.048,0.478158024534089
"new_full",5,33,FALSE,0.691081492122968,3.91,0.491136872799148
"new_full",5,34,FALSE,0.73319726510657,4.41,0.737012112199702
"new_full",5,35,FALSE,0.408070285887185,1.559,0.417120073605086
"new_full",5,36,FALSE,0.396024896608593,1.489,0.446960816134864
"new_full",5,37,FALSE,0.398391440229475,1.5026,0.442383047102468
"new_full",5,38,FALSE,0.770852011642144,4.9,0.581741682842853
"new_full",5,39,TRUE,0.15836249209525,0.44,0.383305713587488
"new_full",5,40,FALSE,0.625415352154408,3.221,0.477881196599802
"new_full",5,41,FALSE,0.496334505996816,2.1357,0.549502911031555
"new_full",5,42,FALSE,0.679427896612119,3.78,0.610362261726669
"new_full",5,43,FALSE,0.610116955411928,3.0749,0.544084139145532
"new_full",5,44,FALSE,0.645913275033844,3.425,0.436763266685155
"new_full",5,45,FALSE,0.465382851448418,1.92,0.434630086135592
"new_full",5,46,FALSE,0.569490954348783,2.711,0.544814325558761
"new_full",5,47,FALSE,0.187520720836463,0.54,0.242267473178711
"new_full",5,48,FALSE,0.465813957269479,1.9229,0.465974333535686
"new_full",5,49,FALSE,0.231214647962601,0.703,0.510691851234986
"new_full",5,50,FALSE,0.670802284260944,3.686,0.639262253382117
"new_full",5,51,FALSE,0.459935016851525,1.8836,0.518286127923103
"new_full",5,52,FALSE,0.287129620719111,0.937,0.401028982402944
"new_full",5,53,FALSE,0.6232492903979,3.2,0.480225146957168
"new_full",5,54,FALSE,0.8109042806687,5.47,0.6112416119604
"new_full",5,55,TRUE,0.354108439147401,1.26,0.474315005929412
"new_full",5,56,FALSE,0.129141845792285,0.3463,0.37437462468853
"new_full",5,57,FALSE,0.244969460136198,0.7578,0.444689698206154
"new_full",5,58,FALSE,0.364363354615731,1.314,0.401600231678817
"new_full",5,59,TRUE,0.334212409393176,1.1588,0.444938261887496
"new_full",5,60,FALSE,0.489677291663699,2.088,0.512669637662966
"new_full",5,61,FALSE,0.525304009958239,2.352,0.463628654296696
"new_full",5,62,TRUE,0.406540180433955,1.55,0.380026628350001
"new_full",5,63,FALSE,0.335457900689384,1.165,0.540928261046615
"new_full",5,64,FALSE,0.419873175149476,1.6295,0.577670503862364
"new_full",5,65,FALSE,0.397227181043161,1.4959,0.500612402078966
"new_full",5,66,TRUE,0.59659709562646,2.95,0.619804175746373
"new_full",5,67,FALSE,0.260071387985075,0.82,0.423688102743846
"new_full",5,68,FALSE,0.489466281303128,2.0865,0.539710184722076
"new_full",5,69,FALSE,0.544018407858776,2.4996,0.703719418391324
"new_full",5,70,TRUE,0.222976449893391,0.671,0.483139243198272
"new_full",5,71,FALSE,0.28397928423848,0.923,0.570447294144957
"new_full",5,72,FALSE,0.6652056284346,3.626,0.600011474446366
"new_full",5,73,FALSE,0.537819095073274,2.45,0.603472596324213
"new_full",5,74,FALSE,0.501059262217751,2.17,0.519654058597511
"new_full",5,75,FALSE,0.415699348887829,1.60435,0.456957774459202
"new_full",5,76,TRUE,0.298853076409707,0.99,0.36272043072518
"new_full",5,77,TRUE,0.289365951520032,0.947,0.387470925692008
"new_full",5,78,FALSE,0.497620649781288,2.145,0.327851931003219
"new_full",5,79,TRUE,0.778151250383644,5,0.520525677798015
"new_full",5,80,TRUE,0.260071387985075,0.82,0.39584867620877
"new_full",5,81,FALSE,0.367542273520577,1.331,0.470278379415892
"new_full",5,82,FALSE,0.534026106056135,2.42,0.47211682844909
"new_full",5,83,FALSE,0.287129620719111,0.937,0.344705028342648
"new_full",5,84,FALSE,0.469822015978163,1.95,0.40000176085419
"new_full",5,85,TRUE,0.399673721481038,1.51,0.411281198425351
"new_full",5,86,FALSE,0.307496037913213,1.03,0.232114263258919
"new_full",5,87,FALSE,0.247236549506764,0.767,0.389573909620124
"new_full",5,88,FALSE,0.6232492903979,3.2,0.429713619723398
"new_full",5,89,TRUE,0.429752280002408,1.69,0.507011668650761
"new_full",5,90,TRUE,0.566943971856554,2.6893,0.422118040339361
"new_full",5,91,FALSE,0.605951157564873,3.036,0.538633015608059
"new_full",5,92,FALSE,0.265996370495079,0.845,0.492105091560715
"new_full",5,93,FALSE,0.555215405126073,2.591,0.375172878991331
"new_full",5,94,FALSE,0.638489256954637,3.35,0.479466318554741
"new_full",5,95,FALSE,0.528145078253106,2.374,0.514817469197077
"new_full",5,96,FALSE,0.227552503379865,0.6887,0.513792740865408
"new_full",5,97,FALSE,0.430075055551939,1.692,0.521778076535582
"new_full",5,98,FALSE,0.184549481320698,0.5295,0.31750061605121
"new_full",5,99,FALSE,0.472537053262077,1.9685,0.478174541959231
"new_full",5,100,FALSE,0.60616631460762,3.038,0.451585252161737
"new_full",5,101,FALSE,0.685553652846326,3.8479,0.625911571844837
"new_full",5,102,TRUE,0.296665190261531,0.98,0.520269840801711
"new_full",5,103,FALSE,0.491361693834273,2.1,0.529828517446436
"new_full",5,104,FALSE,0.513217600067939,2.26,0.418467004775834
"new_full",5,105,TRUE,0.64738297011462,3.44,0.451930652032823
"new_full",5,106,FALSE,0.491361693834273,2.1,0.489598300574792
"new_full",5,107,FALSE,0.406028944963615,1.547,0.41829343904084
"new_full",5,108,FALSE,0.752025387323213,4.6497,0.469767442624331
"new_full",5,109,TRUE,0.6414741105041,3.38,0.492879654972221
"new_full",5,110,FALSE,0.416307587059883,1.608,0.529626141355643
"new_full",5,111,FALSE,0.966610986681934,8.26,0.712032761509846
"new_full",5,112,FALSE,0.188647295999717,0.544,0.352074923273168
"new_full",5,113,FALSE,0.708335902682263,4.109,0.500171739066593
"new_full",5,114,FALSE,0.685741738602264,3.85,0.941746703376784
"new_full",5,115,FALSE,0.559308010907013,2.625,0.461237616371883
"new_full",5,116,FALSE,0.355259905527378,1.266,0.419752552183381
"new_full",5,117,FALSE,0.187520720836463,0.54,0.386910423923489
"new_full",5,118,TRUE,0.569373909615046,2.71,0.448683361389924
"new_full",5,119,FALSE,0.572523097849638,2.737,0.486798296419308
"new_full",5,120,FALSE,0.538070787043172,2.452,0.515327491040996
"new_full",5,121,FALSE,0.374748346010104,1.37,0.373720121521049
"new_full",5,122,FALSE,0.294686624279443,0.971,0.324393483534252
"new_full",5,123,FALSE,0.432969290874406,1.71,0.433814831327513
"new_full",5,124,TRUE,0.320146286111054,1.09,0.570133732984138
"new_full",5,125,FALSE,0.574262829707027,2.752,0.4374199286696
"new_full",5,126,FALSE,0.610234175334389,3.076,0.579291972116344
"new_full",5,127,FALSE,0.173186268412274,0.49,0.186874449617115
"new_full",5,128,FALSE,0.314499227973151,1.063,0.414616832716626
"new_full",5,129,FALSE,0.753330221324521,4.6667,0.503186676261154
"new_full",5,130,FALSE,0.338456493604605,1.18,0.434726741037258
"new_full",5,131,TRUE,0.0253058652647703,0.06,0.387286206729001
"new_full",5,132,FALSE,0.21045229296202,0.6235,0.296716611760058
"new_full",5,133,FALSE,0.440121603187804,1.755,0.448839350068949
"new_full",5,134,TRUE,0.181872159010334,0.5201,0.488202613101917
"new_full",5,135,FALSE,0.761326322421457,4.772,0.593120908846561
"new_full",5,136,FALSE,0.662757831681574,3.6,0.384072756546435
"new_full",5,137,FALSE,0.409425868671443,1.567,0.427468864060411
"new_full",5,138,FALSE,0.387389826338729,1.44,0.327941719418286
"new_full",5,139,FALSE,0.256236533205923,0.804,0.3930182744148
"new_full",5,140,FALSE,0.381656482585787,1.408,0.396465828390806
"new_full",5,141,FALSE,0.43568513794163,1.727,0.462616858045849
"new_full",5,142,FALSE,0.190331698170291,0.55,0.486316107244608
"new_full",5,143,FALSE,0.208978517276253,0.618,0.442329532020879
"new_full",5,144,TRUE,0.506505032404872,2.21,0.481148931717313
"new_full",5,145,FALSE,0.390935107103379,1.46,0.415087581723683
"new_full",5,146,FALSE,0.442479769064449,1.77,0.505765926267036
"new_full",5,147,FALSE,0.417139409727326,1.613,0.446864247425176
"new_full",5,148,FALSE,0.260071387985075,0.82,0.3612540305047
"new_full",5,149,TRUE,0.308777773664721,1.036,0.389910878255279
"new_full",5,150,FALSE,0.583198773968623,2.83,0.494698886100407
"new_full",5,151,TRUE,0.456062224454951,1.858,0.441162714158777
"new_full",5,152,FALSE,0.370698092575577,1.348,0.400736936049023
"new_full",5,153,FALSE,0.639486489268586,3.36,0.596702177865112
"new_full",5,154,TRUE,0.590284403718162,2.893,0.480265111963732
"new_full",5,155,FALSE,0.618215503279417,3.1516,0.558706020950145
"new_full",5,156,FALSE,0.224533062606086,0.677,0.454688153447214
"new_full",5,157,FALSE,0.234010817587179,0.714,0.284298107343601
"new_full",5,158,FALSE,0.595826777073223,2.943,0.424471000484176
"new_full",5,159,TRUE,0.612783856719735,3.1,0.518241399230311
"new_full",5,160,FALSE,0.581266805273671,2.813,0.539889406054897
"new_full",5,161,FALSE,0.588383768378728,2.876,0.582763765794372
"new_full",5,162,FALSE,0.108226656374928,0.283,0.410779478073811
"new_full",5,163,TRUE,0.381115080709851,1.405,0.447025626468682
"new_full",5,164,FALSE,0.255272505103306,0.8,0.510565740427207
"new_full",5,165,FALSE,0.680879174426811,3.796,0.501607553155907
"new_full",5,166,FALSE,0.564784384503987,2.671,0.451658850544734
"new_full",5,167,TRUE,0.526339277389844,2.36,0.365920396441383
"new_full",5,168,FALSE,0.294466226161593,0.97,0.406389648083022
"new_full",5,169,FALSE,0.612783856719735,3.1,0.464396452848342
"new_full",5,170,FALSE,0.5182506513085,2.298,0.543738714699937
"new_full",5,171,FALSE,0.442949869577862,1.773,0.392455964250482
"new_full",5,172,FALSE,0.505149978319906,2.2,0.481299963117842
"new_full",5,173,FALSE,0.305995882770805,1.023,0.416678987687313
"new_full",5,174,TRUE,0.612783856719735,3.1,0.508943869487554
"new_full",5,175,TRUE,0.204119982655925,0.6,0.440600772918222
"new_full",5,176,FALSE,0.677333151419902,3.757,0.374350330026577
"new_full",5,177,FALSE,0.345961541813141,1.218,0.553238958805498
"new_full",5,178,FALSE,0.361160995195026,1.297,0.482167158965466
"new_full",5,179,TRUE,0.127104798364808,0.34,0.41150138882036
"new_full",5,180,FALSE,0.514547752660286,2.27,0.361594590152894
"new_full",5,181,FALSE,0.362350507594848,1.3033,0.453403081768067
"new_full",5,182,FALSE,0.662757831681574,3.6,0.480128527044542
"new_full",5,183,FALSE,0.313867220369153,1.06,0.419310616001914
"new_full",5,184,FALSE,0.839666556882433,5.913,0.525706834342145
"new_full",5,185,FALSE,0.16999753706657,0.4791,0.363189484329623
"new_full",5,186,FALSE,0.129367595722986,0.347,0.170553330086638
"new_full",5,187,FALSE,0.36078268987328,1.295,0.354845683840606
"new_full",5,188,FALSE,0.429106008332697,1.686,0.472473576261686
"new_full",5,189,FALSE,0.702602841340427,4.042,0.538379486792389
"new_full",5,190,FALSE,0.571708831808688,2.73,0.474185158940049
"new_full",5,191,FALSE,0.343920385393226,1.2076,0.301845903284304
"new_full",5,192,FALSE,0.695131297704026,3.956,0.487357436640512
"new_full",5,193,FALSE,0.629409599102719,3.26,0.508202859926203
"new_full",5,194,FALSE,0.414973347970818,1.6,0.413778875522592
"new_full",5,195,FALSE,0.276231957921834,0.889,0.384786794484674
"new_full",5,196,FALSE,0.531478917042255,2.4,0.532506436983876
"new_full",5,197,FALSE,0.236789099409293,0.725,0.367107010911787
"new_full",5,198,FALSE,0.756407872548958,4.707,0.825042717207109
"new_full",5,199,FALSE,0.718750734739665,4.233,0.567189330468843
"new_full",5,200,FALSE,0.515211304327802,2.275,0.411376306509725
"new_full",5,201,TRUE,0.3654879848909,1.32,0.405445435083381
"new_full",5,202,TRUE,0.344392273685111,1.21,0.428823054711911
"new_full",5,203,FALSE,0.196728722623287,0.573,0.437561406263832
"new_full",5,204,FALSE,0.392696953259666,1.47,0.456590779352603
"new_full",5,205,FALSE,0.365394376854778,1.3195,0.403635540247776
"new_full",5,206,TRUE,0.389166084364532,1.45,0.441993565708603
"new_full",5,207,FALSE,0.653212513775344,3.5,0.453034472269905
"new_full",5,208,FALSE,0.440594261839831,1.758,0.384762821017002
"new_full",5,209,TRUE,0.202215775801131,0.593,0.475640941533306
"new_full",5,210,FALSE,0.48572142648158,2.06,0.373892782566824
"new_full",5,211,FALSE,0.244277120801843,0.755,0.427024969234061
"new_full",5,212,FALSE,0.372727940885595,1.359,0.458727537481301
"new_full",5,213,FALSE,0.52244423350632,2.33,0.482860604209576
"new_full",5,214,FALSE,0.257678574869184,0.81,0.352561382559087
"new_full",5,215,FALSE,0.384353414137506,1.423,0.568337205140298
"new_full",5,216,FALSE,0.335858911319818,1.167,0.458108630666157
"new_full",5,217,FALSE,0.555094448578319,2.59,0.547792081844932
"new_full",5,218,FALSE,0.271841606536499,0.87,0.543682807803051
"new_full",5,219,FALSE,0.471291711058939,1.96,0.452589071724882
"new_full",5,220,TRUE,0.294906910605192,0.972,0.481669195221626
"new_full",5,221,FALSE,0.655138434811382,3.52,0.58709628794206
"new_full",5,222,FALSE,0.528916700277655,2.38,0.427261744330354
"new_full",5,223,TRUE,0.237040791379191,0.726,0.495393084748372
"new_full",5,224,FALSE,0.777426822389311,4.99,0.486500936104225
"new_full",5,225,TRUE,0.191730393362856,0.555,0.476848161682639
"new_full",5,226,FALSE,0.239549720840473,0.736,0.466090650332211
"new_full",5,227,TRUE,0.582404298019028,2.823,0.561398431650026
"new_full",5,228,TRUE,0.569373909615046,2.71,0.378010890012734
"new_full",5,229,FALSE,0.334252642334231,1.159,0.426806709792223
"new_full",5,230,FALSE,0.406369835469268,1.549,0.461895190196669
"new_full",5,231,FALSE,0.216165902285993,0.645,0.544523005075045
"new_full",5,232,FALSE,0.0597526942092988,0.1475,0.279914742001362
"new_full",5,233,TRUE,0.472463896606989,1.968,0.469894864441286
"new_full",5,234,FALSE,0.666985718329661,3.645,0.418279939958406
"new_full",5,235,FALSE,0.65417654187796,3.51,0.523603212966129
"new_full",5,236,FALSE,0.259593878885949,0.818,0.447116751080221
"new_full",5,237,FALSE,0.527114111639805,2.366,0.539272307349051
"new_full",5,238,TRUE,0.367169488534681,1.329,0.423914950710001
"new_full",5,239,TRUE,0.19228861256812,0.557,0.37308114761158
"new_full",5,240,FALSE,0.478566495593843,2.01,0.297222921452665
"new_full",5,241,FALSE,0.253580289562183,0.793,0.300351130334343
"new_full",5,242,FALSE,0.27554168840131,0.886,0.345533607588229
"new_full",5,243,FALSE,0.532627001228891,2.409,0.364519731305045
"new_full",5,244,TRUE,0.542451947375977,2.487,0.435727472476222
"new_full",5,245,FALSE,0.381836799998343,1.409,0.393719575425267
"new_full",5,246,TRUE,0.511616020569138,2.248,0.551354015083857
"new_full",5,247,FALSE,0.476831628512261,1.998,0.559109754798449
"new_full",5,248,FALSE,0.301029995663981,1,0.477032378089816
"new_full",5,249,FALSE,0.325823419002744,1.1175,0.365209065385692
"new_full",5,250,FALSE,0.586024382386976,2.855,0.509255541935093
"new_full",5,251,FALSE,0.218535505216528,0.654,0.337032341752655
"new_full",5,252,FALSE,0.0480531731156091,0.117,0.187740634143814
"new_full",5,253,FALSE,0.378397900948138,1.39,0.520548352327494
"new_full",5,254,FALSE,0.595275711802099,2.938,0.434601716972256
"new_full",5,255,FALSE,0.398807730203264,1.505,0.413314559681244
"new_full",5,256,TRUE,0.161368002234975,0.45,0.344317931604573
"new_full",5,257,FALSE,0.456214155357989,1.859,0.376233816173203
"new_full",5,258,FALSE,0.641126932803509,3.3765,0.475927627075421
"new_full",5,259,FALSE,0.54020429984206,2.469,0.339678228161867
"new_full",5,260,FALSE,0.0328201494385639,0.0785,0.0401443991293789
"new_full",5,261,FALSE,0.434888120867316,1.722,0.510403555035525
"new_full",5,262,FALSE,0.332034277027518,1.148,0.368742196181177
"new_full",5,263,FALSE,0.391816923613249,1.465,0.603216186357154
"new_full",5,264,TRUE,0.347427598618541,1.2255,0.497770691823567
"new_full",5,265,FALSE,0.352182518111362,1.25,0.30606855100529
"new_full",5,266,TRUE,0.154119525515847,0.426,0.269967971935322
"new_full",5,267,FALSE,0.591398551281249,2.903,0.410594001903346
"new_full",5,268,TRUE,0.315970345456918,1.07,0.413337274917223
"new_full",5,269,FALSE,0.470410490975931,1.954,0.478095198422631
"new_full",5,270,FALSE,0.826074802700826,5.7,0.857065555946507
"new_full",5,271,TRUE,0.273232834043046,0.876,0.586323330982962
"new_full",5,272,FALSE,0.234264124378789,0.715,0.36384109188657
"new_full",5,273,FALSE,0.504878459410216,2.198,0.438994391474044
"new_full",5,274,FALSE,0.582744965691277,2.826,0.353355092979556
"new_full",5,275,FALSE,0.542327382773974,2.486,0.466795579804834
"new_full",5,276,FALSE,0.657055852857104,3.54,0.44331527929481
"new_full",5,277,FALSE,0.328379603438738,1.13,0.350127213293466
"new_full",5,278,FALSE,0.4679039465228,1.937,0.242527753504153
"new_full",5,279,FALSE,0.331427296520743,1.145,0.450551088375406
"new_full",5,280,FALSE,0.352664799651101,1.2525,0.429925992109648
"new_full",5,281,FALSE,0.437116093048079,1.736,0.30976313395467
"new_full",5,282,FALSE,0.325043347403704,1.1137,0.377230243792187
"new_full",5,283,FALSE,0.775319121829478,4.961,0.48581331955907
"new_full",5,284,FALSE,0.526442668529935,2.3608,0.407322114024137
"new_full",5,285,FALSE,0.682145076373832,3.81,0.568191154954051
"new_full",5,286,FALSE,0.425534220498263,1.664,0.473705454267619
"new_full",5,287,FALSE,0.659726095237792,3.568,0.558265492210908
"new_full",5,288,FALSE,0.672097857935718,3.7,0.39520891009124
"new_full",5,289,FALSE,0.534026106056135,2.42,0.383472901711111
"new_full",5,290,FALSE,0.615950051656401,3.13,0.500859974814691
"new_full",5,291,TRUE,0.262451089730429,0.83,0.399057973987779
"old_w05",1,1,TRUE,0.482873583608754,2.04,0.415232900876386
"old_w05",1,2,TRUE,0.496929648073215,2.14,0.559617346416907
"old_w05",1,3,TRUE,0.623042434246382,3.198,0.471493468806696
"old_w05",1,4,TRUE,0.523746466811564,2.34,0.427063980329328
"old_w05",1,5,TRUE,0.47567118832443,1.99,0.385606308129198
"old_w05",1,6,TRUE,0.0681858617461616,0.17,0.257138437123863
"old_w05",1,7,FALSE,0.469674772551798,1.949,0.326202099539014
"old_w05",1,8,FALSE,0.387389826338729,1.44,0.434391842159442
"old_w05",1,9,FALSE,0.627365856592733,3.24,0.382186708419951
"old_w05",1,10,FALSE,0.591064607026499,2.9,0.413442877224475
"old_w05",1,11,FALSE,0.218220304175545,0.6528,0.234785680366168
"old_w05",1,12,TRUE,0.680335513414563,3.79,0.523103705748232
"old_w05",1,13,TRUE,0.680607428991788,3.793,0.502410083445376
"old_w05",1,14,FALSE,0.721810615212547,4.27,0.556667687769848
"old_w05",1,15,TRUE,0.20682587603185,0.61,0.484778136830048
"old_w05",1,16,TRUE,0.582063362911709,2.82,0.461918594595594
"old_w05",1,17,FALSE,0.696094159995223,3.967,0.522568997769386
"old_w05",1,18,TRUE,0.40823996531185,1.56,0.372578803891286
"old_w05",1,19,FALSE,0.433001340945038,1.7102,0.408912402239496
"old_w05",1,20,FALSE,0.653212513775344,3.5,0.453122813811762
"old_w05",1,21,FALSE,0.558072259099146,2.6147,0.414105970198729
"old_w05",1,22,FALSE,0.261928672990642,0.8278,0.260188294193668
"old_w05",1,23,FALSE,0.862727528317975,6.29,0.645935941627073
"old_w05",1,24,TRUE,0.637489729512511,3.34,0.386489093348141
"old_w05",1,25,FALSE,0.504878459410216,2.198,0.366483556170709
"old_w05",1,26,FALSE,0.286995073968852,0.9364,0.393258923657472
"old_w05",1,27,TRUE,0.662757831681574,3.6,0.438893645812328
"old_w05",1,28,FALSE,0.524525936626376,2.346,0.459162839483929
"old_w05",1,29,TRUE,0.406540180433955,1.55,0.361083988649234
"old_w05",1,30,FALSE,0.656098202012832,3.53,0.552924462264301
"old_w05",1,31,FALSE,0.517987203025078,2.296,0.420260474953063
"old_w05",1,32,FALSE,0.703119346236078,4.048,0.56687451198674
"old_w05",1,33,FALSE,0.691081492122968,3.91,0.517539149626688
"old_w05",1,34,FALSE,0.73319726510657,4.41,0.683986623861764
"old_w05",1,35,FALSE,0.408070285887185,1.559,0.430476686557983
"old_w05",1,36,FALSE,0.396024896608593,1.489,0.441528844470255
"old_w05",1,37,FALSE,0.398391440229475,1.5026,0.442726218231928
"old_w05",1,38,FALSE,0.770852011642144,4.9,0.532814525615928
"old_w05",1,39,TRUE,0.15836249209525,0.44,0.430557883542192
"old_w05",1,40,FALSE,0.625415352154408,3.221,0.498376240283907
"old_w05",1,41,FALSE,0.496334505996816,2.1357,0.502719713750973
"old_w05",1,42,FALSE,0.679427896612119,3.78,0.595480598197721
"old_w05",1,43,FALSE,0.610116955411928,3.0749,0.517932353113206
"old_w05",1,44,FALSE,0.645913275033844,3.425,0.470479148698859
"old_w05",1,45,FALSE,0.465382851448418,1.92,0.396907475662624
"old_w05",1,46,FALSE,0.569490954348783,2.711,0.543322486778736
"old_w05",1,47,FALSE,0.187520720836463,0.54,0.307084076369867
"old_w05",1,48,FALSE,0.465813957269479,1.9229,0.4696421392455
"old_w05",1,49,FALSE,0.231214647962601,0.703,0.520470117481291
"old_w05",1,50,FALSE,0.670802284260944,3.686,0.622748416198934
"old_w05",1,51,FALSE,0.459935016851525,1.8836,0.550434640235269
"old_w05",1,52,FALSE,0.287129620719111,0.937,0.405182017199053
"old_w05",1,53,FALSE,0.6232492903979,3.2,0.569526507801059
"old_w05",1,54,FALSE,0.8109042806687,5.47,0.607223894967689
"old_w05",1,55,TRUE,0.354108439147401,1.26,0.434899768127963
"old_w05",1,56,FALSE,0.129141845792285,0.3463,0.408018133090426
"old_w05",1,57,FALSE,0.244969460136198,0.7578,0.400849919975958
"old_w05",1,58,FALSE,0.364363354615731,1.314,0.385982060387988
"old_w05",1,59,TRUE,0.334212409393176,1.1588,0.538195839119843
"old_w05",1,60,FALSE,0.489677291663699,2.088,0.551987258940794
"old_w05",1,61,FALSE,0.525304009958239,2.352,0.513093150826816
"old_w05",1,62,TRUE,0.406540180433955,1.55,0.374791144407826
"old_w05",1,63,FALSE,0.335457900689384,1.165,0.532597825682359
"old_w05",1,64,FALSE,0.419873175149476,1.6295,0.556709880569873
"old_w05",1,65,FALSE,0.397227181043161,1.4959,0.571014446518864
"old_w05",1,66,TRUE,0.59659709562646,2.95,0.613076553802035
"old_w05",1,67,FALSE,0.260071387985075,0.82,0.43719100404574
"old_w05",1,68,FALSE,0.489466281303128,2.0865,0.552188889374205
"old_w05",1,69,FALSE,0.544018407858776,2.4996,0.670541363822691
"old_w05",1,70,TRUE,0.222976449893391,0.671,0.421740629375714
"old_w05",1,71,FALSE,0.28397928423848,0.923,0.560471737157486
"old_w05",1,72,FALSE,0.6652056284346,3.626,0.575275951143775
"old_w05",1,73,FALSE,0.537819095073274,2.45,0.564788529747407
"old_w05",1,74,FALSE,0.501059262217751,2.17,0.516997062937213
"old_w05",1,75,FALSE,0.415699348887829,1.60435,0.433087419925797
"old_w05",1,76,TRUE,0.298853076409707,0.99,0.576815102622084
"old_w05",1,77,TRUE,0.289365951520032,0.947,0.419317016145597
"old_w05",1,78,FALSE,0.497620649781288,2.145,0.320500846012048
"old_w05",1,79,TRUE,0.778151250383644,5,0.583911469332692
"old_w05",1,80,TRUE,0.260071387985075,0.82,0.379501873075422
"old_w05",1,81,FALSE,0.367542273520577,1.331,0.474176108222541
"old_w05",1,82,FALSE,0.534026106056135,2.42,0.469033111426168
"old_w05",1,83,FALSE,0.287129620719111,0.937,0.251582642164137
"old_w05",1,84,FALSE,0.469822015978163,1.95,0.333000382721439
"old_w05",1,85,TRUE,0.399673721481038,1.51,0.456916544820763
"old_w05",1,86,FALSE,0.307496037913213,1.03,0.28555158658003
"old_w05",1,87,FALSE,0.247236549506764,0.767,0.380058543640648
"old_w05",1,88,FALSE,0.6232492903979,3.2,0.432147532143548
"old_w05",1,89,TRUE,0.429752280002408,1.69,0.436674071918393
"old_w05",1,90,TRUE,0.566943971856554,2.6893,0.415209260939286
"old_w05",1,91,FALSE,0.605951157564873,3.036,0.527101492735992
"old_w05",1,92,FALSE,0.265996370495079,0.845,0.511744247662443
"old_w05",1,93,FALSE,0.555215405126073,2.591,0.351328815713492
"old_w05",1,94,FALSE,0.638489256954637,3.35,0.478759158977606
"old_w05",1,95,FALSE,0.528145078253106,2.374,0.563843908204197
"old_w05",1,96,FALSE,0.227552503379865,0.6887,0.497126005979554
"old_w05",1,97,FALSE,0.430075055551939,1.692,0.526376043814217
"old_w05",1,98,FALSE,0.184549481320698,0.5295,0.328664891473689
"old_w05",1,99,FALSE,0.472537053262077,1.9685,0.526232340017418
"old_w05",1,100,FALSE,0.60616631460762,3.038,0.543840859799
"old_w05",1,101,FALSE,0.685553652846326,3.8479,0.611835151685098
"old_w05",1,102,TRUE,0.296665190261531,0.98,0.601774796452368
"old_w05",1,103,FALSE,0.491361693834273,2.1,0.536496739880738
"old_w05",1,104,FALSE,0.513217600067939,2.26,0.401939858829929
"old_w05",1,105,TRUE,0.64738297011462,3.44,0.569740196279794
"old_w05",1,106,FALSE,0.491361693834273,2.1,0.530644372832143
"old_w05",1,107,FALSE,0.406028944963615,1.547,0.327462282360616
"old_w05",1,108,FALSE,0.752025387323213,4.6497,0.526064226398105
"old_w05",1,109,TRUE,0.6414741105041,3.38,0.498876148272899
"old_w05",1,110,FALSE,0.416307587059883,1.608,0.521338663533888
"old_w05",1,111,FALSE,0.966610986681934,8.26,0.731999265900708
"old_w05",1,112,FALSE,0.188647295999717,0.544,0.362257722610329
"old_w05",1,113,FALSE,0.708335902682263,4.109,0.522548275848189
"old_w05",1,114,FALSE,0.685741738602264,3.85,0.779938834526417
"old_w05",1,115,FALSE,0.559308010907013,2.625,0.448143020153378
"old_w05",1,116,FALSE,0.355259905527378,1.266,0.413276251352492
"old_w05",1,117,FALSE,0.187520720836463,0.54,0.347790186902905
"old_w05",1,118,TRUE,0.569373909615046,2.71,0.407033529467053
"old_w05",1,119,FALSE,0.572523097849638,2.737,0.478914060234602
"old_w05",1,120,FALSE,0.538070787043172,2.452,0.483914203678492
"old_w05",1,121,FALSE,0.374748346010104,1.37,0.407609395851451
"old_w05",1,122,FALSE,0.294686624279443,0.971,0.314169656842997
"old_w05",1,123,FALSE,0.432969290874406,1.71,0.426391296687824
"old_w05",1,124,TRUE,0.320146286111054,1.09,0.457375549590601
"old_w05",1,125,FALSE,0.574262829707027,2.752,0.434904202637259
"old_w05",1,126,FALSE,0.610234175334389,3.076,0.606242344764915
"old_w05",1,127,FALSE,0.173186268412274,0.49,0.185897132997424
"old_w05",1,128,FALSE,0.314499227973151,1.063,0.39160551954018
"old_w05",1,129,FALSE,0.753330221324521,4.6667,0.459095956517995
"old_w05",1,130,FALSE,0.338456493604605,1.18,0.469777698449692
"old_w05",1,131,TRUE,0.0253058652647703,0.06,0.345953114894049
"old_w05",1,132,FALSE,0.21045229296202,0.6235,0.312600781011205
"old_w05",1,133,FALSE,0.440121603187804,1.755,0.47065413852201
"old_w05",1,134,TRUE,0.181872159010334,0.5201,0.352477380795137
"old_w05",1,135,FALSE,0.761326322421457,4.772,0.640522137119675
"old_w05",1,136,FALSE,0.662757831681574,3.6,0.38974576796452
"old_w05",1,137,FALSE,0.409425868671443,1.567,0.434593061898728
"old_w05",1,138,FALSE,0.387389826338729,1.44,0.321781138508763
"old_w05",1,139,FALSE,0.256236533205923,0.804,0.314554261466931
"old_w05",1,140,FALSE,0.381656482585787,1.408,0.443915159795279
"old_w05",1,141,FALSE,0.43568513794163,1.727,0.439604758942034
"old_w05",1,142,FALSE,0.190331698170291,0.55,0.422163700672092
"old_w05",1,143,FALSE,0.208978517276253,0.618,0.461434387702762
"old_w05",1,144,TRUE,0.506505032404872,2.21,0.460283007403421
"old_w05",1,145,FALSE,0.390935107103379,1.46,0.408088542250054
"old_w05",1,146,FALSE,0.442479769064449,1.77,0.522421743278423
"old_w05",1,147,FALSE,0.417139409727326,1.613,0.457264277119163
"old_w05",1,148,FALSE,0.260071387985075,0.82,0.417309014801099
"old_w05",1,149,TRUE,0.308777773664721,1.036,0.447473514084376
"old_w05",1,150,FALSE,0.583198773968623,2.83,0.397998022983433
"old_w05",1,151,TRUE,0.456062224454951,1.858,0.62558783458477
"old_w05",1,152,FALSE,0.370698092575577,1.348,0.445487594967243
"old_w05",1,153,FALSE,0.639486489268586,3.36,0.633642249044149
"old_w05",1,154,TRUE,0.590284403718162,2.893,0.505308944983155
"old_w05",1,155,FALSE,0.618215503279417,3.1516,0.547184387403507
"old_w05",1,156,FALSE,0.224533062606086,0.677,0.48692080050982
"old_w05",1,157,FALSE,0.234010817587179,0.714,0.281722421470213
"old_w05",1,158,FALSE,0.595826777073223,2.943,0.433757567649328
"old_w05",1,159,TRUE,0.612783856719735,3.1,0.633941964614239
"old_w05",1,160,FALSE,0.581266805273671,2.813,0.540307994917772
"old_w05",1,161,FALSE,0.588383768378728,2.876,0.561786236501202
"old_w05",1,162,FALSE,0.108226656374928,0.283,0.4190184880179
"old_w05",1,163,TRUE,0.381115080709851,1.405,0.512760546802663
"old_w05",1,164,FALSE,0.255272505103306,0.8,0.509698556728421
"old_w05",1,165,FALSE,0.680879174426811,3.796,0.534743597380651
"old_w05",1,166,FALSE,0.564784384503987,2.671,0.489326974342568
"old_w05",1,167,TRUE,0.526339277389844,2.36,0.398265540338958
"old_w05",1,168,FALSE,0.294466226161593,0.97,0.405806837554084
"old_w05",1,169,FALSE,0.612783856719735,3.1,0.483574499337023
"old_w05",1,170,FALSE,0.5182506513085,2.298,0.531129590397749
"old_w05",1,171,FALSE,0.442949869577862,1.773,0.447225541594975
"old_w05",1,172,FALSE,0.505149978319906,2.2,0.461074457644084
"old_w05",1,173,FALSE,0.305995882770805,1.023,0.457634117467672
"old_w05",1,174,TRUE,0.612783856719735,3.1,0.484091327891163
"old_w05",1,175,TRUE,0.204119982655925,0.6,0.51234413776391
"old_w05",1,176,FALSE,0.677333151419902,3.757,0.393022074568421
"old_w05",1,177,FALSE,0.345961541813141,1.218,0.549314430139443
"old_w05",1,178,FALSE,0.361160995195026,1.297,0.47576999445171
"old_w05",1,179,TRUE,0.127104798364808,0.34,0.463397036237205
"old_w05",1,180,FALSE,0.514547752660286,2.27,0.339766954268042
"old_w05",1,181,FALSE,0.362350507594848,1.3033,0.451858687515093
"old_w05",1,182,FALSE,0.662757831681574,3.6,0.488240263247307
"old_w05",1,183,FALSE,0.313867220369153,1.06,0.467608442980513
"old_w05",1,184,FALSE,0.839666556882433,5.913,0.498600930850908
"old_w05",1,185,FALSE,0.16999753706657,0.4791,0.338699075412837
"old_w05",1,186,FALSE,0.129367595722986,0.347,0.159304946995357
"old_w05",1,187,FALSE,0.36078268987328,1.295,0.345514462496758
"old_w05",1,188,FALSE,0.429106008332697,1.686,0.464299006088459
"old_w05",1,189,FALSE,0.702602841340427,4.042,0.566168168593617
"old_w05",1,190,FALSE,0.571708831808688,2.73,0.445821161011611
"old_w05",1,191,FALSE,0.343920385393226,1.2076,0.287022608979356
"old_w05",1,192,FALSE,0.695131297704026,3.956,0.497138297655218
"old_w05",1,193,FALSE,0.629409599102719,3.26,0.509409684538795
"old_w05",1,194,FALSE,0.414973347970818,1.6,0.432753911067668
"old_w05",1,195,FALSE,0.276231957921834,0.889,0.368262463727332
"old_w05",1,196,FALSE,0.531478917042255,2.4,0.493274192367092
"old_w05",1,197,FALSE,0.236789099409293,0.725,0.343602930094174
"old_w05",1,198,FALSE,0.756407872548958,4.707,0.706870478653142
"old_w05",1,199,FALSE,0.718750734739665,4.233,0.583957827147093
"old_w05",1,200,FALSE,0.515211304327802,2.275,0.439455584604419
"old_w05",1,201,TRUE,0.3654879848909,1.32,0.439320468855094
"old_w05",1,202,TRUE,0.344392273685111,1.21,0.439445613593599
"old_w05",1,203,FALSE,0.196728722623287,0.573,0.442580217093576
"old_w05",1,204,FALSE,0.392696953259666,1.47,0.456756701119883
"old_w05",1,205,FALSE,0.365394376854778,1.3195,0.390254070326474
"old_w05",1,206,TRUE,0.389166084364532,1.45,0.489378380570533
"old_w05",1,207,FALSE,0.653212513775344,3.5,0.461068452786206
"old_w05",1,208,FALSE,0.440594261839831,1.758,0.385941604102933
"old_w05",1,209,TRUE,0.202215775801131,0.593,0.427461030807398
"old_w05",1,210,FALSE,0.48572142648158,2.06,0.3455120868053
"old_w05",1,211,FALSE,0.244277120801843,0.755,0.47410171448266
"old_w05",1,212,FALSE,0.372727940885595,1.359,0.460243520622244
"old_w05",1,213,FALSE,0.52244423350632,2.33,0.4871466866214
"old_w05",1,214,FALSE,0.257678574869184,0.81,0.371587453551189
"old_w05",1,215,FALSE,0.384353414137506,1.423,0.557230851009687
"old_w05",1,216,FALSE,0.335858911319818,1.167,0.468456536418908
"old_w05",1,217,FALSE,0.555094448578319,2.59,0.53040512999653
"old_w05",1,218,FALSE,0.271841606536499,0.87,0.524632399178629
"old_w05",1,219,FALSE,0.471291711058939,1.96,0.473813544895455
"old_w05",1,220,TRUE,0.294906910605192,0.972,0.395296828127464
"old_w05",1,221,FALSE,0.655138434811382,3.52,0.572955252509623
"old_w05",1,222,FALSE,0.528916700277655,2.38,0.461719671373377
"old_w05",1,223,TRUE,0.237040791379191,0.726,0.413814459590226
"old_w05",1,224,FALSE,0.777426822389311,4.99,0.489430178956838
"old_w05",1,225,TRUE,0.191730393362856,0.555,0.389467465208789
"old_w05",1,226,FALSE,0.239549720840473,0.736,0.448403790355603
"old_w05",1,227,TRUE,0.582404298019028,2.823,0.523840551256751
"old_w05",1,228,TRUE,0.569373909615046,2.71,0.554965157271945
"old_w05",1,229,FALSE,0.334252642334231,1.159,0.431093609386262
"old_w05",1,230,FALSE,0.406369835469268,1.549,0.417854556051033
"old_w05",1,231,FALSE,0.216165902285993,0.645,0.507727591281073
"old_w05",1,232,FALSE,0.0597526942092988,0.1475,0.282301251122605
"old_w05",1,233,TRUE,0.472463896606989,1.968,0.572009664427117
"old_w05",1,234,FALSE,0.666985718329661,3.645,0.429983758780083
"old_w05",1,235,FALSE,0.65417654187796,3.51,0.559891812503273
"old_w05",1,236,FALSE,0.259593878885949,0.818,0.500530526591574
"old_w05",1,237,FALSE,0.527114111639805,2.366,0.575328176870736
"old_w05",1,238,TRUE,0.367169488534681,1.329,0.435970489188219
"old_w05",1,239,TRUE,0.19228861256812,0.557,0.4337162590106
"old_w05",1,240,FALSE,0.478566495593843,2.01,0.301412812445374
"old_w05",1,241,FALSE,0.253580289562183,0.793,0.419502823204261
"old_w05",1,242,FALSE,0.27554168840131,0.886,0.363369072122248
"old_w05",1,243,FALSE,0.532627001228891,2.409,0.453901801418674
"old_w05",1,244,TRUE,0.542451947375977,2.487,0.538813444568778
"old_w05",1,245,FALSE,0.381836799998343,1.409,0.380058324773173
"old_w05",1,246,TRUE,0.511616020569138,2.248,0.423601270550689
"old_w05",1,247,FALSE,0.476831628512261,1.998,0.549099434859042
"old_w05",1,248,FALSE,0.301029995663981,1,0.506595311717638
"old_w05",1,249,FALSE,0.325823419002744,1.1175,0.387419756065345
"old_w05",1,250,FALSE,0.586024382386976,2.855,0.508827023547146
"old_w05",1,251,FALSE,0.218535505216528,0.654,0.279625483961573
"old_w05",1,252,FALSE,0.0480531731156091,0.117,0.201292815136418
"old_w05",1,253,FALSE,0.378397900948138,1.39,0.530083637023197
"old_w05",1,254,FALSE,0.595275711802099,2.938,0.381465972643273
"old_w05",1,255,FALSE,0.398807730203264,1.505,0.415739468046297
"old_w05",1,256,TRUE,0.161368002234975,0.45,0.414393834757748
"old_w05",1,257,FALSE,0.456214155357989,1.859,0.366325428015547
"old_w05",1,258,FALSE,0.641126932803509,3.3765,0.470643229407972
"old_w05",1,259,FALSE,0.54020429984206,2.469,0.317436673405445
"old_w05",1,260,FALSE,0.0328201494385639,0.0785,0.224338150058151
"old_w05",1,261,FALSE,0.434888120867316,1.722,0.510799715486381
"old_w05",1,262,FALSE,0.332034277027518,1.148,0.382215466008683
"old_w05",1,263,FALSE,0.391816923613249,1.465,0.552289356427356
"old_w05",1,264,TRUE,0.347427598618541,1.2255,0.396205856832817
"old_w05",1,265,FALSE,0.352182518111362,1.25,0.315493302000774
"old_w05",1,266,TRUE,0.154119525515847,0.426,0.440365574422767
"old_w05",1,267,FALSE,0.591398551281249,2.903,0.384449966362571
"old_w05",1,268,TRUE,0.315970345456918,1.07,0.356318020741259
"old_w05",1,269,FALSE,0.470410490975931,1.954,0.436039035129437
"old_w05",1,270,FALSE,0.826074802700826,5.7,0.774268955921108
"old_w05",1,271,TRUE,0.273232834043046,0.876,0.377846968806222
"old_w05",1,272,FALSE,0.234264124378789,0.715,0.360563228561184
"old_w05",1,273,FALSE,0.504878459410216,2.198,0.415854188885578
"old_w05",1,274,FALSE,0.582744965691277,2.826,0.350517200437777
"old_w05",1,275,FALSE,0.542327382773974,2.486,0.414051603672618
"old_w05",1,276,FALSE,0.657055852857104,3.54,0.415241948688364
"old_w05",1,277,FALSE,0.328379603438738,1.13,0.383585422175356
"old_w05",1,278,FALSE,0.4679039465228,1.937,0.278176100898087
"old_w05",1,279,FALSE,0.331427296520743,1.145,0.469228741267702
"old_w05",1,280,FALSE,0.352664799651101,1.2525,0.464302846300495
"old_w05",1,281,FALSE,0.437116093048079,1.736,0.319488771670042
"old_w05",1,282,FALSE,0.325043347403704,1.1137,0.372112441754812
"old_w05",1,283,FALSE,0.775319121829478,4.961,0.456143888263527
"old_w05",1,284,FALSE,0.526442668529935,2.3608,0.421333720105375
"old_w05",1,285,FALSE,0.682145076373832,3.81,0.592851115266384
"old_w05",1,286,FALSE,0.425534220498263,1.664,0.487794211164494
"old_w05",1,287,FALSE,0.659726095237792,3.568,0.525258896733891
"old_w05",1,288,FALSE,0.672097857935718,3.7,0.39005825599424
"old_w05",1,289,FALSE,0.534026106056135,2.42,0.367039069944907
"old_w05",1,290,FALSE,0.615950051656401,3.13,0.499125317237919
"old_w05",1,291,TRUE,0.262451089730429,0.83,0.493528759725469
"old_w05",2,1,TRUE,0.482873583608754,2.04,0.394944843418315
"old_w05",2,2,TRUE,0.496929648073215,2.14,0.559708098177369
"old_w05",2,3,TRUE,0.623042434246382,3.198,0.458411854125858
"old_w05",2,4,TRUE,0.523746466811564,2.34,0.444310673482753
"old_w05",2,5,TRUE,0.47567118832443,1.99,0.392446833957814
"old_w05",2,6,TRUE,0.0681858617461616,0.17,0.260966825276457
"old_w05",2,7,FALSE,0.469674772551798,1.949,0.335678456230118
"old_w05",2,8,FALSE,0.387389826338729,1.44,0.42175201272047
"old_w05",2,9,FALSE,0.627365856592733,3.24,0.376135622213783
"old_w05",2,10,FALSE,0.591064607026499,2.9,0.40605225620125
"old_w05",2,11,FALSE,0.218220304175545,0.6528,0.207550807108525
"old_w05",2,12,TRUE,0.680335513414563,3.79,0.523708512481199
"old_w05",2,13,TRUE,0.680607428991788,3.793,0.526535992590237
"old_w05",2,14,FALSE,0.721810615212547,4.27,0.556909593584854
"old_w05",2,15,TRUE,0.20682587603185,0.61,0.457990386185509
"old_w05",2,16,TRUE,0.582063362911709,2.82,0.418404948762823
"old_w05",2,17,FALSE,0.696094159995223,3.967,0.463883975316062
"old_w05",2,18,TRUE,0.40823996531185,1.56,0.421900784055933
"old_w05",2,19,FALSE,0.433001340945038,1.7102,0.418924956762775
"old_w05",2,20,FALSE,0.653212513775344,3.5,0.47826619786653
"old_w05",2,21,FALSE,0.558072259099146,2.6147,0.410746168938287
"old_w05",2,22,FALSE,0.261928672990642,0.8278,0.334107473698279
"old_w05",2,23,FALSE,0.862727528317975,6.29,0.613071281967283
"old_w05",2,24,TRUE,0.637489729512511,3.34,0.402416852474243
"old_w05",2,25,FALSE,0.504878459410216,2.198,0.405744314105799
"old_w05",2,26,FALSE,0.286995073968852,0.9364,0.378004407906859
"old_w05",2,27,TRUE,0.662757831681574,3.6,0.447600282559535
"old_w05",2,28,FALSE,0.524525936626376,2.346,0.446759705838766
"old_w05",2,29,TRUE,0.406540180433955,1.55,0.360157390606151
"old_w05",2,30,FALSE,0.656098202012832,3.53,0.531183373587176
"old_w05",2,31,FALSE,0.517987203025078,2.296,0.359789941989767
"old_w05",2,32,FALSE,0.703119346236078,4.048,0.540767103343176
"old_w05",2,33,FALSE,0.691081492122968,3.91,0.507346327708433
"old_w05",2,34,FALSE,0.73319726510657,4.41,0.662569813567379
"old_w05",2,35,FALSE,0.408070285887185,1.559,0.416793034405071
"old_w05",2,36,FALSE,0.396024896608593,1.489,0.407488827823932
"old_w05",2,37,FALSE,0.398391440229475,1.5026,0.476536033728517
"old_w05",2,38,FALSE,0.770852011642144,4.9,0.598580436856027
"old_w05",2,39,TRUE,0.15836249209525,0.44,0.43381937747625
"old_w05",2,40,FALSE,0.625415352154408,3.221,0.487176923057497
"old_w05",2,41,FALSE,0.496334505996816,2.1357,0.556911322302116
"old_w05",2,42,FALSE,0.679427896612119,3.78,0.602305879576276
"old_w05",2,43,FALSE,0.610116955411928,3.0749,0.541270049588766
"old_w05",2,44,FALSE,0.645913275033844,3.425,0.47163525858099
"old_w05",2,45,FALSE,0.465382851448418,1.92,0.4206433047755
"old_w05",2,46,FALSE,0.569490954348783,2.711,0.544778882462674
"old_w05",2,47,FALSE,0.187520720836463,0.54,0.279666610896607
"old_w05",2,48,FALSE,0.465813957269479,1.9229,0.458232331428928
"old_w05",2,49,FALSE,0.231214647962601,0.703,0.501839016293628
"old_w05",2,50,FALSE,0.670802284260944,3.686,0.613130853810499
"old_w05",2,51,FALSE,0.459935016851525,1.8836,0.509761600581582
"old_w05",2,52,FALSE,0.287129620719111,0.937,0.430026680259592
"old_w05",2,53,FALSE,0.6232492903979,3.2,0.566373330966394
"old_w05",2,54,FALSE,0.8109042806687,5.47,0.621565789764446
"old_w05",2,55,TRUE,0.354108439147401,1.26,0.442536331101715
"old_w05",2,56,FALSE,0.129141845792285,0.3463,0.384250801460252
"old_w05",2,57,FALSE,0.244969460136198,0.7578,0.411058108372078
"old_w05",2,58,FALSE,0.364363354615731,1.314,0.374243619971072
"old_w05",2,59,TRUE,0.334212409393176,1.1588,0.505730301819365
"old_w05",2,60,FALSE,0.489677291663699,2.088,0.509317065810729
"old_w05",2,61,FALSE,0.525304009958239,2.352,0.488241784474571
"old_w05",2,62,TRUE,0.406540180433955,1.55,0.369506016788701
"old_w05",2,63,FALSE,0.335457900689384,1.165,0.556454303302052
"old_w05",2,64,FALSE,0.419873175149476,1.6295,0.529369930362095
"old_w05",2,65,FALSE,0.397227181043161,1.4959,0.499322381172823
"old_w05",2,66,TRUE,0.59659709562646,2.95,0.607690524016359
"old_w05",2,67,FALSE,0.260071387985075,0.82,0.441685786043291
"old_w05",2,68,FALSE,0.489466281303128,2.0865,0.566846612372
"old_w05",2,69,FALSE,0.544018407858776,2.4996,0.684111213371294
"old_w05",2,70,TRUE,0.222976449893391,0.671,0.416343467965484
"old_w05",2,71,FALSE,0.28397928423848,0.923,0.562265686524903
"old_w05",2,72,FALSE,0.6652056284346,3.626,0.55302488065628
"old_w05",2,73,FALSE,0.537819095073274,2.45,0.572339539618864
"old_w05",2,74,FALSE,0.501059262217751,2.17,0.512818242250792
"old_w05",2,75,FALSE,0.415699348887829,1.60435,0.434450690181743
"old_w05",2,76,TRUE,0.298853076409707,0.99,0.633235872201982
"old_w05",2,77,TRUE,0.289365951520032,0.947,0.40663054973309
"old_w05",2,78,FALSE,0.497620649781288,2.145,0.336989323540629
"old_w05",2,79,TRUE,0.778151250383644,5,0.572002945312576
"old_w05",2,80,TRUE,0.260071387985075,0.82,0.352024839320982
"old_w05",2,81,FALSE,0.367542273520577,1.331,0.485870401554932
"old_w05",2,82,FALSE,0.534026106056135,2.42,0.507507305818348
"old_w05",2,83,FALSE,0.287129620719111,0.937,0.327120566603919
"old_w05",2,84,FALSE,0.469822015978163,1.95,0.339840376360158
"old_w05",2,85,TRUE,0.399673721481038,1.51,0.450992222620145
"old_w05",2,86,FALSE,0.307496037913213,1.03,0.273996064129281
"old_w05",2,87,FALSE,0.247236549506764,0.767,0.401264165263237
"old_w05",2,88,FALSE,0.6232492903979,3.2,0.454738593492552
"old_w05",2,89,TRUE,0.429752280002408,1.69,0.427037003755543
"old_w05",2,90,TRUE,0.566943971856554,2.6893,0.422267794498101
"old_w05",2,91,FALSE,0.605951157564873,3.036,0.521365442616291
"old_w05",2,92,FALSE,0.265996370495079,0.845,0.479824171382433
"old_w05",2,93,FALSE,0.555215405126073,2.591,0.403212810244756
"old_w05",2,94,FALSE,0.638489256954637,3.35,0.497670993742734
"old_w05",2,95,FALSE,0.528145078253106,2.374,0.518547623030028
"old_w05",2,96,FALSE,0.227552503379865,0.6887,0.482277646145638
"old_w05",2,97,FALSE,0.430075055551939,1.692,0.520006769429172
"old_w05",2,98,FALSE,0.184549481320698,0.5295,0.321617654987177
"old_w05",2,99,FALSE,0.472537053262077,1.9685,0.520960235892405
"old_w05",2,100,FALSE,0.60616631460762,3.038,0.524143691747771
"old_w05",2,101,FALSE,0.685553652846326,3.8479,0.575099674673127
"old_w05",2,102,TRUE,0.296665190261531,0.98,0.587229897160931
"old_w05",2,103,FALSE,0.491361693834273,2.1,0.52753686160058
"old_w05",2,104,FALSE,0.513217600067939,2.26,0.413506067881078
"old_w05",2,105,TRUE,0.64738297011462,3.44,0.530335360686353
"old_w05",2,106,FALSE,0.491361693834273,2.1,0.532871106845046
"old_w05",2,107,FALSE,0.406028944963615,1.547,0.32174715828996
"old_w05",2,108,FALSE,0.752025387323213,4.6497,0.507397956802382
"old_w05",2,109,TRUE,0.6414741105041,3.38,0.485979305342733
"old_w05",2,110,FALSE,0.416307587059883,1.608,0.538519332599657
"old_w05",2,111,FALSE,0.966610986681934,8.26,0.771097258399502
"old_w05",2,112,FALSE,0.188647295999717,0.544,0.364019632196403
"old_w05",2,113,FALSE,0.708335902682263,4.109,0.513917774261205
"old_w05",2,114,FALSE,0.685741738602264,3.85,0.82860898257025
"old_w05",2,115,FALSE,0.559308010907013,2.625,0.477513721210761
"old_w05",2,116,FALSE,0.355259905527378,1.266,0.435971292910829
"old_w05",2,117,FALSE,0.187520720836463,0.54,0.355750186942441
"old_w05",2,118,TRUE,0.569373909615046,2.71,0.393879484662287
"old_w05",2,119,FALSE,0.572523097849638,2.737,0.565086382801985
"old_w05",2,120,FALSE,0.538070787043172,2.452,0.507070004585726
"old_w05",2,121,FALSE,0.374748346010104,1.37,0.364719715904593
"old_w05",2,122,FALSE,0.294686624279443,0.971,0.327305207431156
"old_w05",2,123,FALSE,0.432969290874406,1.71,0.441687627250372
"old_w05",2,124,TRUE,0.320146286111054,1.09,0.463434535075999
"old_w05",2,125,FALSE,0.574262829707027,2.752,0.44651179723797
"old_w05",2,126,FALSE,0.610234175334389,3.076,0.593376979967092
"old_w05",2,127,FALSE,0.173186268412274,0.49,0.178271857719447
"old_w05",2,128,FALSE,0.314499227973151,1.063,0.406939228674966
"old_w05",2,129,FALSE,0.753330221324521,4.6667,0.464952572002676
"old_w05",2,130,FALSE,0.338456493604605,1.18,0.493860233288132
"old_w05",2,131,TRUE,0.0253058652647703,0.06,0.343512874159177
"old_w05",2,132,FALSE,0.21045229296202,0.6235,0.404784758575652
"old_w05",2,133,FALSE,0.440121603187804,1.755,0.513760540455852
"old_w05",2,134,TRUE,0.181872159010334,0.5201,0.364299806257675
"old_w05",2,135,FALSE,0.761326322421457,4.772,0.622124403086454
"old_w05",2,136,FALSE,0.662757831681574,3.6,0.409149125613517
"old_w05",2,137,FALSE,0.409425868671443,1.567,0.440817910768777
"old_w05",2,138,FALSE,0.387389826338729,1.44,0.299296612602732
"old_w05",2,139,FALSE,0.256236533205923,0.804,0.369463291431046
"old_w05",2,140,FALSE,0.381656482585787,1.408,0.402176743439744
"old_w05",2,141,FALSE,0.43568513794163,1.727,0.411832841248075
"old_w05",2,142,FALSE,0.190331698170291,0.55,0.469092939238469
"old_w05",2,143,FALSE,0.208978517276253,0.618,0.429863887590307
"old_w05",2,144,TRUE,0.506505032404872,2.21,0.46164095678466
"old_w05",2,145,FALSE,0.390935107103379,1.46,0.421949023552482
"old_w05",2,146,FALSE,0.442479769064449,1.77,0.448765211091315
"old_w05",2,147,FALSE,0.417139409727326,1.613,0.496130382320249
"old_w05",2,148,FALSE,0.260071387985075,0.82,0.434350705335548
"old_w05",2,149,TRUE,0.308777773664721,1.036,0.462643846499148
"old_w05",2,150,FALSE,0.583198773968623,2.83,0.437227816153798
"old_w05",2,151,TRUE,0.456062224454951,1.858,0.58477236062091
"old_w05",2,152,FALSE,0.370698092575577,1.348,0.500870397283812
"old_w05",2,153,FALSE,0.639486489268586,3.36,0.628237331252513
"old_w05",2,154,TRUE,0.590284403718162,2.893,0.515763269066501
"old_w05",2,155,FALSE,0.618215503279417,3.1516,0.548413883649281
"old_w05",2,156,FALSE,0.224533062606086,0.677,0.532165955128188
"old_w05",2,157,FALSE,0.234010817587179,0.714,0.274547083614322
"old_w05",2,158,FALSE,0.595826777073223,2.943,0.429518273896902
"old_w05",2,159,TRUE,0.612783856719735,3.1,0.630210589285554
"old_w05",2,160,FALSE,0.581266805273671,2.813,0.547684892637414
"old_w05",2,161,FALSE,0.588383768378728,2.876,0.560912515622058
"old_w05",2,162,FALSE,0.108226656374928,0.283,0.438457064209306
"old_w05",2,163,TRUE,0.381115080709851,1.405,0.502078630980579
"old_w05",2,164,FALSE,0.255272505103306,0.8,0.489621831049145
"old_w05",2,165,FALSE,0.680879174426811,3.796,0.508206157875972
"old_w05",2,166,FALSE,0.564784384503987,2.671,0.493165817702124
"old_w05",2,167,TRUE,0.526339277389844,2.36,0.397612600600625
"old_w05",2,168,FALSE,0.294466226161593,0.97,0.408964222778668
"old_w05",2,169,FALSE,0.612783856719735,3.1,0.466003771763441
"old_w05",2,170,FALSE,0.5182506513085,2.298,0.534108922901079
"old_w05",2,171,FALSE,0.442949869577862,1.773,0.401425399555895
"old_w05",2,172,FALSE,0.505149978319906,2.2,0.461799490052712
"old_w05",2,173,FALSE,0.305995882770805,1.023,0.451661027297751
"old_w05",2,174,TRUE,0.612783856719735,3.1,0.483054710204274
"old_w05",2,175,TRUE,0.204119982655925,0.6,0.479819384000049
"old_w05",2,176,FALSE,0.677333151419902,3.757,0.418983424944985
"old_w05",2,177,FALSE,0.345961541813141,1.218,0.477180607170156
"old_w05",2,178,FALSE,0.361160995195026,1.297,0.456112059650363
"old_w05",2,179,TRUE,0.127104798364808,0.34,0.463933931538763
"old_w05",2,180,FALSE,0.514547752660286,2.27,0.33011955115981
"old_w05",2,181,FALSE,0.362350507594848,1.3033,0.462581836846692
"old_w05",2,182,FALSE,0.662757831681574,3.6,0.472208488336214
"old_w05",2,183,FALSE,0.313867220369153,1.06,0.439271828145456
"old_w05",2,184,FALSE,0.839666556882433,5.913,0.517415398075772
"old_w05",2,185,FALSE,0.16999753706657,0.4791,0.323852316681863
"old_w05",2,186,FALSE,0.129367595722986,0.347,0.123190854239689
"old_w05",2,187,FALSE,0.36078268987328,1.295,0.34761062583179
"old_w05",2,188,FALSE,0.429106008332697,1.686,0.458739847633299
"old_w05",2,189,FALSE,0.702602841340427,4.042,0.569364858392185
"old_w05",2,190,FALSE,0.571708831808688,2.73,0.402554352741413
"old_w05",2,191,FALSE,0.343920385393226,1.2076,0.27950499130415
"old_w05",2,192,FALSE,0.695131297704026,3.956,0.453211178630984
"old_w05",2,193,FALSE,0.629409599102719,3.26,0.529625941714521
"old_w05",2,194,FALSE,0.414973347970818,1.6,0.384521130072585
"old_w05",2,195,FALSE,0.276231957921834,0.889,0.372825534082196
"old_w05",2,196,FALSE,0.531478917042255,2.4,0.528548958851925
"old_w05",2,197,FALSE,0.236789099409293,0.725,0.365807078721999
"old_w05",2,198,FALSE,0.756407872548958,4.707,0.749528974050299
"old_w05",2,199,FALSE,0.718750734739665,4.233,0.571785539329599
"old_w05",2,200,FALSE,0.515211304327802,2.275,0.418116249777428
"old_w05",2,201,TRUE,0.3654879848909,1.32,0.4498825450517
"old_w05",2,202,TRUE,0.344392273685111,1.21,0.404130513551575
"old_w05",2,203,FALSE,0.196728722623287,0.573,0.40963991984861
"old_w05",2,204,FALSE,0.392696953259666,1.47,0.467999400028258
"old_w05",2,205,FALSE,0.365394376854778,1.3195,0.450165176549061
"old_w05",2,206,TRUE,0.389166084364532,1.45,0.490602399762904
"old_w05",2,207,FALSE,0.653212513775344,3.5,0.490281668187598
"old_w05",2,208,FALSE,0.440594261839831,1.758,0.407165512933963
"old_w05",2,209,TRUE,0.202215775801131,0.593,0.395688883793675
"old_w05",2,210,FALSE,0.48572142648158,2.06,0.386187751898495
"old_w05",2,211,FALSE,0.244277120801843,0.755,0.471158359263524
"old_w05",2,212,FALSE,0.372727940885595,1.359,0.44765648826877
"old_w05",2,213,FALSE,0.52244423350632,2.33,0.449952453013103
"old_w05",2,214,FALSE,0.257678574869184,0.81,0.374830769625735
"old_w05",2,215,FALSE,0.384353414137506,1.423,0.548948822385724
"old_w05",2,216,FALSE,0.335858911319818,1.167,0.490365563751533
"old_w05",2,217,FALSE,0.555094448578319,2.59,0.570302306157019
"old_w05",2,218,FALSE,0.271841606536499,0.87,0.518806220472194
"old_w05",2,219,FALSE,0.471291711058939,1.96,0.466252815482144
"old_w05",2,220,TRUE,0.294906910605192,0.972,0.381422111300953
"old_w05",2,221,FALSE,0.655138434811382,3.52,0.584693816241383
"old_w05",2,222,FALSE,0.528916700277655,2.38,0.512177998875397
"old_w05",2,223,TRUE,0.237040791379191,0.726,0.435772926847494
"old_w05",2,224,FALSE,0.777426822389311,4.99,0.503678999569391
"old_w05",2,225,TRUE,0.191730393362856,0.555,0.382963763183214
"old_w05",2,226,FALSE,0.239549720840473,0.736,0.414411455305207
"old_w05",2,227,TRUE,0.582404298019028,2.823,0.514630556647012
"old_w05",2,228,TRUE,0.569373909615046,2.71,0.499767720372913
"old_w05",2,229,FALSE,0.334252642334231,1.159,0.419582114406956
"old_w05",2,230,FALSE,0.406369835469268,1.549,0.442904573354307
"old_w05",2,231,FALSE,0.216165902285993,0.645,0.512764773204582
"old_w05",2,232,FALSE,0.0597526942092988,0.1475,0.326275724105548
"old_w05",2,233,TRUE,0.472463896606989,1.968,0.569698897531435
"old_w05",2,234,FALSE,0.666985718329661,3.645,0.433116413138385
"old_w05",2,235,FALSE,0.65417654187796,3.51,0.513533112466723
"old_w05",2,236,FALSE,0.259593878885949,0.818,0.494121133666402
"old_w05",2,237,FALSE,0.527114111639805,2.366,0.590250636904437
"old_w05",2,238,TRUE,0.367169488534681,1.329,0.401693760984903
"old_w05",2,239,TRUE,0.19228861256812,0.557,0.419076904484821
"old_w05",2,240,FALSE,0.478566495593843,2.01,0.306243255735592
"old_w05",2,241,FALSE,0.253580289562183,0.793,0.392179947149058
"old_w05",2,242,FALSE,0.27554168840131,0.886,0.357299553009199
"old_w05",2,243,FALSE,0.532627001228891,2.409,0.471658299247939
"old_w05",2,244,TRUE,0.542451947375977,2.487,0.504205457334125
"old_w05",2,245,FALSE,0.381836799998343,1.409,0.394978865513726
"old_w05",2,246,TRUE,0.511616020569138,2.248,0.441494185316937
"old_w05",2,247,FALSE,0.476831628512261,1.998,0.554771836907455
"old_w05",2,248,FALSE,0.301029995663981,1,0.479468897146487
"old_w05",2,249,FALSE,0.325823419002744,1.1175,0.363396772932829
"old_w05",2,250,FALSE,0.586024382386976,2.855,0.511850428009955
"old_w05",2,251,FALSE,0.218535505216528,0.654,0.246716025853221
"old_w05",2,252,FALSE,0.0480531731156091,0.117,0.186376863941788
"old_w05",2,253,FALSE,0.378397900948138,1.39,0.533958844899385
"old_w05",2,254,FALSE,0.595275711802099,2.938,0.341132574165739
"old_w05",2,255,FALSE,0.398807730203264,1.505,0.445858260068668
"old_w05",2,256,TRUE,0.161368002234975,0.45,0.374278366570349
"old_w05",2,257,FALSE,0.456214155357989,1.859,0.365619266016292
"old_w05",2,258,FALSE,0.641126932803509,3.3765,0.482017133262922
"old_w05",2,259,FALSE,0.54020429984206,2.469,0.319747526052855
"old_w05",2,260,FALSE,0.0328201494385639,0.0785,0.119851077595758
"old_w05",2,261,FALSE,0.434888120867316,1.722,0.505377843683579
"old_w05",2,262,FALSE,0.332034277027518,1.148,0.371558088890216
"old_w05",2,263,FALSE,0.391816923613249,1.465,0.597997553739946
"old_w05",2,264,TRUE,0.347427598618541,1.2255,0.403608666408491
"old_w05",2,265,FALSE,0.352182518111362,1.25,0.329554425781167
"old_w05",2,266,TRUE,0.154119525515847,0.426,0.46690999258537
"old_w05",2,267,FALSE,0.591398551281249,2.903,0.39144314009158
"old_w05",2,268,TRUE,0.315970345456918,1.07,0.364669286788439
"old_w05",2,269,FALSE,0.470410490975931,1.954,0.429828316987062
"old_w05",2,270,FALSE,0.826074802700826,5.7,0.78179470593353
"old_w05",2,271,TRUE,0.273232834043046,0.876,0.380684912360004
"old_w05",2,272,FALSE,0.234264124378789,0.715,0.334953715726744
"old_w05",2,273,FALSE,0.504878459410216,2.198,0.381082178279486
"old_w05",2,274,FALSE,0.582744965691277,2.826,0.343278884186196
"old_w05",2,275,FALSE,0.542327382773974,2.486,0.425853133753061
"old_w05",2,276,FALSE,0.657055852857104,3.54,0.430468414695869
"old_w05",2,277,FALSE,0.328379603438738,1.13,0.388446828495748
"old_w05",2,278,FALSE,0.4679039465228,1.937,0.257326582874032
"old_w05",2,279,FALSE,0.331427296520743,1.145,0.441893858146901
"old_w05",2,280,FALSE,0.352664799651101,1.2525,0.459816259579142
"old_w05",2,281,FALSE,0.437116093048079,1.736,0.302421169121399
"old_w05",2,282,FALSE,0.325043347403704,1.1137,0.373436970403578
"old_w05",2,283,FALSE,0.775319121829478,4.961,0.444984339952846
"old_w05",2,284,FALSE,0.526442668529935,2.3608,0.456286104776773
"old_w05",2,285,FALSE,0.682145076373832,3.81,0.564916699088164
"old_w05",2,286,FALSE,0.425534220498263,1.664,0.499636045381792
"old_w05",2,287,FALSE,0.659726095237792,3.568,0.485224775416026
"old_w05",2,288,FALSE,0.672097857935718,3.7,0.381362205834092
"old_w05",2,289,FALSE,0.534026106056135,2.42,0.422691548695081
"old_w05",2,290,FALSE,0.615950051656401,3.13,0.513386801762836
"old_w05",2,291,TRUE,0.262451089730429,0.83,0.481318949599584
"old_w05",3,1,TRUE,0.482873583608754,2.04,0.415559162265822
"old_w05",3,2,TRUE,0.496929648073215,2.14,0.623171722889309
"old_w05",3,3,TRUE,0.623042434246382,3.198,0.458050290452977
"old_w05",3,4,TRUE,0.523746466811564,2.34,0.436739021019445
"old_w05",3,5,TRUE,0.47567118832443,1.99,0.380118287177214
"old_w05",3,6,TRUE,0.0681858617461616,0.17,0.228302689678608
"old_w05",3,7,FALSE,0.469674772551798,1.949,0.352385138523433
"old_w05",3,8,FALSE,0.387389826338729,1.44,0.440536530176833
"old_w05",3,9,FALSE,0.627365856592733,3.24,0.393291538798493
"old_w05",3,10,FALSE,0.591064607026499,2.9,0.419050945845136
"old_w05",3,11,FALSE,0.218220304175545,0.6528,0.283051150273928
"old_w05",3,12,TRUE,0.680335513414563,3.79,0.515479618829569
"old_w05",3,13,TRUE,0.680607428991788,3.793,0.529654689446419
"old_w05",3,14,FALSE,0.721810615212547,4.27,0.56069873575329
"old_w05",3,15,TRUE,0.20682587603185,0.61,0.430542436869194
"old_w05",3,16,TRUE,0.582063362911709,2.82,0.449102437091118
"old_w05",3,17,FALSE,0.696094159995223,3.967,0.444390585879709
"old_w05",3,18,TRUE,0.40823996531185,1.56,0.430551874848251
"old_w05",3,19,FALSE,0.433001340945038,1.7102,0.409893255354169
"old_w05",3,20,FALSE,0.653212513775344,3.5,0.456985428310513
"old_w05",3,21,FALSE,0.558072259099146,2.6147,0.403238239814898
"old_w05",3,22,FALSE,0.261928672990642,0.8278,0.356512635609762
"old_w05",3,23,FALSE,0.862727528317975,6.29,0.621119695117594
"old_w05",3,24,TRUE,0.637489729512511,3.34,0.35861906063719
"old_w05",3,25,FALSE,0.504878459410216,2.198,0.399675458602438
"old_w05",3,26,FALSE,0.286995073968852,0.9364,0.407094781693753
"old_w05",3,27,TRUE,0.662757831681574,3.6,0.43507849358908
"old_w05",3,28,FALSE,0.524525936626376,2.346,0.438772867450368
"old_w05",3,29,TRUE,0.406540180433955,1.55,0.376108631415488
"old_w05",3,30,FALSE,0.656098202012832,3.53,0.558447206703419
"old_w05",3,31,FALSE,0.517987203025078,2.296,0.432917172281008
"old_w05",3,32,FALSE,0.703119346236078,4.048,0.546530414972636
"old_w05",3,33,FALSE,0.691081492122968,3.91,0.51516688646811
"old_w05",3,34,FALSE,0.73319726510657,4.41,0.674246677940459
"old_w05",3,35,FALSE,0.408070285887185,1.559,0.412556427645321
"old_w05",3,36,FALSE,0.396024896608593,1.489,0.442302279296223
"old_w05",3,37,FALSE,0.398391440229475,1.5026,0.463912890873966
"old_w05",3,38,FALSE,0.770852011642144,4.9,0.588735601174234
"old_w05",3,39,TRUE,0.15836249209525,0.44,0.449173667552965
"old_w05",3,40,FALSE,0.625415352154408,3.221,0.491177445712724
"old_w05",3,41,FALSE,0.496334505996816,2.1357,0.540760635718908
"old_w05",3,42,FALSE,0.679427896612119,3.78,0.565625395975675
"old_w05",3,43,FALSE,0.610116955411928,3.0749,0.490560056564871
"old_w05",3,44,FALSE,0.645913275033844,3.425,0.426147534266345
"old_w05",3,45,FALSE,0.465382851448418,1.92,0.42000973717441
"old_w05",3,46,FALSE,0.569490954348783,2.711,0.551063161284603
"old_w05",3,47,FALSE,0.187520720836463,0.54,0.315154635879155
"old_w05",3,48,FALSE,0.465813957269479,1.9229,0.4517025123267
"old_w05",3,49,FALSE,0.231214647962601,0.703,0.532107177543728
"old_w05",3,50,FALSE,0.670802284260944,3.686,0.584209026010351
"old_w05",3,51,FALSE,0.459935016851525,1.8836,0.510060774966561
"old_w05",3,52,FALSE,0.287129620719111,0.937,0.380641731923467
"old_w05",3,53,FALSE,0.6232492903979,3.2,0.559873735171742
"old_w05",3,54,FALSE,0.8109042806687,5.47,0.636868266543233
"old_w05",3,55,TRUE,0.354108439147401,1.26,0.440277055076052
"old_w05",3,56,FALSE,0.129141845792285,0.3463,0.379832683030141
"old_w05",3,57,FALSE,0.244969460136198,0.7578,0.419079039057356
"old_w05",3,58,FALSE,0.364363354615731,1.314,0.369543081756628
"old_w05",3,59,TRUE,0.334212409393176,1.1588,0.543781768696021
"old_w05",3,60,FALSE,0.489677291663699,2.088,0.513154189257273
"old_w05",3,61,FALSE,0.525304009958239,2.352,0.493902857357224
"old_w05",3,62,TRUE,0.406540180433955,1.55,0.401854274796173
"old_w05",3,63,FALSE,0.335457900689384,1.165,0.552414952337379
"old_w05",3,64,FALSE,0.419873175149476,1.6295,0.547018479393083
"old_w05",3,65,FALSE,0.397227181043161,1.4959,0.556246887564665
"old_w05",3,66,TRUE,0.59659709562646,2.95,0.609380184461623
"old_w05",3,67,FALSE,0.260071387985075,0.82,0.440238561370367
"old_w05",3,68,FALSE,0.489466281303128,2.0865,0.553893353055816
"old_w05",3,69,FALSE,0.544018407858776,2.4996,0.685832047580921
"old_w05",3,70,TRUE,0.222976449893391,0.671,0.39305610380057
"old_w05",3,71,FALSE,0.28397928423848,0.923,0.576189324472948
"old_w05",3,72,FALSE,0.6652056284346,3.626,0.525189300824708
"old_w05",3,73,FALSE,0.537819095073274,2.45,0.553898150216799
"old_w05",3,74,FALSE,0.501059262217751,2.17,0.501332217291869
"old_w05",3,75,FALSE,0.415699348887829,1.60435,0.406677646360134
"old_w05",3,76,TRUE,0.298853076409707,0.99,0.616438325505679
"old_w05",3,77,TRUE,0.289365951520032,0.947,0.392820452536451
"old_w05",3,78,FALSE,0.497620649781288,2.145,0.311654304906529
"old_w05",3,79,TRUE,0.778151250383644,5,0.525260306177622
"old_w05",3,80,TRUE,0.260071387985075,0.82,0.359683079204785
"old_w05",3,81,FALSE,0.367542273520577,1.331,0.478883638837327
"old_w05",3,82,FALSE,0.534026106056135,2.42,0.479882402340799
"old_w05",3,83,FALSE,0.287129620719111,0.937,0.270829526519005
"old_w05",3,84,FALSE,0.469822015978163,1.95,0.355202613965252
"old_w05",3,85,TRUE,0.399673721481038,1.51,0.454051657831056
"old_w05",3,86,FALSE,0.307496037913213,1.03,0.256326020639101
"old_w05",3,87,FALSE,0.247236549506764,0.767,0.365101622828622
"old_w05",3,88,FALSE,0.6232492903979,3.2,0.456433832818481
"old_w05",3,89,TRUE,0.429752280002408,1.69,0.448226155135937
"old_w05",3,90,TRUE,0.566943971856554,2.6893,0.417491239874079
"old_w05",3,91,FALSE,0.605951157564873,3.036,0.515558112600606
"old_w05",3,92,FALSE,0.265996370495079,0.845,0.518181667794797
"old_w05",3,93,FALSE,0.555215405126073,2.591,0.363472785631954
"old_w05",3,94,FALSE,0.638489256954637,3.35,0.474303547993696
"old_w05",3,95,FALSE,0.528145078253106,2.374,0.567690439982343
"old_w05",3,96,FALSE,0.227552503379865,0.6887,0.496537517464696
"old_w05",3,97,FALSE,0.430075055551939,1.692,0.546195412719475
"old_w05",3,98,FALSE,0.184549481320698,0.5295,0.346507228538846
"old_w05",3,99,FALSE,0.472537053262077,1.9685,0.522210404488994
"old_w05",3,100,FALSE,0.60616631460762,3.038,0.530335419556646
"old_w05",3,101,FALSE,0.685553652846326,3.8479,0.609979129543593
"old_w05",3,102,TRUE,0.296665190261531,0.98,0.607856988067051
"old_w05",3,103,FALSE,0.491361693834273,2.1,0.53518942779628
"old_w05",3,104,FALSE,0.513217600067939,2.26,0.415578896009054
"old_w05",3,105,TRUE,0.64738297011462,3.44,0.571613913845275
"old_w05",3,106,FALSE,0.491361693834273,2.1,0.531268416972865
"old_w05",3,107,FALSE,0.406028944963615,1.547,0.402342505925454
"old_w05",3,108,FALSE,0.752025387323213,4.6497,0.508438481135883
"old_w05",3,109,TRUE,0.6414741105041,3.38,0.48587650574963
"old_w05",3,110,FALSE,0.416307587059883,1.608,0.539271213467118
"old_w05",3,111,FALSE,0.966610986681934,8.26,0.747295031788899
"old_w05",3,112,FALSE,0.188647295999717,0.544,0.30807735147252
"old_w05",3,113,FALSE,0.708335902682263,4.109,0.509378500833455
"old_w05",3,114,FALSE,0.685741738602264,3.85,0.868157997168778
"old_w05",3,115,FALSE,0.559308010907013,2.625,0.507244505501859
"old_w05",3,116,FALSE,0.355259905527378,1.266,0.424004847909848
"old_w05",3,117,FALSE,0.187520720836463,0.54,0.320594433663215
"old_w05",3,118,TRUE,0.569373909615046,2.71,0.386517894868375
"old_w05",3,119,FALSE,0.572523097849638,2.737,0.505491759064867
"old_w05",3,120,FALSE,0.538070787043172,2.452,0.507768287929452
"old_w05",3,121,FALSE,0.374748346010104,1.37,0.405647803484389
"old_w05",3,122,FALSE,0.294686624279443,0.971,0.315213096281372
"old_w05",3,123,FALSE,0.432969290874406,1.71,0.454796756246363
"old_w05",3,124,TRUE,0.320146286111054,1.09,0.467711489337073
"old_w05",3,125,FALSE,0.574262829707027,2.752,0.452472813400023
"old_w05",3,126,FALSE,0.610234175334389,3.076,0.572876596774665
"old_w05",3,127,FALSE,0.173186268412274,0.49,0.192304069704824
"old_w05",3,128,FALSE,0.314499227973151,1.063,0.372162197706986
"old_w05",3,129,FALSE,0.753330221324521,4.6667,0.477647443615023
"old_w05",3,130,FALSE,0.338456493604605,1.18,0.456089449336412
"old_w05",3,131,TRUE,0.0253058652647703,0.06,0.315858308945472
"old_w05",3,132,FALSE,0.21045229296202,0.6235,0.32305785310085
"old_w05",3,133,FALSE,0.440121603187804,1.755,0.480260266245334
"old_w05",3,134,TRUE,0.181872159010334,0.5201,0.389111982183685
"old_w05",3,135,FALSE,0.761326322421457,4.772,0.625040002490304
"old_w05",3,136,FALSE,0.662757831681574,3.6,0.384619121329048
"old_w05",3,137,FALSE,0.409425868671443,1.567,0.45306595613172
"old_w05",3,138,FALSE,0.387389826338729,1.44,0.348265778663819
"old_w05",3,139,FALSE,0.256236533205923,0.804,0.406961916043087
"old_w05",3,140,FALSE,0.381656482585787,1.408,0.419622061287038
"old_w05",3,141,FALSE,0.43568513794163,1.727,0.429992965013368
"old_w05",3,142,FALSE,0.190331698170291,0.55,0.485130618030405
"old_w05",3,143,FALSE,0.208978517276253,0.618,0.429584178264949
"old_w05",3,144,TRUE,0.506505032404872,2.21,0.453236612074152
"old_w05",3,145,FALSE,0.390935107103379,1.46,0.428744664276514
"old_w05",3,146,FALSE,0.442479769064449,1.77,0.512416730847706
"old_w05",3,147,FALSE,0.417139409727326,1.613,0.41919258852793
"old_w05",3,148,FALSE,0.260071387985075,0.82,0.382700354596205
"old_w05",3,149,TRUE,0.308777773664721,1.036,0.460225381760046
"old_w05",3,150,FALSE,0.583198773968623,2.83,0.375818695850266
"old_w05",3,151,TRUE,0.456062224454951,1.858,0.587092088718766
"old_w05",3,152,FALSE,0.370698092575577,1.348,0.484944110443825
"old_w05",3,153,FALSE,0.639486489268586,3.36,0.625168699470566
"old_w05",3,154,TRUE,0.590284403718162,2.893,0.489997980802634
"old_w05",3,155,FALSE,0.618215503279417,3.1516,0.52716620072475
"old_w05",3,156,FALSE,0.224533062606086,0.677,0.535820719145895
"old_w05",3,157,FALSE,0.234010817587179,0.714,0.279853874710536
"old_w05",3,158,FALSE,0.595826777073223,2.943,0.419192480349905
"old_w05",3,159,TRUE,0.612783856719735,3.1,0.615915635877608
"old_w05",3,160,FALSE,0.581266805273671,2.813,0.542429803811624
"old_w05",3,161,FALSE,0.588383768378728,2.876,0.540314233011439
"old_w05",3,162,FALSE,0.108226656374928,0.283,0.404278448919138
"old_w05",3,163,TRUE,0.381115080709851,1.405,0.527299705467875
"old_w05",3,164,FALSE,0.255272505103306,0.8,0.527837847728134
"old_w05",3,165,FALSE,0.680879174426811,3.796,0.505398911164426
"old_w05",3,166,FALSE,0.564784384503987,2.671,0.459280899302183
"old_w05",3,167,TRUE,0.526339277389844,2.36,0.396352567072701
"old_w05",3,168,FALSE,0.294466226161593,0.97,0.393892494105326
"old_w05",3,169,FALSE,0.612783856719735,3.1,0.45096092805415
"old_w05",3,170,FALSE,0.5182506513085,2.298,0.551461676991928
"old_w05",3,171,FALSE,0.442949869577862,1.773,0.432988888582511
"old_w05",3,172,FALSE,0.505149978319906,2.2,0.452975237780355
"old_w05",3,173,FALSE,0.305995882770805,1.023,0.452580404512625
"old_w05",3,174,TRUE,0.612783856719735,3.1,0.480536084294302
"old_w05",3,175,TRUE,0.204119982655925,0.6,0.496139299629329
"old_w05",3,176,FALSE,0.677333151419902,3.757,0.486035347842079
"old_w05",3,177,FALSE,0.345961541813141,1.218,0.564177926881628
"old_w05",3,178,FALSE,0.361160995195026,1.297,0.480755101181136
"old_w05",3,179,TRUE,0.127104798364808,0.34,0.476782709962836
"old_w05",3,180,FALSE,0.514547752660286,2.27,0.32229518833571
"old_w05",3,181,FALSE,0.362350507594848,1.3033,0.486042505589531
"old_w05",3,182,FALSE,0.662757831681574,3.6,0.445166978878143
"old_w05",3,183,FALSE,0.313867220369153,1.06,0.464860194712734
"old_w05",3,184,FALSE,0.839666556882433,5.913,0.417399728544521
"old_w05",3,185,FALSE,0.16999753706657,0.4791,0.356347309773405
"old_w05",3,186,FALSE,0.129367595722986,0.347,0.119319996231987
"old_w05",3,187,FALSE,0.36078268987328,1.295,0.350474910963142
"old_w05",3,188,FALSE,0.429106008332697,1.686,0.446728219993426
"old_w05",3,189,FALSE,0.702602841340427,4.042,0.575713156795417
"old_w05",3,190,FALSE,0.571708831808688,2.73,0.432921803269529
"old_w05",3,191,FALSE,0.343920385393226,1.2076,0.287925559525617
"old_w05",3,192,FALSE,0.695131297704026,3.956,0.510640818749529
"old_w05",3,193,FALSE,0.629409599102719,3.26,0.506301775093906
"old_w05",3,194,FALSE,0.414973347970818,1.6,0.416175995688401
"old_w05",3,195,FALSE,0.276231957921834,0.889,0.335700462467833
"old_w05",3,196,FALSE,0.531478917042255,2.4,0.505882228903179
"old_w05",3,197,FALSE,0.236789099409293,0.725,0.360060514146551
"old_w05",3,198,FALSE,0.756407872548958,4.707,0.733890487922109
"old_w05",3,199,FALSE,0.718750734739665,4.233,0.531558221067771
"old_w05",3,200,FALSE,0.515211304327802,2.275,0.410048659315459
"old_w05",3,201,TRUE,0.3654879848909,1.32,0.438263401410879
"old_w05",3,202,TRUE,0.344392273685111,1.21,0.378762770920776
"old_w05",3,203,FALSE,0.196728722623287,0.573,0.427052891348617
"old_w05",3,204,FALSE,0.392696953259666,1.47,0.38307711149944
"old_w05",3,205,FALSE,0.365394376854778,1.3195,0.491198012641169
"old_w05",3,206,TRUE,0.389166084364532,1.45,0.529692413407965
"old_w05",3,207,FALSE,0.653212513775344,3.5,0.481425502556485
"old_w05",3,208,FALSE,0.440594261839831,1.758,0.407152256771495
"old_w05",3,209,TRUE,0.202215775801131,0.593,0.390783126258527
"old_w05",3,210,FALSE,0.48572142648158,2.06,0.387511712477209
"old_w05",3,211,FALSE,0.244277120801843,0.755,0.476167578199742
"old_w05",3,212,FALSE,0.372727940885595,1.359,0.451398415828704
"old_w05",3,213,FALSE,0.52244423350632,2.33,0.4821420916666
"old_w05",3,214,FALSE,0.257678574869184,0.81,0.372604519838113
"old_w05",3,215,FALSE,0.384353414137506,1.423,0.578038019958969
"old_w05",3,216,FALSE,0.335858911319818,1.167,0.442799037639783
"old_w05",3,217,FALSE,0.555094448578319,2.59,0.55322056842341
"old_w05",3,218,FALSE,0.271841606536499,0.87,0.492943076664364
"old_w05",3,219,FALSE,0.471291711058939,1.96,0.472204507417681
"old_w05",3,220,TRUE,0.294906910605192,0.972,0.43791251125661
"old_w05",3,221,FALSE,0.655138434811382,3.52,0.57466636491715
"old_w05",3,222,FALSE,0.528916700277655,2.38,0.502765853561751
"old_w05",3,223,TRUE,0.237040791379191,0.726,0.424692782564262
"old_w05",3,224,FALSE,0.777426822389311,4.99,0.513653868029838
"old_w05",3,225,TRUE,0.191730393362856,0.555,0.404583965863849
"old_w05",3,226,FALSE,0.239549720840473,0.736,0.400742114219866
"old_w05",3,227,TRUE,0.582404298019028,2.823,0.552755654654663
"old_w05",3,228,TRUE,0.569373909615046,2.71,0.552745524451551
"old_w05",3,229,FALSE,0.334252642334231,1.159,0.421420886838114
"old_w05",3,230,FALSE,0.406369835469268,1.549,0.445780018801022
"old_w05",3,231,FALSE,0.216165902285993,0.645,0.498145998348201
"old_w05",3,232,FALSE,0.0597526942092988,0.1475,0.286186416417308
"old_w05",3,233,TRUE,0.472463896606989,1.968,0.581104631322792
"old_w05",3,234,FALSE,0.666985718329661,3.645,0.429452168152181
"old_w05",3,235,FALSE,0.65417654187796,3.51,0.539554023920005
"old_w05",3,236,FALSE,0.259593878885949,0.818,0.466217807308935
"old_w05",3,237,FALSE,0.527114111639805,2.366,0.564483077869898
"old_w05",3,238,TRUE,0.367169488534681,1.329,0.392573434721202
"old_w05",3,239,TRUE,0.19228861256812,0.557,0.432840042702327
"old_w05",3,240,FALSE,0.478566495593843,2.01,0.313921364879469
"old_w05",3,241,FALSE,0.253580289562183,0.793,0.388409466324192
"old_w05",3,242,FALSE,0.27554168840131,0.886,0.369268800238893
"old_w05",3,243,FALSE,0.532627001228891,2.409,0.480187808755473
"old_w05",3,244,TRUE,0.542451947375977,2.487,0.516795556400892
"old_w05",3,245,FALSE,0.381836799998343,1.409,0.376125615317869
"old_w05",3,246,TRUE,0.511616020569138,2.248,0.449622847913962
"old_w05",3,247,FALSE,0.476831628512261,1.998,0.570285383465219
"old_w05",3,248,FALSE,0.301029995663981,1,0.450939323847655
"old_w05",3,249,FALSE,0.325823419002744,1.1175,0.362291786892634
"old_w05",3,250,FALSE,0.586024382386976,2.855,0.520760825254583
"old_w05",3,251,FALSE,0.218535505216528,0.654,0.25718148516989
"old_w05",3,252,FALSE,0.0480531731156091,0.117,0.181041256215468
"old_w05",3,253,FALSE,0.378397900948138,1.39,0.524356784131218
"old_w05",3,254,FALSE,0.595275711802099,2.938,0.303215952863338
"old_w05",3,255,FALSE,0.398807730203264,1.505,0.39170966859541
"old_w05",3,256,TRUE,0.161368002234975,0.45,0.402938909616882
"old_w05",3,257,FALSE,0.456214155357989,1.859,0.402564134574792
"old_w05",3,258,FALSE,0.641126932803509,3.3765,0.486595778090574
"old_w05",3,259,FALSE,0.54020429984206,2.469,0.315771588393492
"old_w05",3,260,FALSE,0.0328201494385639,0.0785,0.161401107116325
"old_w05",3,261,FALSE,0.434888120867316,1.722,0.500562282071487
"old_w05",3,262,FALSE,0.332034277027518,1.148,0.368228280156226
"old_w05",3,263,FALSE,0.391816923613249,1.465,0.541165728772223
"old_w05",3,264,TRUE,0.347427598618541,1.2255,0.382930245736956
"old_w05",3,265,FALSE,0.352182518111362,1.25,0.310306967728728
"old_w05",3,266,TRUE,0.154119525515847,0.426,0.462262232885199
"old_w05",3,267,FALSE,0.591398551281249,2.903,0.396741308799263
"old_w05",3,268,TRUE,0.315970345456918,1.07,0.354391446153402
"old_w05",3,269,FALSE,0.470410490975931,1.954,0.427312275840455
"old_w05",3,270,FALSE,0.826074802700826,5.7,0.705618289500237
"old_w05",3,271,TRUE,0.273232834043046,0.876,0.375578682776952
"old_w05",3,272,FALSE,0.234264124378789,0.715,0.362129835015654
"old_w05",3,273,FALSE,0.504878459410216,2.198,0.476246699967519
"old_w05",3,274,FALSE,0.582744965691277,2.826,0.375251584184464
"old_w05",3,275,FALSE,0.542327382773974,2.486,0.422713831831366
"old_w05",3,276,FALSE,0.657055852857104,3.54,0.422577917733026
"old_w05",3,277,FALSE,0.328379603438738,1.13,0.376626085641207
"old_w05",3,278,FALSE,0.4679039465228,1.937,0.290386196482789
"old_w05",3,279,FALSE,0.331427296520743,1.145,0.469153266351508
"old_w05",3,280,FALSE,0.352664799651101,1.2525,0.4476532056193
"old_w05",3,281,FALSE,0.437116093048079,1.736,0.294637364613838
"old_w05",3,282,FALSE,0.325043347403704,1.1137,0.3390937986463
"old_w05",3,283,FALSE,0.775319121829478,4.961,0.465245534504668
"old_w05",3,284,FALSE,0.526442668529935,2.3608,0.403333118020938
"old_w05",3,285,FALSE,0.682145076373832,3.81,0.580076794889747
"old_w05",3,286,FALSE,0.425534220498263,1.664,0.48455273084279
"old_w05",3,287,FALSE,0.659726095237792,3.568,0.488350011589474
"old_w05",3,288,FALSE,0.672097857935718,3.7,0.374982372150252
"old_w05",3,289,FALSE,0.534026106056135,2.42,0.427319108795651
"old_w05",3,290,FALSE,0.615950051656401,3.13,0.495993360651785
"old_w05",3,291,TRUE,0.262451089730429,0.83,0.515104260481207
"old_w05",4,1,TRUE,0.482873583608754,2.04,0.411682846746862
"old_w05",4,2,TRUE,0.496929648073215,2.14,0.613467962723432
"old_w05",4,3,TRUE,0.623042434246382,3.198,0.466640891180748
"old_w05",4,4,TRUE,0.523746466811564,2.34,0.417235510678751
"old_w05",4,5,TRUE,0.47567118832443,1.99,0.399956568885592
"old_w05",4,6,TRUE,0.0681858617461616,0.17,0.230803263365159
"old_w05",4,7,FALSE,0.469674772551798,1.949,0.363437511982828
"old_w05",4,8,FALSE,0.387389826338729,1.44,0.41019058386395
"old_w05",4,9,FALSE,0.627365856592733,3.24,0.423520935331853
"old_w05",4,10,FALSE,0.591064607026499,2.9,0.431265076252561
"old_w05",4,11,FALSE,0.218220304175545,0.6528,0.273022276436532
"old_w05",4,12,TRUE,0.680335513414563,3.79,0.507905115368106
"old_w05",4,13,TRUE,0.680607428991788,3.793,0.491993150013988
"old_w05",4,14,FALSE,0.721810615212547,4.27,0.558449480215377
"old_w05",4,15,TRUE,0.20682587603185,0.61,0.464863171663865
"old_w05",4,16,TRUE,0.582063362911709,2.82,0.418423328773379
"old_w05",4,17,FALSE,0.696094159995223,3.967,0.492642209678121
"old_w05",4,18,TRUE,0.40823996531185,1.56,0.40277551499573
"old_w05",4,19,FALSE,0.433001340945038,1.7102,0.414046443837461
"old_w05",4,20,FALSE,0.653212513775344,3.5,0.464296888997412
"old_w05",4,21,FALSE,0.558072259099146,2.6147,0.40593720331698
"old_w05",4,22,FALSE,0.261928672990642,0.8278,0.272766290585239
"old_w05",4,23,FALSE,0.862727528317975,6.29,0.613228940589353
"old_w05",4,24,TRUE,0.637489729512511,3.34,0.368838737503007
"old_w05",4,25,FALSE,0.504878459410216,2.198,0.370416127837542
"old_w05",4,26,FALSE,0.286995073968852,0.9364,0.371262237879501
"old_w05",4,27,TRUE,0.662757831681574,3.6,0.436228377614687
"old_w05",4,28,FALSE,0.524525936626376,2.346,0.420994694732794
"old_w05",4,29,TRUE,0.406540180433955,1.55,0.360425126897955
"old_w05",4,30,FALSE,0.656098202012832,3.53,0.554513665617805
"old_w05",4,31,FALSE,0.517987203025078,2.296,0.33713210209673
"old_w05",4,32,FALSE,0.703119346236078,4.048,0.5470050550226
"old_w05",4,33,FALSE,0.691081492122968,3.91,0.513449686580625
"old_w05",4,34,FALSE,0.73319726510657,4.41,0.67376475991473
"old_w05",4,35,FALSE,0.408070285887185,1.559,0.425075508966316
"old_w05",4,36,FALSE,0.396024896608593,1.489,0.456570567330107
"old_w05",4,37,FALSE,0.398391440229475,1.5026,0.453146601846341
"old_w05",4,38,FALSE,0.770852011642144,4.9,0.611703700780034
"old_w05",4,39,TRUE,0.15836249209525,0.44,0.427315701671969
"old_w05",4,40,FALSE,0.625415352154408,3.221,0.489176636133401
"old_w05",4,41,FALSE,0.496334505996816,2.1357,0.546375676862492
"old_w05",4,42,FALSE,0.679427896612119,3.78,0.593197170365122
"old_w05",4,43,FALSE,0.610116955411928,3.0749,0.502620025691163
"old_w05",4,44,FALSE,0.645913275033844,3.425,0.452763152997434
"old_w05",4,45,FALSE,0.465382851448418,1.92,0.455258170037212
"old_w05",4,46,FALSE,0.569490954348783,2.711,0.551804692933394
"old_w05",4,47,FALSE,0.187520720836463,0.54,0.302842493114789
"old_w05",4,48,FALSE,0.465813957269479,1.9229,0.465948898776801
"old_w05",4,49,FALSE,0.231214647962601,0.703,0.513853875953866
"old_w05",4,50,FALSE,0.670802284260944,3.686,0.658254575901821
"old_w05",4,51,FALSE,0.459935016851525,1.8836,0.510609624225875
"old_w05",4,52,FALSE,0.287129620719111,0.937,0.404086940589058
"old_w05",4,53,FALSE,0.6232492903979,3.2,0.576809944488997
"old_w05",4,54,FALSE,0.8109042806687,5.47,0.658690021856801
"old_w05",4,55,TRUE,0.354108439147401,1.26,0.413874898121201
"old_w05",4,56,FALSE,0.129141845792285,0.3463,0.389407287624531
"old_w05",4,57,FALSE,0.244969460136198,0.7578,0.379584053059769
"old_w05",4,58,FALSE,0.364363354615731,1.314,0.374821602818034
"old_w05",4,59,TRUE,0.334212409393176,1.1588,0.526579318370511
"old_w05",4,60,FALSE,0.489677291663699,2.088,0.5167014540919
"old_w05",4,61,FALSE,0.525304009958239,2.352,0.481415210167995
"old_w05",4,62,TRUE,0.406540180433955,1.55,0.418602636641642
"old_w05",4,63,FALSE,0.335457900689384,1.165,0.548218764468069
"old_w05",4,64,FALSE,0.419873175149476,1.6295,0.52950054701608
"old_w05",4,65,FALSE,0.397227181043161,1.4959,0.557325822097767
"old_w05",4,66,TRUE,0.59659709562646,2.95,0.604141334315275
"old_w05",4,67,FALSE,0.260071387985075,0.82,0.410290340932928
"old_w05",4,68,FALSE,0.489466281303128,2.0865,0.56236855524946
"old_w05",4,69,FALSE,0.544018407858776,2.4996,0.686221009659481
"old_w05",4,70,TRUE,0.222976449893391,0.671,0.413704733184721
"old_w05",4,71,FALSE,0.28397928423848,0.923,0.57891390230031
"old_w05",4,72,FALSE,0.6652056284346,3.626,0.550678705129349
"old_w05",4,73,FALSE,0.537819095073274,2.45,0.568525885967344
"old_w05",4,74,FALSE,0.501059262217751,2.17,0.519010419104917
"old_w05",4,75,FALSE,0.415699348887829,1.60435,0.39850586275446
"old_w05",4,76,TRUE,0.298853076409707,0.99,0.6414189167817
"old_w05",4,77,TRUE,0.289365951520032,0.947,0.406496459216655
"old_w05",4,78,FALSE,0.497620649781288,2.145,0.323318960011638
"old_w05",4,79,TRUE,0.778151250383644,5,0.587315004392612
"old_w05",4,80,TRUE,0.260071387985075,0.82,0.365719632511345
"old_w05",4,81,FALSE,0.367542273520577,1.331,0.470549285975824
"old_w05",4,82,FALSE,0.534026106056135,2.42,0.463053843092391
"old_w05",4,83,FALSE,0.287129620719111,0.937,0.294764033246376
"old_w05",4,84,FALSE,0.469822015978163,1.95,0.313072963798993
"old_w05",4,85,TRUE,0.399673721481038,1.51,0.445747043505507
"old_w05",4,86,FALSE,0.307496037913213,1.03,0.24416239365705
"old_w05",4,87,FALSE,0.247236549506764,0.767,0.372230205038494
"old_w05",4,88,FALSE,0.6232492903979,3.2,0.413702475536691
"old_w05",4,89,TRUE,0.429752280002408,1.69,0.438588094623052
"old_w05",4,90,TRUE,0.566943971856554,2.6893,0.418425019989439
"old_w05",4,91,FALSE,0.605951157564873,3.036,0.528329804078582
"old_w05",4,92,FALSE,0.265996370495079,0.845,0.499965147081877
"old_w05",4,93,FALSE,0.555215405126073,2.591,0.34975370026173
"old_w05",4,94,FALSE,0.638489256954637,3.35,0.489899814290796
"old_w05",4,95,FALSE,0.528145078253106,2.374,0.57744860370059
"old_w05",4,96,FALSE,0.227552503379865,0.6887,0.498783588436614
"old_w05",4,97,FALSE,0.430075055551939,1.692,0.503400311111578
"old_w05",4,98,FALSE,0.184549481320698,0.5295,0.321050902137537
"old_w05",4,99,FALSE,0.472537053262077,1.9685,0.545531921521523
"old_w05",4,100,FALSE,0.60616631460762,3.038,0.517032490697709
"old_w05",4,101,FALSE,0.685553652846326,3.8479,0.585501476800545
"old_w05",4,102,TRUE,0.296665190261531,0.98,0.582954484660011
"old_w05",4,103,FALSE,0.491361693834273,2.1,0.518268206532081
"old_w05",4,104,FALSE,0.513217600067939,2.26,0.43700012962701
"old_w05",4,105,TRUE,0.64738297011462,3.44,0.577805240286629
"old_w05",4,106,FALSE,0.491361693834273,2.1,0.510297259211255
"old_w05",4,107,FALSE,0.406028944963615,1.547,0.258606003579132
"old_w05",4,108,FALSE,0.752025387323213,4.6497,0.511263358148682
"old_w05",4,109,TRUE,0.6414741105041,3.38,0.48514993352426
"old_w05",4,110,FALSE,0.416307587059883,1.608,0.546505542496082
"old_w05",4,111,FALSE,0.966610986681934,8.26,0.75385410797603
"old_w05",4,112,FALSE,0.188647295999717,0.544,0.358374569378871
"old_w05",4,113,FALSE,0.708335902682263,4.109,0.52032107631542
"old_w05",4,114,FALSE,0.685741738602264,3.85,0.797609352056566
"old_w05",4,115,FALSE,0.559308010907013,2.625,0.478216959592751
"old_w05",4,116,FALSE,0.355259905527378,1.266,0.418473870594196
"old_w05",4,117,FALSE,0.187520720836463,0.54,0.347144179435168
"old_w05",4,118,TRUE,0.569373909615046,2.71,0.39994597885433
"old_w05",4,119,FALSE,0.572523097849638,2.737,0.504952308415532
"old_w05",4,120,FALSE,0.538070787043172,2.452,0.505330394333729
"old_w05",4,121,FALSE,0.374748346010104,1.37,0.387223679101182
"old_w05",4,122,FALSE,0.294686624279443,0.971,0.316405649512669
"old_w05",4,123,FALSE,0.432969290874406,1.71,0.441222501437905
"old_w05",4,124,TRUE,0.320146286111054,1.09,0.459052990419696
"old_w05",4,125,FALSE,0.574262829707027,2.752,0.462041016925664
"old_w05",4,126,FALSE,0.610234175334389,3.076,0.607984809080923
"old_w05",4,127,FALSE,0.173186268412274,0.49,0.222718054256301
"old_w05",4,128,FALSE,0.314499227973151,1.063,0.384593005225471
"old_w05",4,129,FALSE,0.753330221324521,4.6667,0.451674340116827
"old_w05",4,130,FALSE,0.338456493604605,1.18,0.473061210275758
"old_w05",4,131,TRUE,0.0253058652647703,0.06,0.330477068430728
"old_w05",4,132,FALSE,0.21045229296202,0.6235,0.296600303442196
"old_w05",4,133,FALSE,0.440121603187804,1.755,0.470000167748985
"old_w05",4,134,TRUE,0.181872159010334,0.5201,0.405873584181446
"old_w05",4,135,FALSE,0.761326322421457,4.772,0.643269639081464
"old_w05",4,136,FALSE,0.662757831681574,3.6,0.399522940865771
"old_w05",4,137,FALSE,0.409425868671443,1.567,0.471172783504225
"old_w05",4,138,FALSE,0.387389826338729,1.44,0.322492319655627
"old_w05",4,139,FALSE,0.256236533205923,0.804,0.406297463252924
"old_w05",4,140,FALSE,0.381656482585787,1.408,0.411126526165065
"old_w05",4,141,FALSE,0.43568513794163,1.727,0.418322597113194
"old_w05",4,142,FALSE,0.190331698170291,0.55,0.464519438924378
"old_w05",4,143,FALSE,0.208978517276253,0.618,0.440838961789194
"old_w05",4,144,TRUE,0.506505032404872,2.21,0.463718195627699
"old_w05",4,145,FALSE,0.390935107103379,1.46,0.409875768178124
"old_w05",4,146,FALSE,0.442479769064449,1.77,0.466930446087485
"old_w05",4,147,FALSE,0.417139409727326,1.613,0.454588488372539
"old_w05",4,148,FALSE,0.260071387985075,0.82,0.377336908609688
"old_w05",4,149,TRUE,0.308777773664721,1.036,0.469787723049894
"old_w05",4,150,FALSE,0.583198773968623,2.83,0.429771551071599
"old_w05",4,151,TRUE,0.456062224454951,1.858,0.608640643033734
"old_w05",4,152,FALSE,0.370698092575577,1.348,0.456495783405384
"old_w05",4,153,FALSE,0.639486489268586,3.36,0.605689417505353
"old_w05",4,154,TRUE,0.590284403718162,2.893,0.489595185949202
"old_w05",4,155,FALSE,0.618215503279417,3.1516,0.530882945104024
"old_w05",4,156,FALSE,0.224533062606086,0.677,0.50623058691494
"old_w05",4,157,FALSE,0.234010817587179,0.714,0.313442228278168
"old_w05",4,158,FALSE,0.595826777073223,2.943,0.41373033162985
"old_w05",4,159,TRUE,0.612783856719735,3.1,0.629709783737361
"old_w05",4,160,FALSE,0.581266805273671,2.813,0.537557364983256
"old_w05",4,161,FALSE,0.588383768378728,2.876,0.577218653127319
"old_w05",4,162,FALSE,0.108226656374928,0.283,0.442110154307995
"old_w05",4,163,TRUE,0.381115080709851,1.405,0.506297220365811
"old_w05",4,164,FALSE,0.255272505103306,0.8,0.527318363866111
"old_w05",4,165,FALSE,0.680879174426811,3.796,0.472123505829374
"old_w05",4,166,FALSE,0.564784384503987,2.671,0.476652206271839
"old_w05",4,167,TRUE,0.526339277389844,2.36,0.38319092346999
"old_w05",4,168,FALSE,0.294466226161593,0.97,0.391427952177077
"old_w05",4,169,FALSE,0.612783856719735,3.1,0.456544809022658
"old_w05",4,170,FALSE,0.5182506513085,2.298,0.531704181434863
"old_w05",4,171,FALSE,0.442949869577862,1.773,0.398723295180517
"old_w05",4,172,FALSE,0.505149978319906,2.2,0.463199281583652
"old_w05",4,173,FALSE,0.305995882770805,1.023,0.439662407179772
"old_w05",4,174,TRUE,0.612783856719735,3.1,0.47409450395882
"old_w05",4,175,TRUE,0.204119982655925,0.6,0.473658302369343
"old_w05",4,176,FALSE,0.677333151419902,3.757,0.436540623826691
"old_w05",4,177,FALSE,0.345961541813141,1.218,0.566391593628762
"old_w05",4,178,FALSE,0.361160995195026,1.297,0.462476304938028
"old_w05",4,179,TRUE,0.127104798364808,0.34,0.487029514174488
"old_w05",4,180,FALSE,0.514547752660286,2.27,0.340367952137004
"old_w05",4,181,FALSE,0.362350507594848,1.3033,0.475177653390045
"old_w05",4,182,FALSE,0.662757831681574,3.6,0.453960345752039
"old_w05",4,183,FALSE,0.313867220369153,1.06,0.436310395395965
"old_w05",4,184,FALSE,0.839666556882433,5.913,0.526219754109509
"old_w05",4,185,FALSE,0.16999753706657,0.4791,0.372428628000138
"old_w05",4,186,FALSE,0.129367595722986,0.347,0.206410145780056
"old_w05",4,187,FALSE,0.36078268987328,1.295,0.367850535938743
"old_w05",4,188,FALSE,0.429106008332697,1.686,0.473957294115264
"old_w05",4,189,FALSE,0.702602841340427,4.042,0.585085567089189
"old_w05",4,190,FALSE,0.571708831808688,2.73,0.441025931877488
"old_w05",4,191,FALSE,0.343920385393226,1.2076,0.290480816174712
"old_w05",4,192,FALSE,0.695131297704026,3.956,0.498521313568846
"old_w05",4,193,FALSE,0.629409599102719,3.26,0.52100999883848
"old_w05",4,194,FALSE,0.414973347970818,1.6,0.390066178405212
"old_w05",4,195,FALSE,0.276231957921834,0.889,0.319561602592785
"old_w05",4,196,FALSE,0.531478917042255,2.4,0.50889651338183
"old_w05",4,197,FALSE,0.236789099409293,0.725,0.377568080393096
"old_w05",4,198,FALSE,0.756407872548958,4.707,0.721014745956772
"old_w05",4,199,FALSE,0.718750734739665,4.233,0.560900815479099
"old_w05",4,200,FALSE,0.515211304327802,2.275,0.419884964753638
"old_w05",4,201,TRUE,0.3654879848909,1.32,0.46244007149292
"old_w05",4,202,TRUE,0.344392273685111,1.21,0.425467293715174
"old_w05",4,203,FALSE,0.196728722623287,0.573,0.419197670183488
"old_w05",4,204,FALSE,0.392696953259666,1.47,0.417498045608829
"old_w05",4,205,FALSE,0.365394376854778,1.3195,0.436901141767233
"old_w05",4,206,TRUE,0.389166084364532,1.45,0.51625450716911
"old_w05",4,207,FALSE,0.653212513775344,3.5,0.451799889705988
"old_w05",4,208,FALSE,0.440594261839831,1.758,0.406914175389203
"old_w05",4,209,TRUE,0.202215775801131,0.593,0.390758648405787
"old_w05",4,210,FALSE,0.48572142648158,2.06,0.32676623668492
"old_w05",4,211,FALSE,0.244277120801843,0.755,0.537973510925316
"old_w05",4,212,FALSE,0.372727940885595,1.359,0.486774437636953
"old_w05",4,213,FALSE,0.52244423350632,2.33,0.500862370216802
"old_w05",4,214,FALSE,0.257678574869184,0.81,0.371889599611021
"old_w05",4,215,FALSE,0.384353414137506,1.423,0.593281139724415
"old_w05",4,216,FALSE,0.335858911319818,1.167,0.422833366004746
"old_w05",4,217,FALSE,0.555094448578319,2.59,0.525488557550448
"old_w05",4,218,FALSE,0.271841606536499,0.87,0.465463991499533
"old_w05",4,219,FALSE,0.471291711058939,1.96,0.472676035257764
"old_w05",4,220,TRUE,0.294906910605192,0.972,0.421470675262184
"old_w05",4,221,FALSE,0.655138434811382,3.52,0.605200092912759
"old_w05",4,222,FALSE,0.528916700277655,2.38,0.497465906137162
"old_w05",4,223,TRUE,0.237040791379191,0.726,0.452909084449059
"old_w05",4,224,FALSE,0.777426822389311,4.99,0.489299183328526
"old_w05",4,225,TRUE,0.191730393362856,0.555,0.388841593259636
"old_w05",4,226,FALSE,0.239549720840473,0.736,0.457327629411132
"old_w05",4,227,TRUE,0.582404298019028,2.823,0.520995147742501
"old_w05",4,228,TRUE,0.569373909615046,2.71,0.552164246345176
"old_w05",4,229,FALSE,0.334252642334231,1.159,0.37417629844704
"old_w05",4,230,FALSE,0.406369835469268,1.549,0.443439181835949
"old_w05",4,231,FALSE,0.216165902285993,0.645,0.509112508851566
"old_w05",4,232,FALSE,0.0597526942092988,0.1475,0.320325728431402
"old_w05",4,233,TRUE,0.472463896606989,1.968,0.573455182235315
"old_w05",4,234,FALSE,0.666985718329661,3.645,0.436941157410856
"old_w05",4,235,FALSE,0.65417654187796,3.51,0.541842626728406
"old_w05",4,236,FALSE,0.259593878885949,0.818,0.491144928258863
"old_w05",4,237,FALSE,0.527114111639805,2.366,0.603184787349878
"old_w05",4,238,TRUE,0.367169488534681,1.329,0.433472364932779
"old_w05",4,239,TRUE,0.19228861256812,0.557,0.434815620072427
"old_w05",4,240,FALSE,0.478566495593843,2.01,0.345542767700532
"old_w05",4,241,FALSE,0.253580289562183,0.793,0.390065257001197
"old_w05",4,242,FALSE,0.27554168840131,0.886,0.335950424710586
"old_w05",4,243,FALSE,0.532627001228891,2.409,0.432290133230977
"old_w05",4,244,TRUE,0.542451947375977,2.487,0.53284540924527
"old_w05",4,245,FALSE,0.381836799998343,1.409,0.379206505551137
"old_w05",4,246,TRUE,0.511616020569138,2.248,0.448664335770143
"old_w05",4,247,FALSE,0.476831628512261,1.998,0.549020792697648
"old_w05",4,248,FALSE,0.301029995663981,1,0.47045998329259
"old_w05",4,249,FALSE,0.325823419002744,1.1175,0.372011449284331
"old_w05",4,250,FALSE,0.586024382386976,2.855,0.512831848373454
"old_w05",4,251,FALSE,0.218535505216528,0.654,0.322346533325547
"old_w05",4,252,FALSE,0.0480531731156091,0.117,0.197150000218991
"old_w05",4,253,FALSE,0.378397900948138,1.39,0.540830038333415
"old_w05",4,254,FALSE,0.595275711802099,2.938,0.306486956474009
"old_w05",4,255,FALSE,0.398807730203264,1.505,0.400416062027409
"old_w05",4,256,TRUE,0.161368002234975,0.45,0.422340347336123
"old_w05",4,257,FALSE,0.456214155357989,1.859,0.390009338402328
"old_w05",4,258,FALSE,0.641126932803509,3.3765,0.465149574965962
"old_w05",4,259,FALSE,0.54020429984206,2.469,0.328654239694296
"old_w05",4,260,FALSE,0.0328201494385639,0.0785,0.0580047703909426
"old_w05",4,261,FALSE,0.434888120867316,1.722,0.47593592416974
"old_w05",4,262,FALSE,0.332034277027518,1.148,0.349064396304433
"old_w05",4,263,FALSE,0.391816923613249,1.465,0.598757505525732
"old_w05",4,264,TRUE,0.347427598618541,1.2255,0.3962765599949
"old_w05",4,265,FALSE,0.352182518111362,1.25,0.375941772462208
"old_w05",4,266,TRUE,0.154119525515847,0.426,0.478551650610814
"old_w05",4,267,FALSE,0.591398551281249,2.903,0.409772007866855
"old_w05",4,268,TRUE,0.315970345456918,1.07,0.354693016457473
"old_w05",4,269,FALSE,0.470410490975931,1.954,0.413636527407195
"old_w05",4,270,FALSE,0.826074802700826,5.7,0.78378192719233
"old_w05",4,271,TRUE,0.273232834043046,0.876,0.363396410410119
"old_w05",4,272,FALSE,0.234264124378789,0.715,0.300748222369165
"old_w05",4,273,FALSE,0.504878459410216,2.198,0.411736605367054
"old_w05",4,274,FALSE,0.582744965691277,2.826,0.338906195109363
"old_w05",4,275,FALSE,0.542327382773974,2.486,0.446377268621873
"old_w05",4,276,FALSE,0.657055852857104,3.54,0.440013193932319
"old_w05",4,277,FALSE,0.328379603438738,1.13,0.390887219704093
"old_w05",4,278,FALSE,0.4679039465228,1.937,0.263872347948892
"old_w05",4,279,FALSE,0.331427296520743,1.145,0.455856610166274
"old_w05",4,280,FALSE,0.352664799651101,1.2525,0.436155992739467
"old_w05",4,281,FALSE,0.437116093048079,1.736,0.259492583637007
"old_w05",4,282,FALSE,0.325043347403704,1.1137,0.392097635526116
"old_w05",4,283,FALSE,0.775319121829478,4.961,0.479057428697436
"old_w05",4,284,FALSE,0.526442668529935,2.3608,0.416066462072904
"old_w05",4,285,FALSE,0.682145076373832,3.81,0.589867509421232
"old_w05",4,286,FALSE,0.425534220498263,1.664,0.504109416192077
"old_w05",4,287,FALSE,0.659726095237792,3.568,0.54066992723204
"old_w05",4,288,FALSE,0.672097857935718,3.7,0.396564456944081
"old_w05",4,289,FALSE,0.534026106056135,2.42,0.394267089648606
"old_w05",4,290,FALSE,0.615950051656401,3.13,0.487291738240027
"old_w05",4,291,TRUE,0.262451089730429,0.83,0.489791279687511
"old_w05",5,1,TRUE,0.482873583608754,2.04,0.386714308199432
"old_w05",5,2,TRUE,0.496929648073215,2.14,0.590148227118239
"old_w05",5,3,TRUE,0.623042434246382,3.198,0.489593981487266
"old_w05",5,4,TRUE,0.523746466811564,2.34,0.435346807540951
"old_w05",5,5,TRUE,0.47567118832443,1.99,0.392117696917058
"old_w05",5,6,TRUE,0.0681858617461616,0.17,0.257316153795832
"old_w05",5,7,FALSE,0.469674772551798,1.949,0.350753965532558
"old_w05",5,8,FALSE,0.387389826338729,1.44,0.445500933829758
"old_w05",5,9,FALSE,0.627365856592733,3.24,0.375062139036832
"old_w05",5,10,FALSE,0.591064607026499,2.9,0.403286359025298
"old_w05",5,11,FALSE,0.218220304175545,0.6528,0.245961106562303
"old_w05",5,12,TRUE,0.680335513414563,3.79,0.517785920405991
"old_w05",5,13,TRUE,0.680607428991788,3.793,0.513327319809113
"old_w05",5,14,FALSE,0.721810615212547,4.27,0.570795465372822
"old_w05",5,15,TRUE,0.20682587603185,0.61,0.43929577200495
"old_w05",5,16,TRUE,0.582063362911709,2.82,0.435307969966872
"old_w05",5,17,FALSE,0.696094159995223,3.967,0.458980525927694
"old_w05",5,18,TRUE,0.40823996531185,1.56,0.407603937675985
"old_w05",5,19,FALSE,0.433001340945038,1.7102,0.414623057290515
"old_w05",5,20,FALSE,0.653212513775344,3.5,0.461138778575921
"old_w05",5,21,FALSE,0.558072259099146,2.6147,0.421263522923452
"old_w05",5,22,FALSE,0.261928672990642,0.8278,0.214458190982819
"old_w05",5,23,FALSE,0.862727528317975,6.29,0.628996855585271
"old_w05",5,24,TRUE,0.637489729512511,3.34,0.372438456865562
"old_w05",5,25,FALSE,0.504878459410216,2.198,0.365832936608051
"old_w05",5,26,FALSE,0.286995073968852,0.9364,0.350444832784515
"old_w05",5,27,TRUE,0.662757831681574,3.6,0.437205547369999
"old_w05",5,28,FALSE,0.524525936626376,2.346,0.445010787139433
"old_w05",5,29,TRUE,0.406540180433955,1.55,0.356772685064322
"old_w05",5,30,FALSE,0.656098202012832,3.53,0.514743747215956
"old_w05",5,31,FALSE,0.517987203025078,2.296,0.425520451487346
"old_w05",5,32,FALSE,0.703119346236078,4.048,0.538684199094437
"old_w05",5,33,FALSE,0.691081492122968,3.91,0.523349034085297
"old_w05",5,34,FALSE,0.73319726510657,4.41,0.719212881904185
"old_w05",5,35,FALSE,0.408070285887185,1.559,0.406227180061904
"old_w05",5,36,FALSE,0.396024896608593,1.489,0.44443132990627
"old_w05",5,37,FALSE,0.398391440229475,1.5026,0.44714612075388
"old_w05",5,38,FALSE,0.770852011642144,4.9,0.579426580369006
"old_w05",5,39,TRUE,0.15836249209525,0.44,0.442314870618026
"old_w05",5,40,FALSE,0.625415352154408,3.221,0.469718509874711
"old_w05",5,41,FALSE,0.496334505996816,2.1357,0.566640713202082
"old_w05",5,42,FALSE,0.679427896612119,3.78,0.620102561129658
"old_w05",5,43,FALSE,0.610116955411928,3.0749,0.531537064213296
"old_w05",5,44,FALSE,0.645913275033844,3.425,0.427700832875576
"old_w05",5,45,FALSE,0.465382851448418,1.92,0.42416720015903
"old_w05",5,46,FALSE,0.569490954348783,2.711,0.543837160960409
"old_w05",5,47,FALSE,0.187520720836463,0.54,0.28092015626818
"old_w05",5,48,FALSE,0.465813957269479,1.9229,0.465747058152701
"old_w05",5,49,FALSE,0.231214647962601,0.703,0.48435651969255
"old_w05",5,50,FALSE,0.670802284260944,3.686,0.646144395482222
"old_w05",5,51,FALSE,0.459935016851525,1.8836,0.516433355638176
"old_w05",5,52,FALSE,0.287129620719111,0.937,0.4012255836938
"old_w05",5,53,FALSE,0.6232492903979,3.2,0.525132952662003
"old_w05",5,54,FALSE,0.8109042806687,5.47,0.621444967838544
"old_w05",5,55,TRUE,0.354108439147401,1.26,0.437422537726106
"old_w05",5,56,FALSE,0.129141845792285,0.3463,0.371365500662952
"old_w05",5,57,FALSE,0.244969460136198,0.7578,0.402940933452924
"old_w05",5,58,FALSE,0.364363354615731,1.314,0.395715256397685
"old_w05",5,59,TRUE,0.334212409393176,1.1588,0.564373270614659
"old_w05",5,60,FALSE,0.489677291663699,2.088,0.534060277308115
"old_w05",5,61,FALSE,0.525304009958239,2.352,0.502954772275861
"old_w05",5,62,TRUE,0.406540180433955,1.55,0.392596408439127
"old_w05",5,63,FALSE,0.335457900689384,1.165,0.535946304806091
"old_w05",5,64,FALSE,0.419873175149476,1.6295,0.575034860274589
"old_w05",5,65,FALSE,0.397227181043161,1.4959,0.524728324142024
"old_w05",5,66,TRUE,0.59659709562646,2.95,0.617219461218377
"old_w05",5,67,FALSE,0.260071387985075,0.82,0.410096788211743
"old_w05",5,68,FALSE,0.489466281303128,2.0865,0.539966012255736
"old_w05",5,69,FALSE,0.544018407858776,2.4996,0.694104667603813
"old_w05",5,70,TRUE,0.222976449893391,0.671,0.428936286048222
"old_w05",5,71,FALSE,0.28397928423848,0.923,0.549507707632082
"old_w05",5,72,FALSE,0.6652056284346,3.626,0.536929446745459
"old_w05",5,73,FALSE,0.537819095073274,2.45,0.558979370696835
"old_w05",5,74,FALSE,0.501059262217751,2.17,0.524052396529347
"old_w05",5,75,FALSE,0.415699348887829,1.60435,0.431679545193929
"old_w05",5,76,TRUE,0.298853076409707,0.99,0.602417799803393
"old_w05",5,77,TRUE,0.289365951520032,0.947,0.392277777232259
"old_w05",5,78,FALSE,0.497620649781288,2.145,0.32895378264997
"old_w05",5,79,TRUE,0.778151250383644,5,0.53099442264161
"old_w05",5,80,TRUE,0.260071387985075,0.82,0.349180534369356
"old_w05",5,81,FALSE,0.367542273520577,1.331,0.490758254391431
"old_w05",5,82,FALSE,0.534026106056135,2.42,0.518904400157004
"old_w05",5,83,FALSE,0.287129620719111,0.937,0.333225257027191
"old_w05",5,84,FALSE,0.469822015978163,1.95,0.339212857870551
"old_w05",5,85,TRUE,0.399673721481038,1.51,0.426875182228323
"old_w05",5,86,FALSE,0.307496037913213,1.03,0.262573396254297
"old_w05",5,87,FALSE,0.247236549506764,0.767,0.38326262926067
"old_w05",5,88,FALSE,0.6232492903979,3.2,0.435788303609635
"old_w05",5,89,TRUE,0.429752280002408,1.69,0.442680570199475
"old_w05",5,90,TRUE,0.566943971856554,2.6893,0.397181233718935
"old_w05",5,91,FALSE,0.605951157564873,3.036,0.565166901883859
"old_w05",5,92,FALSE,0.265996370495079,0.845,0.514508828313512
"old_w05",5,93,FALSE,0.555215405126073,2.591,0.376439444419996
"old_w05",5,94,FALSE,0.638489256954637,3.35,0.483089460840258
"old_w05",5,95,FALSE,0.528145078253106,2.374,0.542918732373498
"old_w05",5,96,FALSE,0.227552503379865,0.6887,0.483664323309416
"old_w05",5,97,FALSE,0.430075055551939,1.692,0.528858417783849
"old_w05",5,98,FALSE,0.184549481320698,0.5295,0.326089325460971
"old_w05",5,99,FALSE,0.472537053262077,1.9685,0.506065544567718
"old_w05",5,100,FALSE,0.60616631460762,3.038,0.508569809376768
"old_w05",5,101,FALSE,0.685553652846326,3.8479,0.592970937117125
"old_w05",5,102,TRUE,0.296665190261531,0.98,0.604761054555137
"old_w05",5,103,FALSE,0.491361693834273,2.1,0.529042011594374
"old_w05",5,104,FALSE,0.513217600067939,2.26,0.443178448765562
"old_w05",5,105,TRUE,0.64738297011462,3.44,0.575014622446178
"old_w05",5,106,FALSE,0.491361693834273,2.1,0.494884122066999
"old_w05",5,107,FALSE,0.406028944963615,1.547,0.389913660279342
"old_w05",5,108,FALSE,0.752025387323213,4.6497,0.494609691148583
"old_w05",5,109,TRUE,0.6414741105041,3.38,0.487048291556597
"old_w05",5,110,FALSE,0.416307587059883,1.608,0.550645179912627
"old_w05",5,111,FALSE,0.966610986681934,8.26,0.722403231935362
"old_w05",5,112,FALSE,0.188647295999717,0.544,0.334182906580446
"old_w05",5,113,FALSE,0.708335902682263,4.109,0.515165036727034
"old_w05",5,114,FALSE,0.685741738602264,3.85,0.856314840148517
"old_w05",5,115,FALSE,0.559308010907013,2.625,0.436778651308131
"old_w05",5,116,FALSE,0.355259905527378,1.266,0.406300881431039
"old_w05",5,117,FALSE,0.187520720836463,0.54,0.342182775227472
"old_w05",5,118,TRUE,0.569373909615046,2.71,0.399703872554445
"old_w05",5,119,FALSE,0.572523097849638,2.737,0.489704999330701
"old_w05",5,120,FALSE,0.538070787043172,2.452,0.49785561536162
"old_w05",5,121,FALSE,0.374748346010104,1.37,0.375590054527956
"old_w05",5,122,FALSE,0.294686624279443,0.971,0.320182580417935
"old_w05",5,123,FALSE,0.432969290874406,1.71,0.445146915115684
"old_w05",5,124,TRUE,0.320146286111054,1.09,0.467624833943746
"old_w05",5,125,FALSE,0.574262829707027,2.752,0.445523508095199
"old_w05",5,126,FALSE,0.610234175334389,3.076,0.557779664387605
"old_w05",5,127,FALSE,0.173186268412274,0.49,0.205344016519703
"old_w05",5,128,FALSE,0.314499227973151,1.063,0.404554461255041
"old_w05",5,129,FALSE,0.753330221324521,4.6667,0.490777580706843
"old_w05",5,130,FALSE,0.338456493604605,1.18,0.433267064800111
"old_w05",5,131,TRUE,0.0253058652647703,0.06,0.33521949251256
"old_w05",5,132,FALSE,0.21045229296202,0.6235,0.316506531551052
"old_w05",5,133,FALSE,0.440121603187804,1.755,0.417426364206428
"old_w05",5,134,TRUE,0.181872159010334,0.5201,0.392512142003082
"old_w05",5,135,FALSE,0.761326322421457,4.772,0.583821750010149
"old_w05",5,136,FALSE,0.662757831681574,3.6,0.389700962679512
"old_w05",5,137,FALSE,0.409425868671443,1.567,0.415347355090097
"old_w05",5,138,FALSE,0.387389826338729,1.44,0.342908765090047
"old_w05",5,139,FALSE,0.256236533205923,0.804,0.393449462790405
"old_w05",5,140,FALSE,0.381656482585787,1.408,0.443002312220161
"old_w05",5,141,FALSE,0.43568513794163,1.727,0.43762463781671
"old_w05",5,142,FALSE,0.190331698170291,0.55,0.492722415454335
"old_w05",5,143,FALSE,0.208978517276253,0.618,0.458337930529997
"old_w05",5,144,TRUE,0.506505032404872,2.21,0.423593469805116
"old_w05",5,145,FALSE,0.390935107103379,1.46,0.434277239090477
"old_w05",5,146,FALSE,0.442479769064449,1.77,0.489498886237736
"old_w05",5,147,FALSE,0.417139409727326,1.613,0.475755373150392
"old_w05",5,148,FALSE,0.260071387985075,0.82,0.410596478595441
"old_w05",5,149,TRUE,0.308777773664721,1.036,0.460806365500746
"old_w05",5,150,FALSE,0.583198773968623,2.83,0.425833721844981
"old_w05",5,151,TRUE,0.456062224454951,1.858,0.62655670818328
"old_w05",5,152,FALSE,0.370698092575577,1.348,0.378143984365771
"old_w05",5,153,FALSE,0.639486489268586,3.36,0.614145695273049
"old_w05",5,154,TRUE,0.590284403718162,2.893,0.503278172988253
"old_w05",5,155,FALSE,0.618215503279417,3.1516,0.547481787179033
"old_w05",5,156,FALSE,0.224533062606086,0.677,0.476450954679153
"old_w05",5,157,FALSE,0.234010817587179,0.714,0.272190593099717
"old_w05",5,158,FALSE,0.595826777073223,2.943,0.424503611180276
"old_w05",5,159,TRUE,0.612783856719735,3.1,0.626009955143668
"old_w05",5,160,FALSE,0.581266805273671,2.813,0.529329140214004
"old_w05",5,161,FALSE,0.588383768378728,2.876,0.580030632344101
"old_w05",5,162,FALSE,0.108226656374928,0.283,0.389567851694824
"old_w05",5,163,TRUE,0.381115080709851,1.405,0.490889571605079
"old_w05",5,164,FALSE,0.255272505103306,0.8,0.469627691935439
"old_w05",5,165,FALSE,0.680879174426811,3.796,0.532164309713001
"old_w05",5,166,FALSE,0.564784384503987,2.671,0.438811447860858
"old_w05",5,167,TRUE,0.526339277389844,2.36,0.414466744934061
"old_w05",5,168,FALSE,0.294466226161593,0.97,0.380059225692459
"old_w05",5,169,FALSE,0.612783856719735,3.1,0.47595643866716
"old_w05",5,170,FALSE,0.5182506513085,2.298,0.539778402953988
"old_w05",5,171,FALSE,0.442949869577862,1.773,0.451789432489301
"old_w05",5,172,FALSE,0.505149978319906,2.2,0.480174240461371
"old_w05",5,173,FALSE,0.305995882770805,1.023,0.439745618519557
"old_w05",5,174,TRUE,0.612783856719735,3.1,0.483270807268702
"old_w05",5,175,TRUE,0.204119982655925,0.6,0.486607479178607
"old_w05",5,176,FALSE,0.677333151419902,3.757,0.417583242801896
"old_w05",5,177,FALSE,0.345961541813141,1.218,0.550384630577592
"old_w05",5,178,FALSE,0.361160995195026,1.297,0.499444491862396
"old_w05",5,179,TRUE,0.127104798364808,0.34,0.472806910997504
"old_w05",5,180,FALSE,0.514547752660286,2.27,0.326727087974202
"old_w05",5,181,FALSE,0.362350507594848,1.3033,0.492698827859026
"old_w05",5,182,FALSE,0.662757831681574,3.6,0.472892230778396
"old_w05",5,183,FALSE,0.313867220369153,1.06,0.432784999540538
"old_w05",5,184,FALSE,0.839666556882433,5.913,0.538683611446729
"old_w05",5,185,FALSE,0.16999753706657,0.4791,0.360317533948874
"old_w05",5,186,FALSE,0.129367595722986,0.347,0.203249545283441
"old_w05",5,187,FALSE,0.36078268987328,1.295,0.36285294881081
"old_w05",5,188,FALSE,0.429106008332697,1.686,0.468110966246789
"old_w05",5,189,FALSE,0.702602841340427,4.042,0.553531905425789
"old_w05",5,190,FALSE,0.571708831808688,2.73,0.435129187149333
"old_w05",5,191,FALSE,0.343920385393226,1.2076,0.289865609176498
"old_w05",5,192,FALSE,0.695131297704026,3.956,0.486586575391084
"old_w05",5,193,FALSE,0.629409599102719,3.26,0.501454521924673
"old_w05",5,194,FALSE,0.414973347970818,1.6,0.420516258194839
"old_w05",5,195,FALSE,0.276231957921834,0.889,0.356561672142795
"old_w05",5,196,FALSE,0.531478917042255,2.4,0.525561157088301
"old_w05",5,197,FALSE,0.236789099409293,0.725,0.364716155347929
"old_w05",5,198,FALSE,0.756407872548958,4.707,0.79103282459059
"old_w05",5,199,FALSE,0.718750734739665,4.233,0.572021523233539
"old_w05",5,200,FALSE,0.515211304327802,2.275,0.407446243758858
"old_w05",5,201,TRUE,0.3654879848909,1.32,0.462137571182336
"old_w05",5,202,TRUE,0.344392273685111,1.21,0.418018001363154
"old_w05",5,203,FALSE,0.196728722623287,0.573,0.417412515272818
"old_w05",5,204,FALSE,0.392696953259666,1.47,0.450297178953782
"old_w05",5,205,FALSE,0.365394376854778,1.3195,0.398220088886859
"old_w05",5,206,TRUE,0.389166084364532,1.45,0.478764660608739
"old_w05",5,207,FALSE,0.653212513775344,3.5,0.456206222123885
"old_w05",5,208,FALSE,0.440594261839831,1.758,0.39841275683204
"old_w05",5,209,TRUE,0.202215775801131,0.593,0.391871122693282
"old_w05",5,210,FALSE,0.48572142648158,2.06,0.358063841400396
"old_w05",5,211,FALSE,0.244277120801843,0.755,0.454229158393748
"old_w05",5,212,FALSE,0.372727940885595,1.359,0.470494839008164
"old_w05",5,213,FALSE,0.52244423350632,2.33,0.499635771125639
"old_w05",5,214,FALSE,0.257678574869184,0.81,0.364299697371506
"old_w05",5,215,FALSE,0.384353414137506,1.423,0.593647705036375
"old_w05",5,216,FALSE,0.335858911319818,1.167,0.451682709230852
"old_w05",5,217,FALSE,0.555094448578319,2.59,0.549866512662848
"old_w05",5,218,FALSE,0.271841606536499,0.87,0.545907728155633
"old_w05",5,219,FALSE,0.471291711058939,1.96,0.444898045443699
"old_w05",5,220,TRUE,0.294906910605192,0.972,0.379680954428495
"old_w05",5,221,FALSE,0.655138434811382,3.52,0.579337608396421
"old_w05",5,222,FALSE,0.528916700277655,2.38,0.453837983777052
"old_w05",5,223,TRUE,0.237040791379191,0.726,0.416549381031827
"old_w05",5,224,FALSE,0.777426822389311,4.99,0.488474112631484
"old_w05",5,225,TRUE,0.191730393362856,0.555,0.410696906043739
"old_w05",5,226,FALSE,0.239549720840473,0.736,0.452344423984614
"old_w05",5,227,TRUE,0.582404298019028,2.823,0.549919195182947
"old_w05",5,228,TRUE,0.569373909615046,2.71,0.522482408194058
"old_w05",5,229,FALSE,0.334252642334231,1.159,0.438242040666578
"old_w05",5,230,FALSE,0.406369835469268,1.549,0.433045130165538
"old_w05",5,231,FALSE,0.216165902285993,0.645,0.51808526463075
"old_w05",5,232,FALSE,0.0597526942092988,0.1475,0.270840263050373
"old_w05",5,233,TRUE,0.472463896606989,1.968,0.58627081713334
"old_w05",5,234,FALSE,0.666985718329661,3.645,0.422036520730676
"old_w05",5,235,FALSE,0.65417654187796,3.51,0.523591919252596
"old_w05",5,236,FALSE,0.259593878885949,0.818,0.473103109712471
"old_w05",5,237,FALSE,0.527114111639805,2.366,0.544904166165359
"old_w05",5,238,TRUE,0.367169488534681,1.329,0.452960885481112
"old_w05",5,239,TRUE,0.19228861256812,0.557,0.454810411458842
"old_w05",5,240,FALSE,0.478566495593843,2.01,0.296086444867123
"old_w05",5,241,FALSE,0.253580289562183,0.793,0.36125026842665
"old_w05",5,242,FALSE,0.27554168840131,0.886,0.353368830658031
"old_w05",5,243,FALSE,0.532627001228891,2.409,0.386208939257703
"old_w05",5,244,TRUE,0.542451947375977,2.487,0.531995360730924
"old_w05",5,245,FALSE,0.381836799998343,1.409,0.388680409802859
"old_w05",5,246,TRUE,0.511616020569138,2.248,0.421839404988181
"old_w05",5,247,FALSE,0.476831628512261,1.998,0.551822954438246
"old_w05",5,248,FALSE,0.301029995663981,1,0.481491649289362
"old_w05",5,249,FALSE,0.325823419002744,1.1175,0.357758287149254
"old_w05",5,250,FALSE,0.586024382386976,2.855,0.52180544922748
"old_w05",5,251,FALSE,0.218535505216528,0.654,0.267927748237836
"old_w05",5,252,FALSE,0.0480531731156091,0.117,0.179414613699879
"old_w05",5,253,FALSE,0.378397900948138,1.39,0.529854198208839
"old_w05",5,254,FALSE,0.595275711802099,2.938,0.417787861871254
"old_w05",5,255,FALSE,0.398807730203264,1.505,0.388429606663789
"old_w05",5,256,TRUE,0.161368002234975,0.45,0.397911703664772
"old_w05",5,257,FALSE,0.456214155357989,1.859,0.355173347494412
"old_w05",5,258,FALSE,0.641126932803509,3.3765,0.4856126785374
"old_w05",5,259,FALSE,0.54020429984206,2.469,0.327020225571726
"old_w05",5,260,FALSE,0.0328201494385639,0.0785,0.162522784334442
"old_w05",5,261,FALSE,0.434888120867316,1.722,0.476631545520581
"old_w05",5,262,FALSE,0.332034277027518,1.148,0.370543099389347
"old_w05",5,263,FALSE,0.391816923613249,1.465,0.59386450492422
"old_w05",5,264,TRUE,0.347427598618541,1.2255,0.391876069990704
"old_w05",5,265,FALSE,0.352182518111362,1.25,0.314342182553051
"old_w05",5,266,TRUE,0.154119525515847,0.426,0.489977468942162
"old_w05",5,267,FALSE,0.591398551281249,2.903,0.407070139694567
"old_w05",5,268,TRUE,0.315970345456918,1.07,0.355217795893023
"old_w05",5,269,FALSE,0.470410490975931,1.954,0.44563597625651
"old_w05",5,270,FALSE,0.826074802700826,5.7,0.808362962766343
"old_w05",5,271,TRUE,0.273232834043046,0.876,0.344284399947823
"old_w05",5,272,FALSE,0.234264124378789,0.715,0.355771901283456
"old_w05",5,273,FALSE,0.504878459410216,2.198,0.415953308752964
"old_w05",5,274,FALSE,0.582744965691277,2.826,0.347705863388605
"old_w05",5,275,FALSE,0.542327382773974,2.486,0.431978806029497
"old_w05",5,276,FALSE,0.657055852857104,3.54,0.421957758492128
"old_w05",5,277,FALSE,0.328379603438738,1.13,0.36283221999074
"old_w05",5,278,FALSE,0.4679039465228,1.937,0.264379123788217
"old_w05",5,279,FALSE,0.331427296520743,1.145,0.461530168742671
"old_w05",5,280,FALSE,0.352664799651101,1.2525,0.417775375906136
"old_w05",5,281,FALSE,0.437116093048079,1.736,0.300239360583537
"old_w05",5,282,FALSE,0.325043347403704,1.1137,0.406324635257487
"old_w05",5,283,FALSE,0.775319121829478,4.961,0.479397112137181
"old_w05",5,284,FALSE,0.526442668529935,2.3608,0.430838293566759
"old_w05",5,285,FALSE,0.682145076373832,3.81,0.546257454631837
"old_w05",5,286,FALSE,0.425534220498263,1.664,0.514291526223113
"old_w05",5,287,FALSE,0.659726095237792,3.568,0.531166939103482
"old_w05",5,288,FALSE,0.672097857935718,3.7,0.384148984961257
"old_w05",5,289,FALSE,0.534026106056135,2.42,0.369771282665237
"old_w05",5,290,FALSE,0.615950051656401,3.13,0.490819012089597
"old_w05",5,291,TRUE,0.262451089730429,0.83,0.501611607994948
