"cfg","rep","row","is_opt","y","pred"
"anchor",1,1,TRUE,0.482873583608754,0.552584865646621
"anchor",1,2,TRUE,0.496929648073215,0.449742218470375
"anchor",1,3,TRUE,0.623042434246382,0.498870074165646
"anchor",1,4,TRUE,0.523746466811564,0.372154341619451
"anchor",1,5,TRUE,0.47567118832443,0.468473808412668
"anchor",1,6,FALSE,0.469674772551798,0.342414452577586
"anchor",1,7,FALSE,0.387389826338729,0.497949366452394
"anchor",1,8,FALSE,0.627365856592733,0.426015294498304
"anchor",1,9,FALSE,0.591064607026499,0.435854235082464
"anchor",1,10,FALSE,0.218220304175545,0.306094960201844
"anchor",1,11,TRUE,0.680335513414563,0.383658062075493
"anchor",1,12,TRUE,0.680607428991788,0.38835319894379
"anchor",1,13,FALSE,0.721810615212547,0.582070612303831
"anchor",1,14,TRUE,0.20682587603185,0.316225929775426
"anchor",1,15,TRUE,0.582063362911709,0.35097240627702
"anchor",1,16,FALSE,0.696094159995223,0.522204469339226
"anchor",1,17,TRUE,0.40823996531185,0.39924721441069
"anchor",1,18,FALSE,0.433001340945038,0.438414307581904
"anchor",1,19,FALSE,0.653212513775344,0.454549282947034
"anchor",1,20,FALSE,0.558072259099146,0.427999947465656
"anchor",1,21,FALSE,0.261928672990642,0.212986766822312
"anchor",1,22,TRUE,0.637489729512511,0.468709910256488
"anchor",1,23,FALSE,0.504878459410216,0.369167780367981
"anchor",1,24,FALSE,0.286995073968852,0.390276726933602
"anchor",1,25,TRUE,0.662757831681574,0.440031367064827
"anchor",1,26,FALSE,0.524525936626376,0.490991549863846
"anchor",1,27,TRUE,0.406540180433955,0.511745713185276
"anchor",1,28,FALSE,0.656098202012832,0.521203716189433
"anchor",1,29,FALSE,0.517987203025078,0.397617449390131
"anchor",1,30,FALSE,0.703119346236078,0.54863665753269
"anchor",1,31,FALSE,0.691081492122968,0.552535808698848
"anchor",1,32,FALSE,0.0141423615450058,0.347450474639
"anchor",1,33,FALSE,0.733197265106569,0.700152865525507
"anchor",1,34,FALSE,0.408070285887185,0.44170055515653
"anchor",1,35,FALSE,0.396024896608593,0.457836925926673
"anchor",1,36,FALSE,0.398391440229475,0.480027927233828
"anchor",1,37,FALSE,0.770852011642144,0.549714671360631
"anchor",1,38,TRUE,0.15836249209525,0.332794467157834
"anchor",1,39,FALSE,0.625415352154408,0.528655455940821
"anchor",1,40,FALSE,0.496334505996816,0.50989701446463
"anchor",1,41,FALSE,0.679427896612119,0.586465615399873
"anchor",1,42,FALSE,0.610116955411928,0.547585764205645
"anchor",1,43,FALSE,0.645913275033844,0.450697071381442
"anchor",1,44,FALSE,0.465382851448418,0.457297963653267
"anchor",1,45,FALSE,0.569490954348783,0.547566934366723
"anchor",1,46,FALSE,0.187520720836463,0.250059725198955
"anchor",1,47,FALSE,0.465813957269479,0.506442832671898
"anchor",1,48,FALSE,0.231214647962601,0.509470610068985
"anchor",1,49,FALSE,0.670802284260944,0.632028153680744
"anchor",1,50,FALSE,0.459935016851525,0.539683072445141
"anchor",1,51,FALSE,0.287129620719111,0.411215283874461
"anchor",1,52,FALSE,0.6232492903979,0.440671928152262
"anchor",1,53,FALSE,0.8109042806687,0.663414726844812
"anchor",1,54,TRUE,0.354108439147401,0.459417493304988
"anchor",1,55,FALSE,0.129141845792285,0.374679856873448
"anchor",1,56,FALSE,0.244969460136198,0.382235616115619
"anchor",1,57,FALSE,0.364363354615731,0.401282174516537
"anchor",1,58,TRUE,0.334212409393176,0.468062694129603
"anchor",1,59,FALSE,0.489677291663699,0.542272799009496
"anchor",1,60,FALSE,0.525304009958239,0.4626975602187
"anchor",1,61,TRUE,0.406540180433955,0.372208523792655
"anchor",1,62,FALSE,0.335457900689384,0.578529390514662
"anchor",1,63,FALSE,0.419873175149476,0.517641365606871
"anchor",1,64,FALSE,0.397227181043161,0.554108247273881
"anchor",1,65,TRUE,0.59659709562646,0.645801248094645
"anchor",1,66,FALSE,0.260071387985075,0.467254479028983
"anchor",1,67,FALSE,0.489466281303128,0.587745919403417
"anchor",1,68,FALSE,0.544018407858776,0.673982620516961
"anchor",1,69,FALSE,0.665205628434601,0.685854597513513
"anchor",1,70,FALSE,0.537819095073274,0.590370743263395
"anchor",1,71,FALSE,0.501059262217751,0.57273645264336
"anchor",1,72,FALSE,0.415699348887829,0.459253869854153
"anchor",1,73,TRUE,0.298853076409707,0.389669017698424
"anchor",1,74,TRUE,0.289365951520032,0.400358468737646
"anchor",1,75,FALSE,0.497620649781288,0.343812047059895
"anchor",1,76,TRUE,0.778151250383644,0.485711830289886
"anchor",1,77,TRUE,0.260071387985075,0.441602387720052
"anchor",1,78,FALSE,0.367542273520577,0.513034379090173
"anchor",1,79,FALSE,0.534026106056135,0.489957704620617
"anchor",1,80,FALSE,0.287129620719111,0.322956646400977
"anchor",1,81,FALSE,0.469822015978163,0.374500921585445
"anchor",1,82,TRUE,0.399673721481038,0.350879258035084
"anchor",1,83,FALSE,0.307496037913213,0.279310865652567
"anchor",1,84,TRUE,0.322219294733919,0.382449128280292
"anchor",1,85,FALSE,0.247236549506764,0.389019096134787
"anchor",1,86,FALSE,0.6232492903979,0.485675181871751
"anchor",1,87,TRUE,0.429752280002408,0.403592960081106
"anchor",1,88,TRUE,0.566943971856554,0.42202267501802
"anchor",1,89,FALSE,0.605951157564873,0.55187792107768
"anchor",1,90,FALSE,0.265996370495079,0.480740031015798
"anchor",1,91,FALSE,0.555215405126073,0.37919111082586
"anchor",1,92,FALSE,0.638489256954637,0.497136896084621
"anchor",1,93,FALSE,0.528145078253106,0.575790512292712
"anchor",1,94,FALSE,0.227552503379865,0.540870756490941
"anchor",1,95,FALSE,0.430075055551939,0.545740379855332
"anchor",1,96,FALSE,0.184549481320698,0.366851213017739
"anchor",1,97,FALSE,0.472537053262077,0.522905777641476
"anchor",1,98,FALSE,0.60616631460762,0.461956981963674
"anchor",1,99,FALSE,0.685553652846326,0.640298891531402
"anchor",1,100,TRUE,0.296665190261531,0.545169985863293
"anchor",1,101,FALSE,0.491361693834273,0.56596135031317
"anchor",1,102,FALSE,0.513217600067939,0.376795302814245
"anchor",1,103,TRUE,0.64738297011462,0.573114418557325
"anchor",1,104,FALSE,0.491361693834273,0.503013575107483
"anchor",1,105,FALSE,0.406028944963615,0.461057585395976
"anchor",1,106,FALSE,0.752025387323213,0.529962157502677
"anchor",1,107,TRUE,0.6414741105041,0.504219324489341
"anchor",1,108,FALSE,0.416307587059883,0.550470112502884
"anchor",1,109,FALSE,0.966610986681934,0.810955978425806
"anchor",1,110,FALSE,0.188647295999717,0.323322747511053
"anchor",1,111,FALSE,0.708335902682263,0.509906171359042
"anchor",1,112,FALSE,0.685741738602264,0.827053918741085
"anchor",1,113,FALSE,0.559308010907013,0.572119068684918
"anchor",1,114,FALSE,0.355259905527378,0.456734652261915
"anchor",1,115,FALSE,0.187520720836463,0.32966866935844
"anchor",1,116,TRUE,0.569373909615046,0.45082413145903
"anchor",1,117,FALSE,0.572523097849638,0.527669099908909
"anchor",1,118,FALSE,0.538070787043172,0.528104148123056
"anchor",1,119,FALSE,0.374748346010104,0.445975098170689
"anchor",1,120,FALSE,0.294686624279443,0.342501898648487
"anchor",1,121,FALSE,0.432969290874406,0.458034537736616
"anchor",1,122,TRUE,0.320146286111054,0.596991089947761
"anchor",1,123,FALSE,0.574262829707027,0.434623888715317
"anchor",1,124,FALSE,0.610234175334389,0.628121857020498
"anchor",1,125,FALSE,0.173186268412274,0.258282923318455
"anchor",1,126,FALSE,0.314499227973151,0.439519403634098
"anchor",1,127,FALSE,0.753330221324521,0.552295314769775
"anchor",1,128,FALSE,0.338456493604605,0.513976227455484
"anchor",1,129,TRUE,0.0253058652647703,0.300126284043178
"anchor",1,130,FALSE,0.21045229296202,0.356187981538531
"anchor",1,131,FALSE,0.440121603187804,0.506460974234058
"anchor",1,132,TRUE,0.181872159010334,0.44182985522449
"anchor",1,133,FALSE,0.761326322421457,0.6206260451601
"anchor",1,134,FALSE,0.188084373714938,0.425549652454631
"anchor",1,135,FALSE,0.662757831681574,0.405118027710625
"anchor",1,136,FALSE,0.409425868671443,0.482161154687494
"anchor",1,137,FALSE,0.387389826338729,0.314123355026583
"anchor",1,138,FALSE,0.256236533205923,0.422368072504066
"anchor",1,139,FALSE,0.381656482585787,0.407407879767038
"anchor",1,140,FALSE,0.43568513794163,0.47965247366019
"anchor",1,141,FALSE,0.190331698170291,0.40277985718374
"anchor",1,142,TRUE,0.123851640967086,0.402349950063954
"anchor",1,143,FALSE,0.208978517276253,0.447012179918863
"anchor",1,144,TRUE,0.506505032404872,0.489772717095114
"anchor",1,145,FALSE,0.390935107103379,0.43234935854812
"anchor",1,146,FALSE,0.442479769064449,0.492639159065011
"anchor",1,147,FALSE,0.417139409727326,0.453321207449481
"anchor",1,148,FALSE,0.260071387985075,0.326963517057736
"anchor",1,149,TRUE,0.308777773664721,0.446234095250118
"anchor",1,150,FALSE,0.583198773968623,0.47158573510532
"anchor",1,151,TRUE,0.456062224454951,0.411668766312169
"anchor",1,152,FALSE,0.370698092575577,0.304860881201704
"anchor",1,153,FALSE,0.639486489268586,0.623783452568566
"anchor",1,154,FALSE,0.777412321496744,0.481105693663862
"anchor",1,155,TRUE,0.590284403718162,0.519660283584115
"anchor",1,156,FALSE,0.618215503279417,0.511887555845287
"anchor",1,157,FALSE,0.224533062606086,0.441174076052944
"anchor",1,158,FALSE,0.234010817587179,0.315635665096105
"anchor",1,159,FALSE,0.595826777073223,0.435067300099624
"anchor",1,160,TRUE,0.612783856719735,0.524444245835986
"anchor",1,161,FALSE,0.581266805273671,0.578123184911418
"anchor",1,162,FALSE,0.588383768378728,0.583550134062515
"anchor",1,163,FALSE,0.108226656374928,0.378428149998138
"anchor",1,164,TRUE,0.381115080709851,0.394432811354639
"anchor",1,165,FALSE,0.255272505103306,0.565813347013766
"anchor",1,166,FALSE,0.680879174426811,0.531646575573718
"anchor",1,167,FALSE,0.564784384503987,0.521503450713035
"anchor",1,168,TRUE,0.526339277389844,0.375961503468171
"anchor",1,169,FALSE,0.294466226161593,0.449099425379967
"anchor",1,170,FALSE,0.612783856719735,0.48867543320481
"anchor",1,171,FALSE,0.5182506513085,0.569654241901844
"anchor",1,172,FALSE,0.442949869577862,0.374814985721197
"anchor",1,173,FALSE,0.505149978319906,0.475619778138236
"anchor",1,174,FALSE,0.305995882770805,0.415608277693616
"anchor",1,175,TRUE,0.612783856719735,0.473794299371868
"anchor",1,176,TRUE,0.204119982655925,0.397930868515825
"anchor",1,177,FALSE,0.677333151419902,0.359804870985193
"anchor",1,178,FALSE,0.345961541813141,0.552238032861403
"anchor",1,179,FALSE,0.361160995195026,0.449301021641596
"anchor",1,180,TRUE,0.127104798364808,0.223779604650559
"anchor",1,181,FALSE,0.514547752660286,0.278785993986946
"anchor",1,182,FALSE,0.362350507594848,0.480322908383584
"anchor",1,183,FALSE,0.662757831681574,0.47085713546373
"anchor",1,184,FALSE,0.313867220369153,0.425156712113808
"anchor",1,185,FALSE,0.839666556882433,0.509706587376438
"anchor",1,186,FALSE,0.16999753706657,0.365150435633241
"anchor",1,187,FALSE,0.129367595722986,0.22255465238815
"anchor",1,188,FALSE,0.36078268987328,0.322969305407365
"anchor",1,189,FALSE,0.429106008332697,0.46209117874497
"anchor",1,190,FALSE,0.702602841340427,0.563523252506382
"anchor",1,191,FALSE,0.571708831808688,0.46701223102994
"anchor",1,192,FALSE,0.343920385393226,0.31912066524359
"anchor",1,193,FALSE,0.695131297704026,0.517923414935504
"anchor",1,194,FALSE,0.629409599102719,0.556508153748352
"anchor",1,195,FALSE,0.414973347970818,0.40630266842741
"anchor",1,196,FALSE,0.276231957921834,0.383072528240145
"anchor",1,197,FALSE,0.531478917042255,0.538798506720547
"anchor",1,198,FALSE,0.236789099409293,0.389749955422447
"anchor",1,199,FALSE,0.756407872548958,0.75710324988416
"anchor",1,200,FALSE,0.718750734739665,0.596090037836917
"anchor",1,201,FALSE,0.515211304327802,0.451063761982038
"anchor",1,202,TRUE,0.3654879848909,0.285773353243808
"anchor",1,203,TRUE,0.344392273685111,0.432566896324441
"anchor",1,204,FALSE,0.196728722623287,0.496652453529917
"anchor",1,205,FALSE,0.392696953259666,0.413333216402833
"anchor",1,206,FALSE,0.365394376854778,0.403607546642841
"anchor",1,207,TRUE,0.389166084364532,0.447308860014216
"anchor",1,208,FALSE,0.653212513775344,0.47293385485148
"anchor",1,209,FALSE,0.440594261839831,0.37010944390479
"anchor",1,210,TRUE,0.202215775801131,0.4925991955465
"anchor",1,211,FALSE,0.48572142648158,0.389770864620484
"anchor",1,212,FALSE,0.244277120801843,0.466262539366698
"anchor",1,213,FALSE,0.372727940885595,0.45535766272608
"anchor",1,214,FALSE,0.52244423350632,0.481232438179789
"anchor",1,215,FALSE,0.257678574869184,0.413088919518838
"anchor",1,216,FALSE,0.384353414137506,0.57639493050097
"anchor",1,217,FALSE,0.335858911319818,0.503144208053798
"anchor",1,218,FALSE,0.555094448578319,0.506044047370953
"anchor",1,219,FALSE,0.271841606536499,0.480275940295244
"anchor",1,220,FALSE,0.471291711058939,0.464773612280257
"anchor",1,221,TRUE,0.294906910605192,0.440075377810931
"anchor",1,222,FALSE,0.655138434811382,0.609453403433389
"anchor",1,223,FALSE,0.528916700277655,0.474863667322436
"anchor",1,224,FALSE,0.777426822389311,0.52485751974073
"anchor",1,225,TRUE,0.191730393362856,0.519716763021839
"anchor",1,226,FALSE,0.239549720840473,0.430151637909957
"anchor",1,227,TRUE,0.582404298019028,0.560858934085382
"anchor",1,228,TRUE,0.569373909615046,0.312359051383797
"anchor",1,229,FALSE,0.334252642334231,0.387232796442683
"anchor",1,230,FALSE,0.406369835469268,0.497289389594625
"anchor",1,231,FALSE,0.0597526942092988,0.303869706846039
"anchor",1,232,TRUE,0.472463896606989,0.497000484201111
"anchor",1,233,FALSE,0.666985718329661,0.454150718856097
"anchor",1,234,FALSE,0.65417654187796,0.522820277999506
"anchor",1,235,FALSE,0.259593878885949,0.485593315365295
"anchor",1,236,FALSE,0.527114111639805,0.597727171719397
"anchor",1,237,TRUE,0.367169488534681,0.399859634431817
"anchor",1,238,TRUE,0.19228861256812,0.333042055900054
"anchor",1,239,FALSE,0.478566495593843,0.317988980875131
"anchor",1,240,FALSE,0.253580289562183,0.391183844503698
"anchor",1,241,FALSE,0.27554168840131,0.364792129668592
"anchor",1,242,FALSE,0.532627001228891,0.312600681539168
"anchor",1,243,TRUE,0.542451947375977,0.410402761030028
"anchor",1,244,FALSE,0.381836799998343,0.402178921820422
"anchor",1,245,TRUE,0.511616020569138,0.612751902899573
"anchor",1,246,FALSE,0.476831628512261,0.565504784704073
"anchor",1,247,FALSE,0.301029995663981,0.473912166512728
"anchor",1,248,FALSE,0.325823419002744,0.342428836316865
"anchor",1,249,FALSE,0.586024382386976,0.484897692179741
"anchor",1,250,FALSE,0.218535505216528,0.324042261514447
"anchor",1,251,FALSE,0.0480531731156091,0.177148062183218
"anchor",1,252,FALSE,0.378397900948138,0.543043772687974
"anchor",1,253,FALSE,0.595275711802099,0.457514529680742
"anchor",1,254,FALSE,0.398807730203264,0.452690210633869
"anchor",1,255,TRUE,0.161368002234975,0.252547355533903
"anchor",1,256,FALSE,0.456214155357989,0.457817767457063
"anchor",1,257,FALSE,0.641126932803509,0.446230771913087
"anchor",1,258,FALSE,0.54020429984206,0.336667650385979
"anchor",1,259,FALSE,0.0328201494385639,0.166139491109059
"anchor",1,260,FALSE,0.434888120867316,0.534101137078469
"anchor",1,261,FALSE,0.332034277027518,0.494514279098603
"anchor",1,262,FALSE,0.391816923613249,0.583897111806338
"anchor",1,263,TRUE,0.347427598618541,0.319475466418302
"anchor",1,264,FALSE,0.352182518111362,0.261192818655139
"anchor",1,265,TRUE,0.154119525515847,0.209289121095051
"anchor",1,266,FALSE,0.591398551281249,0.43554216577412
"anchor",1,267,TRUE,0.315970345456918,0.413690709133386
"anchor",1,268,FALSE,0.470410490975931,0.45387396620259
"anchor",1,269,FALSE,0.826074802700826,0.754593399915611
"anchor",1,270,FALSE,0.234264124378789,0.395560564700533
"anchor",1,271,FALSE,0.504878459410216,0.431789679585398
"anchor",1,272,FALSE,0.582744965691277,0.381249705304491
"anchor",1,273,FALSE,0.542327382773974,0.513588795731742
"anchor",1,274,FALSE,0.657055852857104,0.455616323380958
"anchor",1,275,FALSE,0.328379603438738,0.374697631393022
"anchor",1,276,FALSE,0.4679039465228,0.244138287096825
"anchor",1,277,FALSE,0.331427296520743,0.48926144585556
"anchor",1,278,FALSE,0.352664799651101,0.446610243902149
"anchor",1,279,FALSE,0.437116093048079,0.347586887166399
"anchor",1,280,FALSE,0.325043347403704,0.372004937867075
"anchor",1,281,FALSE,0.749581734865559,0.45279450926667
"anchor",1,282,FALSE,0.775319121829478,0.494268908592678
"anchor",1,283,FALSE,0.817565369559781,0.4968675994646
"anchor",1,284,FALSE,0.526442668529935,0.35101114360404
"anchor",1,285,FALSE,0.682145076373832,0.562800253887466
"anchor",1,286,FALSE,0.425534220498263,0.516253570188346
"anchor",1,287,FALSE,0.659726095237792,0.543408210136325
"anchor",1,288,FALSE,0.672097857935718,0.397839817824018
"anchor",1,289,FALSE,0.534026106056135,0.413095681121308
"anchor",1,290,FALSE,0.615950051656401,0.568519706142988
"anchor",1,291,TRUE,0.262451089730429,0.42263370745859
"anchor",2,1,TRUE,0.482873583608754,0.569176080658826
"anchor",2,2,TRUE,0.496929648073215,0.463863431237202
"anchor",2,3,TRUE,0.623042434246382,0.537777473674608
"anchor",2,4,TRUE,0.523746466811564,0.3721961271831
"anchor",2,5,TRUE,0.47567118832443,0.457480443873745
"anchor",2,6,FALSE,0.469674772551798,0.330355179896044
"anchor",2,7,FALSE,0.387389826338729,0.487367871564487
"anchor",2,8,FALSE,0.627365856592733,0.40177543176509
"anchor",2,9,FALSE,0.591064607026499,0.401722607405288
"anchor",2,10,FALSE,0.218220304175545,0.400450979734415
"anchor",2,11,TRUE,0.680335513414563,0.411404155316454
"anchor",2,12,TRUE,0.680607428991788,0.411639670041535
"anchor",2,13,FALSE,0.721810615212547,0.577709037051505
"anchor",2,14,TRUE,0.20682587603185,0.323788740304845
"anchor",2,15,TRUE,0.582063362911709,0.371962408098419
"anchor",2,16,FALSE,0.696094159995223,0.550356127424731
"anchor",2,17,TRUE,0.40823996531185,0.38368022456172
"anchor",2,18,FALSE,0.433001340945038,0.45570115643753
"anchor",2,19,FALSE,0.653212513775344,0.440255324709978
"anchor",2,20,FALSE,0.558072259099146,0.446223971762094
"anchor",2,21,FALSE,0.261928672990642,0.213740411941273
"anchor",2,22,TRUE,0.637489729512511,0.494964897512451
"anchor",2,23,FALSE,0.504878459410216,0.397005999295514
"anchor",2,24,FALSE,0.286995073968852,0.423830734698959
"anchor",2,25,TRUE,0.662757831681574,0.443814421625227
"anchor",2,26,FALSE,0.524525936626376,0.488201796971245
"anchor",2,27,TRUE,0.406540180433955,0.491618094288052
"anchor",2,28,FALSE,0.656098202012832,0.510923664033363
"anchor",2,29,FALSE,0.517987203025078,0.392590884662624
"anchor",2,30,FALSE,0.703119346236078,0.545668188428602
"anchor",2,31,FALSE,0.691081492122968,0.555006824710587
"anchor",2,32,FALSE,0.0141423615450058,0.373191349918527
"anchor",2,33,FALSE,0.733197265106569,0.689320065220183
"anchor",2,34,FALSE,0.408070285887185,0.457091016072594
"anchor",2,35,FALSE,0.396024896608593,0.423289815508021
"anchor",2,36,FALSE,0.398391440229475,0.472658806212187
"anchor",2,37,FALSE,0.770852011642144,0.574995973812581
"anchor",2,38,TRUE,0.15836249209525,0.310730009555243
"anchor",2,39,FALSE,0.625415352154408,0.567735872648207
"anchor",2,40,FALSE,0.496334505996816,0.521384133416082
"anchor",2,41,FALSE,0.679427896612119,0.587022784321563
"anchor",2,42,FALSE,0.610116955411928,0.530678480649131
"anchor",2,43,FALSE,0.645913275033844,0.441697458522737
"anchor",2,44,FALSE,0.465382851448418,0.448343140290213
"anchor",2,45,FALSE,0.569490954348783,0.549042881502302
"anchor",2,46,FALSE,0.187520720836463,0.280753820635219
"anchor",2,47,FALSE,0.465813957269479,0.503869942776451
"anchor",2,48,FALSE,0.231214647962601,0.515389547672189
"anchor",2,49,FALSE,0.670802284260944,0.636323964052715
"anchor",2,50,FALSE,0.459935016851525,0.526171695787196
"anchor",2,51,FALSE,0.287129620719111,0.446352722625221
"anchor",2,52,FALSE,0.6232492903979,0.49401859953822
"anchor",2,53,FALSE,0.8109042806687,0.660186844484812
"anchor",2,54,TRUE,0.354108439147401,0.45692584318132
"anchor",2,55,FALSE,0.129141845792285,0.407289193175488
"anchor",2,56,FALSE,0.244969460136198,0.398971214827774
"anchor",2,57,FALSE,0.364363354615731,0.398287898851262
"anchor",2,58,TRUE,0.334212409393176,0.42813860331197
"anchor",2,59,FALSE,0.489677291663699,0.538579299018267
"anchor",2,60,FALSE,0.525304009958239,0.44060047526087
"anchor",2,61,TRUE,0.406540180433955,0.391853749946634
"anchor",2,62,FALSE,0.335457900689384,0.560747348302017
"anchor",2,63,FALSE,0.419873175149476,0.507755773861251
"anchor",2,64,FALSE,0.397227181043161,0.531004241599818
"anchor",2,65,TRUE,0.59659709562646,0.633364926731525
"anchor",2,66,FALSE,0.260071387985075,0.438340041832039
"anchor",2,67,FALSE,0.489466281303128,0.57282401597481
"anchor",2,68,FALSE,0.544018407858776,0.704489482460107
"anchor",2,69,FALSE,0.665205628434601,0.647152154671361
"anchor",2,70,FALSE,0.537819095073274,0.563963225970645
"anchor",2,71,FALSE,0.501059262217751,0.555933105668907
"anchor",2,72,FALSE,0.415699348887829,0.419748370974799
"anchor",2,73,TRUE,0.298853076409707,0.442031377021273
"anchor",2,74,TRUE,0.289365951520032,0.35822910218177
"anchor",2,75,FALSE,0.497620649781288,0.340910733513906
"anchor",2,76,TRUE,0.778151250383644,0.527683712380328
"anchor",2,77,TRUE,0.260071387985075,0.396295795469495
"anchor",2,78,FALSE,0.367542273520577,0.478916817025515
"anchor",2,79,FALSE,0.534026106056135,0.480987948874014
"anchor",2,80,FALSE,0.287129620719111,0.330512033485916
"anchor",2,81,FALSE,0.469822015978163,0.372004660362443
"anchor",2,82,TRUE,0.399673721481038,0.309577550505043
"anchor",2,83,FALSE,0.307496037913213,0.247700994591682
"anchor",2,84,TRUE,0.322219294733919,0.341488977284186
"anchor",2,85,FALSE,0.247236549506764,0.390276091435784
"anchor",2,86,FALSE,0.6232492903979,0.494401011456645
"anchor",2,87,TRUE,0.429752280002408,0.414300488817931
"anchor",2,88,TRUE,0.566943971856554,0.413748380386434
"anchor",2,89,FALSE,0.605951157564873,0.538528939553526
"anchor",2,90,FALSE,0.265996370495079,0.507176328210566
"anchor",2,91,FALSE,0.555215405126073,0.406329456120893
"anchor",2,92,FALSE,0.638489256954637,0.479014296652778
"anchor",2,93,FALSE,0.528145078253106,0.557671471230817
"anchor",2,94,FALSE,0.227552503379865,0.535383906470685
"anchor",2,95,FALSE,0.430075055551939,0.529851940469198
"anchor",2,96,FALSE,0.184549481320698,0.363281783911414
"anchor",2,97,FALSE,0.472537053262077,0.51203252216348
"anchor",2,98,FALSE,0.60616631460762,0.416118967694877
"anchor",2,99,FALSE,0.685553652846326,0.603190406476504
"anchor",2,100,TRUE,0.296665190261531,0.514282382751802
"anchor",2,101,FALSE,0.491361693834273,0.548329323975304
"anchor",2,102,FALSE,0.513217600067939,0.340583092630682
"anchor",2,103,TRUE,0.64738297011462,0.450240937697592
"anchor",2,104,FALSE,0.491361693834273,0.504421123435342
"anchor",2,105,FALSE,0.406028944963615,0.432878134210323
"anchor",2,106,FALSE,0.752025387323213,0.500730081295206
"anchor",2,107,TRUE,0.6414741105041,0.466595570648577
"anchor",2,108,FALSE,0.416307587059883,0.569145538210183
"anchor",2,109,FALSE,0.966610986681934,0.756729990748449
"anchor",2,110,FALSE,0.188647295999717,0.328479519477944
"anchor",2,111,FALSE,0.708335902682263,0.500732350659924
"anchor",2,112,FALSE,0.685741738602264,0.797797936179236
"anchor",2,113,FALSE,0.559308010907013,0.509514603169321
"anchor",2,114,FALSE,0.355259905527378,0.438220368089096
"anchor",2,115,FALSE,0.187520720836463,0.342361370950556
"anchor",2,116,TRUE,0.569373909615046,0.419966556709695
"anchor",2,117,FALSE,0.572523097849638,0.568886161404546
"anchor",2,118,FALSE,0.538070787043172,0.535171544270245
"anchor",2,119,FALSE,0.374748346010104,0.393734774980781
"anchor",2,120,FALSE,0.294686624279443,0.377405026076745
"anchor",2,121,FALSE,0.432969290874406,0.47621456280459
"anchor",2,122,TRUE,0.320146286111054,0.562038698076413
"anchor",2,123,FALSE,0.574262829707027,0.45133668097111
"anchor",2,124,FALSE,0.610234175334389,0.626028055942192
"anchor",2,125,FALSE,0.173186268412274,0.269130273927855
"anchor",2,126,FALSE,0.314499227973151,0.427088339417601
"anchor",2,127,FALSE,0.753330221324521,0.555563967628126
"anchor",2,128,FALSE,0.338456493604605,0.475317605500971
"anchor",2,129,TRUE,0.0253058652647703,0.251700850757315
"anchor",2,130,FALSE,0.21045229296202,0.425601362276877
"anchor",2,131,FALSE,0.440121603187804,0.513188789152017
"anchor",2,132,TRUE,0.181872159010334,0.396526937727916
"anchor",2,133,FALSE,0.761326322421457,0.616079523228605
"anchor",2,134,FALSE,0.188084373714938,0.429281400316622
"anchor",2,135,FALSE,0.662757831681574,0.40954079834461
"anchor",2,136,FALSE,0.409425868671443,0.486028532509876
"anchor",2,137,FALSE,0.387389826338729,0.331248115189335
"anchor",2,138,FALSE,0.256236533205923,0.379177119025473
"anchor",2,139,FALSE,0.381656482585787,0.418456842396094
"anchor",2,140,FALSE,0.43568513794163,0.48784820643853
"anchor",2,141,FALSE,0.190331698170291,0.420599783484462
"anchor",2,142,TRUE,0.123851640967086,0.41413934390673
"anchor",2,143,FALSE,0.208978517276253,0.434884218353836
"anchor",2,144,TRUE,0.506505032404872,0.468719718104661
"anchor",2,145,FALSE,0.390935107103379,0.391752350870222
"anchor",2,146,FALSE,0.442479769064449,0.497835237964558
"anchor",2,147,FALSE,0.417139409727326,0.477731377495669
"anchor",2,148,FALSE,0.260071387985075,0.389297339103813
"anchor",2,149,TRUE,0.308777773664721,0.428663643424511
"anchor",2,150,FALSE,0.583198773968623,0.452166980731976
"anchor",2,151,TRUE,0.456062224454951,0.430103423909837
"anchor",2,152,FALSE,0.370698092575577,0.349554183920115
"anchor",2,153,FALSE,0.639486489268586,0.651066229094583
"anchor",2,154,FALSE,0.777412321496744,0.449922484065478
"anchor",2,155,TRUE,0.590284403718162,0.520664507659036
"anchor",2,156,FALSE,0.618215503279417,0.522516852410832
"anchor",2,157,FALSE,0.224533062606086,0.480858845741836
"anchor",2,158,FALSE,0.234010817587179,0.301595842471683
"anchor",2,159,FALSE,0.595826777073223,0.438063448244323
"anchor",2,160,TRUE,0.612783856719735,0.5177204299386
"anchor",2,161,FALSE,0.581266805273671,0.572499156695265
"anchor",2,162,FALSE,0.588383768378728,0.600676825066726
"anchor",2,163,FALSE,0.108226656374928,0.392113050161656
"anchor",2,164,TRUE,0.381115080709851,0.384343844395411
"anchor",2,165,FALSE,0.255272505103306,0.5520073525419
"anchor",2,166,FALSE,0.680879174426811,0.541113111399628
"anchor",2,167,FALSE,0.564784384503987,0.496270897608579
"anchor",2,168,TRUE,0.526339277389844,0.367184417288017
"anchor",2,169,FALSE,0.294466226161593,0.435329418515497
"anchor",2,170,FALSE,0.612783856719735,0.470079169597235
"anchor",2,171,FALSE,0.5182506513085,0.575103774615868
"anchor",2,172,FALSE,0.442949869577862,0.372236965441699
"anchor",2,173,FALSE,0.505149978319906,0.487487132776009
"anchor",2,174,FALSE,0.305995882770805,0.393736448290763
"anchor",2,175,TRUE,0.612783856719735,0.477676956609288
"anchor",2,176,TRUE,0.204119982655925,0.41395426866912
"anchor",2,177,FALSE,0.677333151419902,0.442875632063762
"anchor",2,178,FALSE,0.345961541813141,0.491511950712885
"anchor",2,179,FALSE,0.361160995195026,0.457441652705858
"anchor",2,180,TRUE,0.127104798364808,0.249257856685227
"anchor",2,181,FALSE,0.514547752660286,0.376308426635218
"anchor",2,182,FALSE,0.362350507594848,0.485662040847689
"anchor",2,183,FALSE,0.662757831681574,0.472463170817618
"anchor",2,184,FALSE,0.313867220369153,0.406073015439518
"anchor",2,185,FALSE,0.839666556882433,0.501944120781623
"anchor",2,186,FALSE,0.16999753706657,0.370285917499366
"anchor",2,187,FALSE,0.129367595722986,0.0681938588321991
"anchor",2,188,FALSE,0.36078268987328,0.311426240871822
"anchor",2,189,FALSE,0.429106008332697,0.467440025294727
"anchor",2,190,FALSE,0.702602841340427,0.557384686572646
"anchor",2,191,FALSE,0.571708831808688,0.464083539438394
"anchor",2,192,FALSE,0.343920385393226,0.288674227763743
"anchor",2,193,FALSE,0.695131297704026,0.534180340795296
"anchor",2,194,FALSE,0.629409599102719,0.559219274562519
"anchor",2,195,FALSE,0.414973347970818,0.399012380059053
"anchor",2,196,FALSE,0.276231957921834,0.377338412324813
"anchor",2,197,FALSE,0.531478917042255,0.520384333611932
"anchor",2,198,FALSE,0.236789099409293,0.376373355986544
"anchor",2,199,FALSE,0.756407872548958,0.76566378764406
"anchor",2,200,FALSE,0.718750734739665,0.583813828122184
"anchor",2,201,FALSE,0.515211304327802,0.446362062532307
"anchor",2,202,TRUE,0.3654879848909,0.301536575988183
"anchor",2,203,TRUE,0.344392273685111,0.422746552668685
"anchor",2,204,FALSE,0.196728722623287,0.484007442173091
"anchor",2,205,FALSE,0.392696953259666,0.407594151297809
"anchor",2,206,FALSE,0.365394376854778,0.429522272472669
"anchor",2,207,TRUE,0.389166084364532,0.427282117192898
"anchor",2,208,FALSE,0.653212513775344,0.462058693556144
"anchor",2,209,FALSE,0.440594261839831,0.420061805852498
"anchor",2,210,TRUE,0.202215775801131,0.431033253850932
"anchor",2,211,FALSE,0.48572142648158,0.414680744364238
"anchor",2,212,FALSE,0.244277120801843,0.475284343190791
"anchor",2,213,FALSE,0.372727940885595,0.462780746647137
"anchor",2,214,FALSE,0.52244423350632,0.456646145580439
"anchor",2,215,FALSE,0.257678574869184,0.401162808640702
"anchor",2,216,FALSE,0.384353414137506,0.505376153298172
"anchor",2,217,FALSE,0.335858911319818,0.527405529086699
"anchor",2,218,FALSE,0.555094448578319,0.515093746461764
"anchor",2,219,FALSE,0.271841606536499,0.432441631572142
"anchor",2,220,FALSE,0.471291711058939,0.424069709774272
"anchor",2,221,TRUE,0.294906910605192,0.446074560487861
"anchor",2,222,FALSE,0.655138434811382,0.597647206725343
"anchor",2,223,FALSE,0.528916700277655,0.506650338903837
"anchor",2,224,FALSE,0.777426822389311,0.512828661205211
"anchor",2,225,TRUE,0.191730393362856,0.510980973116396
"anchor",2,226,FALSE,0.239549720840473,0.418023775732578
"anchor",2,227,TRUE,0.582404298019028,0.547880345939222
"anchor",2,228,TRUE,0.569373909615046,0.321454454432598
"anchor",2,229,FALSE,0.334252642334231,0.39753727977266
"anchor",2,230,FALSE,0.406369835469268,0.492287568595401
"anchor",2,231,FALSE,0.0597526942092988,0.314028409149781
"anchor",2,232,TRUE,0.472463896606989,0.48766793746313
"anchor",2,233,FALSE,0.666985718329661,0.450175926647806
"anchor",2,234,FALSE,0.65417654187796,0.521726091969981
"anchor",2,235,FALSE,0.259593878885949,0.456835508068253
"anchor",2,236,FALSE,0.527114111639805,0.611016241876808
"anchor",2,237,TRUE,0.367169488534681,0.365302636593728
"anchor",2,238,TRUE,0.19228861256812,0.330234694558105
"anchor",2,239,FALSE,0.478566495593843,0.310314709396728
"anchor",2,240,FALSE,0.253580289562183,0.385979411752678
"anchor",2,241,FALSE,0.27554168840131,0.362645624159675
"anchor",2,242,FALSE,0.532627001228891,0.283517295462499
"anchor",2,243,TRUE,0.542451947375977,0.41492952069392
"anchor",2,244,FALSE,0.381836799998343,0.43699322428654
"anchor",2,245,TRUE,0.511616020569138,0.541130643229866
"anchor",2,246,FALSE,0.476831628512261,0.569019620379613
"anchor",2,247,FALSE,0.301029995663981,0.51700111241747
"anchor",2,248,FALSE,0.325823419002744,0.342950983134515
"anchor",2,249,FALSE,0.586024382386976,0.482978626469929
"anchor",2,250,FALSE,0.218535505216528,0.240792057269645
"anchor",2,251,FALSE,0.0480531731156091,0.206197333467296
"anchor",2,252,FALSE,0.378397900948138,0.54618658547751
"anchor",2,253,FALSE,0.595275711802099,0.383155751087391
"anchor",2,254,FALSE,0.398807730203264,0.478905597523755
"anchor",2,255,TRUE,0.161368002234975,0.266002513849768
"anchor",2,256,FALSE,0.456214155357989,0.4383731513181
"anchor",2,257,FALSE,0.641126932803509,0.466787424785255
"anchor",2,258,FALSE,0.54020429984206,0.341243608505863
"anchor",2,259,FALSE,0.0328201494385639,0.155283375283895
"anchor",2,260,FALSE,0.434888120867316,0.544986380301102
"anchor",2,261,FALSE,0.332034277027518,0.489004696306784
"anchor",2,262,FALSE,0.391816923613249,0.602764938557931
"anchor",2,263,TRUE,0.347427598618541,0.295831460708487
"anchor",2,264,FALSE,0.352182518111362,0.311064044791663
"anchor",2,265,TRUE,0.154119525515847,0.25480688547691
"anchor",2,266,FALSE,0.591398551281249,0.440416353224169
"anchor",2,267,TRUE,0.315970345456918,0.401697240855587
"anchor",2,268,FALSE,0.470410490975931,0.474514235272727
"anchor",2,269,FALSE,0.826074802700826,0.769029519845834
"anchor",2,270,FALSE,0.234264124378789,0.385460488642635
"anchor",2,271,FALSE,0.504878459410216,0.439366651745783
"anchor",2,272,FALSE,0.582744965691277,0.373282781939161
"anchor",2,273,FALSE,0.542327382773974,0.519635863541644
"anchor",2,274,FALSE,0.657055852857104,0.442260866163961
"anchor",2,275,FALSE,0.328379603438738,0.36658535606424
"anchor",2,276,FALSE,0.4679039465228,0.234379147424735
"anchor",2,277,FALSE,0.331427296520743,0.4671655852472
"anchor",2,278,FALSE,0.352664799651101,0.389877420663185
"anchor",2,279,FALSE,0.437116093048079,0.318442111055785
"anchor",2,280,FALSE,0.325043347403704,0.372808226214464
"anchor",2,281,FALSE,0.749581734865559,0.454301741100704
"anchor",2,282,FALSE,0.775319121829478,0.504200286694117
"anchor",2,283,FALSE,0.817565369559781,0.510398203765316
"anchor",2,284,FALSE,0.526442668529935,0.320565719470401
"anchor",2,285,FALSE,0.682145076373832,0.527250001183407
"anchor",2,286,FALSE,0.425534220498263,0.513107945439786
"anchor",2,287,FALSE,0.659726095237792,0.479742559317775
"anchor",2,288,FALSE,0.672097857935718,0.404111910413306
"anchor",2,289,FALSE,0.534026106056135,0.449867684800699
"anchor",2,290,FALSE,0.615950051656401,0.526097825590432
"anchor",2,291,TRUE,0.262451089730429,0.366380727931891
"anchor",3,1,TRUE,0.482873583608754,0.544807552049166
"anchor",3,2,TRUE,0.496929648073215,0.515856634991955
"anchor",3,3,TRUE,0.623042434246382,0.530546298408672
"anchor",3,4,TRUE,0.523746466811564,0.42805729584541
"anchor",3,5,TRUE,0.47567118832443,0.47596189105826
"anchor",3,6,FALSE,0.469674772551798,0.316651307761756
"anchor",3,7,FALSE,0.387389826338729,0.458548666431484
"anchor",3,8,FALSE,0.627365856592733,0.406796918014784
"anchor",3,9,FALSE,0.591064607026499,0.438257866668729
"anchor",3,10,FALSE,0.218220304175545,0.314071676792035
"anchor",3,11,TRUE,0.680335513414563,0.419261098958969
"anchor",3,12,TRUE,0.680607428991788,0.430721098231753
"anchor",3,13,FALSE,0.721810615212547,0.581621428391452
"anchor",3,14,TRUE,0.20682587603185,0.342385252501623
"anchor",3,15,TRUE,0.582063362911709,0.397073014700854
"anchor",3,16,FALSE,0.696094159995223,0.536606916224524
"anchor",3,17,TRUE,0.40823996531185,0.386074887889137
"anchor",3,18,FALSE,0.433001340945038,0.439379096499325
"anchor",3,19,FALSE,0.653212513775344,0.472661810991245
"anchor",3,20,FALSE,0.558072259099146,0.426658973977778
"anchor",3,21,FALSE,0.261928672990642,0.20812118250491
"anchor",3,22,TRUE,0.637489729512511,0.535406604066435
"anchor",3,23,FALSE,0.504878459410216,0.381243274190106
"anchor",3,24,FALSE,0.286995073968852,0.383843275985066
"anchor",3,25,TRUE,0.662757831681574,0.450495096945496
"anchor",3,26,FALSE,0.524525936626376,0.485490110228646
"anchor",3,27,TRUE,0.406540180433955,0.478800683078635
"anchor",3,28,FALSE,0.656098202012832,0.52134588239584
"anchor",3,29,FALSE,0.517987203025078,0.425773274282002
"anchor",3,30,FALSE,0.703119346236078,0.510834790394222
"anchor",3,31,FALSE,0.691081492122968,0.54992310205887
"anchor",3,32,FALSE,0.0141423615450058,0.38594948162938
"anchor",3,33,FALSE,0.733197265106569,0.669210986315258
"anchor",3,34,FALSE,0.408070285887185,0.429223547505072
"anchor",3,35,FALSE,0.396024896608593,0.450397141163293
"anchor",3,36,FALSE,0.398391440229475,0.474056932065429
"anchor",3,37,FALSE,0.770852011642144,0.550393323462911
"anchor",3,38,TRUE,0.15836249209525,0.331524876677802
"anchor",3,39,FALSE,0.625415352154408,0.53838306043699
"anchor",3,40,FALSE,0.496334505996816,0.496319492182711
"anchor",3,41,FALSE,0.679427896612119,0.615211685980469
"anchor",3,42,FALSE,0.610116955411928,0.544926355018809
"anchor",3,43,FALSE,0.645913275033844,0.453637721455523
"anchor",3,44,FALSE,0.465382851448418,0.450721888244328
"anchor",3,45,FALSE,0.569490954348783,0.55087556705574
"anchor",3,46,FALSE,0.187520720836463,0.267521145616707
"anchor",3,47,FALSE,0.465813957269479,0.491124850160935
"anchor",3,48,FALSE,0.231214647962601,0.518517032214754
"anchor",3,49,FALSE,0.670802284260944,0.588231247733368
"anchor",3,50,FALSE,0.459935016851525,0.524262211592733
"anchor",3,51,FALSE,0.287129620719111,0.411405066463108
"anchor",3,52,FALSE,0.6232492903979,0.486232869791895
"anchor",3,53,FALSE,0.8109042806687,0.663885634068306
"anchor",3,54,TRUE,0.354108439147401,0.424693899237615
"anchor",3,55,FALSE,0.129141845792285,0.408162809404716
"anchor",3,56,FALSE,0.244969460136198,0.397484101978792
"anchor",3,57,FALSE,0.364363354615731,0.413815909601311
"anchor",3,58,TRUE,0.334212409393176,0.404900535573333
"anchor",3,59,FALSE,0.489677291663699,0.521177271641823
"anchor",3,60,FALSE,0.525304009958239,0.462475446512106
"anchor",3,61,TRUE,0.406540180433955,0.377765098205891
"anchor",3,62,FALSE,0.335457900689384,0.540137252208231
"anchor",3,63,FALSE,0.419873175149476,0.51380358669078
"anchor",3,64,FALSE,0.397227181043161,0.564703179681494
"anchor",3,65,TRUE,0.59659709562646,0.608146463316254
"anchor",3,66,FALSE,0.260071387985075,0.433181598065442
"anchor",3,67,FALSE,0.489466281303128,0.591039807731156
"anchor",3,68,FALSE,0.544018407858776,0.687974837580721
"anchor",3,69,FALSE,0.665205628434601,0.670361739453736
"anchor",3,70,FALSE,0.537819095073274,0.605428076273306
"anchor",3,71,FALSE,0.501059262217751,0.523187350173671
"anchor",3,72,FALSE,0.415699348887829,0.416256011515719
"anchor",3,73,TRUE,0.298853076409707,0.395778528964734
"anchor",3,74,TRUE,0.289365951520032,0.349704364750888
"anchor",3,75,FALSE,0.497620649781288,0.324648890455158
"anchor",3,76,TRUE,0.778151250383644,0.504612386300264
"anchor",3,77,TRUE,0.260071387985075,0.361490472295976
"anchor",3,78,FALSE,0.367542273520577,0.481356071488289
"anchor",3,79,FALSE,0.534026106056135,0.469959362807573
"anchor",3,80,FALSE,0.287129620719111,0.304055177825356
"anchor",3,81,FALSE,0.469822015978163,0.388485890067865
"anchor",3,82,TRUE,0.399673721481038,0.317137529053769
"anchor",3,83,FALSE,0.307496037913213,0.285436030831765
"anchor",3,84,TRUE,0.322219294733919,0.351973637352447
"anchor",3,85,FALSE,0.247236549506764,0.409859030223831
"anchor",3,86,FALSE,0.6232492903979,0.488648860722023
"anchor",3,87,TRUE,0.429752280002408,0.381516509228891
"anchor",3,88,TRUE,0.566943971856554,0.415826359726758
"anchor",3,89,FALSE,0.605951157564873,0.542573457591695
"anchor",3,90,FALSE,0.265996370495079,0.465036072747382
"anchor",3,91,FALSE,0.555215405126073,0.383328221977764
"anchor",3,92,FALSE,0.638489256954637,0.488447272037736
"anchor",3,93,FALSE,0.528145078253106,0.572110398235662
"anchor",3,94,FALSE,0.227552503379865,0.506576692574306
"anchor",3,95,FALSE,0.430075055551939,0.541729217853388
"anchor",3,96,FALSE,0.184549481320698,0.348525391906628
"anchor",3,97,FALSE,0.472537053262077,0.491161874237964
"anchor",3,98,FALSE,0.60616631460762,0.457002954494946
"anchor",3,99,FALSE,0.685553652846326,0.643278848666512
"anchor",3,100,TRUE,0.296665190261531,0.560495161959798
"anchor",3,101,FALSE,0.491361693834273,0.568199801446618
"anchor",3,102,FALSE,0.513217600067939,0.42889957655387
"anchor",3,103,TRUE,0.64738297011462,0.446826632023004
"anchor",3,104,FALSE,0.491361693834273,0.502444220209448
"anchor",3,105,FALSE,0.406028944963615,0.407238402634399
"anchor",3,106,FALSE,0.752025387323213,0.507516460930267
"anchor",3,107,TRUE,0.6414741105041,0.476143196084032
"anchor",3,108,FALSE,0.416307587059883,0.557496199263151
"anchor",3,109,FALSE,0.966610986681934,0.767048241038348
"anchor",3,110,FALSE,0.188647295999717,0.307536168984723
"anchor",3,111,FALSE,0.708335902682263,0.513744521748786
"anchor",3,112,FALSE,0.685741738602264,0.814767002286805
"anchor",3,113,FALSE,0.559308010907013,0.534545499755604
"anchor",3,114,FALSE,0.355259905527378,0.463108247596255
"anchor",3,115,FALSE,0.187520720836463,0.354150814081012
"anchor",3,116,TRUE,0.569373909615046,0.454908904016166
"anchor",3,117,FALSE,0.572523097849638,0.537217409613899
"anchor",3,118,FALSE,0.538070787043172,0.546880597311538
"anchor",3,119,FALSE,0.374748346010104,0.424457385995778
"anchor",3,120,FALSE,0.294686624279443,0.354381607744105
"anchor",3,121,FALSE,0.432969290874406,0.456584543261385
"anchor",3,122,TRUE,0.320146286111054,0.591128359298268
"anchor",3,123,FALSE,0.574262829707027,0.445761194136428
"anchor",3,124,FALSE,0.610234175334389,0.626177954234664
"anchor",3,125,FALSE,0.173186268412274,0.238565508074465
"anchor",3,126,FALSE,0.314499227973151,0.417148766808297
"anchor",3,127,FALSE,0.753330221324521,0.563710104706699
"anchor",3,128,FALSE,0.338456493604605,0.464540241024863
"anchor",3,129,TRUE,0.0253058652647703,0.202647228588858
"anchor",3,130,FALSE,0.21045229296202,0.437053820116777
"anchor",3,131,FALSE,0.440121603187804,0.488803965029754
"anchor",3,132,TRUE,0.181872159010334,0.420099771750062
"anchor",3,133,FALSE,0.761326322421457,0.594201227625659
"anchor",3,134,FALSE,0.188084373714938,0.435464532114118
"anchor",3,135,FALSE,0.662757831681574,0.395986758155672
"anchor",3,136,FALSE,0.409425868671443,0.480817679169334
"anchor",3,137,FALSE,0.387389826338729,0.34730928764789
"anchor",3,138,FALSE,0.256236533205923,0.372017200994417
"anchor",3,139,FALSE,0.381656482585787,0.422296541334292
"anchor",3,140,FALSE,0.43568513794163,0.486971379475467
"anchor",3,141,FALSE,0.190331698170291,0.421712595785998
"anchor",3,142,TRUE,0.123851640967086,0.380461138128093
"anchor",3,143,FALSE,0.208978517276253,0.449237333811261
"anchor",3,144,TRUE,0.506505032404872,0.462203934229698
"anchor",3,145,FALSE,0.390935107103379,0.416958849710709
"anchor",3,146,FALSE,0.442479769064449,0.503095772284707
"anchor",3,147,FALSE,0.417139409727326,0.422810768875086
"anchor",3,148,FALSE,0.260071387985075,0.34331502114069
"anchor",3,149,TRUE,0.308777773664721,0.416893118880528
"anchor",3,150,FALSE,0.583198773968623,0.478260399887023
"anchor",3,151,TRUE,0.456062224454951,0.416466505918532
"anchor",3,152,FALSE,0.370698092575577,0.374439801090155
"anchor",3,153,FALSE,0.639486489268586,0.632041047170232
"anchor",3,154,FALSE,0.777412321496744,0.455867701936215
"anchor",3,155,TRUE,0.590284403718162,0.482623827978083
"anchor",3,156,FALSE,0.618215503279417,0.493583871124867
"anchor",3,157,FALSE,0.224533062606086,0.540788279241613
"anchor",3,158,FALSE,0.234010817587179,0.301095533270755
"anchor",3,159,FALSE,0.595826777073223,0.449561525209401
"anchor",3,160,TRUE,0.612783856719735,0.513843900297962
"anchor",3,161,FALSE,0.581266805273671,0.573283982469233
"anchor",3,162,FALSE,0.588383768378728,0.595591012685062
"anchor",3,163,FALSE,0.108226656374928,0.409049694862504
"anchor",3,164,TRUE,0.381115080709851,0.368312739971007
"anchor",3,165,FALSE,0.255272505103306,0.537761876403165
"anchor",3,166,FALSE,0.680879174426811,0.511097235902314
"anchor",3,167,FALSE,0.564784384503987,0.493243991853075
"anchor",3,168,TRUE,0.526339277389844,0.382084674189767
"anchor",3,169,FALSE,0.294466226161593,0.42478674995637
"anchor",3,170,FALSE,0.612783856719735,0.445284915020987
"anchor",3,171,FALSE,0.5182506513085,0.559976722806985
"anchor",3,172,FALSE,0.442949869577862,0.352581886661512
"anchor",3,173,FALSE,0.505149978319906,0.476669236013009
"anchor",3,174,FALSE,0.305995882770805,0.407036522836658
"anchor",3,175,TRUE,0.612783856719735,0.495832777180028
"anchor",3,176,TRUE,0.204119982655925,0.405462869717138
"anchor",3,177,FALSE,0.677333151419902,0.396614203743338
"anchor",3,178,FALSE,0.345961541813141,0.511109345266476
"anchor",3,179,FALSE,0.361160995195026,0.458804781788291
"anchor",3,180,TRUE,0.127104798364808,0.267623720864905
"anchor",3,181,FALSE,0.514547752660286,0.312704450273739
"anchor",3,182,FALSE,0.362350507594848,0.494320680486833
"anchor",3,183,FALSE,0.662757831681574,0.466835115371275
"anchor",3,184,FALSE,0.313867220369153,0.433880591996168
"anchor",3,185,FALSE,0.839666556882433,0.499104891694084
"anchor",3,186,FALSE,0.16999753706657,0.363674215547069
"anchor",3,187,FALSE,0.129367595722986,0.00741203936525997
"anchor",3,188,FALSE,0.36078268987328,0.351895773324429
"anchor",3,189,FALSE,0.429106008332697,0.468039289940195
"anchor",3,190,FALSE,0.702602841340427,0.544315184451612
"anchor",3,191,FALSE,0.571708831808688,0.461172036086947
"anchor",3,192,FALSE,0.343920385393226,0.29185331262459
"anchor",3,193,FALSE,0.695131297704026,0.537609804650847
"anchor",3,194,FALSE,0.629409599102719,0.532195339362024
"anchor",3,195,FALSE,0.414973347970818,0.408511790673468
"anchor",3,196,FALSE,0.276231957921834,0.398497345916986
"anchor",3,197,FALSE,0.531478917042255,0.535973919373828
"anchor",3,198,FALSE,0.236789099409293,0.384759525520386
"anchor",3,199,FALSE,0.756407872548958,0.765513517130327
"anchor",3,200,FALSE,0.718750734739665,0.581529899146715
"anchor",3,201,FALSE,0.515211304327802,0.438900338434457
"anchor",3,202,TRUE,0.3654879848909,0.291820959157053
"anchor",3,203,TRUE,0.344392273685111,0.43116213578471
"anchor",3,204,FALSE,0.196728722623287,0.482023202098345
"anchor",3,205,FALSE,0.392696953259666,0.382947585130664
"anchor",3,206,FALSE,0.365394376854778,0.429703858604632
"anchor",3,207,TRUE,0.389166084364532,0.448737707934379
"anchor",3,208,FALSE,0.653212513775344,0.486821920544566
"anchor",3,209,FALSE,0.440594261839831,0.379813630567481
"anchor",3,210,TRUE,0.202215775801131,0.456853681671501
"anchor",3,211,FALSE,0.48572142648158,0.400769851108308
"anchor",3,212,FALSE,0.244277120801843,0.475911965059831
"anchor",3,213,FALSE,0.372727940885595,0.530525979092904
"anchor",3,214,FALSE,0.52244423350632,0.50619572628726
"anchor",3,215,FALSE,0.257678574869184,0.402155889728694
"anchor",3,216,FALSE,0.384353414137506,0.544410906683926
"anchor",3,217,FALSE,0.335858911319818,0.488452524133427
"anchor",3,218,FALSE,0.555094448578319,0.530990749038007
"anchor",3,219,FALSE,0.271841606536499,0.483414539162357
"anchor",3,220,FALSE,0.471291711058939,0.446626067310308
"anchor",3,221,TRUE,0.294906910605192,0.423598991349408
"anchor",3,222,FALSE,0.655138434811382,0.592795160385442
"anchor",3,223,FALSE,0.528916700277655,0.487817824014554
"anchor",3,224,FALSE,0.777426822389311,0.538215997122812
"anchor",3,225,TRUE,0.191730393362856,0.485494897034993
"anchor",3,226,FALSE,0.239549720840473,0.454895234195363
"anchor",3,227,TRUE,0.582404298019028,0.567690648364917
"anchor",3,228,TRUE,0.569373909615046,0.336296166195736
"anchor",3,229,FALSE,0.334252642334231,0.353665557075648
"anchor",3,230,FALSE,0.406369835469268,0.458651307769541
"anchor",3,231,FALSE,0.0597526942092988,0.327620830917498
"anchor",3,232,TRUE,0.472463896606989,0.448781936805768
"anchor",3,233,FALSE,0.666985718329661,0.465117572488235
"anchor",3,234,FALSE,0.65417654187796,0.571214571977588
"anchor",3,235,FALSE,0.259593878885949,0.463208504826047
"anchor",3,236,FALSE,0.527114111639805,0.608870074028646
"anchor",3,237,TRUE,0.367169488534681,0.399053369337861
"anchor",3,238,TRUE,0.19228861256812,0.340788769793833
"anchor",3,239,FALSE,0.478566495593843,0.340439651719664
"anchor",3,240,FALSE,0.253580289562183,0.424695359507598
"anchor",3,241,FALSE,0.27554168840131,0.400631710293166
"anchor",3,242,FALSE,0.532627001228891,0.301973231904284
"anchor",3,243,TRUE,0.542451947375977,0.409581846119961
"anchor",3,244,FALSE,0.381836799998343,0.421478598733153
"anchor",3,245,TRUE,0.511616020569138,0.577889670981175
"anchor",3,246,FALSE,0.476831628512261,0.574929149529076
"anchor",3,247,FALSE,0.301029995663981,0.4972685479208
"anchor",3,248,FALSE,0.325823419002744,0.38779157297572
"anchor",3,249,FALSE,0.586024382386976,0.485435441844822
"anchor",3,250,FALSE,0.218535505216528,0.289008401492559
"anchor",3,251,FALSE,0.0480531731156091,0.203467686095506
"anchor",3,252,FALSE,0.378397900948138,0.542928927600929
"anchor",3,253,FALSE,0.595275711802099,0.397369867418067
"anchor",3,254,FALSE,0.398807730203264,0.483574488628997
"anchor",3,255,TRUE,0.161368002234975,0.303198987603482
"anchor",3,256,FALSE,0.456214155357989,0.461083329377228
"anchor",3,257,FALSE,0.641126932803509,0.441941573795106
"anchor",3,258,FALSE,0.54020429984206,0.332645425047955
"anchor",3,259,FALSE,0.0328201494385639,0.0531645523235765
"anchor",3,260,FALSE,0.434888120867316,0.545112597295697
"anchor",3,261,FALSE,0.332034277027518,0.47623383064474
"anchor",3,262,FALSE,0.391816923613249,0.604504514302614
"anchor",3,263,TRUE,0.347427598618541,0.336341647410352
"anchor",3,264,FALSE,0.352182518111362,0.290062655817186
"anchor",3,265,TRUE,0.154119525515847,0.231461207708026
"anchor",3,266,FALSE,0.591398551281249,0.454383495595116
"anchor",3,267,TRUE,0.315970345456918,0.418560198340621
"anchor",3,268,FALSE,0.470410490975931,0.472348618649471
"anchor",3,269,FALSE,0.826074802700826,0.785706435458145
"anchor",3,270,FALSE,0.234264124378789,0.369135484721325
"anchor",3,271,FALSE,0.504878459410216,0.48435703424828
"anchor",3,272,FALSE,0.582744965691277,0.378971409669722
"anchor",3,273,FALSE,0.542327382773974,0.539394931917901
"anchor",3,274,FALSE,0.657055852857104,0.456695934533372
"anchor",3,275,FALSE,0.328379603438738,0.388054332271551
"anchor",3,276,FALSE,0.4679039465228,0.287776144627035
"anchor",3,277,FALSE,0.331427296520743,0.501081233922596
"anchor",3,278,FALSE,0.352664799651101,0.447634197278897
"anchor",3,279,FALSE,0.437116093048079,0.345581227770107
"anchor",3,280,FALSE,0.325043347403704,0.390158812920641
"anchor",3,281,FALSE,0.749581734865559,0.491283221689518
"anchor",3,282,FALSE,0.775319121829478,0.530206713205872
"anchor",3,283,FALSE,0.817565369559781,0.532125132479213
"anchor",3,284,FALSE,0.526442668529935,0.391948482270362
"anchor",3,285,FALSE,0.682145076373832,0.546422922730419
"anchor",3,286,FALSE,0.425534220498263,0.524231043387645
"anchor",3,287,FALSE,0.659726095237792,0.520003972523395
"anchor",3,288,FALSE,0.672097857935718,0.39524077076672
"anchor",3,289,FALSE,0.534026106056135,0.446141599612841
"anchor",3,290,FALSE,0.615950051656401,0.536846417966359
"anchor",3,291,TRUE,0.262451089730429,0.422970416834076
"coral",1,1,TRUE,0.482873583608754,0.598429937343757
"coral",1,2,TRUE,0.496929648073215,0.456065858484668
"coral",1,3,TRUE,0.623042434246382,0.559630583194298
"coral",1,4,TRUE,0.523746466811564,0.386935391547331
"coral",1,5,TRUE,0.47567118832443,0.459854563537901
"coral",1,6,FALSE,0.469674772551798,0.349681222918439
"coral",1,7,FALSE,0.387389826338729,0.508760437314597
"coral",1,8,FALSE,0.627365856592733,0.411766138525818
"coral",1,9,FALSE,0.591064607026499,0.436195101263908
"coral",1,10,FALSE,0.218220304175545,0.304689918091103
"coral",1,11,TRUE,0.680335513414563,0.404275811496545
"coral",1,12,TRUE,0.680607428991788,0.387003825899859
"coral",1,13,FALSE,0.721810615212547,0.584721341822119
"coral",1,14,TRUE,0.20682587603185,0.33752897544431
"coral",1,15,TRUE,0.582063362911709,0.382242694354055
"coral",1,16,FALSE,0.696094159995223,0.517741007876141
"coral",1,17,TRUE,0.40823996531185,0.384933331231573
"coral",1,18,FALSE,0.433001340945038,0.44432911581549
"coral",1,19,FALSE,0.653212513775344,0.469033633578635
"coral",1,20,FALSE,0.558072259099146,0.428171333013944
"coral",1,21,FALSE,0.261928672990642,0.216045009069646
"coral",1,22,TRUE,0.637489729512511,0.478099665886795
"coral",1,23,FALSE,0.504878459410216,0.366610826590296
"coral",1,24,FALSE,0.286995073968852,0.391942519224173
"coral",1,25,TRUE,0.662757831681574,0.440996592910349
"coral",1,26,FALSE,0.524525936626376,0.489720241737222
"coral",1,27,TRUE,0.406540180433955,0.468321346896496
"coral",1,28,FALSE,0.656098202012832,0.525289409388608
"coral",1,29,FALSE,0.517987203025078,0.432967796512492
"coral",1,30,FALSE,0.703119346236078,0.519061946711727
"coral",1,31,FALSE,0.691081492122968,0.542133393091884
"coral",1,32,FALSE,0.0141423615450058,0.371208696152273
"coral",1,33,FALSE,0.733197265106569,0.691734330666631
"coral",1,34,FALSE,0.408070285887185,0.445075634397101
"coral",1,35,FALSE,0.396024896608593,0.4720173281315
"coral",1,36,FALSE,0.398391440229475,0.479241672676078
"coral",1,37,FALSE,0.770852011642144,0.549637565174388
"coral",1,38,TRUE,0.15836249209525,0.344343864808423
"coral",1,39,FALSE,0.625415352154408,0.539706749751323
"coral",1,40,FALSE,0.496334505996816,0.502700310759418
"coral",1,41,FALSE,0.679427896612119,0.585601241658492
"coral",1,42,FALSE,0.610116955411928,0.544706350260843
"coral",1,43,FALSE,0.645913275033844,0.449816431835585
"coral",1,44,FALSE,0.465382851448418,0.4563404391136
"coral",1,45,FALSE,0.569490954348783,0.545386648564329
"coral",1,46,FALSE,0.187520720836463,0.274069737585252
"coral",1,47,FALSE,0.465813957269479,0.509837650560472
"coral",1,48,FALSE,0.231214647962601,0.510843074044156
"coral",1,49,FALSE,0.670802284260944,0.63403660359382
"coral",1,50,FALSE,0.459935016851525,0.529921002608185
"coral",1,51,FALSE,0.287129620719111,0.398385588155585
"coral",1,52,FALSE,0.6232492903979,0.459433801253423
"coral",1,53,FALSE,0.8109042806687,0.670603805310067
"coral",1,54,TRUE,0.354108439147401,0.362086178576483
"coral",1,55,FALSE,0.129141845792285,0.394744628209894
"coral",1,56,FALSE,0.244969460136198,0.399296229588001
"coral",1,57,FALSE,0.364363354615731,0.403317573396035
"coral",1,58,TRUE,0.334212409393176,0.439187222212048
"coral",1,59,FALSE,0.489677291663699,0.547595561428899
"coral",1,60,FALSE,0.525304009958239,0.494387253438655
"coral",1,61,TRUE,0.406540180433955,0.346239677745384
"coral",1,62,FALSE,0.335457900689384,0.563714523427221
"coral",1,63,FALSE,0.419873175149476,0.516931855093868
"coral",1,64,FALSE,0.397227181043161,0.532298465086282
"coral",1,65,TRUE,0.59659709562646,0.705797592599221
"coral",1,66,FALSE,0.260071387985075,0.446072435691116
"coral",1,67,FALSE,0.489466281303128,0.576377961891923
"coral",1,68,FALSE,0.544018407858776,0.684222963085861
"coral",1,69,FALSE,0.665205628434601,0.673465145106478
"coral",1,70,FALSE,0.537819095073274,0.57436131771399
"coral",1,71,FALSE,0.501059262217751,0.555419885808747
"coral",1,72,FALSE,0.415699348887829,0.471951667489812
"coral",1,73,TRUE,0.298853076409707,0.452265495967497
"coral",1,74,TRUE,0.289365951520032,0.347900157663968
"coral",1,75,FALSE,0.497620649781288,0.350599347152234
"coral",1,76,TRUE,0.778151250383644,0.543516766514293
"coral",1,77,TRUE,0.260071387985075,0.419603575739743
"coral",1,78,FALSE,0.367542273520577,0.521935283044945
"coral",1,79,FALSE,0.534026106056135,0.490831862549349
"coral",1,80,FALSE,0.287129620719111,0.320441204305309
"coral",1,81,FALSE,0.469822015978163,0.381762979004582
"coral",1,82,TRUE,0.399673721481038,0.379198347083612
"coral",1,83,FALSE,0.307496037913213,0.300471232858219
"coral",1,84,TRUE,0.322219294733919,0.354083327658418
"coral",1,85,FALSE,0.247236549506764,0.389236176835281
"coral",1,86,FALSE,0.6232492903979,0.474152396376278
"coral",1,87,TRUE,0.429752280002408,0.401812439549765
"coral",1,88,TRUE,0.566943971856554,0.438049303831667
"coral",1,89,FALSE,0.605951157564873,0.55400802056796
"coral",1,90,FALSE,0.265996370495079,0.485817199165072
"coral",1,91,FALSE,0.555215405126073,0.366208943971134
"coral",1,92,FALSE,0.638489256954637,0.496481127249658
"coral",1,93,FALSE,0.528145078253106,0.557245243182149
"coral",1,94,FALSE,0.227552503379865,0.535815885310635
"coral",1,95,FALSE,0.430075055551939,0.55982108107622
"coral",1,96,FALSE,0.184549481320698,0.359360005217198
"coral",1,97,FALSE,0.472537053262077,0.529122588742005
"coral",1,98,FALSE,0.60616631460762,0.476357650834974
"coral",1,99,FALSE,0.685553652846326,0.6144937685093
"coral",1,100,TRUE,0.296665190261531,0.566142523469293
"coral",1,101,FALSE,0.491361693834273,0.559089291678959
"coral",1,102,FALSE,0.513217600067939,0.383264179154493
"coral",1,103,TRUE,0.64738297011462,0.637659803440198
"coral",1,104,FALSE,0.491361693834273,0.50101927848195
"coral",1,105,FALSE,0.406028944963615,0.453588035742979
"coral",1,106,FALSE,0.752025387323213,0.518270586348014
"coral",1,107,TRUE,0.6414741105041,0.499066163935084
"coral",1,108,FALSE,0.416307587059883,0.560246537809575
"coral",1,109,FALSE,0.966610986681934,0.775080316972283
"coral",1,110,FALSE,0.188647295999717,0.341157633814878
"coral",1,111,FALSE,0.708335902682263,0.503219645167465
"coral",1,112,FALSE,0.685741738602264,0.811143968956556
"coral",1,113,FALSE,0.559308010907013,0.487011594945563
"coral",1,114,FALSE,0.355259905527378,0.459161379685666
"coral",1,115,FALSE,0.187520720836463,0.33839698820916
"coral",1,116,TRUE,0.569373909615046,0.506865301262537
"coral",1,117,FALSE,0.572523097849638,0.50341116205613
"coral",1,118,FALSE,0.538070787043172,0.519745654668316
"coral",1,119,FALSE,0.374748346010104,0.438542565602047
"coral",1,120,FALSE,0.294686624279443,0.348888072846234
"coral",1,121,FALSE,0.432969290874406,0.445832574684522
"coral",1,122,TRUE,0.320146286111054,0.602106920952163
"coral",1,123,FALSE,0.574262829707027,0.435057481630344
"coral",1,124,FALSE,0.610234175334389,0.616500513851298
"coral",1,125,FALSE,0.173186268412274,0.23889133142102
"coral",1,126,FALSE,0.314499227973151,0.449745132660496
"coral",1,127,FALSE,0.753330221324521,0.548827930799427
"coral",1,128,FALSE,0.338456493604605,0.499295999554141
"coral",1,129,TRUE,0.0253058652647703,0.119898317125273
"coral",1,130,FALSE,0.21045229296202,0.330423237423122
"coral",1,131,FALSE,0.440121603187804,0.468734356467826
"coral",1,132,TRUE,0.181872159010334,0.471824520321214
"coral",1,133,FALSE,0.761326322421457,0.564148996662642
"coral",1,134,FALSE,0.188084373714938,0.403789622300639
"coral",1,135,FALSE,0.662757831681574,0.410594410622378
"coral",1,136,FALSE,0.409425868671443,0.4889883818587
"coral",1,137,FALSE,0.387389826338729,0.342065825837376
"coral",1,138,FALSE,0.256236533205923,0.454489108539699
"coral",1,139,FALSE,0.381656482585787,0.399922045500799
"coral",1,140,FALSE,0.43568513794163,0.492986453196589
"coral",1,141,FALSE,0.190331698170291,0.376630116551755
"coral",1,142,TRUE,0.123851640967086,0.375158665209636
"coral",1,143,FALSE,0.208978517276253,0.47042227394784
"coral",1,144,TRUE,0.506505032404872,0.492176285475105
"coral",1,145,FALSE,0.390935107103379,0.437694908679458
"coral",1,146,FALSE,0.442479769064449,0.51964118763444
"coral",1,147,FALSE,0.417139409727326,0.449381038920205
"coral",1,148,FALSE,0.260071387985075,0.360983051409366
"coral",1,149,TRUE,0.308777773664721,0.440874301016955
"coral",1,150,FALSE,0.583198773968623,0.450394634864845
"coral",1,151,TRUE,0.456062224454951,0.420771404996953
"coral",1,152,FALSE,0.370698092575577,0.310129864235119
"coral",1,153,FALSE,0.639486489268586,0.626306128519887
"coral",1,154,FALSE,0.777412321496744,0.482282537824937
"coral",1,155,TRUE,0.590284403718162,0.494382398610355
"coral",1,156,FALSE,0.618215503279417,0.520229332960544
"coral",1,157,FALSE,0.224533062606086,0.408659121774255
"coral",1,158,FALSE,0.234010817587179,0.310157557556356
"coral",1,159,FALSE,0.595826777073223,0.42400534457179
"coral",1,160,TRUE,0.612783856719735,0.543236756855582
"coral",1,161,FALSE,0.581266805273671,0.577525474543963
"coral",1,162,FALSE,0.588383768378728,0.576152578061824
"coral",1,163,FALSE,0.108226656374928,0.340834778788016
"coral",1,164,TRUE,0.381115080709851,0.428143727252014
"coral",1,165,FALSE,0.255272505103306,0.556220937503036
"coral",1,166,FALSE,0.680879174426811,0.508312564232306
"coral",1,167,FALSE,0.564784384503987,0.509999962376542
"coral",1,168,TRUE,0.526339277389844,0.374872408891534
"coral",1,169,FALSE,0.294466226161593,0.451033350455444
"coral",1,170,FALSE,0.612783856719735,0.520872193053183
"coral",1,171,FALSE,0.5182506513085,0.57415871466139
"coral",1,172,FALSE,0.442949869577862,0.34777000724422
"coral",1,173,FALSE,0.505149978319906,0.482813983978368
"coral",1,174,FALSE,0.305995882770805,0.416741890071384
"coral",1,175,TRUE,0.612783856719735,0.477179358527615
"coral",1,176,TRUE,0.204119982655925,0.345780760831317
"coral",1,177,FALSE,0.677333151419902,0.401702239033896
"coral",1,178,FALSE,0.345961541813141,0.514211499121502
"coral",1,179,FALSE,0.361160995195026,0.447927295597271
"coral",1,180,TRUE,0.127104798364808,0.245818366917103
"coral",1,181,FALSE,0.514547752660286,0.310746433384152
"coral",1,182,FALSE,0.362350507594848,0.47940456660647
"coral",1,183,FALSE,0.662757831681574,0.483702306683526
"coral",1,184,FALSE,0.313867220369153,0.399001568547008
"coral",1,185,FALSE,0.839666556882433,0.518387802021574
"coral",1,186,FALSE,0.16999753706657,0.385859331476528
"coral",1,187,FALSE,0.129367595722986,0.31884776894032
"coral",1,188,FALSE,0.36078268987328,0.321901200517906
"coral",1,189,FALSE,0.429106008332697,0.462105103569617
"coral",1,190,FALSE,0.702602841340427,0.53526505721591
"coral",1,191,FALSE,0.571708831808688,0.46328887140272
"coral",1,192,FALSE,0.343920385393226,0.324582090813726
"coral",1,193,FALSE,0.695131297704026,0.51421280292622
"coral",1,194,FALSE,0.629409599102719,0.55725550645198
"coral",1,195,FALSE,0.414973347970818,0.41666650728113
"coral",1,196,FALSE,0.276231957921834,0.386946685726054
"coral",1,197,FALSE,0.531478917042255,0.535121176334749
"coral",1,198,FALSE,0.236789099409293,0.391159885817516
"coral",1,199,FALSE,0.756407872548958,0.724462120456913
"coral",1,200,FALSE,0.718750734739665,0.599606426666727
"coral",1,201,FALSE,0.515211304327802,0.43772333278609
"coral",1,202,TRUE,0.3654879848909,0.260442989029675
"coral",1,203,TRUE,0.344392273685111,0.43661843900568
"coral",1,204,FALSE,0.196728722623287,0.506063572061685
"coral",1,205,FALSE,0.392696953259666,0.394576356049018
"coral",1,206,FALSE,0.365394376854778,0.400474331364897
"coral",1,207,TRUE,0.389166084364532,0.439069365235423
"coral",1,208,FALSE,0.653212513775344,0.463563960354944
"coral",1,209,FALSE,0.440594261839831,0.379177886088651
"coral",1,210,TRUE,0.202215775801131,0.457698932356213
"coral",1,211,FALSE,0.48572142648158,0.382443298115081
"coral",1,212,FALSE,0.244277120801843,0.433595964277879
"coral",1,213,FALSE,0.372727940885595,0.459813808887635
"coral",1,214,FALSE,0.52244423350632,0.497071680853502
"coral",1,215,FALSE,0.257678574869184,0.410954389142386
"coral",1,216,FALSE,0.384353414137506,0.568371927504355
"coral",1,217,FALSE,0.335858911319818,0.487675385609558
"coral",1,218,FALSE,0.555094448578319,0.495665082024515
"coral",1,219,FALSE,0.271841606536499,0.488733850787499
"coral",1,220,FALSE,0.471291711058939,0.461051042311961
"coral",1,221,TRUE,0.294906910605192,0.427183648142339
"coral",1,222,FALSE,0.655138434811382,0.599669286158917
"coral",1,223,FALSE,0.528916700277655,0.474256560693743
"coral",1,224,FALSE,0.777426822389311,0.520490347833697
"coral",1,225,TRUE,0.191730393362856,0.537054406789592
"coral",1,226,FALSE,0.239549720840473,0.428663119547294
"coral",1,227,TRUE,0.582404298019028,0.601037533940753
"coral",1,228,TRUE,0.569373909615046,0.282329300845461
"coral",1,229,FALSE,0.334252642334231,0.385439623800484
"coral",1,230,FALSE,0.406369835469268,0.517691837422812
"coral",1,231,FALSE,0.0597526942092988,0.299950945594078
"coral",1,232,TRUE,0.472463896606989,0.511896059536457
"coral",1,233,FALSE,0.666985718329661,0.460134019522492
"coral",1,234,FALSE,0.65417654187796,0.531520424946031
"coral",1,235,FALSE,0.259593878885949,0.485898451963109
"coral",1,236,FALSE,0.527114111639805,0.584433791094192
"coral",1,237,TRUE,0.367169488534681,0.370865258762234
"coral",1,238,TRUE,0.19228861256812,0.313580884157458
"coral",1,239,FALSE,0.478566495593843,0.329837854845132
"coral",1,240,FALSE,0.253580289562183,0.441629460119545
"coral",1,241,FALSE,0.27554168840131,0.360963633852803
"coral",1,242,FALSE,0.532627001228891,0.315362532125687
"coral",1,243,TRUE,0.542451947375977,0.420096344121465
"coral",1,244,FALSE,0.381836799998343,0.404953871576403
"coral",1,245,TRUE,0.511616020569138,0.630102429007916
"coral",1,246,FALSE,0.476831628512261,0.575924740915066
"coral",1,247,FALSE,0.301029995663981,0.485903706457367
"coral",1,248,FALSE,0.325823419002744,0.377153352528879
"coral",1,249,FALSE,0.586024382386976,0.488064058537168
"coral",1,250,FALSE,0.218535505216528,0.312998970843982
"coral",1,251,FALSE,0.0480531731156091,0.185927869338647
"coral",1,252,FALSE,0.378397900948138,0.540890282891393
"coral",1,253,FALSE,0.595275711802099,0.483286820982176
"coral",1,254,FALSE,0.398807730203264,0.490316739114634
"coral",1,255,TRUE,0.161368002234975,0.228776816179618
"coral",1,256,FALSE,0.456214155357989,0.47912801663129
"coral",1,257,FALSE,0.641126932803509,0.459819543050824
"coral",1,258,FALSE,0.54020429984206,0.342454908537534
"coral",1,259,FALSE,0.0328201494385639,0.266748569462856
"coral",1,260,FALSE,0.434888120867316,0.535009620324065
"coral",1,261,FALSE,0.332034277027518,0.458150178553125
"coral",1,262,FALSE,0.391816923613249,0.581673419346576
"coral",1,263,TRUE,0.347427598618541,0.26606284254421
"coral",1,264,FALSE,0.352182518111362,0.257940418331315
"coral",1,265,TRUE,0.154119525515847,0.179900053628283
"coral",1,266,FALSE,0.591398551281249,0.434274665022391
"coral",1,267,TRUE,0.315970345456918,0.405776843981788
"coral",1,268,FALSE,0.470410490975931,0.439811357862714
"coral",1,269,FALSE,0.826074802700826,0.735172994363579
"coral",1,270,FALSE,0.234264124378789,0.413859236136319
"coral",1,271,FALSE,0.504878459410216,0.432834711633151
"coral",1,272,FALSE,0.582744965691277,0.390290644713911
"coral",1,273,FALSE,0.542327382773974,0.525186759065554
"coral",1,274,FALSE,0.657055852857104,0.472744555527763
"coral",1,275,FALSE,0.328379603438738,0.381349114158352
"coral",1,276,FALSE,0.4679039465228,0.238029020819756
"coral",1,277,FALSE,0.331427296520743,0.534753541222448
"coral",1,278,FALSE,0.352664799651101,0.462678479502021
"coral",1,279,FALSE,0.437116093048079,0.3471910451124
"coral",1,280,FALSE,0.325043347403704,0.373309565019861
"coral",1,281,FALSE,0.749581734865559,0.424261485261158
"coral",1,282,FALSE,0.775319121829478,0.520196508737033
"coral",1,283,FALSE,0.817565369559781,0.510456902998
"coral",1,284,FALSE,0.526442668529935,0.318999559481344
"coral",1,285,FALSE,0.682145076373832,0.58016682222667
"coral",1,286,FALSE,0.425534220498263,0.497818813421652
"coral",1,287,FALSE,0.659726095237792,0.521504496429395
"coral",1,288,FALSE,0.672097857935718,0.394958911596539
"coral",1,289,FALSE,0.534026106056135,0.409081220439578
"coral",1,290,FALSE,0.615950051656401,0.578447255818436
"coral",1,291,TRUE,0.262451089730429,0.270622172535125
"coral",2,1,TRUE,0.482873583608754,0.562234086268399
"coral",2,2,TRUE,0.496929648073215,0.499750754052209
"coral",2,3,TRUE,0.623042434246382,0.602041814436685
"coral",2,4,TRUE,0.523746466811564,0.405282952485487
"coral",2,5,TRUE,0.47567118832443,0.497534459324094
"coral",2,6,FALSE,0.469674772551798,0.337934814247774
"coral",2,7,FALSE,0.387389826338729,0.489915324877368
"coral",2,8,FALSE,0.627365856592733,0.396843683643859
"coral",2,9,FALSE,0.591064607026499,0.396557071168374
"coral",2,10,FALSE,0.218220304175545,0.356365816194745
"coral",2,11,TRUE,0.680335513414563,0.459563039428698
"coral",2,12,TRUE,0.680607428991788,0.445579939054951
"coral",2,13,FALSE,0.721810615212547,0.580616820265689
"coral",2,14,TRUE,0.20682587603185,0.353394295032948
"coral",2,15,TRUE,0.582063362911709,0.374413551854505
"coral",2,16,FALSE,0.696094159995223,0.561029286756571
"coral",2,17,TRUE,0.40823996531185,0.350899254476423
"coral",2,18,FALSE,0.433001340945038,0.469756018207323
"coral",2,19,FALSE,0.653212513775344,0.448104115970607
"coral",2,20,FALSE,0.558072259099146,0.437611023972588
"coral",2,21,FALSE,0.261928672990642,0.202157695489806
"coral",2,22,TRUE,0.637489729512511,0.536458873124193
"coral",2,23,FALSE,0.504878459410216,0.3644261257357
"coral",2,24,FALSE,0.286995073968852,0.437528526108161
"coral",2,25,TRUE,0.662757831681574,0.456638565633558
"coral",2,26,FALSE,0.524525936626376,0.493192082900022
"coral",2,27,TRUE,0.406540180433955,0.422286145989404
"coral",2,28,FALSE,0.656098202012832,0.515566783206474
"coral",2,29,FALSE,0.517987203025078,0.398840408618972
"coral",2,30,FALSE,0.703119346236078,0.570911354053546
"coral",2,31,FALSE,0.691081492122968,0.557092570148607
"coral",2,32,FALSE,0.0141423615450058,0.366701399245263
"coral",2,33,FALSE,0.733197265106569,0.649460038233366
"coral",2,34,FALSE,0.408070285887185,0.464278692822515
"coral",2,35,FALSE,0.396024896608593,0.43488707840887
"coral",2,36,FALSE,0.398391440229475,0.471923915358554
"coral",2,37,FALSE,0.770852011642144,0.56855935236176
"coral",2,38,TRUE,0.15836249209525,0.356758649309086
"coral",2,39,FALSE,0.625415352154408,0.552553497455779
"coral",2,40,FALSE,0.496334505996816,0.515488589393571
"coral",2,41,FALSE,0.679427896612119,0.588492765192589
"coral",2,42,FALSE,0.610116955411928,0.532183686931067
"coral",2,43,FALSE,0.645913275033844,0.43785785581477
"coral",2,44,FALSE,0.465382851448418,0.449416690526956
"coral",2,45,FALSE,0.569490954348783,0.544409547169881
"coral",2,46,FALSE,0.187520720836463,0.296796969652726
"coral",2,47,FALSE,0.465813957269479,0.503434788899396
"coral",2,48,FALSE,0.231214647962601,0.523274130694564
"coral",2,49,FALSE,0.670802284260944,0.628563243928441
"coral",2,50,FALSE,0.459935016851525,0.510433961814454
"coral",2,51,FALSE,0.287129620719111,0.442031375026341
"coral",2,52,FALSE,0.6232492903979,0.518250325045359
"coral",2,53,FALSE,0.8109042806687,0.639751043943589
"coral",2,54,TRUE,0.354108439147401,0.127355090043639
"coral",2,55,FALSE,0.129141845792285,0.404101494317286
"coral",2,56,FALSE,0.244969460136198,0.406876237963286
"coral",2,57,FALSE,0.364363354615731,0.405829955529107
"coral",2,58,TRUE,0.334212409393176,0.418959792104438
"coral",2,59,FALSE,0.489677291663699,0.535697231184201
"coral",2,60,FALSE,0.525304009958239,0.452875158373384
"coral",2,61,TRUE,0.406540180433955,0.385220725714085
"coral",2,62,FALSE,0.335457900689384,0.551128524243631
"coral",2,63,FALSE,0.419873175149476,0.489604517690613
"coral",2,64,FALSE,0.397227181043161,0.532478732759756
"coral",2,65,TRUE,0.59659709562646,0.667744714823273
"coral",2,66,FALSE,0.260071387985075,0.429686568351
"coral",2,67,FALSE,0.489466281303128,0.58004881746562
"coral",2,68,FALSE,0.544018407858776,0.676589923573226
"coral",2,69,FALSE,0.665205628434601,0.645747663690964
"coral",2,70,FALSE,0.537819095073274,0.545628446723536
"coral",2,71,FALSE,0.501059262217751,0.548308151554483
"coral",2,72,FALSE,0.415699348887829,0.41742985216398
"coral",2,73,TRUE,0.298853076409707,0.560247611342477
"coral",2,74,TRUE,0.289365951520032,0.346196196220213
"coral",2,75,FALSE,0.497620649781288,0.356445437328689
"coral",2,76,TRUE,0.778151250383644,0.561859380619005
"coral",2,77,TRUE,0.260071387985075,0.400298852490939
"coral",2,78,FALSE,0.367542273520577,0.482258968820112
"coral",2,79,FALSE,0.534026106056135,0.488476668911164
"coral",2,80,FALSE,0.287129620719111,0.342339009114506
"coral",2,81,FALSE,0.469822015978163,0.391240166865461
"coral",2,82,TRUE,0.399673721481038,0.364916000593142
"coral",2,83,FALSE,0.307496037913213,0.276774344626683
"coral",2,84,TRUE,0.322219294733919,0.384724175425004
"coral",2,85,FALSE,0.247236549506764,0.38977436785222
"coral",2,86,FALSE,0.6232492903979,0.487222630973896
"coral",2,87,TRUE,0.429752280002408,0.422834676929862
"coral",2,88,TRUE,0.566943971856554,0.439029066487779
"coral",2,89,FALSE,0.605951157564873,0.559764815944909
"coral",2,90,FALSE,0.265996370495079,0.516012163189775
"coral",2,91,FALSE,0.555215405126073,0.39025806380597
"coral",2,92,FALSE,0.638489256954637,0.481135208051341
"coral",2,93,FALSE,0.528145078253106,0.533350803932886
"coral",2,94,FALSE,0.227552503379865,0.542738005770774
"coral",2,95,FALSE,0.430075055551939,0.530850743351044
"coral",2,96,FALSE,0.184549481320698,0.37614828839503
"coral",2,97,FALSE,0.472537053262077,0.522932881591795
"coral",2,98,FALSE,0.60616631460762,0.423307905549406
"coral",2,99,FALSE,0.685553652846326,0.572559169312321
"coral",2,100,TRUE,0.296665190261531,0.532844924404966
"coral",2,101,FALSE,0.491361693834273,0.552044606396449
"coral",2,102,FALSE,0.513217600067939,0.329788047083996
"coral",2,103,TRUE,0.64738297011462,0.519517647252183
"coral",2,104,FALSE,0.491361693834273,0.511024313223022
"coral",2,105,FALSE,0.406028944963615,0.426340746699753
"coral",2,106,FALSE,0.752025387323213,0.494205440515755
"coral",2,107,TRUE,0.6414741105041,0.471681563341343
"coral",2,108,FALSE,0.416307587059883,0.573185788142748
"coral",2,109,FALSE,0.966610986681934,0.749123569143578
"coral",2,110,FALSE,0.188647295999717,0.353471516361573
"coral",2,111,FALSE,0.708335902682263,0.490611348658552
"coral",2,112,FALSE,0.685741738602264,0.811844692194567
"coral",2,113,FALSE,0.559308010907013,0.463358409611164
"coral",2,114,FALSE,0.355259905527378,0.442579358919789
"coral",2,115,FALSE,0.187520720836463,0.354122232959728
"coral",2,116,TRUE,0.569373909615046,0.471952402355326
"coral",2,117,FALSE,0.572523097849638,0.580621188527086
"coral",2,118,FALSE,0.538070787043172,0.540774095742692
"coral",2,119,FALSE,0.374748346010104,0.373461914869523
"coral",2,120,FALSE,0.294686624279443,0.375222710376085
"coral",2,121,FALSE,0.432969290874406,0.472549667323315
"coral",2,122,TRUE,0.320146286111054,0.554541605619324
"coral",2,123,FALSE,0.574262829707027,0.447102281906895
"coral",2,124,FALSE,0.610234175334389,0.622524821843742
"coral",2,125,FALSE,0.173186268412274,0.217628286012414
"coral",2,126,FALSE,0.314499227973151,0.434577709204017
"coral",2,127,FALSE,0.753330221324521,0.546098486265693
"coral",2,128,FALSE,0.338456493604605,0.442626511967818
"coral",2,129,TRUE,0.0253058652647703,0.109547617082024
"coral",2,130,FALSE,0.21045229296202,0.438601928419083
"coral",2,131,FALSE,0.440121603187804,0.505665431228207
"coral",2,132,TRUE,0.181872159010334,0.437414091779251
"coral",2,133,FALSE,0.761326322421457,0.593751864249126
"coral",2,134,FALSE,0.188084373714938,0.408859994269234
"coral",2,135,FALSE,0.662757831681574,0.424450221109304
"coral",2,136,FALSE,0.409425868671443,0.504299390075516
"coral",2,137,FALSE,0.387389826338729,0.355489224453567
"coral",2,138,FALSE,0.256236533205923,0.411056247886333
"coral",2,139,FALSE,0.381656482585787,0.423066377038494
"coral",2,140,FALSE,0.43568513794163,0.478371731946341
"coral",2,141,FALSE,0.190331698170291,0.425219816049174
"coral",2,142,TRUE,0.123851640967086,0.357424544411091
"coral",2,143,FALSE,0.208978517276253,0.440132103964793
"coral",2,144,TRUE,0.506505032404872,0.50743143223538
"coral",2,145,FALSE,0.390935107103379,0.392354284268129
"coral",2,146,FALSE,0.442479769064449,0.508223683198542
"coral",2,147,FALSE,0.417139409727326,0.442697274224838
"coral",2,148,FALSE,0.260071387985075,0.401474843550282
"coral",2,149,TRUE,0.308777773664721,0.435470149049877
"coral",2,150,FALSE,0.583198773968623,0.435645658608121
"coral",2,151,TRUE,0.456062224454951,0.438863378450774
"coral",2,152,FALSE,0.370698092575577,0.36937679392704
"coral",2,153,FALSE,0.639486489268586,0.63093487236932
"coral",2,154,FALSE,0.777412321496744,0.449987957124334
"coral",2,155,TRUE,0.590284403718162,0.5209931763726
"coral",2,156,FALSE,0.618215503279417,0.529133559156409
"coral",2,157,FALSE,0.224533062606086,0.48151026963964
"coral",2,158,FALSE,0.234010817587179,0.319957570680585
"coral",2,159,FALSE,0.595826777073223,0.428201423298846
"coral",2,160,TRUE,0.612783856719735,0.531108921870976
"coral",2,161,FALSE,0.581266805273671,0.581132625996125
"coral",2,162,FALSE,0.588383768378728,0.600468723439041
"coral",2,163,FALSE,0.108226656374928,0.359209212141252
"coral",2,164,TRUE,0.381115080709851,0.445072769928142
"coral",2,165,FALSE,0.255272505103306,0.555373278376366
"coral",2,166,FALSE,0.680879174426811,0.512901864372463
"coral",2,167,FALSE,0.564784384503987,0.487518912169857
"coral",2,168,TRUE,0.526339277389844,0.381021478682608
"coral",2,169,FALSE,0.294466226161593,0.440953891924713
"coral",2,170,FALSE,0.612783856719735,0.483907273276282
"coral",2,171,FALSE,0.5182506513085,0.554881714114325
"coral",2,172,FALSE,0.442949869577862,0.351319543216809
"coral",2,173,FALSE,0.505149978319906,0.494228732134474
"coral",2,174,FALSE,0.305995882770805,0.393817307235994
"coral",2,175,TRUE,0.612783856719735,0.504758666402893
"coral",2,176,TRUE,0.204119982655925,0.341307530357315
"coral",2,177,FALSE,0.677333151419902,0.417883737376654
"coral",2,178,FALSE,0.345961541813141,0.498236609568669
"coral",2,179,FALSE,0.361160995195026,0.464460797140708
"coral",2,180,TRUE,0.127104798364808,0.194769613066621
"coral",2,181,FALSE,0.514547752660286,0.375722908077361
"coral",2,182,FALSE,0.362350507594848,0.476052559415369
"coral",2,183,FALSE,0.662757831681574,0.476833297777318
"coral",2,184,FALSE,0.313867220369153,0.385384178660889
"coral",2,185,FALSE,0.839666556882433,0.521949732095157
"coral",2,186,FALSE,0.16999753706657,0.387601540750034
"coral",2,187,FALSE,0.129367595722986,0.0536754061931627
"coral",2,188,FALSE,0.36078268987328,0.313313579423968
"coral",2,189,FALSE,0.429106008332697,0.478899321339138
"coral",2,190,FALSE,0.702602841340427,0.531265813908661
"coral",2,191,FALSE,0.571708831808688,0.468434160254262
"coral",2,192,FALSE,0.343920385393226,0.305668488056688
"coral",2,193,FALSE,0.695131297704026,0.526508140030894
"coral",2,194,FALSE,0.629409599102719,0.553092716228404
"coral",2,195,FALSE,0.414973347970818,0.388227914576129
"coral",2,196,FALSE,0.276231957921834,0.374965658639611
"coral",2,197,FALSE,0.531478917042255,0.512281322041422
"coral",2,198,FALSE,0.236789099409293,0.393675284644062
"coral",2,199,FALSE,0.756407872548958,0.739006647213107
"coral",2,200,FALSE,0.718750734739665,0.570978286365109
"coral",2,201,FALSE,0.515211304327802,0.442992501989667
"coral",2,202,TRUE,0.3654879848909,0.285497355003475
"coral",2,203,TRUE,0.344392273685111,0.40513224609192
"coral",2,204,FALSE,0.196728722623287,0.48747874094849
"coral",2,205,FALSE,0.392696953259666,0.328285534311769
"coral",2,206,FALSE,0.365394376854778,0.448675771872468
"coral",2,207,TRUE,0.389166084364532,0.415576562807951
"coral",2,208,FALSE,0.653212513775344,0.441451098267527
"coral",2,209,FALSE,0.440594261839831,0.422369531469603
"coral",2,210,TRUE,0.202215775801131,0.446269226670421
"coral",2,211,FALSE,0.48572142648158,0.401129109842867
"coral",2,212,FALSE,0.244277120801843,0.465950420005692
"coral",2,213,FALSE,0.372727940885595,0.478911436014136
"coral",2,214,FALSE,0.52244423350632,0.448867325206569
"coral",2,215,FALSE,0.257678574869184,0.411890863888101
"coral",2,216,FALSE,0.384353414137506,0.503393511371019
"coral",2,217,FALSE,0.335858911319818,0.525411283789936
"coral",2,218,FALSE,0.555094448578319,0.497778326301988
"coral",2,219,FALSE,0.271841606536499,0.419017841323032
"coral",2,220,FALSE,0.471291711058939,0.385115137677095
"coral",2,221,TRUE,0.294906910605192,0.405528023976521
"coral",2,222,FALSE,0.655138434811382,0.588779328093343
"coral",2,223,FALSE,0.528916700277655,0.51026119181442
"coral",2,224,FALSE,0.777426822389311,0.505983214984931
"coral",2,225,TRUE,0.191730393362856,0.486936771604362
"coral",2,226,FALSE,0.239549720840473,0.427617307106189
"coral",2,227,TRUE,0.582404298019028,0.58900248430612
"coral",2,228,TRUE,0.569373909615046,0.287974466265535
"coral",2,229,FALSE,0.334252642334231,0.383370547984339
"coral",2,230,FALSE,0.406369835469268,0.505224574996141
"coral",2,231,FALSE,0.0597526942092988,0.31019910884261
"coral",2,232,TRUE,0.472463896606989,0.477589509114071
"coral",2,233,FALSE,0.666985718329661,0.463042638195754
"coral",2,234,FALSE,0.65417654187796,0.541054893910716
"coral",2,235,FALSE,0.259593878885949,0.467586671463661
"coral",2,236,FALSE,0.527114111639805,0.591595191815346
"coral",2,237,TRUE,0.367169488534681,0.364562547026829
"coral",2,238,TRUE,0.19228861256812,0.31328661483107
"coral",2,239,FALSE,0.478566495593843,0.314680517084317
"coral",2,240,FALSE,0.253580289562183,0.436885388993747
"coral",2,241,FALSE,0.27554168840131,0.354269075051716
"coral",2,242,FALSE,0.532627001228891,0.284590976327542
"coral",2,243,TRUE,0.542451947375977,0.467686217342992
"coral",2,244,FALSE,0.381836799998343,0.437469217884367
"coral",2,245,TRUE,0.511616020569138,0.592427888228272
"coral",2,246,FALSE,0.476831628512261,0.56980781478866
"coral",2,247,FALSE,0.301029995663981,0.516466991088081
"coral",2,248,FALSE,0.325823419002744,0.360032439182434
"coral",2,249,FALSE,0.586024382386976,0.501444814667639
"coral",2,250,FALSE,0.218535505216528,0.243281065415876
"coral",2,251,FALSE,0.0480531731156091,0.202903495083357
"coral",2,252,FALSE,0.378397900948138,0.549443701515853
"coral",2,253,FALSE,0.595275711802099,0.408118925416001
"coral",2,254,FALSE,0.398807730203264,0.524949126335653
"coral",2,255,TRUE,0.161368002234975,0.27692376226993
"coral",2,256,FALSE,0.456214155357989,0.453469051734721
"coral",2,257,FALSE,0.641126932803509,0.488454229881633
"coral",2,258,FALSE,0.54020429984206,0.368050351428505
"coral",2,259,FALSE,0.0328201494385639,0.13949503689225
"coral",2,260,FALSE,0.434888120867316,0.53708047941205
"coral",2,261,FALSE,0.332034277027518,0.458285960698482
"coral",2,262,FALSE,0.391816923613249,0.590453382787183
"coral",2,263,TRUE,0.347427598618541,0.224685479371654
"coral",2,264,FALSE,0.352182518111362,0.31070735636855
"coral",2,265,TRUE,0.154119525515847,0.251313034714685
"coral",2,266,FALSE,0.591398551281249,0.444844410713337
"coral",2,267,TRUE,0.315970345456918,0.415605130590544
"coral",2,268,FALSE,0.470410490975931,0.458927026068324
"coral",2,269,FALSE,0.826074802700826,0.741844905068639
"coral",2,270,FALSE,0.234264124378789,0.392084192708446
"coral",2,271,FALSE,0.504878459410216,0.425324542697756
"coral",2,272,FALSE,0.582744965691277,0.371810717741539
"coral",2,273,FALSE,0.542327382773974,0.499878441157556
"coral",2,274,FALSE,0.657055852857104,0.458273452580272
"coral",2,275,FALSE,0.328379603438738,0.374562277015432
"coral",2,276,FALSE,0.4679039465228,0.234196280371495
"coral",2,277,FALSE,0.331427296520743,0.480193545781557
"coral",2,278,FALSE,0.352664799651101,0.399531867284325
"coral",2,279,FALSE,0.437116093048079,0.288852128794117
"coral",2,280,FALSE,0.325043347403704,0.384029401218865
"coral",2,281,FALSE,0.749581734865559,0.443094671686206
"coral",2,282,FALSE,0.775319121829478,0.518841426005154
"coral",2,283,FALSE,0.817565369559781,0.521103101697724
"coral",2,284,FALSE,0.526442668529935,0.268316120138721
"coral",2,285,FALSE,0.682145076373832,0.527023917124677
"coral",2,286,FALSE,0.425534220498263,0.493919040405391
"coral",2,287,FALSE,0.659726095237792,0.46385673384678
"coral",2,288,FALSE,0.672097857935718,0.40509899213206
"coral",2,289,FALSE,0.534026106056135,0.451918876136993
"coral",2,290,FALSE,0.615950051656401,0.535131096989387
"coral",2,291,TRUE,0.262451089730429,0.434226529592657
"coral",3,1,TRUE,0.482873583608754,0.577207261435918
"coral",3,2,TRUE,0.496929648073215,0.49067076619671
"coral",3,3,TRUE,0.623042434246382,0.553223368056434
"coral",3,4,TRUE,0.523746466811564,0.393855889731265
"coral",3,5,TRUE,0.47567118832443,0.49212398074036
"coral",3,6,FALSE,0.469674772551798,0.357153401405963
"coral",3,7,FALSE,0.387389826338729,0.468656626512752
"coral",3,8,FALSE,0.627365856592733,0.430009680328153
"coral",3,9,FALSE,0.591064607026499,0.428800004432328
"coral",3,10,FALSE,0.218220304175545,0.308741831464693
"coral",3,11,TRUE,0.680335513414563,0.424346731854773
"coral",3,12,TRUE,0.680607428991788,0.460969887639808
"coral",3,13,FALSE,0.721810615212547,0.574100479430165
"coral",3,14,TRUE,0.20682587603185,0.315477866610548
"coral",3,15,TRUE,0.582063362911709,0.411665055544248
"coral",3,16,FALSE,0.696094159995223,0.540832238859137
"coral",3,17,TRUE,0.40823996531185,0.391296888336235
"coral",3,18,FALSE,0.433001340945038,0.456312853830977
"coral",3,19,FALSE,0.653212513775344,0.482653651955183
"coral",3,20,FALSE,0.558072259099146,0.421876430125381
"coral",3,21,FALSE,0.261928672990642,0.226340464616118
"coral",3,22,TRUE,0.637489729512511,0.502094050834125
"coral",3,23,FALSE,0.504878459410216,0.389541289475954
"coral",3,24,FALSE,0.286995073968852,0.372465129406395
"coral",3,25,TRUE,0.662757831681574,0.475291707799226
"coral",3,26,FALSE,0.524525936626376,0.485588372668805
"coral",3,27,TRUE,0.406540180433955,0.441119628613036
"coral",3,28,FALSE,0.656098202012832,0.509170921226548
"coral",3,29,FALSE,0.517987203025078,0.431878917104652
"coral",3,30,FALSE,0.703119346236078,0.509479184799255
"coral",3,31,FALSE,0.691081492122968,0.55628699218278
"coral",3,32,FALSE,0.0141423615450058,0.40325302495628
"coral",3,33,FALSE,0.733197265106569,0.64754752551261
"coral",3,34,FALSE,0.408070285887185,0.402762946262746
"coral",3,35,FALSE,0.396024896608593,0.466438623579461
"coral",3,36,FALSE,0.398391440229475,0.479008697324669
"coral",3,37,FALSE,0.770852011642144,0.524045595317995
"coral",3,38,TRUE,0.15836249209525,0.339004255740084
"coral",3,39,FALSE,0.625415352154408,0.528739489482458
"coral",3,40,FALSE,0.496334505996816,0.513845792718908
"coral",3,41,FALSE,0.679427896612119,0.595484845374609
"coral",3,42,FALSE,0.610116955411928,0.555312366807968
"coral",3,43,FALSE,0.645913275033844,0.461897792677352
"coral",3,44,FALSE,0.465382851448418,0.453625981208773
"coral",3,45,FALSE,0.569490954348783,0.556657489940225
"coral",3,46,FALSE,0.187520720836463,0.275149606809761
"coral",3,47,FALSE,0.465813957269479,0.481962072299582
"coral",3,48,FALSE,0.231214647962601,0.526817389861503
"coral",3,49,FALSE,0.670802284260944,0.592819267524941
"coral",3,50,FALSE,0.459935016851525,0.522609116023594
"coral",3,51,FALSE,0.287129620719111,0.417646868974749
"coral",3,52,FALSE,0.6232492903979,0.475319163099858
"coral",3,53,FALSE,0.8109042806687,0.674421045532291
"coral",3,54,TRUE,0.354108439147401,0.212837582527546
"coral",3,55,FALSE,0.129141845792285,0.413692694806033
"coral",3,56,FALSE,0.244969460136198,0.391249577623645
"coral",3,57,FALSE,0.364363354615731,0.412688663035968
"coral",3,58,TRUE,0.334212409393176,0.404314782649228
"coral",3,59,FALSE,0.489677291663699,0.541551153499922
"coral",3,60,FALSE,0.525304009958239,0.473663067474885
"coral",3,61,TRUE,0.406540180433955,0.391787037720874
"coral",3,62,FALSE,0.335457900689384,0.544845082351289
"coral",3,63,FALSE,0.419873175149476,0.515831740390297
"coral",3,64,FALSE,0.397227181043161,0.55658519257078
"coral",3,65,TRUE,0.59659709562646,0.663230004886081
"coral",3,66,FALSE,0.260071387985075,0.437495915572949
"coral",3,67,FALSE,0.489466281303128,0.580139814203395
"coral",3,68,FALSE,0.544018407858776,0.704221639815043
"coral",3,69,FALSE,0.665205628434601,0.66710940542399
"coral",3,70,FALSE,0.537819095073274,0.589173755565156
"coral",3,71,FALSE,0.501059262217751,0.506140191618064
"coral",3,72,FALSE,0.415699348887829,0.439922394198547
"coral",3,73,TRUE,0.298853076409707,0.470767110463757
"coral",3,74,TRUE,0.289365951520032,0.319461168065315
"coral",3,75,FALSE,0.497620649781288,0.325369564628232
"coral",3,76,TRUE,0.778151250383644,0.560939840168158
"coral",3,77,TRUE,0.260071387985075,0.391537909290155
"coral",3,78,FALSE,0.367542273520577,0.484536736514116
"coral",3,79,FALSE,0.534026106056135,0.473355831124746
"coral",3,80,FALSE,0.287129620719111,0.302263819272818
"coral",3,81,FALSE,0.469822015978163,0.403581120631505
"coral",3,82,TRUE,0.399673721481038,0.390400142916514
"coral",3,83,FALSE,0.307496037913213,0.306349667720997
"coral",3,84,TRUE,0.322219294733919,0.32763098212264
"coral",3,85,FALSE,0.247236549506764,0.40194194810196
"coral",3,86,FALSE,0.6232492903979,0.472320897883637
"coral",3,87,TRUE,0.429752280002408,0.413953843126093
"coral",3,88,TRUE,0.566943971856554,0.414852614502645
"coral",3,89,FALSE,0.605951157564873,0.571727812527654
"coral",3,90,FALSE,0.265996370495079,0.486850183089979
"coral",3,91,FALSE,0.555215405126073,0.386649441013333
"coral",3,92,FALSE,0.638489256954637,0.50139883626034
"coral",3,93,FALSE,0.528145078253106,0.577519621081762
"coral",3,94,FALSE,0.227552503379865,0.513875030886261
"coral",3,95,FALSE,0.430075055551939,0.544359267939778
"coral",3,96,FALSE,0.184549481320698,0.356117369694082
"coral",3,97,FALSE,0.472537053262077,0.48710280736635
"coral",3,98,FALSE,0.60616631460762,0.454833149015979
"coral",3,99,FALSE,0.685553652846326,0.606270695604007
"coral",3,100,TRUE,0.296665190261531,0.574902109511644
"coral",3,101,FALSE,0.491361693834273,0.577289008113107
"coral",3,102,FALSE,0.513217600067939,0.443877945927825
"coral",3,103,TRUE,0.64738297011462,0.55118713592214
"coral",3,104,FALSE,0.491361693834273,0.506396005944047
"coral",3,105,FALSE,0.406028944963615,0.407466590868201
"coral",3,106,FALSE,0.752025387323213,0.498529175053343
"coral",3,107,TRUE,0.6414741105041,0.459989042245634
"coral",3,108,FALSE,0.416307587059883,0.573269640245178
"coral",3,109,FALSE,0.966610986681934,0.761907379545776
"coral",3,110,FALSE,0.188647295999717,0.326067397602113
"coral",3,111,FALSE,0.708335902682263,0.506986920019288
"coral",3,112,FALSE,0.685741738602264,0.829322750665194
"coral",3,113,FALSE,0.559308010907013,0.501927261528796
"coral",3,114,FALSE,0.355259905527378,0.459635918130141
"coral",3,115,FALSE,0.187520720836463,0.38032649620455
"coral",3,116,TRUE,0.569373909615046,0.497389332109108
"coral",3,117,FALSE,0.572523097849638,0.53192779982548
"coral",3,118,FALSE,0.538070787043172,0.537577103276084
"coral",3,119,FALSE,0.374748346010104,0.414352841116565
"coral",3,120,FALSE,0.294686624279443,0.340606629893179
"coral",3,121,FALSE,0.432969290874406,0.455664332948969
"coral",3,122,TRUE,0.320146286111054,0.607766342874262
"coral",3,123,FALSE,0.574262829707027,0.45220166420863
"coral",3,124,FALSE,0.610234175334389,0.606173033556166
"coral",3,125,FALSE,0.173186268412274,0.249362581461951
"coral",3,126,FALSE,0.314499227973151,0.42485783178743
"coral",3,127,FALSE,0.753330221324521,0.541269656225503
"coral",3,128,FALSE,0.338456493604605,0.461635726563448
"coral",3,129,TRUE,0.0253058652647703,0.15495537682752
"coral",3,130,FALSE,0.21045229296202,0.372209510392177
"coral",3,131,FALSE,0.440121603187804,0.436774025042637
"coral",3,132,TRUE,0.181872159010334,0.464328550043592
"coral",3,133,FALSE,0.761326322421457,0.574601153222928
"coral",3,134,FALSE,0.188084373714938,0.392096664478012
"coral",3,135,FALSE,0.662757831681574,0.411202736704772
"coral",3,136,FALSE,0.409425868671443,0.5101330496809
"coral",3,137,FALSE,0.387389826338729,0.343438189622223
"coral",3,138,FALSE,0.256236533205923,0.361381035310034
"coral",3,139,FALSE,0.381656482585787,0.427916222988512
"coral",3,140,FALSE,0.43568513794163,0.494152616424448
"coral",3,141,FALSE,0.190331698170291,0.394512338721771
"coral",3,142,TRUE,0.123851640967086,0.290613762782581
"coral",3,143,FALSE,0.208978517276253,0.466717889187631
"coral",3,144,TRUE,0.506505032404872,0.458645430806308
"coral",3,145,FALSE,0.390935107103379,0.423312926276118
"coral",3,146,FALSE,0.442479769064449,0.486304458738485
"coral",3,147,FALSE,0.417139409727326,0.423652988355636
"coral",3,148,FALSE,0.260071387985075,0.334072145845728
"coral",3,149,TRUE,0.308777773664721,0.439362465479572
"coral",3,150,FALSE,0.583198773968623,0.470342200031052
"coral",3,151,TRUE,0.456062224454951,0.424091280613277
"coral",3,152,FALSE,0.370698092575577,0.389104743940559
"coral",3,153,FALSE,0.639486489268586,0.631200928815522
"coral",3,154,FALSE,0.777412321496744,0.459052279330332
"coral",3,155,TRUE,0.590284403718162,0.493602419413216
"coral",3,156,FALSE,0.618215503279417,0.480408359579244
"coral",3,157,FALSE,0.224533062606086,0.554473380840687
"coral",3,158,FALSE,0.234010817587179,0.32284014691271
"coral",3,159,FALSE,0.595826777073223,0.43565418616777
"coral",3,160,TRUE,0.612783856719735,0.546484326007599
"coral",3,161,FALSE,0.581266805273671,0.578362645641946
"coral",3,162,FALSE,0.588383768378728,0.596202807062871
"coral",3,163,FALSE,0.108226656374928,0.368665594600837
"coral",3,164,TRUE,0.381115080709851,0.426661739493745
"coral",3,165,FALSE,0.255272505103306,0.543564447299522
"coral",3,166,FALSE,0.680879174426811,0.495640473783832
"coral",3,167,FALSE,0.564784384503987,0.486107064338104
"coral",3,168,TRUE,0.526339277389844,0.36077459623048
"coral",3,169,FALSE,0.294466226161593,0.427860898191482
"coral",3,170,FALSE,0.612783856719735,0.45818334994617
"coral",3,171,FALSE,0.5182506513085,0.559155248625629
"coral",3,172,FALSE,0.442949869577862,0.366862358220137
"coral",3,173,FALSE,0.505149978319906,0.472989299381832
"coral",3,174,FALSE,0.305995882770805,0.419544952476615
"coral",3,175,TRUE,0.612783856719735,0.488928870434383
"coral",3,176,TRUE,0.204119982655925,0.32710680466275
"coral",3,177,FALSE,0.677333151419902,0.411889831353163
"coral",3,178,FALSE,0.345961541813141,0.46987277863475
"coral",3,179,FALSE,0.361160995195026,0.443611293147832
"coral",3,180,TRUE,0.127104798364808,0.133801820141534
"coral",3,181,FALSE,0.514547752660286,0.308224451795897
"coral",3,182,FALSE,0.362350507594848,0.473711935737562
"coral",3,183,FALSE,0.662757831681574,0.477365521346455
"coral",3,184,FALSE,0.313867220369153,0.397152575601739
"coral",3,185,FALSE,0.839666556882433,0.519652197108529
"coral",3,186,FALSE,0.16999753706657,0.386929375487442
"coral",3,187,FALSE,0.129367595722986,0.119388757205669
"coral",3,188,FALSE,0.36078268987328,0.341242856645661
"coral",3,189,FALSE,0.429106008332697,0.472616153107521
"coral",3,190,FALSE,0.702602841340427,0.541718932813848
"coral",3,191,FALSE,0.571708831808688,0.478713505560204
"coral",3,192,FALSE,0.343920385393226,0.307794407386943
"coral",3,193,FALSE,0.695131297704026,0.538562289035215
"coral",3,194,FALSE,0.629409599102719,0.536749518162285
"coral",3,195,FALSE,0.414973347970818,0.39976753266775
"coral",3,196,FALSE,0.276231957921834,0.400588486742233
"coral",3,197,FALSE,0.531478917042255,0.521532388148631
"coral",3,198,FALSE,0.236789099409293,0.407230739591314
"coral",3,199,FALSE,0.756407872548958,0.765895909469009
"coral",3,200,FALSE,0.718750734739665,0.596420101225154
"coral",3,201,FALSE,0.515211304327802,0.430918489977901
"coral",3,202,TRUE,0.3654879848909,0.293827610258154
"coral",3,203,TRUE,0.344392273685111,0.421452190782378
"coral",3,204,FALSE,0.196728722623287,0.473152716815229
"coral",3,205,FALSE,0.392696953259666,0.370944431417093
"coral",3,206,FALSE,0.365394376854778,0.465041045678764
"coral",3,207,TRUE,0.389166084364532,0.448432817322423
"coral",3,208,FALSE,0.653212513775344,0.484082985184366
"coral",3,209,FALSE,0.440594261839831,0.381010680578891
"coral",3,210,TRUE,0.202215775801131,0.446657912554806
"coral",3,211,FALSE,0.48572142648158,0.398140229299945
"coral",3,212,FALSE,0.244277120801843,0.465424902580566
"coral",3,213,FALSE,0.372727940885595,0.528623738233853
"coral",3,214,FALSE,0.52244423350632,0.516545268085664
"coral",3,215,FALSE,0.257678574869184,0.398453933025186
"coral",3,216,FALSE,0.384353414137506,0.533297591376604
"coral",3,217,FALSE,0.335858911319818,0.475506209452383
"coral",3,218,FALSE,0.555094448578319,0.516584150509192
"coral",3,219,FALSE,0.271841606536499,0.438253918361126
"coral",3,220,FALSE,0.471291711058939,0.40654725452164
"coral",3,221,TRUE,0.294906910605192,0.406023947757074
"coral",3,222,FALSE,0.655138434811382,0.567171444424839
"coral",3,223,FALSE,0.528916700277655,0.50627286115939
"coral",3,224,FALSE,0.777426822389311,0.5189334200766
"coral",3,225,TRUE,0.191730393362856,0.46873129799396
"coral",3,226,FALSE,0.239549720840473,0.456493389560027
"coral",3,227,TRUE,0.582404298019028,0.586513566859266
"coral",3,228,TRUE,0.569373909615046,0.297382675906166
"coral",3,229,FALSE,0.334252642334231,0.355640041595902
"coral",3,230,FALSE,0.406369835469268,0.472349082085156
"coral",3,231,FALSE,0.0597526942092988,0.325858699784635
"coral",3,232,TRUE,0.472463896606989,0.475957196279916
"coral",3,233,FALSE,0.666985718329661,0.460912872421555
"coral",3,234,FALSE,0.65417654187796,0.580225986332494
"coral",3,235,FALSE,0.259593878885949,0.474594221780574
"coral",3,236,FALSE,0.527114111639805,0.599313489710871
"coral",3,237,TRUE,0.367169488534681,0.354076464488624
"coral",3,238,TRUE,0.19228861256812,0.294024701362178
"coral",3,239,FALSE,0.478566495593843,0.339169503070466
"coral",3,240,FALSE,0.253580289562183,0.477901710631514
"coral",3,241,FALSE,0.27554168840131,0.38347313260738
"coral",3,242,FALSE,0.532627001228891,0.311283348742059
"coral",3,243,TRUE,0.542451947375977,0.426530383810714
"coral",3,244,FALSE,0.381836799998343,0.443648905361268
"coral",3,245,TRUE,0.511616020569138,0.614919196930168
"coral",3,246,FALSE,0.476831628512261,0.580995167716001
"coral",3,247,FALSE,0.301029995663981,0.475510513055257
"coral",3,248,FALSE,0.325823419002744,0.392375390842664
"coral",3,249,FALSE,0.586024382386976,0.497870401377005
"coral",3,250,FALSE,0.218535505216528,0.307165434089425
"coral",3,251,FALSE,0.0480531731156091,0.223473995855806
"coral",3,252,FALSE,0.378397900948138,0.545990879593985
"coral",3,253,FALSE,0.595275711802099,0.385976589267153
"coral",3,254,FALSE,0.398807730203264,0.510330758521428
"coral",3,255,TRUE,0.161368002234975,0.267094659014493
"coral",3,256,FALSE,0.456214155357989,0.479092860440222
"coral",3,257,FALSE,0.641126932803509,0.451845761512602
"coral",3,258,FALSE,0.54020429984206,0.361821391802111
"coral",3,259,FALSE,0.0328201494385639,0.107027595035554
"coral",3,260,FALSE,0.434888120867316,0.539010943242502
"coral",3,261,FALSE,0.332034277027518,0.417517641550151
"coral",3,262,FALSE,0.391816923613249,0.593887800753761
"coral",3,263,TRUE,0.347427598618541,0.203431061575773
"coral",3,264,FALSE,0.352182518111362,0.31695305185877
"coral",3,265,TRUE,0.154119525515847,0.210889845315594
"coral",3,266,FALSE,0.591398551281249,0.453632255842779
"coral",3,267,TRUE,0.315970345456918,0.438053023055713
"coral",3,268,FALSE,0.470410490975931,0.46717149523741
"coral",3,269,FALSE,0.826074802700826,0.794974606836158
"coral",3,270,FALSE,0.234264124378789,0.386795086872974
"coral",3,271,FALSE,0.504878459410216,0.462401922039078
"coral",3,272,FALSE,0.582744965691277,0.386474692731495
"coral",3,273,FALSE,0.542327382773974,0.514457310398593
"coral",3,274,FALSE,0.657055852857104,0.46951031398286
"coral",3,275,FALSE,0.328379603438738,0.39254278952487
"coral",3,276,FALSE,0.4679039465228,0.27643950061502
"coral",3,277,FALSE,0.331427296520743,0.520412157167527
"coral",3,278,FALSE,0.352664799651101,0.433735710738465
"coral",3,279,FALSE,0.437116093048079,0.336833917983374
"coral",3,280,FALSE,0.325043347403704,0.383267719988646
"coral",3,281,FALSE,0.749581734865559,0.465552760342012
"coral",3,282,FALSE,0.775319121829478,0.542189198403012
"coral",3,283,FALSE,0.817565369559781,0.528293326574991
"coral",3,284,FALSE,0.526442668529935,0.325753432219253
"coral",3,285,FALSE,0.682145076373832,0.555696864062977
"coral",3,286,FALSE,0.425534220498263,0.491043031983914
"coral",3,287,FALSE,0.659726095237792,0.492923052920227
"coral",3,288,FALSE,0.672097857935718,0.404747041937961
"coral",3,289,FALSE,0.534026106056135,0.455951155708706
"coral",3,290,FALSE,0.615950051656401,0.540585037235025
"coral",3,291,TRUE,0.262451089730429,0.345270719461043
"wopt",1,1,TRUE,0.482873583608754,0.548301107062207
"wopt",1,2,TRUE,0.496929648073215,0.447170287160479
"wopt",1,3,TRUE,0.623042434246382,0.492750501161189
"wopt",1,4,TRUE,0.523746466811564,0.372874207202741
"wopt",1,5,TRUE,0.47567118832443,0.461159650694007
"wopt",1,6,FALSE,0.469674772551798,0.366380270012979
"wopt",1,7,FALSE,0.387389826338729,0.497108614719632
"wopt",1,8,FALSE,0.627365856592733,0.420595039150133
"wopt",1,9,FALSE,0.591064607026499,0.441031275049307
"wopt",1,10,FALSE,0.218220304175545,0.299617496008758
"wopt",1,11,TRUE,0.680335513414563,0.371703343427159
"wopt",1,12,TRUE,0.680607428991788,0.393217228219169
"wopt",1,13,FALSE,0.721810615212547,0.583803745430994
"wopt",1,14,TRUE,0.20682587603185,0.326389169677936
"wopt",1,15,TRUE,0.582063362911709,0.374493328122067
"wopt",1,16,FALSE,0.696094159995223,0.525069024082528
"wopt",1,17,TRUE,0.40823996531185,0.390932071974636
"wopt",1,18,FALSE,0.433001340945038,0.425919073081274
"wopt",1,19,FALSE,0.653212513775344,0.454613674576593
"wopt",1,20,FALSE,0.558072259099146,0.429139669521186
"wopt",1,21,FALSE,0.261928672990642,0.229001994822773
"wopt",1,22,TRUE,0.637489729512511,0.472492950340937
"wopt",1,23,FALSE,0.504878459410216,0.361248123815295
"wopt",1,24,FALSE,0.286995073968852,0.392195040760913
"wopt",1,25,TRUE,0.662757831681574,0.431034270752179
"wopt",1,26,FALSE,0.524525936626376,0.506066898104614
"wopt",1,27,TRUE,0.406540180433955,0.505306923286049
"wopt",1,28,FALSE,0.656098202012832,0.525651969129539
"wopt",1,29,FALSE,0.517987203025078,0.435591762787187
"wopt",1,30,FALSE,0.703119346236078,0.526165232751105
"wopt",1,31,FALSE,0.691081492122968,0.558269560560605
"wopt",1,32,FALSE,0.0141423615450058,0.358321140837927
"wopt",1,33,FALSE,0.733197265106569,0.70424677265997
"wopt",1,34,FALSE,0.408070285887185,0.442236248858138
"wopt",1,35,FALSE,0.396024896608593,0.453686479155542
"wopt",1,36,FALSE,0.398391440229475,0.476698390219541
"wopt",1,37,FALSE,0.770852011642144,0.558454941415877
"wopt",1,38,TRUE,0.15836249209525,0.354324894876332
"wopt",1,39,FALSE,0.625415352154408,0.535195328340846
"wopt",1,40,FALSE,0.496334505996816,0.509671165649286
"wopt",1,41,FALSE,0.679427896612119,0.586606057729945
"wopt",1,42,FALSE,0.610116955411928,0.543681424043757
"wopt",1,43,FALSE,0.645913275033844,0.472067204844427
"wopt",1,44,FALSE,0.465382851448418,0.458621300743667
"wopt",1,45,FALSE,0.569490954348783,0.555540023064561
"wopt",1,46,FALSE,0.187520720836463,0.28009416554343
"wopt",1,47,FALSE,0.465813957269479,0.509561709179086
"wopt",1,48,FALSE,0.231214647962601,0.510771565702225
"wopt",1,49,FALSE,0.670802284260944,0.621660139067149
"wopt",1,50,FALSE,0.459935016851525,0.533085661689701
"wopt",1,51,FALSE,0.287129620719111,0.394676893990824
"wopt",1,52,FALSE,0.6232492903979,0.451083528818284
"wopt",1,53,FALSE,0.8109042806687,0.662969256331139
"wopt",1,54,TRUE,0.354108439147401,0.44815216016985
"wopt",1,55,FALSE,0.129141845792285,0.385615853700063
"wopt",1,56,FALSE,0.244969460136198,0.382665643217483
"wopt",1,57,FALSE,0.364363354615731,0.403389060955367
"wopt",1,58,TRUE,0.334212409393176,0.469652346595545
"wopt",1,59,FALSE,0.489677291663699,0.550887346363081
"wopt",1,60,FALSE,0.525304009958239,0.464394235054227
"wopt",1,61,TRUE,0.406540180433955,0.379508908866853
"wopt",1,62,FALSE,0.335457900689384,0.569162985999814
"wopt",1,63,FALSE,0.419873175149476,0.507330924316234
"wopt",1,64,FALSE,0.397227181043161,0.561250728757523
"wopt",1,65,TRUE,0.59659709562646,0.637700336513865
"wopt",1,66,FALSE,0.260071387985075,0.457715864759597
"wopt",1,67,FALSE,0.489466281303128,0.575640946509004
"wopt",1,68,FALSE,0.544018407858776,0.682082754988997
"wopt",1,69,FALSE,0.665205628434601,0.681045874387905
"wopt",1,70,FALSE,0.537819095073274,0.591654335896703
"wopt",1,71,FALSE,0.501059262217751,0.565835524576432
"wopt",1,72,FALSE,0.415699348887829,0.464249296948777
"wopt",1,73,TRUE,0.298853076409707,0.402549576806763
"wopt",1,74,TRUE,0.289365951520032,0.398684996722051
"wopt",1,75,FALSE,0.497620649781288,0.34200197114881
"wopt",1,76,TRUE,0.778151250383644,0.483941504904464
"wopt",1,77,TRUE,0.260071387985075,0.442848983788291
"wopt",1,78,FALSE,0.367542273520577,0.507033850971706
"wopt",1,79,FALSE,0.534026106056135,0.486786951062035
"wopt",1,80,FALSE,0.287129620719111,0.322821019812086
"wopt",1,81,FALSE,0.469822015978163,0.380074765189459
"wopt",1,82,TRUE,0.399673721481038,0.332960172064182
"wopt",1,83,FALSE,0.307496037913213,0.271631875865257
"wopt",1,84,TRUE,0.322219294733919,0.373459537668765
"wopt",1,85,FALSE,0.247236549506764,0.386951619801769
"wopt",1,86,FALSE,0.6232492903979,0.486327612779481
"wopt",1,87,TRUE,0.429752280002408,0.394212965157307
"wopt",1,88,TRUE,0.566943971856554,0.417341994944212
"wopt",1,89,FALSE,0.605951157564873,0.539964278780491
"wopt",1,90,FALSE,0.265996370495079,0.489079853290539
"wopt",1,91,FALSE,0.555215405126073,0.377954158554507
"wopt",1,92,FALSE,0.638489256954637,0.49361447337004
"wopt",1,93,FALSE,0.528145078253106,0.577201229558437
"wopt",1,94,FALSE,0.227552503379865,0.540323933661785
"wopt",1,95,FALSE,0.430075055551939,0.544649831762418
"wopt",1,96,FALSE,0.184549481320698,0.358739211003962
"wopt",1,97,FALSE,0.472537053262077,0.521540694420517
"wopt",1,98,FALSE,0.60616631460762,0.47016855775341
"wopt",1,99,FALSE,0.685553652846326,0.623222062927246
"wopt",1,100,TRUE,0.296665190261531,0.533406166320317
"wopt",1,101,FALSE,0.491361693834273,0.56076985286381
"wopt",1,102,FALSE,0.513217600067939,0.375838856032052
"wopt",1,103,TRUE,0.64738297011462,0.540326257521466
"wopt",1,104,FALSE,0.491361693834273,0.501105940110668
"wopt",1,105,FALSE,0.406028944963615,0.461079028667506
"wopt",1,106,FALSE,0.752025387323213,0.515806538756317
"wopt",1,107,TRUE,0.6414741105041,0.51914211067235
"wopt",1,108,FALSE,0.416307587059883,0.546511714712016
"wopt",1,109,FALSE,0.966610986681934,0.771009289567719
"wopt",1,110,FALSE,0.188647295999717,0.335695934431519
"wopt",1,111,FALSE,0.708335902682263,0.503378855503318
"wopt",1,112,FALSE,0.685741738602264,0.81774407043075
"wopt",1,113,FALSE,0.559308010907013,0.571123782076049
"wopt",1,114,FALSE,0.355259905527378,0.457484817880111
"wopt",1,115,FALSE,0.187520720836463,0.318247884533758
"wopt",1,116,TRUE,0.569373909615046,0.453705848281796
"wopt",1,117,FALSE,0.572523097849638,0.5218085760167
"wopt",1,118,FALSE,0.538070787043172,0.526353427813744
"wopt",1,119,FALSE,0.374748346010104,0.444743058962867
"wopt",1,120,FALSE,0.294686624279443,0.342714502945626
"wopt",1,121,FALSE,0.432969290874406,0.451906147815447
"wopt",1,122,TRUE,0.320146286111054,0.583044914092964
"wopt",1,123,FALSE,0.574262829707027,0.43083839499207
"wopt",1,124,FALSE,0.610234175334389,0.629603118102247
"wopt",1,125,FALSE,0.173186268412274,0.252897829375256
"wopt",1,126,FALSE,0.314499227973151,0.435118796377673
"wopt",1,127,FALSE,0.753330221324521,0.537669362123032
"wopt",1,128,FALSE,0.338456493604605,0.505199309312232
"wopt",1,129,TRUE,0.0253058652647703,0.291339318092165
"wopt",1,130,FALSE,0.21045229296202,0.358568698172622
"wopt",1,131,FALSE,0.440121603187804,0.491000966311734
"wopt",1,132,TRUE,0.181872159010334,0.444034687820543
"wopt",1,133,FALSE,0.761326322421457,0.614255865688071
"wopt",1,134,FALSE,0.188084373714938,0.437894441042104
"wopt",1,135,FALSE,0.662757831681574,0.408128702349625
"wopt",1,136,FALSE,0.409425868671443,0.485408139183292
"wopt",1,137,FALSE,0.387389826338729,0.342793193204378
"wopt",1,138,FALSE,0.256236533205923,0.416433497422166
"wopt",1,139,FALSE,0.381656482585787,0.41600809380231
"wopt",1,140,FALSE,0.43568513794163,0.483731229604788
"wopt",1,141,FALSE,0.190331698170291,0.417572411578509
"wopt",1,142,TRUE,0.123851640967086,0.405757432170522
"wopt",1,143,FALSE,0.208978517276253,0.443980932616626
"wopt",1,144,TRUE,0.506505032404872,0.489198019871858
"wopt",1,145,FALSE,0.390935107103379,0.434145818308824
"wopt",1,146,FALSE,0.442479769064449,0.503947702299411
"wopt",1,147,FALSE,0.417139409727326,0.436052901099316
"wopt",1,148,FALSE,0.260071387985075,0.342659796813514
"wopt",1,149,TRUE,0.308777773664721,0.454840813062276
"wopt",1,150,FALSE,0.583198773968623,0.471390083958021
"wopt",1,151,TRUE,0.456062224454951,0.434862518988396
"wopt",1,152,FALSE,0.370698092575577,0.309586513324786
"wopt",1,153,FALSE,0.639486489268586,0.626081172883941
"wopt",1,154,FALSE,0.777412321496744,0.47910979389034
"wopt",1,155,TRUE,0.590284403718162,0.520633582668941
"wopt",1,156,FALSE,0.618215503279417,0.495092598430726
"wopt",1,157,FALSE,0.224533062606086,0.432113422803048
"wopt",1,158,FALSE,0.234010817587179,0.308427448865734
"wopt",1,159,FALSE,0.595826777073223,0.428645946254097
"wopt",1,160,TRUE,0.612783856719735,0.521185786687466
"wopt",1,161,FALSE,0.581266805273671,0.580543685521268
"wopt",1,162,FALSE,0.588383768378728,0.572593138487239
"wopt",1,163,FALSE,0.108226656374928,0.375816736304949
"wopt",1,164,TRUE,0.381115080709851,0.407726248392898
"wopt",1,165,FALSE,0.255272505103306,0.55060052111285
"wopt",1,166,FALSE,0.680879174426811,0.533534121955981
"wopt",1,167,FALSE,0.564784384503987,0.519316209029054
"wopt",1,168,TRUE,0.526339277389844,0.373280746668682
"wopt",1,169,FALSE,0.294466226161593,0.446244395451484
"wopt",1,170,FALSE,0.612783856719735,0.493470705664831
"wopt",1,171,FALSE,0.5182506513085,0.570857851804566
"wopt",1,172,FALSE,0.442949869577862,0.378785616595005
"wopt",1,173,FALSE,0.505149978319906,0.473816318689458
"wopt",1,174,FALSE,0.305995882770805,0.425622349565778
"wopt",1,175,TRUE,0.612783856719735,0.478866766336309
"wopt",1,176,TRUE,0.204119982655925,0.421081663664839
"wopt",1,177,FALSE,0.677333151419902,0.405876801383938
"wopt",1,178,FALSE,0.345961541813141,0.527317968013407
"wopt",1,179,FALSE,0.361160995195026,0.453009644645361
"wopt",1,180,TRUE,0.127104798364808,0.236507376940269
"wopt",1,181,FALSE,0.514547752660286,0.313519969382984
"wopt",1,182,FALSE,0.362350507594848,0.470370877501968
"wopt",1,183,FALSE,0.662757831681574,0.466020154630006
"wopt",1,184,FALSE,0.313867220369153,0.413126425557073
"wopt",1,185,FALSE,0.839666556882433,0.521415639533871
"wopt",1,186,FALSE,0.16999753706657,0.363595530182904
"wopt",1,187,FALSE,0.129367595722986,0.236384400679295
"wopt",1,188,FALSE,0.36078268987328,0.319941767926952
"wopt",1,189,FALSE,0.429106008332697,0.456374207810502
"wopt",1,190,FALSE,0.702602841340427,0.555338207235733
"wopt",1,191,FALSE,0.571708831808688,0.471327959416804
"wopt",1,192,FALSE,0.343920385393226,0.312520458837394
"wopt",1,193,FALSE,0.695131297704026,0.520426024539029
"wopt",1,194,FALSE,0.629409599102719,0.560499781157705
"wopt",1,195,FALSE,0.414973347970818,0.413757605818568
"wopt",1,196,FALSE,0.276231957921834,0.384571898950703
"wopt",1,197,FALSE,0.531478917042255,0.531278775796893
"wopt",1,198,FALSE,0.236789099409293,0.38648844611846
"wopt",1,199,FALSE,0.756407872548958,0.749878368090691
"wopt",1,200,FALSE,0.718750734739665,0.593248631225436
"wopt",1,201,FALSE,0.515211304327802,0.443626054350102
"wopt",1,202,TRUE,0.3654879848909,0.272795995073965
"wopt",1,203,TRUE,0.344392273685111,0.427681614560172
"wopt",1,204,FALSE,0.196728722623287,0.487195708937474
"wopt",1,205,FALSE,0.392696953259666,0.430481806835998
"wopt",1,206,FALSE,0.365394376854778,0.403895849904723
"wopt",1,207,TRUE,0.389166084364532,0.444239372557839
"wopt",1,208,FALSE,0.653212513775344,0.463005290004759
"wopt",1,209,FALSE,0.440594261839831,0.377233292176311
"wopt",1,210,TRUE,0.202215775801131,0.493125658755667
"wopt",1,211,FALSE,0.48572142648158,0.395435737320573
"wopt",1,212,FALSE,0.244277120801843,0.474333544216839
"wopt",1,213,FALSE,0.372727940885595,0.455723853483776
"wopt",1,214,FALSE,0.52244423350632,0.479850962944435
"wopt",1,215,FALSE,0.257678574869184,0.410595401798675
"wopt",1,216,FALSE,0.384353414137506,0.563845749474737
"wopt",1,217,FALSE,0.335858911319818,0.498479097232815
"wopt",1,218,FALSE,0.555094448578319,0.502910558945969
"wopt",1,219,FALSE,0.271841606536499,0.479929454027658
"wopt",1,220,FALSE,0.471291711058939,0.481179733558296
"wopt",1,221,TRUE,0.294906910605192,0.441240586981962
"wopt",1,222,FALSE,0.655138434811382,0.611231491378414
"wopt",1,223,FALSE,0.528916700277655,0.479331677008251
"wopt",1,224,FALSE,0.777426822389311,0.517211879238428
"wopt",1,225,TRUE,0.191730393362856,0.508894744343978
"wopt",1,226,FALSE,0.239549720840473,0.425953786642369
"wopt",1,227,TRUE,0.582404298019028,0.557698165310495
"wopt",1,228,TRUE,0.569373909615046,0.318730006971201
"wopt",1,229,FALSE,0.334252642334231,0.397384207360806
"wopt",1,230,FALSE,0.406369835469268,0.503267003366525
"wopt",1,231,FALSE,0.0597526942092988,0.302660295281805
"wopt",1,232,TRUE,0.472463896606989,0.50334945723464
"wopt",1,233,FALSE,0.666985718329661,0.450659806496123
"wopt",1,234,FALSE,0.65417654187796,0.526955499513719
"wopt",1,235,FALSE,0.259593878885949,0.490801720364467
"wopt",1,236,FALSE,0.527114111639805,0.593859007512943
"wopt",1,237,TRUE,0.367169488534681,0.406919603443734
"wopt",1,238,TRUE,0.19228861256812,0.326447760357577
"wopt",1,239,FALSE,0.478566495593843,0.312904827177051
"wopt",1,240,FALSE,0.253580289562183,0.400572694286418
"wopt",1,241,FALSE,0.27554168840131,0.362338206523132
"wopt",1,242,FALSE,0.532627001228891,0.323300566834866
"wopt",1,243,TRUE,0.542451947375977,0.404639989031673
"wopt",1,244,FALSE,0.381836799998343,0.400058986476871
"wopt",1,245,TRUE,0.511616020569138,0.616966002125049
"wopt",1,246,FALSE,0.476831628512261,0.567892822653254
"wopt",1,247,FALSE,0.301029995663981,0.485467126419659
"wopt",1,248,FALSE,0.325823419002744,0.363270933629661
"wopt",1,249,FALSE,0.586024382386976,0.480792028076515
"wopt",1,250,FALSE,0.218535505216528,0.310500189375774
"wopt",1,251,FALSE,0.0480531731156091,0.167315625255108
"wopt",1,252,FALSE,0.378397900948138,0.543580264322691
"wopt",1,253,FALSE,0.595275711802099,0.455185892673674
"wopt",1,254,FALSE,0.398807730203264,0.450761126227289
"wopt",1,255,TRUE,0.161368002234975,0.266887264399486
"wopt",1,256,FALSE,0.456214155357989,0.457358251627079
"wopt",1,257,FALSE,0.641126932803509,0.452328077817658
"wopt",1,258,FALSE,0.54020429984206,0.348942790323483
"wopt",1,259,FALSE,0.0328201494385639,0.191758469502551
"wopt",1,260,FALSE,0.434888120867316,0.528799793104778
"wopt",1,261,FALSE,0.332034277027518,0.505485400251841
"wopt",1,262,FALSE,0.391816923613249,0.590692067192511
"wopt",1,263,TRUE,0.347427598618541,0.31261397558075
"wopt",1,264,FALSE,0.352182518111362,0.272327351788142
"wopt",1,265,TRUE,0.154119525515847,0.242790497848217
"wopt",1,266,FALSE,0.591398551281249,0.42365470637548
"wopt",1,267,TRUE,0.315970345456918,0.412820085012407
"wopt",1,268,FALSE,0.470410490975931,0.454659464218728
"wopt",1,269,FALSE,0.826074802700826,0.736077687180584
"wopt",1,270,FALSE,0.234264124378789,0.399013106151014
"wopt",1,271,FALSE,0.504878459410216,0.428343774602667
"wopt",1,272,FALSE,0.582744965691277,0.377086924526316
"wopt",1,273,FALSE,0.542327382773974,0.517986705435329
"wopt",1,274,FALSE,0.657055852857104,0.454731251984351
"wopt",1,275,FALSE,0.328379603438738,0.374237925993286
"wopt",1,276,FALSE,0.4679039465228,0.241082500286178
"wopt",1,277,FALSE,0.331427296520743,0.499759714988105
"wopt",1,278,FALSE,0.352664799651101,0.454308644780548
"wopt",1,279,FALSE,0.437116093048079,0.351623639094619
"wopt",1,280,FALSE,0.325043347403704,0.368990546726958
"wopt",1,281,FALSE,0.749581734865559,0.449894753306581
"wopt",1,282,FALSE,0.775319121829478,0.494383638172405
"wopt",1,283,FALSE,0.817565369559781,0.492236473747294
"wopt",1,284,FALSE,0.526442668529935,0.369373253930181
"wopt",1,285,FALSE,0.682145076373832,0.567724759475639
"wopt",1,286,FALSE,0.425534220498263,0.532904916696553
"wopt",1,287,FALSE,0.659726095237792,0.537479994890319
"wopt",1,288,FALSE,0.672097857935718,0.390822382649709
"wopt",1,289,FALSE,0.534026106056135,0.40367674526839
"wopt",1,290,FALSE,0.615950051656401,0.564813445136183
"wopt",1,291,TRUE,0.262451089730429,0.402295576573705
"wopt",2,1,TRUE,0.482873583608754,0.583699179575802
"wopt",2,2,TRUE,0.496929648073215,0.475110577271421
"wopt",2,3,TRUE,0.623042434246382,0.543931920175997
"wopt",2,4,TRUE,0.523746466811564,0.402629907878909
"wopt",2,5,TRUE,0.47567118832443,0.462646909895345
"wopt",2,6,FALSE,0.469674772551798,0.310426067619591
"wopt",2,7,FALSE,0.387389826338729,0.489692561281577
"wopt",2,8,FALSE,0.627365856592733,0.385725631195442
"wopt",2,9,FALSE,0.591064607026499,0.40004718604467
"wopt",2,10,FALSE,0.218220304175545,0.405913878266456
"wopt",2,11,TRUE,0.680335513414563,0.41552655861141
"wopt",2,12,TRUE,0.680607428991788,0.418398994128944
"wopt",2,13,FALSE,0.721810615212547,0.583858226320138
"wopt",2,14,TRUE,0.20682587603185,0.341778926244083
"wopt",2,15,TRUE,0.582063362911709,0.363984806773702
"wopt",2,16,FALSE,0.696094159995223,0.549343233022673
"wopt",2,17,TRUE,0.40823996531185,0.375812673509317
"wopt",2,18,FALSE,0.433001340945038,0.452775784722419
"wopt",2,19,FALSE,0.653212513775344,0.436934516570375
"wopt",2,20,FALSE,0.558072259099146,0.442139574407472
"wopt",2,21,FALSE,0.261928672990642,0.197686784639656
"wopt",2,22,TRUE,0.637489729512511,0.501743902793743
"wopt",2,23,FALSE,0.504878459410216,0.382689257479813
"wopt",2,24,FALSE,0.286995073968852,0.424305233584984
"wopt",2,25,TRUE,0.662757831681574,0.450385407126797
"wopt",2,26,FALSE,0.524525936626376,0.479063363466684
"wopt",2,27,TRUE,0.406540180433955,0.498411965820399
"wopt",2,28,FALSE,0.656098202012832,0.51108083552383
"wopt",2,29,FALSE,0.517987203025078,0.385265988152287
"wopt",2,30,FALSE,0.703119346236078,0.550284875237242
"wopt",2,31,FALSE,0.691081492122968,0.575181844653193
"wopt",2,32,FALSE,0.0141423615450058,0.38118658683003
"wopt",2,33,FALSE,0.733197265106569,0.664413292178091
"wopt",2,34,FALSE,0.408070285887185,0.443358364801082
"wopt",2,35,FALSE,0.396024896608593,0.410572772003973
"wopt",2,36,FALSE,0.398391440229475,0.474212561628493
"wopt",2,37,FALSE,0.770852011642144,0.57881159755259
"wopt",2,38,TRUE,0.15836249209525,0.298096679766349
"wopt",2,39,FALSE,0.625415352154408,0.567978287531817
"wopt",2,40,FALSE,0.496334505996816,0.529785810408479
"wopt",2,41,FALSE,0.679427896612119,0.580138710356076
"wopt",2,42,FALSE,0.610116955411928,0.534711896102874
"wopt",2,43,FALSE,0.645913275033844,0.447188838070603
"wopt",2,44,FALSE,0.465382851448418,0.445824746569397
"wopt",2,45,FALSE,0.569490954348783,0.553742612348803
"wopt",2,46,FALSE,0.187520720836463,0.256886476099071
"wopt",2,47,FALSE,0.465813957269479,0.505576027286299
"wopt",2,48,FALSE,0.231214647962601,0.521108851255704
"wopt",2,49,FALSE,0.670802284260944,0.628485747593725
"wopt",2,50,FALSE,0.459935016851525,0.526150953528538
"wopt",2,51,FALSE,0.287129620719111,0.434421067662187
"wopt",2,52,FALSE,0.6232492903979,0.518867584282403
"wopt",2,53,FALSE,0.8109042806687,0.654864727227215
"wopt",2,54,TRUE,0.354108439147401,0.500955438584532
"wopt",2,55,FALSE,0.129141845792285,0.407357710201361
"wopt",2,56,FALSE,0.244969460136198,0.404026179321507
"wopt",2,57,FALSE,0.364363354615731,0.401520180072275
"wopt",2,58,TRUE,0.334212409393176,0.427657258121144
"wopt",2,59,FALSE,0.489677291663699,0.562095697784672
"wopt",2,60,FALSE,0.525304009958239,0.436193558738485
"wopt",2,61,TRUE,0.406540180433955,0.387270695359692
"wopt",2,62,FALSE,0.335457900689384,0.564412887705319
"wopt",2,63,FALSE,0.419873175149476,0.510077136170712
"wopt",2,64,FALSE,0.397227181043161,0.553989108005911
"wopt",2,65,TRUE,0.59659709562646,0.641360587605211
"wopt",2,66,FALSE,0.260071387985075,0.436369800477007
"wopt",2,67,FALSE,0.489466281303128,0.570535170157413
"wopt",2,68,FALSE,0.544018407858776,0.696568288585155
"wopt",2,69,FALSE,0.665205628434601,0.645304447478875
"wopt",2,70,FALSE,0.537819095073274,0.557993478931508
"wopt",2,71,FALSE,0.501059262217751,0.555954474608223
"wopt",2,72,FALSE,0.415699348887829,0.411357959772217
"wopt",2,73,TRUE,0.298853076409707,0.457328625864211
"wopt",2,74,TRUE,0.289365951520032,0.365739749169171
"wopt",2,75,FALSE,0.497620649781288,0.334536439801893
"wopt",2,76,TRUE,0.778151250383644,0.5219013015953
"wopt",2,77,TRUE,0.260071387985075,0.395915204455851
"wopt",2,78,FALSE,0.367542273520577,0.480893306451638
"wopt",2,79,FALSE,0.534026106056135,0.476342144347586
"wopt",2,80,FALSE,0.287129620719111,0.33453771591063
"wopt",2,81,FALSE,0.469822015978163,0.370275150684393
"wopt",2,82,TRUE,0.399673721481038,0.315127093853534
"wopt",2,83,FALSE,0.307496037913213,0.265601425369756
"wopt",2,84,TRUE,0.322219294733919,0.358975890600125
"wopt",2,85,FALSE,0.247236549506764,0.38895709583458
"wopt",2,86,FALSE,0.6232492903979,0.503959458812755
"wopt",2,87,TRUE,0.429752280002408,0.421487800151421
"wopt",2,88,TRUE,0.566943971856554,0.416618515795263
"wopt",2,89,FALSE,0.605951157564873,0.536003905424415
"wopt",2,90,FALSE,0.265996370495079,0.521094564213166
"wopt",2,91,FALSE,0.555215405126073,0.402422620342215
"wopt",2,92,FALSE,0.638489256954637,0.473471178256293
"wopt",2,93,FALSE,0.528145078253106,0.549483186107086
"wopt",2,94,FALSE,0.227552503379865,0.535368497221637
"wopt",2,95,FALSE,0.430075055551939,0.540386670940657
"wopt",2,96,FALSE,0.184549481320698,0.363868667879097
"wopt",2,97,FALSE,0.472537053262077,0.507647970999245
"wopt",2,98,FALSE,0.60616631460762,0.408109294265414
"wopt",2,99,FALSE,0.685553652846326,0.620358035367123
"wopt",2,100,TRUE,0.296665190261531,0.548282188043028
"wopt",2,101,FALSE,0.491361693834273,0.568067567944168
"wopt",2,102,FALSE,0.513217600067939,0.331003663669503
"wopt",2,103,TRUE,0.64738297011462,0.48876143515628
"wopt",2,104,FALSE,0.491361693834273,0.509792751579776
"wopt",2,105,FALSE,0.406028944963615,0.437145838612886
"wopt",2,106,FALSE,0.752025387323213,0.495472650713064
"wopt",2,107,TRUE,0.6414741105041,0.468466704973627
"wopt",2,108,FALSE,0.416307587059883,0.572857821474192
"wopt",2,109,FALSE,0.966610986681934,0.774467330816001
"wopt",2,110,FALSE,0.188647295999717,0.353597907352043
"wopt",2,111,FALSE,0.708335902682263,0.48991624233941
"wopt",2,112,FALSE,0.685741738602264,0.787976679346622
"wopt",2,113,FALSE,0.559308010907013,0.512963461448033
"wopt",2,114,FALSE,0.355259905527378,0.446276135314628
"wopt",2,115,FALSE,0.187520720836463,0.338417687683944
"wopt",2,116,TRUE,0.569373909615046,0.415305397824157
"wopt",2,117,FALSE,0.572523097849638,0.570576302611002
"wopt",2,118,FALSE,0.538070787043172,0.536033950644085
"wopt",2,119,FALSE,0.374748346010104,0.383486802269765
"wopt",2,120,FALSE,0.294686624279443,0.369620921086606
"wopt",2,121,FALSE,0.432969290874406,0.47731556679174
"wopt",2,122,TRUE,0.320146286111054,0.564542367540199
"wopt",2,123,FALSE,0.574262829707027,0.445033826212953
"wopt",2,124,FALSE,0.610234175334389,0.621604860223119
"wopt",2,125,FALSE,0.173186268412274,0.242383499526613
"wopt",2,126,FALSE,0.314499227973151,0.42348607842568
"wopt",2,127,FALSE,0.753330221324521,0.555561967848794
"wopt",2,128,FALSE,0.338456493604605,0.460800607117173
"wopt",2,129,TRUE,0.0253058652647703,0.247936297391034
"wopt",2,130,FALSE,0.21045229296202,0.453477576718303
"wopt",2,131,FALSE,0.440121603187804,0.514823727328898
"wopt",2,132,TRUE,0.181872159010334,0.403420211002336
"wopt",2,133,FALSE,0.761326322421457,0.614622393592491
"wopt",2,134,FALSE,0.188084373714938,0.454433950009686
"wopt",2,135,FALSE,0.662757831681574,0.413308984703388
"wopt",2,136,FALSE,0.409425868671443,0.487503063133173
"wopt",2,137,FALSE,0.387389826338729,0.341786808116913
"wopt",2,138,FALSE,0.256236533205923,0.4083102046752
"wopt",2,139,FALSE,0.381656482585787,0.420711829543037
"wopt",2,140,FALSE,0.43568513794163,0.488701646700505
"wopt",2,141,FALSE,0.190331698170291,0.438257629340561
"wopt",2,142,TRUE,0.123851640967086,0.404861761758576
"wopt",2,143,FALSE,0.208978517276253,0.432290818255613
"wopt",2,144,TRUE,0.506505032404872,0.477070141913126
"wopt",2,145,FALSE,0.390935107103379,0.390634844744898
"wopt",2,146,FALSE,0.442479769064449,0.504050439708282
"wopt",2,147,FALSE,0.417139409727326,0.474581753956421
"wopt",2,148,FALSE,0.260071387985075,0.402227464834562
"wopt",2,149,TRUE,0.308777773664721,0.434811947640258
"wopt",2,150,FALSE,0.583198773968623,0.446708758904258
"wopt",2,151,TRUE,0.456062224454951,0.43203410005718
"wopt",2,152,FALSE,0.370698092575577,0.352567794711093
"wopt",2,153,FALSE,0.639486489268586,0.639062976634773
"wopt",2,154,FALSE,0.777412321496744,0.452652632735269
"wopt",2,155,TRUE,0.590284403718162,0.520565926420397
"wopt",2,156,FALSE,0.618215503279417,0.516878232600119
"wopt",2,157,FALSE,0.224533062606086,0.483277208946831
"wopt",2,158,FALSE,0.234010817587179,0.297288405940486
"wopt",2,159,FALSE,0.595826777073223,0.424361768031811
"wopt",2,160,TRUE,0.612783856719735,0.514788758202812
"wopt",2,161,FALSE,0.581266805273671,0.584152387805451
"wopt",2,162,FALSE,0.588383768378728,0.59531131948868
"wopt",2,163,FALSE,0.108226656374928,0.379484834468675
"wopt",2,164,TRUE,0.381115080709851,0.371177614540506
"wopt",2,165,FALSE,0.255272505103306,0.547159399466912
"wopt",2,166,FALSE,0.680879174426811,0.540539083146777
"wopt",2,167,FALSE,0.564784384503987,0.491662990328266
"wopt",2,168,TRUE,0.526339277389844,0.357113829859522
"wopt",2,169,FALSE,0.294466226161593,0.44336363385761
"wopt",2,170,FALSE,0.612783856719735,0.474162571105103
"wopt",2,171,FALSE,0.5182506513085,0.570128006297066
"wopt",2,172,FALSE,0.442949869577862,0.353576613626581
"wopt",2,173,FALSE,0.505149978319906,0.495237568619584
"wopt",2,174,FALSE,0.305995882770805,0.390143655061729
"wopt",2,175,TRUE,0.612783856719735,0.503578708139365
"wopt",2,176,TRUE,0.204119982655925,0.428533241385668
"wopt",2,177,FALSE,0.677333151419902,0.446856435711441
"wopt",2,178,FALSE,0.345961541813141,0.50714982890551
"wopt",2,179,FALSE,0.361160995195026,0.464105747370389
"wopt",2,180,TRUE,0.127104798364808,0.261922008605388
"wopt",2,181,FALSE,0.514547752660286,0.380687942894178
"wopt",2,182,FALSE,0.362350507594848,0.477132725728695
"wopt",2,183,FALSE,0.662757831681574,0.469643025147869
"wopt",2,184,FALSE,0.313867220369153,0.388945474680458
"wopt",2,185,FALSE,0.839666556882433,0.528150130928187
"wopt",2,186,FALSE,0.16999753706657,0.361869669788674
"wopt",2,187,FALSE,0.129367595722986,0.0624310545413329
"wopt",2,188,FALSE,0.36078268987328,0.309746499519129
"wopt",2,189,FALSE,0.429106008332697,0.470961882392579
"wopt",2,190,FALSE,0.702602841340427,0.534634595748813
"wopt",2,191,FALSE,0.571708831808688,0.475399019718236
"wopt",2,192,FALSE,0.343920385393226,0.30049715957393
"wopt",2,193,FALSE,0.695131297704026,0.530671230220471
"wopt",2,194,FALSE,0.629409599102719,0.558986295278371
"wopt",2,195,FALSE,0.414973347970818,0.401042120170796
"wopt",2,196,FALSE,0.276231957921834,0.378222208711358
"wopt",2,197,FALSE,0.531478917042255,0.518743608929425
"wopt",2,198,FALSE,0.236789099409293,0.378791671250349
"wopt",2,199,FALSE,0.756407872548958,0.747335359764293
"wopt",2,200,FALSE,0.718750734739665,0.599145855529057
"wopt",2,201,FALSE,0.515211304327802,0.445132606910104
"wopt",2,202,TRUE,0.3654879848909,0.298547438527739
"wopt",2,203,TRUE,0.344392273685111,0.416836845015575
"wopt",2,204,FALSE,0.196728722623287,0.484063442090708
"wopt",2,205,FALSE,0.392696953259666,0.408342863607432
"wopt",2,206,FALSE,0.365394376854778,0.430016247718689
"wopt",2,207,TRUE,0.389166084364532,0.423367202137939
"wopt",2,208,FALSE,0.653212513775344,0.450504342026132
"wopt",2,209,FALSE,0.440594261839831,0.43247677304587
"wopt",2,210,TRUE,0.202215775801131,0.433448886954384
"wopt",2,211,FALSE,0.48572142648158,0.417999012802778
"wopt",2,212,FALSE,0.244277120801843,0.509940284468532
"wopt",2,213,FALSE,0.372727940885595,0.470884825318404
"wopt",2,214,FALSE,0.52244423350632,0.446717307062868
"wopt",2,215,FALSE,0.257678574869184,0.406820562330929
"wopt",2,216,FALSE,0.384353414137506,0.49447938397644
"wopt",2,217,FALSE,0.335858911319818,0.540114181611194
"wopt",2,218,FALSE,0.555094448578319,0.520553628796185
"wopt",2,219,FALSE,0.271841606536499,0.459410401693923
"wopt",2,220,FALSE,0.471291711058939,0.427892308654632
"wopt",2,221,TRUE,0.294906910605192,0.464196766047001
"wopt",2,222,FALSE,0.655138434811382,0.599221982901056
"wopt",2,223,FALSE,0.528916700277655,0.522159309237924
"wopt",2,224,FALSE,0.777426822389311,0.499594164675908
"wopt",2,225,TRUE,0.191730393362856,0.516270599121537
"wopt",2,226,FALSE,0.239549720840473,0.415348493838249
"wopt",2,227,TRUE,0.582404298019028,0.557092193929857
"wopt",2,228,TRUE,0.569373909615046,0.327734260012318
"wopt",2,229,FALSE,0.334252642334231,0.395981782292898
"wopt",2,230,FALSE,0.406369835469268,0.501081378641104
"wopt",2,231,FALSE,0.0597526942092988,0.314296330789297
"wopt",2,232,TRUE,0.472463896606989,0.476046764119769
"wopt",2,233,FALSE,0.666985718329661,0.449260280842051
"wopt",2,234,FALSE,0.65417654187796,0.543944518456284
"wopt",2,235,FALSE,0.259593878885949,0.465085524333936
"wopt",2,236,FALSE,0.527114111639805,0.605060995917964
"wopt",2,237,TRUE,0.367169488534681,0.388129342618813
"wopt",2,238,TRUE,0.19228861256812,0.335460606246344
"wopt",2,239,FALSE,0.478566495593843,0.313110777871144
"wopt",2,240,FALSE,0.253580289562183,0.390144984915469
"wopt",2,241,FALSE,0.27554168840131,0.355887007262285
"wopt",2,242,FALSE,0.532627001228891,0.293083117343247
"wopt",2,243,TRUE,0.542451947375977,0.418089176498382
"wopt",2,244,FALSE,0.381836799998343,0.431347982450018
"wopt",2,245,TRUE,0.511616020569138,0.540672229411227
"wopt",2,246,FALSE,0.476831628512261,0.591637974244054
"wopt",2,247,FALSE,0.301029995663981,0.519319077084416
"wopt",2,248,FALSE,0.325823419002744,0.36097504615834
"wopt",2,249,FALSE,0.586024382386976,0.474456556098501
"wopt",2,250,FALSE,0.218535505216528,0.259441962462575
"wopt",2,251,FALSE,0.0480531731156091,0.210048002757202
"wopt",2,252,FALSE,0.378397900948138,0.559811125333946
"wopt",2,253,FALSE,0.595275711802099,0.416136570475349
"wopt",2,254,FALSE,0.398807730203264,0.485080584076623
"wopt",2,255,TRUE,0.161368002234975,0.287161393067908
"wopt",2,256,FALSE,0.456214155357989,0.446134282387593
"wopt",2,257,FALSE,0.641126932803509,0.471795219580416
"wopt",2,258,FALSE,0.54020429984206,0.348570329689341
"wopt",2,259,FALSE,0.0328201494385639,0.179063865315873
"wopt",2,260,FALSE,0.434888120867316,0.551510542153864
"wopt",2,261,FALSE,0.332034277027518,0.499392099648277
"wopt",2,262,FALSE,0.391816923613249,0.600806859851866
"wopt",2,263,TRUE,0.347427598618541,0.31213927600843
"wopt",2,264,FALSE,0.352182518111362,0.308546289425434
"wopt",2,265,TRUE,0.154119525515847,0.26625166595315
"wopt",2,266,FALSE,0.591398551281249,0.428834943587748
"wopt",2,267,TRUE,0.315970345456918,0.398932025445816
"wopt",2,268,FALSE,0.470410490975931,0.463563258021265
"wopt",2,269,FALSE,0.826074802700826,0.770138763999153
"wopt",2,270,FALSE,0.234264124378789,0.388385543010344
"wopt",2,271,FALSE,0.504878459410216,0.421378987979985
"wopt",2,272,FALSE,0.582744965691277,0.372208543831602
"wopt",2,273,FALSE,0.542327382773974,0.533592645981747
"wopt",2,274,FALSE,0.657055852857104,0.447445263587824
"wopt",2,275,FALSE,0.328379603438738,0.370108901524802
"wopt",2,276,FALSE,0.4679039465228,0.231306579503122
"wopt",2,277,FALSE,0.331427296520743,0.485470180158655
"wopt",2,278,FALSE,0.352664799651101,0.387343506094047
"wopt",2,279,FALSE,0.437116093048079,0.32386165413383
"wopt",2,280,FALSE,0.325043347403704,0.373872808460907
"wopt",2,281,FALSE,0.749581734865559,0.457654070945524
"wopt",2,282,FALSE,0.775319121829478,0.505298643495359
"wopt",2,283,FALSE,0.817565369559781,0.507528006773792
"wopt",2,284,FALSE,0.526442668529935,0.326111740758261
"wopt",2,285,FALSE,0.682145076373832,0.525528398442646
"wopt",2,286,FALSE,0.425534220498263,0.496613694885233
"wopt",2,287,FALSE,0.659726095237792,0.484484344181467
"wopt",2,288,FALSE,0.672097857935718,0.39770080039547
"wopt",2,289,FALSE,0.534026106056135,0.460303929357374
"wopt",2,290,FALSE,0.615950051656401,0.521717661752963
"wopt",2,291,TRUE,0.262451089730429,0.416139155245729
"wopt",3,1,TRUE,0.482873583608754,0.563670661713523
"wopt",3,2,TRUE,0.496929648073215,0.50209724014548
"wopt",3,3,TRUE,0.623042434246382,0.511360947339938
"wopt",3,4,TRUE,0.523746466811564,0.423327595895246
"wopt",3,5,TRUE,0.47567118832443,0.471089613607396
"wopt",3,6,FALSE,0.469674772551798,0.36908875868307
"wopt",3,7,FALSE,0.387389826338729,0.463401816799493
"wopt",3,8,FALSE,0.627365856592733,0.424120613185784
"wopt",3,9,FALSE,0.591064607026499,0.430818529481238
"wopt",3,10,FALSE,0.218220304175545,0.336134017318316
"wopt",3,11,TRUE,0.680335513414563,0.412468548748369
"wopt",3,12,TRUE,0.680607428991788,0.448208628538114
"wopt",3,13,FALSE,0.721810615212547,0.577972633023397
"wopt",3,14,TRUE,0.20682587603185,0.340651591455241
"wopt",3,15,TRUE,0.582063362911709,0.398750446828813
"wopt",3,16,FALSE,0.696094159995223,0.538798927294796
"wopt",3,17,TRUE,0.40823996531185,0.379958965524056
"wopt",3,18,FALSE,0.433001340945038,0.442274533754567
"wopt",3,19,FALSE,0.653212513775344,0.478596595210462
"wopt",3,20,FALSE,0.558072259099146,0.423352375594612
"wopt",3,21,FALSE,0.261928672990642,0.232453222629548
"wopt",3,22,TRUE,0.637489729512511,0.527554848666835
"wopt",3,23,FALSE,0.504878459410216,0.382854865902152
"wopt",3,24,FALSE,0.286995073968852,0.382075909538716
"wopt",3,25,TRUE,0.662757831681574,0.449714088710924
"wopt",3,26,FALSE,0.524525936626376,0.480925753296774
"wopt",3,27,TRUE,0.406540180433955,0.487246892559048
"wopt",3,28,FALSE,0.656098202012832,0.52290261105871
"wopt",3,29,FALSE,0.517987203025078,0.451648495280711
"wopt",3,30,FALSE,0.703119346236078,0.509561437933298
"wopt",3,31,FALSE,0.691081492122968,0.558161234681401
"wopt",3,32,FALSE,0.0141423615450058,0.395453346088448
"wopt",3,33,FALSE,0.733197265106569,0.643567530993113
"wopt",3,34,FALSE,0.408070285887185,0.412636557760181
"wopt",3,35,FALSE,0.396024896608593,0.439859391563613
"wopt",3,36,FALSE,0.398391440229475,0.477900770963993
"wopt",3,37,FALSE,0.770852011642144,0.536668113951885
"wopt",3,38,TRUE,0.15836249209525,0.329323404588141
"wopt",3,39,FALSE,0.625415352154408,0.539889922704695
"wopt",3,40,FALSE,0.496334505996816,0.506575356200733
"wopt",3,41,FALSE,0.679427896612119,0.605765869137319
"wopt",3,42,FALSE,0.610116955411928,0.557703615784418
"wopt",3,43,FALSE,0.645913275033844,0.458666013736542
"wopt",3,44,FALSE,0.465382851448418,0.449139669459017
"wopt",3,45,FALSE,0.569490954348783,0.561011370281989
"wopt",3,46,FALSE,0.187520720836463,0.260944181961217
"wopt",3,47,FALSE,0.465813957269479,0.494355893046519
"wopt",3,48,FALSE,0.231214647962601,0.515762964505385
"wopt",3,49,FALSE,0.670802284260944,0.610361358935366
"wopt",3,50,FALSE,0.459935016851525,0.526236702771394
"wopt",3,51,FALSE,0.287129620719111,0.401080977847934
"wopt",3,52,FALSE,0.6232492903979,0.469003132499495
"wopt",3,53,FALSE,0.8109042806687,0.661847970695012
"wopt",3,54,TRUE,0.354108439147401,0.421651716271432
"wopt",3,55,FALSE,0.129141845792285,0.414665106974403
"wopt",3,56,FALSE,0.244969460136198,0.402669745698795
"wopt",3,57,FALSE,0.364363354615731,0.413765648635681
"wopt",3,58,TRUE,0.334212409393176,0.399172799720892
"wopt",3,59,FALSE,0.489677291663699,0.539376827152141
"wopt",3,60,FALSE,0.525304009958239,0.466160061742401
"wopt",3,61,TRUE,0.406540180433955,0.402778865542331
"wopt",3,62,FALSE,0.335457900689384,0.546509432099189
"wopt",3,63,FALSE,0.419873175149476,0.509356241478
"wopt",3,64,FALSE,0.397227181043161,0.576020184169648
"wopt",3,65,TRUE,0.59659709562646,0.616908073901308
"wopt",3,66,FALSE,0.260071387985075,0.442270481127415
"wopt",3,67,FALSE,0.489466281303128,0.586711192295528
"wopt",3,68,FALSE,0.544018407858776,0.68889534865412
"wopt",3,69,FALSE,0.665205628434601,0.673727235769191
"wopt",3,70,FALSE,0.537819095073274,0.601640760559231
"wopt",3,71,FALSE,0.501059262217751,0.502373063126485
"wopt",3,72,FALSE,0.415699348887829,0.4442841899038
"wopt",3,73,TRUE,0.298853076409707,0.413044538446006
"wopt",3,74,TRUE,0.289365951520032,0.339783462409924
"wopt",3,75,FALSE,0.497620649781288,0.323933952725338
"wopt",3,76,TRUE,0.778151250383644,0.512161233740379
"wopt",3,77,TRUE,0.260071387985075,0.35227219977623
"wopt",3,78,FALSE,0.367542273520577,0.483169669580058
"wopt",3,79,FALSE,0.534026106056135,0.476470293310554
"wopt",3,80,FALSE,0.287129620719111,0.325901552977049
"wopt",3,81,FALSE,0.469822015978163,0.409684608785244
"wopt",3,82,TRUE,0.399673721481038,0.324299997183588
"wopt",3,83,FALSE,0.307496037913213,0.275389082066991
"wopt",3,84,TRUE,0.322219294733919,0.37086060814417
"wopt",3,85,FALSE,0.247236549506764,0.405429262841146
"wopt",3,86,FALSE,0.6232492903979,0.473005701052436
"wopt",3,87,TRUE,0.429752280002408,0.393696183984649
"wopt",3,88,TRUE,0.566943971856554,0.435913163743176
"wopt",3,89,FALSE,0.605951157564873,0.565343555589964
"wopt",3,90,FALSE,0.265996370495079,0.488196832602683
"wopt",3,91,FALSE,0.555215405126073,0.40234785772271
"wopt",3,92,FALSE,0.638489256954637,0.495475503439365
"wopt",3,93,FALSE,0.528145078253106,0.578720674875561
"wopt",3,94,FALSE,0.227552503379865,0.504784620505226
"wopt",3,95,FALSE,0.430075055551939,0.539691155497789
"wopt",3,96,FALSE,0.184549481320698,0.340747125877525
"wopt",3,97,FALSE,0.472537053262077,0.478870508360646
"wopt",3,98,FALSE,0.60616631460762,0.471548589506135
"wopt",3,99,FALSE,0.685553652846326,0.602091013107483
"wopt",3,100,TRUE,0.296665190261531,0.546823633924122
"wopt",3,101,FALSE,0.491361693834273,0.584592385539713
"wopt",3,102,FALSE,0.513217600067939,0.431239229779414
"wopt",3,103,TRUE,0.64738297011462,0.444129631328328
"wopt",3,104,FALSE,0.491361693834273,0.503641545356962
"wopt",3,105,FALSE,0.406028944963615,0.421214421965654
"wopt",3,106,FALSE,0.752025387323213,0.503263158164884
"wopt",3,107,TRUE,0.6414741105041,0.492376695681271
"wopt",3,108,FALSE,0.416307587059883,0.558286693208756
"wopt",3,109,FALSE,0.966610986681934,0.779351844106565
"wopt",3,110,FALSE,0.188647295999717,0.335773915908108
"wopt",3,111,FALSE,0.708335902682263,0.503341264362178
"wopt",3,112,FALSE,0.685741738602264,0.798493477789287
"wopt",3,113,FALSE,0.559308010907013,0.522750638398546
"wopt",3,114,FALSE,0.355259905527378,0.465065801526831
"wopt",3,115,FALSE,0.187520720836463,0.355458848682295
"wopt",3,116,TRUE,0.569373909615046,0.460896917784513
"wopt",3,117,FALSE,0.572523097849638,0.518897935319948
"wopt",3,118,FALSE,0.538070787043172,0.549214173363979
"wopt",3,119,FALSE,0.374748346010104,0.412489316063557
"wopt",3,120,FALSE,0.294686624279443,0.337982355758673
"wopt",3,121,FALSE,0.432969290874406,0.4550746418538
"wopt",3,122,TRUE,0.320146286111054,0.589801648587071
"wopt",3,123,FALSE,0.574262829707027,0.454670715110198
"wopt",3,124,FALSE,0.610234175334389,0.623394034109034
"wopt",3,125,FALSE,0.173186268412274,0.243280602251205
"wopt",3,126,FALSE,0.314499227973151,0.429780535753599
"wopt",3,127,FALSE,0.753330221324521,0.558403952218153
"wopt",3,128,FALSE,0.338456493604605,0.453946448092142
"wopt",3,129,TRUE,0.0253058652647703,0.24556507023445
"wopt",3,130,FALSE,0.21045229296202,0.429699515593038
"wopt",3,131,FALSE,0.440121603187804,0.468719333353371
"wopt",3,132,TRUE,0.181872159010334,0.423760606174683
"wopt",3,133,FALSE,0.761326322421457,0.581731314276888
"wopt",3,134,FALSE,0.188084373714938,0.395966640266329
"wopt",3,135,FALSE,0.662757831681574,0.400904289520407
"wopt",3,136,FALSE,0.409425868671443,0.494594448337385
"wopt",3,137,FALSE,0.387389826338729,0.338607632395707
"wopt",3,138,FALSE,0.256236533205923,0.355446884825114
"wopt",3,139,FALSE,0.381656482585787,0.426031615573412
"wopt",3,140,FALSE,0.43568513794163,0.494697532308415
"wopt",3,141,FALSE,0.190331698170291,0.407181670348915
"wopt",3,142,TRUE,0.123851640967086,0.397428748759805
"wopt",3,143,FALSE,0.208978517276253,0.450902941817847
"wopt",3,144,TRUE,0.506505032404872,0.465125296974416
"wopt",3,145,FALSE,0.390935107103379,0.410108727575496
"wopt",3,146,FALSE,0.442479769064449,0.509460862318917
"wopt",3,147,FALSE,0.417139409727326,0.430073084714874
"wopt",3,148,FALSE,0.260071387985075,0.335682039944626
"wopt",3,149,TRUE,0.308777773664721,0.424945222536834
"wopt",3,150,FALSE,0.583198773968623,0.494178432937121
"wopt",3,151,TRUE,0.456062224454951,0.418992699129824
"wopt",3,152,FALSE,0.370698092575577,0.401016151786811
"wopt",3,153,FALSE,0.639486489268586,0.642815434285397
"wopt",3,154,FALSE,0.777412321496744,0.462970436261407
"wopt",3,155,TRUE,0.590284403718162,0.486086529258741
"wopt",3,156,FALSE,0.618215503279417,0.472752277960331
"wopt",3,157,FALSE,0.224533062606086,0.527371573286868
"wopt",3,158,FALSE,0.234010817587179,0.301792927894496
"wopt",3,159,FALSE,0.595826777073223,0.435957096898392
"wopt",3,160,TRUE,0.612783856719735,0.512605610303343
"wopt",3,161,FALSE,0.581266805273671,0.567635639017836
"wopt",3,162,FALSE,0.588383768378728,0.587965075838552
"wopt",3,163,FALSE,0.108226656374928,0.399725849511525
"wopt",3,164,TRUE,0.381115080709851,0.377136071398884
"wopt",3,165,FALSE,0.255272505103306,0.527324996789502
"wopt",3,166,FALSE,0.680879174426811,0.511406407317033
"wopt",3,167,FALSE,0.564784384503987,0.502391766398446
"wopt",3,168,TRUE,0.526339277389844,0.385864697988109
"wopt",3,169,FALSE,0.294466226161593,0.424354999178455
"wopt",3,170,FALSE,0.612783856719735,0.443834390215652
"wopt",3,171,FALSE,0.5182506513085,0.573320016010955
"wopt",3,172,FALSE,0.442949869577862,0.362712460580136
"wopt",3,173,FALSE,0.505149978319906,0.475844494980417
"wopt",3,174,FALSE,0.305995882770805,0.411006213292571
"wopt",3,175,TRUE,0.612783856719735,0.506585571233835
"wopt",3,176,TRUE,0.204119982655925,0.410604564967696
"wopt",3,177,FALSE,0.677333151419902,0.421446581318279
"wopt",3,178,FALSE,0.345961541813141,0.499925402721777
"wopt",3,179,FALSE,0.361160995195026,0.452846810470469
"wopt",3,180,TRUE,0.127104798364808,0.247335224960237
"wopt",3,181,FALSE,0.514547752660286,0.313541550707511
"wopt",3,182,FALSE,0.362350507594848,0.480982788168555
"wopt",3,183,FALSE,0.662757831681574,0.464778512633717
"wopt",3,184,FALSE,0.313867220369153,0.424098169530062
"wopt",3,185,FALSE,0.839666556882433,0.493290085544839
"wopt",3,186,FALSE,0.16999753706657,0.365614708832735
"wopt",3,187,FALSE,0.129367595722986,0.142194062690978
"wopt",3,188,FALSE,0.36078268987328,0.350649221220635
"wopt",3,189,FALSE,0.429106008332697,0.476915969857465
"wopt",3,190,FALSE,0.702602841340427,0.54099381489681
"wopt",3,191,FALSE,0.571708831808688,0.478071203268975
"wopt",3,192,FALSE,0.343920385393226,0.296760091218017
"wopt",3,193,FALSE,0.695131297704026,0.536661680257074
"wopt",3,194,FALSE,0.629409599102719,0.532776811190912
"wopt",3,195,FALSE,0.414973347970818,0.402549849101928
"wopt",3,196,FALSE,0.276231957921834,0.397974510087849
"wopt",3,197,FALSE,0.531478917042255,0.521609593969526
"wopt",3,198,FALSE,0.236789099409293,0.392277994538968
"wopt",3,199,FALSE,0.756407872548958,0.784627778352459
"wopt",3,200,FALSE,0.718750734739665,0.601540598334517
"wopt",3,201,FALSE,0.515211304327802,0.433692966418127
"wopt",3,202,TRUE,0.3654879848909,0.298767264224769
"wopt",3,203,TRUE,0.344392273685111,0.427963517170135
"wopt",3,204,FALSE,0.196728722623287,0.459425610905807
"wopt",3,205,FALSE,0.392696953259666,0.410290528521687
"wopt",3,206,FALSE,0.365394376854778,0.457828973933408
"wopt",3,207,TRUE,0.389166084364532,0.446234171597776
"wopt",3,208,FALSE,0.653212513775344,0.485665096805271
"wopt",3,209,FALSE,0.440594261839831,0.394065409651557
"wopt",3,210,TRUE,0.202215775801131,0.4636181292433
"wopt",3,211,FALSE,0.48572142648158,0.395016077540028
"wopt",3,212,FALSE,0.244277120801843,0.481566736764481
"wopt",3,213,FALSE,0.372727940885595,0.503890399571908
"wopt",3,214,FALSE,0.52244423350632,0.50859875220763
"wopt",3,215,FALSE,0.257678574869184,0.390123625190168
"wopt",3,216,FALSE,0.384353414137506,0.530741416617292
"wopt",3,217,FALSE,0.335858911319818,0.482464607119161
"wopt",3,218,FALSE,0.555094448578319,0.51604907822556
"wopt",3,219,FALSE,0.271841606536499,0.46437554575381
"wopt",3,220,FALSE,0.471291711058939,0.439032228800234
"wopt",3,221,TRUE,0.294906910605192,0.440777811971737
"wopt",3,222,FALSE,0.655138434811382,0.574853279819922
"wopt",3,223,FALSE,0.528916700277655,0.495410277357994
"wopt",3,224,FALSE,0.777426822389311,0.521230272770896
"wopt",3,225,TRUE,0.191730393362856,0.492471839263488
"wopt",3,226,FALSE,0.239549720840473,0.460544772211217
"wopt",3,227,TRUE,0.582404298019028,0.559015179242459
"wopt",3,228,TRUE,0.569373909615046,0.33149934061136
"wopt",3,229,FALSE,0.334252642334231,0.356542997628205
"wopt",3,230,FALSE,0.406369835469268,0.465455247355501
"wopt",3,231,FALSE,0.0597526942092988,0.34190092308469
"wopt",3,232,TRUE,0.472463896606989,0.472501617134612
"wopt",3,233,FALSE,0.666985718329661,0.456468230594917
"wopt",3,234,FALSE,0.65417654187796,0.553151189457719
"wopt",3,235,FALSE,0.259593878885949,0.466650607911041
"wopt",3,236,FALSE,0.527114111639805,0.611501336223369
"wopt",3,237,TRUE,0.367169488534681,0.398017381524694
"wopt",3,238,TRUE,0.19228861256812,0.334938948105417
"wopt",3,239,FALSE,0.478566495593843,0.335141909009187
"wopt",3,240,FALSE,0.253580289562183,0.42130062855646
"wopt",3,241,FALSE,0.27554168840131,0.385307638985743
"wopt",3,242,FALSE,0.532627001228891,0.318691509300383
"wopt",3,243,TRUE,0.542451947375977,0.410127476515437
"wopt",3,244,FALSE,0.381836799998343,0.422758265418507
"wopt",3,245,TRUE,0.511616020569138,0.567471540603895
"wopt",3,246,FALSE,0.476831628512261,0.595882190478215
"wopt",3,247,FALSE,0.301029995663981,0.474895474088397
"wopt",3,248,FALSE,0.325823419002744,0.384143921949536
"wopt",3,249,FALSE,0.586024382386976,0.475390805453686
"wopt",3,250,FALSE,0.218535505216528,0.298780064173287
"wopt",3,251,FALSE,0.0480531731156091,0.226970820219011
"wopt",3,252,FALSE,0.378397900948138,0.540100714076367
"wopt",3,253,FALSE,0.595275711802099,0.391804158987614
"wopt",3,254,FALSE,0.398807730203264,0.465959178100197
"wopt",3,255,TRUE,0.161368002234975,0.324151517109519
"wopt",3,256,FALSE,0.456214155357989,0.454146589397523
"wopt",3,257,FALSE,0.641126932803509,0.448667471423571
"wopt",3,258,FALSE,0.54020429984206,0.341950310312072
"wopt",3,259,FALSE,0.0328201494385639,0.12867782673883
"wopt",3,260,FALSE,0.434888120867316,0.527853716118111
"wopt",3,261,FALSE,0.332034277027518,0.437885789901968
"wopt",3,262,FALSE,0.391816923613249,0.623536880293666
"wopt",3,263,TRUE,0.347427598618541,0.340041537689398
"wopt",3,264,FALSE,0.352182518111362,0.316731311387433
"wopt",3,265,TRUE,0.154119525515847,0.256567430355153
"wopt",3,266,FALSE,0.591398551281249,0.439919647456857
"wopt",3,267,TRUE,0.315970345456918,0.424949200464481
"wopt",3,268,FALSE,0.470410490975931,0.474025265406502
"wopt",3,269,FALSE,0.826074802700826,0.783482933152649
"wopt",3,270,FALSE,0.234264124378789,0.373269754218753
"wopt",3,271,FALSE,0.504878459410216,0.466655108499049
"wopt",3,272,FALSE,0.582744965691277,0.379023752113674
"wopt",3,273,FALSE,0.542327382773974,0.51472849752284
"wopt",3,274,FALSE,0.657055852857104,0.446452153682142
"wopt",3,275,FALSE,0.328379603438738,0.38700125777993
"wopt",3,276,FALSE,0.4679039465228,0.269236622688088
"wopt",3,277,FALSE,0.331427296520743,0.506655590802237
"wopt",3,278,FALSE,0.352664799651101,0.429070761551183
"wopt",3,279,FALSE,0.437116093048079,0.342268446471634
"wopt",3,280,FALSE,0.325043347403704,0.364334824490204
"wopt",3,281,FALSE,0.749581734865559,0.474378470062949
"wopt",3,282,FALSE,0.775319121829478,0.522398727780185
"wopt",3,283,FALSE,0.817565369559781,0.529030605933669
"wopt",3,284,FALSE,0.526442668529935,0.37100142051061
"wopt",3,285,FALSE,0.682145076373832,0.553320666839921
"wopt",3,286,FALSE,0.425534220498263,0.500125527108483
"wopt",3,287,FALSE,0.659726095237792,0.502874719854743
"wopt",3,288,FALSE,0.672097857935718,0.39287841725573
"wopt",3,289,FALSE,0.534026106056135,0.444406117273107
"wopt",3,290,FALSE,0.615950051656401,0.537074164238089
"wopt",3,291,TRUE,0.262451089730429,0.427827629761592
"coreg",1,1,TRUE,0.482873583608754,0.547619113010079
"coreg",1,2,TRUE,0.496929648073215,0.424405284929709
"coreg",1,3,TRUE,0.623042434246382,0.464136610385625
"coreg",1,4,TRUE,0.523746466811564,0.38726552769499
"coreg",1,5,TRUE,0.47567118832443,0.465658947460394
"coreg",1,6,FALSE,0.469674772551798,0.427371191205287
"coreg",1,7,FALSE,0.387389826338729,0.49882147286046
"coreg",1,8,FALSE,0.627365856592733,0.420170007571269
"coreg",1,9,FALSE,0.591064607026499,0.432658320945339
"coreg",1,10,FALSE,0.218220304175545,0.326044144163665
"coreg",1,11,TRUE,0.680335513414563,0.369999222930574
"coreg",1,12,TRUE,0.680607428991788,0.425609681350732
"coreg",1,13,FALSE,0.721810615212547,0.579474856493962
"coreg",1,14,TRUE,0.20682587603185,0.298865919890932
"coreg",1,15,TRUE,0.582063362911709,0.362202853058545
"coreg",1,16,FALSE,0.696094159995223,0.534163129118646
"coreg",1,17,TRUE,0.40823996531185,0.418705861121002
"coreg",1,18,FALSE,0.433001340945038,0.407462747750177
"coreg",1,19,FALSE,0.653212513775344,0.467595821381134
"coreg",1,20,FALSE,0.558072259099146,0.461332476150918
"coreg",1,21,FALSE,0.261928672990642,0.304613036472942
"coreg",1,22,TRUE,0.637489729512511,0.503684375983827
"coreg",1,23,FALSE,0.504878459410216,0.359758459072568
"coreg",1,24,FALSE,0.286995073968852,0.427468951014942
"coreg",1,25,TRUE,0.662757831681574,0.432878530350646
"coreg",1,26,FALSE,0.524525936626376,0.537828487542003
"coreg",1,27,TRUE,0.406540180433955,0.502892297333746
"coreg",1,28,FALSE,0.656098202012832,0.500574725765003
"coreg",1,29,FALSE,0.517987203025078,0.449810358877991
"coreg",1,30,FALSE,0.703119346236078,0.533936432675691
"coreg",1,31,FALSE,0.691081492122968,0.567464740192015
"coreg",1,32,FALSE,0.0141423615450058,0.337285225187569
"coreg",1,33,FALSE,0.733197265106569,0.703764649229339
"coreg",1,34,FALSE,0.408070285887185,0.442896431664156
"coreg",1,35,FALSE,0.396024896608593,0.449982038722226
"coreg",1,36,FALSE,0.398391440229475,0.489427599258103
"coreg",1,37,FALSE,0.770852011642144,0.551644725469097
"coreg",1,38,TRUE,0.15836249209525,0.421614158429532
"coreg",1,39,FALSE,0.625415352154408,0.525557337399102
"coreg",1,40,FALSE,0.496334505996816,0.50671270094623
"coreg",1,41,FALSE,0.679427896612119,0.564379040534864
"coreg",1,42,FALSE,0.610116955411928,0.552844807265885
"coreg",1,43,FALSE,0.645913275033844,0.455251852911675
"coreg",1,44,FALSE,0.465382851448418,0.464592035841684
"coreg",1,45,FALSE,0.569490954348783,0.548180292593489
"coreg",1,46,FALSE,0.187520720836463,0.282703728032548
"coreg",1,47,FALSE,0.465813957269479,0.508806493327766
"coreg",1,48,FALSE,0.231214647962601,0.479627301377987
"coreg",1,49,FALSE,0.670802284260944,0.57479229046306
"coreg",1,50,FALSE,0.459935016851525,0.522763524957219
"coreg",1,51,FALSE,0.287129620719111,0.366594791576017
"coreg",1,52,FALSE,0.6232492903979,0.458121891840627
"coreg",1,53,FALSE,0.8109042806687,0.648031861214671
"coreg",1,54,TRUE,0.354108439147401,0.441947692738881
"coreg",1,55,FALSE,0.129141845792285,0.382653105784254
"coreg",1,56,FALSE,0.244969460136198,0.389060292891783
"coreg",1,57,FALSE,0.364363354615731,0.402859031565182
"coreg",1,58,TRUE,0.334212409393176,0.457861612643927
"coreg",1,59,FALSE,0.489677291663699,0.553258271177278
"coreg",1,60,FALSE,0.525304009958239,0.458258922596948
"coreg",1,61,TRUE,0.406540180433955,0.376573329627639
"coreg",1,62,FALSE,0.335457900689384,0.573124852092132
"coreg",1,63,FALSE,0.419873175149476,0.471362208249534
"coreg",1,64,FALSE,0.397227181043161,0.545407418815906
"coreg",1,65,TRUE,0.59659709562646,0.637866622474027
"coreg",1,66,FALSE,0.260071387985075,0.455728004648976
"coreg",1,67,FALSE,0.489466281303128,0.5747948330097
"coreg",1,68,FALSE,0.544018407858776,0.68430716762274
"coreg",1,69,FALSE,0.665205628434601,0.679598200074913
"coreg",1,70,FALSE,0.537819095073274,0.593879839958874
"coreg",1,71,FALSE,0.501059262217751,0.569577871893277
"coreg",1,72,FALSE,0.415699348887829,0.455384207346849
"coreg",1,73,TRUE,0.298853076409707,0.412500719064263
"coreg",1,74,TRUE,0.289365951520032,0.399689232623982
"coreg",1,75,FALSE,0.497620649781288,0.33099771323707
"coreg",1,76,TRUE,0.778151250383644,0.466017081855935
"coreg",1,77,TRUE,0.260071387985075,0.439581641914561
"coreg",1,78,FALSE,0.367542273520577,0.515393479223481
"coreg",1,79,FALSE,0.534026106056135,0.489881571526383
"coreg",1,80,FALSE,0.287129620719111,0.316269260185313
"coreg",1,81,FALSE,0.469822015978163,0.37750205749353
"coreg",1,82,TRUE,0.399673721481038,0.3407300340833
"coreg",1,83,FALSE,0.307496037913213,0.289450600908488
"coreg",1,84,TRUE,0.322219294733919,0.375693633097848
"coreg",1,85,FALSE,0.247236549506764,0.400811966826496
"coreg",1,86,FALSE,0.6232492903979,0.52845209794637
"coreg",1,87,TRUE,0.429752280002408,0.39446301498461
"coreg",1,88,TRUE,0.566943971856554,0.412678981057783
"coreg",1,89,FALSE,0.605951157564873,0.535721570131009
"coreg",1,90,FALSE,0.265996370495079,0.481863522292965
"coreg",1,91,FALSE,0.555215405126073,0.377279821585055
"coreg",1,92,FALSE,0.638489256954637,0.49324427020126
"coreg",1,93,FALSE,0.528145078253106,0.578264604221675
"coreg",1,94,FALSE,0.227552503379865,0.534894892070086
"coreg",1,95,FALSE,0.430075055551939,0.541296375329875
"coreg",1,96,FALSE,0.184549481320698,0.375583420343793
"coreg",1,97,FALSE,0.472537053262077,0.510777818703635
"coreg",1,98,FALSE,0.60616631460762,0.446098769288668
"coreg",1,99,FALSE,0.685553652846326,0.613149511839206
"coreg",1,100,TRUE,0.296665190261531,0.542794273585637
"coreg",1,101,FALSE,0.491361693834273,0.54316856047224
"coreg",1,102,FALSE,0.513217600067939,0.376548006620185
"coreg",1,103,TRUE,0.64738297011462,0.558276544252717
"coreg",1,104,FALSE,0.491361693834273,0.500769664836321
"coreg",1,105,FALSE,0.406028944963615,0.457054384727209
"coreg",1,106,FALSE,0.752025387323213,0.518277211185333
"coreg",1,107,TRUE,0.6414741105041,0.510647614204092
"coreg",1,108,FALSE,0.416307587059883,0.538644377066567
"coreg",1,109,FALSE,0.966610986681934,0.785172079452724
"coreg",1,110,FALSE,0.188647295999717,0.326749303296373
"coreg",1,111,FALSE,0.708335902682263,0.497158777498367
"coreg",1,112,FALSE,0.685741738602264,0.754622009219025
"coreg",1,113,FALSE,0.559308010907013,0.566686628324575
"coreg",1,114,FALSE,0.355259905527378,0.453732789660675
"coreg",1,115,FALSE,0.187520720836463,0.309801748808829
"coreg",1,116,TRUE,0.569373909615046,0.456750575700948
"coreg",1,117,FALSE,0.572523097849638,0.523113024642111
"coreg",1,118,FALSE,0.538070787043172,0.530320568680468
"coreg",1,119,FALSE,0.374748346010104,0.444976458585374
"coreg",1,120,FALSE,0.294686624279443,0.351902622285353
"coreg",1,121,FALSE,0.432969290874406,0.457053540357303
"coreg",1,122,TRUE,0.320146286111054,0.586072465552367
"coreg",1,123,FALSE,0.574262829707027,0.446532152895242
"coreg",1,124,FALSE,0.610234175334389,0.618027463199912
"coreg",1,125,FALSE,0.173186268412274,0.272169087196699
"coreg",1,126,FALSE,0.314499227973151,0.44956859346539
"coreg",1,127,FALSE,0.753330221324521,0.524070719408422
"coreg",1,128,FALSE,0.338456493604605,0.509504014113882
"coreg",1,129,TRUE,0.0253058652647703,0.282008239100495
"coreg",1,130,FALSE,0.21045229296202,0.376924650686648
"coreg",1,131,FALSE,0.440121603187804,0.485019519177605
"coreg",1,132,TRUE,0.181872159010334,0.457310867065032
"coreg",1,133,FALSE,0.761326322421457,0.604124057697833
"coreg",1,134,FALSE,0.188084373714938,0.436472776011639
"coreg",1,135,FALSE,0.662757831681574,0.401236888573075
"coreg",1,136,FALSE,0.409425868671443,0.479800179839239
"coreg",1,137,FALSE,0.387389826338729,0.341461226843487
"coreg",1,138,FALSE,0.256236533205923,0.429203776888807
"coreg",1,139,FALSE,0.381656482585787,0.425893159078186
"coreg",1,140,FALSE,0.43568513794163,0.477407255759004
"coreg",1,141,FALSE,0.190331698170291,0.402085743225907
"coreg",1,142,TRUE,0.123851640967086,0.401057191375911
"coreg",1,143,FALSE,0.208978517276253,0.452611675543542
"coreg",1,144,TRUE,0.506505032404872,0.481582961243335
"coreg",1,145,FALSE,0.390935107103379,0.449028916684386
"coreg",1,146,FALSE,0.442479769064449,0.489655876978167
"coreg",1,147,FALSE,0.417139409727326,0.440014223670545
"coreg",1,148,FALSE,0.260071387985075,0.347690666290301
"coreg",1,149,TRUE,0.308777773664721,0.442492783737962
"coreg",1,150,FALSE,0.583198773968623,0.480882801338241
"coreg",1,151,TRUE,0.456062224454951,0.44669344317487
"coreg",1,152,FALSE,0.370698092575577,0.294783450293426
"coreg",1,153,FALSE,0.639486489268586,0.623127796738677
"coreg",1,154,FALSE,0.777412321496744,0.488957270704737
"coreg",1,155,TRUE,0.590284403718162,0.513762076029296
"coreg",1,156,FALSE,0.618215503279417,0.480625011567617
"coreg",1,157,FALSE,0.224533062606086,0.429477593065821
"coreg",1,158,FALSE,0.234010817587179,0.31586836605435
"coreg",1,159,FALSE,0.595826777073223,0.43406807706473
"coreg",1,160,TRUE,0.612783856719735,0.521841044001127
"coreg",1,161,FALSE,0.581266805273671,0.582005036745222
"coreg",1,162,FALSE,0.588383768378728,0.54350496772289
"coreg",1,163,FALSE,0.108226656374928,0.37597889637157
"coreg",1,164,TRUE,0.381115080709851,0.444660866695232
"coreg",1,165,FALSE,0.255272505103306,0.550109539769285
"coreg",1,166,FALSE,0.680879174426811,0.537291781476999
"coreg",1,167,FALSE,0.564784384503987,0.520660603531666
"coreg",1,168,TRUE,0.526339277389844,0.388713148620994
"coreg",1,169,FALSE,0.294466226161593,0.446142228756272
"coreg",1,170,FALSE,0.612783856719735,0.493595256611726
"coreg",1,171,FALSE,0.5182506513085,0.571267076373693
"coreg",1,172,FALSE,0.442949869577862,0.382400094235797
"coreg",1,173,FALSE,0.505149978319906,0.470936373072289
"coreg",1,174,FALSE,0.305995882770805,0.461469588846323
"coreg",1,175,TRUE,0.612783856719735,0.457162082055157
"coreg",1,176,TRUE,0.204119982655925,0.439473910864032
"coreg",1,177,FALSE,0.677333151419902,0.39800246779457
"coreg",1,178,FALSE,0.345961541813141,0.512037997552596
"coreg",1,179,FALSE,0.361160995195026,0.436344667031825
"coreg",1,180,TRUE,0.127104798364808,0.241557971554836
"coreg",1,181,FALSE,0.514547752660286,0.309278259508044
"coreg",1,182,FALSE,0.362350507594848,0.47487974717949
"coreg",1,183,FALSE,0.662757831681574,0.437904973969928
"coreg",1,184,FALSE,0.313867220369153,0.416428560716957
"coreg",1,185,FALSE,0.839666556882433,0.493662421326308
"coreg",1,186,FALSE,0.16999753706657,0.366692934323638
"coreg",1,187,FALSE,0.129367595722986,0.286189087125967
"coreg",1,188,FALSE,0.36078268987328,0.322199771575196
"coreg",1,189,FALSE,0.429106008332697,0.465778261811355
"coreg",1,190,FALSE,0.702602841340427,0.546745722374325
"coreg",1,191,FALSE,0.571708831808688,0.467024380365408
"coreg",1,192,FALSE,0.343920385393226,0.319931403312163
"coreg",1,193,FALSE,0.695131297704026,0.519935417892939
"coreg",1,194,FALSE,0.629409599102719,0.55620245776663
"coreg",1,195,FALSE,0.414973347970818,0.412009576204919
"coreg",1,196,FALSE,0.276231957921834,0.391471894691475
"coreg",1,197,FALSE,0.531478917042255,0.509356814908216
"coreg",1,198,FALSE,0.236789099409293,0.381247844935195
"coreg",1,199,FALSE,0.756407872548958,0.72607662243856
"coreg",1,200,FALSE,0.718750734739665,0.589708434432329
"coreg",1,201,FALSE,0.515211304327802,0.452795230756018
"coreg",1,202,TRUE,0.3654879848909,0.279678441862508
"coreg",1,203,TRUE,0.344392273685111,0.429277225641135
"coreg",1,204,FALSE,0.196728722623287,0.488189771371959
"coreg",1,205,FALSE,0.392696953259666,0.426590406020231
"coreg",1,206,FALSE,0.365394376854778,0.383210956568881
"coreg",1,207,TRUE,0.389166084364532,0.45089985300761
"coreg",1,208,FALSE,0.653212513775344,0.472510196969436
"coreg",1,209,FALSE,0.440594261839831,0.370134864887604
"coreg",1,210,TRUE,0.202215775801131,0.475636372736964
"coreg",1,211,FALSE,0.48572142648158,0.419992320320202
"coreg",1,212,FALSE,0.244277120801843,0.470433117393682
"coreg",1,213,FALSE,0.372727940885595,0.445706244510273
"coreg",1,214,FALSE,0.52244423350632,0.478847388825444
"coreg",1,215,FALSE,0.257678574869184,0.413516379434711
"coreg",1,216,FALSE,0.384353414137506,0.535851016617485
"coreg",1,217,FALSE,0.335858911319818,0.504734749550999
"coreg",1,218,FALSE,0.555094448578319,0.492369445550551
"coreg",1,219,FALSE,0.271841606536499,0.470619711451759
"coreg",1,220,FALSE,0.471291711058939,0.463466002500253
"coreg",1,221,TRUE,0.294906910605192,0.435227777612611
"coreg",1,222,FALSE,0.655138434811382,0.61179261362648
"coreg",1,223,FALSE,0.528916700277655,0.473002574253955
"coreg",1,224,FALSE,0.777426822389311,0.49629063535334
"coreg",1,225,TRUE,0.191730393362856,0.511572284307323
"coreg",1,226,FALSE,0.239549720840473,0.427401088583312
"coreg",1,227,TRUE,0.582404298019028,0.55887379491455
"coreg",1,228,TRUE,0.569373909615046,0.319370345011255
"coreg",1,229,FALSE,0.334252642334231,0.396021166459331
"coreg",1,230,FALSE,0.406369835469268,0.500175657748936
"coreg",1,231,FALSE,0.0597526942092988,0.352738854245901
"coreg",1,232,TRUE,0.472463896606989,0.526434203663054
"coreg",1,233,FALSE,0.666985718329661,0.44705338532934
"coreg",1,234,FALSE,0.65417654187796,0.514764579646328
"coreg",1,235,FALSE,0.259593878885949,0.482799482613084
"coreg",1,236,FALSE,0.527114111639805,0.582155174663561
"coreg",1,237,TRUE,0.367169488534681,0.421812456367878
"coreg",1,238,TRUE,0.19228861256812,0.343366743978907
"coreg",1,239,FALSE,0.478566495593843,0.318219040681955
"coreg",1,240,FALSE,0.253580289562183,0.400735931723834
"coreg",1,241,FALSE,0.27554168840131,0.38493869787543
"coreg",1,242,FALSE,0.532627001228891,0.319604278255677
"coreg",1,243,TRUE,0.542451947375977,0.399174498835609
"coreg",1,244,FALSE,0.381836799998343,0.40706445547874
"coreg",1,245,TRUE,0.511616020569138,0.595872426080943
"coreg",1,246,FALSE,0.476831628512261,0.564467394476904
"coreg",1,247,FALSE,0.301029995663981,0.476732460616023
"coreg",1,248,FALSE,0.325823419002744,0.368017554889923
"coreg",1,249,FALSE,0.586024382386976,0.462310483069558
"coreg",1,250,FALSE,0.218535505216528,0.322889374709825
"coreg",1,251,FALSE,0.0480531731156091,0.182389120982159
"coreg",1,252,FALSE,0.378397900948138,0.56453092635973
"coreg",1,253,FALSE,0.595275711802099,0.443550945390758
"coreg",1,254,FALSE,0.398807730203264,0.459316746516691
"coreg",1,255,TRUE,0.161368002234975,0.252536910976822
"coreg",1,256,FALSE,0.456214155357989,0.456507478922628
"coreg",1,257,FALSE,0.641126932803509,0.457449876293222
"coreg",1,258,FALSE,0.54020429984206,0.375828100555201
"coreg",1,259,FALSE,0.0328201494385639,0.215032357597897
"coreg",1,260,FALSE,0.434888120867316,0.526214873659083
"coreg",1,261,FALSE,0.332034277027518,0.487198431362938
"coreg",1,262,FALSE,0.391816923613249,0.572749336068314
"coreg",1,263,TRUE,0.347427598618541,0.332305704309355
"coreg",1,264,FALSE,0.352182518111362,0.25988202839489
"coreg",1,265,TRUE,0.154119525515847,0.361537547995188
"coreg",1,266,FALSE,0.591398551281249,0.417449915986459
"coreg",1,267,TRUE,0.315970345456918,0.429710276863338
"coreg",1,268,FALSE,0.470410490975931,0.462478100805361
"coreg",1,269,FALSE,0.826074802700826,0.691162346632601
"coreg",1,270,FALSE,0.234264124378789,0.395437415652806
"coreg",1,271,FALSE,0.504878459410216,0.458355839362648
"coreg",1,272,FALSE,0.582744965691277,0.39182454585263
"coreg",1,273,FALSE,0.542327382773974,0.516365055610195
"coreg",1,274,FALSE,0.657055852857104,0.453159175351129
"coreg",1,275,FALSE,0.328379603438738,0.361446236582547
"coreg",1,276,FALSE,0.4679039465228,0.245431775127317
"coreg",1,277,FALSE,0.331427296520743,0.506232069167833
"coreg",1,278,FALSE,0.352664799651101,0.443850442778299
"coreg",1,279,FALSE,0.437116093048079,0.347175327741311
"coreg",1,280,FALSE,0.325043347403704,0.408351313944768
"coreg",1,281,FALSE,0.749581734865559,0.452174801738965
"coreg",1,282,FALSE,0.775319121829478,0.483735649834953
"coreg",1,283,FALSE,0.817565369559781,0.493569370335956
"coreg",1,284,FALSE,0.526442668529935,0.361719901219222
"coreg",1,285,FALSE,0.682145076373832,0.566315288189547
"coreg",1,286,FALSE,0.425534220498263,0.567939436877431
"coreg",1,287,FALSE,0.659726095237792,0.541947081804695
"coreg",1,288,FALSE,0.672097857935718,0.397436721556048
"coreg",1,289,FALSE,0.534026106056135,0.391794257505235
"coreg",1,290,FALSE,0.615950051656401,0.563166215727808
"coreg",1,291,TRUE,0.262451089730429,0.394766278411701
"coreg",2,1,TRUE,0.482873583608754,0.633995716780652
"coreg",2,2,TRUE,0.496929648073215,0.458141581686469
"coreg",2,3,TRUE,0.623042434246382,0.533809534282025
"coreg",2,4,TRUE,0.523746466811564,0.365425706199887
"coreg",2,5,TRUE,0.47567118832443,0.47216383935428
"coreg",2,6,FALSE,0.469674772551798,0.361498488793608
"coreg",2,7,FALSE,0.387389826338729,0.482913722123466
"coreg",2,8,FALSE,0.627365856592733,0.396726913906685
"coreg",2,9,FALSE,0.591064607026499,0.408347424386754
"coreg",2,10,FALSE,0.218220304175545,0.419006698294027
"coreg",2,11,TRUE,0.680335513414563,0.4415218557882
"coreg",2,12,TRUE,0.680607428991788,0.458661597726514
"coreg",2,13,FALSE,0.721810615212547,0.579701969348829
"coreg",2,14,TRUE,0.20682587603185,0.340852574095394
"coreg",2,15,TRUE,0.582063362911709,0.360482455804896
"coreg",2,16,FALSE,0.696094159995223,0.556980188954894
"coreg",2,17,TRUE,0.40823996531185,0.381775372101738
"coreg",2,18,FALSE,0.433001340945038,0.451658545442062
"coreg",2,19,FALSE,0.653212513775344,0.436301428009718
"coreg",2,20,FALSE,0.558072259099146,0.445319475272342
"coreg",2,21,FALSE,0.261928672990642,0.21823351854564
"coreg",2,22,TRUE,0.637489729512511,0.496074419861965
"coreg",2,23,FALSE,0.504878459410216,0.397916230142069
"coreg",2,24,FALSE,0.286995073968852,0.415947741469184
"coreg",2,25,TRUE,0.662757831681574,0.442320744280856
"coreg",2,26,FALSE,0.524525936626376,0.48987699140083
"coreg",2,27,TRUE,0.406540180433955,0.504172817811087
"coreg",2,28,FALSE,0.656098202012832,0.505207021116498
"coreg",2,29,FALSE,0.517987203025078,0.423698698309417
"coreg",2,30,FALSE,0.703119346236078,0.554118520541837
"coreg",2,31,FALSE,0.691081492122968,0.56425182145715
"coreg",2,32,FALSE,0.0141423615450058,0.35023205363641
"coreg",2,33,FALSE,0.733197265106569,0.693539314261716
"coreg",2,34,FALSE,0.408070285887185,0.458672935263382
"coreg",2,35,FALSE,0.396024896608593,0.437476269323255
"coreg",2,36,FALSE,0.398391440229475,0.470131940710347
"coreg",2,37,FALSE,0.770852011642144,0.554380765043174
"coreg",2,38,TRUE,0.15836249209525,0.340036372527311
"coreg",2,39,FALSE,0.625415352154408,0.537543686234183
"coreg",2,40,FALSE,0.496334505996816,0.523775040390935
"coreg",2,41,FALSE,0.679427896612119,0.563413429029416
"coreg",2,42,FALSE,0.610116955411928,0.535760261987022
"coreg",2,43,FALSE,0.645913275033844,0.445057873057622
"coreg",2,44,FALSE,0.465382851448418,0.451494556235619
"coreg",2,45,FALSE,0.569490954348783,0.551281486671787
"coreg",2,46,FALSE,0.187520720836463,0.307752905979597
"coreg",2,47,FALSE,0.465813957269479,0.508865107129367
"coreg",2,48,FALSE,0.231214647962601,0.495856599541954
"coreg",2,49,FALSE,0.670802284260944,0.613954247406605
"coreg",2,50,FALSE,0.459935016851525,0.516182584503084
"coreg",2,51,FALSE,0.287129620719111,0.443194273466457
"coreg",2,52,FALSE,0.6232492903979,0.503842877915493
"coreg",2,53,FALSE,0.8109042806687,0.632898116113062
"coreg",2,54,TRUE,0.354108439147401,0.489279800257045
"coreg",2,55,FALSE,0.129141845792285,0.406025458700588
"coreg",2,56,FALSE,0.244969460136198,0.453851917821494
"coreg",2,57,FALSE,0.364363354615731,0.402001343537166
"coreg",2,58,TRUE,0.334212409393176,0.417003532062336
"coreg",2,59,FALSE,0.489677291663699,0.547356402136418
"coreg",2,60,FALSE,0.525304009958239,0.430997272816549
"coreg",2,61,TRUE,0.406540180433955,0.404330198021763
"coreg",2,62,FALSE,0.335457900689384,0.558948749965123
"coreg",2,63,FALSE,0.419873175149476,0.482923305654246
"coreg",2,64,FALSE,0.397227181043161,0.542701106588386
"coreg",2,65,TRUE,0.59659709562646,0.628750010610311
"coreg",2,66,FALSE,0.260071387985075,0.436356343008418
"coreg",2,67,FALSE,0.489466281303128,0.566490239644516
"coreg",2,68,FALSE,0.544018407858776,0.660164640194091
"coreg",2,69,FALSE,0.665205628434601,0.651329751166715
"coreg",2,70,FALSE,0.537819095073274,0.547957786758303
"coreg",2,71,FALSE,0.501059262217751,0.551120448783236
"coreg",2,72,FALSE,0.415699348887829,0.418882122575829
"coreg",2,73,TRUE,0.298853076409707,0.423505466635642
"coreg",2,74,TRUE,0.289365951520032,0.351070790134672
"coreg",2,75,FALSE,0.497620649781288,0.378320129674118
"coreg",2,76,TRUE,0.778151250383644,0.497639702884874
"coreg",2,77,TRUE,0.260071387985075,0.41026104767415
"coreg",2,78,FALSE,0.367542273520577,0.496140149639703
"coreg",2,79,FALSE,0.534026106056135,0.471723213624026
"coreg",2,80,FALSE,0.287129620719111,0.349815162279599
"coreg",2,81,FALSE,0.469822015978163,0.377727283919614
"coreg",2,82,TRUE,0.399673721481038,0.309299649775271
"coreg",2,83,FALSE,0.307496037913213,0.266543060370752
"coreg",2,84,TRUE,0.322219294733919,0.38163692825643
"coreg",2,85,FALSE,0.247236549506764,0.400839409679622
"coreg",2,86,FALSE,0.6232492903979,0.505214145246582
"coreg",2,87,TRUE,0.429752280002408,0.408524338364121
"coreg",2,88,TRUE,0.566943971856554,0.424581125415201
"coreg",2,89,FALSE,0.605951157564873,0.549783198918846
"coreg",2,90,FALSE,0.265996370495079,0.507677091548728
"coreg",2,91,FALSE,0.555215405126073,0.405987543726204
"coreg",2,92,FALSE,0.638489256954637,0.474179459735005
"coreg",2,93,FALSE,0.528145078253106,0.57414667804177
"coreg",2,94,FALSE,0.227552503379865,0.535573581798405
"coreg",2,95,FALSE,0.430075055551939,0.530715804747443
"coreg",2,96,FALSE,0.184549481320698,0.372061150149796
"coreg",2,97,FALSE,0.472537053262077,0.487398296491798
"coreg",2,98,FALSE,0.60616631460762,0.430637002073535
"coreg",2,99,FALSE,0.685553652846326,0.595792606631144
"coreg",2,100,TRUE,0.296665190261531,0.540881288870372
"coreg",2,101,FALSE,0.491361693834273,0.559135076369392
"coreg",2,102,FALSE,0.513217600067939,0.350365945671226
"coreg",2,103,TRUE,0.64738297011462,0.522935171910459
"coreg",2,104,FALSE,0.491361693834273,0.49332055705386
"coreg",2,105,FALSE,0.406028944963615,0.443993782318291
"coreg",2,106,FALSE,0.752025387323213,0.484855924181479
"coreg",2,107,TRUE,0.6414741105041,0.459602534199061
"coreg",2,108,FALSE,0.416307587059883,0.56278960654966
"coreg",2,109,FALSE,0.966610986681934,0.704344319948335
"coreg",2,110,FALSE,0.188647295999717,0.327625439841037
"coreg",2,111,FALSE,0.708335902682263,0.476207151331897
"coreg",2,112,FALSE,0.685741738602264,0.797384453246417
"coreg",2,113,FALSE,0.559308010907013,0.489134576749228
"coreg",2,114,FALSE,0.355259905527378,0.44032007230414
"coreg",2,115,FALSE,0.187520720836463,0.326222389309945
"coreg",2,116,TRUE,0.569373909615046,0.415505130632225
"coreg",2,117,FALSE,0.572523097849638,0.558201838526945
"coreg",2,118,FALSE,0.538070787043172,0.532404589395763
"coreg",2,119,FALSE,0.374748346010104,0.407343853312096
"coreg",2,120,FALSE,0.294686624279443,0.377349114931798
"coreg",2,121,FALSE,0.432969290874406,0.4736086084753
"coreg",2,122,TRUE,0.320146286111054,0.531868757166427
"coreg",2,123,FALSE,0.574262829707027,0.468397350710597
"coreg",2,124,FALSE,0.610234175334389,0.621225516008941
"coreg",2,125,FALSE,0.173186268412274,0.290787449960464
"coreg",2,126,FALSE,0.314499227973151,0.444813068920961
"coreg",2,127,FALSE,0.753330221324521,0.551736675693113
"coreg",2,128,FALSE,0.338456493604605,0.46213537392812
"coreg",2,129,TRUE,0.0253058652647703,0.346457550815909
"coreg",2,130,FALSE,0.21045229296202,0.389758929681349
"coreg",2,131,FALSE,0.440121603187804,0.513583949941151
"coreg",2,132,TRUE,0.181872159010334,0.411865659427343
"coreg",2,133,FALSE,0.761326322421457,0.596560334883571
"coreg",2,134,FALSE,0.188084373714938,0.439520895148553
"coreg",2,135,FALSE,0.662757831681574,0.428646464770468
"coreg",2,136,FALSE,0.409425868671443,0.487465987531447
"coreg",2,137,FALSE,0.387389826338729,0.36055951925312
"coreg",2,138,FALSE,0.256236533205923,0.454227430036255
"coreg",2,139,FALSE,0.381656482585787,0.425123898659754
"coreg",2,140,FALSE,0.43568513794163,0.491221252270041
"coreg",2,141,FALSE,0.190331698170291,0.426664159298611
"coreg",2,142,TRUE,0.123851640967086,0.399627496015805
"coreg",2,143,FALSE,0.208978517276253,0.444020527453329
"coreg",2,144,TRUE,0.506505032404872,0.462749277892664
"coreg",2,145,FALSE,0.390935107103379,0.413605437741743
"coreg",2,146,FALSE,0.442479769064449,0.466919861196382
"coreg",2,147,FALSE,0.417139409727326,0.474966010935908
"coreg",2,148,FALSE,0.260071387985075,0.383574294950601
"coreg",2,149,TRUE,0.308777773664721,0.444911713237587
"coreg",2,150,FALSE,0.583198773968623,0.447473854617823
"coreg",2,151,TRUE,0.456062224454951,0.435892469861318
"coreg",2,152,FALSE,0.370698092575577,0.347406449331891
"coreg",2,153,FALSE,0.639486489268586,0.592072832903542
"coreg",2,154,FALSE,0.777412321496744,0.45919746104873
"coreg",2,155,TRUE,0.590284403718162,0.487977825117491
"coreg",2,156,FALSE,0.618215503279417,0.508881247116768
"coreg",2,157,FALSE,0.224533062606086,0.505304597584767
"coreg",2,158,FALSE,0.234010817587179,0.310964367135054
"coreg",2,159,FALSE,0.595826777073223,0.438060563769044
"coreg",2,160,TRUE,0.612783856719735,0.514255279004013
"coreg",2,161,FALSE,0.581266805273671,0.574197238311733
"coreg",2,162,FALSE,0.588383768378728,0.593949672134186
"coreg",2,163,FALSE,0.108226656374928,0.381836856636365
"coreg",2,164,TRUE,0.381115080709851,0.374309459921217
"coreg",2,165,FALSE,0.255272505103306,0.547720046388019
"coreg",2,166,FALSE,0.680879174426811,0.542450713661208
"coreg",2,167,FALSE,0.564784384503987,0.503298336261758
"coreg",2,168,TRUE,0.526339277389844,0.395925643423476
"coreg",2,169,FALSE,0.294466226161593,0.43414991353887
"coreg",2,170,FALSE,0.612783856719735,0.465338037801234
"coreg",2,171,FALSE,0.5182506513085,0.577465384768434
"coreg",2,172,FALSE,0.442949869577862,0.380564820346805
"coreg",2,173,FALSE,0.505149978319906,0.485239906702571
"coreg",2,174,FALSE,0.305995882770805,0.398368410078797
"coreg",2,175,TRUE,0.612783856719735,0.473338082146778
"coreg",2,176,TRUE,0.204119982655925,0.407949456832623
"coreg",2,177,FALSE,0.677333151419902,0.507255039959035
"coreg",2,178,FALSE,0.345961541813141,0.4829503943562
"coreg",2,179,FALSE,0.361160995195026,0.448860333307378
"coreg",2,180,TRUE,0.127104798364808,0.209785221244261
"coreg",2,181,FALSE,0.514547752660286,0.380865689658893
"coreg",2,182,FALSE,0.362350507594848,0.490299961799234
"coreg",2,183,FALSE,0.662757831681574,0.453646825475118
"coreg",2,184,FALSE,0.313867220369153,0.415276107738658
"coreg",2,185,FALSE,0.839666556882433,0.502035624621638
"coreg",2,186,FALSE,0.16999753706657,0.37244292343606
"coreg",2,187,FALSE,0.129367595722986,0.307833081935959
"coreg",2,188,FALSE,0.36078268987328,0.319502864227241
"coreg",2,189,FALSE,0.429106008332697,0.466462410128394
"coreg",2,190,FALSE,0.702602841340427,0.542360133121668
"coreg",2,191,FALSE,0.571708831808688,0.467755331646866
"coreg",2,192,FALSE,0.343920385393226,0.313057582597586
"coreg",2,193,FALSE,0.695131297704026,0.536524955530698
"coreg",2,194,FALSE,0.629409599102719,0.55814689861917
"coreg",2,195,FALSE,0.414973347970818,0.410736679056184
"coreg",2,196,FALSE,0.276231957921834,0.397372975937789
"coreg",2,197,FALSE,0.531478917042255,0.524278324823997
"coreg",2,198,FALSE,0.236789099409293,0.391932274269831
"coreg",2,199,FALSE,0.756407872548958,0.753323037047834
"coreg",2,200,FALSE,0.718750734739665,0.574561317918363
"coreg",2,201,FALSE,0.515211304327802,0.462042374657166
"coreg",2,202,TRUE,0.3654879848909,0.308260915620022
"coreg",2,203,TRUE,0.344392273685111,0.416999064915489
"coreg",2,204,FALSE,0.196728722623287,0.455300987956475
"coreg",2,205,FALSE,0.392696953259666,0.399066044693535
"coreg",2,206,FALSE,0.365394376854778,0.428303147986495
"coreg",2,207,TRUE,0.389166084364532,0.425663437443038
"coreg",2,208,FALSE,0.653212513775344,0.453685236846827
"coreg",2,209,FALSE,0.440594261839831,0.405426388944499
"coreg",2,210,TRUE,0.202215775801131,0.416204857062888
"coreg",2,211,FALSE,0.48572142648158,0.409877977575376
"coreg",2,212,FALSE,0.244277120801843,0.489550555158424
"coreg",2,213,FALSE,0.372727940885595,0.463440184327841
"coreg",2,214,FALSE,0.52244423350632,0.456191202364961
"coreg",2,215,FALSE,0.257678574869184,0.411084576465174
"coreg",2,216,FALSE,0.384353414137506,0.492109592865083
"coreg",2,217,FALSE,0.335858911319818,0.534405154719673
"coreg",2,218,FALSE,0.555094448578319,0.43032557180703
"coreg",2,219,FALSE,0.271841606536499,0.436008289340408
"coreg",2,220,FALSE,0.471291711058939,0.472888996231778
"coreg",2,221,TRUE,0.294906910605192,0.43889117576562
"coreg",2,222,FALSE,0.655138434811382,0.6029630257707
"coreg",2,223,FALSE,0.528916700277655,0.532192248773243
"coreg",2,224,FALSE,0.777426822389311,0.500353473266285
"coreg",2,225,TRUE,0.191730393362856,0.495793622169691
"coreg",2,226,FALSE,0.239549720840473,0.43026684823921
"coreg",2,227,TRUE,0.582404298019028,0.540402526282353
"coreg",2,228,TRUE,0.569373909615046,0.356673015818804
"coreg",2,229,FALSE,0.334252642334231,0.395006386089418
"coreg",2,230,FALSE,0.406369835469268,0.501708971472896
"coreg",2,231,FALSE,0.0597526942092988,0.323249074076055
"coreg",2,232,TRUE,0.472463896606989,0.48166100328859
"coreg",2,233,FALSE,0.666985718329661,0.453252183611379
"coreg",2,234,FALSE,0.65417654187796,0.520082154252242
"coreg",2,235,FALSE,0.259593878885949,0.456911202145376
"coreg",2,236,FALSE,0.527114111639805,0.570778035150941
"coreg",2,237,TRUE,0.367169488534681,0.356110019503563
"coreg",2,238,TRUE,0.19228861256812,0.344938536706108
"coreg",2,239,FALSE,0.478566495593843,0.330319964004042
"coreg",2,240,FALSE,0.253580289562183,0.415954610367607
"coreg",2,241,FALSE,0.27554168840131,0.41126969968534
"coreg",2,242,FALSE,0.532627001228891,0.296557223065808
"coreg",2,243,TRUE,0.542451947375977,0.386176185959615
"coreg",2,244,FALSE,0.381836799998343,0.43501915207495
"coreg",2,245,TRUE,0.511616020569138,0.544665048380306
"coreg",2,246,FALSE,0.476831628512261,0.581795998261655
"coreg",2,247,FALSE,0.301029995663981,0.458402036131797
"coreg",2,248,FALSE,0.325823419002744,0.39147902146467
"coreg",2,249,FALSE,0.586024382386976,0.478442978336065
"coreg",2,250,FALSE,0.218535505216528,0.282766703094189
"coreg",2,251,FALSE,0.0480531731156091,0.214544000614012
"coreg",2,252,FALSE,0.378397900948138,0.556095687093745
"coreg",2,253,FALSE,0.595275711802099,0.404351173827679
"coreg",2,254,FALSE,0.398807730203264,0.455908683301832
"coreg",2,255,TRUE,0.161368002234975,0.251194366667734
"coreg",2,256,FALSE,0.456214155357989,0.445003862992544
"coreg",2,257,FALSE,0.641126932803509,0.468282686145278
"coreg",2,258,FALSE,0.54020429984206,0.356047945883781
"coreg",2,259,FALSE,0.0328201494385639,0.232833048239966
"coreg",2,260,FALSE,0.434888120867316,0.513868662841391
"coreg",2,261,FALSE,0.332034277027518,0.494927617214902
"coreg",2,262,FALSE,0.391816923613249,0.597648989496085
"coreg",2,263,TRUE,0.347427598618541,0.281369665856341
"coreg",2,264,FALSE,0.352182518111362,0.269592561941985
"coreg",2,265,TRUE,0.154119525515847,0.237533629509758
"coreg",2,266,FALSE,0.591398551281249,0.438663865246326
"coreg",2,267,TRUE,0.315970345456918,0.392929576234231
"coreg",2,268,FALSE,0.470410490975931,0.476762711399661
"coreg",2,269,FALSE,0.826074802700826,0.795375252898735
"coreg",2,270,FALSE,0.234264124378789,0.405423445422478
"coreg",2,271,FALSE,0.504878459410216,0.425864264479199
"coreg",2,272,FALSE,0.582744965691277,0.381034017445062
"coreg",2,273,FALSE,0.542327382773974,0.489893101779116
"coreg",2,274,FALSE,0.657055852857104,0.473034776388287
"coreg",2,275,FALSE,0.328379603438738,0.36844766374637
"coreg",2,276,FALSE,0.4679039465228,0.256873230667422
"coreg",2,277,FALSE,0.331427296520743,0.468632423902632
"coreg",2,278,FALSE,0.352664799651101,0.384527792469828
"coreg",2,279,FALSE,0.437116093048079,0.326114189390222
"coreg",2,280,FALSE,0.325043347403704,0.399526661544264
"coreg",2,281,FALSE,0.749581734865559,0.46528697602727
"coreg",2,282,FALSE,0.775319121829478,0.514075749738017
"coreg",2,283,FALSE,0.817565369559781,0.516042616913579
"coreg",2,284,FALSE,0.526442668529935,0.327540134412539
"coreg",2,285,FALSE,0.682145076373832,0.528301180823469
"coreg",2,286,FALSE,0.425534220498263,0.528477791564929
"coreg",2,287,FALSE,0.659726095237792,0.482750528706277
"coreg",2,288,FALSE,0.672097857935718,0.410994793587583
"coreg",2,289,FALSE,0.534026106056135,0.477768588683096
"coreg",2,290,FALSE,0.615950051656401,0.533585539473748
"coreg",2,291,TRUE,0.262451089730429,0.337925245923707
"coreg",3,1,TRUE,0.482873583608754,0.55509436270346
"coreg",3,2,TRUE,0.496929648073215,0.497223871944451
"coreg",3,3,TRUE,0.623042434246382,0.52061502183274
"coreg",3,4,TRUE,0.523746466811564,0.401813424590444
"coreg",3,5,TRUE,0.47567118832443,0.476957685652852
"coreg",3,6,FALSE,0.469674772551798,0.357483010489763
"coreg",3,7,FALSE,0.387389826338729,0.463590989894199
"coreg",3,8,FALSE,0.627365856592733,0.426144315354132
"coreg",3,9,FALSE,0.591064607026499,0.444970131679197
"coreg",3,10,FALSE,0.218220304175545,0.343001880024294
"coreg",3,11,TRUE,0.680335513414563,0.418331913925303
"coreg",3,12,TRUE,0.680607428991788,0.444332396414962
"coreg",3,13,FALSE,0.721810615212547,0.576502434921878
"coreg",3,14,TRUE,0.20682587603185,0.32948230826317
"coreg",3,15,TRUE,0.582063362911709,0.410704947009318
"coreg",3,16,FALSE,0.696094159995223,0.576371812206503
"coreg",3,17,TRUE,0.40823996531185,0.3998071024863
"coreg",3,18,FALSE,0.433001340945038,0.451466754329817
"coreg",3,19,FALSE,0.653212513775344,0.474005649342143
"coreg",3,20,FALSE,0.558072259099146,0.474558790316856
"coreg",3,21,FALSE,0.261928672990642,0.239353747014605
"coreg",3,22,TRUE,0.637489729512511,0.567924549842147
"coreg",3,23,FALSE,0.504878459410216,0.373776857717227
"coreg",3,24,FALSE,0.286995073968852,0.375813105753188
"coreg",3,25,TRUE,0.662757831681574,0.455473992428757
"coreg",3,26,FALSE,0.524525936626376,0.480898679157467
"coreg",3,27,TRUE,0.406540180433955,0.482763192881363
"coreg",3,28,FALSE,0.656098202012832,0.514365493255496
"coreg",3,29,FALSE,0.517987203025078,0.505846107501877
"coreg",3,30,FALSE,0.703119346236078,0.518300240365853
"coreg",3,31,FALSE,0.691081492122968,0.550802405810807
"coreg",3,32,FALSE,0.0141423615450058,0.357245778614007
"coreg",3,33,FALSE,0.733197265106569,0.655869966862925
"coreg",3,34,FALSE,0.408070285887185,0.42154259750001
"coreg",3,35,FALSE,0.396024896608593,0.425208328973548
"coreg",3,36,FALSE,0.398391440229475,0.479463746764171
"coreg",3,37,FALSE,0.770852011642144,0.543217454977458
"coreg",3,38,TRUE,0.15836249209525,0.362722412957026
"coreg",3,39,FALSE,0.625415352154408,0.53694316006282
"coreg",3,40,FALSE,0.496334505996816,0.500929961763006
"coreg",3,41,FALSE,0.679427896612119,0.606267834746011
"coreg",3,42,FALSE,0.610116955411928,0.555257719929834
"coreg",3,43,FALSE,0.645913275033844,0.472478762580705
"coreg",3,44,FALSE,0.465382851448418,0.451975692881869
"coreg",3,45,FALSE,0.569490954348783,0.55062487718646
"coreg",3,46,FALSE,0.187520720836463,0.28074533227217
"coreg",3,47,FALSE,0.465813957269479,0.487348938018586
"coreg",3,48,FALSE,0.231214647962601,0.49633686277654
"coreg",3,49,FALSE,0.670802284260944,0.568209670554295
"coreg",3,50,FALSE,0.459935016851525,0.533764801212271
"coreg",3,51,FALSE,0.287129620719111,0.407171125682213
"coreg",3,52,FALSE,0.6232492903979,0.485299421817528
"coreg",3,53,FALSE,0.8109042806687,0.637324389970955
"coreg",3,54,TRUE,0.354108439147401,0.426946339938911
"coreg",3,55,FALSE,0.129141845792285,0.407738745636254
"coreg",3,56,FALSE,0.244969460136198,0.459288779619291
"coreg",3,57,FALSE,0.364363354615731,0.421913569467678
"coreg",3,58,TRUE,0.334212409393176,0.377318574503917
"coreg",3,59,FALSE,0.489677291663699,0.511603990012258
"coreg",3,60,FALSE,0.525304009958239,0.468721603574566
"coreg",3,61,TRUE,0.406540180433955,0.391490023599315
"coreg",3,62,FALSE,0.335457900689384,0.544322288500757
"coreg",3,63,FALSE,0.419873175149476,0.491100925533339
"coreg",3,64,FALSE,0.397227181043161,0.551901340657456
"coreg",3,65,TRUE,0.59659709562646,0.600713395961162
"coreg",3,66,FALSE,0.260071387985075,0.441395613078697
"coreg",3,67,FALSE,0.489466281303128,0.588256723804107
"coreg",3,68,FALSE,0.544018407858776,0.646743398144557
"coreg",3,69,FALSE,0.665205628434601,0.666176320597458
"coreg",3,70,FALSE,0.537819095073274,0.607975273043345
"coreg",3,71,FALSE,0.501059262217751,0.515110453796193
"coreg",3,72,FALSE,0.415699348887829,0.437536943362841
"coreg",3,73,TRUE,0.298853076409707,0.387964540591434
"coreg",3,74,TRUE,0.289365951520032,0.341856264190834
"coreg",3,75,FALSE,0.497620649781288,0.349662117187434
"coreg",3,76,TRUE,0.778151250383644,0.49524542887505
"coreg",3,77,TRUE,0.260071387985075,0.339747607325639
"coreg",3,78,FALSE,0.367542273520577,0.47990434200101
"coreg",3,79,FALSE,0.534026106056135,0.45646927251422
"coreg",3,80,FALSE,0.287129620719111,0.345793364587834
"coreg",3,81,FALSE,0.469822015978163,0.398175807004196
"coreg",3,82,TRUE,0.399673721481038,0.311973226826887
"coreg",3,83,FALSE,0.307496037913213,0.294408525702792
"coreg",3,84,TRUE,0.322219294733919,0.37504036925333
"coreg",3,85,FALSE,0.247236549506764,0.41663319496399
"coreg",3,86,FALSE,0.6232492903979,0.489297864154264
"coreg",3,87,TRUE,0.429752280002408,0.390815068686049
"coreg",3,88,TRUE,0.566943971856554,0.434035525684908
"coreg",3,89,FALSE,0.605951157564873,0.511161285717997
"coreg",3,90,FALSE,0.265996370495079,0.46570857825014
"coreg",3,91,FALSE,0.555215405126073,0.397093102925889
"coreg",3,92,FALSE,0.638489256954637,0.482141544641855
"coreg",3,93,FALSE,0.528145078253106,0.612253687300281
"coreg",3,94,FALSE,0.227552503379865,0.512412250448713
"coreg",3,95,FALSE,0.430075055551939,0.515244202369134
"coreg",3,96,FALSE,0.184549481320698,0.355808029588745
"coreg",3,97,FALSE,0.472537053262077,0.472880986652999
"coreg",3,98,FALSE,0.60616631460762,0.445703730809583
"coreg",3,99,FALSE,0.685553652846326,0.606812577192053
"coreg",3,100,TRUE,0.296665190261531,0.55658207357235
"coreg",3,101,FALSE,0.491361693834273,0.560120847716344
"coreg",3,102,FALSE,0.513217600067939,0.414039113544877
"coreg",3,103,TRUE,0.64738297011462,0.419609024120585
"coreg",3,104,FALSE,0.491361693834273,0.488080920133165
"coreg",3,105,FALSE,0.406028944963615,0.426532730397824
"coreg",3,106,FALSE,0.752025387323213,0.508384868661299
"coreg",3,107,TRUE,0.6414741105041,0.48399395608176
"coreg",3,108,FALSE,0.416307587059883,0.549780412082685
"coreg",3,109,FALSE,0.966610986681934,0.720152449695759
"coreg",3,110,FALSE,0.188647295999717,0.331760618749618
"coreg",3,111,FALSE,0.708335902682263,0.494262713687888
"coreg",3,112,FALSE,0.685741738602264,0.706440281631372
"coreg",3,113,FALSE,0.559308010907013,0.542850584844746
"coreg",3,114,FALSE,0.355259905527378,0.467911947626621
"coreg",3,115,FALSE,0.187520720836463,0.360751140763207
"coreg",3,116,TRUE,0.569373909615046,0.492969753855957
"coreg",3,117,FALSE,0.572523097849638,0.532714970676676
"coreg",3,118,FALSE,0.538070787043172,0.547467858108221
"coreg",3,119,FALSE,0.374748346010104,0.430730058026871
"coreg",3,120,FALSE,0.294686624279443,0.358395244992768
"coreg",3,121,FALSE,0.432969290874406,0.472238736104761
"coreg",3,122,TRUE,0.320146286111054,0.562292312529748
"coreg",3,123,FALSE,0.574262829707027,0.451324844203854
"coreg",3,124,FALSE,0.610234175334389,0.620607031662974
"coreg",3,125,FALSE,0.173186268412274,0.268689964190529
"coreg",3,126,FALSE,0.314499227973151,0.428121488894882
"coreg",3,127,FALSE,0.753330221324521,0.551068599872448
"coreg",3,128,FALSE,0.338456493604605,0.453416940570229
"coreg",3,129,TRUE,0.0253058652647703,0.234997787514189
"coreg",3,130,FALSE,0.21045229296202,0.433413355816542
"coreg",3,131,FALSE,0.440121603187804,0.49792486692435
"coreg",3,132,TRUE,0.181872159010334,0.423109191710785
"coreg",3,133,FALSE,0.761326322421457,0.598357866687336
"coreg",3,134,FALSE,0.188084373714938,0.420494209997113
"coreg",3,135,FALSE,0.662757831681574,0.401887926120965
"coreg",3,136,FALSE,0.409425868671443,0.482791271638461
"coreg",3,137,FALSE,0.387389826338729,0.349495821077592
"coreg",3,138,FALSE,0.256236533205923,0.357211925021285
"coreg",3,139,FALSE,0.381656482585787,0.42079400189964
"coreg",3,140,FALSE,0.43568513794163,0.490322796036665
"coreg",3,141,FALSE,0.190331698170291,0.409494984959965
"coreg",3,142,TRUE,0.123851640967086,0.384376358679984
"coreg",3,143,FALSE,0.208978517276253,0.453959802328472
"coreg",3,144,TRUE,0.506505032404872,0.466152887458212
"coreg",3,145,FALSE,0.390935107103379,0.447571277468345
"coreg",3,146,FALSE,0.442479769064449,0.508032949374627
"coreg",3,147,FALSE,0.417139409727326,0.421849548102779
"coreg",3,148,FALSE,0.260071387985075,0.331641945283502
"coreg",3,149,TRUE,0.308777773664721,0.425044294688241
"coreg",3,150,FALSE,0.583198773968623,0.49992655801678
"coreg",3,151,TRUE,0.456062224454951,0.427513140547957
"coreg",3,152,FALSE,0.370698092575577,0.370330158817537
"coreg",3,153,FALSE,0.639486489268586,0.620254044711669
"coreg",3,154,FALSE,0.777412321496744,0.463398565774035
"coreg",3,155,TRUE,0.590284403718162,0.477428374866112
"coreg",3,156,FALSE,0.618215503279417,0.468268835842032
"coreg",3,157,FALSE,0.224533062606086,0.54388093562091
"coreg",3,158,FALSE,0.234010817587179,0.323303929260179
"coreg",3,159,FALSE,0.595826777073223,0.449258124537675
"coreg",3,160,TRUE,0.612783856719735,0.482974816429628
"coreg",3,161,FALSE,0.581266805273671,0.554210345502998
"coreg",3,162,FALSE,0.588383768378728,0.568404091868671
"coreg",3,163,FALSE,0.108226656374928,0.405642683150289
"coreg",3,164,TRUE,0.381115080709851,0.367412338858511
"coreg",3,165,FALSE,0.255272505103306,0.516543214144042
"coreg",3,166,FALSE,0.680879174426811,0.511861014544668
"coreg",3,167,FALSE,0.564784384503987,0.505162327995412
"coreg",3,168,TRUE,0.526339277389844,0.417722081852265
"coreg",3,169,FALSE,0.294466226161593,0.437831013059501
"coreg",3,170,FALSE,0.612783856719735,0.44368223037266
"coreg",3,171,FALSE,0.5182506513085,0.568178816770465
"coreg",3,172,FALSE,0.442949869577862,0.353313497839006
"coreg",3,173,FALSE,0.505149978319906,0.471775248088839
"coreg",3,174,FALSE,0.305995882770805,0.413362387061715
"coreg",3,175,TRUE,0.612783856719735,0.497488798598838
"coreg",3,176,TRUE,0.204119982655925,0.394741144154426
"coreg",3,177,FALSE,0.677333151419902,0.407663607185774
"coreg",3,178,FALSE,0.345961541813141,0.477836890145935
"coreg",3,179,FALSE,0.361160995195026,0.447593956657626
"coreg",3,180,TRUE,0.127104798364808,0.210242377729445
"coreg",3,181,FALSE,0.514547752660286,0.316955209532999
"coreg",3,182,FALSE,0.362350507594848,0.477462473690218
"coreg",3,183,FALSE,0.662757831681574,0.466916745507749
"coreg",3,184,FALSE,0.313867220369153,0.411974705734587
"coreg",3,185,FALSE,0.839666556882433,0.463629671024722
"coreg",3,186,FALSE,0.16999753706657,0.367672061186022
"coreg",3,187,FALSE,0.129367595722986,0.115845321627448
"coreg",3,188,FALSE,0.36078268987328,0.340157995634777
"coreg",3,189,FALSE,0.429106008332697,0.47491146291492
"coreg",3,190,FALSE,0.702602841340427,0.530930811244536
"coreg",3,191,FALSE,0.571708831808688,0.465886488959759
"coreg",3,192,FALSE,0.343920385393226,0.314910717771317
"coreg",3,193,FALSE,0.695131297704026,0.529505289067742
"coreg",3,194,FALSE,0.629409599102719,0.536722186696556
"coreg",3,195,FALSE,0.414973347970818,0.421284356775323
"coreg",3,196,FALSE,0.276231957921834,0.404755200045433
"coreg",3,197,FALSE,0.531478917042255,0.524364074607978
"coreg",3,198,FALSE,0.236789099409293,0.400123357480716
"coreg",3,199,FALSE,0.756407872548958,0.726764217282736
"coreg",3,200,FALSE,0.718750734739665,0.574931883178993
"coreg",3,201,FALSE,0.515211304327802,0.439953839562422
"coreg",3,202,TRUE,0.3654879848909,0.298391939716371
"coreg",3,203,TRUE,0.344392273685111,0.42467420755754
"coreg",3,204,FALSE,0.196728722623287,0.46308236776993
"coreg",3,205,FALSE,0.392696953259666,0.400070298937119
"coreg",3,206,FALSE,0.365394376854778,0.433036781154295
"coreg",3,207,TRUE,0.389166084364532,0.456367103274937
"coreg",3,208,FALSE,0.653212513775344,0.486742370674907
"coreg",3,209,FALSE,0.440594261839831,0.388501877241857
"coreg",3,210,TRUE,0.202215775801131,0.455790247496672
"coreg",3,211,FALSE,0.48572142648158,0.410098726632547
"coreg",3,212,FALSE,0.244277120801843,0.550241002899005
"coreg",3,213,FALSE,0.372727940885595,0.519962234367488
"coreg",3,214,FALSE,0.52244423350632,0.470747985822445
"coreg",3,215,FALSE,0.257678574869184,0.406464366631571
"coreg",3,216,FALSE,0.384353414137506,0.534945495248892
"coreg",3,217,FALSE,0.335858911319818,0.475059745751641
"coreg",3,218,FALSE,0.555094448578319,0.501781034807999
"coreg",3,219,FALSE,0.271841606536499,0.478317162474498
"coreg",3,220,FALSE,0.471291711058939,0.44075550181007
"coreg",3,221,TRUE,0.294906910605192,0.438357608728503
"coreg",3,222,FALSE,0.655138434811382,0.584411617728952
"coreg",3,223,FALSE,0.528916700277655,0.499229756057098
"coreg",3,224,FALSE,0.777426822389311,0.506360765756403
"coreg",3,225,TRUE,0.191730393362856,0.505357217438918
"coreg",3,226,FALSE,0.239549720840473,0.455285620131305
"coreg",3,227,TRUE,0.582404298019028,0.549532257633095
"coreg",3,228,TRUE,0.569373909615046,0.323572795996099
"coreg",3,229,FALSE,0.334252642334231,0.391600414923674
"coreg",3,230,FALSE,0.406369835469268,0.467349116758954
"coreg",3,231,FALSE,0.0597526942092988,0.357661081679279
"coreg",3,232,TRUE,0.472463896606989,0.462704052708261
"coreg",3,233,FALSE,0.666985718329661,0.464213021799738
"coreg",3,234,FALSE,0.65417654187796,0.548495635223672
"coreg",3,235,FALSE,0.259593878885949,0.465261479787933
"coreg",3,236,FALSE,0.527114111639805,0.603911913073535
"coreg",3,237,TRUE,0.367169488534681,0.413483766522676
"coreg",3,238,TRUE,0.19228861256812,0.328731776094546
"coreg",3,239,FALSE,0.478566495593843,0.345562466796819
"coreg",3,240,FALSE,0.253580289562183,0.425724123819251
"coreg",3,241,FALSE,0.27554168840131,0.40532539877824
"coreg",3,242,FALSE,0.532627001228891,0.305607344044395
"coreg",3,243,TRUE,0.542451947375977,0.384749165254787
"coreg",3,244,FALSE,0.381836799998343,0.426710342332055
"coreg",3,245,TRUE,0.511616020569138,0.587422279969567
"coreg",3,246,FALSE,0.476831628512261,0.566362179846627
"coreg",3,247,FALSE,0.301029995663981,0.47149144603461
"coreg",3,248,FALSE,0.325823419002744,0.390667647445259
"coreg",3,249,FALSE,0.586024382386976,0.452560107919821
"coreg",3,250,FALSE,0.218535505216528,0.294910810669903
"coreg",3,251,FALSE,0.0480531731156091,0.23183100322397
"coreg",3,252,FALSE,0.378397900948138,0.55847572507591
"coreg",3,253,FALSE,0.595275711802099,0.418419075015676
"coreg",3,254,FALSE,0.398807730203264,0.468423486116843
"coreg",3,255,TRUE,0.161368002234975,0.334706051291093
"coreg",3,256,FALSE,0.456214155357989,0.454314748340684
"coreg",3,257,FALSE,0.641126932803509,0.444713871926214
"coreg",3,258,FALSE,0.54020429984206,0.369699811233345
"coreg",3,259,FALSE,0.0328201494385639,0.113109791097816
"coreg",3,260,FALSE,0.434888120867316,0.531890559321214
"coreg",3,261,FALSE,0.332034277027518,0.46229314755776
"coreg",3,262,FALSE,0.391816923613249,0.602321387102747
"coreg",3,263,TRUE,0.347427598618541,0.310111572927534
"coreg",3,264,FALSE,0.352182518111362,0.30382718506404
"coreg",3,265,TRUE,0.154119525515847,0.264415334868129
"coreg",3,266,FALSE,0.591398551281249,0.449151380966007
"coreg",3,267,TRUE,0.315970345456918,0.42404277537243
"coreg",3,268,FALSE,0.470410490975931,0.471629407760253
"coreg",3,269,FALSE,0.826074802700826,0.712658561118373
"coreg",3,270,FALSE,0.234264124378789,0.372293332381046
"coreg",3,271,FALSE,0.504878459410216,0.465262256884625
"coreg",3,272,FALSE,0.582744965691277,0.382874774701295
"coreg",3,273,FALSE,0.542327382773974,0.526609567747575
"coreg",3,274,FALSE,0.657055852857104,0.453934659109786
"coreg",3,275,FALSE,0.328379603438738,0.384218129735993
"coreg",3,276,FALSE,0.4679039465228,0.276836830282051
"coreg",3,277,FALSE,0.331427296520743,0.49364929023387
"coreg",3,278,FALSE,0.352664799651101,0.442004173654122
"coreg",3,279,FALSE,0.437116093048079,0.349310929718071
"coreg",3,280,FALSE,0.325043347403704,0.383509352915053
"coreg",3,281,FALSE,0.749581734865559,0.473173528455235
"coreg",3,282,FALSE,0.775319121829478,0.522530145434349
"coreg",3,283,FALSE,0.817565369559781,0.52657977159988
"coreg",3,284,FALSE,0.526442668529935,0.392477720679361
"coreg",3,285,FALSE,0.682145076373832,0.544515723510342
"coreg",3,286,FALSE,0.425534220498263,0.527801526743846
"coreg",3,287,FALSE,0.659726095237792,0.512881334416937
"coreg",3,288,FALSE,0.672097857935718,0.403193753497773
"coreg",3,289,FALSE,0.534026106056135,0.438327121455621
"coreg",3,290,FALSE,0.615950051656401,0.532221740821774
"coreg",3,291,TRUE,0.262451089730429,0.422738079285292
"poolpca",1,1,TRUE,0.482873583608754,0.545720008957747
"poolpca",1,2,TRUE,0.496929648073215,0.44928104348327
"poolpca",1,3,TRUE,0.623042434246382,0.484285572948804
"poolpca",1,4,TRUE,0.523746466811564,0.36924961966235
"poolpca",1,5,TRUE,0.47567118832443,0.471711398717162
"poolpca",1,6,FALSE,0.469674772551798,0.319684516728648
"poolpca",1,7,FALSE,0.387389826338729,0.501236268566613
"poolpca",1,8,FALSE,0.627365856592733,0.417034422879605
"poolpca",1,9,FALSE,0.591064607026499,0.422678368229664
"poolpca",1,10,FALSE,0.218220304175545,0.320287198609144
"poolpca",1,11,TRUE,0.680335513414563,0.399631315336701
"poolpca",1,12,TRUE,0.680607428991788,0.389041673608138
"poolpca",1,13,FALSE,0.721810615212547,0.58326633484876
"poolpca",1,14,TRUE,0.20682587603185,0.327663746695757
"poolpca",1,15,TRUE,0.582063362911709,0.369540897925497
"poolpca",1,16,FALSE,0.696094159995223,0.521473173674419
"poolpca",1,17,TRUE,0.40823996531185,0.406236886590005
"poolpca",1,18,FALSE,0.433001340945038,0.440213379429207
"poolpca",1,19,FALSE,0.653212513775344,0.450586576347991
"poolpca",1,20,FALSE,0.558072259099146,0.426621742145947
"poolpca",1,21,FALSE,0.261928672990642,0.236442044430367
"poolpca",1,22,TRUE,0.637489729512511,0.479701178500486
"poolpca",1,23,FALSE,0.504878459410216,0.376262396075683
"poolpca",1,24,FALSE,0.286995073968852,0.391309298768546
"poolpca",1,25,TRUE,0.662757831681574,0.445522339109648
"poolpca",1,26,FALSE,0.524525936626376,0.478606668811358
"poolpca",1,27,TRUE,0.406540180433955,0.503874450561592
"poolpca",1,28,FALSE,0.656098202012832,0.518360719076453
"poolpca",1,29,FALSE,0.517987203025078,0.417441447082374
"poolpca",1,30,FALSE,0.703119346236078,0.543966149766654
"poolpca",1,31,FALSE,0.691081492122968,0.547957888021359
"poolpca",1,32,FALSE,0.0141423615450058,0.350763736718899
"poolpca",1,33,FALSE,0.733197265106569,0.70918239334641
"poolpca",1,34,FALSE,0.408070285887185,0.455893566491785
"poolpca",1,35,FALSE,0.396024896608593,0.46708524118498
"poolpca",1,36,FALSE,0.398391440229475,0.487943238932709
"poolpca",1,37,FALSE,0.770852011642144,0.540120024077168
"poolpca",1,38,TRUE,0.15836249209525,0.334072890257793
"poolpca",1,39,FALSE,0.625415352154408,0.523508372458389
"poolpca",1,40,FALSE,0.496334505996816,0.513426872615006
"poolpca",1,41,FALSE,0.679427896612119,0.587640083420497
"poolpca",1,42,FALSE,0.610116955411928,0.545384884288288
"poolpca",1,43,FALSE,0.645913275033844,0.450385710755309
"poolpca",1,44,FALSE,0.465382851448418,0.441678433078225
"poolpca",1,45,FALSE,0.569490954348783,0.555693243531326
"poolpca",1,46,FALSE,0.187520720836463,0.269325089822569
"poolpca",1,47,FALSE,0.465813957269479,0.501189228106247
"poolpca",1,48,FALSE,0.231214647962601,0.512240069110849
"poolpca",1,49,FALSE,0.670802284260944,0.613869187965651
"poolpca",1,50,FALSE,0.459935016851525,0.556107666917359
"poolpca",1,51,FALSE,0.287129620719111,0.426266465121776
"poolpca",1,52,FALSE,0.6232492903979,0.436928051486042
"poolpca",1,53,FALSE,0.8109042806687,0.660481434305499
"poolpca",1,54,TRUE,0.354108439147401,0.455343715677909
"poolpca",1,55,FALSE,0.129141845792285,0.381709706199965
"poolpca",1,56,FALSE,0.244969460136198,0.382907680985996
"poolpca",1,57,FALSE,0.364363354615731,0.404615381264121
"poolpca",1,58,TRUE,0.334212409393176,0.467326592888641
"poolpca",1,59,FALSE,0.489677291663699,0.544117405097805
"poolpca",1,60,FALSE,0.525304009958239,0.458069643209337
"poolpca",1,61,TRUE,0.406540180433955,0.374171074436816
"poolpca",1,62,FALSE,0.335457900689384,0.567751353032018
"poolpca",1,63,FALSE,0.419873175149476,0.531350242609798
"poolpca",1,64,FALSE,0.397227181043161,0.553905015231576
"poolpca",1,65,TRUE,0.59659709562646,0.637067738572733
"poolpca",1,66,FALSE,0.260071387985075,0.470316833343411
"poolpca",1,67,FALSE,0.489466281303128,0.578419309795524
"poolpca",1,68,FALSE,0.544018407858776,0.666574298067224
"poolpca",1,69,FALSE,0.665205628434601,0.670378154259294
"poolpca",1,70,FALSE,0.537819095073274,0.583040557292913
"poolpca",1,71,FALSE,0.501059262217751,0.568454598525911
"poolpca",1,72,FALSE,0.415699348887829,0.468437818069103
"poolpca",1,73,TRUE,0.298853076409707,0.378306664825754
"poolpca",1,74,TRUE,0.289365951520032,0.401546800871733
"poolpca",1,75,FALSE,0.497620649781288,0.334574639545117
"poolpca",1,76,TRUE,0.778151250383644,0.502935817083733
"poolpca",1,77,TRUE,0.260071387985075,0.445190785394919
"poolpca",1,78,FALSE,0.367542273520577,0.506310369945416
"poolpca",1,79,FALSE,0.534026106056135,0.493912589104188
"poolpca",1,80,FALSE,0.287129620719111,0.308946281697471
"poolpca",1,81,FALSE,0.469822015978163,0.378362474084622
"poolpca",1,82,TRUE,0.399673721481038,0.345616741768788
"poolpca",1,83,FALSE,0.307496037913213,0.290473756889905
"poolpca",1,84,TRUE,0.322219294733919,0.393539920804579
"poolpca",1,85,FALSE,0.247236549506764,0.389367478787486
"poolpca",1,86,FALSE,0.6232492903979,0.470862982934466
"poolpca",1,87,TRUE,0.429752280002408,0.409214110894814
"poolpca",1,88,TRUE,0.566943971856554,0.434735649732402
"poolpca",1,89,FALSE,0.605951157564873,0.552900280110531
"poolpca",1,90,FALSE,0.265996370495079,0.489950312158318
"poolpca",1,91,FALSE,0.555215405126073,0.375145921479091
"poolpca",1,92,FALSE,0.638489256954637,0.5001152478111
"poolpca",1,93,FALSE,0.528145078253106,0.578683503711999
"poolpca",1,94,FALSE,0.227552503379865,0.536103617185518
"poolpca",1,95,FALSE,0.430075055551939,0.550055088571783
"poolpca",1,96,FALSE,0.184549481320698,0.366337464404158
"poolpca",1,97,FALSE,0.472537053262077,0.521100196814318
"poolpca",1,98,FALSE,0.60616631460762,0.459791780867896
"poolpca",1,99,FALSE,0.685553652846326,0.620574118847561
"poolpca",1,100,TRUE,0.296665190261531,0.535644907863536
"poolpca",1,101,FALSE,0.491361693834273,0.571025775385347
"poolpca",1,102,FALSE,0.513217600067939,0.376551213771861
"poolpca",1,103,TRUE,0.64738297011462,0.541181955625695
"poolpca",1,104,FALSE,0.491361693834273,0.511108604373065
"poolpca",1,105,FALSE,0.406028944963615,0.471142674072826
"poolpca",1,106,FALSE,0.752025387323213,0.541533055048808
"poolpca",1,107,TRUE,0.6414741105041,0.499730430250584
"poolpca",1,108,FALSE,0.416307587059883,0.545617200115619
"poolpca",1,109,FALSE,0.966610986681934,0.78685493490274
"poolpca",1,110,FALSE,0.188647295999717,0.319968462843081
"poolpca",1,111,FALSE,0.708335902682263,0.499582162294568
"poolpca",1,112,FALSE,0.685741738602264,0.829640987502325
"poolpca",1,113,FALSE,0.559308010907013,0.56885043810633
"poolpca",1,114,FALSE,0.355259905527378,0.459619177815384
"poolpca",1,115,FALSE,0.187520720836463,0.342137862182981
"poolpca",1,116,TRUE,0.569373909615046,0.449429138766017
"poolpca",1,117,FALSE,0.572523097849638,0.52281308308806
"poolpca",1,118,FALSE,0.538070787043172,0.528819071994876
"poolpca",1,119,FALSE,0.374748346010104,0.444985178074818
"poolpca",1,120,FALSE,0.294686624279443,0.349179646332328
"poolpca",1,121,FALSE,0.432969290874406,0.45852148807105
"poolpca",1,122,TRUE,0.320146286111054,0.589842713718724
"poolpca",1,123,FALSE,0.574262829707027,0.439252293094743
"poolpca",1,124,FALSE,0.610234175334389,0.617659981223975
"poolpca",1,125,FALSE,0.173186268412274,0.267167363495077
"poolpca",1,126,FALSE,0.314499227973151,0.432779890143994
"poolpca",1,127,FALSE,0.753330221324521,0.564916078960968
"poolpca",1,128,FALSE,0.338456493604605,0.508190395147843
"poolpca",1,129,TRUE,0.0253058652647703,0.315191329256098
"poolpca",1,130,FALSE,0.21045229296202,0.367289879289203
"poolpca",1,131,FALSE,0.440121603187804,0.511469003331028
"poolpca",1,132,TRUE,0.181872159010334,0.455000986842495
"poolpca",1,133,FALSE,0.761326322421457,0.615962910063892
"poolpca",1,134,FALSE,0.188084373714938,0.426157580132357
"poolpca",1,135,FALSE,0.662757831681574,0.406274608671164
"poolpca",1,136,FALSE,0.409425868671443,0.488062170958247
"poolpca",1,137,FALSE,0.387389826338729,0.326784830268626
"poolpca",1,138,FALSE,0.256236533205923,0.433801105444385
"poolpca",1,139,FALSE,0.381656482585787,0.400731409376413
"poolpca",1,140,FALSE,0.43568513794163,0.48144659382182
"poolpca",1,141,FALSE,0.190331698170291,0.393194121522332
"poolpca",1,142,TRUE,0.123851640967086,0.427782289908761
"poolpca",1,143,FALSE,0.208978517276253,0.456136590323907
"poolpca",1,144,TRUE,0.506505032404872,0.487843312892365
"poolpca",1,145,FALSE,0.390935107103379,0.422102515644375
"poolpca",1,146,FALSE,0.442479769064449,0.490996880849182
"poolpca",1,147,FALSE,0.417139409727326,0.464330162557332
"poolpca",1,148,FALSE,0.260071387985075,0.324579325984551
"poolpca",1,149,TRUE,0.308777773664721,0.447773078721677
"poolpca",1,150,FALSE,0.583198773968623,0.485296188675712
"poolpca",1,151,TRUE,0.456062224454951,0.405821096893983
"poolpca",1,152,FALSE,0.370698092575577,0.311894505490127
"poolpca",1,153,FALSE,0.639486489268586,0.627558541651613
"poolpca",1,154,FALSE,0.777412321496744,0.478789263239114
"poolpca",1,155,TRUE,0.590284403718162,0.509295588386932
"poolpca",1,156,FALSE,0.618215503279417,0.520608222227763
"poolpca",1,157,FALSE,0.224533062606086,0.428520754850886
"poolpca",1,158,FALSE,0.234010817587179,0.323732410526163
"poolpca",1,159,FALSE,0.595826777073223,0.430599449643252
"poolpca",1,160,TRUE,0.612783856719735,0.524602861673311
"poolpca",1,161,FALSE,0.581266805273671,0.584128559162606
"poolpca",1,162,FALSE,0.588383768378728,0.588561459893693
"poolpca",1,163,FALSE,0.108226656374928,0.370763915398522
"poolpca",1,164,TRUE,0.381115080709851,0.393314509508415
"poolpca",1,165,FALSE,0.255272505103306,0.552520238056432
"poolpca",1,166,FALSE,0.680879174426811,0.523912425818369
"poolpca",1,167,FALSE,0.564784384503987,0.526146750679283
"poolpca",1,168,TRUE,0.526339277389844,0.37711347574203
"poolpca",1,169,FALSE,0.294466226161593,0.453518650888206
"poolpca",1,170,FALSE,0.612783856719735,0.476177346946714
"poolpca",1,171,FALSE,0.5182506513085,0.569623448599857
"poolpca",1,172,FALSE,0.442949869577862,0.383871740540853
"poolpca",1,173,FALSE,0.505149978319906,0.475476701986242
"poolpca",1,174,FALSE,0.305995882770805,0.407666028591818
"poolpca",1,175,TRUE,0.612783856719735,0.488477327866122
"poolpca",1,176,TRUE,0.204119982655925,0.370075401366702
"poolpca",1,177,FALSE,0.677333151419902,0.380789013777563
"poolpca",1,178,FALSE,0.345961541813141,0.558426779112804
"poolpca",1,179,FALSE,0.361160995195026,0.43112949235524
"poolpca",1,180,TRUE,0.127104798364808,0.244549244547
"poolpca",1,181,FALSE,0.514547752660286,0.279051328613992
"poolpca",1,182,FALSE,0.362350507594848,0.484572596399103
"poolpca",1,183,FALSE,0.662757831681574,0.473103446853192
"poolpca",1,184,FALSE,0.313867220369153,0.423288372327252
"poolpca",1,185,FALSE,0.839666556882433,0.482541667738525
"poolpca",1,186,FALSE,0.16999753706657,0.368937821892532
"poolpca",1,187,FALSE,0.129367595722986,0.254904563092986
"poolpca",1,188,FALSE,0.36078268987328,0.318713991147802
"poolpca",1,189,FALSE,0.429106008332697,0.470028418624075
"poolpca",1,190,FALSE,0.702602841340427,0.564177219784516
"poolpca",1,191,FALSE,0.571708831808688,0.479733249220108
"poolpca",1,192,FALSE,0.343920385393226,0.320889862783804
"poolpca",1,193,FALSE,0.695131297704026,0.521162598416335
"poolpca",1,194,FALSE,0.629409599102719,0.553477025862582
"poolpca",1,195,FALSE,0.414973347970818,0.412675287926047
"poolpca",1,196,FALSE,0.276231957921834,0.389260966724994
"poolpca",1,197,FALSE,0.531478917042255,0.529295709507712
"poolpca",1,198,FALSE,0.236789099409293,0.390271081635756
"poolpca",1,199,FALSE,0.756407872548958,0.746584724208731
"poolpca",1,200,FALSE,0.718750734739665,0.600400936795725
"poolpca",1,201,FALSE,0.515211304327802,0.451195785058568
"poolpca",1,202,TRUE,0.3654879848909,0.311138936265383
"poolpca",1,203,TRUE,0.344392273685111,0.438698174718803
"poolpca",1,204,FALSE,0.196728722623287,0.497584175837347
"poolpca",1,205,FALSE,0.392696953259666,0.412458869681264
"poolpca",1,206,FALSE,0.365394376854778,0.392868089191203
"poolpca",1,207,TRUE,0.389166084364532,0.451534129339804
"poolpca",1,208,FALSE,0.653212513775344,0.470681694999036
"poolpca",1,209,FALSE,0.440594261839831,0.371301280884059
"poolpca",1,210,TRUE,0.202215775801131,0.487383331677323
"poolpca",1,211,FALSE,0.48572142648158,0.392509366144418
"poolpca",1,212,FALSE,0.244277120801843,0.487216893644028
"poolpca",1,213,FALSE,0.372727940885595,0.458609956352326
"poolpca",1,214,FALSE,0.52244423350632,0.485065925730267
"poolpca",1,215,FALSE,0.257678574869184,0.419711697884646
"poolpca",1,216,FALSE,0.384353414137506,0.576793308039436
"poolpca",1,217,FALSE,0.335858911319818,0.500010487588311
"poolpca",1,218,FALSE,0.555094448578319,0.502682051801185
"poolpca",1,219,FALSE,0.271841606536499,0.474557175186632
"poolpca",1,220,FALSE,0.471291711058939,0.448310376030007
"poolpca",1,221,TRUE,0.294906910605192,0.442742245995389
"poolpca",1,222,FALSE,0.655138434811382,0.612373379413438
"poolpca",1,223,FALSE,0.528916700277655,0.502215345750098
"poolpca",1,224,FALSE,0.777426822389311,0.526850197828877
"poolpca",1,225,TRUE,0.191730393362856,0.50987780181729
"poolpca",1,226,FALSE,0.239549720840473,0.442569076895289
"poolpca",1,227,TRUE,0.582404298019028,0.559423477845745
"poolpca",1,228,TRUE,0.569373909615046,0.315751222940618
"poolpca",1,229,FALSE,0.334252642334231,0.396877082422708
"poolpca",1,230,FALSE,0.406369835469268,0.486389587553959
"poolpca",1,231,FALSE,0.0597526942092988,0.308119961418842
"poolpca",1,232,TRUE,0.472463896606989,0.514573248203651
"poolpca",1,233,FALSE,0.666985718329661,0.45799989182197
"poolpca",1,234,FALSE,0.65417654187796,0.52575394059408
"poolpca",1,235,FALSE,0.259593878885949,0.490550839181485
"poolpca",1,236,FALSE,0.527114111639805,0.58647739485243
"poolpca",1,237,TRUE,0.367169488534681,0.379811197462023
"poolpca",1,238,TRUE,0.19228861256812,0.338489588125117
"poolpca",1,239,FALSE,0.478566495593843,0.317313058999814
"poolpca",1,240,FALSE,0.253580289562183,0.397826021409411
"poolpca",1,241,FALSE,0.27554168840131,0.362311369689704
"poolpca",1,242,FALSE,0.532627001228891,0.314994711827371
"poolpca",1,243,TRUE,0.542451947375977,0.421124836192196
"poolpca",1,244,FALSE,0.381836799998343,0.407620475430527
"poolpca",1,245,TRUE,0.511616020569138,0.61350180820823
"poolpca",1,246,FALSE,0.476831628512261,0.571843697416097
"poolpca",1,247,FALSE,0.301029995663981,0.494790031429126
"poolpca",1,248,FALSE,0.325823419002744,0.334366599459897
"poolpca",1,249,FALSE,0.586024382386976,0.493463531873048
"poolpca",1,250,FALSE,0.218535505216528,0.336665242745343
"poolpca",1,251,FALSE,0.0480531731156091,0.159690493994262
"poolpca",1,252,FALSE,0.378397900948138,0.532965088346795
"poolpca",1,253,FALSE,0.595275711802099,0.454234485730341
"poolpca",1,254,FALSE,0.398807730203264,0.441524400777596
"poolpca",1,255,TRUE,0.161368002234975,0.254785568931103
"poolpca",1,256,FALSE,0.456214155357989,0.446547255885243
"poolpca",1,257,FALSE,0.641126932803509,0.43757856256454
"poolpca",1,258,FALSE,0.54020429984206,0.329218681191976
"poolpca",1,259,FALSE,0.0328201494385639,0.177069384527886
"poolpca",1,260,FALSE,0.434888120867316,0.525726642260649
"poolpca",1,261,FALSE,0.332034277027518,0.487063947712005
"poolpca",1,262,FALSE,0.391816923613249,0.586535964225448
"poolpca",1,263,TRUE,0.347427598618541,0.318049546942096
"poolpca",1,264,FALSE,0.352182518111362,0.259683875406297
"poolpca",1,265,TRUE,0.154119525515847,0.224525924530274
"poolpca",1,266,FALSE,0.591398551281249,0.433956788829832
"poolpca",1,267,TRUE,0.315970345456918,0.420851577638388
"poolpca",1,268,FALSE,0.470410490975931,0.462494265565468
"poolpca",1,269,FALSE,0.826074802700826,0.739486776426903
"poolpca",1,270,FALSE,0.234264124378789,0.407124963815971
"poolpca",1,271,FALSE,0.504878459410216,0.447067880910773
"poolpca",1,272,FALSE,0.582744965691277,0.3856826548219
"poolpca",1,273,FALSE,0.542327382773974,0.503680432164992
"poolpca",1,274,FALSE,0.657055852857104,0.448392337438978
"poolpca",1,275,FALSE,0.328379603438738,0.377876255391625
"poolpca",1,276,FALSE,0.4679039465228,0.234587727311872
"poolpca",1,277,FALSE,0.331427296520743,0.495036041357091
"poolpca",1,278,FALSE,0.352664799651101,0.449348188106656
"poolpca",1,279,FALSE,0.437116093048079,0.347321931932451
"poolpca",1,280,FALSE,0.325043347403704,0.343875053415921
"poolpca",1,281,FALSE,0.749581734865559,0.450866021631955
"poolpca",1,282,FALSE,0.775319121829478,0.484388381260563
"poolpca",1,283,FALSE,0.817565369559781,0.486786685812182
"poolpca",1,284,FALSE,0.526442668529935,0.356109354768583
"poolpca",1,285,FALSE,0.682145076373832,0.567514914170742
"poolpca",1,286,FALSE,0.425534220498263,0.490627637707805
"poolpca",1,287,FALSE,0.659726095237792,0.544252542253951
"poolpca",1,288,FALSE,0.672097857935718,0.405155454425251
"poolpca",1,289,FALSE,0.534026106056135,0.417615644705187
"poolpca",1,290,FALSE,0.615950051656401,0.566147988984649
"poolpca",1,291,TRUE,0.262451089730429,0.461250583752529
"poolpca",2,1,TRUE,0.482873583608754,0.568996705343813
"poolpca",2,2,TRUE,0.496929648073215,0.456333384828796
"poolpca",2,3,TRUE,0.623042434246382,0.550064924986827
"poolpca",2,4,TRUE,0.523746466811564,0.39226920583254
"poolpca",2,5,TRUE,0.47567118832443,0.461596319569272
"poolpca",2,6,FALSE,0.469674772551798,0.29284537632312
"poolpca",2,7,FALSE,0.387389826338729,0.491247243368677
"poolpca",2,8,FALSE,0.627365856592733,0.382502044698523
"poolpca",2,9,FALSE,0.591064607026499,0.408627340931934
"poolpca",2,10,FALSE,0.218220304175545,0.381933679283674
"poolpca",2,11,TRUE,0.680335513414563,0.415865308056425
"poolpca",2,12,TRUE,0.680607428991788,0.414555284122928
"poolpca",2,13,FALSE,0.721810615212547,0.580431965326814
"poolpca",2,14,TRUE,0.20682587603185,0.340864782326898
"poolpca",2,15,TRUE,0.582063362911709,0.381414483800498
"poolpca",2,16,FALSE,0.696094159995223,0.543995013208538
"poolpca",2,17,TRUE,0.40823996531185,0.390520726603469
"poolpca",2,18,FALSE,0.433001340945038,0.455085853607497
"poolpca",2,19,FALSE,0.653212513775344,0.443564757243842
"poolpca",2,20,FALSE,0.558072259099146,0.445328738503959
"poolpca",2,21,FALSE,0.261928672990642,0.201023271339434
"poolpca",2,22,TRUE,0.637489729512511,0.486077256479927
"poolpca",2,23,FALSE,0.504878459410216,0.398200467606855
"poolpca",2,24,FALSE,0.286995073968852,0.423069619114627
"poolpca",2,25,TRUE,0.662757831681574,0.453333244251877
"poolpca",2,26,FALSE,0.524525936626376,0.473029444427833
"poolpca",2,27,TRUE,0.406540180433955,0.489715656653288
"poolpca",2,28,FALSE,0.656098202012832,0.518706896675064
"poolpca",2,29,FALSE,0.517987203025078,0.354090442494992
"poolpca",2,30,FALSE,0.703119346236078,0.551930227262303
"poolpca",2,31,FALSE,0.691081492122968,0.560227728902479
"poolpca",2,32,FALSE,0.0141423615450058,0.376287832394448
"poolpca",2,33,FALSE,0.733197265106569,0.687892026932002
"poolpca",2,34,FALSE,0.408070285887185,0.471083046900895
"poolpca",2,35,FALSE,0.396024896608593,0.437416271769897
"poolpca",2,36,FALSE,0.398391440229475,0.471088353033831
"poolpca",2,37,FALSE,0.770852011642144,0.577579664593755
"poolpca",2,38,TRUE,0.15836249209525,0.310471849673292
"poolpca",2,39,FALSE,0.625415352154408,0.556206063384664
"poolpca",2,40,FALSE,0.496334505996816,0.508248069410074
"poolpca",2,41,FALSE,0.679427896612119,0.594110896443645
"poolpca",2,42,FALSE,0.610116955411928,0.532204022742485
"poolpca",2,43,FALSE,0.645913275033844,0.443045092757714
"poolpca",2,44,FALSE,0.465382851448418,0.446136065442866
"poolpca",2,45,FALSE,0.569490954348783,0.545242405290296
"poolpca",2,46,FALSE,0.187520720836463,0.239772205322928
"poolpca",2,47,FALSE,0.465813957269479,0.500363370365083
"poolpca",2,48,FALSE,0.231214647962601,0.515741454445785
"poolpca",2,49,FALSE,0.670802284260944,0.641874967217859
"poolpca",2,50,FALSE,0.459935016851525,0.520257550621745
"poolpca",2,51,FALSE,0.287129620719111,0.44394460226191
"poolpca",2,52,FALSE,0.6232492903979,0.503690831503969
"poolpca",2,53,FALSE,0.8109042806687,0.645573034415256
"poolpca",2,54,TRUE,0.354108439147401,0.479061212154003
"poolpca",2,55,FALSE,0.129141845792285,0.402340324986229
"poolpca",2,56,FALSE,0.244969460136198,0.402272125033001
"poolpca",2,57,FALSE,0.364363354615731,0.39971152296894
"poolpca",2,58,TRUE,0.334212409393176,0.429879086505324
"poolpca",2,59,FALSE,0.489677291663699,0.549592469139115
"poolpca",2,60,FALSE,0.525304009958239,0.436560260232129
"poolpca",2,61,TRUE,0.406540180433955,0.384463270026985
"poolpca",2,62,FALSE,0.335457900689384,0.558268485095976
"poolpca",2,63,FALSE,0.419873175149476,0.510492965664617
"poolpca",2,64,FALSE,0.397227181043161,0.540833082377752
"poolpca",2,65,TRUE,0.59659709562646,0.631563775889415
"poolpca",2,66,FALSE,0.260071387985075,0.438135390353447
"poolpca",2,67,FALSE,0.489466281303128,0.576305142097793
"poolpca",2,68,FALSE,0.544018407858776,0.687969267178411
"poolpca",2,69,FALSE,0.665205628434601,0.642874545153601
"poolpca",2,70,FALSE,0.537819095073274,0.565730139422608
"poolpca",2,71,FALSE,0.501059262217751,0.55657969109599
"poolpca",2,72,FALSE,0.415699348887829,0.427640667012219
"poolpca",2,73,TRUE,0.298853076409707,0.4612220534517
"poolpca",2,74,TRUE,0.289365951520032,0.361728591812728
"poolpca",2,75,FALSE,0.497620649781288,0.333054071811796
"poolpca",2,76,TRUE,0.778151250383644,0.52832331110083
"poolpca",2,77,TRUE,0.260071387985075,0.389994798132226
"poolpca",2,78,FALSE,0.367542273520577,0.479170680943726
"poolpca",2,79,FALSE,0.534026106056135,0.482475414924708
"poolpca",2,80,FALSE,0.287129620719111,0.309152736342128
"poolpca",2,81,FALSE,0.469822015978163,0.358135187354147
"poolpca",2,82,TRUE,0.399673721481038,0.311380531475647
"poolpca",2,83,FALSE,0.307496037913213,0.270434646457863
"poolpca",2,84,TRUE,0.322219294733919,0.357460288069768
"poolpca",2,85,FALSE,0.247236549506764,0.394922176764015
"poolpca",2,86,FALSE,0.6232492903979,0.496597557691364
"poolpca",2,87,TRUE,0.429752280002408,0.404135971070659
"poolpca",2,88,TRUE,0.566943971856554,0.41762008618454
"poolpca",2,89,FALSE,0.605951157564873,0.542422810442803
"poolpca",2,90,FALSE,0.265996370495079,0.511125618605139
"poolpca",2,91,FALSE,0.555215405126073,0.402442006397443
"poolpca",2,92,FALSE,0.638489256954637,0.484955794473254
"poolpca",2,93,FALSE,0.528145078253106,0.559582433533804
"poolpca",2,94,FALSE,0.227552503379865,0.530917497444298
"poolpca",2,95,FALSE,0.430075055551939,0.537760686767893
"poolpca",2,96,FALSE,0.184549481320698,0.356189292724642
"poolpca",2,97,FALSE,0.472537053262077,0.509246261577874
"poolpca",2,98,FALSE,0.60616631460762,0.416782831768984
"poolpca",2,99,FALSE,0.685553652846326,0.647868750067883
"poolpca",2,100,TRUE,0.296665190261531,0.534492614188286
"poolpca",2,101,FALSE,0.491361693834273,0.569812764638068
"poolpca",2,102,FALSE,0.513217600067939,0.346060267313247
"poolpca",2,103,TRUE,0.64738297011462,0.477349029561087
"poolpca",2,104,FALSE,0.491361693834273,0.500239230824065
"poolpca",2,105,FALSE,0.406028944963615,0.428922640433417
"poolpca",2,106,FALSE,0.752025387323213,0.509478068217457
"poolpca",2,107,TRUE,0.6414741105041,0.446753966023157
"poolpca",2,108,FALSE,0.416307587059883,0.567344718796837
"poolpca",2,109,FALSE,0.966610986681934,0.789586506678985
"poolpca",2,110,FALSE,0.188647295999717,0.327480368306175
"poolpca",2,111,FALSE,0.708335902682263,0.497521364658674
"poolpca",2,112,FALSE,0.685741738602264,0.796785304190017
"poolpca",2,113,FALSE,0.559308010907013,0.5100894247636
"poolpca",2,114,FALSE,0.355259905527378,0.44471631644907
"poolpca",2,115,FALSE,0.187520720836463,0.349511466441051
"poolpca",2,116,TRUE,0.569373909615046,0.412190610117736
"poolpca",2,117,FALSE,0.572523097849638,0.574077320132583
"poolpca",2,118,FALSE,0.538070787043172,0.536678918639558
"poolpca",2,119,FALSE,0.374748346010104,0.396740378693299
"poolpca",2,120,FALSE,0.294686624279443,0.375309904341908
"poolpca",2,121,FALSE,0.432969290874406,0.475612300907696
"poolpca",2,122,TRUE,0.320146286111054,0.570742979383651
"poolpca",2,123,FALSE,0.574262829707027,0.448469734446704
"poolpca",2,124,FALSE,0.610234175334389,0.623068533889579
"poolpca",2,125,FALSE,0.173186268412274,0.247699026715982
"poolpca",2,126,FALSE,0.314499227973151,0.423620920670879
"poolpca",2,127,FALSE,0.753330221324521,0.566508715238737
"poolpca",2,128,FALSE,0.338456493604605,0.481309673050775
"poolpca",2,129,TRUE,0.0253058652647703,0.253666113477187
"poolpca",2,130,FALSE,0.21045229296202,0.436787648362825
"poolpca",2,131,FALSE,0.440121603187804,0.485370479030331
"poolpca",2,132,TRUE,0.181872159010334,0.3976680682984
"poolpca",2,133,FALSE,0.761326322421457,0.608757851114051
"poolpca",2,134,FALSE,0.188084373714938,0.452100198291217
"poolpca",2,135,FALSE,0.662757831681574,0.415115488938484
"poolpca",2,136,FALSE,0.409425868671443,0.47601681746714
"poolpca",2,137,FALSE,0.387389826338729,0.338745801626787
"poolpca",2,138,FALSE,0.256236533205923,0.387529885653453
"poolpca",2,139,FALSE,0.381656482585787,0.408971188875657
"poolpca",2,140,FALSE,0.43568513794163,0.477712841370339
"poolpca",2,141,FALSE,0.190331698170291,0.426660335028106
"poolpca",2,142,TRUE,0.123851640967086,0.413231548317929
"poolpca",2,143,FALSE,0.208978517276253,0.434041062990247
"poolpca",2,144,TRUE,0.506505032404872,0.475931761749812
"poolpca",2,145,FALSE,0.390935107103379,0.388687580431332
"poolpca",2,146,FALSE,0.442479769064449,0.514728578062313
"poolpca",2,147,FALSE,0.417139409727326,0.459617229930677
"poolpca",2,148,FALSE,0.260071387985075,0.37405057966188
"poolpca",2,149,TRUE,0.308777773664721,0.410525589219199
"poolpca",2,150,FALSE,0.583198773968623,0.465099867645395
"poolpca",2,151,TRUE,0.456062224454951,0.427958599553043
"poolpca",2,152,FALSE,0.370698092575577,0.336120873448556
"poolpca",2,153,FALSE,0.639486489268586,0.635786742617263
"poolpca",2,154,FALSE,0.777412321496744,0.437347894530053
"poolpca",2,155,TRUE,0.590284403718162,0.526092998527998
"poolpca",2,156,FALSE,0.618215503279417,0.515868351237244
"poolpca",2,157,FALSE,0.224533062606086,0.472618709186788
"poolpca",2,158,FALSE,0.234010817587179,0.303826127615926
"poolpca",2,159,FALSE,0.595826777073223,0.430597756647132
"poolpca",2,160,TRUE,0.612783856719735,0.51661991571805
"poolpca",2,161,FALSE,0.581266805273671,0.582070420675586
"poolpca",2,162,FALSE,0.588383768378728,0.605010178496954
"poolpca",2,163,FALSE,0.108226656374928,0.376145413221447
"poolpca",2,164,TRUE,0.381115080709851,0.380406099685556
"poolpca",2,165,FALSE,0.255272505103306,0.552146757699491
"poolpca",2,166,FALSE,0.680879174426811,0.532558099767872
"poolpca",2,167,FALSE,0.564784384503987,0.491992181957826
"poolpca",2,168,TRUE,0.526339277389844,0.364059986732357
"poolpca",2,169,FALSE,0.294466226161593,0.441375326731572
"poolpca",2,170,FALSE,0.612783856719735,0.464584216937857
"poolpca",2,171,FALSE,0.5182506513085,0.5633263948577
"poolpca",2,172,FALSE,0.442949869577862,0.344813225021209
"poolpca",2,173,FALSE,0.505149978319906,0.497271780332515
"poolpca",2,174,FALSE,0.305995882770805,0.382562888828031
"poolpca",2,175,TRUE,0.612783856719735,0.484420186840728
"poolpca",2,176,TRUE,0.204119982655925,0.425666534507428
"poolpca",2,177,FALSE,0.677333151419902,0.411507075505232
"poolpca",2,178,FALSE,0.345961541813141,0.505712644956133
"poolpca",2,179,FALSE,0.361160995195026,0.462070105819599
"poolpca",2,180,TRUE,0.127104798364808,0.248008418749015
"poolpca",2,181,FALSE,0.514547752660286,0.36377794777141
"poolpca",2,182,FALSE,0.362350507594848,0.492218903662949
"poolpca",2,183,FALSE,0.662757831681574,0.476771977990737
"poolpca",2,184,FALSE,0.313867220369153,0.396801474417808
"poolpca",2,185,FALSE,0.839666556882433,0.519568946399527
"poolpca",2,186,FALSE,0.16999753706657,0.373721389786906
"poolpca",2,187,FALSE,0.129367595722986,0.0794050024974647
"poolpca",2,188,FALSE,0.36078268987328,0.317469362439985
"poolpca",2,189,FALSE,0.429106008332697,0.482378235668245
"poolpca",2,190,FALSE,0.702602841340427,0.549780865628623
"poolpca",2,191,FALSE,0.571708831808688,0.460616496167507
"poolpca",2,192,FALSE,0.343920385393226,0.303821652393736
"poolpca",2,193,FALSE,0.695131297704026,0.528514538871814
"poolpca",2,194,FALSE,0.629409599102719,0.558438599545569
"poolpca",2,195,FALSE,0.414973347970818,0.398465526650081
"poolpca",2,196,FALSE,0.276231957921834,0.367789800629604
"poolpca",2,197,FALSE,0.531478917042255,0.518537023713835
"poolpca",2,198,FALSE,0.236789099409293,0.379726202437139
"poolpca",2,199,FALSE,0.756407872548958,0.753163297640936
"poolpca",2,200,FALSE,0.718750734739665,0.603701183135731
"poolpca",2,201,FALSE,0.515211304327802,0.45155391326308
"poolpca",2,202,TRUE,0.3654879848909,0.306332524025013
"poolpca",2,203,TRUE,0.344392273685111,0.434505349206775
"poolpca",2,204,FALSE,0.196728722623287,0.484847318977199
"poolpca",2,205,FALSE,0.392696953259666,0.401170972590696
"poolpca",2,206,FALSE,0.365394376854778,0.437423079582476
"poolpca",2,207,TRUE,0.389166084364532,0.433293818901096
"poolpca",2,208,FALSE,0.653212513775344,0.461234096066364
"poolpca",2,209,FALSE,0.440594261839831,0.407409589158668
"poolpca",2,210,TRUE,0.202215775801131,0.435269607743003
"poolpca",2,211,FALSE,0.48572142648158,0.412826486822434
"poolpca",2,212,FALSE,0.244277120801843,0.491330524192603
"poolpca",2,213,FALSE,0.372727940885595,0.47309079116848
"poolpca",2,214,FALSE,0.52244423350632,0.466634838453691
"poolpca",2,215,FALSE,0.257678574869184,0.407333395013859
"poolpca",2,216,FALSE,0.384353414137506,0.512136772764064
"poolpca",2,217,FALSE,0.335858911319818,0.525327704295912
"poolpca",2,218,FALSE,0.555094448578319,0.520950050324776
"poolpca",2,219,FALSE,0.271841606536499,0.470236009569552
"poolpca",2,220,FALSE,0.471291711058939,0.405036807667901
"poolpca",2,221,TRUE,0.294906910605192,0.453512073834066
"poolpca",2,222,FALSE,0.655138434811382,0.598985832860086
"poolpca",2,223,FALSE,0.528916700277655,0.483395092042059
"poolpca",2,224,FALSE,0.777426822389311,0.51230586714997
"poolpca",2,225,TRUE,0.191730393362856,0.504153348802995
"poolpca",2,226,FALSE,0.239549720840473,0.424273109291511
"poolpca",2,227,TRUE,0.582404298019028,0.551149983556087
"poolpca",2,228,TRUE,0.569373909615046,0.308125827558155
"poolpca",2,229,FALSE,0.334252642334231,0.386740842392899
"poolpca",2,230,FALSE,0.406369835469268,0.491523804624132
"poolpca",2,231,FALSE,0.0597526942092988,0.315129091486582
"poolpca",2,232,TRUE,0.472463896606989,0.476441042576903
"poolpca",2,233,FALSE,0.666985718329661,0.453702375684747
"poolpca",2,234,FALSE,0.65417654187796,0.535501256116969
"poolpca",2,235,FALSE,0.259593878885949,0.452163050710567
"poolpca",2,236,FALSE,0.527114111639805,0.598724799627479
"poolpca",2,237,TRUE,0.367169488534681,0.372993236576994
"poolpca",2,238,TRUE,0.19228861256812,0.326252887719134
"poolpca",2,239,FALSE,0.478566495593843,0.309072351332994
"poolpca",2,240,FALSE,0.253580289562183,0.394978107837894
"poolpca",2,241,FALSE,0.27554168840131,0.363506662628654
"poolpca",2,242,FALSE,0.532627001228891,0.290404217133256
"poolpca",2,243,TRUE,0.542451947375977,0.410963181365068
"poolpca",2,244,FALSE,0.381836799998343,0.436506702922854
"poolpca",2,245,TRUE,0.511616020569138,0.543128016894941
"poolpca",2,246,FALSE,0.476831628512261,0.589632877535285
"poolpca",2,247,FALSE,0.301029995663981,0.517286481605453
"poolpca",2,248,FALSE,0.325823419002744,0.355767772931202
"poolpca",2,249,FALSE,0.586024382386976,0.492529567153072
"poolpca",2,250,FALSE,0.218535505216528,0.262430397609435
"poolpca",2,251,FALSE,0.0480531731156091,0.195184188860677
"poolpca",2,252,FALSE,0.378397900948138,0.55043148596116
"poolpca",2,253,FALSE,0.595275711802099,0.400711428067335
"poolpca",2,254,FALSE,0.398807730203264,0.481561063040308
"poolpca",2,255,TRUE,0.161368002234975,0.28855137560131
"poolpca",2,256,FALSE,0.456214155357989,0.407469075784907
"poolpca",2,257,FALSE,0.641126932803509,0.464760470735164
"poolpca",2,258,FALSE,0.54020429984206,0.347438069457121
"poolpca",2,259,FALSE,0.0328201494385639,0.125041439582855
"poolpca",2,260,FALSE,0.434888120867316,0.546414917743041
"poolpca",2,261,FALSE,0.332034277027518,0.480024847343588
"poolpca",2,262,FALSE,0.391816923613249,0.60603755186772
"poolpca",2,263,TRUE,0.347427598618541,0.320607099009965
"poolpca",2,264,FALSE,0.352182518111362,0.311270723675805
"poolpca",2,265,TRUE,0.154119525515847,0.243936555400185
"poolpca",2,266,FALSE,0.591398551281249,0.435816914684025
"poolpca",2,267,TRUE,0.315970345456918,0.395019393511939
"poolpca",2,268,FALSE,0.470410490975931,0.467018864627772
"poolpca",2,269,FALSE,0.826074802700826,0.777238517299487
"poolpca",2,270,FALSE,0.234264124378789,0.395178812082796
"poolpca",2,271,FALSE,0.504878459410216,0.442349680631475
"poolpca",2,272,FALSE,0.582744965691277,0.370468625517409
"poolpca",2,273,FALSE,0.542327382773974,0.527774633633815
"poolpca",2,274,FALSE,0.657055852857104,0.455519088273622
"poolpca",2,275,FALSE,0.328379603438738,0.362597345426158
"poolpca",2,276,FALSE,0.4679039465228,0.24045342777671
"poolpca",2,277,FALSE,0.331427296520743,0.481802155863585
"poolpca",2,278,FALSE,0.352664799651101,0.394612065192379
"poolpca",2,279,FALSE,0.437116093048079,0.32415287738521
"poolpca",2,280,FALSE,0.325043347403704,0.349734474363223
"poolpca",2,281,FALSE,0.749581734865559,0.455264207776873
"poolpca",2,282,FALSE,0.775319121829478,0.500963943233375
"poolpca",2,283,FALSE,0.817565369559781,0.508532784087393
"poolpca",2,284,FALSE,0.526442668529935,0.347701874919303
"poolpca",2,285,FALSE,0.682145076373832,0.526363486159496
"poolpca",2,286,FALSE,0.425534220498263,0.496845208357104
"poolpca",2,287,FALSE,0.659726095237792,0.486818009836254
"poolpca",2,288,FALSE,0.672097857935718,0.401954480564932
"poolpca",2,289,FALSE,0.534026106056135,0.462353067315205
"poolpca",2,290,FALSE,0.615950051656401,0.534846747512851
"poolpca",2,291,TRUE,0.262451089730429,0.403815099148039
"poolpca",3,1,TRUE,0.482873583608754,0.541638954603783
"poolpca",3,2,TRUE,0.496929648073215,0.503667188201352
"poolpca",3,3,TRUE,0.623042434246382,0.524827370623927
"poolpca",3,4,TRUE,0.523746466811564,0.376300140186252
"poolpca",3,5,TRUE,0.47567118832443,0.487205764834379
"poolpca",3,6,FALSE,0.469674772551798,0.342975988128056
"poolpca",3,7,FALSE,0.387389826338729,0.473849143197445
"poolpca",3,8,FALSE,0.627365856592733,0.4178987288251
"poolpca",3,9,FALSE,0.591064607026499,0.440003040902453
"poolpca",3,10,FALSE,0.218220304175545,0.33035245984548
"poolpca",3,11,TRUE,0.680335513414563,0.401571104944315
"poolpca",3,12,TRUE,0.680607428991788,0.433103041204261
"poolpca",3,13,FALSE,0.721810615212547,0.582478401284592
"poolpca",3,14,TRUE,0.20682587603185,0.335691440093732
"poolpca",3,15,TRUE,0.582063362911709,0.41088149421293
"poolpca",3,16,FALSE,0.696094159995223,0.536509242191692
"poolpca",3,17,TRUE,0.40823996531185,0.394218593113246
"poolpca",3,18,FALSE,0.433001340945038,0.443822139177925
"poolpca",3,19,FALSE,0.653212513775344,0.471074132471553
"poolpca",3,20,FALSE,0.558072259099146,0.428844313364523
"poolpca",3,21,FALSE,0.261928672990642,0.222257455670176
"poolpca",3,22,TRUE,0.637489729512511,0.547571127883958
"poolpca",3,23,FALSE,0.504878459410216,0.386683793911983
"poolpca",3,24,FALSE,0.286995073968852,0.38616536046746
"poolpca",3,25,TRUE,0.662757831681574,0.45813850295398
"poolpca",3,26,FALSE,0.524525936626376,0.4698764658305
"poolpca",3,27,TRUE,0.406540180433955,0.481447427932511
"poolpca",3,28,FALSE,0.656098202012832,0.517775800020751
"poolpca",3,29,FALSE,0.517987203025078,0.403655971771677
"poolpca",3,30,FALSE,0.703119346236078,0.51037074153208
"poolpca",3,31,FALSE,0.691081492122968,0.529621695432333
"poolpca",3,32,FALSE,0.0141423615450058,0.375369233742039
"poolpca",3,33,FALSE,0.733197265106569,0.673616776924382
"poolpca",3,34,FALSE,0.408070285887185,0.43201039393039
"poolpca",3,35,FALSE,0.396024896608593,0.452313384703156
"poolpca",3,36,FALSE,0.398391440229475,0.478238317225821
"poolpca",3,37,FALSE,0.770852011642144,0.546458726771198
"poolpca",3,38,TRUE,0.15836249209525,0.352188750824889
"poolpca",3,39,FALSE,0.625415352154408,0.545414956947168
"poolpca",3,40,FALSE,0.496334505996816,0.493000840344808
"poolpca",3,41,FALSE,0.679427896612119,0.616352883046974
"poolpca",3,42,FALSE,0.610116955411928,0.55256169870171
"poolpca",3,43,FALSE,0.645913275033844,0.454720635410844
"poolpca",3,44,FALSE,0.465382851448418,0.438501278058324
"poolpca",3,45,FALSE,0.569490954348783,0.556341449800025
"poolpca",3,46,FALSE,0.187520720836463,0.229570970777471
"poolpca",3,47,FALSE,0.465813957269479,0.485403755315133
"poolpca",3,48,FALSE,0.231214647962601,0.524375225205374
"poolpca",3,49,FALSE,0.670802284260944,0.595296234087835
"poolpca",3,50,FALSE,0.459935016851525,0.525415478182042
"poolpca",3,51,FALSE,0.287129620719111,0.409834059013793
"poolpca",3,52,FALSE,0.6232492903979,0.496421996438462
"poolpca",3,53,FALSE,0.8109042806687,0.657317004181175
"poolpca",3,54,TRUE,0.354108439147401,0.433239289865646
"poolpca",3,55,FALSE,0.129141845792285,0.413504674306566
"poolpca",3,56,FALSE,0.244969460136198,0.404499551489329
"poolpca",3,57,FALSE,0.364363354615731,0.418021659440979
"poolpca",3,58,TRUE,0.334212409393176,0.406049545983649
"poolpca",3,59,FALSE,0.489677291663699,0.530192828111011
"poolpca",3,60,FALSE,0.525304009958239,0.451058411727693
"poolpca",3,61,TRUE,0.406540180433955,0.391118056799721
"poolpca",3,62,FALSE,0.335457900689384,0.535779046225598
"poolpca",3,63,FALSE,0.419873175149476,0.513515583436796
"poolpca",3,64,FALSE,0.397227181043161,0.554355751115886
"poolpca",3,65,TRUE,0.59659709562646,0.591889358759332
"poolpca",3,66,FALSE,0.260071387985075,0.436296444372326
"poolpca",3,67,FALSE,0.489466281303128,0.590421600320185
"poolpca",3,68,FALSE,0.544018407858776,0.664891501920457
"poolpca",3,69,FALSE,0.665205628434601,0.684488518853924
"poolpca",3,70,FALSE,0.537819095073274,0.601963735824694
"poolpca",3,71,FALSE,0.501059262217751,0.515774939455304
"poolpca",3,72,FALSE,0.415699348887829,0.451559693128754
"poolpca",3,73,TRUE,0.298853076409707,0.385498094424921
"poolpca",3,74,TRUE,0.289365951520032,0.354179862822217
"poolpca",3,75,FALSE,0.497620649781288,0.338219794675295
"poolpca",3,76,TRUE,0.778151250383644,0.50568671568128
"poolpca",3,77,TRUE,0.260071387985075,0.348912176152408
"poolpca",3,78,FALSE,0.367542273520577,0.483987317795811
"poolpca",3,79,FALSE,0.534026106056135,0.481712004971065
"poolpca",3,80,FALSE,0.287129620719111,0.281154908927537
"poolpca",3,81,FALSE,0.469822015978163,0.390962544605997
"poolpca",3,82,TRUE,0.399673721481038,0.312603856844542
"poolpca",3,83,FALSE,0.307496037913213,0.302255119686366
"poolpca",3,84,TRUE,0.322219294733919,0.365002620395738
"poolpca",3,85,FALSE,0.247236549506764,0.406767765737653
"poolpca",3,86,FALSE,0.6232492903979,0.479436014044889
"poolpca",3,87,TRUE,0.429752280002408,0.387978490894197
"poolpca",3,88,TRUE,0.566943971856554,0.43138251472932
"poolpca",3,89,FALSE,0.605951157564873,0.538038326075463
"poolpca",3,90,FALSE,0.265996370495079,0.466106964943717
"poolpca",3,91,FALSE,0.555215405126073,0.390935476859388
"poolpca",3,92,FALSE,0.638489256954637,0.497545710182227
"poolpca",3,93,FALSE,0.528145078253106,0.548811033659906
"poolpca",3,94,FALSE,0.227552503379865,0.50711907896324
"poolpca",3,95,FALSE,0.430075055551939,0.534454270215144
"poolpca",3,96,FALSE,0.184549481320698,0.356791208279775
"poolpca",3,97,FALSE,0.472537053262077,0.492569747449194
"poolpca",3,98,FALSE,0.60616631460762,0.451591273599893
"poolpca",3,99,FALSE,0.685553652846326,0.622518733333766
"poolpca",3,100,TRUE,0.296665190261531,0.551724438465215
"poolpca",3,101,FALSE,0.491361693834273,0.582168470391983
"poolpca",3,102,FALSE,0.513217600067939,0.44295540784786
"poolpca",3,103,TRUE,0.64738297011462,0.413225135794971
"poolpca",3,104,FALSE,0.491361693834273,0.508508370984685
"poolpca",3,105,FALSE,0.406028944963615,0.416125962092512
"poolpca",3,106,FALSE,0.752025387323213,0.51613160241179
"poolpca",3,107,TRUE,0.6414741105041,0.483651656702602
"poolpca",3,108,FALSE,0.416307587059883,0.551868484687418
"poolpca",3,109,FALSE,0.966610986681934,0.787396641021288
"poolpca",3,110,FALSE,0.188647295999717,0.319020045632475
"poolpca",3,111,FALSE,0.708335902682263,0.510075878028218
"poolpca",3,112,FALSE,0.685741738602264,0.796875056425715
"poolpca",3,113,FALSE,0.559308010907013,0.534035419596397
"poolpca",3,114,FALSE,0.355259905527378,0.462048012403557
"poolpca",3,115,FALSE,0.187520720836463,0.375896118804359
"poolpca",3,116,TRUE,0.569373909615046,0.459352373002092
"poolpca",3,117,FALSE,0.572523097849638,0.528783719230639
"poolpca",3,118,FALSE,0.538070787043172,0.54758491429674
"poolpca",3,119,FALSE,0.374748346010104,0.403912936480788
"poolpca",3,120,FALSE,0.294686624279443,0.351070359368059
"poolpca",3,121,FALSE,0.432969290874406,0.455499471665461
"poolpca",3,122,TRUE,0.320146286111054,0.577974065774361
"poolpca",3,123,FALSE,0.574262829707027,0.455011244215858
"poolpca",3,124,FALSE,0.610234175334389,0.624034799539124
"poolpca",3,125,FALSE,0.173186268412274,0.217629162668279
"poolpca",3,126,FALSE,0.314499227973151,0.426976031114005
"poolpca",3,127,FALSE,0.753330221324521,0.568786386555706
"poolpca",3,128,FALSE,0.338456493604605,0.459192330692772
"poolpca",3,129,TRUE,0.0253058652647703,0.22108580382976
"poolpca",3,130,FALSE,0.21045229296202,0.470869602844843
"poolpca",3,131,FALSE,0.440121603187804,0.509424753055394
"poolpca",3,132,TRUE,0.181872159010334,0.438577805883759
"poolpca",3,133,FALSE,0.761326322421457,0.592986329990217
"poolpca",3,134,FALSE,0.188084373714938,0.427726610226032
"poolpca",3,135,FALSE,0.662757831681574,0.400266918207163
"poolpca",3,136,FALSE,0.409425868671443,0.505248544887057
"poolpca",3,137,FALSE,0.387389826338729,0.316673179525148
"poolpca",3,138,FALSE,0.256236533205923,0.347842268417151
"poolpca",3,139,FALSE,0.381656482585787,0.393634499546217
"poolpca",3,140,FALSE,0.43568513794163,0.485445154140872
"poolpca",3,141,FALSE,0.190331698170291,0.402683401197898
"poolpca",3,142,TRUE,0.123851640967086,0.390893570269947
"poolpca",3,143,FALSE,0.208978517276253,0.456818962555263
"poolpca",3,144,TRUE,0.506505032404872,0.462797976538721
"poolpca",3,145,FALSE,0.390935107103379,0.420656455717376
"poolpca",3,146,FALSE,0.442479769064449,0.513388345070146
"poolpca",3,147,FALSE,0.417139409727326,0.423345747689715
"poolpca",3,148,FALSE,0.260071387985075,0.305901696421113
"poolpca",3,149,TRUE,0.308777773664721,0.393018531558341
"poolpca",3,150,FALSE,0.583198773968623,0.502309283840993
"poolpca",3,151,TRUE,0.456062224454951,0.424792025636556
"poolpca",3,152,FALSE,0.370698092575577,0.379694741922319
"poolpca",3,153,FALSE,0.639486489268586,0.631437905532516
"poolpca",3,154,FALSE,0.777412321496744,0.445823354329101
"poolpca",3,155,TRUE,0.590284403718162,0.468496778152489
"poolpca",3,156,FALSE,0.618215503279417,0.482758615769183
"poolpca",3,157,FALSE,0.224533062606086,0.536774777889134
"poolpca",3,158,FALSE,0.234010817587179,0.328738289291056
"poolpca",3,159,FALSE,0.595826777073223,0.444334975102795
"poolpca",3,160,TRUE,0.612783856719735,0.517305892667187
"poolpca",3,161,FALSE,0.581266805273671,0.566903780385454
"poolpca",3,162,FALSE,0.588383768378728,0.595862034796758
"poolpca",3,163,FALSE,0.108226656374928,0.396707488364941
"poolpca",3,164,TRUE,0.381115080709851,0.372592251641589
"poolpca",3,165,FALSE,0.255272505103306,0.547358929920949
"poolpca",3,166,FALSE,0.680879174426811,0.503648665822529
"poolpca",3,167,FALSE,0.564784384503987,0.49603544790277
"poolpca",3,168,TRUE,0.526339277389844,0.392138262871463
"poolpca",3,169,FALSE,0.294466226161593,0.433680327656647
"poolpca",3,170,FALSE,0.612783856719735,0.450956727373121
"poolpca",3,171,FALSE,0.5182506513085,0.566122373625007
"poolpca",3,172,FALSE,0.442949869577862,0.350150864513627
"poolpca",3,173,FALSE,0.505149978319906,0.476974344938686
"poolpca",3,174,FALSE,0.305995882770805,0.40323602689947
"poolpca",3,175,TRUE,0.612783856719735,0.493770271345909
"poolpca",3,176,TRUE,0.204119982655925,0.400041090056688
"poolpca",3,177,FALSE,0.677333151419902,0.384767657755669
"poolpca",3,178,FALSE,0.345961541813141,0.48438896469843
"poolpca",3,179,FALSE,0.361160995195026,0.443037104979313
"poolpca",3,180,TRUE,0.127104798364808,0.251470080331519
"poolpca",3,181,FALSE,0.514547752660286,0.313442217304695
"poolpca",3,182,FALSE,0.362350507594848,0.489191655378097
"poolpca",3,183,FALSE,0.662757831681574,0.471295884046072
"poolpca",3,184,FALSE,0.313867220369153,0.431134514465169
"poolpca",3,185,FALSE,0.839666556882433,0.479558249861095
"poolpca",3,186,FALSE,0.16999753706657,0.376914497347017
"poolpca",3,187,FALSE,0.129367595722986,0.0803628865882944
"poolpca",3,188,FALSE,0.36078268987328,0.355685374604239
"poolpca",3,189,FALSE,0.429106008332697,0.471869384935211
"poolpca",3,190,FALSE,0.702602841340427,0.542424660101605
"poolpca",3,191,FALSE,0.571708831808688,0.469066076384668
"poolpca",3,192,FALSE,0.343920385393226,0.275264152621694
"poolpca",3,193,FALSE,0.695131297704026,0.544497075054705
"poolpca",3,194,FALSE,0.629409599102719,0.531649887350795
"poolpca",3,195,FALSE,0.414973347970818,0.414320122659021
"poolpca",3,196,FALSE,0.276231957921834,0.396348019088274
"poolpca",3,197,FALSE,0.531478917042255,0.529169430408095
"poolpca",3,198,FALSE,0.236789099409293,0.399478392790298
"poolpca",3,199,FALSE,0.756407872548958,0.793230604819108
"poolpca",3,200,FALSE,0.718750734739665,0.593260684374779
"poolpca",3,201,FALSE,0.515211304327802,0.441309373852271
"poolpca",3,202,TRUE,0.3654879848909,0.296866336248976
"poolpca",3,203,TRUE,0.344392273685111,0.413537494193506
"poolpca",3,204,FALSE,0.196728722623287,0.480528011618953
"poolpca",3,205,FALSE,0.392696953259666,0.397460556405543
"poolpca",3,206,FALSE,0.365394376854778,0.450686260784048
"poolpca",3,207,TRUE,0.389166084364532,0.456965622067797
"poolpca",3,208,FALSE,0.653212513775344,0.487647203141898
"poolpca",3,209,FALSE,0.440594261839831,0.388473419587719
"poolpca",3,210,TRUE,0.202215775801131,0.458814591271433
"poolpca",3,211,FALSE,0.48572142648158,0.397259114349754
"poolpca",3,212,FALSE,0.244277120801843,0.450503113193206
"poolpca",3,213,FALSE,0.372727940885595,0.520103413822299
"poolpca",3,214,FALSE,0.52244423350632,0.488318553258107
"poolpca",3,215,FALSE,0.257678574869184,0.404717957748244
"poolpca",3,216,FALSE,0.384353414137506,0.53991536672286
"poolpca",3,217,FALSE,0.335858911319818,0.485864352470218
"poolpca",3,218,FALSE,0.555094448578319,0.526197591870227
"poolpca",3,219,FALSE,0.271841606536499,0.494922302010669
"poolpca",3,220,FALSE,0.471291711058939,0.4376435279421
"poolpca",3,221,TRUE,0.294906910605192,0.440111311915131
"poolpca",3,222,FALSE,0.655138434811382,0.593023702054297
"poolpca",3,223,FALSE,0.528916700277655,0.490904157871358
"poolpca",3,224,FALSE,0.777426822389311,0.534686494536781
"poolpca",3,225,TRUE,0.191730393362856,0.484119920572752
"poolpca",3,226,FALSE,0.239549720840473,0.46652493983426
"poolpca",3,227,TRUE,0.582404298019028,0.547175095889591
"poolpca",3,228,TRUE,0.569373909615046,0.346291180102322
"poolpca",3,229,FALSE,0.334252642334231,0.358539709296363
"poolpca",3,230,FALSE,0.406369835469268,0.451355494870405
"poolpca",3,231,FALSE,0.0597526942092988,0.33784441265099
"poolpca",3,232,TRUE,0.472463896606989,0.461800254926388
"poolpca",3,233,FALSE,0.666985718329661,0.460762899893014
"poolpca",3,234,FALSE,0.65417654187796,0.561399774981619
"poolpca",3,235,FALSE,0.259593878885949,0.466356503136358
"poolpca",3,236,FALSE,0.527114111639805,0.606190023785953
"poolpca",3,237,TRUE,0.367169488534681,0.391820112739274
"poolpca",3,238,TRUE,0.19228861256812,0.316415362735351
"poolpca",3,239,FALSE,0.478566495593843,0.331069123109551
"poolpca",3,240,FALSE,0.253580289562183,0.424007573447729
"poolpca",3,241,FALSE,0.27554168840131,0.38265394924945
"poolpca",3,242,FALSE,0.532627001228891,0.292164871225763
"poolpca",3,243,TRUE,0.542451947375977,0.388423431649601
"poolpca",3,244,FALSE,0.381836799998343,0.424157702643799
"poolpca",3,245,TRUE,0.511616020569138,0.581565945520924
"poolpca",3,246,FALSE,0.476831628512261,0.578757338690272
"poolpca",3,247,FALSE,0.301029995663981,0.494148517929186
"poolpca",3,248,FALSE,0.325823419002744,0.362285935167481
"poolpca",3,249,FALSE,0.586024382386976,0.487190260579189
"poolpca",3,250,FALSE,0.218535505216528,0.29720278801874
"poolpca",3,251,FALSE,0.0480531731156091,0.220973030350946
"poolpca",3,252,FALSE,0.378397900948138,0.528118616444519
"poolpca",3,253,FALSE,0.595275711802099,0.409734550347478
"poolpca",3,254,FALSE,0.398807730203264,0.475738449583441
"poolpca",3,255,TRUE,0.161368002234975,0.323435670981808
"poolpca",3,256,FALSE,0.456214155357989,0.440203895606382
"poolpca",3,257,FALSE,0.641126932803509,0.441754631860025
"poolpca",3,258,FALSE,0.54020429984206,0.362667129680131
"poolpca",3,259,FALSE,0.0328201494385639,0.107260555275047
"poolpca",3,260,FALSE,0.434888120867316,0.535882342756482
"poolpca",3,261,FALSE,0.332034277027518,0.4529699511045
"poolpca",3,262,FALSE,0.391816923613249,0.611797213928852
"poolpca",3,263,TRUE,0.347427598618541,0.306987466461099
"poolpca",3,264,FALSE,0.352182518111362,0.30278123019746
"poolpca",3,265,TRUE,0.154119525515847,0.253184275926298
"poolpca",3,266,FALSE,0.591398551281249,0.452324560187605
"poolpca",3,267,TRUE,0.315970345456918,0.428831670256681
"poolpca",3,268,FALSE,0.470410490975931,0.466993426059142
"poolpca",3,269,FALSE,0.826074802700826,0.762101020466028
"poolpca",3,270,FALSE,0.234264124378789,0.3779127604881
"poolpca",3,271,FALSE,0.504878459410216,0.479251651207765
"poolpca",3,272,FALSE,0.582744965691277,0.374709420023869
"poolpca",3,273,FALSE,0.542327382773974,0.542862025429917
"poolpca",3,274,FALSE,0.657055852857104,0.454269532588678
"poolpca",3,275,FALSE,0.328379603438738,0.378962826532182
"poolpca",3,276,FALSE,0.4679039465228,0.262669412173438
"poolpca",3,277,FALSE,0.331427296520743,0.50848498127958
"poolpca",3,278,FALSE,0.352664799651101,0.433618480458216
"poolpca",3,279,FALSE,0.437116093048079,0.336673547408747
"poolpca",3,280,FALSE,0.325043347403704,0.373280593868697
"poolpca",3,281,FALSE,0.749581734865559,0.477539835859399
"poolpca",3,282,FALSE,0.775319121829478,0.526002460141582
"poolpca",3,283,FALSE,0.817565369559781,0.529375995957786
"poolpca",3,284,FALSE,0.526442668529935,0.357697405816326
"poolpca",3,285,FALSE,0.682145076373832,0.542522902725329
"poolpca",3,286,FALSE,0.425534220498263,0.506829578448129
"poolpca",3,287,FALSE,0.659726095237792,0.519892960445036
"poolpca",3,288,FALSE,0.672097857935718,0.402289990420923
"poolpca",3,289,FALSE,0.534026106056135,0.460300706839772
"poolpca",3,290,FALSE,0.615950051656401,0.542075979744166
"poolpca",3,291,TRUE,0.262451089730429,0.466675570625246
"isoscore",1,1,TRUE,0.482873583608754,0.554957891572659
"isoscore",1,2,TRUE,0.496929648073215,0.45816723554393
"isoscore",1,3,TRUE,0.623042434246382,0.465395351993898
"isoscore",1,4,TRUE,0.523746466811564,0.374395259576858
"isoscore",1,5,TRUE,0.47567118832443,0.464165785091102
"isoscore",1,6,FALSE,0.469674772551798,0.351102908536123
"isoscore",1,7,FALSE,0.387389826338729,0.50308260909322
"isoscore",1,8,FALSE,0.627365856592733,0.422453517770976
"isoscore",1,9,FALSE,0.591064607026499,0.44882235947498
"isoscore",1,10,FALSE,0.218220304175545,0.288806078041055
"isoscore",1,11,TRUE,0.680335513414563,0.395334863952472
"isoscore",1,12,TRUE,0.680607428991788,0.411608286341752
"isoscore",1,13,FALSE,0.721810615212547,0.582726075175218
"isoscore",1,14,TRUE,0.20682587603185,0.326785790200803
"isoscore",1,15,TRUE,0.582063362911709,0.363614625771185
"isoscore",1,16,FALSE,0.696094159995223,0.522531955478898
"isoscore",1,17,TRUE,0.40823996531185,0.397569344741467
"isoscore",1,18,FALSE,0.433001340945038,0.433691491066672
"isoscore",1,19,FALSE,0.653212513775344,0.454936285728105
"isoscore",1,20,FALSE,0.558072259099146,0.427008611885588
"isoscore",1,21,FALSE,0.261928672990642,0.270922012337991
"isoscore",1,22,TRUE,0.637489729512511,0.500526934058268
"isoscore",1,23,FALSE,0.504878459410216,0.366880022228744
"isoscore",1,24,FALSE,0.286995073968852,0.400945408654122
"isoscore",1,25,TRUE,0.662757831681574,0.438795796015005
"isoscore",1,26,FALSE,0.524525936626376,0.498817286400137
"isoscore",1,27,TRUE,0.406540180433955,0.510329152040506
"isoscore",1,28,FALSE,0.656098202012832,0.520032886411017
"isoscore",1,29,FALSE,0.517987203025078,0.439381779646048
"isoscore",1,30,FALSE,0.703119346236078,0.540610793414719
"isoscore",1,31,FALSE,0.691081492122968,0.554822039453816
"isoscore",1,32,FALSE,0.0141423615450058,0.357666047413458
"isoscore",1,33,FALSE,0.733197265106569,0.710074130917097
"isoscore",1,34,FALSE,0.408070285887185,0.434634611941679
"isoscore",1,35,FALSE,0.396024896608593,0.462962422643731
"isoscore",1,36,FALSE,0.398391440229475,0.482832693471836
"isoscore",1,37,FALSE,0.770852011642144,0.553907623909603
"isoscore",1,38,TRUE,0.15836249209525,0.371727231338329
"isoscore",1,39,FALSE,0.625415352154408,0.539956851205218
"isoscore",1,40,FALSE,0.496334505996816,0.510490482144747
"isoscore",1,41,FALSE,0.679427896612119,0.587623240431629
"isoscore",1,42,FALSE,0.610116955411928,0.54515706190569
"isoscore",1,43,FALSE,0.645913275033844,0.464636676476604
"isoscore",1,44,FALSE,0.465382851448418,0.449799905742444
"isoscore",1,45,FALSE,0.569490954348783,0.551119685815421
"isoscore",1,46,FALSE,0.187520720836463,0.285050322270112
"isoscore",1,47,FALSE,0.465813957269479,0.508886848005848
"isoscore",1,48,FALSE,0.231214647962601,0.502303430220279
"isoscore",1,49,FALSE,0.670802284260944,0.594228140716675
"isoscore",1,50,FALSE,0.459935016851525,0.55216902520005
"isoscore",1,51,FALSE,0.287129620719111,0.408651870338038
"isoscore",1,52,FALSE,0.6232492903979,0.427347843890777
"isoscore",1,53,FALSE,0.8109042806687,0.663679602049549
"isoscore",1,54,TRUE,0.354108439147401,0.469481752851981
"isoscore",1,55,FALSE,0.129141845792285,0.369958217010844
"isoscore",1,56,FALSE,0.244969460136198,0.339372363201969
"isoscore",1,57,FALSE,0.364363354615731,0.407220049763064
"isoscore",1,58,TRUE,0.334212409393176,0.470765548733577
"isoscore",1,59,FALSE,0.489677291663699,0.547899120279626
"isoscore",1,60,FALSE,0.525304009958239,0.46863657435046
"isoscore",1,61,TRUE,0.406540180433955,0.370709768544648
"isoscore",1,62,FALSE,0.335457900689384,0.579248943215703
"isoscore",1,63,FALSE,0.419873175149476,0.525775060310619
"isoscore",1,64,FALSE,0.397227181043161,0.558421292749656
"isoscore",1,65,TRUE,0.59659709562646,0.648032225009511
"isoscore",1,66,FALSE,0.260071387985075,0.468384500395872
"isoscore",1,67,FALSE,0.489466281303128,0.580187503036954
"isoscore",1,68,FALSE,0.544018407858776,0.672037283687497
"isoscore",1,69,FALSE,0.665205628434601,0.67448962483294
"isoscore",1,70,FALSE,0.537819095073274,0.594443599988547
"isoscore",1,71,FALSE,0.501059262217751,0.572378747668602
"isoscore",1,72,FALSE,0.415699348887829,0.461722051049356
"isoscore",1,73,TRUE,0.298853076409707,0.383303536095782
"isoscore",1,74,TRUE,0.289365951520032,0.402520519646135
"isoscore",1,75,FALSE,0.497620649781288,0.360367730385607
"isoscore",1,76,TRUE,0.778151250383644,0.49705575449148
"isoscore",1,77,TRUE,0.260071387985075,0.442609042915666
"isoscore",1,78,FALSE,0.367542273520577,0.511784755825009
"isoscore",1,79,FALSE,0.534026106056135,0.493829621394043
"isoscore",1,80,FALSE,0.287129620719111,0.30552579053243
"isoscore",1,81,FALSE,0.469822015978163,0.377769167580823
"isoscore",1,82,TRUE,0.399673721481038,0.3376518968504
"isoscore",1,83,FALSE,0.307496037913213,0.272364321907219
"isoscore",1,84,TRUE,0.322219294733919,0.379692005557038
"isoscore",1,85,FALSE,0.247236549506764,0.396387329382424
"isoscore",1,86,FALSE,0.6232492903979,0.483722892664289
"isoscore",1,87,TRUE,0.429752280002408,0.400999468974195
"isoscore",1,88,TRUE,0.566943971856554,0.411606947883601
"isoscore",1,89,FALSE,0.605951157564873,0.528810709785516
"isoscore",1,90,FALSE,0.265996370495079,0.475455719163192
"isoscore",1,91,FALSE,0.555215405126073,0.386905156525315
"isoscore",1,92,FALSE,0.638489256954637,0.500319298790525
"isoscore",1,93,FALSE,0.528145078253106,0.560983667013512
"isoscore",1,94,FALSE,0.227552503379865,0.540773448092688
"isoscore",1,95,FALSE,0.430075055551939,0.55423800524208
"isoscore",1,96,FALSE,0.184549481320698,0.372992889966384
"isoscore",1,97,FALSE,0.472537053262077,0.513125766609363
"isoscore",1,98,FALSE,0.60616631460762,0.47656853522657
"isoscore",1,99,FALSE,0.685553652846326,0.621978433789773
"isoscore",1,100,TRUE,0.296665190261531,0.557435718626578
"isoscore",1,101,FALSE,0.491361693834273,0.563872734910459
"isoscore",1,102,FALSE,0.513217600067939,0.378607065358199
"isoscore",1,103,TRUE,0.64738297011462,0.57679668547188
"isoscore",1,104,FALSE,0.491361693834273,0.520344211894219
"isoscore",1,105,FALSE,0.406028944963615,0.449663920504315
"isoscore",1,106,FALSE,0.752025387323213,0.539600832981345
"isoscore",1,107,TRUE,0.6414741105041,0.506938604975702
"isoscore",1,108,FALSE,0.416307587059883,0.561693368012985
"isoscore",1,109,FALSE,0.966610986681934,0.778707003080388
"isoscore",1,110,FALSE,0.188647295999717,0.327151800127438
"isoscore",1,111,FALSE,0.708335902682263,0.496974865379908
"isoscore",1,112,FALSE,0.685741738602264,0.826015862527935
"isoscore",1,113,FALSE,0.559308010907013,0.567654415424297
"isoscore",1,114,FALSE,0.355259905527378,0.460527716189196
"isoscore",1,115,FALSE,0.187520720836463,0.327334964078059
"isoscore",1,116,TRUE,0.569373909615046,0.452890635754304
"isoscore",1,117,FALSE,0.572523097849638,0.526145411475986
"isoscore",1,118,FALSE,0.538070787043172,0.52207318097603
"isoscore",1,119,FALSE,0.374748346010104,0.435732800076116
"isoscore",1,120,FALSE,0.294686624279443,0.348316713201144
"isoscore",1,121,FALSE,0.432969290874406,0.459066955841977
"isoscore",1,122,TRUE,0.320146286111054,0.597990605797249
"isoscore",1,123,FALSE,0.574262829707027,0.437736098861109
"isoscore",1,124,FALSE,0.610234175334389,0.621526374033475
"isoscore",1,125,FALSE,0.173186268412274,0.258745221323799
"isoscore",1,126,FALSE,0.314499227973151,0.438611433643149
"isoscore",1,127,FALSE,0.753330221324521,0.552038169280836
"isoscore",1,128,FALSE,0.338456493604605,0.516850394973207
"isoscore",1,129,TRUE,0.0253058652647703,0.288395293513376
"isoscore",1,130,FALSE,0.21045229296202,0.350330133565066
"isoscore",1,131,FALSE,0.440121603187804,0.507156929321839
"isoscore",1,132,TRUE,0.181872159010334,0.456745625293691
"isoscore",1,133,FALSE,0.761326322421457,0.621590535197343
"isoscore",1,134,FALSE,0.188084373714938,0.38893148420101
"isoscore",1,135,FALSE,0.662757831681574,0.402930899032415
"isoscore",1,136,FALSE,0.409425868671443,0.479765410013554
"isoscore",1,137,FALSE,0.387389826338729,0.34138020130579
"isoscore",1,138,FALSE,0.256236533205923,0.42026231115438
"isoscore",1,139,FALSE,0.381656482585787,0.408074791096748
"isoscore",1,140,FALSE,0.43568513794163,0.478968642094753
"isoscore",1,141,FALSE,0.190331698170291,0.418187291033841
"isoscore",1,142,TRUE,0.123851640967086,0.427694206167958
"isoscore",1,143,FALSE,0.208978517276253,0.455201445058029
"isoscore",1,144,TRUE,0.506505032404872,0.484990974003323
"isoscore",1,145,FALSE,0.390935107103379,0.429810679302407
"isoscore",1,146,FALSE,0.442479769064449,0.492916098921098
"isoscore",1,147,FALSE,0.417139409727326,0.45967814270986
"isoscore",1,148,FALSE,0.260071387985075,0.326549444789025
"isoscore",1,149,TRUE,0.308777773664721,0.442911720345652
"isoscore",1,150,FALSE,0.583198773968623,0.443724013787726
"isoscore",1,151,TRUE,0.456062224454951,0.420600362894527
"isoscore",1,152,FALSE,0.370698092575577,0.306138391516172
"isoscore",1,153,FALSE,0.639486489268586,0.622463378392325
"isoscore",1,154,FALSE,0.777412321496744,0.484056906774573
"isoscore",1,155,TRUE,0.590284403718162,0.517553747686316
"isoscore",1,156,FALSE,0.618215503279417,0.508194399143141
"isoscore",1,157,FALSE,0.224533062606086,0.42245501518608
"isoscore",1,158,FALSE,0.234010817587179,0.315546177513564
"isoscore",1,159,FALSE,0.595826777073223,0.434909056739439
"isoscore",1,160,TRUE,0.612783856719735,0.528729088557141
"isoscore",1,161,FALSE,0.581266805273671,0.575531930404625
"isoscore",1,162,FALSE,0.588383768378728,0.57266109234808
"isoscore",1,163,FALSE,0.108226656374928,0.368779147132962
"isoscore",1,164,TRUE,0.381115080709851,0.419564263716993
"isoscore",1,165,FALSE,0.255272505103306,0.54262865514579
"isoscore",1,166,FALSE,0.680879174426811,0.53368365610892
"isoscore",1,167,FALSE,0.564784384503987,0.517448757517996
"isoscore",1,168,TRUE,0.526339277389844,0.375306231354332
"isoscore",1,169,FALSE,0.294466226161593,0.453800069438701
"isoscore",1,170,FALSE,0.612783856719735,0.482087424299619
"isoscore",1,171,FALSE,0.5182506513085,0.573419953705537
"isoscore",1,172,FALSE,0.442949869577862,0.409828820708731
"isoscore",1,173,FALSE,0.505149978319906,0.486597586897519
"isoscore",1,174,FALSE,0.305995882770805,0.431704095684488
"isoscore",1,175,TRUE,0.612783856719735,0.48603484317805
"isoscore",1,176,TRUE,0.204119982655925,0.386931935459796
"isoscore",1,177,FALSE,0.677333151419902,0.368374035413301
"isoscore",1,178,FALSE,0.345961541813141,0.508213048951092
"isoscore",1,179,FALSE,0.361160995195026,0.439050324178262
"isoscore",1,180,TRUE,0.127104798364808,0.182930160512907
"isoscore",1,181,FALSE,0.514547752660286,0.304422082838988
"isoscore",1,182,FALSE,0.362350507594848,0.468456775742566
"isoscore",1,183,FALSE,0.662757831681574,0.461242168307084
"isoscore",1,184,FALSE,0.313867220369153,0.418405119340838
"isoscore",1,185,FALSE,0.839666556882433,0.465816336046076
"isoscore",1,186,FALSE,0.16999753706657,0.359259164442433
"isoscore",1,187,FALSE,0.129367595722986,0.192209861171418
"isoscore",1,188,FALSE,0.36078268987328,0.325168018316992
"isoscore",1,189,FALSE,0.429106008332697,0.464445332893551
"isoscore",1,190,FALSE,0.702602841340427,0.565695634463024
"isoscore",1,191,FALSE,0.571708831808688,0.483241896116626
"isoscore",1,192,FALSE,0.343920385393226,0.316060560291636
"isoscore",1,193,FALSE,0.695131297704026,0.521851995964394
"isoscore",1,194,FALSE,0.629409599102719,0.558219609216499
"isoscore",1,195,FALSE,0.414973347970818,0.412490049368675
"isoscore",1,196,FALSE,0.276231957921834,0.388820275463896
"isoscore",1,197,FALSE,0.531478917042255,0.525243460282627
"isoscore",1,198,FALSE,0.236789099409293,0.400878481068565
"isoscore",1,199,FALSE,0.756407872548958,0.767661447552766
"isoscore",1,200,FALSE,0.718750734739665,0.595877432246387
"isoscore",1,201,FALSE,0.515211304327802,0.453550440133576
"isoscore",1,202,TRUE,0.3654879848909,0.303009480453549
"isoscore",1,203,TRUE,0.344392273685111,0.435440767573056
"isoscore",1,204,FALSE,0.196728722623287,0.49767943106147
"isoscore",1,205,FALSE,0.392696953259666,0.4394960968772
"isoscore",1,206,FALSE,0.365394376854778,0.415023646694423
"isoscore",1,207,TRUE,0.389166084364532,0.448048324514165
"isoscore",1,208,FALSE,0.653212513775344,0.48059909532433
"isoscore",1,209,FALSE,0.440594261839831,0.377361197439738
"isoscore",1,210,TRUE,0.202215775801131,0.488789279100891
"isoscore",1,211,FALSE,0.48572142648158,0.409239668567857
"isoscore",1,212,FALSE,0.244277120801843,0.455053461473687
"isoscore",1,213,FALSE,0.372727940885595,0.469007886286427
"isoscore",1,214,FALSE,0.52244423350632,0.465819508636086
"isoscore",1,215,FALSE,0.257678574869184,0.414588719876326
"isoscore",1,216,FALSE,0.384353414137506,0.542968103473569
"isoscore",1,217,FALSE,0.335858911319818,0.507397834516302
"isoscore",1,218,FALSE,0.555094448578319,0.507944569013246
"isoscore",1,219,FALSE,0.271841606536499,0.453597407074264
"isoscore",1,220,FALSE,0.471291711058939,0.473606150328849
"isoscore",1,221,TRUE,0.294906910605192,0.43912127845901
"isoscore",1,222,FALSE,0.655138434811382,0.608975817370551
"isoscore",1,223,FALSE,0.528916700277655,0.504669738615181
"isoscore",1,224,FALSE,0.777426822389311,0.527013397401923
"isoscore",1,225,TRUE,0.191730393362856,0.518094510200087
"isoscore",1,226,FALSE,0.239549720840473,0.427180154460729
"isoscore",1,227,TRUE,0.582404298019028,0.558627000361417
"isoscore",1,228,TRUE,0.569373909615046,0.306420733563531
"isoscore",1,229,FALSE,0.334252642334231,0.40405863408925
"isoscore",1,230,FALSE,0.406369835469268,0.49579245406506
"isoscore",1,231,FALSE,0.0597526942092988,0.302210297726371
"isoscore",1,232,TRUE,0.472463896606989,0.527656140835292
"isoscore",1,233,FALSE,0.666985718329661,0.448627046025401
"isoscore",1,234,FALSE,0.65417654187796,0.494078416076897
"isoscore",1,235,FALSE,0.259593878885949,0.488719010349458
"isoscore",1,236,FALSE,0.527114111639805,0.607671234062627
"isoscore",1,237,TRUE,0.367169488534681,0.393332071436911
"isoscore",1,238,TRUE,0.19228861256812,0.338732772590884
"isoscore",1,239,FALSE,0.478566495593843,0.310142034553018
"isoscore",1,240,FALSE,0.253580289562183,0.384373070271355
"isoscore",1,241,FALSE,0.27554168840131,0.366090435053466
"isoscore",1,242,FALSE,0.532627001228891,0.316819089992155
"isoscore",1,243,TRUE,0.542451947375977,0.401010287553632
"isoscore",1,244,FALSE,0.381836799998343,0.417036825333139
"isoscore",1,245,TRUE,0.511616020569138,0.612976663264495
"isoscore",1,246,FALSE,0.476831628512261,0.568507250286132
"isoscore",1,247,FALSE,0.301029995663981,0.479473856868502
"isoscore",1,248,FALSE,0.325823419002744,0.357259935182232
"isoscore",1,249,FALSE,0.586024382386976,0.484298638555923
"isoscore",1,250,FALSE,0.218535505216528,0.326424055345168
"isoscore",1,251,FALSE,0.0480531731156091,0.177844169762184
"isoscore",1,252,FALSE,0.378397900948138,0.54606349068175
"isoscore",1,253,FALSE,0.595275711802099,0.461047265076152
"isoscore",1,254,FALSE,0.398807730203264,0.42222341658684
"isoscore",1,255,TRUE,0.161368002234975,0.248214297219679
"isoscore",1,256,FALSE,0.456214155357989,0.418027520797694
"isoscore",1,257,FALSE,0.641126932803509,0.448590671022032
"isoscore",1,258,FALSE,0.54020429984206,0.343602868901586
"isoscore",1,259,FALSE,0.0328201494385639,0.145250052189712
"isoscore",1,260,FALSE,0.434888120867316,0.526670855792886
"isoscore",1,261,FALSE,0.332034277027518,0.495180340559631
"isoscore",1,262,FALSE,0.391816923613249,0.572920934783691
"isoscore",1,263,TRUE,0.347427598618541,0.32101257948794
"isoscore",1,264,FALSE,0.352182518111362,0.284436881535851
"isoscore",1,265,TRUE,0.154119525515847,0.284606800350678
"isoscore",1,266,FALSE,0.591398551281249,0.445379196427512
"isoscore",1,267,TRUE,0.315970345456918,0.414042420522986
"isoscore",1,268,FALSE,0.470410490975931,0.455137989462957
"isoscore",1,269,FALSE,0.826074802700826,0.703709109959134
"isoscore",1,270,FALSE,0.234264124378789,0.400065600060742
"isoscore",1,271,FALSE,0.504878459410216,0.450664240317546
"isoscore",1,272,FALSE,0.582744965691277,0.3840899251135
"isoscore",1,273,FALSE,0.542327382773974,0.506869735479313
"isoscore",1,274,FALSE,0.657055852857104,0.447411941621186
"isoscore",1,275,FALSE,0.328379603438738,0.371856837273998
"isoscore",1,276,FALSE,0.4679039465228,0.248563174599357
"isoscore",1,277,FALSE,0.331427296520743,0.499746604992256
"isoscore",1,278,FALSE,0.352664799651101,0.441123662131429
"isoscore",1,279,FALSE,0.437116093048079,0.355388975651161
"isoscore",1,280,FALSE,0.325043347403704,0.348428792463295
"isoscore",1,281,FALSE,0.749581734865559,0.447709215469382
"isoscore",1,282,FALSE,0.775319121829478,0.497312491529897
"isoscore",1,283,FALSE,0.817565369559781,0.493961853503434
"isoscore",1,284,FALSE,0.526442668529935,0.336799988645611
"isoscore",1,285,FALSE,0.682145076373832,0.56648740126673
"isoscore",1,286,FALSE,0.425534220498263,0.508739582821209
"isoscore",1,287,FALSE,0.659726095237792,0.534955456198586
"isoscore",1,288,FALSE,0.672097857935718,0.401354960437969
"isoscore",1,289,FALSE,0.534026106056135,0.425788915349691
"isoscore",1,290,FALSE,0.615950051656401,0.569066386035971
"isoscore",1,291,TRUE,0.262451089730429,0.414573470431636
"isoscore",2,1,TRUE,0.482873583608754,0.564434684610017
"isoscore",2,2,TRUE,0.496929648073215,0.46360276674666
"isoscore",2,3,TRUE,0.623042434246382,0.536653146994995
"isoscore",2,4,TRUE,0.523746466811564,0.368098884153368
"isoscore",2,5,TRUE,0.47567118832443,0.459137492910255
"isoscore",2,6,FALSE,0.469674772551798,0.341857719873853
"isoscore",2,7,FALSE,0.387389826338729,0.495574452210131
"isoscore",2,8,FALSE,0.627365856592733,0.399277600974172
"isoscore",2,9,FALSE,0.591064607026499,0.399324336084988
"isoscore",2,10,FALSE,0.218220304175545,0.406488993373001
"isoscore",2,11,TRUE,0.680335513414563,0.410319766804431
"isoscore",2,12,TRUE,0.680607428991788,0.408115658054279
"isoscore",2,13,FALSE,0.721810615212547,0.586988400804592
"isoscore",2,14,TRUE,0.20682587603185,0.313764651459816
"isoscore",2,15,TRUE,0.582063362911709,0.353749818313243
"isoscore",2,16,FALSE,0.696094159995223,0.552745128671248
"isoscore",2,17,TRUE,0.40823996531185,0.377784031107915
"isoscore",2,18,FALSE,0.433001340945038,0.46464994445406
"isoscore",2,19,FALSE,0.653212513775344,0.444993049826511
"isoscore",2,20,FALSE,0.558072259099146,0.45005068378915
"isoscore",2,21,FALSE,0.261928672990642,0.203446985639365
"isoscore",2,22,TRUE,0.637489729512511,0.505857332030649
"isoscore",2,23,FALSE,0.504878459410216,0.395307578023096
"isoscore",2,24,FALSE,0.286995073968852,0.415647443937516
"isoscore",2,25,TRUE,0.662757831681574,0.446495894546014
"isoscore",2,26,FALSE,0.524525936626376,0.492204599884998
"isoscore",2,27,TRUE,0.406540180433955,0.495684546741865
"isoscore",2,28,FALSE,0.656098202012832,0.51130282907062
"isoscore",2,29,FALSE,0.517987203025078,0.403927140725351
"isoscore",2,30,FALSE,0.703119346236078,0.544266039066555
"isoscore",2,31,FALSE,0.691081492122968,0.563680595289636
"isoscore",2,32,FALSE,0.0141423615450058,0.378312947285649
"isoscore",2,33,FALSE,0.733197265106569,0.689282469636741
"isoscore",2,34,FALSE,0.408070285887185,0.461093349640983
"isoscore",2,35,FALSE,0.396024896608593,0.44373192322734
"isoscore",2,36,FALSE,0.398391440229475,0.475120506513771
"isoscore",2,37,FALSE,0.770852011642144,0.567925844624441
"isoscore",2,38,TRUE,0.15836249209525,0.324758423670159
"isoscore",2,39,FALSE,0.625415352154408,0.561108129851767
"isoscore",2,40,FALSE,0.496334505996816,0.528796521484985
"isoscore",2,41,FALSE,0.679427896612119,0.588606359476544
"isoscore",2,42,FALSE,0.610116955411928,0.537256309659364
"isoscore",2,43,FALSE,0.645913275033844,0.44329584388579
"isoscore",2,44,FALSE,0.465382851448418,0.43288767404007
"isoscore",2,45,FALSE,0.569490954348783,0.555581896565114
"isoscore",2,46,FALSE,0.187520720836463,0.287372894502055
"isoscore",2,47,FALSE,0.465813957269479,0.506344808202701
"isoscore",2,48,FALSE,0.231214647962601,0.502957445094391
"isoscore",2,49,FALSE,0.670802284260944,0.62668254332891
"isoscore",2,50,FALSE,0.459935016851525,0.525204804737081
"isoscore",2,51,FALSE,0.287129620719111,0.44717805788772
"isoscore",2,52,FALSE,0.6232492903979,0.501592812392056
"isoscore",2,53,FALSE,0.8109042806687,0.651346496529536
"isoscore",2,54,TRUE,0.354108439147401,0.47293213172428
"isoscore",2,55,FALSE,0.129141845792285,0.399573054645637
"isoscore",2,56,FALSE,0.244969460136198,0.363330923442458
"isoscore",2,57,FALSE,0.364363354615731,0.408813954536629
"isoscore",2,58,TRUE,0.334212409393176,0.428180932558538
"isoscore",2,59,FALSE,0.489677291663699,0.551968040563161
"isoscore",2,60,FALSE,0.525304009958239,0.443606896917231
"isoscore",2,61,TRUE,0.406540180433955,0.394078357613301
"isoscore",2,62,FALSE,0.335457900689384,0.564285656323982
"isoscore",2,63,FALSE,0.419873175149476,0.519759808240895
"isoscore",2,64,FALSE,0.397227181043161,0.538346935215413
"isoscore",2,65,TRUE,0.59659709562646,0.62048019977611
"isoscore",2,66,FALSE,0.260071387985075,0.448970810783465
"isoscore",2,67,FALSE,0.489466281303128,0.583041409381467
"isoscore",2,68,FALSE,0.544018407858776,0.688244684446875
"isoscore",2,69,FALSE,0.665205628434601,0.660780959039317
"isoscore",2,70,FALSE,0.537819095073274,0.562145532313161
"isoscore",2,71,FALSE,0.501059262217751,0.564334919248444
"isoscore",2,72,FALSE,0.415699348887829,0.416063482656071
"isoscore",2,73,TRUE,0.298853076409707,0.426268110249786
"isoscore",2,74,TRUE,0.289365951520032,0.354104024582763
"isoscore",2,75,FALSE,0.497620649781288,0.354502880685226
"isoscore",2,76,TRUE,0.778151250383644,0.526271802123297
"isoscore",2,77,TRUE,0.260071387985075,0.39875640642828
"isoscore",2,78,FALSE,0.367542273520577,0.473851552224646
"isoscore",2,79,FALSE,0.534026106056135,0.48609224924538
"isoscore",2,80,FALSE,0.287129620719111,0.314833020048322
"isoscore",2,81,FALSE,0.469822015978163,0.335770357512864
"isoscore",2,82,TRUE,0.399673721481038,0.308161284825271
"isoscore",2,83,FALSE,0.307496037913213,0.260254984353514
"isoscore",2,84,TRUE,0.322219294733919,0.34220789047975
"isoscore",2,85,FALSE,0.247236549506764,0.394829418008264
"isoscore",2,86,FALSE,0.6232492903979,0.500863082251336
"isoscore",2,87,TRUE,0.429752280002408,0.403993013482418
"isoscore",2,88,TRUE,0.566943971856554,0.422275006934566
"isoscore",2,89,FALSE,0.605951157564873,0.553783661914972
"isoscore",2,90,FALSE,0.265996370495079,0.513940752337007
"isoscore",2,91,FALSE,0.555215405126073,0.412792596534128
"isoscore",2,92,FALSE,0.638489256954637,0.484466456523773
"isoscore",2,93,FALSE,0.528145078253106,0.55663019379575
"isoscore",2,94,FALSE,0.227552503379865,0.53862791958634
"isoscore",2,95,FALSE,0.430075055551939,0.53481070160698
"isoscore",2,96,FALSE,0.184549481320698,0.365171357638265
"isoscore",2,97,FALSE,0.472537053262077,0.513944196068804
"isoscore",2,98,FALSE,0.60616631460762,0.431562173204135
"isoscore",2,99,FALSE,0.685553652846326,0.598739259165879
"isoscore",2,100,TRUE,0.296665190261531,0.524944397813045
"isoscore",2,101,FALSE,0.491361693834273,0.545650571833498
"isoscore",2,102,FALSE,0.513217600067939,0.354829071436357
"isoscore",2,103,TRUE,0.64738297011462,0.441516226453538
"isoscore",2,104,FALSE,0.491361693834273,0.501458611030228
"isoscore",2,105,FALSE,0.406028944963615,0.426841455561658
"isoscore",2,106,FALSE,0.752025387323213,0.50513762710251
"isoscore",2,107,TRUE,0.6414741105041,0.473525952596183
"isoscore",2,108,FALSE,0.416307587059883,0.576955820483828
"isoscore",2,109,FALSE,0.966610986681934,0.749659860712716
"isoscore",2,110,FALSE,0.188647295999717,0.340963920276154
"isoscore",2,111,FALSE,0.708335902682263,0.487362012080023
"isoscore",2,112,FALSE,0.685741738602264,0.821814477562904
"isoscore",2,113,FALSE,0.559308010907013,0.506972277176389
"isoscore",2,114,FALSE,0.355259905527378,0.443900776108506
"isoscore",2,115,FALSE,0.187520720836463,0.341091363599405
"isoscore",2,116,TRUE,0.569373909615046,0.430708049755698
"isoscore",2,117,FALSE,0.572523097849638,0.562304095978675
"isoscore",2,118,FALSE,0.538070787043172,0.532860091829626
"isoscore",2,119,FALSE,0.374748346010104,0.385972107276889
"isoscore",2,120,FALSE,0.294686624279443,0.37620712055547
"isoscore",2,121,FALSE,0.432969290874406,0.484699825879915
"isoscore",2,122,TRUE,0.320146286111054,0.562186659924516
"isoscore",2,123,FALSE,0.574262829707027,0.452085788233551
"isoscore",2,124,FALSE,0.610234175334389,0.630423845304496
"isoscore",2,125,FALSE,0.173186268412274,0.288628318902551
"isoscore",2,126,FALSE,0.314499227973151,0.430003127334264
"isoscore",2,127,FALSE,0.753330221324521,0.555735949490349
"isoscore",2,128,FALSE,0.338456493604605,0.478534401930888
"isoscore",2,129,TRUE,0.0253058652647703,0.258316686305758
"isoscore",2,130,FALSE,0.21045229296202,0.403719094641877
"isoscore",2,131,FALSE,0.440121603187804,0.510170095036291
"isoscore",2,132,TRUE,0.181872159010334,0.39440319077132
"isoscore",2,133,FALSE,0.761326322421457,0.605815034960689
"isoscore",2,134,FALSE,0.188084373714938,0.392357837443192
"isoscore",2,135,FALSE,0.662757831681574,0.4051726510794
"isoscore",2,136,FALSE,0.409425868671443,0.481289259034022
"isoscore",2,137,FALSE,0.387389826338729,0.333407289397315
"isoscore",2,138,FALSE,0.256236533205923,0.373795149712265
"isoscore",2,139,FALSE,0.381656482585787,0.425776243414931
"isoscore",2,140,FALSE,0.43568513794163,0.493130236554708
"isoscore",2,141,FALSE,0.190331698170291,0.436154991806749
"isoscore",2,142,TRUE,0.123851640967086,0.393280116777556
"isoscore",2,143,FALSE,0.208978517276253,0.446656028060854
"isoscore",2,144,TRUE,0.506505032404872,0.468054782460232
"isoscore",2,145,FALSE,0.390935107103379,0.395544446790171
"isoscore",2,146,FALSE,0.442479769064449,0.492635864693441
"isoscore",2,147,FALSE,0.417139409727326,0.479562020669464
"isoscore",2,148,FALSE,0.260071387985075,0.390108320377354
"isoscore",2,149,TRUE,0.308777773664721,0.435608443368089
"isoscore",2,150,FALSE,0.583198773968623,0.410039635087483
"isoscore",2,151,TRUE,0.456062224454951,0.430096865445074
"isoscore",2,152,FALSE,0.370698092575577,0.34770266948757
"isoscore",2,153,FALSE,0.639486489268586,0.641396589090835
"isoscore",2,154,FALSE,0.777412321496744,0.457315648997256
"isoscore",2,155,TRUE,0.590284403718162,0.513572777514875
"isoscore",2,156,FALSE,0.618215503279417,0.534173841293803
"isoscore",2,157,FALSE,0.224533062606086,0.48121450430929
"isoscore",2,158,FALSE,0.234010817587179,0.305986722639563
"isoscore",2,159,FALSE,0.595826777073223,0.440131320283072
"isoscore",2,160,TRUE,0.612783856719735,0.511112880363975
"isoscore",2,161,FALSE,0.581266805273671,0.574338182729047
"isoscore",2,162,FALSE,0.588383768378728,0.603783840758515
"isoscore",2,163,FALSE,0.108226656374928,0.376888633250744
"isoscore",2,164,TRUE,0.381115080709851,0.395697670708082
"isoscore",2,165,FALSE,0.255272505103306,0.553588615239487
"isoscore",2,166,FALSE,0.680879174426811,0.53368022743466
"isoscore",2,167,FALSE,0.564784384503987,0.496342776422715
"isoscore",2,168,TRUE,0.526339277389844,0.369373791964938
"isoscore",2,169,FALSE,0.294466226161593,0.442505098068229
"isoscore",2,170,FALSE,0.612783856719735,0.469494849665291
"isoscore",2,171,FALSE,0.5182506513085,0.565279744692916
"isoscore",2,172,FALSE,0.442949869577862,0.394063041399253
"isoscore",2,173,FALSE,0.505149978319906,0.494883496743723
"isoscore",2,174,FALSE,0.305995882770805,0.403787868165648
"isoscore",2,175,TRUE,0.612783856719735,0.468663888319658
"isoscore",2,176,TRUE,0.204119982655925,0.415569483205487
"isoscore",2,177,FALSE,0.677333151419902,0.458949855419713
"isoscore",2,178,FALSE,0.345961541813141,0.471494108290779
"isoscore",2,179,FALSE,0.361160995195026,0.447963430428879
"isoscore",2,180,TRUE,0.127104798364808,0.210877109826547
"isoscore",2,181,FALSE,0.514547752660286,0.380347164823195
"isoscore",2,182,FALSE,0.362350507594848,0.481292018373372
"isoscore",2,183,FALSE,0.662757831681574,0.470311598740086
"isoscore",2,184,FALSE,0.313867220369153,0.404507144133253
"isoscore",2,185,FALSE,0.839666556882433,0.488177660926406
"isoscore",2,186,FALSE,0.16999753706657,0.380228026363688
"isoscore",2,187,FALSE,0.129367595722986,0.0396046137803046
"isoscore",2,188,FALSE,0.36078268987328,0.317324948221879
"isoscore",2,189,FALSE,0.429106008332697,0.47874925834746
"isoscore",2,190,FALSE,0.702602841340427,0.553806183988875
"isoscore",2,191,FALSE,0.571708831808688,0.462872685742319
"isoscore",2,192,FALSE,0.343920385393226,0.299732445377859
"isoscore",2,193,FALSE,0.695131297704026,0.528933315094563
"isoscore",2,194,FALSE,0.629409599102719,0.554833746965166
"isoscore",2,195,FALSE,0.414973347970818,0.404370749812728
"isoscore",2,196,FALSE,0.276231957921834,0.379075182336498
"isoscore",2,197,FALSE,0.531478917042255,0.5311546738191
"isoscore",2,198,FALSE,0.236789099409293,0.385592335935088
"isoscore",2,199,FALSE,0.756407872548958,0.761520523578639
"isoscore",2,200,FALSE,0.718750734739665,0.579782705332597
"isoscore",2,201,FALSE,0.515211304327802,0.452809068270314
"isoscore",2,202,TRUE,0.3654879848909,0.302206133380097
"isoscore",2,203,TRUE,0.344392273685111,0.423645093651435
"isoscore",2,204,FALSE,0.196728722623287,0.480610879969174
"isoscore",2,205,FALSE,0.392696953259666,0.420996415161724
"isoscore",2,206,FALSE,0.365394376854778,0.443875414123366
"isoscore",2,207,TRUE,0.389166084364532,0.437866644205707
"isoscore",2,208,FALSE,0.653212513775344,0.465283317832925
"isoscore",2,209,FALSE,0.440594261839831,0.428216761244318
"isoscore",2,210,TRUE,0.202215775801131,0.439629214817729
"isoscore",2,211,FALSE,0.48572142648158,0.422710552385035
"isoscore",2,212,FALSE,0.244277120801843,0.475574451758944
"isoscore",2,213,FALSE,0.372727940885595,0.473269038114706
"isoscore",2,214,FALSE,0.52244423350632,0.446316786232447
"isoscore",2,215,FALSE,0.257678574869184,0.409688431513949
"isoscore",2,216,FALSE,0.384353414137506,0.495039713800513
"isoscore",2,217,FALSE,0.335858911319818,0.534861752919669
"isoscore",2,218,FALSE,0.555094448578319,0.516537562517808
"isoscore",2,219,FALSE,0.271841606536499,0.429459401284657
"isoscore",2,220,FALSE,0.471291711058939,0.43399454111955
"isoscore",2,221,TRUE,0.294906910605192,0.453661826505943
"isoscore",2,222,FALSE,0.655138434811382,0.596691922780839
"isoscore",2,223,FALSE,0.528916700277655,0.509512211892387
"isoscore",2,224,FALSE,0.777426822389311,0.510413538663136
"isoscore",2,225,TRUE,0.191730393362856,0.500340788352227
"isoscore",2,226,FALSE,0.239549720840473,0.42148962516353
"isoscore",2,227,TRUE,0.582404298019028,0.542978760225118
"isoscore",2,228,TRUE,0.569373909615046,0.330157433609561
"isoscore",2,229,FALSE,0.334252642334231,0.394905142192525
"isoscore",2,230,FALSE,0.406369835469268,0.482033413359865
"isoscore",2,231,FALSE,0.0597526942092988,0.310057433805109
"isoscore",2,232,TRUE,0.472463896606989,0.473103339197294
"isoscore",2,233,FALSE,0.666985718329661,0.453964668384361
"isoscore",2,234,FALSE,0.65417654187796,0.524554210468503
"isoscore",2,235,FALSE,0.259593878885949,0.461052754936151
"isoscore",2,236,FALSE,0.527114111639805,0.602734159324187
"isoscore",2,237,TRUE,0.367169488534681,0.363828920427281
"isoscore",2,238,TRUE,0.19228861256812,0.33441152843595
"isoscore",2,239,FALSE,0.478566495593843,0.299740341254962
"isoscore",2,240,FALSE,0.253580289562183,0.387475437293776
"isoscore",2,241,FALSE,0.27554168840131,0.358498291904898
"isoscore",2,242,FALSE,0.532627001228891,0.288585256136124
"isoscore",2,243,TRUE,0.542451947375977,0.414345346118955
"isoscore",2,244,FALSE,0.381836799998343,0.444843124792118
"isoscore",2,245,TRUE,0.511616020569138,0.548348924944722
"isoscore",2,246,FALSE,0.476831628512261,0.567537212115493
"isoscore",2,247,FALSE,0.301029995663981,0.519030496911841
"isoscore",2,248,FALSE,0.325823419002744,0.344977879481071
"isoscore",2,249,FALSE,0.586024382386976,0.490305784423988
"isoscore",2,250,FALSE,0.218535505216528,0.256439240378055
"isoscore",2,251,FALSE,0.0480531731156091,0.23044406804777
"isoscore",2,252,FALSE,0.378397900948138,0.55410847254592
"isoscore",2,253,FALSE,0.595275711802099,0.40195490572448
"isoscore",2,254,FALSE,0.398807730203264,0.458920529602703
"isoscore",2,255,TRUE,0.161368002234975,0.256066053004597
"isoscore",2,256,FALSE,0.456214155357989,0.383736330099235
"isoscore",2,257,FALSE,0.641126932803509,0.469289953307983
"isoscore",2,258,FALSE,0.54020429984206,0.355383167364277
"isoscore",2,259,FALSE,0.0328201494385639,0.143924512025227
"isoscore",2,260,FALSE,0.434888120867316,0.543373255199499
"isoscore",2,261,FALSE,0.332034277027518,0.486225541146464
"isoscore",2,262,FALSE,0.391816923613249,0.590839711845377
"isoscore",2,263,TRUE,0.347427598618541,0.285734331642192
"isoscore",2,264,FALSE,0.352182518111362,0.321980822648574
"isoscore",2,265,TRUE,0.154119525515847,0.237493574856466
"isoscore",2,266,FALSE,0.591398551281249,0.457058596418751
"isoscore",2,267,TRUE,0.315970345456918,0.412445152077068
"isoscore",2,268,FALSE,0.470410490975931,0.468082945416042
"isoscore",2,269,FALSE,0.826074802700826,0.782817569476787
"isoscore",2,270,FALSE,0.234264124378789,0.386727497825988
"isoscore",2,271,FALSE,0.504878459410216,0.434052767202102
"isoscore",2,272,FALSE,0.582744965691277,0.377470134686827
"isoscore",2,273,FALSE,0.542327382773974,0.506694303635762
"isoscore",2,274,FALSE,0.657055852857104,0.449681781829203
"isoscore",2,275,FALSE,0.328379603438738,0.373606872985166
"isoscore",2,276,FALSE,0.4679039465228,0.250231249021616
"isoscore",2,277,FALSE,0.331427296520743,0.485553075943218
"isoscore",2,278,FALSE,0.352664799651101,0.389675239899898
"isoscore",2,279,FALSE,0.437116093048079,0.336711512891997
"isoscore",2,280,FALSE,0.325043347403704,0.378974298127717
"isoscore",2,281,FALSE,0.749581734865559,0.458036138435173
"isoscore",2,282,FALSE,0.775319121829478,0.50977575465258
"isoscore",2,283,FALSE,0.817565369559781,0.512547082031352
"isoscore",2,284,FALSE,0.526442668529935,0.322331633404652
"isoscore",2,285,FALSE,0.682145076373832,0.531707438339743
"isoscore",2,286,FALSE,0.425534220498263,0.501462733700909
"isoscore",2,287,FALSE,0.659726095237792,0.475936993830036
"isoscore",2,288,FALSE,0.672097857935718,0.410835164429631
"isoscore",2,289,FALSE,0.534026106056135,0.457951026177691
"isoscore",2,290,FALSE,0.615950051656401,0.539432864566399
"isoscore",2,291,TRUE,0.262451089730429,0.356134074492124
"isoscore",3,1,TRUE,0.482873583608754,0.549520304167177
"isoscore",3,2,TRUE,0.496929648073215,0.512034920286836
"isoscore",3,3,TRUE,0.623042434246382,0.512345855380889
"isoscore",3,4,TRUE,0.523746466811564,0.3964352463139
"isoscore",3,5,TRUE,0.47567118832443,0.475067038347466
"isoscore",3,6,FALSE,0.469674772551798,0.329589986142515
"isoscore",3,7,FALSE,0.387389826338729,0.474441667631603
"isoscore",3,8,FALSE,0.627365856592733,0.414846406130528
"isoscore",3,9,FALSE,0.591064607026499,0.44507371805522
"isoscore",3,10,FALSE,0.218220304175545,0.309411046400147
"isoscore",3,11,TRUE,0.680335513414563,0.422221335736349
"isoscore",3,12,TRUE,0.680607428991788,0.44352002271844
"isoscore",3,13,FALSE,0.721810615212547,0.589942028402747
"isoscore",3,14,TRUE,0.20682587603185,0.324312375024518
"isoscore",3,15,TRUE,0.582063362911709,0.390481734717427
"isoscore",3,16,FALSE,0.696094159995223,0.550275826236162
"isoscore",3,17,TRUE,0.40823996531185,0.388597572757114
"isoscore",3,18,FALSE,0.433001340945038,0.45218302206156
"isoscore",3,19,FALSE,0.653212513775344,0.472242115721017
"isoscore",3,20,FALSE,0.558072259099146,0.432509278088558
"isoscore",3,21,FALSE,0.261928672990642,0.227397390636435
"isoscore",3,22,TRUE,0.637489729512511,0.527099226039643
"isoscore",3,23,FALSE,0.504878459410216,0.378111890256692
"isoscore",3,24,FALSE,0.286995073968852,0.375894032926621
"isoscore",3,25,TRUE,0.662757831681574,0.455613406567871
"isoscore",3,26,FALSE,0.524525936626376,0.486023186269708
"isoscore",3,27,TRUE,0.406540180433955,0.489310857219449
"isoscore",3,28,FALSE,0.656098202012832,0.515128445671869
"isoscore",3,29,FALSE,0.517987203025078,0.433432907694443
"isoscore",3,30,FALSE,0.703119346236078,0.509130163130079
"isoscore",3,31,FALSE,0.691081492122968,0.550274404227621
"isoscore",3,32,FALSE,0.0141423615450058,0.402346823929833
"isoscore",3,33,FALSE,0.733197265106569,0.668667200633314
"isoscore",3,34,FALSE,0.408070285887185,0.424355502161088
"isoscore",3,35,FALSE,0.396024896608593,0.458939818001989
"isoscore",3,36,FALSE,0.398391440229475,0.48016243653112
"isoscore",3,37,FALSE,0.770852011642144,0.536611748693599
"isoscore",3,38,TRUE,0.15836249209525,0.321699336562495
"isoscore",3,39,FALSE,0.625415352154408,0.543593605092027
"isoscore",3,40,FALSE,0.496334505996816,0.508150887131505
"isoscore",3,41,FALSE,0.679427896612119,0.609446784666393
"isoscore",3,42,FALSE,0.610116955411928,0.539900344219185
"isoscore",3,43,FALSE,0.645913275033844,0.453644026756685
"isoscore",3,44,FALSE,0.465382851448418,0.445778344268299
"isoscore",3,45,FALSE,0.569490954348783,0.549959649431041
"isoscore",3,46,FALSE,0.187520720836463,0.268524990307461
"isoscore",3,47,FALSE,0.465813957269479,0.497836519473988
"isoscore",3,48,FALSE,0.231214647962601,0.509080856737027
"isoscore",3,49,FALSE,0.670802284260944,0.594823943261654
"isoscore",3,50,FALSE,0.459935016851525,0.531411878473141
"isoscore",3,51,FALSE,0.287129620719111,0.412157753750927
"isoscore",3,52,FALSE,0.6232492903979,0.484990322530835
"isoscore",3,53,FALSE,0.8109042806687,0.667695689810984
"isoscore",3,54,TRUE,0.354108439147401,0.428589736662898
"isoscore",3,55,FALSE,0.129141845792285,0.414308907084245
"isoscore",3,56,FALSE,0.244969460136198,0.355399776840118
"isoscore",3,57,FALSE,0.364363354615731,0.422344577925528
"isoscore",3,58,TRUE,0.334212409393176,0.401862785993527
"isoscore",3,59,FALSE,0.489677291663699,0.525847869769982
"isoscore",3,60,FALSE,0.525304009958239,0.471793900319965
"isoscore",3,61,TRUE,0.406540180433955,0.404982943790601
"isoscore",3,62,FALSE,0.335457900689384,0.548705585420726
"isoscore",3,63,FALSE,0.419873175149476,0.524867778195102
"isoscore",3,64,FALSE,0.397227181043161,0.5683856532311
"isoscore",3,65,TRUE,0.59659709562646,0.617581508786263
"isoscore",3,66,FALSE,0.260071387985075,0.443011645050815
"isoscore",3,67,FALSE,0.489466281303128,0.593831205304645
"isoscore",3,68,FALSE,0.544018407858776,0.696213966890214
"isoscore",3,69,FALSE,0.665205628434601,0.671675101421847
"isoscore",3,70,FALSE,0.537819095073274,0.600965796558634
"isoscore",3,71,FALSE,0.501059262217751,0.524158422378973
"isoscore",3,72,FALSE,0.415699348887829,0.443723995774132
"isoscore",3,73,TRUE,0.298853076409707,0.405963322180494
"isoscore",3,74,TRUE,0.289365951520032,0.356319113805805
"isoscore",3,75,FALSE,0.497620649781288,0.353679094993174
"isoscore",3,76,TRUE,0.778151250383644,0.503352198562689
"isoscore",3,77,TRUE,0.260071387985075,0.365935012001545
"isoscore",3,78,FALSE,0.367542273520577,0.478459979991138
"isoscore",3,79,FALSE,0.534026106056135,0.479452958531862
"isoscore",3,80,FALSE,0.287129620719111,0.286774318608094
"isoscore",3,81,FALSE,0.469822015978163,0.359732501597542
"isoscore",3,82,TRUE,0.399673721481038,0.331698748114291
"isoscore",3,83,FALSE,0.307496037913213,0.286528281781262
"isoscore",3,84,TRUE,0.322219294733919,0.332114846909377
"isoscore",3,85,FALSE,0.247236549506764,0.411408985240911
"isoscore",3,86,FALSE,0.6232492903979,0.469814447084207
"isoscore",3,87,TRUE,0.429752280002408,0.394626126746485
"isoscore",3,88,TRUE,0.566943971856554,0.423909440209876
"isoscore",3,89,FALSE,0.605951157564873,0.527594668971282
"isoscore",3,90,FALSE,0.265996370495079,0.46908812588424
"isoscore",3,91,FALSE,0.555215405126073,0.391881069989176
"isoscore",3,92,FALSE,0.638489256954637,0.494672976412905
"isoscore",3,93,FALSE,0.528145078253106,0.553779559686926
"isoscore",3,94,FALSE,0.227552503379865,0.509589838200653
"isoscore",3,95,FALSE,0.430075055551939,0.547583821016909
"isoscore",3,96,FALSE,0.184549481320698,0.354247438974429
"isoscore",3,97,FALSE,0.472537053262077,0.494062549240775
"isoscore",3,98,FALSE,0.60616631460762,0.450243384060441
"isoscore",3,99,FALSE,0.685553652846326,0.635351575560783
"isoscore",3,100,TRUE,0.296665190261531,0.540594138973953
"isoscore",3,101,FALSE,0.491361693834273,0.573248123742432
"isoscore",3,102,FALSE,0.513217600067939,0.428955596956065
"isoscore",3,103,TRUE,0.64738297011462,0.44265316221742
"isoscore",3,104,FALSE,0.491361693834273,0.507488658041743
"isoscore",3,105,FALSE,0.406028944963615,0.410065679193337
"isoscore",3,106,FALSE,0.752025387323213,0.514250504209088
"isoscore",3,107,TRUE,0.6414741105041,0.492269963081139
"isoscore",3,108,FALSE,0.416307587059883,0.568562781979204
"isoscore",3,109,FALSE,0.966610986681934,0.742560105520889
"isoscore",3,110,FALSE,0.188647295999717,0.333941150995848
"isoscore",3,111,FALSE,0.708335902682263,0.496735509849329
"isoscore",3,112,FALSE,0.685741738602264,0.830060792329348
"isoscore",3,113,FALSE,0.559308010907013,0.5206827032718
"isoscore",3,114,FALSE,0.355259905527378,0.471529850735076
"isoscore",3,115,FALSE,0.187520720836463,0.359722556997572
"isoscore",3,116,TRUE,0.569373909615046,0.459299683013199
"isoscore",3,117,FALSE,0.572523097849638,0.531144999503939
"isoscore",3,118,FALSE,0.538070787043172,0.533985344849873
"isoscore",3,119,FALSE,0.374748346010104,0.419315119431718
"isoscore",3,120,FALSE,0.294686624279443,0.354324587510477
"isoscore",3,121,FALSE,0.432969290874406,0.457228121226502
"isoscore",3,122,TRUE,0.320146286111054,0.574273764714814
"isoscore",3,123,FALSE,0.574262829707027,0.453077817944974
"isoscore",3,124,FALSE,0.610234175334389,0.61796410703091
"isoscore",3,125,FALSE,0.173186268412274,0.242217570988933
"isoscore",3,126,FALSE,0.314499227973151,0.42065792978614
"isoscore",3,127,FALSE,0.753330221324521,0.55118345923759
"isoscore",3,128,FALSE,0.338456493604605,0.466994634871078
"isoscore",3,129,TRUE,0.0253058652647703,0.255040479495667
"isoscore",3,130,FALSE,0.21045229296202,0.414840099741826
"isoscore",3,131,FALSE,0.440121603187804,0.469031424736267
"isoscore",3,132,TRUE,0.181872159010334,0.415299793195136
"isoscore",3,133,FALSE,0.761326322421457,0.586341379112282
"isoscore",3,134,FALSE,0.188084373714938,0.377421879441707
"isoscore",3,135,FALSE,0.662757831681574,0.390892366186444
"isoscore",3,136,FALSE,0.409425868671443,0.487201862835976
"isoscore",3,137,FALSE,0.387389826338729,0.35073349696415
"isoscore",3,138,FALSE,0.256236533205923,0.370292925499928
"isoscore",3,139,FALSE,0.381656482585787,0.432510368128558
"isoscore",3,140,FALSE,0.43568513794163,0.495809383799376
"isoscore",3,141,FALSE,0.190331698170291,0.422032924606355
"isoscore",3,142,TRUE,0.123851640967086,0.374434340548415
"isoscore",3,143,FALSE,0.208978517276253,0.457529897370175
"isoscore",3,144,TRUE,0.506505032404872,0.457582955581427
"isoscore",3,145,FALSE,0.390935107103379,0.41082753371895
"isoscore",3,146,FALSE,0.442479769064449,0.504567816212732
"isoscore",3,147,FALSE,0.417139409727326,0.4163522172607
"isoscore",3,148,FALSE,0.260071387985075,0.322856711354648
"isoscore",3,149,TRUE,0.308777773664721,0.421019020827744
"isoscore",3,150,FALSE,0.583198773968623,0.44921492075651
"isoscore",3,151,TRUE,0.456062224454951,0.408675119055616
"isoscore",3,152,FALSE,0.370698092575577,0.387961665241762
"isoscore",3,153,FALSE,0.639486489268586,0.629589251501308
"isoscore",3,154,FALSE,0.777412321496744,0.465302327109024
"isoscore",3,155,TRUE,0.590284403718162,0.487831578711822
"isoscore",3,156,FALSE,0.618215503279417,0.493907023831723
"isoscore",3,157,FALSE,0.224533062606086,0.504569057795113
"isoscore",3,158,FALSE,0.234010817587179,0.325588939373324
"isoscore",3,159,FALSE,0.595826777073223,0.451361151270169
"isoscore",3,160,TRUE,0.612783856719735,0.512997469838999
"isoscore",3,161,FALSE,0.581266805273671,0.570766239902611
"isoscore",3,162,FALSE,0.588383768378728,0.594059715103351
"isoscore",3,163,FALSE,0.108226656374928,0.399505828522083
"isoscore",3,164,TRUE,0.381115080709851,0.384713800810425
"isoscore",3,165,FALSE,0.255272505103306,0.545263560869533
"isoscore",3,166,FALSE,0.680879174426811,0.511187636422992
"isoscore",3,167,FALSE,0.564784384503987,0.501694638339701
"isoscore",3,168,TRUE,0.526339277389844,0.377796853530051
"isoscore",3,169,FALSE,0.294466226161593,0.436466898834906
"isoscore",3,170,FALSE,0.612783856719735,0.439624783005554
"isoscore",3,171,FALSE,0.5182506513085,0.556884838131434
"isoscore",3,172,FALSE,0.442949869577862,0.383194660575057
"isoscore",3,173,FALSE,0.505149978319906,0.483612678334807
"isoscore",3,174,FALSE,0.305995882770805,0.422599899640654
"isoscore",3,175,TRUE,0.612783856719735,0.485272221597953
"isoscore",3,176,TRUE,0.204119982655925,0.41197555364952
"isoscore",3,177,FALSE,0.677333151419902,0.414814862063132
"isoscore",3,178,FALSE,0.345961541813141,0.455353878268965
"isoscore",3,179,FALSE,0.361160995195026,0.456823663296322
"isoscore",3,180,TRUE,0.127104798364808,0.202694806307197
"isoscore",3,181,FALSE,0.514547752660286,0.324122587541525
"isoscore",3,182,FALSE,0.362350507594848,0.479263305042028
"isoscore",3,183,FALSE,0.662757831681574,0.454947261754406
"isoscore",3,184,FALSE,0.313867220369153,0.423158753247396
"isoscore",3,185,FALSE,0.839666556882433,0.484200474792192
"isoscore",3,186,FALSE,0.16999753706657,0.37355293426066
"isoscore",3,187,FALSE,0.129367595722986,0.0363359257851885
"isoscore",3,188,FALSE,0.36078268987328,0.349064871233417
"isoscore",3,189,FALSE,0.429106008332697,0.471632469405864
"isoscore",3,190,FALSE,0.702602841340427,0.545941012956577
"isoscore",3,191,FALSE,0.571708831808688,0.465529785838593
"isoscore",3,192,FALSE,0.343920385393226,0.297559153235201
"isoscore",3,193,FALSE,0.695131297704026,0.542034984656296
"isoscore",3,194,FALSE,0.629409599102719,0.530095450706169
"isoscore",3,195,FALSE,0.414973347970818,0.412707817953423
"isoscore",3,196,FALSE,0.276231957921834,0.404916870653444
"isoscore",3,197,FALSE,0.531478917042255,0.542900296163814
"isoscore",3,198,FALSE,0.236789099409293,0.400435392034325
"isoscore",3,199,FALSE,0.756407872548958,0.758332344031694
"isoscore",3,200,FALSE,0.718750734739665,0.58602310401611
"isoscore",3,201,FALSE,0.515211304327802,0.440156999762014
"isoscore",3,202,TRUE,0.3654879848909,0.289183719607323
"isoscore",3,203,TRUE,0.344392273685111,0.423326525441448
"isoscore",3,204,FALSE,0.196728722623287,0.466021161445351
"isoscore",3,205,FALSE,0.392696953259666,0.396369792574595
"isoscore",3,206,FALSE,0.365394376854778,0.439432841917212
"isoscore",3,207,TRUE,0.389166084364532,0.452941168936097
"isoscore",3,208,FALSE,0.653212513775344,0.492900992737968
"isoscore",3,209,FALSE,0.440594261839831,0.404502501187384
"isoscore",3,210,TRUE,0.202215775801131,0.45559311308956
"isoscore",3,211,FALSE,0.48572142648158,0.409320206144646
"isoscore",3,212,FALSE,0.244277120801843,0.459908445684561
"isoscore",3,213,FALSE,0.372727940885595,0.519920812038836
"isoscore",3,214,FALSE,0.52244423350632,0.49312647204835
"isoscore",3,215,FALSE,0.257678574869184,0.40271966642696
"isoscore",3,216,FALSE,0.384353414137506,0.524490823186911
"isoscore",3,217,FALSE,0.335858911319818,0.488137856696799
"isoscore",3,218,FALSE,0.555094448578319,0.533050522105543
"isoscore",3,219,FALSE,0.271841606536499,0.4566218053799
"isoscore",3,220,FALSE,0.471291711058939,0.441196593076892
"isoscore",3,221,TRUE,0.294906910605192,0.418100186152497
"isoscore",3,222,FALSE,0.655138434811382,0.580867361552265
"isoscore",3,223,FALSE,0.528916700277655,0.468098953292022
"isoscore",3,224,FALSE,0.777426822389311,0.538882321372246
"isoscore",3,225,TRUE,0.191730393362856,0.49074542110485
"isoscore",3,226,FALSE,0.239549720840473,0.450205308876937
"isoscore",3,227,TRUE,0.582404298019028,0.550520533158657
"isoscore",3,228,TRUE,0.569373909615046,0.322891633472548
"isoscore",3,229,FALSE,0.334252642334231,0.362906147205987
"isoscore",3,230,FALSE,0.406369835469268,0.448216574919473
"isoscore",3,231,FALSE,0.0597526942092988,0.325626793422012
"isoscore",3,232,TRUE,0.472463896606989,0.446878868335305
"isoscore",3,233,FALSE,0.666985718329661,0.465783446307808
"isoscore",3,234,FALSE,0.65417654187796,0.565268863801489
"isoscore",3,235,FALSE,0.259593878885949,0.473787330600337
"isoscore",3,236,FALSE,0.527114111639805,0.601413355125718
"isoscore",3,237,TRUE,0.367169488534681,0.392588105066085
"isoscore",3,238,TRUE,0.19228861256812,0.330372532091825
"isoscore",3,239,FALSE,0.478566495593843,0.332637277568105
"isoscore",3,240,FALSE,0.253580289562183,0.421301888098327
"isoscore",3,241,FALSE,0.27554168840131,0.394726644635274
"isoscore",3,242,FALSE,0.532627001228891,0.301093387048865
"isoscore",3,243,TRUE,0.542451947375977,0.382665601854931
"isoscore",3,244,FALSE,0.381836799998343,0.428099601040662
"isoscore",3,245,TRUE,0.511616020569138,0.57101460599609
"isoscore",3,246,FALSE,0.476831628512261,0.571041876383506
"isoscore",3,247,FALSE,0.301029995663981,0.488265113853433
"isoscore",3,248,FALSE,0.325823419002744,0.381123142205238
"isoscore",3,249,FALSE,0.586024382386976,0.485177373242207
"isoscore",3,250,FALSE,0.218535505216528,0.289610880904885
"isoscore",3,251,FALSE,0.0480531731156091,0.213590192728254
"isoscore",3,252,FALSE,0.378397900948138,0.545965279477425
"isoscore",3,253,FALSE,0.595275711802099,0.40190973265255
"isoscore",3,254,FALSE,0.398807730203264,0.464122338636208
"isoscore",3,255,TRUE,0.161368002234975,0.286081726906177
"isoscore",3,256,FALSE,0.456214155357989,0.423384962255081
"isoscore",3,257,FALSE,0.641126932803509,0.448120319467874
"isoscore",3,258,FALSE,0.54020429984206,0.366217946797074
"isoscore",3,259,FALSE,0.0328201494385639,0.0740495467571001
"isoscore",3,260,FALSE,0.434888120867316,0.545882820873264
"isoscore",3,261,FALSE,0.332034277027518,0.476886451032998
"isoscore",3,262,FALSE,0.391816923613249,0.601899260958425
"isoscore",3,263,TRUE,0.347427598618541,0.303624644808146
"isoscore",3,264,FALSE,0.352182518111362,0.303949071531993
"isoscore",3,265,TRUE,0.154119525515847,0.245841390250992
"isoscore",3,266,FALSE,0.591398551281249,0.453763793329344
"isoscore",3,267,TRUE,0.315970345456918,0.432996931649138
"isoscore",3,268,FALSE,0.470410490975931,0.48032036876912
"isoscore",3,269,FALSE,0.826074802700826,0.779577535434158
"isoscore",3,270,FALSE,0.234264124378789,0.37190670190051
"isoscore",3,271,FALSE,0.504878459410216,0.467069260176926
"isoscore",3,272,FALSE,0.582744965691277,0.385524555002822
"isoscore",3,273,FALSE,0.542327382773974,0.512259296262868
"isoscore",3,274,FALSE,0.657055852857104,0.465271539815785
"isoscore",3,275,FALSE,0.328379603438738,0.390611780049353
"isoscore",3,276,FALSE,0.4679039465228,0.269863895697429
"isoscore",3,277,FALSE,0.331427296520743,0.506064701920805
"isoscore",3,278,FALSE,0.352664799651101,0.43565991092089
"isoscore",3,279,FALSE,0.437116093048079,0.350795908634891
"isoscore",3,280,FALSE,0.325043347403704,0.37125645541774
"isoscore",3,281,FALSE,0.749581734865559,0.48091075879498
"isoscore",3,282,FALSE,0.775319121829478,0.528356564496937
"isoscore",3,283,FALSE,0.817565369559781,0.528622533845539
"isoscore",3,284,FALSE,0.526442668529935,0.378829647891929
"isoscore",3,285,FALSE,0.682145076373832,0.546400702916255
"isoscore",3,286,FALSE,0.425534220498263,0.520945904616551
"isoscore",3,287,FALSE,0.659726095237792,0.506092590389476
"isoscore",3,288,FALSE,0.672097857935718,0.413527161525741
"isoscore",3,289,FALSE,0.534026106056135,0.451362157995971
"isoscore",3,290,FALSE,0.615950051656401,0.544906289511723
"isoscore",3,291,TRUE,0.262451089730429,0.394686130104615
"knnenc",1,1,TRUE,0.482873583608754,0.525497063533482
"knnenc",1,2,TRUE,0.496929648073215,0.466385498120375
"knnenc",1,3,TRUE,0.623042434246382,0.512550681847882
"knnenc",1,4,TRUE,0.523746466811564,0.38245780533019
"knnenc",1,5,TRUE,0.47567118832443,0.465183819752226
"knnenc",1,6,FALSE,0.469674772551798,0.324037445822124
"knnenc",1,7,FALSE,0.387389826338729,0.496223167161365
"knnenc",1,8,FALSE,0.627365856592733,0.420808828282789
"knnenc",1,9,FALSE,0.591064607026499,0.441424036314798
"knnenc",1,10,FALSE,0.218220304175545,0.304553526117665
"knnenc",1,11,TRUE,0.680335513414563,0.396333630470148
"knnenc",1,12,TRUE,0.680607428991788,0.384344941862635
"knnenc",1,13,FALSE,0.721810615212547,0.567539466307998
"knnenc",1,14,TRUE,0.20682587603185,0.354212665575706
"knnenc",1,15,TRUE,0.582063362911709,0.39617576055472
"knnenc",1,16,FALSE,0.696094159995223,0.519198917738522
"knnenc",1,17,TRUE,0.40823996531185,0.385756202086714
"knnenc",1,18,FALSE,0.433001340945038,0.452658759991138
"knnenc",1,19,FALSE,0.653212513775344,0.450908626110955
"knnenc",1,20,FALSE,0.558072259099146,0.432152010556318
"knnenc",1,21,FALSE,0.261928672990642,0.230174291095946
"knnenc",1,22,TRUE,0.637489729512511,0.45974589924276
"knnenc",1,23,FALSE,0.504878459410216,0.375743293992695
"knnenc",1,24,FALSE,0.286995073968852,0.392242359085099
"knnenc",1,25,TRUE,0.662757831681574,0.434371201345166
"knnenc",1,26,FALSE,0.524525936626376,0.467285842122823
"knnenc",1,27,TRUE,0.406540180433955,0.505216478313018
"knnenc",1,28,FALSE,0.656098202012832,0.518285819088764
"knnenc",1,29,FALSE,0.517987203025078,0.437680694778856
"knnenc",1,30,FALSE,0.703119346236078,0.542089638279161
"knnenc",1,31,FALSE,0.691081492122968,0.55301509357108
"knnenc",1,32,FALSE,0.0141423615450058,0.346990429558083
"knnenc",1,33,FALSE,0.733197265106569,0.690905169014882
"knnenc",1,34,FALSE,0.408070285887185,0.432136510016874
"knnenc",1,35,FALSE,0.396024896608593,0.454003740812394
"knnenc",1,36,FALSE,0.398391440229475,0.484503666597198
"knnenc",1,37,FALSE,0.770852011642144,0.554145744225138
"knnenc",1,38,TRUE,0.15836249209525,0.332172204824461
"knnenc",1,39,FALSE,0.625415352154408,0.53630607330309
"knnenc",1,40,FALSE,0.496334505996816,0.51356156419813
"knnenc",1,41,FALSE,0.679427896612119,0.578616627298196
"knnenc",1,42,FALSE,0.610116955411928,0.545199577022408
"knnenc",1,43,FALSE,0.645913275033844,0.470074229202638
"knnenc",1,44,FALSE,0.465382851448418,0.440763929712609
"knnenc",1,45,FALSE,0.569490954348783,0.555057174071331
"knnenc",1,46,FALSE,0.187520720836463,0.284974923886248
"knnenc",1,47,FALSE,0.465813957269479,0.512082114431296
"knnenc",1,48,FALSE,0.231214647962601,0.510329065086143
"knnenc",1,49,FALSE,0.670802284260944,0.619076278502694
"knnenc",1,50,FALSE,0.459935016851525,0.534377418568332
"knnenc",1,51,FALSE,0.287129620719111,0.430560118067478
"knnenc",1,52,FALSE,0.6232492903979,0.43866994682644
"knnenc",1,53,FALSE,0.8109042806687,0.660369923054992
"knnenc",1,54,TRUE,0.354108439147401,0.461414439183276
"knnenc",1,55,FALSE,0.129141845792285,0.366165809088229
"knnenc",1,56,FALSE,0.244969460136198,0.368865742734864
"knnenc",1,57,FALSE,0.364363354615731,0.404625764494493
"knnenc",1,58,TRUE,0.334212409393176,0.47085068701147
"knnenc",1,59,FALSE,0.489677291663699,0.546139610933541
"knnenc",1,60,FALSE,0.525304009958239,0.469134939202713
"knnenc",1,61,TRUE,0.406540180433955,0.374932840688832
"knnenc",1,62,FALSE,0.335457900689384,0.569858800330126
"knnenc",1,63,FALSE,0.419873175149476,0.520259441540947
"knnenc",1,64,FALSE,0.397227181043161,0.553692942802792
"knnenc",1,65,TRUE,0.59659709562646,0.62013789532824
"knnenc",1,66,FALSE,0.260071387985075,0.467304057588282
"knnenc",1,67,FALSE,0.489466281303128,0.576185948032524
"knnenc",1,68,FALSE,0.544018407858776,0.669475023730311
"knnenc",1,69,FALSE,0.665205628434601,0.671924876600384
"knnenc",1,70,FALSE,0.537819095073274,0.592885705986321
"knnenc",1,71,FALSE,0.501059262217751,0.577882884019773
"knnenc",1,72,FALSE,0.415699348887829,0.461933967652081
"knnenc",1,73,TRUE,0.298853076409707,0.416782573862241
"knnenc",1,74,TRUE,0.289365951520032,0.403212358274332
"knnenc",1,75,FALSE,0.497620649781288,0.345666777264806
"knnenc",1,76,TRUE,0.778151250383644,0.495559936990285
"knnenc",1,77,TRUE,0.260071387985075,0.44419042684486
"knnenc",1,78,FALSE,0.367542273520577,0.518018494857107
"knnenc",1,79,FALSE,0.534026106056135,0.494308482674394
"knnenc",1,80,FALSE,0.287129620719111,0.316501680569149
"knnenc",1,81,FALSE,0.469822015978163,0.393733672512961
"knnenc",1,82,TRUE,0.399673721481038,0.336746110750448
"knnenc",1,83,FALSE,0.307496037913213,0.279497145493624
"knnenc",1,84,TRUE,0.322219294733919,0.388597294542508
"knnenc",1,85,FALSE,0.247236549506764,0.394041747009923
"knnenc",1,86,FALSE,0.6232492903979,0.471395865140654
"knnenc",1,87,TRUE,0.429752280002408,0.403369505727743
"knnenc",1,88,TRUE,0.566943971856554,0.408704624201987
"knnenc",1,89,FALSE,0.605951157564873,0.522113033698182
"knnenc",1,90,FALSE,0.265996370495079,0.472386819476436
"knnenc",1,91,FALSE,0.555215405126073,0.378952809070072
"knnenc",1,92,FALSE,0.638489256954637,0.489158461253407
"knnenc",1,93,FALSE,0.528145078253106,0.567856477769781
"knnenc",1,94,FALSE,0.227552503379865,0.540674253393819
"knnenc",1,95,FALSE,0.430075055551939,0.539865897732569
"knnenc",1,96,FALSE,0.184549481320698,0.365469485590348
"knnenc",1,97,FALSE,0.472537053262077,0.507935895344887
"knnenc",1,98,FALSE,0.60616631460762,0.474657244533404
"knnenc",1,99,FALSE,0.685553652846326,0.611379099702037
"knnenc",1,100,TRUE,0.296665190261531,0.518014374549732
"knnenc",1,101,FALSE,0.491361693834273,0.556503458054795
"knnenc",1,102,FALSE,0.513217600067939,0.382599563047595
"knnenc",1,103,TRUE,0.64738297011462,0.523090817088527
"knnenc",1,104,FALSE,0.491361693834273,0.499416348007274
"knnenc",1,105,FALSE,0.406028944963615,0.453910346068138
"knnenc",1,106,FALSE,0.752025387323213,0.525956093095574
"knnenc",1,107,TRUE,0.6414741105041,0.502982049373972
"knnenc",1,108,FALSE,0.416307587059883,0.551158617104155
"knnenc",1,109,FALSE,0.966610986681934,0.777962218395785
"knnenc",1,110,FALSE,0.188647295999717,0.324290778980762
"knnenc",1,111,FALSE,0.708335902682263,0.510327317198288
"knnenc",1,112,FALSE,0.685741738602264,0.812889950750677
"knnenc",1,113,FALSE,0.559308010907013,0.583171147062644
"knnenc",1,114,FALSE,0.355259905527378,0.454170168758792
"knnenc",1,115,FALSE,0.187520720836463,0.346316455933627
"knnenc",1,116,TRUE,0.569373909615046,0.447241923828556
"knnenc",1,117,FALSE,0.572523097849638,0.52638932590325
"knnenc",1,118,FALSE,0.538070787043172,0.526639537667477
"knnenc",1,119,FALSE,0.374748346010104,0.44212782895415
"knnenc",1,120,FALSE,0.294686624279443,0.359478610503347
"knnenc",1,121,FALSE,0.432969290874406,0.456769928203357
"knnenc",1,122,TRUE,0.320146286111054,0.59188054554626
"knnenc",1,123,FALSE,0.574262829707027,0.434051440541298
"knnenc",1,124,FALSE,0.610234175334389,0.622137186090502
"knnenc",1,125,FALSE,0.173186268412274,0.25705085760099
"knnenc",1,126,FALSE,0.314499227973151,0.441622869507435
"knnenc",1,127,FALSE,0.753330221324521,0.545049087814808
"knnenc",1,128,FALSE,0.338456493604605,0.501443474975639
"knnenc",1,129,TRUE,0.0253058652647703,0.298126358501939
"knnenc",1,130,FALSE,0.21045229296202,0.37364233486583
"knnenc",1,131,FALSE,0.440121603187804,0.503730484113298
"knnenc",1,132,TRUE,0.181872159010334,0.442100312750011
"knnenc",1,133,FALSE,0.761326322421457,0.616136708824708
"knnenc",1,134,FALSE,0.188084373714938,0.419797689889439
"knnenc",1,135,FALSE,0.662757831681574,0.413127100353747
"knnenc",1,136,FALSE,0.409425868671443,0.478002462521643
"knnenc",1,137,FALSE,0.387389826338729,0.345303529601454
"knnenc",1,138,FALSE,0.256236533205923,0.420458524961025
"knnenc",1,139,FALSE,0.381656482585787,0.40511898969293
"knnenc",1,140,FALSE,0.43568513794163,0.477900915580567
"knnenc",1,141,FALSE,0.190331698170291,0.404948639217391
"knnenc",1,142,TRUE,0.123851640967086,0.417673788507677
"knnenc",1,143,FALSE,0.208978517276253,0.437018530576865
"knnenc",1,144,TRUE,0.506505032404872,0.476340309774141
"knnenc",1,145,FALSE,0.390935107103379,0.428055470024175
"knnenc",1,146,FALSE,0.442479769064449,0.481065484818991
"knnenc",1,147,FALSE,0.417139409727326,0.457741241746145
"knnenc",1,148,FALSE,0.260071387985075,0.329849067078177
"knnenc",1,149,TRUE,0.308777773664721,0.444242414575058
"knnenc",1,150,FALSE,0.583198773968623,0.472231569459168
"knnenc",1,151,TRUE,0.456062224454951,0.422329366176176
"knnenc",1,152,FALSE,0.370698092575577,0.30354700577416
"knnenc",1,153,FALSE,0.639486489268586,0.625404723283725
"knnenc",1,154,FALSE,0.777412321496744,0.488360635784643
"knnenc",1,155,TRUE,0.590284403718162,0.514809163053826
"knnenc",1,156,FALSE,0.618215503279417,0.521869910085829
"knnenc",1,157,FALSE,0.224533062606086,0.416707615087198
"knnenc",1,158,FALSE,0.234010817587179,0.310988017628783
"knnenc",1,159,FALSE,0.595826777073223,0.43607487074467
"knnenc",1,160,TRUE,0.612783856719735,0.519231552580908
"knnenc",1,161,FALSE,0.581266805273671,0.57823165598672
"knnenc",1,162,FALSE,0.588383768378728,0.577235722723925
"knnenc",1,163,FALSE,0.108226656374928,0.377266102452338
"knnenc",1,164,TRUE,0.381115080709851,0.386821449503416
"knnenc",1,165,FALSE,0.255272505103306,0.540876235736057
"knnenc",1,166,FALSE,0.680879174426811,0.529979413935224
"knnenc",1,167,FALSE,0.564784384503987,0.523986972919045
"knnenc",1,168,TRUE,0.526339277389844,0.373620035844065
"knnenc",1,169,FALSE,0.294466226161593,0.450436763657086
"knnenc",1,170,FALSE,0.612783856719735,0.474773104893946
"knnenc",1,171,FALSE,0.5182506513085,0.565590018635094
"knnenc",1,172,FALSE,0.442949869577862,0.404089804589835
"knnenc",1,173,FALSE,0.505149978319906,0.479605750225227
"knnenc",1,174,FALSE,0.305995882770805,0.403752601207862
"knnenc",1,175,TRUE,0.612783856719735,0.483830355765794
"knnenc",1,176,TRUE,0.204119982655925,0.391108187932153
"knnenc",1,177,FALSE,0.677333151419902,0.379546192817447
"knnenc",1,178,FALSE,0.345961541813141,0.518218619588517
"knnenc",1,179,FALSE,0.361160995195026,0.43753083683561
"knnenc",1,180,TRUE,0.127104798364808,0.210464966758231
"knnenc",1,181,FALSE,0.514547752660286,0.299802658176139
"knnenc",1,182,FALSE,0.362350507594848,0.479584848027877
"knnenc",1,183,FALSE,0.662757831681574,0.47576822871754
"knnenc",1,184,FALSE,0.313867220369153,0.419577751557686
"knnenc",1,185,FALSE,0.839666556882433,0.5066801310737
"knnenc",1,186,FALSE,0.16999753706657,0.35604176786349
"knnenc",1,187,FALSE,0.129367595722986,0.203189743805678
"knnenc",1,188,FALSE,0.36078268987328,0.335162943032828
"knnenc",1,189,FALSE,0.429106008332697,0.462741824269884
"knnenc",1,190,FALSE,0.702602841340427,0.561597846763398
"knnenc",1,191,FALSE,0.571708831808688,0.468947178864473
"knnenc",1,192,FALSE,0.343920385393226,0.319765486729591
"knnenc",1,193,FALSE,0.695131297704026,0.520842561892967
"knnenc",1,194,FALSE,0.629409599102719,0.555284859258203
"knnenc",1,195,FALSE,0.414973347970818,0.407649251888312
"knnenc",1,196,FALSE,0.276231957921834,0.381948227250961
"knnenc",1,197,FALSE,0.531478917042255,0.525096955323407
"knnenc",1,198,FALSE,0.236789099409293,0.397364105995688
"knnenc",1,199,FALSE,0.756407872548958,0.747519571796653
"knnenc",1,200,FALSE,0.718750734739665,0.596419722347888
"knnenc",1,201,FALSE,0.515211304327802,0.448468829082273
"knnenc",1,202,TRUE,0.3654879848909,0.312899531526521
"knnenc",1,203,TRUE,0.344392273685111,0.435016966272388
"knnenc",1,204,FALSE,0.196728722623287,0.499281501774277
"knnenc",1,205,FALSE,0.392696953259666,0.431143753092697
"knnenc",1,206,FALSE,0.365394376854778,0.397367859630998
"knnenc",1,207,TRUE,0.389166084364532,0.447943363502121
"knnenc",1,208,FALSE,0.653212513775344,0.464047619835728
"knnenc",1,209,FALSE,0.440594261839831,0.371604965298679
"knnenc",1,210,TRUE,0.202215775801131,0.4901780332096
"knnenc",1,211,FALSE,0.48572142648158,0.383461821996823
"knnenc",1,212,FALSE,0.244277120801843,0.494001269731317
"knnenc",1,213,FALSE,0.372727940885595,0.457556775259733
"knnenc",1,214,FALSE,0.52244423350632,0.462579608872882
"knnenc",1,215,FALSE,0.257678574869184,0.419270287822768
"knnenc",1,216,FALSE,0.384353414137506,0.556769630425624
"knnenc",1,217,FALSE,0.335858911319818,0.497070463613284
"knnenc",1,218,FALSE,0.555094448578319,0.50387281129187
"knnenc",1,219,FALSE,0.271841606536499,0.45759633212185
"knnenc",1,220,FALSE,0.471291711058939,0.453985429461667
"knnenc",1,221,TRUE,0.294906910605192,0.441504165169856
"knnenc",1,222,FALSE,0.655138434811382,0.614039794597491
"knnenc",1,223,FALSE,0.528916700277655,0.475458437796752
"knnenc",1,224,FALSE,0.777426822389311,0.520418729309049
"knnenc",1,225,TRUE,0.191730393362856,0.513756460055714
"knnenc",1,226,FALSE,0.239549720840473,0.430719890203579
"knnenc",1,227,TRUE,0.582404298019028,0.551745923142236
"knnenc",1,228,TRUE,0.569373909615046,0.3428002096419
"knnenc",1,229,FALSE,0.334252642334231,0.395091093106215
"knnenc",1,230,FALSE,0.406369835469268,0.500460054329491
"knnenc",1,231,FALSE,0.0597526942092988,0.306242495567754
"knnenc",1,232,TRUE,0.472463896606989,0.480781171884293
"knnenc",1,233,FALSE,0.666985718329661,0.450578512403073
"knnenc",1,234,FALSE,0.65417654187796,0.491848487015025
"knnenc",1,235,FALSE,0.259593878885949,0.487572270563508
"knnenc",1,236,FALSE,0.527114111639805,0.607147122288414
"knnenc",1,237,TRUE,0.367169488534681,0.417815202802923
"knnenc",1,238,TRUE,0.19228861256812,0.337254827415859
"knnenc",1,239,FALSE,0.478566495593843,0.327057789751323
"knnenc",1,240,FALSE,0.253580289562183,0.388134759000638
"knnenc",1,241,FALSE,0.27554168840131,0.37022759049009
"knnenc",1,242,FALSE,0.532627001228891,0.31743799221215
"knnenc",1,243,TRUE,0.542451947375977,0.407038741319824
"knnenc",1,244,FALSE,0.381836799998343,0.413379582221812
"knnenc",1,245,TRUE,0.511616020569138,0.608282834821431
"knnenc",1,246,FALSE,0.476831628512261,0.563552935947748
"knnenc",1,247,FALSE,0.301029995663981,0.492032316020444
"knnenc",1,248,FALSE,0.325823419002744,0.361660189984451
"knnenc",1,249,FALSE,0.586024382386976,0.479907522070546
"knnenc",1,250,FALSE,0.218535505216528,0.318059412147749
"knnenc",1,251,FALSE,0.0480531731156091,0.175147889114624
"knnenc",1,252,FALSE,0.378397900948138,0.518789541243503
"knnenc",1,253,FALSE,0.595275711802099,0.450516544183852
"knnenc",1,254,FALSE,0.398807730203264,0.458366914024106
"knnenc",1,255,TRUE,0.161368002234975,0.278540242074082
"knnenc",1,256,FALSE,0.456214155357989,0.444017747329999
"knnenc",1,257,FALSE,0.641126932803509,0.453717634984781
"knnenc",1,258,FALSE,0.54020429984206,0.332935609139788
"knnenc",1,259,FALSE,0.0328201494385639,0.158924055837054
"knnenc",1,260,FALSE,0.434888120867316,0.527024097303313
"knnenc",1,261,FALSE,0.332034277027518,0.492189830643951
"knnenc",1,262,FALSE,0.391816923613249,0.575085244298022
"knnenc",1,263,TRUE,0.347427598618541,0.330050907002734
"knnenc",1,264,FALSE,0.352182518111362,0.276969654939955
"knnenc",1,265,TRUE,0.154119525515847,0.210289701871084
"knnenc",1,266,FALSE,0.591398551281249,0.424773219085216
"knnenc",1,267,TRUE,0.315970345456918,0.412365005785215
"knnenc",1,268,FALSE,0.470410490975931,0.457426170215995
"knnenc",1,269,FALSE,0.826074802700826,0.725118541633847
"knnenc",1,270,FALSE,0.234264124378789,0.399320643163429
"knnenc",1,271,FALSE,0.504878459410216,0.437108990900616
"knnenc",1,272,FALSE,0.582744965691277,0.379826588666348
"knnenc",1,273,FALSE,0.542327382773974,0.512005676656757
"knnenc",1,274,FALSE,0.657055852857104,0.441241612345271
"knnenc",1,275,FALSE,0.328379603438738,0.386678586529701
"knnenc",1,276,FALSE,0.4679039465228,0.23704910754657
"knnenc",1,277,FALSE,0.331427296520743,0.48352799379056
"knnenc",1,278,FALSE,0.352664799651101,0.467547670132156
"knnenc",1,279,FALSE,0.437116093048079,0.347195167314721
"knnenc",1,280,FALSE,0.325043347403704,0.355748649475884
"knnenc",1,281,FALSE,0.749581734865559,0.450438753212436
"knnenc",1,282,FALSE,0.775319121829478,0.502711535577862
"knnenc",1,283,FALSE,0.817565369559781,0.499838231432579
"knnenc",1,284,FALSE,0.526442668529935,0.341991479244582
"knnenc",1,285,FALSE,0.682145076373832,0.55684493988142
"knnenc",1,286,FALSE,0.425534220498263,0.487472913677828
"knnenc",1,287,FALSE,0.659726095237792,0.53454184708719
"knnenc",1,288,FALSE,0.672097857935718,0.394233676541692
"knnenc",1,289,FALSE,0.534026106056135,0.415021310130218
"knnenc",1,290,FALSE,0.615950051656401,0.56214581515711
"knnenc",1,291,TRUE,0.262451089730429,0.421734457788275
"knnenc",2,1,TRUE,0.482873583608754,0.566376474208814
"knnenc",2,2,TRUE,0.496929648073215,0.457303034582438
"knnenc",2,3,TRUE,0.623042434246382,0.538554875617074
"knnenc",2,4,TRUE,0.523746466811564,0.388840388802897
"knnenc",2,5,TRUE,0.47567118832443,0.453385612671842
"knnenc",2,6,FALSE,0.469674772551798,0.335877410802552
"knnenc",2,7,FALSE,0.387389826338729,0.470623722953755
"knnenc",2,8,FALSE,0.627365856592733,0.377478915984139
"knnenc",2,9,FALSE,0.591064607026499,0.404947126956173
"knnenc",2,10,FALSE,0.218220304175545,0.383298327248031
"knnenc",2,11,TRUE,0.680335513414563,0.415705855534151
"knnenc",2,12,TRUE,0.680607428991788,0.427418791297722
"knnenc",2,13,FALSE,0.721810615212547,0.573802915740868
"knnenc",2,14,TRUE,0.20682587603185,0.35114754084301
"knnenc",2,15,TRUE,0.582063362911709,0.358790784641458
"knnenc",2,16,FALSE,0.696094159995223,0.540525924259869
"knnenc",2,17,TRUE,0.40823996531185,0.354610282984896
"knnenc",2,18,FALSE,0.433001340945038,0.465975752589367
"knnenc",2,19,FALSE,0.653212513775344,0.44530319404466
"knnenc",2,20,FALSE,0.558072259099146,0.439964948419225
"knnenc",2,21,FALSE,0.261928672990642,0.21555716885248
"knnenc",2,22,TRUE,0.637489729512511,0.48919636886778
"knnenc",2,23,FALSE,0.504878459410216,0.400497396052106
"knnenc",2,24,FALSE,0.286995073968852,0.426832480463727
"knnenc",2,25,TRUE,0.662757831681574,0.452782778412862
"knnenc",2,26,FALSE,0.524525936626376,0.484456994368268
"knnenc",2,27,TRUE,0.406540180433955,0.495411883788317
"knnenc",2,28,FALSE,0.656098202012832,0.506456257003683
"knnenc",2,29,FALSE,0.517987203025078,0.428390235648758
"knnenc",2,30,FALSE,0.703119346236078,0.539958028167613
"knnenc",2,31,FALSE,0.691081492122968,0.548085861770657
"knnenc",2,32,FALSE,0.0141423615450058,0.382704936867846
"knnenc",2,33,FALSE,0.733197265106569,0.664359262044716
"knnenc",2,34,FALSE,0.408070285887185,0.466777097032154
"knnenc",2,35,FALSE,0.396024896608593,0.438186172042474
"knnenc",2,36,FALSE,0.398391440229475,0.476999741555996
"knnenc",2,37,FALSE,0.770852011642144,0.580003342308285
"knnenc",2,38,TRUE,0.15836249209525,0.309259619966026
"knnenc",2,39,FALSE,0.625415352154408,0.564124790875467
"knnenc",2,40,FALSE,0.496334505996816,0.522674554164041
"knnenc",2,41,FALSE,0.679427896612119,0.58299524005793
"knnenc",2,42,FALSE,0.610116955411928,0.528400267229051
"knnenc",2,43,FALSE,0.645913275033844,0.43848922204489
"knnenc",2,44,FALSE,0.465382851448418,0.435098114779862
"knnenc",2,45,FALSE,0.569490954348783,0.544057648626515
"knnenc",2,46,FALSE,0.187520720836463,0.280031776436642
"knnenc",2,47,FALSE,0.465813957269479,0.499992547558311
"knnenc",2,48,FALSE,0.231214647962601,0.501060879115226
"knnenc",2,49,FALSE,0.670802284260944,0.625367807945766
"knnenc",2,50,FALSE,0.459935016851525,0.520664825461566
"knnenc",2,51,FALSE,0.287129620719111,0.474424097729181
"knnenc",2,52,FALSE,0.6232492903979,0.489832092627621
"knnenc",2,53,FALSE,0.8109042806687,0.642599382703078
"knnenc",2,54,TRUE,0.354108439147401,0.483512848361553
"knnenc",2,55,FALSE,0.129141845792285,0.405618566030696
"knnenc",2,56,FALSE,0.244969460136198,0.377117810974595
"knnenc",2,57,FALSE,0.364363354615731,0.398513529475671
"knnenc",2,58,TRUE,0.334212409393176,0.440920542715214
"knnenc",2,59,FALSE,0.489677291663699,0.528112413954688
"knnenc",2,60,FALSE,0.525304009958239,0.443160010109781
"knnenc",2,61,TRUE,0.406540180433955,0.381762391537847
"knnenc",2,62,FALSE,0.335457900689384,0.54669392613961
"knnenc",2,63,FALSE,0.419873175149476,0.516404267324038
"knnenc",2,64,FALSE,0.397227181043161,0.523485474499363
"knnenc",2,65,TRUE,0.59659709562646,0.624644437959696
"knnenc",2,66,FALSE,0.260071387985075,0.441290113138727
"knnenc",2,67,FALSE,0.489466281303128,0.570505326866793
"knnenc",2,68,FALSE,0.544018407858776,0.70895190488775
"knnenc",2,69,FALSE,0.665205628434601,0.672485336361643
"knnenc",2,70,FALSE,0.537819095073274,0.577388749159949
"knnenc",2,71,FALSE,0.501059262217751,0.543059393717623
"knnenc",2,72,FALSE,0.415699348887829,0.424040797787817
"knnenc",2,73,TRUE,0.298853076409707,0.455209406562521
"knnenc",2,74,TRUE,0.289365951520032,0.361498342329316
"knnenc",2,75,FALSE,0.497620649781288,0.367337396722728
"knnenc",2,76,TRUE,0.778151250383644,0.534582293695252
"knnenc",2,77,TRUE,0.260071387985075,0.40828828532116
"knnenc",2,78,FALSE,0.367542273520577,0.487297856218533
"knnenc",2,79,FALSE,0.534026106056135,0.48533873853366
"knnenc",2,80,FALSE,0.287129620719111,0.345566117643487
"knnenc",2,81,FALSE,0.469822015978163,0.366043833734154
"knnenc",2,82,TRUE,0.399673721481038,0.329954138236722
"knnenc",2,83,FALSE,0.307496037913213,0.276606240881892
"knnenc",2,84,TRUE,0.322219294733919,0.366296020556588
"knnenc",2,85,FALSE,0.247236549506764,0.393075454796041
"knnenc",2,86,FALSE,0.6232492903979,0.50266985157456
"knnenc",2,87,TRUE,0.429752280002408,0.397546923002368
"knnenc",2,88,TRUE,0.566943971856554,0.42286049219087
"knnenc",2,89,FALSE,0.605951157564873,0.546240243036031
"knnenc",2,90,FALSE,0.265996370495079,0.544523562674545
"knnenc",2,91,FALSE,0.555215405126073,0.404695952002422
"knnenc",2,92,FALSE,0.638489256954637,0.485157208313437
"knnenc",2,93,FALSE,0.528145078253106,0.538192176389617
"knnenc",2,94,FALSE,0.227552503379865,0.52100891624782
"knnenc",2,95,FALSE,0.430075055551939,0.551734160631213
"knnenc",2,96,FALSE,0.184549481320698,0.361068328465214
"knnenc",2,97,FALSE,0.472537053262077,0.504441311745948
"knnenc",2,98,FALSE,0.60616631460762,0.428500165104626
"knnenc",2,99,FALSE,0.685553652846326,0.598600506824633
"knnenc",2,100,TRUE,0.296665190261531,0.543508039419835
"knnenc",2,101,FALSE,0.491361693834273,0.56620521402877
"knnenc",2,102,FALSE,0.513217600067939,0.340363775039129
"knnenc",2,103,TRUE,0.64738297011462,0.468945212907103
"knnenc",2,104,FALSE,0.491361693834273,0.506178422002566
"knnenc",2,105,FALSE,0.406028944963615,0.442541472120783
"knnenc",2,106,FALSE,0.752025387323213,0.517073708367558
"knnenc",2,107,TRUE,0.6414741105041,0.463611705452142
"knnenc",2,108,FALSE,0.416307587059883,0.563863629640784
"knnenc",2,109,FALSE,0.966610986681934,0.750810988884947
"knnenc",2,110,FALSE,0.188647295999717,0.333883023740701
"knnenc",2,111,FALSE,0.708335902682263,0.499024188756674
"knnenc",2,112,FALSE,0.685741738602264,0.813423654251081
"knnenc",2,113,FALSE,0.559308010907013,0.52425348293125
"knnenc",2,114,FALSE,0.355259905527378,0.423763572503571
"knnenc",2,115,FALSE,0.187520720836463,0.34800393233967
"knnenc",2,116,TRUE,0.569373909615046,0.425789776990985
"knnenc",2,117,FALSE,0.572523097849638,0.555192678420012
"knnenc",2,118,FALSE,0.538070787043172,0.540632139575574
"knnenc",2,119,FALSE,0.374748346010104,0.393996429458487
"knnenc",2,120,FALSE,0.294686624279443,0.384400177496169
"knnenc",2,121,FALSE,0.432969290874406,0.471308104432518
"knnenc",2,122,TRUE,0.320146286111054,0.560400772593049
"knnenc",2,123,FALSE,0.574262829707027,0.427249486161521
"knnenc",2,124,FALSE,0.610234175334389,0.620638888189838
"knnenc",2,125,FALSE,0.173186268412274,0.256520148391112
"knnenc",2,126,FALSE,0.314499227973151,0.429179244818538
"knnenc",2,127,FALSE,0.753330221324521,0.540688745382993
"knnenc",2,128,FALSE,0.338456493604605,0.468087206830416
"knnenc",2,129,TRUE,0.0253058652647703,0.266058407676272
"knnenc",2,130,FALSE,0.21045229296202,0.436967310169915
"knnenc",2,131,FALSE,0.440121603187804,0.496687654722536
"knnenc",2,132,TRUE,0.181872159010334,0.405033285819713
"knnenc",2,133,FALSE,0.761326322421457,0.603581857896417
"knnenc",2,134,FALSE,0.188084373714938,0.409065741240789
"knnenc",2,135,FALSE,0.662757831681574,0.408765448832571
"knnenc",2,136,FALSE,0.409425868671443,0.478454911457156
"knnenc",2,137,FALSE,0.387389826338729,0.34883725425256
"knnenc",2,138,FALSE,0.256236533205923,0.42915401559855
"knnenc",2,139,FALSE,0.381656482585787,0.431284138350743
"knnenc",2,140,FALSE,0.43568513794163,0.49525915966892
"knnenc",2,141,FALSE,0.190331698170291,0.419994273093567
"knnenc",2,142,TRUE,0.123851640967086,0.399438470228369
"knnenc",2,143,FALSE,0.208978517276253,0.427580736259786
"knnenc",2,144,TRUE,0.506505032404872,0.467123986842833
"knnenc",2,145,FALSE,0.390935107103379,0.391697959517332
"knnenc",2,146,FALSE,0.442479769064449,0.495757821605765
"knnenc",2,147,FALSE,0.417139409727326,0.465883224139244
"knnenc",2,148,FALSE,0.260071387985075,0.384790271142428
"knnenc",2,149,TRUE,0.308777773664721,0.452193683400888
"knnenc",2,150,FALSE,0.583198773968623,0.430719586480549
"knnenc",2,151,TRUE,0.456062224454951,0.43626356127116
"knnenc",2,152,FALSE,0.370698092575577,0.345428400051749
"knnenc",2,153,FALSE,0.639486489268586,0.636556265106722
"knnenc",2,154,FALSE,0.777412321496744,0.427557559621971
"knnenc",2,155,TRUE,0.590284403718162,0.50676653727959
"knnenc",2,156,FALSE,0.618215503279417,0.533265082856599
"knnenc",2,157,FALSE,0.224533062606086,0.46872916284815
"knnenc",2,158,FALSE,0.234010817587179,0.319044071205421
"knnenc",2,159,FALSE,0.595826777073223,0.431301726980921
"knnenc",2,160,TRUE,0.612783856719735,0.509951699432093
"knnenc",2,161,FALSE,0.581266805273671,0.563292992568208
"knnenc",2,162,FALSE,0.588383768378728,0.601554485597431
"knnenc",2,163,FALSE,0.108226656374928,0.383988102294625
"knnenc",2,164,TRUE,0.381115080709851,0.388108090626261
"knnenc",2,165,FALSE,0.255272505103306,0.558494404734577
"knnenc",2,166,FALSE,0.680879174426811,0.537054689358305
"knnenc",2,167,FALSE,0.564784384503987,0.499800411474147
"knnenc",2,168,TRUE,0.526339277389844,0.369618297522979
"knnenc",2,169,FALSE,0.294466226161593,0.452609977262231
"knnenc",2,170,FALSE,0.612783856719735,0.454117132540798
"knnenc",2,171,FALSE,0.5182506513085,0.561738540952639
"knnenc",2,172,FALSE,0.442949869577862,0.343588633773322
"knnenc",2,173,FALSE,0.505149978319906,0.495063941566291
"knnenc",2,174,FALSE,0.305995882770805,0.398727921247347
"knnenc",2,175,TRUE,0.612783856719735,0.487416331098921
"knnenc",2,176,TRUE,0.204119982655925,0.389204338852998
"knnenc",2,177,FALSE,0.677333151419902,0.457491593606073
"knnenc",2,178,FALSE,0.345961541813141,0.478922058545751
"knnenc",2,179,FALSE,0.361160995195026,0.457150769130808
"knnenc",2,180,TRUE,0.127104798364808,0.229416660017939
"knnenc",2,181,FALSE,0.514547752660286,0.372251063385431
"knnenc",2,182,FALSE,0.362350507594848,0.48729546646955
"knnenc",2,183,FALSE,0.662757831681574,0.471728288455685
"knnenc",2,184,FALSE,0.313867220369153,0.401620044962936
"knnenc",2,185,FALSE,0.839666556882433,0.484531511418539
"knnenc",2,186,FALSE,0.16999753706657,0.38716235360787
"knnenc",2,187,FALSE,0.129367595722986,0.0834058905034696
"knnenc",2,188,FALSE,0.36078268987328,0.324537472265848
"knnenc",2,189,FALSE,0.429106008332697,0.474076615872503
"knnenc",2,190,FALSE,0.702602841340427,0.549757378338423
"knnenc",2,191,FALSE,0.571708831808688,0.460923150556038
"knnenc",2,192,FALSE,0.343920385393226,0.322715007171652
"knnenc",2,193,FALSE,0.695131297704026,0.530659239679161
"knnenc",2,194,FALSE,0.629409599102719,0.548442138364926
"knnenc",2,195,FALSE,0.414973347970818,0.419773967583541
"knnenc",2,196,FALSE,0.276231957921834,0.388774422805237
"knnenc",2,197,FALSE,0.531478917042255,0.513848901828203
"knnenc",2,198,FALSE,0.236789099409293,0.386360226450021
"knnenc",2,199,FALSE,0.756407872548958,0.736925160856799
"knnenc",2,200,FALSE,0.718750734739665,0.593922062584012
"knnenc",2,201,FALSE,0.515211304327802,0.458914620490907
"knnenc",2,202,TRUE,0.3654879848909,0.308298159421747
"knnenc",2,203,TRUE,0.344392273685111,0.407915275410995
"knnenc",2,204,FALSE,0.196728722623287,0.473134437108049
"knnenc",2,205,FALSE,0.392696953259666,0.398313559517313
"knnenc",2,206,FALSE,0.365394376854778,0.429509301177359
"knnenc",2,207,TRUE,0.389166084364532,0.429894839217075
"knnenc",2,208,FALSE,0.653212513775344,0.461826026415704
"knnenc",2,209,FALSE,0.440594261839831,0.41519714934285
"knnenc",2,210,TRUE,0.202215775801131,0.423028260039364
"knnenc",2,211,FALSE,0.48572142648158,0.412931222371336
"knnenc",2,212,FALSE,0.244277120801843,0.462334228089733
"knnenc",2,213,FALSE,0.372727940885595,0.460136816883697
"knnenc",2,214,FALSE,0.52244423350632,0.464014794839521
"knnenc",2,215,FALSE,0.257678574869184,0.411463617236671
"knnenc",2,216,FALSE,0.384353414137506,0.502901378220644
"knnenc",2,217,FALSE,0.335858911319818,0.534832042201713
"knnenc",2,218,FALSE,0.555094448578319,0.464134613637275
"knnenc",2,219,FALSE,0.271841606536499,0.463990536446948
"knnenc",2,220,FALSE,0.471291711058939,0.425117208549869
"knnenc",2,221,TRUE,0.294906910605192,0.457837322634152
"knnenc",2,222,FALSE,0.655138434811382,0.596099837194528
"knnenc",2,223,FALSE,0.528916700277655,0.495053007856279
"knnenc",2,224,FALSE,0.777426822389311,0.510454415806811
"knnenc",2,225,TRUE,0.191730393362856,0.507356986074118
"knnenc",2,226,FALSE,0.239549720840473,0.417813071071124
"knnenc",2,227,TRUE,0.582404298019028,0.538015222373833
"knnenc",2,228,TRUE,0.569373909615046,0.337114605581943
"knnenc",2,229,FALSE,0.334252642334231,0.389392861057857
"knnenc",2,230,FALSE,0.406369835469268,0.488677268978417
"knnenc",2,231,FALSE,0.0597526942092988,0.325065757361381
"knnenc",2,232,TRUE,0.472463896606989,0.485289509172107
"knnenc",2,233,FALSE,0.666985718329661,0.452260294257202
"knnenc",2,234,FALSE,0.65417654187796,0.498316789681854
"knnenc",2,235,FALSE,0.259593878885949,0.460757166410002
"knnenc",2,236,FALSE,0.527114111639805,0.616590021918695
"knnenc",2,237,TRUE,0.367169488534681,0.372312073871168
"knnenc",2,238,TRUE,0.19228861256812,0.341382176556363
"knnenc",2,239,FALSE,0.478566495593843,0.34482115440126
"knnenc",2,240,FALSE,0.253580289562183,0.395765151108199
"knnenc",2,241,FALSE,0.27554168840131,0.366597354762375
"knnenc",2,242,FALSE,0.532627001228891,0.292865012361994
"knnenc",2,243,TRUE,0.542451947375977,0.409391959471343
"knnenc",2,244,FALSE,0.381836799998343,0.424209074443822
"knnenc",2,245,TRUE,0.511616020569138,0.546140919934538
"knnenc",2,246,FALSE,0.476831628512261,0.594962444847136
"knnenc",2,247,FALSE,0.301029995663981,0.519157366645532
"knnenc",2,248,FALSE,0.325823419002744,0.345718612248881
"knnenc",2,249,FALSE,0.586024382386976,0.490593525878717
"knnenc",2,250,FALSE,0.218535505216528,0.256458038320528
"knnenc",2,251,FALSE,0.0480531731156091,0.20982680884326
"knnenc",2,252,FALSE,0.378397900948138,0.530052791061162
"knnenc",2,253,FALSE,0.595275711802099,0.42076027884216
"knnenc",2,254,FALSE,0.398807730203264,0.48378099887375
"knnenc",2,255,TRUE,0.161368002234975,0.293126745250204
"knnenc",2,256,FALSE,0.456214155357989,0.417483705998469
"knnenc",2,257,FALSE,0.641126932803509,0.465190151634313
"knnenc",2,258,FALSE,0.54020429984206,0.343431900643138
"knnenc",2,259,FALSE,0.0328201494385639,0.157382183990986
"knnenc",2,260,FALSE,0.434888120867316,0.521994830428022
"knnenc",2,261,FALSE,0.332034277027518,0.492081359462604
"knnenc",2,262,FALSE,0.391816923613249,0.603331452133146
"knnenc",2,263,TRUE,0.347427598618541,0.32181930726514
"knnenc",2,264,FALSE,0.352182518111362,0.292662753215859
"knnenc",2,265,TRUE,0.154119525515847,0.246457004644818
"knnenc",2,266,FALSE,0.591398551281249,0.444463745189913
"knnenc",2,267,TRUE,0.315970345456918,0.410137679510138
"knnenc",2,268,FALSE,0.470410490975931,0.476001173569228
"knnenc",2,269,FALSE,0.826074802700826,0.784895269524553
"knnenc",2,270,FALSE,0.234264124378789,0.398665840015502
"knnenc",2,271,FALSE,0.504878459410216,0.403559592636752
"knnenc",2,272,FALSE,0.582744965691277,0.380676342146064
"knnenc",2,273,FALSE,0.542327382773974,0.532609226676692
"knnenc",2,274,FALSE,0.657055852857104,0.464529996622351
"knnenc",2,275,FALSE,0.328379603438738,0.371260198857441
"knnenc",2,276,FALSE,0.4679039465228,0.222564452151595
"knnenc",2,277,FALSE,0.331427296520743,0.450622473589372
"knnenc",2,278,FALSE,0.352664799651101,0.398514622345191
"knnenc",2,279,FALSE,0.437116093048079,0.307427649972325
"knnenc",2,280,FALSE,0.325043347403704,0.416935074431142
"knnenc",2,281,FALSE,0.749581734865559,0.467347895584461
"knnenc",2,282,FALSE,0.775319121829478,0.519468743961158
"knnenc",2,283,FALSE,0.817565369559781,0.507042356663146
"knnenc",2,284,FALSE,0.526442668529935,0.336053956812175
"knnenc",2,285,FALSE,0.682145076373832,0.51923683084783
"knnenc",2,286,FALSE,0.425534220498263,0.494067538425187
"knnenc",2,287,FALSE,0.659726095237792,0.495548728082297
"knnenc",2,288,FALSE,0.672097857935718,0.394899110303317
"knnenc",2,289,FALSE,0.534026106056135,0.457181186129561
"knnenc",2,290,FALSE,0.615950051656401,0.5324803819513
"knnenc",2,291,TRUE,0.262451089730429,0.40045020620037
"knnenc",3,1,TRUE,0.482873583608754,0.554159482988478
"knnenc",3,2,TRUE,0.496929648073215,0.488290494726024
"knnenc",3,3,TRUE,0.623042434246382,0.507940703593167
"knnenc",3,4,TRUE,0.523746466811564,0.408870475162268
"knnenc",3,5,TRUE,0.47567118832443,0.475674913775443
"knnenc",3,6,FALSE,0.469674772551798,0.362249083374321
"knnenc",3,7,FALSE,0.387389826338729,0.463349638598294
"knnenc",3,8,FALSE,0.627365856592733,0.418508837177571
"knnenc",3,9,FALSE,0.591064607026499,0.44630589472278
"knnenc",3,10,FALSE,0.218220304175545,0.324946582152393
"knnenc",3,11,TRUE,0.680335513414563,0.411873099869914
"knnenc",3,12,TRUE,0.680607428991788,0.446198273847275
"knnenc",3,13,FALSE,0.721810615212547,0.565735181879955
"knnenc",3,14,TRUE,0.20682587603185,0.347398067242821
"knnenc",3,15,TRUE,0.582063362911709,0.409390523952396
"knnenc",3,16,FALSE,0.696094159995223,0.53741005615518
"knnenc",3,17,TRUE,0.40823996531185,0.386349883968416
"knnenc",3,18,FALSE,0.433001340945038,0.446976544825729
"knnenc",3,19,FALSE,0.653212513775344,0.478622563987026
"knnenc",3,20,FALSE,0.558072259099146,0.430369983871787
"knnenc",3,21,FALSE,0.261928672990642,0.235773292194082
"knnenc",3,22,TRUE,0.637489729512511,0.502016902343029
"knnenc",3,23,FALSE,0.504878459410216,0.386291809412078
"knnenc",3,24,FALSE,0.286995073968852,0.389058487763189
"knnenc",3,25,TRUE,0.662757831681574,0.447118679793764
"knnenc",3,26,FALSE,0.524525936626376,0.47864642455589
"knnenc",3,27,TRUE,0.406540180433955,0.485587733404413
"knnenc",3,28,FALSE,0.656098202012832,0.519680216275064
"knnenc",3,29,FALSE,0.517987203025078,0.42087845466966
"knnenc",3,30,FALSE,0.703119346236078,0.504655871103493
"knnenc",3,31,FALSE,0.691081492122968,0.552892335860253
"knnenc",3,32,FALSE,0.0141423615450058,0.402765824860587
"knnenc",3,33,FALSE,0.733197265106569,0.659124949035404
"knnenc",3,34,FALSE,0.408070285887185,0.430326863808976
"knnenc",3,35,FALSE,0.396024896608593,0.449954710892851
"knnenc",3,36,FALSE,0.398391440229475,0.474435736261662
"knnenc",3,37,FALSE,0.770852011642144,0.545788713440749
"knnenc",3,38,TRUE,0.15836249209525,0.314417032636335
"knnenc",3,39,FALSE,0.625415352154408,0.545753488003149
"knnenc",3,40,FALSE,0.496334505996816,0.494229477391801
"knnenc",3,41,FALSE,0.679427896612119,0.604144551968079
"knnenc",3,42,FALSE,0.610116955411928,0.54226794355279
"knnenc",3,43,FALSE,0.645913275033844,0.454032740379913
"knnenc",3,44,FALSE,0.465382851448418,0.454689954984679
"knnenc",3,45,FALSE,0.569490954348783,0.560496705967893
"knnenc",3,46,FALSE,0.187520720836463,0.271062848856275
"knnenc",3,47,FALSE,0.465813957269479,0.487039606695977
"knnenc",3,48,FALSE,0.231214647962601,0.52728487559568
"knnenc",3,49,FALSE,0.670802284260944,0.604334598585042
"knnenc",3,50,FALSE,0.459935016851525,0.535607666030824
"knnenc",3,51,FALSE,0.287129620719111,0.424931841678443
"knnenc",3,52,FALSE,0.6232492903979,0.492448034821274
"knnenc",3,53,FALSE,0.8109042806687,0.68018356346186
"knnenc",3,54,TRUE,0.354108439147401,0.436704387785912
"knnenc",3,55,FALSE,0.129141845792285,0.413453586410178
"knnenc",3,56,FALSE,0.244969460136198,0.396198737412327
"knnenc",3,57,FALSE,0.364363354615731,0.412102443015019
"knnenc",3,58,TRUE,0.334212409393176,0.385896771752475
"knnenc",3,59,FALSE,0.489677291663699,0.528958247751046
"knnenc",3,60,FALSE,0.525304009958239,0.479471775858608
"knnenc",3,61,TRUE,0.406540180433955,0.387785220085111
"knnenc",3,62,FALSE,0.335457900689384,0.540577847343766
"knnenc",3,63,FALSE,0.419873175149476,0.526464501731578
"knnenc",3,64,FALSE,0.397227181043161,0.567247654386284
"knnenc",3,65,TRUE,0.59659709562646,0.621855993284588
"knnenc",3,66,FALSE,0.260071387985075,0.440857553509169
"knnenc",3,67,FALSE,0.489466281303128,0.58803352555188
"knnenc",3,68,FALSE,0.544018407858776,0.702851965757115
"knnenc",3,69,FALSE,0.665205628434601,0.680445737311315
"knnenc",3,70,FALSE,0.537819095073274,0.591097035522403
"knnenc",3,71,FALSE,0.501059262217751,0.519572406489462
"knnenc",3,72,FALSE,0.415699348887829,0.435330277807771
"knnenc",3,73,TRUE,0.298853076409707,0.434044059165888
"knnenc",3,74,TRUE,0.289365951520032,0.346144684972654
"knnenc",3,75,FALSE,0.497620649781288,0.328888435099288
"knnenc",3,76,TRUE,0.778151250383644,0.50102405401533
"knnenc",3,77,TRUE,0.260071387985075,0.370866088056319
"knnenc",3,78,FALSE,0.367542273520577,0.482817990045683
"knnenc",3,79,FALSE,0.534026106056135,0.478844423222485
"knnenc",3,80,FALSE,0.287129620719111,0.293445167768964
"knnenc",3,81,FALSE,0.469822015978163,0.402881368119975
"knnenc",3,82,TRUE,0.399673721481038,0.351741041007739
"knnenc",3,83,FALSE,0.307496037913213,0.282756670128565
"knnenc",3,84,TRUE,0.322219294733919,0.355016171782884
"knnenc",3,85,FALSE,0.247236549506764,0.397282511771297
"knnenc",3,86,FALSE,0.6232492903979,0.490426824597184
"knnenc",3,87,TRUE,0.429752280002408,0.389763841061993
"knnenc",3,88,TRUE,0.566943971856554,0.430984516522579
"knnenc",3,89,FALSE,0.605951157564873,0.555348683612288
"knnenc",3,90,FALSE,0.265996370495079,0.476199900087716
"knnenc",3,91,FALSE,0.555215405126073,0.393771906978592
"knnenc",3,92,FALSE,0.638489256954637,0.49182549770839
"knnenc",3,93,FALSE,0.528145078253106,0.579420082702506
"knnenc",3,94,FALSE,0.227552503379865,0.521263391188993
"knnenc",3,95,FALSE,0.430075055551939,0.538710880454377
"knnenc",3,96,FALSE,0.184549481320698,0.364552877848602
"knnenc",3,97,FALSE,0.472537053262077,0.488871356403562
"knnenc",3,98,FALSE,0.60616631460762,0.457267218322572
"knnenc",3,99,FALSE,0.685553652846326,0.607980526002074
"knnenc",3,100,TRUE,0.296665190261531,0.540423927751811
"knnenc",3,101,FALSE,0.491361693834273,0.581112891229138
"knnenc",3,102,FALSE,0.513217600067939,0.433287012151849
"knnenc",3,103,TRUE,0.64738297011462,0.445359115255777
"knnenc",3,104,FALSE,0.491361693834273,0.501997985180947
"knnenc",3,105,FALSE,0.406028944963615,0.407700483630473
"knnenc",3,106,FALSE,0.752025387323213,0.516235889087932
"knnenc",3,107,TRUE,0.6414741105041,0.496715195597591
"knnenc",3,108,FALSE,0.416307587059883,0.559165531317522
"knnenc",3,109,FALSE,0.966610986681934,0.783656864167999
"knnenc",3,110,FALSE,0.188647295999717,0.313993400085847
"knnenc",3,111,FALSE,0.708335902682263,0.508971240439905
"knnenc",3,112,FALSE,0.685741738602264,0.84133903832211
"knnenc",3,113,FALSE,0.559308010907013,0.527984593482239
"knnenc",3,114,FALSE,0.355259905527378,0.45472628090828
"knnenc",3,115,FALSE,0.187520720836463,0.365324534250286
"knnenc",3,116,TRUE,0.569373909615046,0.448323772241968
"knnenc",3,117,FALSE,0.572523097849638,0.520542087467289
"knnenc",3,118,FALSE,0.538070787043172,0.553915390819104
"knnenc",3,119,FALSE,0.374748346010104,0.436475886196512
"knnenc",3,120,FALSE,0.294686624279443,0.350548929812581
"knnenc",3,121,FALSE,0.432969290874406,0.457825967383097
"knnenc",3,122,TRUE,0.320146286111054,0.587794019464671
"knnenc",3,123,FALSE,0.574262829707027,0.438632290249426
"knnenc",3,124,FALSE,0.610234175334389,0.611383168509524
"knnenc",3,125,FALSE,0.173186268412274,0.240623983095198
"knnenc",3,126,FALSE,0.314499227973151,0.426972261298714
"knnenc",3,127,FALSE,0.753330221324521,0.560984019282824
"knnenc",3,128,FALSE,0.338456493604605,0.457681933648978
"knnenc",3,129,TRUE,0.0253058652647703,0.247661730583736
"knnenc",3,130,FALSE,0.21045229296202,0.419143332773656
"knnenc",3,131,FALSE,0.440121603187804,0.471196370276455
"knnenc",3,132,TRUE,0.181872159010334,0.416861464904818
"knnenc",3,133,FALSE,0.761326322421457,0.582119594868397
"knnenc",3,134,FALSE,0.188084373714938,0.422524773571646
"knnenc",3,135,FALSE,0.662757831681574,0.401206583535196
"knnenc",3,136,FALSE,0.409425868671443,0.499993346511501
"knnenc",3,137,FALSE,0.387389826338729,0.348384999449633
"knnenc",3,138,FALSE,0.256236533205923,0.379894754156628
"knnenc",3,139,FALSE,0.381656482585787,0.438255902579518
"knnenc",3,140,FALSE,0.43568513794163,0.492570936343363
"knnenc",3,141,FALSE,0.190331698170291,0.419771902600773
"knnenc",3,142,TRUE,0.123851640967086,0.401111852816237
"knnenc",3,143,FALSE,0.208978517276253,0.444520061427908
"knnenc",3,144,TRUE,0.506505032404872,0.457192880446678
"knnenc",3,145,FALSE,0.390935107103379,0.408679058358812
"knnenc",3,146,FALSE,0.442479769064449,0.507331295562433
"knnenc",3,147,FALSE,0.417139409727326,0.424816698333789
"knnenc",3,148,FALSE,0.260071387985075,0.326754829385186
"knnenc",3,149,TRUE,0.308777773664721,0.418303329258515
"knnenc",3,150,FALSE,0.583198773968623,0.465495471440257
"knnenc",3,151,TRUE,0.456062224454951,0.40394335329242
"knnenc",3,152,FALSE,0.370698092575577,0.375427708383603
"knnenc",3,153,FALSE,0.639486489268586,0.637438288362053
"knnenc",3,154,FALSE,0.777412321496744,0.453192230206057
"knnenc",3,155,TRUE,0.590284403718162,0.483228241265685
"knnenc",3,156,FALSE,0.618215503279417,0.495574760720089
"knnenc",3,157,FALSE,0.224533062606086,0.509408895980667
"knnenc",3,158,FALSE,0.234010817587179,0.305781535486078
"knnenc",3,159,FALSE,0.595826777073223,0.448769178978678
"knnenc",3,160,TRUE,0.612783856719735,0.514562251977095
"knnenc",3,161,FALSE,0.581266805273671,0.577442479315322
"knnenc",3,162,FALSE,0.588383768378728,0.600638716021636
"knnenc",3,163,FALSE,0.108226656374928,0.411207313854649
"knnenc",3,164,TRUE,0.381115080709851,0.392897358017911
"knnenc",3,165,FALSE,0.255272505103306,0.54505600633075
"knnenc",3,166,FALSE,0.680879174426811,0.507060797491312
"knnenc",3,167,FALSE,0.564784384503987,0.501705491139011
"knnenc",3,168,TRUE,0.526339277389844,0.377655458665367
"knnenc",3,169,FALSE,0.294466226161593,0.431237458129055
"knnenc",3,170,FALSE,0.612783856719735,0.442376373471134
"knnenc",3,171,FALSE,0.5182506513085,0.557975261963032
"knnenc",3,172,FALSE,0.442949869577862,0.357813164914384
"knnenc",3,173,FALSE,0.505149978319906,0.477135006582409
"knnenc",3,174,FALSE,0.305995882770805,0.410438001335178
"knnenc",3,175,TRUE,0.612783856719735,0.505645600829508
"knnenc",3,176,TRUE,0.204119982655925,0.406798110033129
"knnenc",3,177,FALSE,0.677333151419902,0.398739997488237
"knnenc",3,178,FALSE,0.345961541813141,0.489048429024323
"knnenc",3,179,FALSE,0.361160995195026,0.449854989907286
"knnenc",3,180,TRUE,0.127104798364808,0.23771421459177
"knnenc",3,181,FALSE,0.514547752660286,0.302691585666899
"knnenc",3,182,FALSE,0.362350507594848,0.488120623060823
"knnenc",3,183,FALSE,0.662757831681574,0.463066579952786
"knnenc",3,184,FALSE,0.313867220369153,0.434533690915784
"knnenc",3,185,FALSE,0.839666556882433,0.506650368856072
"knnenc",3,186,FALSE,0.16999753706657,0.373481388329944
"knnenc",3,187,FALSE,0.129367595722986,0.0946354231283808
"knnenc",3,188,FALSE,0.36078268987328,0.355343335042149
"knnenc",3,189,FALSE,0.429106008332697,0.473237375571223
"knnenc",3,190,FALSE,0.702602841340427,0.547306513319609
"knnenc",3,191,FALSE,0.571708831808688,0.472676738241764
"knnenc",3,192,FALSE,0.343920385393226,0.286846258839653
"knnenc",3,193,FALSE,0.695131297704026,0.550357307617119
"knnenc",3,194,FALSE,0.629409599102719,0.544801081125039
"knnenc",3,195,FALSE,0.414973347970818,0.406717514531751
"knnenc",3,196,FALSE,0.276231957921834,0.410129525657932
"knnenc",3,197,FALSE,0.531478917042255,0.533107139269125
"knnenc",3,198,FALSE,0.236789099409293,0.397435024495378
"knnenc",3,199,FALSE,0.756407872548958,0.786340213527817
"knnenc",3,200,FALSE,0.718750734739665,0.590612372689861
"knnenc",3,201,FALSE,0.515211304327802,0.447332689705372
"knnenc",3,202,TRUE,0.3654879848909,0.296299427817982
"knnenc",3,203,TRUE,0.344392273685111,0.421001769299745
"knnenc",3,204,FALSE,0.196728722623287,0.466527552747786
"knnenc",3,205,FALSE,0.392696953259666,0.386543127081596
"knnenc",3,206,FALSE,0.365394376854778,0.418695419278522
"knnenc",3,207,TRUE,0.389166084364532,0.436025861817269
"knnenc",3,208,FALSE,0.653212513775344,0.487219855751231
"knnenc",3,209,FALSE,0.440594261839831,0.396111609815687
"knnenc",3,210,TRUE,0.202215775801131,0.459072226118133
"knnenc",3,211,FALSE,0.48572142648158,0.394748774464679
"knnenc",3,212,FALSE,0.244277120801843,0.461255037197485
"knnenc",3,213,FALSE,0.372727940885595,0.505808625646335
"knnenc",3,214,FALSE,0.52244423350632,0.504558477554118
"knnenc",3,215,FALSE,0.257678574869184,0.394654689155666
"knnenc",3,216,FALSE,0.384353414137506,0.522536981901438
"knnenc",3,217,FALSE,0.335858911319818,0.483604691053789
"knnenc",3,218,FALSE,0.555094448578319,0.511525877602034
"knnenc",3,219,FALSE,0.271841606536499,0.477625991013483
"knnenc",3,220,FALSE,0.471291711058939,0.444557368153334
"knnenc",3,221,TRUE,0.294906910605192,0.438256913029196
"knnenc",3,222,FALSE,0.655138434811382,0.576069493465572
"knnenc",3,223,FALSE,0.528916700277655,0.484347686139426
"knnenc",3,224,FALSE,0.777426822389311,0.529516498548659
"knnenc",3,225,TRUE,0.191730393362856,0.469459440780226
"knnenc",3,226,FALSE,0.239549720840473,0.453026203405545
"knnenc",3,227,TRUE,0.582404298019028,0.555593614502716
"knnenc",3,228,TRUE,0.569373909615046,0.306255075973077
"knnenc",3,229,FALSE,0.334252642334231,0.343254070730404
"knnenc",3,230,FALSE,0.406369835469268,0.458384631415782
"knnenc",3,231,FALSE,0.0597526942092988,0.340065842115304
"knnenc",3,232,TRUE,0.472463896606989,0.453691981894867
"knnenc",3,233,FALSE,0.666985718329661,0.467799898156703
"knnenc",3,234,FALSE,0.65417654187796,0.550527274572532
"knnenc",3,235,FALSE,0.259593878885949,0.467874815267596
"knnenc",3,236,FALSE,0.527114111639805,0.616307438683892
"knnenc",3,237,TRUE,0.367169488534681,0.406951840698024
"knnenc",3,238,TRUE,0.19228861256812,0.332925786848879
"knnenc",3,239,FALSE,0.478566495593843,0.363782635097663
"knnenc",3,240,FALSE,0.253580289562183,0.415620541036591
"knnenc",3,241,FALSE,0.27554168840131,0.406310479807895
"knnenc",3,242,FALSE,0.532627001228891,0.294709508670773
"knnenc",3,243,TRUE,0.542451947375977,0.408463053490569
"knnenc",3,244,FALSE,0.381836799998343,0.425683285155976
"knnenc",3,245,TRUE,0.511616020569138,0.563456721366132
"knnenc",3,246,FALSE,0.476831628512261,0.582063952617986
"knnenc",3,247,FALSE,0.301029995663981,0.491754316223331
"knnenc",3,248,FALSE,0.325823419002744,0.382954599082445
"knnenc",3,249,FALSE,0.586024382386976,0.46980495898833
"knnenc",3,250,FALSE,0.218535505216528,0.29587720805092
"knnenc",3,251,FALSE,0.0480531731156091,0.203470456635157
"knnenc",3,252,FALSE,0.378397900948138,0.544403002043203
"knnenc",3,253,FALSE,0.595275711802099,0.380248053210046
"knnenc",3,254,FALSE,0.398807730203264,0.482848099180905
"knnenc",3,255,TRUE,0.161368002234975,0.306631337978247
"knnenc",3,256,FALSE,0.456214155357989,0.438524344655625
"knnenc",3,257,FALSE,0.641126932803509,0.438908606680614
"knnenc",3,258,FALSE,0.54020429984206,0.338991885662295
"knnenc",3,259,FALSE,0.0328201494385639,0.131971664087884
"knnenc",3,260,FALSE,0.434888120867316,0.535354916988814
"knnenc",3,261,FALSE,0.332034277027518,0.484299098105183
"knnenc",3,262,FALSE,0.391816923613249,0.610849577251456
"knnenc",3,263,TRUE,0.347427598618541,0.321591285771531
"knnenc",3,264,FALSE,0.352182518111362,0.285902871652904
"knnenc",3,265,TRUE,0.154119525515847,0.248640505412173
"knnenc",3,266,FALSE,0.591398551281249,0.436913725141731
"knnenc",3,267,TRUE,0.315970345456918,0.426421795430276
"knnenc",3,268,FALSE,0.470410490975931,0.478620640556718
"knnenc",3,269,FALSE,0.826074802700826,0.799117977079462
"knnenc",3,270,FALSE,0.234264124378789,0.379189810462807
"knnenc",3,271,FALSE,0.504878459410216,0.47745965799695
"knnenc",3,272,FALSE,0.582744965691277,0.390761762870191
"knnenc",3,273,FALSE,0.542327382773974,0.514679351501936
"knnenc",3,274,FALSE,0.657055852857104,0.466538975103055
"knnenc",3,275,FALSE,0.328379603438738,0.387869194031797
"knnenc",3,276,FALSE,0.4679039465228,0.268683275350348
"knnenc",3,277,FALSE,0.331427296520743,0.495248267395151
"knnenc",3,278,FALSE,0.352664799651101,0.451431638604764
"knnenc",3,279,FALSE,0.437116093048079,0.335452543635923
"knnenc",3,280,FALSE,0.325043347403704,0.398724209109578
"knnenc",3,281,FALSE,0.749581734865559,0.494712355164707
"knnenc",3,282,FALSE,0.775319121829478,0.519258388185907
"knnenc",3,283,FALSE,0.817565369559781,0.52560381117691
"knnenc",3,284,FALSE,0.526442668529935,0.365543334311053
"knnenc",3,285,FALSE,0.682145076373832,0.550077676897021
"knnenc",3,286,FALSE,0.425534220498263,0.512465008299119
"knnenc",3,287,FALSE,0.659726095237792,0.514056248902581
"knnenc",3,288,FALSE,0.672097857935718,0.392714733264514
"knnenc",3,289,FALSE,0.534026106056135,0.442183709923911
"knnenc",3,290,FALSE,0.615950051656401,0.543335265271809
"knnenc",3,291,TRUE,0.262451089730429,0.396636073141525
