"cfg","rep","row","is_opt","y","pred"
"plain",1,1,TRUE,0.482873583608754,0.375831202143657
"plain",1,2,TRUE,0.496929648073215,0.516295855443695
"plain",1,3,TRUE,0.623042434246382,0.427062149599904
"plain",1,4,TRUE,0.523746466811564,0.288776665749886
"plain",1,5,TRUE,0.47567118832443,0.47098027843487
"plain",1,6,TRUE,0.0681858617461616,0.322935494323701
"plain",1,7,FALSE,0.469674772551798,0.339923491846785
"plain",1,8,FALSE,0.387389826338729,0.505179343610197
"plain",1,9,FALSE,0.627365856592733,0.394585552698613
"plain",1,10,FALSE,0.591064607026499,0.437776850723098
"plain",1,11,FALSE,0.218220304175545,0.27644563206097
"plain",1,12,TRUE,0.680335513414563,0.401458841946203
"plain",1,13,TRUE,0.680607428991788,0.454826870848553
"plain",1,14,FALSE,0.721810615212547,0.561636068858076
"plain",1,15,TRUE,0.20682587603185,0.337843910937384
"plain",1,16,TRUE,0.582063362911709,0.396259550754365
"plain",1,17,FALSE,0.696094159995223,0.567093254787203
"plain",1,18,TRUE,0.40823996531185,0.395015489142951
"plain",1,19,FALSE,0.433001340945038,0.435396152853892
"plain",1,20,FALSE,0.653212513775344,0.465198686450458
"plain",1,21,FALSE,0.558072259099146,0.440813046559346
"plain",1,22,FALSE,0.261928672990642,0.226039852204996
"plain",1,23,FALSE,0.862727528317975,0.673040442953281
"plain",1,24,TRUE,0.637489729512511,0.531423026102045
"plain",1,25,FALSE,0.504878459410216,0.386879511346884
"plain",1,26,FALSE,0.286995073968852,0.383617446193584
"plain",1,27,TRUE,0.662757831681574,0.437003529078985
"plain",1,28,FALSE,0.524525936626376,0.481512244195365
"plain",1,29,TRUE,0.406540180433955,0.482238144995586
"plain",1,30,FALSE,0.656098202012832,0.564731162579256
"plain",1,31,FALSE,0.517987203025078,0.362603682873124
"plain",1,32,FALSE,0.703119346236078,0.552027570602157
"plain",1,33,FALSE,0.691081492122968,0.517800884586311
"plain",1,34,FALSE,0.0141423615450058,0.354536792760816
"plain",1,35,FALSE,0.733197265106569,0.754392037313858
"plain",1,36,FALSE,0.408070285887185,0.438501445967498
"plain",1,37,FALSE,0.396024896608593,0.445465297221882
"plain",1,38,FALSE,0.398391440229475,0.485695984966128
"plain",1,39,FALSE,0.770852011642144,0.546192381862535
"plain",1,40,TRUE,0.15836249209525,0.309303458043521
"plain",1,41,FALSE,0.625415352154408,0.465738014961841
"plain",1,42,FALSE,0.496334505996816,0.480771290226101
"plain",1,43,FALSE,0.679427896612119,0.611152388613984
"plain",1,44,FALSE,0.610116955411928,0.480812838554495
"plain",1,45,FALSE,0.645913275033844,0.466598008615322
"plain",1,46,FALSE,0.465382851448418,0.416581487066912
"plain",1,47,FALSE,0.569490954348783,0.553149410879567
"plain",1,48,FALSE,0.187520720836463,0.250223108164181
"plain",1,49,FALSE,0.465813957269479,0.484503918541909
"plain",1,50,FALSE,0.231214647962601,0.516043633870268
"plain",1,51,FALSE,0.670802284260944,0.61595452761396
"plain",1,52,FALSE,0.459935016851525,0.536487004531402
"plain",1,53,FALSE,0.287129620719111,0.435896077649
"plain",1,54,FALSE,0.6232492903979,0.50501786037017
"plain",1,55,FALSE,0.8109042806687,0.679007266772274
"plain",1,56,TRUE,0.354108439147401,0.417251814765781
"plain",1,57,FALSE,0.129141845792285,0.404594460343427
"plain",1,58,FALSE,0.244969460136198,0.35625239193001
"plain",1,59,FALSE,0.364363354615731,0.411518619267014
"plain",1,60,TRUE,0.334212409393176,0.403847034486087
"plain",1,61,FALSE,0.489677291663699,0.549519888377275
"plain",1,62,FALSE,0.525304009958239,0.487609534453263
"plain",1,63,TRUE,0.406540180433955,0.390416954560753
"plain",1,64,FALSE,0.335457900689384,0.568703262047041
"plain",1,65,FALSE,0.419873175149476,0.527930370279386
"plain",1,66,FALSE,0.397227181043161,0.525721212415885
"plain",1,67,TRUE,0.59659709562646,0.62311557105051
"plain",1,68,FALSE,0.260071387985075,0.47751084944214
"plain",1,69,FALSE,0.489466281303128,0.574029573653264
"plain",1,70,FALSE,0.544018407858776,0.716372674800886
"plain",1,71,TRUE,0.222976449893391,0.450779003983485
"plain",1,72,FALSE,0.665205628434601,0.609227423537014
"plain",1,73,FALSE,0.537819095073274,0.614734767622178
"plain",1,74,FALSE,0.501059262217751,0.5553218800507
"plain",1,75,FALSE,0.415699348887829,0.479381075443348
"plain",1,76,TRUE,0.298853076409707,0.441590793881722
"plain",1,77,TRUE,0.289365951520032,0.358534913569428
"plain",1,78,FALSE,0.497620649781288,0.338162975366441
"plain",1,79,TRUE,0.778151250383644,0.508283750552072
"plain",1,80,TRUE,0.260071387985075,0.406226011484259
"plain",1,81,FALSE,0.367542273520577,0.48495796812238
"plain",1,82,FALSE,0.534026106056135,0.508299505957067
"plain",1,83,FALSE,0.287129620719111,0.306336215444435
"plain",1,84,FALSE,0.469822015978163,0.356981523235098
"plain",1,85,TRUE,0.399673721481038,0.347232558070472
"plain",1,86,FALSE,0.307496037913213,0.259591485835369
"plain",1,87,TRUE,0.322219294733919,0.35610946239783
"plain",1,88,FALSE,0.247236549506764,0.376275341780538
"plain",1,89,FALSE,0.6232492903979,0.453065593507456
"plain",1,90,TRUE,0.429752280002408,0.431137837557621
"plain",1,91,TRUE,0.566943971856554,0.404247631237311
"plain",1,92,FALSE,0.605951157564873,0.534756950259401
"plain",1,93,FALSE,0.265996370495079,0.514792557406819
"plain",1,94,FALSE,0.555215405126073,0.368256505771948
"plain",1,95,FALSE,0.638489256954637,0.5021979688495
"plain",1,96,FALSE,0.528145078253106,0.554474800457814
"plain",1,97,FALSE,0.430075055551939,0.552601522447113
"plain",1,98,FALSE,0.184549481320698,0.354602323672816
"plain",1,99,FALSE,0.472537053262077,0.519137016203151
"plain",1,100,FALSE,0.60616631460762,0.517962626347126
"plain",1,101,FALSE,0.685553652846326,0.686229273298439
"plain",1,102,TRUE,0.296665190261531,0.527042217526939
"plain",1,103,FALSE,0.491361693834273,0.555869561863761
"plain",1,104,FALSE,0.513217600067939,0.390869457190532
"plain",1,105,TRUE,0.64738297011462,0.413649918849099
"plain",1,106,FALSE,0.491361693834273,0.517753068634998
"plain",1,107,FALSE,0.406028944963615,0.440515013142856
"plain",1,108,FALSE,0.752025387323213,0.531620329540651
"plain",1,109,TRUE,0.6414741105041,0.489404587552261
"plain",1,110,FALSE,0.416307587059883,0.544424475139431
"plain",1,111,FALSE,0.966610986681934,0.732094923193283
"plain",1,112,FALSE,0.188647295999717,0.349225037801132
"plain",1,113,FALSE,0.708335902682263,0.51541125995484
"plain",1,114,FALSE,0.685741738602264,0.861810485093326
"plain",1,115,FALSE,0.559308010907013,0.445616386855256
"plain",1,116,FALSE,0.355259905527378,0.456507877419586
"plain",1,117,FALSE,0.187520720836463,0.347056121675574
"plain",1,118,TRUE,0.569373909615046,0.448924717018734
"plain",1,119,FALSE,0.572523097849638,0.501535418325275
"plain",1,120,FALSE,0.538070787043172,0.528648252231922
"plain",1,121,FALSE,0.374748346010104,0.429825235446086
"plain",1,122,FALSE,0.294686624279443,0.33647530158867
"plain",1,123,FALSE,0.432969290874406,0.452846083213248
"plain",1,124,TRUE,0.320146286111054,0.524655966846474
"plain",1,125,FALSE,0.574262829707027,0.459093394351484
"plain",1,126,FALSE,0.610234175334389,0.607183032618251
"plain",1,127,FALSE,0.173186268412274,0.232027146326778
"plain",1,128,FALSE,0.314499227973151,0.414919694763113
"plain",1,129,FALSE,0.753330221324521,0.496149799277645
"plain",1,130,FALSE,0.338456493604605,0.490785396344693
"plain",1,131,TRUE,0.0253058652647703,0.253357371520834
"plain",1,132,FALSE,0.21045229296202,0.365089001569043
"plain",1,133,FALSE,0.440121603187804,0.469130361293786
"plain",1,134,FALSE,0.761326322421457,0.625493087086371
"plain",1,135,FALSE,0.188084373714938,0.395225294785242
"plain",1,136,FALSE,0.662757831681574,0.410930693751855
"plain",1,137,FALSE,0.409425868671443,0.46885922222965
"plain",1,138,FALSE,0.387389826338729,0.33456764402914
"plain",1,139,FALSE,0.256236533205923,0.367366202964338
"plain",1,140,FALSE,0.381656482585787,0.409297260280824
"plain",1,141,FALSE,0.43568513794163,0.474032452868698
"plain",1,142,FALSE,0.190331698170291,0.483814136394936
"plain",1,143,TRUE,0.123851640967086,0.435177983206251
"plain",1,144,FALSE,0.208978517276253,0.446442950226514
"plain",1,145,TRUE,0.506505032404872,0.46315216307966
"plain",1,146,FALSE,0.390935107103379,0.41318369672104
"plain",1,147,FALSE,0.442479769064449,0.541282239998512
"plain",1,148,FALSE,0.417139409727326,0.446888832816577
"plain",1,149,FALSE,0.260071387985075,0.344917988787986
"plain",1,150,TRUE,0.308777773664721,0.411896949141808
"plain",1,151,FALSE,0.583198773968623,0.406447122438725
"plain",1,152,TRUE,0.456062224454951,0.413702432665569
"plain",1,153,FALSE,0.370698092575577,0.393184159811971
"plain",1,154,FALSE,0.639486489268586,0.624999986073098
"plain",1,155,FALSE,0.777412321496744,0.457850582132487
"plain",1,156,TRUE,0.590284403718162,0.489309709016333
"plain",1,157,FALSE,0.618215503279417,0.514867570938869
"plain",1,158,FALSE,0.224533062606086,0.531089922820083
"plain",1,159,FALSE,0.234010817587179,0.328530590010122
"plain",1,160,FALSE,0.595826777073223,0.441885225675591
"plain",1,161,TRUE,0.612783856719735,0.502465646986055
"plain",1,162,FALSE,0.581266805273671,0.554292513971807
"plain",1,163,FALSE,0.588383768378728,0.60007787127212
"plain",1,164,FALSE,0.108226656374928,0.446632908622658
"plain",1,165,TRUE,0.381115080709851,0.401028590209037
"plain",1,166,FALSE,0.255272505103306,0.584279586996434
"plain",1,167,FALSE,0.680879174426811,0.52726178110618
"plain",1,168,FALSE,0.564784384503987,0.501727379476664
"plain",1,169,TRUE,0.526339277389844,0.348034097981244
"plain",1,170,FALSE,0.294466226161593,0.431095371297064
"plain",1,171,FALSE,0.612783856719735,0.474265274706132
"plain",1,172,FALSE,0.5182506513085,0.558193275081721
"plain",1,173,FALSE,0.442949869577862,0.337029858596489
"plain",1,174,FALSE,0.505149978319906,0.47952475653089
"plain",1,175,FALSE,0.305995882770805,0.423913945306476
"plain",1,176,TRUE,0.612783856719735,0.474448921865587
"plain",1,177,TRUE,0.204119982655925,0.45308040237406
"plain",1,178,FALSE,0.677333151419902,0.430856339824539
"plain",1,179,FALSE,0.345961541813141,0.522194278872455
"plain",1,180,FALSE,0.361160995195026,0.49152103556955
"plain",1,181,TRUE,0.127104798364808,0.257091073041426
"plain",1,182,FALSE,0.514547752660286,0.32120141049941
"plain",1,183,FALSE,0.362350507594848,0.561599603825033
"plain",1,184,FALSE,0.662757831681574,0.48185456842702
"plain",1,185,FALSE,0.313867220369153,0.394454566436236
"plain",1,186,FALSE,0.839666556882433,0.47264594809728
"plain",1,187,FALSE,0.16999753706657,0.365706319593844
"plain",1,188,FALSE,0.129367595722986,0.052549125307136
"plain",1,189,FALSE,0.36078268987328,0.366602222238461
"plain",1,190,FALSE,0.429106008332697,0.47521377599574
"plain",1,191,FALSE,0.702602841340427,0.625133807402343
"plain",1,192,FALSE,0.571708831808688,0.464050525961888
"plain",1,193,FALSE,0.343920385393226,0.29407581797254
"plain",1,194,FALSE,0.695131297704026,0.52137975393663
"plain",1,195,FALSE,0.629409599102719,0.535258107534014
"plain",1,196,FALSE,0.414973347970818,0.418384668629115
"plain",1,197,FALSE,0.276231957921834,0.366734173635756
"plain",1,198,FALSE,0.531478917042255,0.521157152377935
"plain",1,199,FALSE,0.236789099409293,0.371436989703499
"plain",1,200,FALSE,0.756407872548958,0.722419052611101
"plain",1,201,FALSE,0.718750734739665,0.576153292549518
"plain",1,202,FALSE,0.515211304327802,0.449150961262135
"plain",1,203,TRUE,0.3654879848909,0.36698198355707
"plain",1,204,TRUE,0.344392273685111,0.424330635427276
"plain",1,205,FALSE,0.196728722623287,0.441511995815761
"plain",1,206,FALSE,0.392696953259666,0.334677109719758
"plain",1,207,FALSE,0.365394376854778,0.435333592693168
"plain",1,208,TRUE,0.389166084364532,0.418588559352548
"plain",1,209,FALSE,0.653212513775344,0.451131350891335
"plain",1,210,FALSE,0.440594261839831,0.369969136300268
"plain",1,211,TRUE,0.202215775801131,0.442584266140396
"plain",1,212,FALSE,0.48572142648158,0.363745794740513
"plain",1,213,FALSE,0.244277120801843,0.476966986063694
"plain",1,214,FALSE,0.372727940885595,0.472553306720833
"plain",1,215,FALSE,0.52244423350632,0.509975578768586
"plain",1,216,FALSE,0.257678574869184,0.416152837873447
"plain",1,217,FALSE,0.384353414137506,0.630960517871822
"plain",1,218,FALSE,0.335858911319818,0.456272754375543
"plain",1,219,FALSE,0.555094448578319,0.511225205118393
"plain",1,220,FALSE,0.271841606536499,0.496377187820094
"plain",1,221,FALSE,0.471291711058939,0.456931981194143
"plain",1,222,TRUE,0.294906910605192,0.413312172536611
"plain",1,223,FALSE,0.655138434811382,0.615267140455882
"plain",1,224,FALSE,0.528916700277655,0.465740600156106
"plain",1,225,TRUE,0.237040791379191,0.507631822227086
"plain",1,226,FALSE,0.777426822389311,0.526878006305937
"plain",1,227,TRUE,0.191730393362856,0.48076838021488
"plain",1,228,FALSE,0.239549720840473,0.459490726047369
"plain",1,229,TRUE,0.582404298019028,0.538490749965298
"plain",1,230,TRUE,0.569373909615046,0.326367966341334
"plain",1,231,FALSE,0.334252642334231,0.400244355166966
"plain",1,232,FALSE,0.406369835469268,0.455024290615586
"plain",1,233,FALSE,0.0597526942092988,0.332349942352326
"plain",1,234,TRUE,0.472463896606989,0.496947066044137
"plain",1,235,FALSE,0.666985718329661,0.449751049615741
"plain",1,236,FALSE,0.65417654187796,0.557285733016836
"plain",1,237,FALSE,0.259593878885949,0.469079334293341
"plain",1,238,FALSE,0.527114111639805,0.545302373367346
"plain",1,239,TRUE,0.367169488534681,0.384370008298368
"plain",1,240,TRUE,0.19228861256812,0.289930740740084
"plain",1,241,FALSE,0.478566495593843,0.317712287095834
"plain",1,242,FALSE,0.253580289562183,0.323082791408875
"plain",1,243,FALSE,0.27554168840131,0.372689235794644
"plain",1,244,FALSE,0.532627001228891,0.324604782580405
"plain",1,245,TRUE,0.542451947375977,0.422769025550093
"plain",1,246,FALSE,0.381836799998343,0.418759315328131
"plain",1,247,TRUE,0.511616020569138,0.555181927296355
"plain",1,248,FALSE,0.476831628512261,0.562625117406193
"plain",1,249,FALSE,0.301029995663981,0.469641882389238
"plain",1,250,FALSE,0.325823419002744,0.356902574522903
"plain",1,251,FALSE,0.586024382386976,0.506108647508844
"plain",1,252,FALSE,0.218535505216528,0.247582976603469
"plain",1,253,FALSE,0.0480531731156091,0.200568448266606
"plain",1,254,FALSE,0.378397900948138,0.53905006848455
"plain",1,255,FALSE,0.595275711802099,0.426441280285372
"plain",1,256,FALSE,0.398807730203264,0.472404396282126
"plain",1,257,FALSE,0.456214155357989,0.458269457295788
"plain",1,258,FALSE,0.641126932803509,0.471050737879516
"plain",1,259,FALSE,0.54020429984206,0.331518352235571
"plain",1,260,FALSE,0.0328201494385639,0.140182830154562
"plain",1,261,FALSE,0.434888120867316,0.534382449663151
"plain",1,262,FALSE,0.332034277027518,0.322610162796574
"plain",1,263,FALSE,0.391816923613249,0.679662548440124
"plain",1,264,TRUE,0.347427598618541,0.384601236427888
"plain",1,265,FALSE,0.352182518111362,0.297501525780215
"plain",1,266,TRUE,0.154119525515847,0.231179124072015
"plain",1,267,FALSE,0.591398551281249,0.430981081485949
"plain",1,268,TRUE,0.315970345456918,0.390754386564532
"plain",1,269,FALSE,0.470410490975931,0.443614613125926
"plain",1,270,FALSE,0.826074802700826,0.70606347646739
"plain",1,271,TRUE,0.273232834043046,0.42179408274572
"plain",1,272,FALSE,0.234264124378789,0.39842169678324
"plain",1,273,FALSE,0.504878459410216,0.438106752543269
"plain",1,274,FALSE,0.582744965691277,0.368155211850089
"plain",1,275,FALSE,0.542327382773974,0.504087120300504
"plain",1,276,FALSE,0.657055852857104,0.463306326828855
"plain",1,277,FALSE,0.328379603438738,0.38429626744011
"plain",1,278,FALSE,0.4679039465228,0.2412720573718
"plain",1,279,FALSE,0.331427296520743,0.500571733184164
"plain",1,280,FALSE,0.352664799651101,0.464064069664577
"plain",1,281,FALSE,0.437116093048079,0.333839020513514
"plain",1,282,FALSE,0.325043347403704,0.344731840243264
"plain",1,283,FALSE,0.775319121829478,0.505762897472206
"plain",1,284,FALSE,0.526442668529935,0.360631408411254
"plain",1,285,FALSE,0.682145076373832,0.570417550032213
"plain",1,286,FALSE,0.425534220498263,0.494575442725847
"plain",1,287,FALSE,0.659726095237792,0.540109885091264
"plain",1,288,FALSE,0.672097857935718,0.41584556077502
"plain",1,289,FALSE,0.534026106056135,0.433067725772355
"plain",1,290,FALSE,0.615950051656401,0.527830986381523
"plain",1,291,TRUE,0.262451089730429,0.351688357511611
"plain",2,1,TRUE,0.482873583608754,0.345705570264302
"plain",2,2,TRUE,0.496929648073215,0.524047182775333
"plain",2,3,TRUE,0.623042434246382,0.446143752096368
"plain",2,4,TRUE,0.523746466811564,0.310505593936453
"plain",2,5,TRUE,0.47567118832443,0.430325822062477
"plain",2,6,TRUE,0.0681858617461616,0.257577603570009
"plain",2,7,FALSE,0.469674772551798,0.322453777154904
"plain",2,8,FALSE,0.387389826338729,0.453290152381207
"plain",2,9,FALSE,0.627365856592733,0.391728721163281
"plain",2,10,FALSE,0.591064607026499,0.415500225796954
"plain",2,11,FALSE,0.218220304175545,0.28020967151106
"plain",2,12,TRUE,0.680335513414563,0.395264138708362
"plain",2,13,TRUE,0.680607428991788,0.483694562452055
"plain",2,14,FALSE,0.721810615212547,0.550379428670738
"plain",2,15,TRUE,0.20682587603185,0.350789145082418
"plain",2,16,TRUE,0.582063362911709,0.374168962906659
"plain",2,17,FALSE,0.696094159995223,0.506858153666409
"plain",2,18,TRUE,0.40823996531185,0.362451271136316
"plain",2,19,FALSE,0.433001340945038,0.450901825177027
"plain",2,20,FALSE,0.653212513775344,0.458505418546228
"plain",2,21,FALSE,0.558072259099146,0.42053752565085
"plain",2,22,FALSE,0.261928672990642,0.246705130789069
"plain",2,23,FALSE,0.862727528317975,0.635212567343272
"plain",2,24,TRUE,0.637489729512511,0.533308291597264
"plain",2,25,FALSE,0.504878459410216,0.404505562670325
"plain",2,26,FALSE,0.286995073968852,0.380178623986118
"plain",2,27,TRUE,0.662757831681574,0.446969424494302
"plain",2,28,FALSE,0.524525936626376,0.47232719583485
"plain",2,29,TRUE,0.406540180433955,0.474896545523693
"plain",2,30,FALSE,0.656098202012832,0.509377301624981
"plain",2,31,FALSE,0.517987203025078,0.321966971280476
"plain",2,32,FALSE,0.703119346236078,0.529734161477641
"plain",2,33,FALSE,0.691081492122968,0.528704887761231
"plain",2,34,FALSE,0.0141423615450058,0.410644671290146
"plain",2,35,FALSE,0.733197265106569,0.709548035060288
"plain",2,36,FALSE,0.408070285887185,0.446308468121926
"plain",2,37,FALSE,0.396024896608593,0.426106577601016
"plain",2,38,FALSE,0.398391440229475,0.488489090258881
"plain",2,39,FALSE,0.770852011642144,0.543402293564113
"plain",2,40,TRUE,0.15836249209525,0.330819815102572
"plain",2,41,FALSE,0.625415352154408,0.453608128922106
"plain",2,42,FALSE,0.496334505996816,0.519573803788003
"plain",2,43,FALSE,0.679427896612119,0.630084736088493
"plain",2,44,FALSE,0.610116955411928,0.486129948252216
"plain",2,45,FALSE,0.645913275033844,0.45725173142419
"plain",2,46,FALSE,0.465382851448418,0.458862709919845
"plain",2,47,FALSE,0.569490954348783,0.560468130175293
"plain",2,48,FALSE,0.187520720836463,0.301986605041814
"plain",2,49,FALSE,0.465813957269479,0.492297527115369
"plain",2,50,FALSE,0.231214647962601,0.537310113281444
"plain",2,51,FALSE,0.670802284260944,0.624691432465951
"plain",2,52,FALSE,0.459935016851525,0.523993745806335
"plain",2,53,FALSE,0.287129620719111,0.398607862442629
"plain",2,54,FALSE,0.6232492903979,0.559482490985486
"plain",2,55,FALSE,0.8109042806687,0.653204858663634
"plain",2,56,TRUE,0.354108439147401,0.396456070876748
"plain",2,57,FALSE,0.129141845792285,0.432710078344854
"plain",2,58,FALSE,0.244969460136198,0.37403441776914
"plain",2,59,FALSE,0.364363354615731,0.39988217124362
"plain",2,60,TRUE,0.334212409393176,0.405679097711831
"plain",2,61,FALSE,0.489677291663699,0.494847173041392
"plain",2,62,FALSE,0.525304009958239,0.444840858640162
"plain",2,63,TRUE,0.406540180433955,0.484329558772197
"plain",2,64,FALSE,0.335457900689384,0.559535142535663
"plain",2,65,FALSE,0.419873175149476,0.511783040826942
"plain",2,66,FALSE,0.397227181043161,0.469021236291211
"plain",2,67,TRUE,0.59659709562646,0.595720997537113
"plain",2,68,FALSE,0.260071387985075,0.44288760777148
"plain",2,69,FALSE,0.489466281303128,0.568683886183731
"plain",2,70,FALSE,0.544018407858776,0.732580085175135
"plain",2,71,TRUE,0.222976449893391,0.443239797830681
"plain",2,72,FALSE,0.665205628434601,0.676855023840687
"plain",2,73,FALSE,0.537819095073274,0.563528311478998
"plain",2,74,FALSE,0.501059262217751,0.538454218250342
"plain",2,75,FALSE,0.415699348887829,0.457108485148365
"plain",2,76,TRUE,0.298853076409707,0.445610050216004
"plain",2,77,TRUE,0.289365951520032,0.38263820842947
"plain",2,78,FALSE,0.497620649781288,0.324244943069796
"plain",2,79,TRUE,0.778151250383644,0.522978540501614
"plain",2,80,TRUE,0.260071387985075,0.426592547512884
"plain",2,81,FALSE,0.367542273520577,0.507376320367474
"plain",2,82,FALSE,0.534026106056135,0.48817809416087
"plain",2,83,FALSE,0.287129620719111,0.343957720958033
"plain",2,84,FALSE,0.469822015978163,0.396471580579186
"plain",2,85,TRUE,0.399673721481038,0.325185419905581
"plain",2,86,FALSE,0.307496037913213,0.241690843796718
"plain",2,87,TRUE,0.322219294733919,0.303509152169249
"plain",2,88,FALSE,0.247236549506764,0.383850612746023
"plain",2,89,FALSE,0.6232492903979,0.478437597726063
"plain",2,90,TRUE,0.429752280002408,0.442815966538823
"plain",2,91,TRUE,0.566943971856554,0.405572679600915
"plain",2,92,FALSE,0.605951157564873,0.555594267810183
"plain",2,93,FALSE,0.265996370495079,0.463999803415558
"plain",2,94,FALSE,0.555215405126073,0.386132001715227
"plain",2,95,FALSE,0.638489256954637,0.514731069992226
"plain",2,96,FALSE,0.528145078253106,0.559566746645576
"plain",2,97,FALSE,0.430075055551939,0.510466402177241
"plain",2,98,FALSE,0.184549481320698,0.351270064036263
"plain",2,99,FALSE,0.472537053262077,0.52074845300755
"plain",2,100,FALSE,0.60616631460762,0.527818836186051
"plain",2,101,FALSE,0.685553652846326,0.587303798371106
"plain",2,102,TRUE,0.296665190261531,0.521303532339394
"plain",2,103,FALSE,0.491361693834273,0.561578322449174
"plain",2,104,FALSE,0.513217600067939,0.401260382359452
"plain",2,105,TRUE,0.64738297011462,0.411708810410331
"plain",2,106,FALSE,0.491361693834273,0.506938136403041
"plain",2,107,FALSE,0.406028944963615,0.356023894039568
"plain",2,108,FALSE,0.752025387323213,0.511822572294949
"plain",2,109,TRUE,0.6414741105041,0.516186005833207
"plain",2,110,FALSE,0.416307587059883,0.536669014952512
"plain",2,111,FALSE,0.966610986681934,0.756710760370685
"plain",2,112,FALSE,0.188647295999717,0.337758813811034
"plain",2,113,FALSE,0.708335902682263,0.508523359752351
"plain",2,114,FALSE,0.685741738602264,0.83954834547487
"plain",2,115,FALSE,0.559308010907013,0.438536353303517
"plain",2,116,FALSE,0.355259905527378,0.441232582568049
"plain",2,117,FALSE,0.187520720836463,0.355795072838181
"plain",2,118,TRUE,0.569373909615046,0.456188713563596
"plain",2,119,FALSE,0.572523097849638,0.542978063354297
"plain",2,120,FALSE,0.538070787043172,0.517021109920719
"plain",2,121,FALSE,0.374748346010104,0.412678860218938
"plain",2,122,FALSE,0.294686624279443,0.324804609143603
"plain",2,123,FALSE,0.432969290874406,0.461010296397719
"plain",2,124,TRUE,0.320146286111054,0.602048321701275
"plain",2,125,FALSE,0.574262829707027,0.443540820789208
"plain",2,126,FALSE,0.610234175334389,0.609095367894556
"plain",2,127,FALSE,0.173186268412274,0.272048661627531
"plain",2,128,FALSE,0.314499227973151,0.42141904410797
"plain",2,129,FALSE,0.753330221324521,0.517770462050058
"plain",2,130,FALSE,0.338456493604605,0.504101906053967
"plain",2,131,TRUE,0.0253058652647703,0.311294254800723
"plain",2,132,FALSE,0.21045229296202,0.392445098543829
"plain",2,133,FALSE,0.440121603187804,0.469117339880399
"plain",2,134,FALSE,0.761326322421457,0.607388940467905
"plain",2,135,FALSE,0.188084373714938,0.462109899060214
"plain",2,136,FALSE,0.662757831681574,0.416330468926738
"plain",2,137,FALSE,0.409425868671443,0.467570071084485
"plain",2,138,FALSE,0.387389826338729,0.305664334628399
"plain",2,139,FALSE,0.256236533205923,0.439364037226976
"plain",2,140,FALSE,0.381656482585787,0.384128663358254
"plain",2,141,FALSE,0.43568513794163,0.472968040907631
"plain",2,142,FALSE,0.190331698170291,0.429701198393776
"plain",2,143,TRUE,0.123851640967086,0.425401921117608
"plain",2,144,FALSE,0.208978517276253,0.444311750894588
"plain",2,145,TRUE,0.506505032404872,0.415182806799619
"plain",2,146,FALSE,0.390935107103379,0.458152838110501
"plain",2,147,FALSE,0.442479769064449,0.489252257013992
"plain",2,148,FALSE,0.417139409727326,0.45425389439175
"plain",2,149,FALSE,0.260071387985075,0.389136262615131
"plain",2,150,TRUE,0.308777773664721,0.406149650494995
"plain",2,151,FALSE,0.583198773968623,0.437341713705175
"plain",2,152,TRUE,0.456062224454951,0.420796429560251
"plain",2,153,FALSE,0.370698092575577,0.379266414044171
"plain",2,154,FALSE,0.639486489268586,0.64697412361408
"plain",2,155,FALSE,0.777412321496744,0.440455887471365
"plain",2,156,TRUE,0.590284403718162,0.477603232330726
"plain",2,157,FALSE,0.618215503279417,0.539759882725513
"plain",2,158,FALSE,0.224533062606086,0.490016664850572
"plain",2,159,FALSE,0.234010817587179,0.318015878208766
"plain",2,160,FALSE,0.595826777073223,0.453641869254313
"plain",2,161,TRUE,0.612783856719735,0.514223279799101
"plain",2,162,FALSE,0.581266805273671,0.561759486830106
"plain",2,163,FALSE,0.588383768378728,0.587572283995873
"plain",2,164,FALSE,0.108226656374928,0.421798690426762
"plain",2,165,TRUE,0.381115080709851,0.400375216781302
"plain",2,166,FALSE,0.255272505103306,0.543186611568238
"plain",2,167,FALSE,0.680879174426811,0.479521309638198
"plain",2,168,FALSE,0.564784384503987,0.49502258155996
"plain",2,169,TRUE,0.526339277389844,0.348795651766458
"plain",2,170,FALSE,0.294466226161593,0.433993241893162
"plain",2,171,FALSE,0.612783856719735,0.468399242142261
"plain",2,172,FALSE,0.5182506513085,0.5546006911135
"plain",2,173,FALSE,0.442949869577862,0.412606342908811
"plain",2,174,FALSE,0.505149978319906,0.470885711394131
"plain",2,175,FALSE,0.305995882770805,0.436817622420532
"plain",2,176,TRUE,0.612783856719735,0.477381839575897
"plain",2,177,TRUE,0.204119982655925,0.491317515181192
"plain",2,178,FALSE,0.677333151419902,0.437573602609455
"plain",2,179,FALSE,0.345961541813141,0.426238650028965
"plain",2,180,FALSE,0.361160995195026,0.479079873135685
"plain",2,181,TRUE,0.127104798364808,0.260516570741103
"plain",2,182,FALSE,0.514547752660286,0.293525202344237
"plain",2,183,FALSE,0.362350507594848,0.564166921027754
"plain",2,184,FALSE,0.662757831681574,0.487045569304053
"plain",2,185,FALSE,0.313867220369153,0.417272437516048
"plain",2,186,FALSE,0.839666556882433,0.477031310741845
"plain",2,187,FALSE,0.16999753706657,0.36213869671058
"plain",2,188,FALSE,0.129367595722986,0.0215702499105747
"plain",2,189,FALSE,0.36078268987328,0.360243278792656
"plain",2,190,FALSE,0.429106008332697,0.475168759948602
"plain",2,191,FALSE,0.702602841340427,0.581805278484379
"plain",2,192,FALSE,0.571708831808688,0.454442171347973
"plain",2,193,FALSE,0.343920385393226,0.278905534141465
"plain",2,194,FALSE,0.695131297704026,0.512916409573515
"plain",2,195,FALSE,0.629409599102719,0.551492024896344
"plain",2,196,FALSE,0.414973347970818,0.400516010017538
"plain",2,197,FALSE,0.276231957921834,0.389966808573087
"plain",2,198,FALSE,0.531478917042255,0.548079671704645
"plain",2,199,FALSE,0.236789099409293,0.373920451719215
"plain",2,200,FALSE,0.756407872548958,0.765161961566724
"plain",2,201,FALSE,0.718750734739665,0.520848870624447
"plain",2,202,FALSE,0.515211304327802,0.439996686036942
"plain",2,203,TRUE,0.3654879848909,0.3787739097055
"plain",2,204,TRUE,0.344392273685111,0.427086559656988
"plain",2,205,FALSE,0.196728722623287,0.471952477993204
"plain",2,206,FALSE,0.392696953259666,0.40810786599429
"plain",2,207,FALSE,0.365394376854778,0.433415032422395
"plain",2,208,TRUE,0.389166084364532,0.401848363185046
"plain",2,209,FALSE,0.653212513775344,0.489175694976063
"plain",2,210,FALSE,0.440594261839831,0.385678301595819
"plain",2,211,TRUE,0.202215775801131,0.418716524398365
"plain",2,212,FALSE,0.48572142648158,0.4041470873399
"plain",2,213,FALSE,0.244277120801843,0.490795177090294
"plain",2,214,FALSE,0.372727940885595,0.45586368016874
"plain",2,215,FALSE,0.52244423350632,0.502559265376808
"plain",2,216,FALSE,0.257678574869184,0.381127576617012
"plain",2,217,FALSE,0.384353414137506,0.552958936974046
"plain",2,218,FALSE,0.335858911319818,0.483709593935914
"plain",2,219,FALSE,0.555094448578319,0.503483015226906
"plain",2,220,FALSE,0.271841606536499,0.525176108727286
"plain",2,221,FALSE,0.471291711058939,0.42434499448511
"plain",2,222,TRUE,0.294906910605192,0.452785856899629
"plain",2,223,FALSE,0.655138434811382,0.606349435835095
"plain",2,224,FALSE,0.528916700277655,0.457929394612797
"plain",2,225,TRUE,0.237040791379191,0.493341921339468
"plain",2,226,FALSE,0.777426822389311,0.534109104084819
"plain",2,227,TRUE,0.191730393362856,0.500351311073036
"plain",2,228,FALSE,0.239549720840473,0.418825641822343
"plain",2,229,TRUE,0.582404298019028,0.533034086225332
"plain",2,230,TRUE,0.569373909615046,0.352056162628817
"plain",2,231,FALSE,0.334252642334231,0.393284893323087
"plain",2,232,FALSE,0.406369835469268,0.469325659026953
"plain",2,233,FALSE,0.0597526942092988,0.319607833537741
"plain",2,234,TRUE,0.472463896606989,0.497274097536251
"plain",2,235,FALSE,0.666985718329661,0.448385150207596
"plain",2,236,FALSE,0.65417654187796,0.52940376807252
"plain",2,237,FALSE,0.259593878885949,0.476841098416689
"plain",2,238,FALSE,0.527114111639805,0.549742725509953
"plain",2,239,TRUE,0.367169488534681,0.382097361644396
"plain",2,240,TRUE,0.19228861256812,0.326524290119472
"plain",2,241,FALSE,0.478566495593843,0.350200885917978
"plain",2,242,FALSE,0.253580289562183,0.398118603896288
"plain",2,243,FALSE,0.27554168840131,0.35897819760798
"plain",2,244,FALSE,0.532627001228891,0.380829834075137
"plain",2,245,TRUE,0.542451947375977,0.393338352635571
"plain",2,246,FALSE,0.381836799998343,0.412414830968091
"plain",2,247,TRUE,0.511616020569138,0.566355628722141
"plain",2,248,FALSE,0.476831628512261,0.578543473212503
"plain",2,249,FALSE,0.301029995663981,0.499062762099919
"plain",2,250,FALSE,0.325823419002744,0.33706465823487
"plain",2,251,FALSE,0.586024382386976,0.49281227895084
"plain",2,252,FALSE,0.218535505216528,0.229384363954433
"plain",2,253,FALSE,0.0480531731156091,0.222444855612681
"plain",2,254,FALSE,0.378397900948138,0.552638487643536
"plain",2,255,FALSE,0.595275711802099,0.435906817584228
"plain",2,256,FALSE,0.398807730203264,0.462724079682374
"plain",2,257,FALSE,0.456214155357989,0.480035369954206
"plain",2,258,FALSE,0.641126932803509,0.458437261946856
"plain",2,259,FALSE,0.54020429984206,0.330210385803748
"plain",2,260,FALSE,0.0328201494385639,0.174577156047647
"plain",2,261,FALSE,0.434888120867316,0.526450983453
"plain",2,262,FALSE,0.332034277027518,0.325345933890473
"plain",2,263,FALSE,0.391816923613249,0.714893580118578
"plain",2,264,TRUE,0.347427598618541,0.378434264348457
"plain",2,265,FALSE,0.352182518111362,0.247287781569284
"plain",2,266,TRUE,0.154119525515847,0.197554568146415
"plain",2,267,FALSE,0.591398551281249,0.418218241162789
"plain",2,268,TRUE,0.315970345456918,0.408537291188276
"plain",2,269,FALSE,0.470410490975931,0.443891914815028
"plain",2,270,FALSE,0.826074802700826,0.721418114021356
"plain",2,271,TRUE,0.273232834043046,0.409102197449754
"plain",2,272,FALSE,0.234264124378789,0.365539202625687
"plain",2,273,FALSE,0.504878459410216,0.420155222521314
"plain",2,274,FALSE,0.582744965691277,0.360228602553149
"plain",2,275,FALSE,0.542327382773974,0.52131800380129
"plain",2,276,FALSE,0.657055852857104,0.449610713761506
"plain",2,277,FALSE,0.328379603438738,0.379513024812348
"plain",2,278,FALSE,0.4679039465228,0.226248729827407
"plain",2,279,FALSE,0.331427296520743,0.451339320340439
"plain",2,280,FALSE,0.352664799651101,0.466610528321293
"plain",2,281,FALSE,0.437116093048079,0.273485487384032
"plain",2,282,FALSE,0.325043347403704,0.364620358609679
"plain",2,283,FALSE,0.775319121829478,0.469373103267848
"plain",2,284,FALSE,0.526442668529935,0.404792002199915
"plain",2,285,FALSE,0.682145076373832,0.526433464387732
"plain",2,286,FALSE,0.425534220498263,0.499684844879218
"plain",2,287,FALSE,0.659726095237792,0.507389136262882
"plain",2,288,FALSE,0.672097857935718,0.408108705919997
"plain",2,289,FALSE,0.534026106056135,0.437038282075025
"plain",2,290,FALSE,0.615950051656401,0.507408101032652
"plain",2,291,TRUE,0.262451089730429,0.358772423978642
"plain",3,1,TRUE,0.482873583608754,0.401932412261424
"plain",3,2,TRUE,0.496929648073215,0.516302361573304
"plain",3,3,TRUE,0.623042434246382,0.445508445530961
"plain",3,4,TRUE,0.523746466811564,0.265305821272936
"plain",3,5,TRUE,0.47567118832443,0.436375470792017
"plain",3,6,TRUE,0.0681858617461616,0.336338600809008
"plain",3,7,FALSE,0.469674772551798,0.354583393396783
"plain",3,8,FALSE,0.387389826338729,0.477863473954366
"plain",3,9,FALSE,0.627365856592733,0.429343880824553
"plain",3,10,FALSE,0.591064607026499,0.428801262343361
"plain",3,11,FALSE,0.218220304175545,0.339743988919124
"plain",3,12,TRUE,0.680335513414563,0.400066000640837
"plain",3,13,TRUE,0.680607428991788,0.505518819044407
"plain",3,14,FALSE,0.721810615212547,0.561680606911514
"plain",3,15,TRUE,0.20682587603185,0.325113101699916
"plain",3,16,TRUE,0.582063362911709,0.428420399207247
"plain",3,17,FALSE,0.696094159995223,0.531588681606072
"plain",3,18,TRUE,0.40823996531185,0.352328498077113
"plain",3,19,FALSE,0.433001340945038,0.435732463506402
"plain",3,20,FALSE,0.653212513775344,0.458791696386259
"plain",3,21,FALSE,0.558072259099146,0.428165508741109
"plain",3,22,FALSE,0.261928672990642,0.215937711169207
"plain",3,23,FALSE,0.862727528317975,0.653886605182445
"plain",3,24,TRUE,0.637489729512511,0.540034927956083
"plain",3,25,FALSE,0.504878459410216,0.395305132744018
"plain",3,26,FALSE,0.286995073968852,0.401407370048852
"plain",3,27,TRUE,0.662757831681574,0.441584686625903
"plain",3,28,FALSE,0.524525936626376,0.465348572249435
"plain",3,29,TRUE,0.406540180433955,0.495539119478412
"plain",3,30,FALSE,0.656098202012832,0.543409883896272
"plain",3,31,FALSE,0.517987203025078,0.386358797044443
"plain",3,32,FALSE,0.703119346236078,0.554228696389863
"plain",3,33,FALSE,0.691081492122968,0.537668124684746
"plain",3,34,FALSE,0.0141423615450058,0.35371475284539
"plain",3,35,FALSE,0.733197265106569,0.655982925724883
"plain",3,36,FALSE,0.408070285887185,0.426817520710707
"plain",3,37,FALSE,0.396024896608593,0.47505161780363
"plain",3,38,FALSE,0.398391440229475,0.490977334606375
"plain",3,39,FALSE,0.770852011642144,0.549300103824803
"plain",3,40,TRUE,0.15836249209525,0.347065511947331
"plain",3,41,FALSE,0.625415352154408,0.516874181023169
"plain",3,42,FALSE,0.496334505996816,0.506396721875632
"plain",3,43,FALSE,0.679427896612119,0.579628573827738
"plain",3,44,FALSE,0.610116955411928,0.458552686474169
"plain",3,45,FALSE,0.645913275033844,0.462590875046934
"plain",3,46,FALSE,0.465382851448418,0.435435983875177
"plain",3,47,FALSE,0.569490954348783,0.565751037139316
"plain",3,48,FALSE,0.187520720836463,0.257218464437674
"plain",3,49,FALSE,0.465813957269479,0.476120961774378
"plain",3,50,FALSE,0.231214647962601,0.524276067835759
"plain",3,51,FALSE,0.670802284260944,0.580963687047044
"plain",3,52,FALSE,0.459935016851525,0.537445599526055
"plain",3,53,FALSE,0.287129620719111,0.38751279449369
"plain",3,54,FALSE,0.6232492903979,0.547446287683172
"plain",3,55,FALSE,0.8109042806687,0.661104986774789
"plain",3,56,TRUE,0.354108439147401,0.49475497588623
"plain",3,57,FALSE,0.129141845792285,0.422469448452985
"plain",3,58,FALSE,0.244969460136198,0.38353278291134
"plain",3,59,FALSE,0.364363354615731,0.411345885989276
"plain",3,60,TRUE,0.334212409393176,0.427284621241466
"plain",3,61,FALSE,0.489677291663699,0.527173061506771
"plain",3,62,FALSE,0.525304009958239,0.476566912544151
"plain",3,63,TRUE,0.406540180433955,0.468228082906081
"plain",3,64,FALSE,0.335457900689384,0.555898163123879
"plain",3,65,FALSE,0.419873175149476,0.542966656353509
"plain",3,66,FALSE,0.397227181043161,0.540466315349902
"plain",3,67,TRUE,0.59659709562646,0.613902251913807
"plain",3,68,FALSE,0.260071387985075,0.467449037070324
"plain",3,69,FALSE,0.489466281303128,0.574876344283195
"plain",3,70,FALSE,0.544018407858776,0.688485395716596
"plain",3,71,TRUE,0.222976449893391,0.460464710654545
"plain",3,72,FALSE,0.665205628434601,0.632456265119703
"plain",3,73,FALSE,0.537819095073274,0.584412212596741
"plain",3,74,FALSE,0.501059262217751,0.54230280719092
"plain",3,75,FALSE,0.415699348887829,0.460927703934833
"plain",3,76,TRUE,0.298853076409707,0.451818152326384
"plain",3,77,TRUE,0.289365951520032,0.377609950098138
"plain",3,78,FALSE,0.497620649781288,0.346588562831745
"plain",3,79,TRUE,0.778151250383644,0.470092057649515
"plain",3,80,TRUE,0.260071387985075,0.396019324863872
"plain",3,81,FALSE,0.367542273520577,0.483291870169691
"plain",3,82,FALSE,0.534026106056135,0.456595325352882
"plain",3,83,FALSE,0.287129620719111,0.289159852117512
"plain",3,84,FALSE,0.469822015978163,0.406389655569905
"plain",3,85,TRUE,0.399673721481038,0.359036269639433
"plain",3,86,FALSE,0.307496037913213,0.269737456339687
"plain",3,87,TRUE,0.322219294733919,0.353814912405113
"plain",3,88,FALSE,0.247236549506764,0.391741088592023
"plain",3,89,FALSE,0.6232492903979,0.46635897241559
"plain",3,90,TRUE,0.429752280002408,0.454656879591086
"plain",3,91,TRUE,0.566943971856554,0.396270541334208
"plain",3,92,FALSE,0.605951157564873,0.538064319165274
"plain",3,93,FALSE,0.265996370495079,0.520734315257954
"plain",3,94,FALSE,0.555215405126073,0.370380297058633
"plain",3,95,FALSE,0.638489256954637,0.490195185683935
"plain",3,96,FALSE,0.528145078253106,0.551823074876868
"plain",3,97,FALSE,0.430075055551939,0.550317717080436
"plain",3,98,FALSE,0.184549481320698,0.357693356978389
"plain",3,99,FALSE,0.472537053262077,0.542644444515071
"plain",3,100,FALSE,0.60616631460762,0.517032271444198
"plain",3,101,FALSE,0.685553652846326,0.605797335836154
"plain",3,102,TRUE,0.296665190261531,0.545148805064174
"plain",3,103,FALSE,0.491361693834273,0.565550046274136
"plain",3,104,FALSE,0.513217600067939,0.41452549003547
"plain",3,105,TRUE,0.64738297011462,0.534396637551629
"plain",3,106,FALSE,0.491361693834273,0.51120265820823
"plain",3,107,FALSE,0.406028944963615,0.428971918534436
"plain",3,108,FALSE,0.752025387323213,0.50810500695701
"plain",3,109,TRUE,0.6414741105041,0.457516686469135
"plain",3,110,FALSE,0.416307587059883,0.564366027467601
"plain",3,111,FALSE,0.966610986681934,0.697234485088268
"plain",3,112,FALSE,0.188647295999717,0.328780277593949
"plain",3,113,FALSE,0.708335902682263,0.539034444033306
"plain",3,114,FALSE,0.685741738602264,0.818932989064339
"plain",3,115,FALSE,0.559308010907013,0.485961212393089
"plain",3,116,FALSE,0.355259905527378,0.449605797451127
"plain",3,117,FALSE,0.187520720836463,0.346283479936967
"plain",3,118,TRUE,0.569373909615046,0.442040927618441
"plain",3,119,FALSE,0.572523097849638,0.490266597307979
"plain",3,120,FALSE,0.538070787043172,0.54099742101674
"plain",3,121,FALSE,0.374748346010104,0.39315987594065
"plain",3,122,FALSE,0.294686624279443,0.363599500978781
"plain",3,123,FALSE,0.432969290874406,0.46606687297358
"plain",3,124,TRUE,0.320146286111054,0.554991449823287
"plain",3,125,FALSE,0.574262829707027,0.451875718340216
"plain",3,126,FALSE,0.610234175334389,0.613533947779903
"plain",3,127,FALSE,0.173186268412274,0.203192229061208
"plain",3,128,FALSE,0.314499227973151,0.424981103538573
"plain",3,129,FALSE,0.753330221324521,0.535116674161959
"plain",3,130,FALSE,0.338456493604605,0.479991029634462
"plain",3,131,TRUE,0.0253058652647703,0.306254496112491
"plain",3,132,FALSE,0.21045229296202,0.44042418245458
"plain",3,133,FALSE,0.440121603187804,0.514708880881365
"plain",3,134,FALSE,0.761326322421457,0.625719273618634
"plain",3,135,FALSE,0.188084373714938,0.424034648328744
"plain",3,136,FALSE,0.662757831681574,0.398920777726855
"plain",3,137,FALSE,0.409425868671443,0.460914766379307
"plain",3,138,FALSE,0.387389826338729,0.313581490925373
"plain",3,139,FALSE,0.256236533205923,0.421774558866276
"plain",3,140,FALSE,0.381656482585787,0.41469088599641
"plain",3,141,FALSE,0.43568513794163,0.493903413254985
"plain",3,142,FALSE,0.190331698170291,0.43469964928825
"plain",3,143,TRUE,0.123851640967086,0.464386258794466
"plain",3,144,FALSE,0.208978517276253,0.459662714509223
"plain",3,145,TRUE,0.506505032404872,0.406330626191245
"plain",3,146,FALSE,0.390935107103379,0.440571655872623
"plain",3,147,FALSE,0.442479769064449,0.489075953549683
"plain",3,148,FALSE,0.417139409727326,0.458960222470859
"plain",3,149,FALSE,0.260071387985075,0.381013402217349
"plain",3,150,TRUE,0.308777773664721,0.367335271579042
"plain",3,151,FALSE,0.583198773968623,0.402489200382921
"plain",3,152,TRUE,0.456062224454951,0.398035560887215
"plain",3,153,FALSE,0.370698092575577,0.396747438479808
"plain",3,154,FALSE,0.639486489268586,0.635620372980929
"plain",3,155,FALSE,0.777412321496744,0.437714262860922
"plain",3,156,TRUE,0.590284403718162,0.479901279042347
"plain",3,157,FALSE,0.618215503279417,0.564786445596217
"plain",3,158,FALSE,0.224533062606086,0.453512472459874
"plain",3,159,FALSE,0.234010817587179,0.278059726905992
"plain",3,160,FALSE,0.595826777073223,0.44298457973192
"plain",3,161,TRUE,0.612783856719735,0.519581105733701
"plain",3,162,FALSE,0.581266805273671,0.561241505920838
"plain",3,163,FALSE,0.588383768378728,0.5883880521824
"plain",3,164,FALSE,0.108226656374928,0.417274334721362
"plain",3,165,TRUE,0.381115080709851,0.441010877329712
"plain",3,166,FALSE,0.255272505103306,0.524976737257533
"plain",3,167,FALSE,0.680879174426811,0.508081193248388
"plain",3,168,FALSE,0.564784384503987,0.503152605104311
"plain",3,169,TRUE,0.526339277389844,0.336441099065534
"plain",3,170,FALSE,0.294466226161593,0.416853277126008
"plain",3,171,FALSE,0.612783856719735,0.450090252117659
"plain",3,172,FALSE,0.5182506513085,0.557714571742212
"plain",3,173,FALSE,0.442949869577862,0.372402020538471
"plain",3,174,FALSE,0.505149978319906,0.476983496018205
"plain",3,175,FALSE,0.305995882770805,0.400178364760137
"plain",3,176,TRUE,0.612783856719735,0.484469623114134
"plain",3,177,TRUE,0.204119982655925,0.453848250735652
"plain",3,178,FALSE,0.677333151419902,0.421701630343734
"plain",3,179,FALSE,0.345961541813141,0.501042991937938
"plain",3,180,FALSE,0.361160995195026,0.492395177264051
"plain",3,181,TRUE,0.127104798364808,0.289015691433049
"plain",3,182,FALSE,0.514547752660286,0.296010430270012
"plain",3,183,FALSE,0.362350507594848,0.515357641840094
"plain",3,184,FALSE,0.662757831681574,0.452282700415669
"plain",3,185,FALSE,0.313867220369153,0.414590191117809
"plain",3,186,FALSE,0.839666556882433,0.455339421681992
"plain",3,187,FALSE,0.16999753706657,0.367654659890009
"plain",3,188,FALSE,0.129367595722986,0.0728569208415571
"plain",3,189,FALSE,0.36078268987328,0.367364516963033
"plain",3,190,FALSE,0.429106008332697,0.495241033225443
"plain",3,191,FALSE,0.702602841340427,0.574506180840176
"plain",3,192,FALSE,0.571708831808688,0.475457527198564
"plain",3,193,FALSE,0.343920385393226,0.283267846258276
"plain",3,194,FALSE,0.695131297704026,0.528371720481875
"plain",3,195,FALSE,0.629409599102719,0.534104342126317
"plain",3,196,FALSE,0.414973347970818,0.411088658995823
"plain",3,197,FALSE,0.276231957921834,0.38617897235263
"plain",3,198,FALSE,0.531478917042255,0.521429048237186
"plain",3,199,FALSE,0.236789099409293,0.371992135865798
"plain",3,200,FALSE,0.756407872548958,0.709385954026386
"plain",3,201,FALSE,0.718750734739665,0.520972192946015
"plain",3,202,FALSE,0.515211304327802,0.438764370524857
"plain",3,203,TRUE,0.3654879848909,0.337698900713388
"plain",3,204,TRUE,0.344392273685111,0.480604464977812
"plain",3,205,FALSE,0.196728722623287,0.477216205408329
"plain",3,206,FALSE,0.392696953259666,0.320343626856221
"plain",3,207,FALSE,0.365394376854778,0.439680621385639
"plain",3,208,TRUE,0.389166084364532,0.432137031060067
"plain",3,209,FALSE,0.653212513775344,0.500785050418593
"plain",3,210,FALSE,0.440594261839831,0.387572547071064
"plain",3,211,TRUE,0.202215775801131,0.462084497360322
"plain",3,212,FALSE,0.48572142648158,0.406287228860651
"plain",3,213,FALSE,0.244277120801843,0.517654618257941
"plain",3,214,FALSE,0.372727940885595,0.499266662798537
"plain",3,215,FALSE,0.52244423350632,0.489568620137166
"plain",3,216,FALSE,0.257678574869184,0.405041309316801
"plain",3,217,FALSE,0.384353414137506,0.57945893255939
"plain",3,218,FALSE,0.335858911319818,0.4686536962068
"plain",3,219,FALSE,0.555094448578319,0.487725950695339
"plain",3,220,FALSE,0.271841606536499,0.49664731243535
"plain",3,221,FALSE,0.471291711058939,0.435913447976807
"plain",3,222,TRUE,0.294906910605192,0.45809389877693
"plain",3,223,FALSE,0.655138434811382,0.589478232208308
"plain",3,224,FALSE,0.528916700277655,0.488378806592924
"plain",3,225,TRUE,0.237040791379191,0.510253538753503
"plain",3,226,FALSE,0.777426822389311,0.519792775035852
"plain",3,227,TRUE,0.191730393362856,0.46536654140648
"plain",3,228,FALSE,0.239549720840473,0.410405714230297
"plain",3,229,TRUE,0.582404298019028,0.557008621336337
"plain",3,230,TRUE,0.569373909615046,0.31926003568637
"plain",3,231,FALSE,0.334252642334231,0.383296960730337
"plain",3,232,FALSE,0.406369835469268,0.470428488946056
"plain",3,233,FALSE,0.0597526942092988,0.320473313144043
"plain",3,234,TRUE,0.472463896606989,0.484649257389253
"plain",3,235,FALSE,0.666985718329661,0.446903631622501
"plain",3,236,FALSE,0.65417654187796,0.551537749107181
"plain",3,237,FALSE,0.259593878885949,0.472901341496512
"plain",3,238,FALSE,0.527114111639805,0.523151077789025
"plain",3,239,TRUE,0.367169488534681,0.413678989454717
"plain",3,240,TRUE,0.19228861256812,0.273099615274949
"plain",3,241,FALSE,0.478566495593843,0.319776921635439
"plain",3,242,FALSE,0.253580289562183,0.377991829150195
"plain",3,243,FALSE,0.27554168840131,0.376913273416671
"plain",3,244,FALSE,0.532627001228891,0.42233873029865
"plain",3,245,TRUE,0.542451947375977,0.388011682109266
"plain",3,246,FALSE,0.381836799998343,0.41744125566926
"plain",3,247,TRUE,0.511616020569138,0.559903972936066
"plain",3,248,FALSE,0.476831628512261,0.59386452773427
"plain",3,249,FALSE,0.301029995663981,0.476236922564277
"plain",3,250,FALSE,0.325823419002744,0.362213103313599
"plain",3,251,FALSE,0.586024382386976,0.503888237458141
"plain",3,252,FALSE,0.218535505216528,0.224823390258021
"plain",3,253,FALSE,0.0480531731156091,0.196901784160919
"plain",3,254,FALSE,0.378397900948138,0.556037642274377
"plain",3,255,FALSE,0.595275711802099,0.379949209852335
"plain",3,256,FALSE,0.398807730203264,0.434255283255005
"plain",3,257,FALSE,0.456214155357989,0.469064931379861
"plain",3,258,FALSE,0.641126932803509,0.45183076255287
"plain",3,259,FALSE,0.54020429984206,0.33876287673423
"plain",3,260,FALSE,0.0328201494385639,0.179139304917264
"plain",3,261,FALSE,0.434888120867316,0.502290415674323
"plain",3,262,FALSE,0.332034277027518,0.280842687671694
"plain",3,263,FALSE,0.391816923613249,0.713179235435515
"plain",3,264,TRUE,0.347427598618541,0.358330950719998
"plain",3,265,FALSE,0.352182518111362,0.248552351188645
"plain",3,266,TRUE,0.154119525515847,0.216489692948991
"plain",3,267,FALSE,0.591398551281249,0.428966598069247
"plain",3,268,TRUE,0.315970345456918,0.422164933879535
"plain",3,269,FALSE,0.470410490975931,0.442054943139688
"plain",3,270,FALSE,0.826074802700826,0.754496715397341
"plain",3,271,TRUE,0.273232834043046,0.434404165652459
"plain",3,272,FALSE,0.234264124378789,0.389758727218255
"plain",3,273,FALSE,0.504878459410216,0.469314933400557
"plain",3,274,FALSE,0.582744965691277,0.385407219600716
"plain",3,275,FALSE,0.542327382773974,0.463344898474089
"plain",3,276,FALSE,0.657055852857104,0.464176240334712
"plain",3,277,FALSE,0.328379603438738,0.355806722925833
"plain",3,278,FALSE,0.4679039465228,0.292560588952324
"plain",3,279,FALSE,0.331427296520743,0.483330083404857
"plain",3,280,FALSE,0.352664799651101,0.465407264105531
"plain",3,281,FALSE,0.437116093048079,0.338429849615157
"plain",3,282,FALSE,0.325043347403704,0.380914820016917
"plain",3,283,FALSE,0.775319121829478,0.506349253687419
"plain",3,284,FALSE,0.526442668529935,0.345445852181476
"plain",3,285,FALSE,0.682145076373832,0.540720703279507
"plain",3,286,FALSE,0.425534220498263,0.51762615295736
"plain",3,287,FALSE,0.659726095237792,0.500416752236347
"plain",3,288,FALSE,0.672097857935718,0.409490665058176
"plain",3,289,FALSE,0.534026106056135,0.438133557243751
"plain",3,290,FALSE,0.615950051656401,0.526960048822746
"plain",3,291,TRUE,0.262451089730429,0.389039111310206
"daume",1,1,TRUE,0.482873583608754,0.278409730236337
"daume",1,2,TRUE,0.496929648073215,0.453284613840885
"daume",1,3,TRUE,0.623042434246382,0.500116124892803
"daume",1,4,TRUE,0.523746466811564,0.254407649014675
"daume",1,5,TRUE,0.47567118832443,0.423821055638604
"daume",1,6,TRUE,0.0681858617461616,0.362617260590822
"daume",1,7,FALSE,0.469674772551798,0.333234469238979
"daume",1,8,FALSE,0.387389826338729,0.501224862285863
"daume",1,9,FALSE,0.627365856592733,0.407335897554883
"daume",1,10,FALSE,0.591064607026499,0.444979319978823
"daume",1,11,FALSE,0.218220304175545,0.24542823774793
"daume",1,12,TRUE,0.680335513414563,0.464384048388614
"daume",1,13,TRUE,0.680607428991788,0.5051878418002
"daume",1,14,FALSE,0.721810615212547,0.563636328727475
"daume",1,15,TRUE,0.20682587603185,0.343143248582179
"daume",1,16,TRUE,0.582063362911709,0.418933744263173
"daume",1,17,FALSE,0.696094159995223,0.563935947585343
"daume",1,18,TRUE,0.40823996531185,0.393776581325729
"daume",1,19,FALSE,0.433001340945038,0.43343615688223
"daume",1,20,FALSE,0.653212513775344,0.473827174514778
"daume",1,21,FALSE,0.558072259099146,0.449849485488436
"daume",1,22,FALSE,0.261928672990642,0.230730799354357
"daume",1,23,FALSE,0.862727528317975,0.695972849661031
"daume",1,24,TRUE,0.637489729512511,0.513821651146077
"daume",1,25,FALSE,0.504878459410216,0.378142188408837
"daume",1,26,FALSE,0.286995073968852,0.383861399643154
"daume",1,27,TRUE,0.662757831681574,0.486371913131805
"daume",1,28,FALSE,0.524525936626376,0.479846800631562
"daume",1,29,TRUE,0.406540180433955,0.465413889828272
"daume",1,30,FALSE,0.656098202012832,0.572995944608944
"daume",1,31,FALSE,0.517987203025078,0.384584187991558
"daume",1,32,FALSE,0.703119346236078,0.570279591017348
"daume",1,33,FALSE,0.691081492122968,0.523291623050502
"daume",1,34,FALSE,0.0141423615450058,0.383521089291263
"daume",1,35,FALSE,0.733197265106569,0.688607192338124
"daume",1,36,FALSE,0.408070285887185,0.442263055833355
"daume",1,37,FALSE,0.396024896608593,0.430591693838878
"daume",1,38,FALSE,0.398391440229475,0.485608100547174
"daume",1,39,FALSE,0.770852011642144,0.546747817799672
"daume",1,40,TRUE,0.15836249209525,0.366398700333519
"daume",1,41,FALSE,0.625415352154408,0.476983792134412
"daume",1,42,FALSE,0.496334505996816,0.484401932995285
"daume",1,43,FALSE,0.679427896612119,0.613201697311864
"daume",1,44,FALSE,0.610116955411928,0.483877996559597
"daume",1,45,FALSE,0.645913275033844,0.469551189028641
"daume",1,46,FALSE,0.465382851448418,0.42761530009013
"daume",1,47,FALSE,0.569490954348783,0.539685588475911
"daume",1,48,FALSE,0.187520720836463,0.262859228325469
"daume",1,49,FALSE,0.465813957269479,0.486266653747879
"daume",1,50,FALSE,0.231214647962601,0.529855293592658
"daume",1,51,FALSE,0.670802284260944,0.588416525543152
"daume",1,52,FALSE,0.459935016851525,0.536155773055846
"daume",1,53,FALSE,0.287129620719111,0.437259085629593
"daume",1,54,FALSE,0.6232492903979,0.490708429448727
"daume",1,55,FALSE,0.8109042806687,0.672349915163984
"daume",1,56,TRUE,0.354108439147401,0.011337745243677
"daume",1,57,FALSE,0.129141845792285,0.40843931566782
"daume",1,58,FALSE,0.244969460136198,0.386219085761061
"daume",1,59,FALSE,0.364363354615731,0.422298634520753
"daume",1,60,TRUE,0.334212409393176,0.417174312471974
"daume",1,61,FALSE,0.489677291663699,0.55055093954566
"daume",1,62,FALSE,0.525304009958239,0.493623678181603
"daume",1,63,TRUE,0.406540180433955,0.39818616129912
"daume",1,64,FALSE,0.335457900689384,0.558386666850444
"daume",1,65,FALSE,0.419873175149476,0.540197395740487
"daume",1,66,FALSE,0.397227181043161,0.524497304697593
"daume",1,67,TRUE,0.59659709562646,0.567047039897843
"daume",1,68,FALSE,0.260071387985075,0.470906296512697
"daume",1,69,FALSE,0.489466281303128,0.549902285952751
"daume",1,70,FALSE,0.544018407858776,0.667853185815193
"daume",1,71,TRUE,0.222976449893391,0.458494603962468
"daume",1,72,FALSE,0.665205628434601,0.635067864807797
"daume",1,73,FALSE,0.537819095073274,0.578242030950401
"daume",1,74,FALSE,0.501059262217751,0.549420860302817
"daume",1,75,FALSE,0.415699348887829,0.477374118227869
"daume",1,76,TRUE,0.298853076409707,0.474457249491639
"daume",1,77,TRUE,0.289365951520032,0.309594435976469
"daume",1,78,FALSE,0.497620649781288,0.333975447277209
"daume",1,79,TRUE,0.778151250383644,0.549559522668518
"daume",1,80,TRUE,0.260071387985075,0.350377152746293
"daume",1,81,FALSE,0.367542273520577,0.486189578492733
"daume",1,82,FALSE,0.534026106056135,0.502536871007682
"daume",1,83,FALSE,0.287129620719111,0.309300010656747
"daume",1,84,FALSE,0.469822015978163,0.375767677110796
"daume",1,85,TRUE,0.399673721481038,0.408941182498395
"daume",1,86,FALSE,0.307496037913213,0.264660884194839
"daume",1,87,TRUE,0.322219294733919,0.358476593215857
"daume",1,88,FALSE,0.247236549506764,0.388651585298695
"daume",1,89,FALSE,0.6232492903979,0.446607032349971
"daume",1,90,TRUE,0.429752280002408,0.457614141101445
"daume",1,91,TRUE,0.566943971856554,0.447504746781122
"daume",1,92,FALSE,0.605951157564873,0.553868949189394
"daume",1,93,FALSE,0.265996370495079,0.533333477760954
"daume",1,94,FALSE,0.555215405126073,0.350573272050873
"daume",1,95,FALSE,0.638489256954637,0.501962668084124
"daume",1,96,FALSE,0.528145078253106,0.561311875966616
"daume",1,97,FALSE,0.430075055551939,0.545626761142935
"daume",1,98,FALSE,0.184549481320698,0.35147455304245
"daume",1,99,FALSE,0.472537053262077,0.512880480465398
"daume",1,100,FALSE,0.60616631460762,0.508985669124944
"daume",1,101,FALSE,0.685553652846326,0.654888210290943
"daume",1,102,TRUE,0.296665190261531,0.583851822274949
"daume",1,103,FALSE,0.491361693834273,0.547879729910654
"daume",1,104,FALSE,0.513217600067939,0.410013533041073
"daume",1,105,TRUE,0.64738297011462,0.548696704848174
"daume",1,106,FALSE,0.491361693834273,0.524335272662067
"daume",1,107,FALSE,0.406028944963615,0.418268356220523
"daume",1,108,FALSE,0.752025387323213,0.523118454748158
"daume",1,109,TRUE,0.6414741105041,0.442410866749001
"daume",1,110,FALSE,0.416307587059883,0.543138710888997
"daume",1,111,FALSE,0.966610986681934,0.738106833209293
"daume",1,112,FALSE,0.188647295999717,0.363302112070576
"daume",1,113,FALSE,0.708335902682263,0.517026133965959
"daume",1,114,FALSE,0.685741738602264,0.800821658958919
"daume",1,115,FALSE,0.559308010907013,0.447589403405536
"daume",1,116,FALSE,0.355259905527378,0.454869510562182
"daume",1,117,FALSE,0.187520720836463,0.342635673092177
"daume",1,118,TRUE,0.569373909615046,0.51127361790022
"daume",1,119,FALSE,0.572523097849638,0.500887151611368
"daume",1,120,FALSE,0.538070787043172,0.523211391748706
"daume",1,121,FALSE,0.374748346010104,0.414491179234561
"daume",1,122,FALSE,0.294686624279443,0.344974386300011
"daume",1,123,FALSE,0.432969290874406,0.446243341430354
"daume",1,124,TRUE,0.320146286111054,0.520519258888455
"daume",1,125,FALSE,0.574262829707027,0.461726109881615
"daume",1,126,FALSE,0.610234175334389,0.615211476132969
"daume",1,127,FALSE,0.173186268412274,0.199218796253035
"daume",1,128,FALSE,0.314499227973151,0.409301417129511
"daume",1,129,FALSE,0.753330221324521,0.502322327890962
"daume",1,130,FALSE,0.338456493604605,0.477313033786183
"daume",1,131,TRUE,0.0253058652647703,0.245237801240601
"daume",1,132,FALSE,0.21045229296202,0.372648072958036
"daume",1,133,FALSE,0.440121603187804,0.455207299360405
"daume",1,134,FALSE,0.761326322421457,0.639559516293253
"daume",1,135,FALSE,0.188084373714938,0.383112873925515
"daume",1,136,FALSE,0.662757831681574,0.407939725338111
"daume",1,137,FALSE,0.409425868671443,0.460423755048666
"daume",1,138,FALSE,0.387389826338729,0.344734843822814
"daume",1,139,FALSE,0.256236533205923,0.358006196378762
"daume",1,140,FALSE,0.381656482585787,0.416351127525695
"daume",1,141,FALSE,0.43568513794163,0.471799720405449
"daume",1,142,FALSE,0.190331698170291,0.481232875994596
"daume",1,143,TRUE,0.123851640967086,0.259270905171826
"daume",1,144,FALSE,0.208978517276253,0.445281745492641
"daume",1,145,TRUE,0.506505032404872,0.466662356236657
"daume",1,146,FALSE,0.390935107103379,0.407695167787253
"daume",1,147,FALSE,0.442479769064449,0.533094405723877
"daume",1,148,FALSE,0.417139409727326,0.436402720978676
"daume",1,149,FALSE,0.260071387985075,0.358596943191293
"daume",1,150,TRUE,0.308777773664721,0.297114644199959
"daume",1,151,FALSE,0.583198773968623,0.402380071235997
"daume",1,152,TRUE,0.456062224454951,0.488743560402893
"daume",1,153,FALSE,0.370698092575577,0.41010779212125
"daume",1,154,FALSE,0.639486489268586,0.62946469499026
"daume",1,155,FALSE,0.777412321496744,0.448042405326356
"daume",1,156,TRUE,0.590284403718162,0.516455484156786
"daume",1,157,FALSE,0.618215503279417,0.546819553108253
"daume",1,158,FALSE,0.224533062606086,0.51132275203617
"daume",1,159,FALSE,0.234010817587179,0.306780702459851
"daume",1,160,FALSE,0.595826777073223,0.435918681981672
"daume",1,161,TRUE,0.612783856719735,0.516586378947892
"daume",1,162,FALSE,0.581266805273671,0.55422808529492
"daume",1,163,FALSE,0.588383768378728,0.578165151477549
"daume",1,164,FALSE,0.108226656374928,0.455637968059946
"daume",1,165,TRUE,0.381115080709851,0.443260636347525
"daume",1,166,FALSE,0.255272505103306,0.564021562081848
"daume",1,167,FALSE,0.680879174426811,0.530667596127163
"daume",1,168,FALSE,0.564784384503987,0.49609589820528
"daume",1,169,TRUE,0.526339277389844,0.379244332178637
"daume",1,170,FALSE,0.294466226161593,0.433831436412529
"daume",1,171,FALSE,0.612783856719735,0.478426572914552
"daume",1,172,FALSE,0.5182506513085,0.563225028002509
"daume",1,173,FALSE,0.442949869577862,0.35239771897375
"daume",1,174,FALSE,0.505149978319906,0.477422916011506
"daume",1,175,FALSE,0.305995882770805,0.420448306501458
"daume",1,176,TRUE,0.612783856719735,0.4132451499381
"daume",1,177,TRUE,0.204119982655925,0.419984264443419
"daume",1,178,FALSE,0.677333151419902,0.433758846178567
"daume",1,179,FALSE,0.345961541813141,0.523240161786177
"daume",1,180,FALSE,0.361160995195026,0.498275914481907
"daume",1,181,TRUE,0.127104798364808,0.197759502587315
"daume",1,182,FALSE,0.514547752660286,0.32102046529037
"daume",1,183,FALSE,0.362350507594848,0.525656911569566
"daume",1,184,FALSE,0.662757831681574,0.484699436917961
"daume",1,185,FALSE,0.313867220369153,0.385659583254852
"daume",1,186,FALSE,0.839666556882433,0.526602987774944
"daume",1,187,FALSE,0.16999753706657,0.363693316220072
"daume",1,188,FALSE,0.129367595722986,0.060983669561038
"daume",1,189,FALSE,0.36078268987328,0.360782979032061
"daume",1,190,FALSE,0.429106008332697,0.476588560947382
"daume",1,191,FALSE,0.702602841340427,0.581647350903638
"daume",1,192,FALSE,0.571708831808688,0.455644068649069
"daume",1,193,FALSE,0.343920385393226,0.298301988590175
"daume",1,194,FALSE,0.695131297704026,0.522846107329095
"daume",1,195,FALSE,0.629409599102719,0.537985384082132
"daume",1,196,FALSE,0.414973347970818,0.425359576843152
"daume",1,197,FALSE,0.276231957921834,0.375935246102649
"daume",1,198,FALSE,0.531478917042255,0.522426389251168
"daume",1,199,FALSE,0.236789099409293,0.362601955102028
"daume",1,200,FALSE,0.756407872548958,0.722891988528976
"daume",1,201,FALSE,0.718750734739665,0.584025508985098
"daume",1,202,FALSE,0.515211304327802,0.441531146879174
"daume",1,203,TRUE,0.3654879848909,0.389823647668567
"daume",1,204,TRUE,0.344392273685111,0.433526246108196
"daume",1,205,FALSE,0.196728722623287,0.427801148223794
"daume",1,206,FALSE,0.392696953259666,0.336491588821607
"daume",1,207,FALSE,0.365394376854778,0.440028493532002
"daume",1,208,TRUE,0.389166084364532,0.466811912239415
"daume",1,209,FALSE,0.653212513775344,0.445606907140515
"daume",1,210,FALSE,0.440594261839831,0.375817430560465
"daume",1,211,TRUE,0.202215775801131,0.436164257367667
"daume",1,212,FALSE,0.48572142648158,0.350066094216233
"daume",1,213,FALSE,0.244277120801843,0.439830533023076
"daume",1,214,FALSE,0.372727940885595,0.475378168616998
"daume",1,215,FALSE,0.52244423350632,0.509644768407176
"daume",1,216,FALSE,0.257678574869184,0.400403314377951
"daume",1,217,FALSE,0.384353414137506,0.602707383988184
"daume",1,218,FALSE,0.335858911319818,0.441752856140952
"daume",1,219,FALSE,0.555094448578319,0.494861631744667
"daume",1,220,FALSE,0.271841606536499,0.488624700375215
"daume",1,221,FALSE,0.471291711058939,0.454329849378998
"daume",1,222,TRUE,0.294906910605192,0.429776624963978
"daume",1,223,FALSE,0.655138434811382,0.585241963579175
"daume",1,224,FALSE,0.528916700277655,0.488245373465713
"daume",1,225,TRUE,0.237040791379191,0.515333119814081
"daume",1,226,FALSE,0.777426822389311,0.498147832408654
"daume",1,227,TRUE,0.191730393362856,0.513778515027923
"daume",1,228,FALSE,0.239549720840473,0.46297908805307
"daume",1,229,TRUE,0.582404298019028,0.563931777631655
"daume",1,230,TRUE,0.569373909615046,0.394084477007848
"daume",1,231,FALSE,0.334252642334231,0.415493342228368
"daume",1,232,FALSE,0.406369835469268,0.459307933082161
"daume",1,233,FALSE,0.0597526942092988,0.336567577531609
"daume",1,234,TRUE,0.472463896606989,0.48859549934944
"daume",1,235,FALSE,0.666985718329661,0.446578485627264
"daume",1,236,FALSE,0.65417654187796,0.550463160923905
"daume",1,237,FALSE,0.259593878885949,0.472898204313847
"daume",1,238,FALSE,0.527114111639805,0.550916615957069
"daume",1,239,TRUE,0.367169488534681,0.34723727225623
"daume",1,240,TRUE,0.19228861256812,0.291252680846909
"daume",1,241,FALSE,0.478566495593843,0.324844817250612
"daume",1,242,FALSE,0.253580289562183,0.351165373050671
"daume",1,243,FALSE,0.27554168840131,0.370544151855838
"daume",1,244,FALSE,0.532627001228891,0.374869495337412
"daume",1,245,TRUE,0.542451947375977,0.424357149215762
"daume",1,246,FALSE,0.381836799998343,0.424656195827988
"daume",1,247,TRUE,0.511616020569138,0.536769685100262
"daume",1,248,FALSE,0.476831628512261,0.578040092312356
"daume",1,249,FALSE,0.301029995663981,0.499678372423907
"daume",1,250,FALSE,0.325823419002744,0.373607360477422
"daume",1,251,FALSE,0.586024382386976,0.504762333289699
"daume",1,252,FALSE,0.218535505216528,0.244199706966072
"daume",1,253,FALSE,0.0480531731156091,0.187740815610836
"daume",1,254,FALSE,0.378397900948138,0.533220928244603
"daume",1,255,FALSE,0.595275711802099,0.440542513429871
"daume",1,256,FALSE,0.398807730203264,0.487825071690982
"daume",1,257,FALSE,0.456214155357989,0.479419070967257
"daume",1,258,FALSE,0.641126932803509,0.475066725887332
"daume",1,259,FALSE,0.54020429984206,0.348606489606922
"daume",1,260,FALSE,0.0328201494385639,0.149164231092315
"daume",1,261,FALSE,0.434888120867316,0.513849249752139
"daume",1,262,FALSE,0.332034277027518,0.317536194596493
"daume",1,263,FALSE,0.391816923613249,0.695909216704298
"daume",1,264,TRUE,0.347427598618541,0.305140740256331
"daume",1,265,FALSE,0.352182518111362,0.297140133404215
"daume",1,266,TRUE,0.154119525515847,0.116277183515337
"daume",1,267,FALSE,0.591398551281249,0.409284025320355
"daume",1,268,TRUE,0.315970345456918,0.390470976436907
"daume",1,269,FALSE,0.470410490975931,0.450672278502768
"daume",1,270,FALSE,0.826074802700826,0.750065601789485
"daume",1,271,TRUE,0.273232834043046,0.3910939201683
"daume",1,272,FALSE,0.234264124378789,0.400111259445745
"daume",1,273,FALSE,0.504878459410216,0.431672574883435
"daume",1,274,FALSE,0.582744965691277,0.357543126325556
"daume",1,275,FALSE,0.542327382773974,0.4725443404267
"daume",1,276,FALSE,0.657055852857104,0.460671731398717
"daume",1,277,FALSE,0.328379603438738,0.385369155500182
"daume",1,278,FALSE,0.4679039465228,0.23433621417439
"daume",1,279,FALSE,0.331427296520743,0.488308097848392
"daume",1,280,FALSE,0.352664799651101,0.498186982851034
"daume",1,281,FALSE,0.437116093048079,0.326761530259008
"daume",1,282,FALSE,0.325043347403704,0.35827745953179
"daume",1,283,FALSE,0.775319121829478,0.509246840561542
"daume",1,284,FALSE,0.526442668529935,0.351634607910784
"daume",1,285,FALSE,0.682145076373832,0.590188112082889
"daume",1,286,FALSE,0.425534220498263,0.491609187512977
"daume",1,287,FALSE,0.659726095237792,0.528143516013228
"daume",1,288,FALSE,0.672097857935718,0.40186115782669
"daume",1,289,FALSE,0.534026106056135,0.418257712180957
"daume",1,290,FALSE,0.615950051656401,0.527252741547898
"daume",1,291,TRUE,0.262451089730429,0.376600140115696
"daume",2,1,TRUE,0.482873583608754,0.288713822640336
"daume",2,2,TRUE,0.496929648073215,0.466857101229324
"daume",2,3,TRUE,0.623042434246382,0.489586305497922
"daume",2,4,TRUE,0.523746466811564,0.303275071410349
"daume",2,5,TRUE,0.47567118832443,0.417695720151634
"daume",2,6,TRUE,0.0681858617461616,0.264723154518418
"daume",2,7,FALSE,0.469674772551798,0.312197551499633
"daume",2,8,FALSE,0.387389826338729,0.453454117188406
"daume",2,9,FALSE,0.627365856592733,0.393371827491598
"daume",2,10,FALSE,0.591064607026499,0.416487203257484
"daume",2,11,FALSE,0.218220304175545,0.358763759520903
"daume",2,12,TRUE,0.680335513414563,0.470689049958183
"daume",2,13,TRUE,0.680607428991788,0.542057313331272
"daume",2,14,FALSE,0.721810615212547,0.554094609605621
"daume",2,15,TRUE,0.20682587603185,0.360032454451014
"daume",2,16,TRUE,0.582063362911709,0.413398464751658
"daume",2,17,FALSE,0.696094159995223,0.509159316880929
"daume",2,18,TRUE,0.40823996531185,0.394466372143148
"daume",2,19,FALSE,0.433001340945038,0.441268546259328
"daume",2,20,FALSE,0.653212513775344,0.467422026477908
"daume",2,21,FALSE,0.558072259099146,0.434957701121725
"daume",2,22,FALSE,0.261928672990642,0.252159909301329
"daume",2,23,FALSE,0.862727528317975,0.641363748033236
"daume",2,24,TRUE,0.637489729512511,0.568569570615829
"daume",2,25,FALSE,0.504878459410216,0.398110054397737
"daume",2,26,FALSE,0.286995073968852,0.37312266769343
"daume",2,27,TRUE,0.662757831681574,0.476822380803973
"daume",2,28,FALSE,0.524525936626376,0.467506036194071
"daume",2,29,TRUE,0.406540180433955,0.432091366174178
"daume",2,30,FALSE,0.656098202012832,0.509193203018576
"daume",2,31,FALSE,0.517987203025078,0.343109676264279
"daume",2,32,FALSE,0.703119346236078,0.559870084113744
"daume",2,33,FALSE,0.691081492122968,0.529882694172481
"daume",2,34,FALSE,0.0141423615450058,0.43980891559717
"daume",2,35,FALSE,0.733197265106569,0.690711502269217
"daume",2,36,FALSE,0.408070285887185,0.456041370948703
"daume",2,37,FALSE,0.396024896608593,0.422152342641168
"daume",2,38,FALSE,0.398391440229475,0.493488148586597
"daume",2,39,FALSE,0.770852011642144,0.564622015685722
"daume",2,40,TRUE,0.15836249209525,0.337408674359736
"daume",2,41,FALSE,0.625415352154408,0.45769606353739
"daume",2,42,FALSE,0.496334505996816,0.53067484290016
"daume",2,43,FALSE,0.679427896612119,0.629034120212617
"daume",2,44,FALSE,0.610116955411928,0.498217716596163
"daume",2,45,FALSE,0.645913275033844,0.465021451725906
"daume",2,46,FALSE,0.465382851448418,0.426913794056808
"daume",2,47,FALSE,0.569490954348783,0.556048444240886
"daume",2,48,FALSE,0.187520720836463,0.302295400819164
"daume",2,49,FALSE,0.465813957269479,0.498312252538285
"daume",2,50,FALSE,0.231214647962601,0.543517354683218
"daume",2,51,FALSE,0.670802284260944,0.603650079226349
"daume",2,52,FALSE,0.459935016851525,0.537032906339626
"daume",2,53,FALSE,0.287129620719111,0.385079016964816
"daume",2,54,FALSE,0.6232492903979,0.537153919570464
"daume",2,55,FALSE,0.8109042806687,0.644948282727569
"daume",2,56,TRUE,0.354108439147401,0.16283623318414
"daume",2,57,FALSE,0.129141845792285,0.411875893380386
"daume",2,58,FALSE,0.244969460136198,0.402498215848892
"daume",2,59,FALSE,0.364363354615731,0.393139464375293
"daume",2,60,TRUE,0.334212409393176,0.41374142027486
"daume",2,61,FALSE,0.489677291663699,0.48547052953205
"daume",2,62,FALSE,0.525304009958239,0.457230612211172
"daume",2,63,TRUE,0.406540180433955,0.421726751916974
"daume",2,64,FALSE,0.335457900689384,0.558340944878245
"daume",2,65,FALSE,0.419873175149476,0.519169527837271
"daume",2,66,FALSE,0.397227181043161,0.463951281198894
"daume",2,67,TRUE,0.59659709562646,0.589656876469261
"daume",2,68,FALSE,0.260071387985075,0.451726240322432
"daume",2,69,FALSE,0.489466281303128,0.571261537817888
"daume",2,70,FALSE,0.544018407858776,0.692684388790686
"daume",2,71,TRUE,0.222976449893391,0.385752072365163
"daume",2,72,FALSE,0.665205628434601,0.696572737270369
"daume",2,73,FALSE,0.537819095073274,0.56834377716362
"daume",2,74,FALSE,0.501059262217751,0.535778703374225
"daume",2,75,FALSE,0.415699348887829,0.452825048008475
"daume",2,76,TRUE,0.298853076409707,0.401066669582455
"daume",2,77,TRUE,0.289365951520032,0.35225128524101
"daume",2,78,FALSE,0.497620649781288,0.317079475935438
"daume",2,79,TRUE,0.778151250383644,0.560414413119399
"daume",2,80,TRUE,0.260071387985075,0.365129410041588
"daume",2,81,FALSE,0.367542273520577,0.482993766550267
"daume",2,82,FALSE,0.534026106056135,0.485235577243916
"daume",2,83,FALSE,0.287129620719111,0.339214108754545
"daume",2,84,FALSE,0.469822015978163,0.406149893091912
"daume",2,85,TRUE,0.399673721481038,0.355540847738382
"daume",2,86,FALSE,0.307496037913213,0.267252977502163
"daume",2,87,TRUE,0.322219294733919,0.326353865259351
"daume",2,88,FALSE,0.247236549506764,0.384238536421279
"daume",2,89,FALSE,0.6232492903979,0.467399609399992
"daume",2,90,TRUE,0.429752280002408,0.451233691419334
"daume",2,91,TRUE,0.566943971856554,0.430075103809771
"daume",2,92,FALSE,0.605951157564873,0.550439169771852
"daume",2,93,FALSE,0.265996370495079,0.468200455161694
"daume",2,94,FALSE,0.555215405126073,0.387157674284311
"daume",2,95,FALSE,0.638489256954637,0.501258303610974
"daume",2,96,FALSE,0.528145078253106,0.54699210473834
"daume",2,97,FALSE,0.430075055551939,0.52258113065875
"daume",2,98,FALSE,0.184549481320698,0.351446880571817
"daume",2,99,FALSE,0.472537053262077,0.522487354166591
"daume",2,100,FALSE,0.60616631460762,0.552280989479486
"daume",2,101,FALSE,0.685553652846326,0.612451679580728
"daume",2,102,TRUE,0.296665190261531,0.523919034544205
"daume",2,103,FALSE,0.491361693834273,0.569253461283341
"daume",2,104,FALSE,0.513217600067939,0.391879740237155
"daume",2,105,TRUE,0.64738297011462,0.521024505248233
"daume",2,106,FALSE,0.491361693834273,0.515418158070312
"daume",2,107,FALSE,0.406028944963615,0.375811866855901
"daume",2,108,FALSE,0.752025387323213,0.520928402654668
"daume",2,109,TRUE,0.6414741105041,0.445491689364796
"daume",2,110,FALSE,0.416307587059883,0.544905161305752
"daume",2,111,FALSE,0.966610986681934,0.757843945647031
"daume",2,112,FALSE,0.188647295999717,0.348283337164005
"daume",2,113,FALSE,0.708335902682263,0.504290836297767
"daume",2,114,FALSE,0.685741738602264,0.830664227618878
"daume",2,115,FALSE,0.559308010907013,0.436554528096511
"daume",2,116,FALSE,0.355259905527378,0.432452241325545
"daume",2,117,FALSE,0.187520720836463,0.325547658249599
"daume",2,118,TRUE,0.569373909615046,0.484790529447887
"daume",2,119,FALSE,0.572523097849638,0.551980002528776
"daume",2,120,FALSE,0.538070787043172,0.531463518233912
"daume",2,121,FALSE,0.374748346010104,0.402458039704381
"daume",2,122,FALSE,0.294686624279443,0.326186012277084
"daume",2,123,FALSE,0.432969290874406,0.467698491113405
"daume",2,124,TRUE,0.320146286111054,0.567288669274808
"daume",2,125,FALSE,0.574262829707027,0.447356882061198
"daume",2,126,FALSE,0.610234175334389,0.609877637576446
"daume",2,127,FALSE,0.173186268412274,0.246579762751579
"daume",2,128,FALSE,0.314499227973151,0.412950140204029
"daume",2,129,FALSE,0.753330221324521,0.519232547033305
"daume",2,130,FALSE,0.338456493604605,0.483324911623663
"daume",2,131,TRUE,0.0253058652647703,0.297517843218376
"daume",2,132,FALSE,0.21045229296202,0.416554299885649
"daume",2,133,FALSE,0.440121603187804,0.473606073005708
"daume",2,134,FALSE,0.761326322421457,0.607805921521515
"daume",2,135,FALSE,0.188084373714938,0.447371336971196
"daume",2,136,FALSE,0.662757831681574,0.410392604207557
"daume",2,137,FALSE,0.409425868671443,0.455401671597823
"daume",2,138,FALSE,0.387389826338729,0.312924515792017
"daume",2,139,FALSE,0.256236533205923,0.413706859568128
"daume",2,140,FALSE,0.381656482585787,0.416134195538767
"daume",2,141,FALSE,0.43568513794163,0.46636176932547
"daume",2,142,FALSE,0.190331698170291,0.393848728074598
"daume",2,143,TRUE,0.123851640967086,0.404270625583502
"daume",2,144,FALSE,0.208978517276253,0.451671054736934
"daume",2,145,TRUE,0.506505032404872,0.437990568025909
"daume",2,146,FALSE,0.390935107103379,0.444233192441577
"daume",2,147,FALSE,0.442479769064449,0.511284875275207
"daume",2,148,FALSE,0.417139409727326,0.459380345892629
"daume",2,149,FALSE,0.260071387985075,0.391317787452871
"daume",2,150,TRUE,0.308777773664721,0.296083363666401
"daume",2,151,FALSE,0.583198773968623,0.463381053141179
"daume",2,152,TRUE,0.456062224454951,0.482064385812167
"daume",2,153,FALSE,0.370698092575577,0.408137665804536
"daume",2,154,FALSE,0.639486489268586,0.630894109762551
"daume",2,155,FALSE,0.777412321496744,0.426705050587475
"daume",2,156,TRUE,0.590284403718162,0.491807315309712
"daume",2,157,FALSE,0.618215503279417,0.541660105636629
"daume",2,158,FALSE,0.224533062606086,0.535738571556558
"daume",2,159,FALSE,0.234010817587179,0.310470891964124
"daume",2,160,FALSE,0.595826777073223,0.456527692474978
"daume",2,161,TRUE,0.612783856719735,0.518945406813529
"daume",2,162,FALSE,0.581266805273671,0.557372443898563
"daume",2,163,FALSE,0.588383768378728,0.580890912861041
"daume",2,164,FALSE,0.108226656374928,0.435311857213362
"daume",2,165,TRUE,0.381115080709851,0.412526725419421
"daume",2,166,FALSE,0.255272505103306,0.551982803275959
"daume",2,167,FALSE,0.680879174426811,0.489339944145935
"daume",2,168,FALSE,0.564784384503987,0.507847655535103
"daume",2,169,TRUE,0.526339277389844,0.374455737077921
"daume",2,170,FALSE,0.294466226161593,0.436062709226854
"daume",2,171,FALSE,0.612783856719735,0.472858813698398
"daume",2,172,FALSE,0.5182506513085,0.553881849951175
"daume",2,173,FALSE,0.442949869577862,0.430433145709022
"daume",2,174,FALSE,0.505149978319906,0.469919843858528
"daume",2,175,FALSE,0.305995882770805,0.453137638174253
"daume",2,176,TRUE,0.612783856719735,0.463444063537519
"daume",2,177,TRUE,0.204119982655925,0.450715671578993
"daume",2,178,FALSE,0.677333151419902,0.401352356622681
"daume",2,179,FALSE,0.345961541813141,0.446035699668821
"daume",2,180,FALSE,0.361160995195026,0.483044783478946
"daume",2,181,TRUE,0.127104798364808,0.254981657790362
"daume",2,182,FALSE,0.514547752660286,0.30075429863251
"daume",2,183,FALSE,0.362350507594848,0.507883428729154
"daume",2,184,FALSE,0.662757831681574,0.483505845364554
"daume",2,185,FALSE,0.313867220369153,0.414014037683744
"daume",2,186,FALSE,0.839666556882433,0.49902201136665
"daume",2,187,FALSE,0.16999753706657,0.361643755308156
"daume",2,188,FALSE,0.129367595722986,0.0524575440794879
"daume",2,189,FALSE,0.36078268987328,0.344617794434216
"daume",2,190,FALSE,0.429106008332697,0.465565408383975
"daume",2,191,FALSE,0.702602841340427,0.576395832956399
"daume",2,192,FALSE,0.571708831808688,0.461142134153134
"daume",2,193,FALSE,0.343920385393226,0.290325543223028
"daume",2,194,FALSE,0.695131297704026,0.509282689172533
"daume",2,195,FALSE,0.629409599102719,0.55419228001864
"daume",2,196,FALSE,0.414973347970818,0.401409933754491
"daume",2,197,FALSE,0.276231957921834,0.383058022930811
"daume",2,198,FALSE,0.531478917042255,0.538139413072167
"daume",2,199,FALSE,0.236789099409293,0.379950426328574
"daume",2,200,FALSE,0.756407872548958,0.768516200167261
"daume",2,201,FALSE,0.718750734739665,0.531032570737919
"daume",2,202,FALSE,0.515211304327802,0.433264617856418
"daume",2,203,TRUE,0.3654879848909,0.407525029635955
"daume",2,204,TRUE,0.344392273685111,0.426079689175818
"daume",2,205,FALSE,0.196728722623287,0.444491831023532
"daume",2,206,FALSE,0.392696953259666,0.421146892784823
"daume",2,207,FALSE,0.365394376854778,0.43487605142195
"daume",2,208,TRUE,0.389166084364532,0.465565362947271
"daume",2,209,FALSE,0.653212513775344,0.483412770298838
"daume",2,210,FALSE,0.440594261839831,0.391031151434141
"daume",2,211,TRUE,0.202215775801131,0.40987912917501
"daume",2,212,FALSE,0.48572142648158,0.407601576533034
"daume",2,213,FALSE,0.244277120801843,0.427575438781862
"daume",2,214,FALSE,0.372727940885595,0.459108214435626
"daume",2,215,FALSE,0.52244423350632,0.491671294508423
"daume",2,216,FALSE,0.257678574869184,0.35500277083353
"daume",2,217,FALSE,0.384353414137506,0.538124335935697
"daume",2,218,FALSE,0.335858911319818,0.477382128182008
"daume",2,219,FALSE,0.555094448578319,0.501920181080711
"daume",2,220,FALSE,0.271841606536499,0.505969832617276
"daume",2,221,FALSE,0.471291711058939,0.425506541590571
"daume",2,222,TRUE,0.294906910605192,0.454616408345216
"daume",2,223,FALSE,0.655138434811382,0.601195225563172
"daume",2,224,FALSE,0.528916700277655,0.490846121558412
"daume",2,225,TRUE,0.237040791379191,0.495005235378092
"daume",2,226,FALSE,0.777426822389311,0.512475668299068
"daume",2,227,TRUE,0.191730393362856,0.514501525276316
"daume",2,228,FALSE,0.239549720840473,0.429471187592284
"daume",2,229,TRUE,0.582404298019028,0.561629787498695
"daume",2,230,TRUE,0.569373909615046,0.40820813169286
"daume",2,231,FALSE,0.334252642334231,0.410209718605683
"daume",2,232,FALSE,0.406369835469268,0.47813277313473
"daume",2,233,FALSE,0.0597526942092988,0.321522607149041
"daume",2,234,TRUE,0.472463896606989,0.454282513371279
"daume",2,235,FALSE,0.666985718329661,0.440103818196591
"daume",2,236,FALSE,0.65417654187796,0.52186343477658
"daume",2,237,FALSE,0.259593878885949,0.483919512271771
"daume",2,238,FALSE,0.527114111639805,0.563046096094318
"daume",2,239,TRUE,0.367169488534681,0.397248277493944
"daume",2,240,TRUE,0.19228861256812,0.316995854348898
"daume",2,241,FALSE,0.478566495593843,0.33395560131712
"daume",2,242,FALSE,0.253580289562183,0.387278665673834
"daume",2,243,FALSE,0.27554168840131,0.357500745469359
"daume",2,244,FALSE,0.532627001228891,0.340331943791826
"daume",2,245,TRUE,0.542451947375977,0.403385086102735
"daume",2,246,FALSE,0.381836799998343,0.407698370218929
"daume",2,247,TRUE,0.511616020569138,0.583101253762014
"daume",2,248,FALSE,0.476831628512261,0.59163311087968
"daume",2,249,FALSE,0.301029995663981,0.486087088256882
"daume",2,250,FALSE,0.325823419002744,0.34818801200561
"daume",2,251,FALSE,0.586024382386976,0.501732345359153
"daume",2,252,FALSE,0.218535505216528,0.231362371601853
"daume",2,253,FALSE,0.0480531731156091,0.225180772379125
"daume",2,254,FALSE,0.378397900948138,0.550470480780972
"daume",2,255,FALSE,0.595275711802099,0.444214770745766
"daume",2,256,FALSE,0.398807730203264,0.467633033905251
"daume",2,257,FALSE,0.456214155357989,0.485601168105235
"daume",2,258,FALSE,0.641126932803509,0.454796400086021
"daume",2,259,FALSE,0.54020429984206,0.32923666557066
"daume",2,260,FALSE,0.0328201494385639,0.165597014483754
"daume",2,261,FALSE,0.434888120867316,0.509932893440637
"daume",2,262,FALSE,0.332034277027518,0.338026767345587
"daume",2,263,FALSE,0.391816923613249,0.718966872634741
"daume",2,264,TRUE,0.347427598618541,0.338328588160047
"daume",2,265,FALSE,0.352182518111362,0.277156880161394
"daume",2,266,TRUE,0.154119525515847,0.127872809196937
"daume",2,267,FALSE,0.591398551281249,0.426421070311004
"daume",2,268,TRUE,0.315970345456918,0.415765161121018
"daume",2,269,FALSE,0.470410490975931,0.45085610875812
"daume",2,270,FALSE,0.826074802700826,0.706262622541611
"daume",2,271,TRUE,0.273232834043046,0.337059392566202
"daume",2,272,FALSE,0.234264124378789,0.362187931193973
"daume",2,273,FALSE,0.504878459410216,0.440472244503549
"daume",2,274,FALSE,0.582744965691277,0.356738812604916
"daume",2,275,FALSE,0.542327382773974,0.484356500960139
"daume",2,276,FALSE,0.657055852857104,0.453773650411243
"daume",2,277,FALSE,0.328379603438738,0.377535823986325
"daume",2,278,FALSE,0.4679039465228,0.231659836550223
"daume",2,279,FALSE,0.331427296520743,0.447252336741931
"daume",2,280,FALSE,0.352664799651101,0.474823863305889
"daume",2,281,FALSE,0.437116093048079,0.266572769447176
"daume",2,282,FALSE,0.325043347403704,0.36579283677327
"daume",2,283,FALSE,0.775319121829478,0.459998139396648
"daume",2,284,FALSE,0.526442668529935,0.408371029600256
"daume",2,285,FALSE,0.682145076373832,0.520985819173418
"daume",2,286,FALSE,0.425534220498263,0.49989175295687
"daume",2,287,FALSE,0.659726095237792,0.504937429407455
"daume",2,288,FALSE,0.672097857935718,0.406950091372185
"daume",2,289,FALSE,0.534026106056135,0.430273147440908
"daume",2,290,FALSE,0.615950051656401,0.508715499098949
"daume",2,291,TRUE,0.262451089730429,0.292747547932135
"daume",3,1,TRUE,0.482873583608754,0.33963064277283
"daume",3,2,TRUE,0.496929648073215,0.488090990159739
"daume",3,3,TRUE,0.623042434246382,0.479656665751104
"daume",3,4,TRUE,0.523746466811564,0.257710480973842
"daume",3,5,TRUE,0.47567118832443,0.439052623640173
"daume",3,6,TRUE,0.0681858617461616,0.37937562331082
"daume",3,7,FALSE,0.469674772551798,0.368289497159963
"daume",3,8,FALSE,0.387389826338729,0.468372895769185
"daume",3,9,FALSE,0.627365856592733,0.455744798445538
"daume",3,10,FALSE,0.591064607026499,0.421944613347935
"daume",3,11,FALSE,0.218220304175545,0.30527337384285
"daume",3,12,TRUE,0.680335513414563,0.439746480459687
"daume",3,13,TRUE,0.680607428991788,0.568063236489991
"daume",3,14,FALSE,0.721810615212547,0.559088601797763
"daume",3,15,TRUE,0.20682587603185,0.345678323903473
"daume",3,16,TRUE,0.582063362911709,0.414342329354838
"daume",3,17,FALSE,0.696094159995223,0.538499949581099
"daume",3,18,TRUE,0.40823996531185,0.374318737606913
"daume",3,19,FALSE,0.433001340945038,0.42967017217027
"daume",3,20,FALSE,0.653212513775344,0.46248327099516
"daume",3,21,FALSE,0.558072259099146,0.429412941161077
"daume",3,22,FALSE,0.261928672990642,0.23619676815609
"daume",3,23,FALSE,0.862727528317975,0.653667779665345
"daume",3,24,TRUE,0.637489729512511,0.556477171758399
"daume",3,25,FALSE,0.504878459410216,0.388420323021658
"daume",3,26,FALSE,0.286995073968852,0.398255306930308
"daume",3,27,TRUE,0.662757831681574,0.440093202896364
"daume",3,28,FALSE,0.524525936626376,0.468307055379096
"daume",3,29,TRUE,0.406540180433955,0.499335362290801
"daume",3,30,FALSE,0.656098202012832,0.558855135824833
"daume",3,31,FALSE,0.517987203025078,0.41764020441295
"daume",3,32,FALSE,0.703119346236078,0.553869459156277
"daume",3,33,FALSE,0.691081492122968,0.520093109603819
"daume",3,34,FALSE,0.0141423615450058,0.398830510907258
"daume",3,35,FALSE,0.733197265106569,0.672037579183961
"daume",3,36,FALSE,0.408070285887185,0.415416753195978
"daume",3,37,FALSE,0.396024896608593,0.4561781745423
"daume",3,38,FALSE,0.398391440229475,0.485589230721567
"daume",3,39,FALSE,0.770852011642144,0.550976105702814
"daume",3,40,TRUE,0.15836249209525,0.38651555256552
"daume",3,41,FALSE,0.625415352154408,0.498285587352983
"daume",3,42,FALSE,0.496334505996816,0.511695213121733
"daume",3,43,FALSE,0.679427896612119,0.580811087619992
"daume",3,44,FALSE,0.610116955411928,0.479255327646136
"daume",3,45,FALSE,0.645913275033844,0.464432983792908
"daume",3,46,FALSE,0.465382851448418,0.424059862472925
"daume",3,47,FALSE,0.569490954348783,0.566788777941313
"daume",3,48,FALSE,0.187520720836463,0.286077955802824
"daume",3,49,FALSE,0.465813957269479,0.4762162029823
"daume",3,50,FALSE,0.231214647962601,0.52139994318403
"daume",3,51,FALSE,0.670802284260944,0.55897960690692
"daume",3,52,FALSE,0.459935016851525,0.534420553237049
"daume",3,53,FALSE,0.287129620719111,0.385701610476021
"daume",3,54,FALSE,0.6232492903979,0.531197747617602
"daume",3,55,FALSE,0.8109042806687,0.659703972594988
"daume",3,56,TRUE,0.354108439147401,0.195161892496524
"daume",3,57,FALSE,0.129141845792285,0.418605268436248
"daume",3,58,FALSE,0.244969460136198,0.378312759899591
"daume",3,59,FALSE,0.364363354615731,0.411023468160578
"daume",3,60,TRUE,0.334212409393176,0.380254940146144
"daume",3,61,FALSE,0.489677291663699,0.528495367972775
"daume",3,62,FALSE,0.525304009958239,0.481778439729436
"daume",3,63,TRUE,0.406540180433955,0.430110957733331
"daume",3,64,FALSE,0.335457900689384,0.550435516334959
"daume",3,65,FALSE,0.419873175149476,0.52848901691886
"daume",3,66,FALSE,0.397227181043161,0.547665671462336
"daume",3,67,TRUE,0.59659709562646,0.619832842416398
"daume",3,68,FALSE,0.260071387985075,0.45002618150802
"daume",3,69,FALSE,0.489466281303128,0.566434491080415
"daume",3,70,FALSE,0.544018407858776,0.679746784981508
"daume",3,71,TRUE,0.222976449893391,0.300872196430387
"daume",3,72,FALSE,0.665205628434601,0.637510157384996
"daume",3,73,FALSE,0.537819095073274,0.590154873108042
"daume",3,74,FALSE,0.501059262217751,0.529105408433777
"daume",3,75,FALSE,0.415699348887829,0.456150030692039
"daume",3,76,TRUE,0.298853076409707,0.40038948686196
"daume",3,77,TRUE,0.289365951520032,0.297312869908049
"daume",3,78,FALSE,0.497620649781288,0.33532814172854
"daume",3,79,TRUE,0.778151250383644,0.502352216613928
"daume",3,80,TRUE,0.260071387985075,0.360530628811529
"daume",3,81,FALSE,0.367542273520577,0.487823173275876
"daume",3,82,FALSE,0.534026106056135,0.448823312047611
"daume",3,83,FALSE,0.287129620719111,0.305268927804235
"daume",3,84,FALSE,0.469822015978163,0.396960514120029
"daume",3,85,TRUE,0.399673721481038,0.427623513842112
"daume",3,86,FALSE,0.307496037913213,0.260257955390929
"daume",3,87,TRUE,0.322219294733919,0.335796780502164
"daume",3,88,FALSE,0.247236549506764,0.382631414570429
"daume",3,89,FALSE,0.6232492903979,0.464259263000204
"daume",3,90,TRUE,0.429752280002408,0.479122865516502
"daume",3,91,TRUE,0.566943971856554,0.423921928187648
"daume",3,92,FALSE,0.605951157564873,0.530068856670271
"daume",3,93,FALSE,0.265996370495079,0.528657121128971
"daume",3,94,FALSE,0.555215405126073,0.409547622544383
"daume",3,95,FALSE,0.638489256954637,0.488475515315974
"daume",3,96,FALSE,0.528145078253106,0.559871250883579
"daume",3,97,FALSE,0.430075055551939,0.543094728880602
"daume",3,98,FALSE,0.184549481320698,0.388891084071058
"daume",3,99,FALSE,0.472537053262077,0.543741624476629
"daume",3,100,FALSE,0.60616631460762,0.503599367547662
"daume",3,101,FALSE,0.685553652846326,0.622971070326369
"daume",3,102,TRUE,0.296665190261531,0.524969116187138
"daume",3,103,FALSE,0.491361693834273,0.565648887941791
"daume",3,104,FALSE,0.513217600067939,0.417367643696127
"daume",3,105,TRUE,0.64738297011462,0.633544559676148
"daume",3,106,FALSE,0.491361693834273,0.518034168562013
"daume",3,107,FALSE,0.406028944963615,0.423299026881057
"daume",3,108,FALSE,0.752025387323213,0.503747849805254
"daume",3,109,TRUE,0.6414741105041,0.39137031286299
"daume",3,110,FALSE,0.416307587059883,0.564972991371979
"daume",3,111,FALSE,0.966610986681934,0.718735724813409
"daume",3,112,FALSE,0.188647295999717,0.327700693483512
"daume",3,113,FALSE,0.708335902682263,0.533531848338486
"daume",3,114,FALSE,0.685741738602264,0.788015329469569
"daume",3,115,FALSE,0.559308010907013,0.493580749808288
"daume",3,116,FALSE,0.355259905527378,0.443351779570819
"daume",3,117,FALSE,0.187520720836463,0.333812706612682
"daume",3,118,TRUE,0.569373909615046,0.515939679470286
"daume",3,119,FALSE,0.572523097849638,0.498055269512658
"daume",3,120,FALSE,0.538070787043172,0.549391534501648
"daume",3,121,FALSE,0.374748346010104,0.365134287059458
"daume",3,122,FALSE,0.294686624279443,0.35093045012212
"daume",3,123,FALSE,0.432969290874406,0.460550528544119
"daume",3,124,TRUE,0.320146286111054,0.557366069098359
"daume",3,125,FALSE,0.574262829707027,0.462938379106621
"daume",3,126,FALSE,0.610234175334389,0.618279341641141
"daume",3,127,FALSE,0.173186268412274,0.189484948933701
"daume",3,128,FALSE,0.314499227973151,0.424033242909289
"daume",3,129,FALSE,0.753330221324521,0.558790786021895
"daume",3,130,FALSE,0.338456493604605,0.476259479306766
"daume",3,131,TRUE,0.0253058652647703,0.31619957317086
"daume",3,132,FALSE,0.21045229296202,0.447286092070709
"daume",3,133,FALSE,0.440121603187804,0.501118378576763
"daume",3,134,FALSE,0.761326322421457,0.624488302259813
"daume",3,135,FALSE,0.188084373714938,0.408636434078498
"daume",3,136,FALSE,0.662757831681574,0.396789599655191
"daume",3,137,FALSE,0.409425868671443,0.47174161240287
"daume",3,138,FALSE,0.387389826338729,0.327310760006772
"daume",3,139,FALSE,0.256236533205923,0.400538817484622
"daume",3,140,FALSE,0.381656482585787,0.427201986762717
"daume",3,141,FALSE,0.43568513794163,0.477306060315941
"daume",3,142,FALSE,0.190331698170291,0.388932881500558
"daume",3,143,TRUE,0.123851640967086,0.453441947466045
"daume",3,144,FALSE,0.208978517276253,0.459458546136592
"daume",3,145,TRUE,0.506505032404872,0.405559829198695
"daume",3,146,FALSE,0.390935107103379,0.437845257622047
"daume",3,147,FALSE,0.442479769064449,0.513193724567457
"daume",3,148,FALSE,0.417139409727326,0.447536434566771
"daume",3,149,FALSE,0.260071387985075,0.406560421533018
"daume",3,150,TRUE,0.308777773664721,0.337669608833616
"daume",3,151,FALSE,0.583198773968623,0.41648056702207
"daume",3,152,TRUE,0.456062224454951,0.435222984767418
"daume",3,153,FALSE,0.370698092575577,0.390756137066233
"daume",3,154,FALSE,0.639486489268586,0.643443904950441
"daume",3,155,FALSE,0.777412321496744,0.438648990142434
"daume",3,156,TRUE,0.590284403718162,0.47931329994935
"daume",3,157,FALSE,0.618215503279417,0.553327919698027
"daume",3,158,FALSE,0.224533062606086,0.456341061494706
"daume",3,159,FALSE,0.234010817587179,0.284851188172237
"daume",3,160,FALSE,0.595826777073223,0.436184142271554
"daume",3,161,TRUE,0.612783856719735,0.504819035034946
"daume",3,162,FALSE,0.581266805273671,0.548614298972984
"daume",3,163,FALSE,0.588383768378728,0.572028058048097
"daume",3,164,FALSE,0.108226656374928,0.418955645188112
"daume",3,165,TRUE,0.381115080709851,0.475428327609008
"daume",3,166,FALSE,0.255272505103306,0.526549337156137
"daume",3,167,FALSE,0.680879174426811,0.496036108593163
"daume",3,168,FALSE,0.564784384503987,0.494453981796325
"daume",3,169,TRUE,0.526339277389844,0.32228567005372
"daume",3,170,FALSE,0.294466226161593,0.405244160597271
"daume",3,171,FALSE,0.612783856719735,0.45566337449593
"daume",3,172,FALSE,0.5182506513085,0.561761689501369
"daume",3,173,FALSE,0.442949869577862,0.384495656324581
"daume",3,174,FALSE,0.505149978319906,0.486234068210866
"daume",3,175,FALSE,0.305995882770805,0.39262867243131
"daume",3,176,TRUE,0.612783856719735,0.394206238174086
"daume",3,177,TRUE,0.204119982655925,0.448638606261379
"daume",3,178,FALSE,0.677333151419902,0.48040663792579
"daume",3,179,FALSE,0.345961541813141,0.513810787106496
"daume",3,180,FALSE,0.361160995195026,0.473366432880369
"daume",3,181,TRUE,0.127104798364808,0.120997391986905
"daume",3,182,FALSE,0.514547752660286,0.284194130385424
"daume",3,183,FALSE,0.362350507594848,0.50087558926083
"daume",3,184,FALSE,0.662757831681574,0.456499207342021
"daume",3,185,FALSE,0.313867220369153,0.418504859207047
"daume",3,186,FALSE,0.839666556882433,0.448712527174901
"daume",3,187,FALSE,0.16999753706657,0.354527372501438
"daume",3,188,FALSE,0.129367595722986,0.0779935627458763
"daume",3,189,FALSE,0.36078268987328,0.361542575587517
"daume",3,190,FALSE,0.429106008332697,0.489631141175055
"daume",3,191,FALSE,0.702602841340427,0.572282906013446
"daume",3,192,FALSE,0.571708831808688,0.467302777648152
"daume",3,193,FALSE,0.343920385393226,0.3007965125859
"daume",3,194,FALSE,0.695131297704026,0.526301915359704
"daume",3,195,FALSE,0.629409599102719,0.536592426667023
"daume",3,196,FALSE,0.414973347970818,0.409641851010681
"daume",3,197,FALSE,0.276231957921834,0.374713111130005
"daume",3,198,FALSE,0.531478917042255,0.511776245265156
"daume",3,199,FALSE,0.236789099409293,0.368601503847781
"daume",3,200,FALSE,0.756407872548958,0.726414279749056
"daume",3,201,FALSE,0.718750734739665,0.540856006847077
"daume",3,202,FALSE,0.515211304327802,0.437189706381049
"daume",3,203,TRUE,0.3654879848909,0.350455543957205
"daume",3,204,TRUE,0.344392273685111,0.461850130053192
"daume",3,205,FALSE,0.196728722623287,0.460744477802978
"daume",3,206,FALSE,0.392696953259666,0.337098583521894
"daume",3,207,FALSE,0.365394376854778,0.432410604750661
"daume",3,208,TRUE,0.389166084364532,0.468091280233255
"daume",3,209,FALSE,0.653212513775344,0.485707111038998
"daume",3,210,FALSE,0.440594261839831,0.423324307141264
"daume",3,211,TRUE,0.202215775801131,0.447055696800789
"daume",3,212,FALSE,0.48572142648158,0.408172835794728
"daume",3,213,FALSE,0.244277120801843,0.462685423158122
"daume",3,214,FALSE,0.372727940885595,0.515744295969532
"daume",3,215,FALSE,0.52244423350632,0.486244063275298
"daume",3,216,FALSE,0.257678574869184,0.392675145252769
"daume",3,217,FALSE,0.384353414137506,0.57586361394757
"daume",3,218,FALSE,0.335858911319818,0.453491285061181
"daume",3,219,FALSE,0.555094448578319,0.48116709255026
"daume",3,220,FALSE,0.271841606536499,0.505709088944086
"daume",3,221,FALSE,0.471291711058939,0.435539928676719
"daume",3,222,TRUE,0.294906910605192,0.423389906325824
"daume",3,223,FALSE,0.655138434811382,0.574985326640349
"daume",3,224,FALSE,0.528916700277655,0.524307954087406
"daume",3,225,TRUE,0.237040791379191,0.525234087638756
"daume",3,226,FALSE,0.777426822389311,0.499234868508258
"daume",3,227,TRUE,0.191730393362856,0.519254293005146
"daume",3,228,FALSE,0.239549720840473,0.419119325649205
"daume",3,229,TRUE,0.582404298019028,0.541486710235325
"daume",3,230,TRUE,0.569373909615046,0.358544820897013
"daume",3,231,FALSE,0.334252642334231,0.40352665365609
"daume",3,232,FALSE,0.406369835469268,0.478575069878726
"daume",3,233,FALSE,0.0597526942092988,0.312013216846724
"daume",3,234,TRUE,0.472463896606989,0.521043743300345
"daume",3,235,FALSE,0.666985718329661,0.443325521382276
"daume",3,236,FALSE,0.65417654187796,0.550388247425699
"daume",3,237,FALSE,0.259593878885949,0.482615113088046
"daume",3,238,FALSE,0.527114111639805,0.54149900115706
"daume",3,239,TRUE,0.367169488534681,0.361947001274036
"daume",3,240,TRUE,0.19228861256812,0.285979531976721
"daume",3,241,FALSE,0.478566495593843,0.31909840799434
"daume",3,242,FALSE,0.253580289562183,0.373603414334148
"daume",3,243,FALSE,0.27554168840131,0.371717980333279
"daume",3,244,FALSE,0.532627001228891,0.407092034115564
"daume",3,245,TRUE,0.542451947375977,0.39034188697215
"daume",3,246,FALSE,0.381836799998343,0.41270996768756
"daume",3,247,TRUE,0.511616020569138,0.604100714472005
"daume",3,248,FALSE,0.476831628512261,0.592075758516892
"daume",3,249,FALSE,0.301029995663981,0.500232932316486
"daume",3,250,FALSE,0.325823419002744,0.384591614167724
"daume",3,251,FALSE,0.586024382386976,0.509728748456383
"daume",3,252,FALSE,0.218535505216528,0.240590441929344
"daume",3,253,FALSE,0.0480531731156091,0.200926582603682
"daume",3,254,FALSE,0.378397900948138,0.5561510902372
"daume",3,255,FALSE,0.595275711802099,0.395963562141472
"daume",3,256,FALSE,0.398807730203264,0.430996476799832
"daume",3,257,FALSE,0.456214155357989,0.49025731105965
"daume",3,258,FALSE,0.641126932803509,0.469283959630156
"daume",3,259,FALSE,0.54020429984206,0.338216723149069
"daume",3,260,FALSE,0.0328201494385639,0.134477148162513
"daume",3,261,FALSE,0.434888120867316,0.490034514585676
"daume",3,262,FALSE,0.332034277027518,0.28388767256864
"daume",3,263,FALSE,0.391816923613249,0.723897684582819
"daume",3,264,TRUE,0.347427598618541,0.299568023707539
"daume",3,265,FALSE,0.352182518111362,0.28320185366311
"daume",3,266,TRUE,0.154119525515847,0.288077735231824
"daume",3,267,FALSE,0.591398551281249,0.413290616752711
"daume",3,268,TRUE,0.315970345456918,0.401751021303276
"daume",3,269,FALSE,0.470410490975931,0.441984768632582
"daume",3,270,FALSE,0.826074802700826,0.716095445455653
"daume",3,271,TRUE,0.273232834043046,0.398344239856152
"daume",3,272,FALSE,0.234264124378789,0.375951109296436
"daume",3,273,FALSE,0.504878459410216,0.459762307354378
"daume",3,274,FALSE,0.582744965691277,0.377015472895985
"daume",3,275,FALSE,0.542327382773974,0.487914394966488
"daume",3,276,FALSE,0.657055852857104,0.447532176527972
"daume",3,277,FALSE,0.328379603438738,0.355719160764671
"daume",3,278,FALSE,0.4679039465228,0.288088786736516
"daume",3,279,FALSE,0.331427296520743,0.455588615257567
"daume",3,280,FALSE,0.352664799651101,0.473273167157094
"daume",3,281,FALSE,0.437116093048079,0.326033211279071
"daume",3,282,FALSE,0.325043347403704,0.356419359620253
"daume",3,283,FALSE,0.775319121829478,0.497764229134236
"daume",3,284,FALSE,0.526442668529935,0.34469909463245
"daume",3,285,FALSE,0.682145076373832,0.544877312062612
"daume",3,286,FALSE,0.425534220498263,0.500244309389531
"daume",3,287,FALSE,0.659726095237792,0.517500240218462
"daume",3,288,FALSE,0.672097857935718,0.401758355552657
"daume",3,289,FALSE,0.534026106056135,0.429239402378495
"daume",3,290,FALSE,0.615950051656401,0.524211189793267
"daume",3,291,TRUE,0.262451089730429,0.407950011619488
"coral",1,1,TRUE,0.482873583608754,0.380028994365375
"coral",1,2,TRUE,0.496929648073215,0.533060193063196
"coral",1,3,TRUE,0.623042434246382,0.439187575536998
"coral",1,4,TRUE,0.523746466811564,0.261769851959832
"coral",1,5,TRUE,0.47567118832443,0.49077400319889
"coral",1,6,TRUE,0.0681858617461616,0.239964225964836
"coral",1,7,FALSE,0.469674772551798,0.383916267593665
"coral",1,8,FALSE,0.387389826338729,0.504250260242649
"coral",1,9,FALSE,0.627365856592733,0.394752459977439
"coral",1,10,FALSE,0.591064607026499,0.437948712115983
"coral",1,11,FALSE,0.218220304175545,0.240062575353249
"coral",1,12,TRUE,0.680335513414563,0.370773570010625
"coral",1,13,TRUE,0.680607428991788,0.541743851218501
"coral",1,14,FALSE,0.721810615212547,0.57308941719043
"coral",1,15,TRUE,0.20682587603185,0.278884874664035
"coral",1,16,TRUE,0.582063362911709,0.342515446254913
"coral",1,17,FALSE,0.696094159995223,0.575851509792781
"coral",1,18,TRUE,0.40823996531185,0.344675775002479
"coral",1,19,FALSE,0.433001340945038,0.469128773882061
"coral",1,20,FALSE,0.653212513775344,0.486829776819151
"coral",1,21,FALSE,0.558072259099146,0.4557481104891
"coral",1,22,FALSE,0.261928672990642,0.243101192716221
"coral",1,23,FALSE,0.862727528317975,0.632661718635425
"coral",1,24,TRUE,0.637489729512511,0.556891221969223
"coral",1,25,FALSE,0.504878459410216,0.376667697677869
"coral",1,26,FALSE,0.286995073968852,0.405111071952878
"coral",1,27,TRUE,0.662757831681574,0.452917133346565
"coral",1,28,FALSE,0.524525936626376,0.492803813853257
"coral",1,29,TRUE,0.406540180433955,0.441880725563733
"coral",1,30,FALSE,0.656098202012832,0.541188846445947
"coral",1,31,FALSE,0.517987203025078,0.386231834830581
"coral",1,32,FALSE,0.703119346236078,0.561082032127766
"coral",1,33,FALSE,0.691081492122968,0.526846533469278
"coral",1,34,FALSE,0.0141423615450058,0.353942711657578
"coral",1,35,FALSE,0.733197265106569,0.692641825497502
"coral",1,36,FALSE,0.408070285887185,0.431493157434679
"coral",1,37,FALSE,0.396024896608593,0.441968730800291
"coral",1,38,FALSE,0.398391440229475,0.479554149419067
"coral",1,39,FALSE,0.770852011642144,0.532923604751348
"coral",1,40,TRUE,0.15836249209525,0.334162567226315
"coral",1,41,FALSE,0.625415352154408,0.474527431329635
"coral",1,42,FALSE,0.496334505996816,0.492960171008587
"coral",1,43,FALSE,0.679427896612119,0.619022575654069
"coral",1,44,FALSE,0.610116955411928,0.493782359131035
"coral",1,45,FALSE,0.645913275033844,0.456318443033502
"coral",1,46,FALSE,0.465382851448418,0.459403479813754
"coral",1,47,FALSE,0.569490954348783,0.563500450823862
"coral",1,48,FALSE,0.187520720836463,0.302969536302074
"coral",1,49,FALSE,0.465813957269479,0.487980197964715
"coral",1,50,FALSE,0.231214647962601,0.523970123667588
"coral",1,51,FALSE,0.670802284260944,0.612550872235663
"coral",1,52,FALSE,0.459935016851525,0.510852288172692
"coral",1,53,FALSE,0.287129620719111,0.385989666586028
"coral",1,54,FALSE,0.6232492903979,0.481617243767107
"coral",1,55,FALSE,0.8109042806687,0.670681374712864
"coral",1,56,TRUE,0.354108439147401,0.0801152568765323
"coral",1,57,FALSE,0.129141845792285,0.424487244850451
"coral",1,58,FALSE,0.244969460136198,0.38576801847773
"coral",1,59,FALSE,0.364363354615731,0.43408802451965
"coral",1,60,TRUE,0.334212409393176,0.397996429732023
"coral",1,61,FALSE,0.489677291663699,0.534152602740074
"coral",1,62,FALSE,0.525304009958239,0.49877975917827
"coral",1,63,TRUE,0.406540180433955,0.423304841582479
"coral",1,64,FALSE,0.335457900689384,0.558619455781459
"coral",1,65,FALSE,0.419873175149476,0.507245042337166
"coral",1,66,FALSE,0.397227181043161,0.501762527884222
"coral",1,67,TRUE,0.59659709562646,0.649898177183645
"coral",1,68,FALSE,0.260071387985075,0.463004254079501
"coral",1,69,FALSE,0.489466281303128,0.573492367476047
"coral",1,70,FALSE,0.544018407858776,0.676049037669976
"coral",1,71,TRUE,0.222976449893391,0.47301288627989
"coral",1,72,FALSE,0.665205628434601,0.610073580262817
"coral",1,73,FALSE,0.537819095073274,0.587436093696124
"coral",1,74,FALSE,0.501059262217751,0.546034718866398
"coral",1,75,FALSE,0.415699348887829,0.479131846624829
"coral",1,76,TRUE,0.298853076409707,0.482733924728445
"coral",1,77,TRUE,0.289365951520032,0.316654496889602
"coral",1,78,FALSE,0.497620649781288,0.313934791151555
"coral",1,79,TRUE,0.778151250383644,0.52848697409105
"coral",1,80,TRUE,0.260071387985075,0.404707744519612
"coral",1,81,FALSE,0.367542273520577,0.484718860299307
"coral",1,82,FALSE,0.534026106056135,0.506412896369364
"coral",1,83,FALSE,0.287129620719111,0.336725423375702
"coral",1,84,FALSE,0.469822015978163,0.413890877416457
"coral",1,85,TRUE,0.399673721481038,0.397754523720209
"coral",1,86,FALSE,0.307496037913213,0.265306182256891
"coral",1,87,TRUE,0.322219294733919,0.382009219018555
"coral",1,88,FALSE,0.247236549506764,0.38387406218178
"coral",1,89,FALSE,0.6232492903979,0.437797707920441
"coral",1,90,TRUE,0.429752280002408,0.454603409400465
"coral",1,91,TRUE,0.566943971856554,0.451888142737713
"coral",1,92,FALSE,0.605951157564873,0.560738614377852
"coral",1,93,FALSE,0.265996370495079,0.535696721265622
"coral",1,94,FALSE,0.555215405126073,0.363291042855393
"coral",1,95,FALSE,0.638489256954637,0.515123066215949
"coral",1,96,FALSE,0.528145078253106,0.55818762594019
"coral",1,97,FALSE,0.430075055551939,0.553407257111547
"coral",1,98,FALSE,0.184549481320698,0.349372467954723
"coral",1,99,FALSE,0.472537053262077,0.524181660904941
"coral",1,100,FALSE,0.60616631460762,0.509900123139561
"coral",1,101,FALSE,0.685553652846326,0.659007925847195
"coral",1,102,TRUE,0.296665190261531,0.587523874481087
"coral",1,103,FALSE,0.491361693834273,0.556628659080034
"coral",1,104,FALSE,0.513217600067939,0.396828845707817
"coral",1,105,TRUE,0.64738297011462,0.504266617420535
"coral",1,106,FALSE,0.491361693834273,0.499608877789061
"coral",1,107,FALSE,0.406028944963615,0.431645076781315
"coral",1,108,FALSE,0.752025387323213,0.53134421381801
"coral",1,109,TRUE,0.6414741105041,0.496918791160108
"coral",1,110,FALSE,0.416307587059883,0.54236933330877
"coral",1,111,FALSE,0.966610986681934,0.709959707467702
"coral",1,112,FALSE,0.188647295999717,0.372147362882284
"coral",1,113,FALSE,0.708335902682263,0.520389341120311
"coral",1,114,FALSE,0.685741738602264,0.820412634396262
"coral",1,115,FALSE,0.559308010907013,0.450897629440543
"coral",1,116,FALSE,0.355259905527378,0.452752632555781
"coral",1,117,FALSE,0.187520720836463,0.348398665436061
"coral",1,118,TRUE,0.569373909615046,0.514179808552782
"coral",1,119,FALSE,0.572523097849638,0.517724581519128
"coral",1,120,FALSE,0.538070787043172,0.526206234907952
"coral",1,121,FALSE,0.374748346010104,0.426967856491938
"coral",1,122,FALSE,0.294686624279443,0.327936701487328
"coral",1,123,FALSE,0.432969290874406,0.44789867571007
"coral",1,124,TRUE,0.320146286111054,0.58505546059816
"coral",1,125,FALSE,0.574262829707027,0.461968487918407
"coral",1,126,FALSE,0.610234175334389,0.594679331193855
"coral",1,127,FALSE,0.173186268412274,0.239860294488507
"coral",1,128,FALSE,0.314499227973151,0.416185751378348
"coral",1,129,FALSE,0.753330221324521,0.501750266228274
"coral",1,130,FALSE,0.338456493604605,0.478564597105231
"coral",1,131,TRUE,0.0253058652647703,0.126211196981332
"coral",1,132,FALSE,0.21045229296202,0.356123682168355
"coral",1,133,FALSE,0.440121603187804,0.471880222603535
"coral",1,134,FALSE,0.761326322421457,0.611670716712978
"coral",1,135,FALSE,0.188084373714938,0.391766245590851
"coral",1,136,FALSE,0.662757831681574,0.414662950627077
"coral",1,137,FALSE,0.409425868671443,0.478479584777242
"coral",1,138,FALSE,0.387389826338729,0.345000524821979
"coral",1,139,FALSE,0.256236533205923,0.387509194313521
"coral",1,140,FALSE,0.381656482585787,0.39781363087145
"coral",1,141,FALSE,0.43568513794163,0.473430558979337
"coral",1,142,FALSE,0.190331698170291,0.4380797254227
"coral",1,143,TRUE,0.123851640967086,0.355972524563681
"coral",1,144,FALSE,0.208978517276253,0.479671486594647
"coral",1,145,TRUE,0.506505032404872,0.487184395080367
"coral",1,146,FALSE,0.390935107103379,0.424454993739182
"coral",1,147,FALSE,0.442479769064449,0.51812287965232
"coral",1,148,FALSE,0.417139409727326,0.424497372934993
"coral",1,149,FALSE,0.260071387985075,0.340055371416665
"coral",1,150,TRUE,0.308777773664721,0.432712737778617
"coral",1,151,FALSE,0.583198773968623,0.388801978660878
"coral",1,152,TRUE,0.456062224454951,0.442829563792501
"coral",1,153,FALSE,0.370698092575577,0.389707666174159
"coral",1,154,FALSE,0.639486489268586,0.622117012448523
"coral",1,155,FALSE,0.777412321496744,0.455578626001863
"coral",1,156,TRUE,0.590284403718162,0.513050382665909
"coral",1,157,FALSE,0.618215503279417,0.534253315539905
"coral",1,158,FALSE,0.224533062606086,0.528195411292199
"coral",1,159,FALSE,0.234010817587179,0.323645398819267
"coral",1,160,FALSE,0.595826777073223,0.444605995545932
"coral",1,161,TRUE,0.612783856719735,0.516982314975346
"coral",1,162,FALSE,0.581266805273671,0.543382392446637
"coral",1,163,FALSE,0.588383768378728,0.58769288597431
"coral",1,164,FALSE,0.108226656374928,0.410799814039505
"coral",1,165,TRUE,0.381115080709851,0.438941152818228
"coral",1,166,FALSE,0.255272505103306,0.567398722150174
"coral",1,167,FALSE,0.680879174426811,0.507061768924576
"coral",1,168,FALSE,0.564784384503987,0.479429129549199
"coral",1,169,TRUE,0.526339277389844,0.355327557807274
"coral",1,170,FALSE,0.294466226161593,0.432436966532269
"coral",1,171,FALSE,0.612783856719735,0.498259326472694
"coral",1,172,FALSE,0.5182506513085,0.556158454886261
"coral",1,173,FALSE,0.442949869577862,0.328356685895048
"coral",1,174,FALSE,0.505149978319906,0.482002754746365
"coral",1,175,FALSE,0.305995882770805,0.425348058257873
"coral",1,176,TRUE,0.612783856719735,0.460306983282883
"coral",1,177,TRUE,0.204119982655925,0.398593517854138
"coral",1,178,FALSE,0.677333151419902,0.488740244063372
"coral",1,179,FALSE,0.345961541813141,0.504432032275482
"coral",1,180,FALSE,0.361160995195026,0.505323327156319
"coral",1,181,TRUE,0.127104798364808,0.159055991708809
"coral",1,182,FALSE,0.514547752660286,0.325101482546927
"coral",1,183,FALSE,0.362350507594848,0.529673241382722
"coral",1,184,FALSE,0.662757831681574,0.491502307103744
"coral",1,185,FALSE,0.313867220369153,0.351160495518573
"coral",1,186,FALSE,0.839666556882433,0.502349000656749
"coral",1,187,FALSE,0.16999753706657,0.376312019605386
"coral",1,188,FALSE,0.129367595722986,0.0816352707019266
"coral",1,189,FALSE,0.36078268987328,0.360508672428223
"coral",1,190,FALSE,0.429106008332697,0.48920127107673
"coral",1,191,FALSE,0.702602841340427,0.543034167396544
"coral",1,192,FALSE,0.571708831808688,0.454664269984375
"coral",1,193,FALSE,0.343920385393226,0.291151195035673
"coral",1,194,FALSE,0.695131297704026,0.516374308177759
"coral",1,195,FALSE,0.629409599102719,0.53713757806106
"coral",1,196,FALSE,0.414973347970818,0.417987133343413
"coral",1,197,FALSE,0.276231957921834,0.383847199980491
"coral",1,198,FALSE,0.531478917042255,0.543975417156406
"coral",1,199,FALSE,0.236789099409293,0.379484537908392
"coral",1,200,FALSE,0.756407872548958,0.70422109282177
"coral",1,201,FALSE,0.718750734739665,0.586450981356746
"coral",1,202,FALSE,0.515211304327802,0.427755946617003
"coral",1,203,TRUE,0.3654879848909,0.376024570098789
"coral",1,204,TRUE,0.344392273685111,0.414111790340996
"coral",1,205,FALSE,0.196728722623287,0.454513223907609
"coral",1,206,FALSE,0.392696953259666,0.258440811536824
"coral",1,207,FALSE,0.365394376854778,0.454332349302226
"coral",1,208,TRUE,0.389166084364532,0.428563563311973
"coral",1,209,FALSE,0.653212513775344,0.458034472644573
"coral",1,210,FALSE,0.440594261839831,0.342578659813644
"coral",1,211,TRUE,0.202215775801131,0.441972242753383
"coral",1,212,FALSE,0.48572142648158,0.364748888568493
"coral",1,213,FALSE,0.244277120801843,0.398637965770047
"coral",1,214,FALSE,0.372727940885595,0.478952983516847
"coral",1,215,FALSE,0.52244423350632,0.516121728134232
"coral",1,216,FALSE,0.257678574869184,0.416008436216362
"coral",1,217,FALSE,0.384353414137506,0.604297984718192
"coral",1,218,FALSE,0.335858911319818,0.427674486103077
"coral",1,219,FALSE,0.555094448578319,0.484024118784909
"coral",1,220,FALSE,0.271841606536499,0.48271955857514
"coral",1,221,FALSE,0.471291711058939,0.451483901374643
"coral",1,222,TRUE,0.294906910605192,0.405869046859611
"coral",1,223,FALSE,0.655138434811382,0.604843321175452
"coral",1,224,FALSE,0.528916700277655,0.483489528738112
"coral",1,225,TRUE,0.237040791379191,0.527804328837038
"coral",1,226,FALSE,0.777426822389311,0.516409666277157
"coral",1,227,TRUE,0.191730393362856,0.482590762059909
"coral",1,228,FALSE,0.239549720840473,0.451638251587551
"coral",1,229,TRUE,0.582404298019028,0.54503060599518
"coral",1,230,TRUE,0.569373909615046,0.335767669740518
"coral",1,231,FALSE,0.334252642334231,0.398407303189172
"coral",1,232,FALSE,0.406369835469268,0.476191119973917
"coral",1,233,FALSE,0.0597526942092988,0.339234615225251
"coral",1,234,TRUE,0.472463896606989,0.507090702625146
"coral",1,235,FALSE,0.666985718329661,0.459475978964017
"coral",1,236,FALSE,0.65417654187796,0.558784333644293
"coral",1,237,FALSE,0.259593878885949,0.486301412187791
"coral",1,238,FALSE,0.527114111639805,0.521238101904976
"coral",1,239,TRUE,0.367169488534681,0.316159415472674
"coral",1,240,TRUE,0.19228861256812,0.241805920396969
"coral",1,241,FALSE,0.478566495593843,0.34513252931713
"coral",1,242,FALSE,0.253580289562183,0.37351340861899
"coral",1,243,FALSE,0.27554168840131,0.370616326591967
"coral",1,244,FALSE,0.532627001228891,0.340826662197096
"coral",1,245,TRUE,0.542451947375977,0.456290230892691
"coral",1,246,FALSE,0.381836799998343,0.427576438284929
"coral",1,247,TRUE,0.511616020569138,0.60961638673546
"coral",1,248,FALSE,0.476831628512261,0.573706962434497
"coral",1,249,FALSE,0.301029995663981,0.488038360729756
"coral",1,250,FALSE,0.325823419002744,0.390992983314129
"coral",1,251,FALSE,0.586024382386976,0.512041244737083
"coral",1,252,FALSE,0.218535505216528,0.267245286453074
"coral",1,253,FALSE,0.0480531731156091,0.195839466459678
"coral",1,254,FALSE,0.378397900948138,0.519712323976942
"coral",1,255,FALSE,0.595275711802099,0.44001431773486
"coral",1,256,FALSE,0.398807730203264,0.504381159710524
"coral",1,257,FALSE,0.456214155357989,0.476934349784136
"coral",1,258,FALSE,0.641126932803509,0.488099465622771
"coral",1,259,FALSE,0.54020429984206,0.376230072033879
"coral",1,260,FALSE,0.0328201494385639,0.13985712944597
"coral",1,261,FALSE,0.434888120867316,0.516305426109514
"coral",1,262,FALSE,0.332034277027518,0.267160589321025
"coral",1,263,FALSE,0.391816923613249,0.677330003553591
"coral",1,264,TRUE,0.347427598618541,0.364791208079753
"coral",1,265,FALSE,0.352182518111362,0.295934772390003
"coral",1,266,TRUE,0.154119525515847,0.158531124846917
"coral",1,267,FALSE,0.591398551281249,0.428836747668024
"coral",1,268,TRUE,0.315970345456918,0.399498182425007
"coral",1,269,FALSE,0.470410490975931,0.438784197111997
"coral",1,270,FALSE,0.826074802700826,0.725803876433409
"coral",1,271,TRUE,0.273232834043046,0.388899084676053
"coral",1,272,FALSE,0.234264124378789,0.41027126880483
"coral",1,273,FALSE,0.504878459410216,0.443712077509784
"coral",1,274,FALSE,0.582744965691277,0.363813637542171
"coral",1,275,FALSE,0.542327382773974,0.464643611803685
"coral",1,276,FALSE,0.657055852857104,0.469357015587557
"coral",1,277,FALSE,0.328379603438738,0.37749439535008
"coral",1,278,FALSE,0.4679039465228,0.239355497389398
"coral",1,279,FALSE,0.331427296520743,0.481734101556319
"coral",1,280,FALSE,0.352664799651101,0.48620658721406
"coral",1,281,FALSE,0.437116093048079,0.317214435792011
"coral",1,282,FALSE,0.325043347403704,0.396169450517989
"coral",1,283,FALSE,0.775319121829478,0.513403253371384
"coral",1,284,FALSE,0.526442668529935,0.287271921717618
"coral",1,285,FALSE,0.682145076373832,0.58306606518179
"coral",1,286,FALSE,0.425534220498263,0.488407104072696
"coral",1,287,FALSE,0.659726095237792,0.508266740823894
"coral",1,288,FALSE,0.672097857935718,0.40864672691418
"coral",1,289,FALSE,0.534026106056135,0.448150784687435
"coral",1,290,FALSE,0.615950051656401,0.535330918512969
"coral",1,291,TRUE,0.262451089730429,0.308400895933158
"coral",2,1,TRUE,0.482873583608754,0.323041663782521
"coral",2,2,TRUE,0.496929648073215,0.510087101506023
"coral",2,3,TRUE,0.623042434246382,0.509416984313661
"coral",2,4,TRUE,0.523746466811564,0.286259910226723
"coral",2,5,TRUE,0.47567118832443,0.443521554168063
"coral",2,6,TRUE,0.0681858617461616,0.201754106655053
"coral",2,7,FALSE,0.469674772551798,0.311630359383551
"coral",2,8,FALSE,0.387389826338729,0.461832758788669
"coral",2,9,FALSE,0.627365856592733,0.402241726776257
"coral",2,10,FALSE,0.591064607026499,0.408955337151118
"coral",2,11,FALSE,0.218220304175545,0.239958298779511
"coral",2,12,TRUE,0.680335513414563,0.426233270065449
"coral",2,13,TRUE,0.680607428991788,0.577540406781059
"coral",2,14,FALSE,0.721810615212547,0.559528373297753
"coral",2,15,TRUE,0.20682587603185,0.255811769835276
"coral",2,16,TRUE,0.582063362911709,0.340467201212463
"coral",2,17,FALSE,0.696094159995223,0.52193291282133
"coral",2,18,TRUE,0.40823996531185,0.338396037144155
"coral",2,19,FALSE,0.433001340945038,0.458151690952624
"coral",2,20,FALSE,0.653212513775344,0.478786588458603
"coral",2,21,FALSE,0.558072259099146,0.436213982153204
"coral",2,22,FALSE,0.261928672990642,0.208943633024613
"coral",2,23,FALSE,0.862727528317975,0.609050165768916
"coral",2,24,TRUE,0.637489729512511,0.570041341476502
"coral",2,25,FALSE,0.504878459410216,0.392506460519077
"coral",2,26,FALSE,0.286995073968852,0.386091623449693
"coral",2,27,TRUE,0.662757831681574,0.468127267715807
"coral",2,28,FALSE,0.524525936626376,0.478505126982658
"coral",2,29,TRUE,0.406540180433955,0.38079062723926
"coral",2,30,FALSE,0.656098202012832,0.489144408874541
"coral",2,31,FALSE,0.517987203025078,0.372830816632103
"coral",2,32,FALSE,0.703119346236078,0.547462527254638
"coral",2,33,FALSE,0.691081492122968,0.534986112260014
"coral",2,34,FALSE,0.0141423615450058,0.41511388649212
"coral",2,35,FALSE,0.733197265106569,0.680253132909962
"coral",2,36,FALSE,0.408070285887185,0.443752591585865
"coral",2,37,FALSE,0.396024896608593,0.434632927460845
"coral",2,38,FALSE,0.398391440229475,0.493883261185118
"coral",2,39,FALSE,0.770852011642144,0.524417982807175
"coral",2,40,TRUE,0.15836249209525,0.353417123307262
"coral",2,41,FALSE,0.625415352154408,0.46133875248001
"coral",2,42,FALSE,0.496334505996816,0.519693045475245
"coral",2,43,FALSE,0.679427896612119,0.626768490555972
"coral",2,44,FALSE,0.610116955411928,0.483590254293831
"coral",2,45,FALSE,0.645913275033844,0.442693103105509
"coral",2,46,FALSE,0.465382851448418,0.47200309376381
"coral",2,47,FALSE,0.569490954348783,0.564836088415554
"coral",2,48,FALSE,0.187520720836463,0.344378536128044
"coral",2,49,FALSE,0.465813957269479,0.49953850350001
"coral",2,50,FALSE,0.231214647962601,0.547549031106542
"coral",2,51,FALSE,0.670802284260944,0.617797305151515
"coral",2,52,FALSE,0.459935016851525,0.516638725863192
"coral",2,53,FALSE,0.287129620719111,0.37130089277898
"coral",2,54,FALSE,0.6232492903979,0.579022526009822
"coral",2,55,FALSE,0.8109042806687,0.648348564903932
"coral",2,56,TRUE,0.354108439147401,-0.108206415963197
"coral",2,57,FALSE,0.129141845792285,0.430804147466264
"coral",2,58,FALSE,0.244969460136198,0.374480793499226
"coral",2,59,FALSE,0.364363354615731,0.409836499328776
"coral",2,60,TRUE,0.334212409393176,0.410777937190365
"coral",2,61,FALSE,0.489677291663699,0.504668809384475
"coral",2,62,FALSE,0.525304009958239,0.472648239614461
"coral",2,63,TRUE,0.406540180433955,0.504760177227874
"coral",2,64,FALSE,0.335457900689384,0.551612819008138
"coral",2,65,FALSE,0.419873175149476,0.489893900514443
"coral",2,66,FALSE,0.397227181043161,0.459012444244534
"coral",2,67,TRUE,0.59659709562646,0.678299625281165
"coral",2,68,FALSE,0.260071387985075,0.445368769605764
"coral",2,69,FALSE,0.489466281303128,0.582985895202253
"coral",2,70,FALSE,0.544018407858776,0.720267273492899
"coral",2,71,TRUE,0.222976449893391,0.387408676606226
"coral",2,72,FALSE,0.665205628434601,0.670237756417392
"coral",2,73,FALSE,0.537819095073274,0.546604646732136
"coral",2,74,FALSE,0.501059262217751,0.537287560752417
"coral",2,75,FALSE,0.415699348887829,0.449883521253719
"coral",2,76,TRUE,0.298853076409707,0.493704182655114
"coral",2,77,TRUE,0.289365951520032,0.339528129375657
"coral",2,78,FALSE,0.497620649781288,0.320130288554687
"coral",2,79,TRUE,0.778151250383644,0.554404494546917
"coral",2,80,TRUE,0.260071387985075,0.449280250867132
"coral",2,81,FALSE,0.367542273520577,0.49427905376659
"coral",2,82,FALSE,0.534026106056135,0.502955901756641
"coral",2,83,FALSE,0.287129620719111,0.317503178623069
"coral",2,84,FALSE,0.469822015978163,0.424962161212865
"coral",2,85,TRUE,0.399673721481038,0.38012452424876
"coral",2,86,FALSE,0.307496037913213,0.263828275750239
"coral",2,87,TRUE,0.322219294733919,0.306968767405968
"coral",2,88,FALSE,0.247236549506764,0.383408770095696
"coral",2,89,FALSE,0.6232492903979,0.484145762987636
"coral",2,90,TRUE,0.429752280002408,0.443913170826186
"coral",2,91,TRUE,0.566943971856554,0.444526526047139
"coral",2,92,FALSE,0.605951157564873,0.580637351340688
"coral",2,93,FALSE,0.265996370495079,0.49294837637871
"coral",2,94,FALSE,0.555215405126073,0.387661229234903
"coral",2,95,FALSE,0.638489256954637,0.503863584111044
"coral",2,96,FALSE,0.528145078253106,0.563065597227545
"coral",2,97,FALSE,0.430075055551939,0.516517936329944
"coral",2,98,FALSE,0.184549481320698,0.348332011856148
"coral",2,99,FALSE,0.472537053262077,0.532871280862366
"coral",2,100,FALSE,0.60616631460762,0.540623548762905
"coral",2,101,FALSE,0.685553652846326,0.548321264301625
"coral",2,102,TRUE,0.296665190261531,0.542730702563971
"coral",2,103,FALSE,0.491361693834273,0.556429617883442
"coral",2,104,FALSE,0.513217600067939,0.377144605120992
"coral",2,105,TRUE,0.64738297011462,0.48425050172634
"coral",2,106,FALSE,0.491361693834273,0.490079010423916
"coral",2,107,FALSE,0.406028944963615,0.385511122727954
"coral",2,108,FALSE,0.752025387323213,0.500811298672112
"coral",2,109,TRUE,0.6414741105041,0.560852688538444
"coral",2,110,FALSE,0.416307587059883,0.555509708917707
"coral",2,111,FALSE,0.966610986681934,0.75592910702602
"coral",2,112,FALSE,0.188647295999717,0.345104992685368
"coral",2,113,FALSE,0.708335902682263,0.511404966616247
"coral",2,114,FALSE,0.685741738602264,0.840704659588098
"coral",2,115,FALSE,0.559308010907013,0.420310563016853
"coral",2,116,FALSE,0.355259905527378,0.426923814516243
"coral",2,117,FALSE,0.187520720836463,0.352168105592994
"coral",2,118,TRUE,0.569373909615046,0.504161603238411
"coral",2,119,FALSE,0.572523097849638,0.529489120675524
"coral",2,120,FALSE,0.538070787043172,0.528733514546482
"coral",2,121,FALSE,0.374748346010104,0.41062038186048
"coral",2,122,FALSE,0.294686624279443,0.320703559446124
"coral",2,123,FALSE,0.432969290874406,0.461590167123894
"coral",2,124,TRUE,0.320146286111054,0.620492533031178
"coral",2,125,FALSE,0.574262829707027,0.459951793175418
"coral",2,126,FALSE,0.610234175334389,0.582937261991104
"coral",2,127,FALSE,0.173186268412274,0.267558305639047
"coral",2,128,FALSE,0.314499227973151,0.433961100113532
"coral",2,129,FALSE,0.753330221324521,0.506402015383702
"coral",2,130,FALSE,0.338456493604605,0.487875580120112
"coral",2,131,TRUE,0.0253058652647703,0.254074579662114
"coral",2,132,FALSE,0.21045229296202,0.340591330568128
"coral",2,133,FALSE,0.440121603187804,0.44998438020011
"coral",2,134,FALSE,0.761326322421457,0.594892420492397
"coral",2,135,FALSE,0.188084373714938,0.448624748269219
"coral",2,136,FALSE,0.662757831681574,0.413302932489791
"coral",2,137,FALSE,0.409425868671443,0.452203971308748
"coral",2,138,FALSE,0.387389826338729,0.298338545526064
"coral",2,139,FALSE,0.256236533205923,0.434846890249423
"coral",2,140,FALSE,0.381656482585787,0.392104884940512
"coral",2,141,FALSE,0.43568513794163,0.480185141745432
"coral",2,142,FALSE,0.190331698170291,0.409016074194155
"coral",2,143,TRUE,0.123851640967086,0.444270471551598
"coral",2,144,FALSE,0.208978517276253,0.460291548453675
"coral",2,145,TRUE,0.506505032404872,0.42974582185181
"coral",2,146,FALSE,0.390935107103379,0.48020905834143
"coral",2,147,FALSE,0.442479769064449,0.486264139225379
"coral",2,148,FALSE,0.417139409727326,0.422942873154396
"coral",2,149,FALSE,0.260071387985075,0.387401526536007
"coral",2,150,TRUE,0.308777773664721,0.430562570899028
"coral",2,151,FALSE,0.583198773968623,0.421749511793398
"coral",2,152,TRUE,0.456062224454951,0.425592676666483
"coral",2,153,FALSE,0.370698092575577,0.349715066258861
"coral",2,154,FALSE,0.639486489268586,0.635499263158178
"coral",2,155,FALSE,0.777412321496744,0.448412240495865
"coral",2,156,TRUE,0.590284403718162,0.492108573173897
"coral",2,157,FALSE,0.618215503279417,0.566648809245939
"coral",2,158,FALSE,0.224533062606086,0.528338178636967
"coral",2,159,FALSE,0.234010817587179,0.331594756436767
"coral",2,160,FALSE,0.595826777073223,0.45682085575438
"coral",2,161,TRUE,0.612783856719735,0.502007146867454
"coral",2,162,FALSE,0.581266805273671,0.566628467667995
"coral",2,163,FALSE,0.588383768378728,0.589286968277612
"coral",2,164,FALSE,0.108226656374928,0.386915059115164
"coral",2,165,TRUE,0.381115080709851,0.446794665460461
"coral",2,166,FALSE,0.255272505103306,0.551631444986344
"coral",2,167,FALSE,0.680879174426811,0.442667959780661
"coral",2,168,FALSE,0.564784384503987,0.49231709849875
"coral",2,169,TRUE,0.526339277389844,0.374925661058884
"coral",2,170,FALSE,0.294466226161593,0.440772402231213
"coral",2,171,FALSE,0.612783856719735,0.484746175538472
"coral",2,172,FALSE,0.5182506513085,0.564082991784778
"coral",2,173,FALSE,0.442949869577862,0.36054509523798
"coral",2,174,FALSE,0.505149978319906,0.48053370440044
"coral",2,175,FALSE,0.305995882770805,0.433043317949262
"coral",2,176,TRUE,0.612783856719735,0.490333124971506
"coral",2,177,TRUE,0.204119982655925,0.457677328553888
"coral",2,178,FALSE,0.677333151419902,0.457438603202978
"coral",2,179,FALSE,0.345961541813141,0.406215846422012
"coral",2,180,FALSE,0.361160995195026,0.484881720138207
"coral",2,181,TRUE,0.127104798364808,0.0631375529479639
"coral",2,182,FALSE,0.514547752660286,0.326952289019381
"coral",2,183,FALSE,0.362350507594848,0.540126521771159
"coral",2,184,FALSE,0.662757831681574,0.48561014675216
"coral",2,185,FALSE,0.313867220369153,0.387501118233963
"coral",2,186,FALSE,0.839666556882433,0.485723188391035
"coral",2,187,FALSE,0.16999753706657,0.363130343833933
"coral",2,188,FALSE,0.129367595722986,0.0396286617067979
"coral",2,189,FALSE,0.36078268987328,0.350429905559815
"coral",2,190,FALSE,0.429106008332697,0.466453377386824
"coral",2,191,FALSE,0.702602841340427,0.553224925622848
"coral",2,192,FALSE,0.571708831808688,0.444723220686687
"coral",2,193,FALSE,0.343920385393226,0.291702234682171
"coral",2,194,FALSE,0.695131297704026,0.51062080972487
"coral",2,195,FALSE,0.629409599102719,0.541023995475536
"coral",2,196,FALSE,0.414973347970818,0.388210197252833
"coral",2,197,FALSE,0.276231957921834,0.394993805292166
"coral",2,198,FALSE,0.531478917042255,0.553452109532793
"coral",2,199,FALSE,0.236789099409293,0.392161038332401
"coral",2,200,FALSE,0.756407872548958,0.745551370715606
"coral",2,201,FALSE,0.718750734739665,0.535692001601729
"coral",2,202,FALSE,0.515211304327802,0.431357230201728
"coral",2,203,TRUE,0.3654879848909,0.383097526101405
"coral",2,204,TRUE,0.344392273685111,0.424147922120727
"coral",2,205,FALSE,0.196728722623287,0.475658148802764
"coral",2,206,FALSE,0.392696953259666,0.328085827138026
"coral",2,207,FALSE,0.365394376854778,0.436075546675334
"coral",2,208,TRUE,0.389166084364532,0.41623919924679
"coral",2,209,FALSE,0.653212513775344,0.470516311921004
"coral",2,210,FALSE,0.440594261839831,0.37999615409656
"coral",2,211,TRUE,0.202215775801131,0.409100940605511
"coral",2,212,FALSE,0.48572142648158,0.393562226390043
"coral",2,213,FALSE,0.244277120801843,0.48721265153912
"coral",2,214,FALSE,0.372727940885595,0.460519401150534
"coral",2,215,FALSE,0.52244423350632,0.516007636885672
"coral",2,216,FALSE,0.257678574869184,0.381397251452872
"coral",2,217,FALSE,0.384353414137506,0.557117468436405
"coral",2,218,FALSE,0.335858911319818,0.46787831033456
"coral",2,219,FALSE,0.555094448578319,0.493259717867182
"coral",2,220,FALSE,0.271841606536499,0.507023322928128
"coral",2,221,FALSE,0.471291711058939,0.412598919436089
"coral",2,222,TRUE,0.294906910605192,0.426130940261876
"coral",2,223,FALSE,0.655138434811382,0.597002542729053
"coral",2,224,FALSE,0.528916700277655,0.45607089568376
"coral",2,225,TRUE,0.237040791379191,0.500619150560319
"coral",2,226,FALSE,0.777426822389311,0.537473765814171
"coral",2,227,TRUE,0.191730393362856,0.457027698673951
"coral",2,228,FALSE,0.239549720840473,0.423592930687386
"coral",2,229,TRUE,0.582404298019028,0.575601258303383
"coral",2,230,TRUE,0.569373909615046,0.348722753940714
"coral",2,231,FALSE,0.334252642334231,0.400860668202056
"coral",2,232,FALSE,0.406369835469268,0.481846074536628
"coral",2,233,FALSE,0.0597526942092988,0.316143393897214
"coral",2,234,TRUE,0.472463896606989,0.51540299506395
"coral",2,235,FALSE,0.666985718329661,0.448664875103032
"coral",2,236,FALSE,0.65417654187796,0.531869181942729
"coral",2,237,FALSE,0.259593878885949,0.485713628373041
"coral",2,238,FALSE,0.527114111639805,0.550498134423295
"coral",2,239,TRUE,0.367169488534681,0.346729122251725
"coral",2,240,TRUE,0.19228861256812,0.266204636629767
"coral",2,241,FALSE,0.478566495593843,0.328235646923295
"coral",2,242,FALSE,0.253580289562183,0.436876451458358
"coral",2,243,FALSE,0.27554168840131,0.364705962037155
"coral",2,244,FALSE,0.532627001228891,0.35289522787795
"coral",2,245,TRUE,0.542451947375977,0.437502708879627
"coral",2,246,FALSE,0.381836799998343,0.407280727981346
"coral",2,247,TRUE,0.511616020569138,0.605089310991929
"coral",2,248,FALSE,0.476831628512261,0.585540858278232
"coral",2,249,FALSE,0.301029995663981,0.483474109255011
"coral",2,250,FALSE,0.325823419002744,0.336788508368482
"coral",2,251,FALSE,0.586024382386976,0.488998387999491
"coral",2,252,FALSE,0.218535505216528,0.223230480351078
"coral",2,253,FALSE,0.0480531731156091,0.243417996685838
"coral",2,254,FALSE,0.378397900948138,0.570031752445366
"coral",2,255,FALSE,0.595275711802099,0.439509116821461
"coral",2,256,FALSE,0.398807730203264,0.484618994852887
"coral",2,257,FALSE,0.456214155357989,0.506073596989642
"coral",2,258,FALSE,0.641126932803509,0.465291380233757
"coral",2,259,FALSE,0.54020429984206,0.340070357884902
"coral",2,260,FALSE,0.0328201494385639,0.203652132090573
"coral",2,261,FALSE,0.434888120867316,0.512882460437672
"coral",2,262,FALSE,0.332034277027518,0.310510496707939
"coral",2,263,FALSE,0.391816923613249,0.688564743063945
"coral",2,264,TRUE,0.347427598618541,0.291718665514504
"coral",2,265,FALSE,0.352182518111362,0.269503132119017
"coral",2,266,TRUE,0.154119525515847,0.117049404462701
"coral",2,267,FALSE,0.591398551281249,0.420879125878367
"coral",2,268,TRUE,0.315970345456918,0.438789175530363
"coral",2,269,FALSE,0.470410490975931,0.433503640423804
"coral",2,270,FALSE,0.826074802700826,0.736314786667128
"coral",2,271,TRUE,0.273232834043046,0.39661185613062
"coral",2,272,FALSE,0.234264124378789,0.381720056456276
"coral",2,273,FALSE,0.504878459410216,0.418438469848033
"coral",2,274,FALSE,0.582744965691277,0.36302470722924
"coral",2,275,FALSE,0.542327382773974,0.497337674828972
"coral",2,276,FALSE,0.657055852857104,0.447417999793149
"coral",2,277,FALSE,0.328379603438738,0.379907107523773
"coral",2,278,FALSE,0.4679039465228,0.25168653588636
"coral",2,279,FALSE,0.331427296520743,0.479486310549534
"coral",2,280,FALSE,0.352664799651101,0.497788727882271
"coral",2,281,FALSE,0.437116093048079,0.266403458779176
"coral",2,282,FALSE,0.325043347403704,0.419766433874031
"coral",2,283,FALSE,0.775319121829478,0.497238877701512
"coral",2,284,FALSE,0.526442668529935,0.346794822342819
"coral",2,285,FALSE,0.682145076373832,0.540334916001143
"coral",2,286,FALSE,0.425534220498263,0.517796006782146
"coral",2,287,FALSE,0.659726095237792,0.47384170494193
"coral",2,288,FALSE,0.672097857935718,0.415957126654924
"coral",2,289,FALSE,0.534026106056135,0.43605247089311
"coral",2,290,FALSE,0.615950051656401,0.517519250438372
"coral",2,291,TRUE,0.262451089730429,0.24227467257301
"coral",3,1,TRUE,0.482873583608754,0.38452629963256
"coral",3,2,TRUE,0.496929648073215,0.539770979040444
"coral",3,3,TRUE,0.623042434246382,0.43881161094246
"coral",3,4,TRUE,0.523746466811564,0.22382937713813
"coral",3,5,TRUE,0.47567118832443,0.470563052915137
"coral",3,6,TRUE,0.0681858617461616,0.227195609163212
"coral",3,7,FALSE,0.469674772551798,0.358098201102734
"coral",3,8,FALSE,0.387389826338729,0.481824489836642
"coral",3,9,FALSE,0.627365856592733,0.427571396764449
"coral",3,10,FALSE,0.591064607026499,0.426021673009812
"coral",3,11,FALSE,0.218220304175545,0.311331173805394
"coral",3,12,TRUE,0.680335513414563,0.41269054179064
"coral",3,13,TRUE,0.680607428991788,0.593180448162389
"coral",3,14,FALSE,0.721810615212547,0.567782431284725
"coral",3,15,TRUE,0.20682587603185,0.348627671920885
"coral",3,16,TRUE,0.582063362911709,0.382151579841885
"coral",3,17,FALSE,0.696094159995223,0.560040920578412
"coral",3,18,TRUE,0.40823996531185,0.313926436590956
"coral",3,19,FALSE,0.433001340945038,0.444852546865327
"coral",3,20,FALSE,0.653212513775344,0.470473957827826
"coral",3,21,FALSE,0.558072259099146,0.435888596873603
"coral",3,22,FALSE,0.261928672990642,0.189829858849958
"coral",3,23,FALSE,0.862727528317975,0.611963508662659
"coral",3,24,TRUE,0.637489729512511,0.563503867572391
"coral",3,25,FALSE,0.504878459410216,0.393527657048235
"coral",3,26,FALSE,0.286995073968852,0.393153477299284
"coral",3,27,TRUE,0.662757831681574,0.490018113510455
"coral",3,28,FALSE,0.524525936626376,0.465531223936047
"coral",3,29,TRUE,0.406540180433955,0.472983660203504
"coral",3,30,FALSE,0.656098202012832,0.526500446129417
"coral",3,31,FALSE,0.517987203025078,0.411585709852573
"coral",3,32,FALSE,0.703119346236078,0.545419579430495
"coral",3,33,FALSE,0.691081492122968,0.541670389358287
"coral",3,34,FALSE,0.0141423615450058,0.379670408548938
"coral",3,35,FALSE,0.733197265106569,0.642910688581121
"coral",3,36,FALSE,0.408070285887185,0.428767000182838
"coral",3,37,FALSE,0.396024896608593,0.480482684560994
"coral",3,38,FALSE,0.398391440229475,0.495342137815039
"coral",3,39,FALSE,0.770852011642144,0.543931135336855
"coral",3,40,TRUE,0.15836249209525,0.378235594811172
"coral",3,41,FALSE,0.625415352154408,0.501565946086903
"coral",3,42,FALSE,0.496334505996816,0.500446018165234
"coral",3,43,FALSE,0.679427896612119,0.579732755633869
"coral",3,44,FALSE,0.610116955411928,0.465335556956497
"coral",3,45,FALSE,0.645913275033844,0.463752260506649
"coral",3,46,FALSE,0.465382851448418,0.437531993601597
"coral",3,47,FALSE,0.569490954348783,0.570677278665539
"coral",3,48,FALSE,0.187520720836463,0.270190506336707
"coral",3,49,FALSE,0.465813957269479,0.476463340864386
"coral",3,50,FALSE,0.231214647962601,0.538539957149197
"coral",3,51,FALSE,0.670802284260944,0.570032018891733
"coral",3,52,FALSE,0.459935016851525,0.542040576437345
"coral",3,53,FALSE,0.287129620719111,0.376609784723782
"coral",3,54,FALSE,0.6232492903979,0.537230583200017
"coral",3,55,FALSE,0.8109042806687,0.660848341930767
"coral",3,56,TRUE,0.354108439147401,0.126996728043681
"coral",3,57,FALSE,0.129141845792285,0.41801319247833
"coral",3,58,FALSE,0.244969460136198,0.38152196496697
"coral",3,59,FALSE,0.364363354615731,0.433640241913105
"coral",3,60,TRUE,0.334212409393176,0.413495771595423
"coral",3,61,FALSE,0.489677291663699,0.516026788036791
"coral",3,62,FALSE,0.525304009958239,0.48696292667546
"coral",3,63,TRUE,0.406540180433955,0.49008708880834
"coral",3,64,FALSE,0.335457900689384,0.561132364841059
"coral",3,65,FALSE,0.419873175149476,0.538835131169825
"coral",3,66,FALSE,0.397227181043161,0.535490334732377
"coral",3,67,TRUE,0.59659709562646,0.694501115330663
"coral",3,68,FALSE,0.260071387985075,0.450895604111958
"coral",3,69,FALSE,0.489466281303128,0.568112707548921
"coral",3,70,FALSE,0.544018407858776,0.683956950075637
"coral",3,71,TRUE,0.222976449893391,0.446304498137323
"coral",3,72,FALSE,0.665205628434601,0.654394682400463
"coral",3,73,FALSE,0.537819095073274,0.570285308401297
"coral",3,74,FALSE,0.501059262217751,0.531188463892483
"coral",3,75,FALSE,0.415699348887829,0.451574024922519
"coral",3,76,TRUE,0.298853076409707,0.485904465818926
"coral",3,77,TRUE,0.289365951520032,0.317764037829294
"coral",3,78,FALSE,0.497620649781288,0.331791458451819
"coral",3,79,TRUE,0.778151250383644,0.49429339401639
"coral",3,80,TRUE,0.260071387985075,0.358430728130313
"coral",3,81,FALSE,0.367542273520577,0.494197190557014
"coral",3,82,FALSE,0.534026106056135,0.455858345375579
"coral",3,83,FALSE,0.287129620719111,0.300669216293747
"coral",3,84,FALSE,0.469822015978163,0.414883014787767
"coral",3,85,TRUE,0.399673721481038,0.425665763370955
"coral",3,86,FALSE,0.307496037913213,0.27573146145973
"coral",3,87,TRUE,0.322219294733919,0.34396756642895
"coral",3,88,FALSE,0.247236549506764,0.386741941324224
"coral",3,89,FALSE,0.6232492903979,0.465874372235532
"coral",3,90,TRUE,0.429752280002408,0.443343859625282
"coral",3,91,TRUE,0.566943971856554,0.412840470348696
"coral",3,92,FALSE,0.605951157564873,0.554032468562355
"coral",3,93,FALSE,0.265996370495079,0.55083809946822
"coral",3,94,FALSE,0.555215405126073,0.393594771484748
"coral",3,95,FALSE,0.638489256954637,0.499483131216053
"coral",3,96,FALSE,0.528145078253106,0.555531234386086
"coral",3,97,FALSE,0.430075055551939,0.558874409250999
"coral",3,98,FALSE,0.184549481320698,0.365529251108216
"coral",3,99,FALSE,0.472537053262077,0.560470040736447
"coral",3,100,FALSE,0.60616631460762,0.523049340154927
"coral",3,101,FALSE,0.685553652846326,0.591579461846449
"coral",3,102,TRUE,0.296665190261531,0.583192597873188
"coral",3,103,FALSE,0.491361693834273,0.574442552333312
"coral",3,104,FALSE,0.513217600067939,0.430394394068949
"coral",3,105,TRUE,0.64738297011462,0.578952031522391
"coral",3,106,FALSE,0.491361693834273,0.509773584664067
"coral",3,107,FALSE,0.406028944963615,0.416646665636493
"coral",3,108,FALSE,0.752025387323213,0.503449239939492
"coral",3,109,TRUE,0.6414741105041,0.496415513748319
"coral",3,110,FALSE,0.416307587059883,0.591341539106295
"coral",3,111,FALSE,0.966610986681934,0.696670720201629
"coral",3,112,FALSE,0.188647295999717,0.336629037152831
"coral",3,113,FALSE,0.708335902682263,0.536429633879223
"coral",3,114,FALSE,0.685741738602264,0.793566702046762
"coral",3,115,FALSE,0.559308010907013,0.439669715627904
"coral",3,116,FALSE,0.355259905527378,0.446876828156806
"coral",3,117,FALSE,0.187520720836463,0.351110502992313
"coral",3,118,TRUE,0.569373909615046,0.486953020064022
"coral",3,119,FALSE,0.572523097849638,0.499356069222577
"coral",3,120,FALSE,0.538070787043172,0.541177934429295
"coral",3,121,FALSE,0.374748346010104,0.379191902062056
"coral",3,122,FALSE,0.294686624279443,0.355469407179792
"coral",3,123,FALSE,0.432969290874406,0.458672596394206
"coral",3,124,TRUE,0.320146286111054,0.600298764064395
"coral",3,125,FALSE,0.574262829707027,0.470555283030995
"coral",3,126,FALSE,0.610234175334389,0.617083112204181
"coral",3,127,FALSE,0.173186268412274,0.216305678647335
"coral",3,128,FALSE,0.314499227973151,0.427218739366179
"coral",3,129,FALSE,0.753330221324521,0.517287739806877
"coral",3,130,FALSE,0.338456493604605,0.467103976012725
"coral",3,131,TRUE,0.0253058652647703,0.0866096060669712
"coral",3,132,FALSE,0.21045229296202,0.392039335136387
"coral",3,133,FALSE,0.440121603187804,0.513391234050418
"coral",3,134,FALSE,0.761326322421457,0.607962739821702
"coral",3,135,FALSE,0.188084373714938,0.398962301022399
"coral",3,136,FALSE,0.662757831681574,0.406112109742438
"coral",3,137,FALSE,0.409425868671443,0.483413772190295
"coral",3,138,FALSE,0.387389826338729,0.307878553834423
"coral",3,139,FALSE,0.256236533205923,0.464621680802542
"coral",3,140,FALSE,0.381656482585787,0.402381402935783
"coral",3,141,FALSE,0.43568513794163,0.501608910666891
"coral",3,142,FALSE,0.190331698170291,0.413378098288306
"coral",3,143,TRUE,0.123851640967086,0.364197286588684
"coral",3,144,FALSE,0.208978517276253,0.487918847409549
"coral",3,145,TRUE,0.506505032404872,0.416288697565348
"coral",3,146,FALSE,0.390935107103379,0.465167336480763
"coral",3,147,FALSE,0.442479769064449,0.512176173227635
"coral",3,148,FALSE,0.417139409727326,0.458345025803761
"coral",3,149,FALSE,0.260071387985075,0.382631147196083
"coral",3,150,TRUE,0.308777773664721,0.31533582533401
"coral",3,151,FALSE,0.583198773968623,0.397252720071306
"coral",3,152,TRUE,0.456062224454951,0.415403406598767
"coral",3,153,FALSE,0.370698092575577,0.356680296996868
"coral",3,154,FALSE,0.639486489268586,0.641476942392349
"coral",3,155,FALSE,0.777412321496744,0.460840019313657
"coral",3,156,TRUE,0.590284403718162,0.486123962356187
"coral",3,157,FALSE,0.618215503279417,0.569068478659032
"coral",3,158,FALSE,0.224533062606086,0.501517337292501
"coral",3,159,FALSE,0.234010817587179,0.303197637142215
"coral",3,160,FALSE,0.595826777073223,0.441118123976947
"coral",3,161,TRUE,0.612783856719735,0.542577956533067
"coral",3,162,FALSE,0.581266805273671,0.55446668947088
"coral",3,163,FALSE,0.588383768378728,0.590794856687684
"coral",3,164,FALSE,0.108226656374928,0.382184257997028
"coral",3,165,TRUE,0.381115080709851,0.499445707559292
"coral",3,166,FALSE,0.255272505103306,0.522763297194126
"coral",3,167,FALSE,0.680879174426811,0.485486371293598
"coral",3,168,FALSE,0.564784384503987,0.493932893449215
"coral",3,169,TRUE,0.526339277389844,0.346943654100248
"coral",3,170,FALSE,0.294466226161593,0.4126406699628
"coral",3,171,FALSE,0.612783856719735,0.462476493941313
"coral",3,172,FALSE,0.5182506513085,0.555306351466604
"coral",3,173,FALSE,0.442949869577862,0.350233909818893
"coral",3,174,FALSE,0.505149978319906,0.482598114441423
"coral",3,175,FALSE,0.305995882770805,0.40340232633568
"coral",3,176,TRUE,0.612783856719735,0.495488891897425
"coral",3,177,TRUE,0.204119982655925,0.428907716551737
"coral",3,178,FALSE,0.677333151419902,0.495261061475637
"coral",3,179,FALSE,0.345961541813141,0.475987019489166
"coral",3,180,FALSE,0.361160995195026,0.473268893230574
"coral",3,181,TRUE,0.127104798364808,0.1189469485278
"coral",3,182,FALSE,0.514547752660286,0.308802159665366
"coral",3,183,FALSE,0.362350507594848,0.497319154755077
"coral",3,184,FALSE,0.662757831681574,0.45190009882017
"coral",3,185,FALSE,0.313867220369153,0.397360890415057
"coral",3,186,FALSE,0.839666556882433,0.457725257782461
"coral",3,187,FALSE,0.16999753706657,0.371478132794033
"coral",3,188,FALSE,0.129367595722986,0.0465334003639475
"coral",3,189,FALSE,0.36078268987328,0.364147610730163
"coral",3,190,FALSE,0.429106008332697,0.495738666124456
"coral",3,191,FALSE,0.702602841340427,0.56966644894372
"coral",3,192,FALSE,0.571708831808688,0.453873535751588
"coral",3,193,FALSE,0.343920385393226,0.316610940681074
"coral",3,194,FALSE,0.695131297704026,0.526014932348822
"coral",3,195,FALSE,0.629409599102719,0.53618521692731
"coral",3,196,FALSE,0.414973347970818,0.402109015316568
"coral",3,197,FALSE,0.276231957921834,0.370216081538623
"coral",3,198,FALSE,0.531478917042255,0.521058098408229
"coral",3,199,FALSE,0.236789099409293,0.386952475726619
"coral",3,200,FALSE,0.756407872548958,0.70997439666847
"coral",3,201,FALSE,0.718750734739665,0.529500115867441
"coral",3,202,FALSE,0.515211304327802,0.428356114517499
"coral",3,203,TRUE,0.3654879848909,0.327944652075772
"coral",3,204,TRUE,0.344392273685111,0.448229588266429
"coral",3,205,FALSE,0.196728722623287,0.480287750108277
"coral",3,206,FALSE,0.392696953259666,0.273430136612976
"coral",3,207,FALSE,0.365394376854778,0.437281927551846
"coral",3,208,TRUE,0.389166084364532,0.400843310022254
"coral",3,209,FALSE,0.653212513775344,0.489219879400337
"coral",3,210,FALSE,0.440594261839831,0.400226444091826
"coral",3,211,TRUE,0.202215775801131,0.437693049394443
"coral",3,212,FALSE,0.48572142648158,0.405935429403639
"coral",3,213,FALSE,0.244277120801843,0.50598146260254
"coral",3,214,FALSE,0.372727940885595,0.536302442660066
"coral",3,215,FALSE,0.52244423350632,0.489692886942388
"coral",3,216,FALSE,0.257678574869184,0.421500281327997
"coral",3,217,FALSE,0.384353414137506,0.589203980258039
"coral",3,218,FALSE,0.335858911319818,0.462943152858255
"coral",3,219,FALSE,0.555094448578319,0.485676261223717
"coral",3,220,FALSE,0.271841606536499,0.463921537555302
"coral",3,221,FALSE,0.471291711058939,0.427414064650075
"coral",3,222,TRUE,0.294906910605192,0.366264339255414
"coral",3,223,FALSE,0.655138434811382,0.572880538800765
"coral",3,224,FALSE,0.528916700277655,0.515525338758361
"coral",3,225,TRUE,0.237040791379191,0.512776714268774
"coral",3,226,FALSE,0.777426822389311,0.518989488969391
"coral",3,227,TRUE,0.191730393362856,0.462097583666474
"coral",3,228,FALSE,0.239549720840473,0.423520521648555
"coral",3,229,TRUE,0.582404298019028,0.63841812339449
"coral",3,230,TRUE,0.569373909615046,0.310785925345851
"coral",3,231,FALSE,0.334252642334231,0.374573269441177
"coral",3,232,FALSE,0.406369835469268,0.487633839275842
"coral",3,233,FALSE,0.0597526942092988,0.322255985784782
"coral",3,234,TRUE,0.472463896606989,0.501010205271602
"coral",3,235,FALSE,0.666985718329661,0.4545526988094
"coral",3,236,FALSE,0.65417654187796,0.557373695245426
"coral",3,237,FALSE,0.259593878885949,0.483077371542702
"coral",3,238,FALSE,0.527114111639805,0.526042077892444
"coral",3,239,TRUE,0.367169488534681,0.358998698857951
"coral",3,240,TRUE,0.19228861256812,0.218054335887877
"coral",3,241,FALSE,0.478566495593843,0.325273933882208
"coral",3,242,FALSE,0.253580289562183,0.392408301046352
"coral",3,243,FALSE,0.27554168840131,0.368122678003527
"coral",3,244,FALSE,0.532627001228891,0.412315285648096
"coral",3,245,TRUE,0.542451947375977,0.43153055528208
"coral",3,246,FALSE,0.381836799998343,0.413982141131543
"coral",3,247,TRUE,0.511616020569138,0.618014079025963
"coral",3,248,FALSE,0.476831628512261,0.588566673042197
"coral",3,249,FALSE,0.301029995663981,0.487851235826004
"coral",3,250,FALSE,0.325823419002744,0.368754682768998
"coral",3,251,FALSE,0.586024382386976,0.510209997341118
"coral",3,252,FALSE,0.218535505216528,0.258103743680431
"coral",3,253,FALSE,0.0480531731156091,0.226671082670088
"coral",3,254,FALSE,0.378397900948138,0.558733726860939
"coral",3,255,FALSE,0.595275711802099,0.396675779659348
"coral",3,256,FALSE,0.398807730203264,0.466937668715052
"coral",3,257,FALSE,0.456214155357989,0.489194017779736
"coral",3,258,FALSE,0.641126932803509,0.467433120843682
"coral",3,259,FALSE,0.54020429984206,0.331870583909146
"coral",3,260,FALSE,0.0328201494385639,0.166879029392504
"coral",3,261,FALSE,0.434888120867316,0.501057532521916
"coral",3,262,FALSE,0.332034277027518,0.251210556215824
"coral",3,263,FALSE,0.391816923613249,0.690991855385446
"coral",3,264,TRUE,0.347427598618541,0.339557609616664
"coral",3,265,FALSE,0.352182518111362,0.28295929107262
"coral",3,266,TRUE,0.154119525515847,0.186514268247083
"coral",3,267,FALSE,0.591398551281249,0.431064755677413
"coral",3,268,TRUE,0.315970345456918,0.441407876927633
"coral",3,269,FALSE,0.470410490975931,0.436737838561451
"coral",3,270,FALSE,0.826074802700826,0.759021958112144
"coral",3,271,TRUE,0.273232834043046,0.412581567324919
"coral",3,272,FALSE,0.234264124378789,0.403217446530697
"coral",3,273,FALSE,0.504878459410216,0.472219560444789
"coral",3,274,FALSE,0.582744965691277,0.385939241118269
"coral",3,275,FALSE,0.542327382773974,0.46832030878523
"coral",3,276,FALSE,0.657055852857104,0.463864385560712
"coral",3,277,FALSE,0.328379603438738,0.353951450847398
"coral",3,278,FALSE,0.4679039465228,0.285576464121282
"coral",3,279,FALSE,0.331427296520743,0.485913853010055
"coral",3,280,FALSE,0.352664799651101,0.471126467226873
"coral",3,281,FALSE,0.437116093048079,0.317444428956643
"coral",3,282,FALSE,0.325043347403704,0.394222644978454
"coral",3,283,FALSE,0.775319121829478,0.511997894016045
"coral",3,284,FALSE,0.526442668529935,0.293373265000143
"coral",3,285,FALSE,0.682145076373832,0.553300923295566
"coral",3,286,FALSE,0.425534220498263,0.494526262000515
"coral",3,287,FALSE,0.659726095237792,0.490955701773496
"coral",3,288,FALSE,0.672097857935718,0.404418935017638
"coral",3,289,FALSE,0.534026106056135,0.459643852832376
"coral",3,290,FALSE,0.615950051656401,0.537228305751654
"coral",3,291,TRUE,0.262451089730429,0.28129888438274
"dm_coral",1,1,TRUE,0.482873583608754,0.343780743347624
"dm_coral",1,2,TRUE,0.496929648073215,0.479795992294123
"dm_coral",1,3,TRUE,0.623042434246382,0.483843158414792
"dm_coral",1,4,TRUE,0.523746466811564,0.284147148276576
"dm_coral",1,5,TRUE,0.47567118832443,0.429128235042805
"dm_coral",1,6,TRUE,0.0681858617461616,0.336980293387596
"dm_coral",1,7,FALSE,0.469674772551798,0.364717117495771
"dm_coral",1,8,FALSE,0.387389826338729,0.496989068094526
"dm_coral",1,9,FALSE,0.627365856592733,0.40815016134126
"dm_coral",1,10,FALSE,0.591064607026499,0.433856079738664
"dm_coral",1,11,FALSE,0.218220304175545,0.213527746518166
"dm_coral",1,12,TRUE,0.680335513414563,0.437098919969975
"dm_coral",1,13,TRUE,0.680607428991788,0.55142148213682
"dm_coral",1,14,FALSE,0.721810615212547,0.566253077720985
"dm_coral",1,15,TRUE,0.20682587603185,0.328666456794353
"dm_coral",1,16,TRUE,0.582063362911709,0.422224707375306
"dm_coral",1,17,FALSE,0.696094159995223,0.562628308110143
"dm_coral",1,18,TRUE,0.40823996531185,0.339050488227469
"dm_coral",1,19,FALSE,0.433001340945038,0.460159246052692
"dm_coral",1,20,FALSE,0.653212513775344,0.484044062827201
"dm_coral",1,21,FALSE,0.558072259099146,0.453152337973178
"dm_coral",1,22,FALSE,0.261928672990642,0.238540125413984
"dm_coral",1,23,FALSE,0.862727528317975,0.648289296250402
"dm_coral",1,24,TRUE,0.637489729512511,0.547162491712557
"dm_coral",1,25,FALSE,0.504878459410216,0.365372438494651
"dm_coral",1,26,FALSE,0.286995073968852,0.403677091756866
"dm_coral",1,27,TRUE,0.662757831681574,0.460246502079589
"dm_coral",1,28,FALSE,0.524525936626376,0.48862942319105
"dm_coral",1,29,TRUE,0.406540180433955,0.438598447135841
"dm_coral",1,30,FALSE,0.656098202012832,0.554153950553514
"dm_coral",1,31,FALSE,0.517987203025078,0.370398013925162
"dm_coral",1,32,FALSE,0.703119346236078,0.576205144528981
"dm_coral",1,33,FALSE,0.691081492122968,0.513042283641859
"dm_coral",1,34,FALSE,0.0141423615450058,0.378542142156095
"dm_coral",1,35,FALSE,0.733197265106569,0.688110615045768
"dm_coral",1,36,FALSE,0.408070285887185,0.4293856048422
"dm_coral",1,37,FALSE,0.396024896608593,0.41552406193593
"dm_coral",1,38,FALSE,0.398391440229475,0.483760592427713
"dm_coral",1,39,FALSE,0.770852011642144,0.534442943845732
"dm_coral",1,40,TRUE,0.15836249209525,0.356611791465339
"dm_coral",1,41,FALSE,0.625415352154408,0.480533301331507
"dm_coral",1,42,FALSE,0.496334505996816,0.485886554063025
"dm_coral",1,43,FALSE,0.679427896612119,0.607788132202151
"dm_coral",1,44,FALSE,0.610116955411928,0.495144025771026
"dm_coral",1,45,FALSE,0.645913275033844,0.471936341566975
"dm_coral",1,46,FALSE,0.465382851448418,0.438399804563212
"dm_coral",1,47,FALSE,0.569490954348783,0.560198886749733
"dm_coral",1,48,FALSE,0.187520720836463,0.297148635354584
"dm_coral",1,49,FALSE,0.465813957269479,0.494832404528261
"dm_coral",1,50,FALSE,0.231214647962601,0.528258424642938
"dm_coral",1,51,FALSE,0.670802284260944,0.605160365980619
"dm_coral",1,52,FALSE,0.459935016851525,0.52013027961766
"dm_coral",1,53,FALSE,0.287129620719111,0.379968275225584
"dm_coral",1,54,FALSE,0.6232492903979,0.482297574878795
"dm_coral",1,55,FALSE,0.8109042806687,0.661408528712054
"dm_coral",1,56,TRUE,0.354108439147401,-0.21576849349396
"dm_coral",1,57,FALSE,0.129141845792285,0.417760389766634
"dm_coral",1,58,FALSE,0.244969460136198,0.382031929617776
"dm_coral",1,59,FALSE,0.364363354615731,0.426388760574048
"dm_coral",1,60,TRUE,0.334212409393176,0.414220216399498
"dm_coral",1,61,FALSE,0.489677291663699,0.541321128464577
"dm_coral",1,62,FALSE,0.525304009958239,0.510810579302005
"dm_coral",1,63,TRUE,0.406540180433955,0.433588652046223
"dm_coral",1,64,FALSE,0.335457900689384,0.55478471959137
"dm_coral",1,65,FALSE,0.419873175149476,0.514973859256671
"dm_coral",1,66,FALSE,0.397227181043161,0.515482984969044
"dm_coral",1,67,TRUE,0.59659709562646,0.59598265139108
"dm_coral",1,68,FALSE,0.260071387985075,0.4665813948643
"dm_coral",1,69,FALSE,0.489466281303128,0.576132625474568
"dm_coral",1,70,FALSE,0.544018407858776,0.677648798942168
"dm_coral",1,71,TRUE,0.222976449893391,0.472080254892174
"dm_coral",1,72,FALSE,0.665205628434601,0.625455013775972
"dm_coral",1,73,FALSE,0.537819095073274,0.585485607201401
"dm_coral",1,74,FALSE,0.501059262217751,0.540257197147905
"dm_coral",1,75,FALSE,0.415699348887829,0.478169546719398
"dm_coral",1,76,TRUE,0.298853076409707,0.486351069450925
"dm_coral",1,77,TRUE,0.289365951520032,0.324186522537975
"dm_coral",1,78,FALSE,0.497620649781288,0.321052479139794
"dm_coral",1,79,TRUE,0.778151250383644,0.564391087518486
"dm_coral",1,80,TRUE,0.260071387985075,0.341058148110672
"dm_coral",1,81,FALSE,0.367542273520577,0.493945926142919
"dm_coral",1,82,FALSE,0.534026106056135,0.50579320747326
"dm_coral",1,83,FALSE,0.287129620719111,0.309911228870152
"dm_coral",1,84,FALSE,0.469822015978163,0.400276457341879
"dm_coral",1,85,TRUE,0.399673721481038,0.448756505399015
"dm_coral",1,86,FALSE,0.307496037913213,0.259546644047861
"dm_coral",1,87,TRUE,0.322219294733919,0.411893596360219
"dm_coral",1,88,FALSE,0.247236549506764,0.384400704124354
"dm_coral",1,89,FALSE,0.6232492903979,0.433255515234943
"dm_coral",1,90,TRUE,0.429752280002408,0.488351809690173
"dm_coral",1,91,TRUE,0.566943971856554,0.492375567257378
"dm_coral",1,92,FALSE,0.605951157564873,0.541034320541625
"dm_coral",1,93,FALSE,0.265996370495079,0.532027910421126
"dm_coral",1,94,FALSE,0.555215405126073,0.368561209605615
"dm_coral",1,95,FALSE,0.638489256954637,0.50224788782624
"dm_coral",1,96,FALSE,0.528145078253106,0.54929680673182
"dm_coral",1,97,FALSE,0.430075055551939,0.547297048981802
"dm_coral",1,98,FALSE,0.184549481320698,0.362558631287987
"dm_coral",1,99,FALSE,0.472537053262077,0.522929205823036
"dm_coral",1,100,FALSE,0.60616631460762,0.505829749767141
"dm_coral",1,101,FALSE,0.685553652846326,0.665689511639862
"dm_coral",1,102,TRUE,0.296665190261531,0.584891722974881
"dm_coral",1,103,FALSE,0.491361693834273,0.536604120857973
"dm_coral",1,104,FALSE,0.513217600067939,0.39828374074856
"dm_coral",1,105,TRUE,0.64738297011462,0.527816288728196
"dm_coral",1,106,FALSE,0.491361693834273,0.504430497761199
"dm_coral",1,107,FALSE,0.406028944963615,0.436099198699451
"dm_coral",1,108,FALSE,0.752025387323213,0.524115878147679
"dm_coral",1,109,TRUE,0.6414741105041,0.411299966471246
"dm_coral",1,110,FALSE,0.416307587059883,0.554164498669987
"dm_coral",1,111,FALSE,0.966610986681934,0.729119302073885
"dm_coral",1,112,FALSE,0.188647295999717,0.374764087888087
"dm_coral",1,113,FALSE,0.708335902682263,0.526056979687096
"dm_coral",1,114,FALSE,0.685741738602264,0.820294513704391
"dm_coral",1,115,FALSE,0.559308010907013,0.432653410934624
"dm_coral",1,116,FALSE,0.355259905527378,0.447910841864802
"dm_coral",1,117,FALSE,0.187520720836463,0.337660131450532
"dm_coral",1,118,TRUE,0.569373909615046,0.556858384397655
"dm_coral",1,119,FALSE,0.572523097849638,0.509014998040817
"dm_coral",1,120,FALSE,0.538070787043172,0.52358317888797
"dm_coral",1,121,FALSE,0.374748346010104,0.423892348231871
"dm_coral",1,122,FALSE,0.294686624279443,0.316409716911768
"dm_coral",1,123,FALSE,0.432969290874406,0.456204223808733
"dm_coral",1,124,TRUE,0.320146286111054,0.539875432383576
"dm_coral",1,125,FALSE,0.574262829707027,0.464837427451271
"dm_coral",1,126,FALSE,0.610234175334389,0.601161968649042
"dm_coral",1,127,FALSE,0.173186268412274,0.215838492031957
"dm_coral",1,128,FALSE,0.314499227973151,0.41842619741214
"dm_coral",1,129,FALSE,0.753330221324521,0.497405480008793
"dm_coral",1,130,FALSE,0.338456493604605,0.473541252529695
"dm_coral",1,131,TRUE,0.0253058652647703,-0.0206096206153102
"dm_coral",1,132,FALSE,0.21045229296202,0.35632110828299
"dm_coral",1,133,FALSE,0.440121603187804,0.455189602432635
"dm_coral",1,134,FALSE,0.761326322421457,0.617032505537024
"dm_coral",1,135,FALSE,0.188084373714938,0.374075826547951
"dm_coral",1,136,FALSE,0.662757831681574,0.414278002413093
"dm_coral",1,137,FALSE,0.409425868671443,0.470744752165775
"dm_coral",1,138,FALSE,0.387389826338729,0.356934491827419
"dm_coral",1,139,FALSE,0.256236533205923,0.371119593729401
"dm_coral",1,140,FALSE,0.381656482585787,0.425425141679954
"dm_coral",1,141,FALSE,0.43568513794163,0.458364835854756
"dm_coral",1,142,FALSE,0.190331698170291,0.449666203865984
"dm_coral",1,143,TRUE,0.123851640967086,0.119907635409443
"dm_coral",1,144,FALSE,0.208978517276253,0.469976464193489
"dm_coral",1,145,TRUE,0.506505032404872,0.538559064671198
"dm_coral",1,146,FALSE,0.390935107103379,0.409874378068652
"dm_coral",1,147,FALSE,0.442479769064449,0.524531440242201
"dm_coral",1,148,FALSE,0.417139409727326,0.428096311614946
"dm_coral",1,149,FALSE,0.260071387985075,0.34582737013876
"dm_coral",1,150,TRUE,0.308777773664721,0.353915187151826
"dm_coral",1,151,FALSE,0.583198773968623,0.379228668632749
"dm_coral",1,152,TRUE,0.456062224454951,0.491913865426989
"dm_coral",1,153,FALSE,0.370698092575577,0.395993455087292
"dm_coral",1,154,FALSE,0.639486489268586,0.633501034038702
"dm_coral",1,155,FALSE,0.777412321496744,0.441069399822493
"dm_coral",1,156,TRUE,0.590284403718162,0.519089842421791
"dm_coral",1,157,FALSE,0.618215503279417,0.524960807930748
"dm_coral",1,158,FALSE,0.224533062606086,0.495255509661761
"dm_coral",1,159,FALSE,0.234010817587179,0.322302959301365
"dm_coral",1,160,FALSE,0.595826777073223,0.445250926272458
"dm_coral",1,161,TRUE,0.612783856719735,0.459712248237745
"dm_coral",1,162,FALSE,0.581266805273671,0.550009829045551
"dm_coral",1,163,FALSE,0.588383768378728,0.582739047482815
"dm_coral",1,164,FALSE,0.108226656374928,0.424896464648516
"dm_coral",1,165,TRUE,0.381115080709851,0.48506770397653
"dm_coral",1,166,FALSE,0.255272505103306,0.56711681082345
"dm_coral",1,167,FALSE,0.680879174426811,0.510865657910465
"dm_coral",1,168,FALSE,0.564784384503987,0.483394649579463
"dm_coral",1,169,TRUE,0.526339277389844,0.351836558601687
"dm_coral",1,170,FALSE,0.294466226161593,0.428948260175905
"dm_coral",1,171,FALSE,0.612783856719735,0.502459780764048
"dm_coral",1,172,FALSE,0.5182506513085,0.560363042593773
"dm_coral",1,173,FALSE,0.442949869577862,0.329546693484842
"dm_coral",1,174,FALSE,0.505149978319906,0.474075345803891
"dm_coral",1,175,FALSE,0.305995882770805,0.437622393798375
"dm_coral",1,176,TRUE,0.612783856719735,0.442080377199748
"dm_coral",1,177,TRUE,0.204119982655925,0.431621108197704
"dm_coral",1,178,FALSE,0.677333151419902,0.452111421474701
"dm_coral",1,179,FALSE,0.345961541813141,0.52398079326951
"dm_coral",1,180,FALSE,0.361160995195026,0.496746377625979
"dm_coral",1,181,TRUE,0.127104798364808,0.142515756462041
"dm_coral",1,182,FALSE,0.514547752660286,0.320798713834219
"dm_coral",1,183,FALSE,0.362350507594848,0.526763618228779
"dm_coral",1,184,FALSE,0.662757831681574,0.487438930209774
"dm_coral",1,185,FALSE,0.313867220369153,0.363343094685547
"dm_coral",1,186,FALSE,0.839666556882433,0.489585285305743
"dm_coral",1,187,FALSE,0.16999753706657,0.36669453357902
"dm_coral",1,188,FALSE,0.129367595722986,0.0605231827836017
"dm_coral",1,189,FALSE,0.36078268987328,0.357883135251526
"dm_coral",1,190,FALSE,0.429106008332697,0.482111841821075
"dm_coral",1,191,FALSE,0.702602841340427,0.544777934631579
"dm_coral",1,192,FALSE,0.571708831808688,0.4562922957583
"dm_coral",1,193,FALSE,0.343920385393226,0.28987517819475
"dm_coral",1,194,FALSE,0.695131297704026,0.515075720035469
"dm_coral",1,195,FALSE,0.629409599102719,0.538301394312005
"dm_coral",1,196,FALSE,0.414973347970818,0.421147590023984
"dm_coral",1,197,FALSE,0.276231957921834,0.37459735260192
"dm_coral",1,198,FALSE,0.531478917042255,0.529106425320792
"dm_coral",1,199,FALSE,0.236789099409293,0.36913931260697
"dm_coral",1,200,FALSE,0.756407872548958,0.713832324731324
"dm_coral",1,201,FALSE,0.718750734739665,0.573668764729332
"dm_coral",1,202,FALSE,0.515211304327802,0.42752558048784
"dm_coral",1,203,TRUE,0.3654879848909,0.375734055380539
"dm_coral",1,204,TRUE,0.344392273685111,0.43517569738725
"dm_coral",1,205,FALSE,0.196728722623287,0.432684739244192
"dm_coral",1,206,FALSE,0.392696953259666,0.280602383050781
"dm_coral",1,207,FALSE,0.365394376854778,0.437324156286198
"dm_coral",1,208,TRUE,0.389166084364532,0.440294632222692
"dm_coral",1,209,FALSE,0.653212513775344,0.447522334967278
"dm_coral",1,210,FALSE,0.440594261839831,0.35963163949119
"dm_coral",1,211,TRUE,0.202215775801131,0.424841623219426
"dm_coral",1,212,FALSE,0.48572142648158,0.361782124817619
"dm_coral",1,213,FALSE,0.244277120801843,0.395916498584144
"dm_coral",1,214,FALSE,0.372727940885595,0.488623277198492
"dm_coral",1,215,FALSE,0.52244423350632,0.502734677833684
"dm_coral",1,216,FALSE,0.257678574869184,0.410918942148203
"dm_coral",1,217,FALSE,0.384353414137506,0.595148032658991
"dm_coral",1,218,FALSE,0.335858911319818,0.424273500475285
"dm_coral",1,219,FALSE,0.555094448578319,0.482642536953393
"dm_coral",1,220,FALSE,0.271841606536499,0.469561466051805
"dm_coral",1,221,FALSE,0.471291711058939,0.457731824962359
"dm_coral",1,222,TRUE,0.294906910605192,0.450034235800898
"dm_coral",1,223,FALSE,0.655138434811382,0.600541429079474
"dm_coral",1,224,FALSE,0.528916700277655,0.49801138472706
"dm_coral",1,225,TRUE,0.237040791379191,0.512320633412217
"dm_coral",1,226,FALSE,0.777426822389311,0.508684694264337
"dm_coral",1,227,TRUE,0.191730393362856,0.517784215715052
"dm_coral",1,228,FALSE,0.239549720840473,0.447912989997366
"dm_coral",1,229,TRUE,0.582404298019028,0.57779246093369
"dm_coral",1,230,TRUE,0.569373909615046,0.36872762131254
"dm_coral",1,231,FALSE,0.334252642334231,0.42036898740504
"dm_coral",1,232,FALSE,0.406369835469268,0.464777652559906
"dm_coral",1,233,FALSE,0.0597526942092988,0.341331646215893
"dm_coral",1,234,TRUE,0.472463896606989,0.497600659591891
"dm_coral",1,235,FALSE,0.666985718329661,0.457169408494719
"dm_coral",1,236,FALSE,0.65417654187796,0.539334995602086
"dm_coral",1,237,FALSE,0.259593878885949,0.483745093687125
"dm_coral",1,238,FALSE,0.527114111639805,0.539736806933931
"dm_coral",1,239,TRUE,0.367169488534681,0.324889552013583
"dm_coral",1,240,TRUE,0.19228861256812,0.256206218524787
"dm_coral",1,241,FALSE,0.478566495593843,0.333674809036293
"dm_coral",1,242,FALSE,0.253580289562183,0.365746310581663
"dm_coral",1,243,FALSE,0.27554168840131,0.379755145438153
"dm_coral",1,244,FALSE,0.532627001228891,0.33211879488812
"dm_coral",1,245,TRUE,0.542451947375977,0.451921843030474
"dm_coral",1,246,FALSE,0.381836799998343,0.425496956515395
"dm_coral",1,247,TRUE,0.511616020569138,0.589782928262898
"dm_coral",1,248,FALSE,0.476831628512261,0.567728681427363
"dm_coral",1,249,FALSE,0.301029995663981,0.469811308443413
"dm_coral",1,250,FALSE,0.325823419002744,0.380818780619244
"dm_coral",1,251,FALSE,0.586024382386976,0.508031558221821
"dm_coral",1,252,FALSE,0.218535505216528,0.24458979751384
"dm_coral",1,253,FALSE,0.0480531731156091,0.190388791216014
"dm_coral",1,254,FALSE,0.378397900948138,0.536300100170291
"dm_coral",1,255,FALSE,0.595275711802099,0.446839716794712
"dm_coral",1,256,FALSE,0.398807730203264,0.483578079462159
"dm_coral",1,257,FALSE,0.456214155357989,0.50747393950735
"dm_coral",1,258,FALSE,0.641126932803509,0.48754966553033
"dm_coral",1,259,FALSE,0.54020429984206,0.357938685411971
"dm_coral",1,260,FALSE,0.0328201494385639,0.165172985781648
"dm_coral",1,261,FALSE,0.434888120867316,0.503414678480883
"dm_coral",1,262,FALSE,0.332034277027518,0.307692709590142
"dm_coral",1,263,FALSE,0.391816923613249,0.664452773729286
"dm_coral",1,264,TRUE,0.347427598618541,0.358792203240637
"dm_coral",1,265,FALSE,0.352182518111362,0.302487327891096
"dm_coral",1,266,TRUE,0.154119525515847,0.0465471081917285
"dm_coral",1,267,FALSE,0.591398551281249,0.410763968164675
"dm_coral",1,268,TRUE,0.315970345456918,0.412345127105053
"dm_coral",1,269,FALSE,0.470410490975931,0.442558894698712
"dm_coral",1,270,FALSE,0.826074802700826,0.686554148362756
"dm_coral",1,271,TRUE,0.273232834043046,0.369778093963345
"dm_coral",1,272,FALSE,0.234264124378789,0.408676730608023
"dm_coral",1,273,FALSE,0.504878459410216,0.431517978815583
"dm_coral",1,274,FALSE,0.582744965691277,0.351016337962164
"dm_coral",1,275,FALSE,0.542327382773974,0.440733832528112
"dm_coral",1,276,FALSE,0.657055852857104,0.464451585918102
"dm_coral",1,277,FALSE,0.328379603438738,0.384226367030568
"dm_coral",1,278,FALSE,0.4679039465228,0.242708184305856
"dm_coral",1,279,FALSE,0.331427296520743,0.505138230316833
"dm_coral",1,280,FALSE,0.352664799651101,0.50170143511871
"dm_coral",1,281,FALSE,0.437116093048079,0.326735368742259
"dm_coral",1,282,FALSE,0.325043347403704,0.381018779316205
"dm_coral",1,283,FALSE,0.775319121829478,0.519974005683635
"dm_coral",1,284,FALSE,0.526442668529935,0.305213710602832
"dm_coral",1,285,FALSE,0.682145076373832,0.570839706331089
"dm_coral",1,286,FALSE,0.425534220498263,0.478630870210521
"dm_coral",1,287,FALSE,0.659726095237792,0.522759284807515
"dm_coral",1,288,FALSE,0.672097857935718,0.404037071518989
"dm_coral",1,289,FALSE,0.534026106056135,0.419676875661378
"dm_coral",1,290,FALSE,0.615950051656401,0.52423221520944
"dm_coral",1,291,TRUE,0.262451089730429,0.286104274977955
"dm_coral",2,1,TRUE,0.482873583608754,0.270714014469919
"dm_coral",2,2,TRUE,0.496929648073215,0.466862055448558
"dm_coral",2,3,TRUE,0.623042434246382,0.504178092000262
"dm_coral",2,4,TRUE,0.523746466811564,0.317374106367882
"dm_coral",2,5,TRUE,0.47567118832443,0.381403349029067
"dm_coral",2,6,TRUE,0.0681858617461616,0.263006442379261
"dm_coral",2,7,FALSE,0.469674772551798,0.306475545192951
"dm_coral",2,8,FALSE,0.387389826338729,0.454510784345091
"dm_coral",2,9,FALSE,0.627365856592733,0.395004023032129
"dm_coral",2,10,FALSE,0.591064607026499,0.398100942042032
"dm_coral",2,11,FALSE,0.218220304175545,0.235082358889484
"dm_coral",2,12,TRUE,0.680335513414563,0.466135463577563
"dm_coral",2,13,TRUE,0.680607428991788,0.570129249696233
"dm_coral",2,14,FALSE,0.721810615212547,0.56015406391283
"dm_coral",2,15,TRUE,0.20682587603185,0.314103707219478
"dm_coral",2,16,TRUE,0.582063362911709,0.400399867538271
"dm_coral",2,17,FALSE,0.696094159995223,0.526798381521692
"dm_coral",2,18,TRUE,0.40823996531185,0.361179780682115
"dm_coral",2,19,FALSE,0.433001340945038,0.450794860328008
"dm_coral",2,20,FALSE,0.653212513775344,0.472905140489537
"dm_coral",2,21,FALSE,0.558072259099146,0.449775684177583
"dm_coral",2,22,FALSE,0.261928672990642,0.261887329383411
"dm_coral",2,23,FALSE,0.862727528317975,0.628701380904838
"dm_coral",2,24,TRUE,0.637489729512511,0.602047025287948
"dm_coral",2,25,FALSE,0.504878459410216,0.384482563250201
"dm_coral",2,26,FALSE,0.286995073968852,0.380227651594318
"dm_coral",2,27,TRUE,0.662757831681574,0.460476358296332
"dm_coral",2,28,FALSE,0.524525936626376,0.470701543092325
"dm_coral",2,29,TRUE,0.406540180433955,0.4279093138523
"dm_coral",2,30,FALSE,0.656098202012832,0.489190010550577
"dm_coral",2,31,FALSE,0.517987203025078,0.360092738097271
"dm_coral",2,32,FALSE,0.703119346236078,0.565321746454732
"dm_coral",2,33,FALSE,0.691081492122968,0.516455865320987
"dm_coral",2,34,FALSE,0.0141423615450058,0.424775812431003
"dm_coral",2,35,FALSE,0.733197265106569,0.676057684694527
"dm_coral",2,36,FALSE,0.408070285887185,0.450902496722648
"dm_coral",2,37,FALSE,0.396024896608593,0.421635689376123
"dm_coral",2,38,FALSE,0.398391440229475,0.500892558102279
"dm_coral",2,39,FALSE,0.770852011642144,0.543483192300765
"dm_coral",2,40,TRUE,0.15836249209525,0.359824797547313
"dm_coral",2,41,FALSE,0.625415352154408,0.462381934889539
"dm_coral",2,42,FALSE,0.496334505996816,0.522295984865404
"dm_coral",2,43,FALSE,0.679427896612119,0.629404251656481
"dm_coral",2,44,FALSE,0.610116955411928,0.494793594808148
"dm_coral",2,45,FALSE,0.645913275033844,0.446184612335719
"dm_coral",2,46,FALSE,0.465382851448418,0.444375936325914
"dm_coral",2,47,FALSE,0.569490954348783,0.558832884624592
"dm_coral",2,48,FALSE,0.187520720836463,0.32681339040561
"dm_coral",2,49,FALSE,0.465813957269479,0.499663424193075
"dm_coral",2,50,FALSE,0.231214647962601,0.541284960236744
"dm_coral",2,51,FALSE,0.670802284260944,0.577028672356797
"dm_coral",2,52,FALSE,0.459935016851525,0.524252898459938
"dm_coral",2,53,FALSE,0.287129620719111,0.361260151523326
"dm_coral",2,54,FALSE,0.6232492903979,0.542760707740903
"dm_coral",2,55,FALSE,0.8109042806687,0.64537384317659
"dm_coral",2,56,TRUE,0.354108439147401,0.115423836579639
"dm_coral",2,57,FALSE,0.129141845792285,0.424088772512099
"dm_coral",2,58,FALSE,0.244969460136198,0.385746382827642
"dm_coral",2,59,FALSE,0.364363354615731,0.410382960452317
"dm_coral",2,60,TRUE,0.334212409393176,0.426178698400387
"dm_coral",2,61,FALSE,0.489677291663699,0.491717595803152
"dm_coral",2,62,FALSE,0.525304009958239,0.465464462911364
"dm_coral",2,63,TRUE,0.406540180433955,0.512882970815037
"dm_coral",2,64,FALSE,0.335457900689384,0.555115781344462
"dm_coral",2,65,FALSE,0.419873175149476,0.505365721646492
"dm_coral",2,66,FALSE,0.397227181043161,0.461457408771721
"dm_coral",2,67,TRUE,0.59659709562646,0.645182330505901
"dm_coral",2,68,FALSE,0.260071387985075,0.459798801602061
"dm_coral",2,69,FALSE,0.489466281303128,0.585019053015431
"dm_coral",2,70,FALSE,0.544018407858776,0.691876694706095
"dm_coral",2,71,TRUE,0.222976449893391,0.389570628953872
"dm_coral",2,72,FALSE,0.665205628434601,0.709743697451923
"dm_coral",2,73,FALSE,0.537819095073274,0.559648737541285
"dm_coral",2,74,FALSE,0.501059262217751,0.529127535001078
"dm_coral",2,75,FALSE,0.415699348887829,0.441169671860082
"dm_coral",2,76,TRUE,0.298853076409707,0.447870253253743
"dm_coral",2,77,TRUE,0.289365951520032,0.284172758075828
"dm_coral",2,78,FALSE,0.497620649781288,0.320392718476187
"dm_coral",2,79,TRUE,0.778151250383644,0.587294163903833
"dm_coral",2,80,TRUE,0.260071387985075,0.358488498325102
"dm_coral",2,81,FALSE,0.367542273520577,0.487360767913126
"dm_coral",2,82,FALSE,0.534026106056135,0.495627594766651
"dm_coral",2,83,FALSE,0.287129620719111,0.317746947993213
"dm_coral",2,84,FALSE,0.469822015978163,0.419442812556315
"dm_coral",2,85,TRUE,0.399673721481038,0.411618503446254
"dm_coral",2,86,FALSE,0.307496037913213,0.255788656547279
"dm_coral",2,87,TRUE,0.322219294733919,0.370970601993312
"dm_coral",2,88,FALSE,0.247236549506764,0.383587358259249
"dm_coral",2,89,FALSE,0.6232492903979,0.472437326830662
"dm_coral",2,90,TRUE,0.429752280002408,0.446273513472308
"dm_coral",2,91,TRUE,0.566943971856554,0.461073486369146
"dm_coral",2,92,FALSE,0.605951157564873,0.569857071794306
"dm_coral",2,93,FALSE,0.265996370495079,0.485212720212145
"dm_coral",2,94,FALSE,0.555215405126073,0.39652724671156
"dm_coral",2,95,FALSE,0.638489256954637,0.498167488634538
"dm_coral",2,96,FALSE,0.528145078253106,0.547525691617952
"dm_coral",2,97,FALSE,0.430075055551939,0.525198113543141
"dm_coral",2,98,FALSE,0.184549481320698,0.362769673582033
"dm_coral",2,99,FALSE,0.472537053262077,0.528366768247729
"dm_coral",2,100,FALSE,0.60616631460762,0.561516196945047
"dm_coral",2,101,FALSE,0.685553652846326,0.579630183303855
"dm_coral",2,102,TRUE,0.296665190261531,0.552057497387812
"dm_coral",2,103,FALSE,0.491361693834273,0.573392900781555
"dm_coral",2,104,FALSE,0.513217600067939,0.38321459183487
"dm_coral",2,105,TRUE,0.64738297011462,0.559715501742802
"dm_coral",2,106,FALSE,0.491361693834273,0.50274663600975
"dm_coral",2,107,FALSE,0.406028944963615,0.366535706493319
"dm_coral",2,108,FALSE,0.752025387323213,0.504347981486179
"dm_coral",2,109,TRUE,0.6414741105041,0.489352761647143
"dm_coral",2,110,FALSE,0.416307587059883,0.554771997885323
"dm_coral",2,111,FALSE,0.966610986681934,0.754698051056808
"dm_coral",2,112,FALSE,0.188647295999717,0.348020284023856
"dm_coral",2,113,FALSE,0.708335902682263,0.506592167287934
"dm_coral",2,114,FALSE,0.685741738602264,0.805830223746422
"dm_coral",2,115,FALSE,0.559308010907013,0.436887737492274
"dm_coral",2,116,FALSE,0.355259905527378,0.437737044157959
"dm_coral",2,117,FALSE,0.187520720836463,0.341999954650169
"dm_coral",2,118,TRUE,0.569373909615046,0.551643880484262
"dm_coral",2,119,FALSE,0.572523097849638,0.539844056957656
"dm_coral",2,120,FALSE,0.538070787043172,0.534045771529259
"dm_coral",2,121,FALSE,0.374748346010104,0.401744290777376
"dm_coral",2,122,FALSE,0.294686624279443,0.307343305206843
"dm_coral",2,123,FALSE,0.432969290874406,0.462190183383895
"dm_coral",2,124,TRUE,0.320146286111054,0.619560330896741
"dm_coral",2,125,FALSE,0.574262829707027,0.458626396376497
"dm_coral",2,126,FALSE,0.610234175334389,0.609777236907502
"dm_coral",2,127,FALSE,0.173186268412274,0.248943488868976
"dm_coral",2,128,FALSE,0.314499227973151,0.419715203253914
"dm_coral",2,129,FALSE,0.753330221324521,0.510405612772131
"dm_coral",2,130,FALSE,0.338456493604605,0.468044825387162
"dm_coral",2,131,TRUE,0.0253058652647703,0.0835462576095039
"dm_coral",2,132,FALSE,0.21045229296202,0.395622572581994
"dm_coral",2,133,FALSE,0.440121603187804,0.485181562347628
"dm_coral",2,134,FALSE,0.761326322421457,0.597736511562758
"dm_coral",2,135,FALSE,0.188084373714938,0.445713495055028
"dm_coral",2,136,FALSE,0.662757831681574,0.417569987948551
"dm_coral",2,137,FALSE,0.409425868671443,0.461200689894537
"dm_coral",2,138,FALSE,0.387389826338729,0.324426374369787
"dm_coral",2,139,FALSE,0.256236533205923,0.402208199740613
"dm_coral",2,140,FALSE,0.381656482585787,0.399913006762361
"dm_coral",2,141,FALSE,0.43568513794163,0.466306681411893
"dm_coral",2,142,FALSE,0.190331698170291,0.426305120973285
"dm_coral",2,143,TRUE,0.123851640967086,0.387687127439453
"dm_coral",2,144,FALSE,0.208978517276253,0.463445821688378
"dm_coral",2,145,TRUE,0.506505032404872,0.457875325659095
"dm_coral",2,146,FALSE,0.390935107103379,0.463044790403345
"dm_coral",2,147,FALSE,0.442479769064449,0.512204215201759
"dm_coral",2,148,FALSE,0.417139409727326,0.435117851407756
"dm_coral",2,149,FALSE,0.260071387985075,0.393874443150968
"dm_coral",2,150,TRUE,0.308777773664721,0.287212233933895
"dm_coral",2,151,FALSE,0.583198773968623,0.438593513999694
"dm_coral",2,152,TRUE,0.456062224454951,0.453227362705695
"dm_coral",2,153,FALSE,0.370698092575577,0.39109201063015
"dm_coral",2,154,FALSE,0.639486489268586,0.641003336804521
"dm_coral",2,155,FALSE,0.777412321496744,0.428269555087863
"dm_coral",2,156,TRUE,0.590284403718162,0.470223026952642
"dm_coral",2,157,FALSE,0.618215503279417,0.522141340345082
"dm_coral",2,158,FALSE,0.224533062606086,0.567951030271436
"dm_coral",2,159,FALSE,0.234010817587179,0.334937225850236
"dm_coral",2,160,FALSE,0.595826777073223,0.461783999597928
"dm_coral",2,161,TRUE,0.612783856719735,0.496042997450289
"dm_coral",2,162,FALSE,0.581266805273671,0.565522562038205
"dm_coral",2,163,FALSE,0.588383768378728,0.57787994297966
"dm_coral",2,164,FALSE,0.108226656374928,0.406887852872289
"dm_coral",2,165,TRUE,0.381115080709851,0.462658602132059
"dm_coral",2,166,FALSE,0.255272505103306,0.55673181232734
"dm_coral",2,167,FALSE,0.680879174426811,0.473089171215296
"dm_coral",2,168,FALSE,0.564784384503987,0.49084253247552
"dm_coral",2,169,TRUE,0.526339277389844,0.370689255148984
"dm_coral",2,170,FALSE,0.294466226161593,0.441603349727031
"dm_coral",2,171,FALSE,0.612783856719735,0.486348715294046
"dm_coral",2,172,FALSE,0.5182506513085,0.557634579528973
"dm_coral",2,173,FALSE,0.442949869577862,0.389928181900835
"dm_coral",2,174,FALSE,0.505149978319906,0.467798386732066
"dm_coral",2,175,FALSE,0.305995882770805,0.455029283275534
"dm_coral",2,176,TRUE,0.612783856719735,0.485944693346153
"dm_coral",2,177,TRUE,0.204119982655925,0.471247263085559
"dm_coral",2,178,FALSE,0.677333151419902,0.414168001820987
"dm_coral",2,179,FALSE,0.345961541813141,0.427668902985142
"dm_coral",2,180,FALSE,0.361160995195026,0.490926946624703
"dm_coral",2,181,TRUE,0.127104798364808,0.225642286545017
"dm_coral",2,182,FALSE,0.514547752660286,0.309192059320324
"dm_coral",2,183,FALSE,0.362350507594848,0.510236918046938
"dm_coral",2,184,FALSE,0.662757831681574,0.491574315920519
"dm_coral",2,185,FALSE,0.313867220369153,0.387913670800492
"dm_coral",2,186,FALSE,0.839666556882433,0.480421789603111
"dm_coral",2,187,FALSE,0.16999753706657,0.354665675016962
"dm_coral",2,188,FALSE,0.129367595722986,0.124517763424765
"dm_coral",2,189,FALSE,0.36078268987328,0.343739236171782
"dm_coral",2,190,FALSE,0.429106008332697,0.467692519681237
"dm_coral",2,191,FALSE,0.702602841340427,0.55456630119649
"dm_coral",2,192,FALSE,0.571708831808688,0.458431215249152
"dm_coral",2,193,FALSE,0.343920385393226,0.283661860714152
"dm_coral",2,194,FALSE,0.695131297704026,0.504229948994781
"dm_coral",2,195,FALSE,0.629409599102719,0.557840704801106
"dm_coral",2,196,FALSE,0.414973347970818,0.399393294614616
"dm_coral",2,197,FALSE,0.276231957921834,0.393083196999911
"dm_coral",2,198,FALSE,0.531478917042255,0.538594741514721
"dm_coral",2,199,FALSE,0.236789099409293,0.389844772766834
"dm_coral",2,200,FALSE,0.756407872548958,0.759181344657879
"dm_coral",2,201,FALSE,0.718750734739665,0.529373875589771
"dm_coral",2,202,FALSE,0.515211304327802,0.429079514563178
"dm_coral",2,203,TRUE,0.3654879848909,0.370247237146685
"dm_coral",2,204,TRUE,0.344392273685111,0.421732541043537
"dm_coral",2,205,FALSE,0.196728722623287,0.452958286796024
"dm_coral",2,206,FALSE,0.392696953259666,0.380190562645483
"dm_coral",2,207,FALSE,0.365394376854778,0.434375773056288
"dm_coral",2,208,TRUE,0.389166084364532,0.455343416235497
"dm_coral",2,209,FALSE,0.653212513775344,0.481871309979603
"dm_coral",2,210,FALSE,0.440594261839831,0.385780632959784
"dm_coral",2,211,TRUE,0.202215775801131,0.421216000588819
"dm_coral",2,212,FALSE,0.48572142648158,0.39582451096078
"dm_coral",2,213,FALSE,0.244277120801843,0.448506590902428
"dm_coral",2,214,FALSE,0.372727940885595,0.453996998245976
"dm_coral",2,215,FALSE,0.52244423350632,0.498632069804729
"dm_coral",2,216,FALSE,0.257678574869184,0.375065859679093
"dm_coral",2,217,FALSE,0.384353414137506,0.530380922295229
"dm_coral",2,218,FALSE,0.335858911319818,0.469397093024384
"dm_coral",2,219,FALSE,0.555094448578319,0.509027498357199
"dm_coral",2,220,FALSE,0.271841606536499,0.49012309279251
"dm_coral",2,221,FALSE,0.471291711058939,0.426320406731073
"dm_coral",2,222,TRUE,0.294906910605192,0.476915666185756
"dm_coral",2,223,FALSE,0.655138434811382,0.600215580212586
"dm_coral",2,224,FALSE,0.528916700277655,0.478171848952665
"dm_coral",2,225,TRUE,0.237040791379191,0.502760971050237
"dm_coral",2,226,FALSE,0.777426822389311,0.51777289137551
"dm_coral",2,227,TRUE,0.191730393362856,0.489419675912622
"dm_coral",2,228,FALSE,0.239549720840473,0.435558068869361
"dm_coral",2,229,TRUE,0.582404298019028,0.57639567927273
"dm_coral",2,230,TRUE,0.569373909615046,0.392012511427737
"dm_coral",2,231,FALSE,0.334252642334231,0.411996197132396
"dm_coral",2,232,FALSE,0.406369835469268,0.482176620921573
"dm_coral",2,233,FALSE,0.0597526942092988,0.326476463802829
"dm_coral",2,234,TRUE,0.472463896606989,0.424249239966676
"dm_coral",2,235,FALSE,0.666985718329661,0.445818339155006
"dm_coral",2,236,FALSE,0.65417654187796,0.514275936762733
"dm_coral",2,237,FALSE,0.259593878885949,0.492507173338444
"dm_coral",2,238,FALSE,0.527114111639805,0.558664056837879
"dm_coral",2,239,TRUE,0.367169488534681,0.35799351574551
"dm_coral",2,240,TRUE,0.19228861256812,0.314571199419515
"dm_coral",2,241,FALSE,0.478566495593843,0.340246197561025
"dm_coral",2,242,FALSE,0.253580289562183,0.428725322022236
"dm_coral",2,243,FALSE,0.27554168840131,0.365860766402667
"dm_coral",2,244,FALSE,0.532627001228891,0.355992560646454
"dm_coral",2,245,TRUE,0.542451947375977,0.43345388252449
"dm_coral",2,246,FALSE,0.381836799998343,0.404388140087859
"dm_coral",2,247,TRUE,0.511616020569138,0.618670191742278
"dm_coral",2,248,FALSE,0.476831628512261,0.584823753769736
"dm_coral",2,249,FALSE,0.301029995663981,0.48398669339694
"dm_coral",2,250,FALSE,0.325823419002744,0.360238160001649
"dm_coral",2,251,FALSE,0.586024382386976,0.501960619770012
"dm_coral",2,252,FALSE,0.218535505216528,0.240888808076457
"dm_coral",2,253,FALSE,0.0480531731156091,0.2362988344647
"dm_coral",2,254,FALSE,0.378397900948138,0.557208767297633
"dm_coral",2,255,FALSE,0.595275711802099,0.470852538475782
"dm_coral",2,256,FALSE,0.398807730203264,0.485689482874725
"dm_coral",2,257,FALSE,0.456214155357989,0.505217915067445
"dm_coral",2,258,FALSE,0.641126932803509,0.457883704749503
"dm_coral",2,259,FALSE,0.54020429984206,0.33956069529361
"dm_coral",2,260,FALSE,0.0328201494385639,0.187608570672079
"dm_coral",2,261,FALSE,0.434888120867316,0.506173879865688
"dm_coral",2,262,FALSE,0.332034277027518,0.327179206697136
"dm_coral",2,263,FALSE,0.391816923613249,0.70584584249655
"dm_coral",2,264,TRUE,0.347427598618541,0.314244447874618
"dm_coral",2,265,FALSE,0.352182518111362,0.256581026160734
"dm_coral",2,266,TRUE,0.154119525515847,0.0600308160614259
"dm_coral",2,267,FALSE,0.591398551281249,0.406297126456905
"dm_coral",2,268,TRUE,0.315970345456918,0.427672014775187
"dm_coral",2,269,FALSE,0.470410490975931,0.439664650431927
"dm_coral",2,270,FALSE,0.826074802700826,0.684715472768293
"dm_coral",2,271,TRUE,0.273232834043046,0.396808939020328
"dm_coral",2,272,FALSE,0.234264124378789,0.362951595583052
"dm_coral",2,273,FALSE,0.504878459410216,0.405815338235176
"dm_coral",2,274,FALSE,0.582744965691277,0.353683590793098
"dm_coral",2,275,FALSE,0.542327382773974,0.484897410973323
"dm_coral",2,276,FALSE,0.657055852857104,0.458947382816917
"dm_coral",2,277,FALSE,0.328379603438738,0.381545182136703
"dm_coral",2,278,FALSE,0.4679039465228,0.239763204667396
"dm_coral",2,279,FALSE,0.331427296520743,0.468328207790783
"dm_coral",2,280,FALSE,0.352664799651101,0.480627025847666
"dm_coral",2,281,FALSE,0.437116093048079,0.282064567772971
"dm_coral",2,282,FALSE,0.325043347403704,0.406269273413621
"dm_coral",2,283,FALSE,0.775319121829478,0.477338074462696
"dm_coral",2,284,FALSE,0.526442668529935,0.370027899059146
"dm_coral",2,285,FALSE,0.682145076373832,0.526073608517469
"dm_coral",2,286,FALSE,0.425534220498263,0.509537555707264
"dm_coral",2,287,FALSE,0.659726095237792,0.484714118975129
"dm_coral",2,288,FALSE,0.672097857935718,0.41247488002572
"dm_coral",2,289,FALSE,0.534026106056135,0.435027560693635
"dm_coral",2,290,FALSE,0.615950051656401,0.51056956871526
"dm_coral",2,291,TRUE,0.262451089730429,0.256342928903441
"dm_coral",3,1,TRUE,0.482873583608754,0.34677207193787
"dm_coral",3,2,TRUE,0.496929648073215,0.502260377250358
"dm_coral",3,3,TRUE,0.623042434246382,0.46246080037481
"dm_coral",3,4,TRUE,0.523746466811564,0.230699367860529
"dm_coral",3,5,TRUE,0.47567118832443,0.408403202661531
"dm_coral",3,6,TRUE,0.0681858617461616,0.283828153007142
"dm_coral",3,7,FALSE,0.469674772551798,0.385000271875702
"dm_coral",3,8,FALSE,0.387389826338729,0.471311695171561
"dm_coral",3,9,FALSE,0.627365856592733,0.447738578117118
"dm_coral",3,10,FALSE,0.591064607026499,0.427074765632368
"dm_coral",3,11,FALSE,0.218220304175545,0.329378564066565
"dm_coral",3,12,TRUE,0.680335513414563,0.42302766437609
"dm_coral",3,13,TRUE,0.680607428991788,0.615840648147042
"dm_coral",3,14,FALSE,0.721810615212547,0.566030930525308
"dm_coral",3,15,TRUE,0.20682587603185,0.360466079791128
"dm_coral",3,16,TRUE,0.582063362911709,0.429379046975786
"dm_coral",3,17,FALSE,0.696094159995223,0.560816374929988
"dm_coral",3,18,TRUE,0.40823996531185,0.332127741389292
"dm_coral",3,19,FALSE,0.433001340945038,0.441738872405911
"dm_coral",3,20,FALSE,0.653212513775344,0.46623717797945
"dm_coral",3,21,FALSE,0.558072259099146,0.438175097462178
"dm_coral",3,22,FALSE,0.261928672990642,0.227375276314599
"dm_coral",3,23,FALSE,0.862727528317975,0.648409442760542
"dm_coral",3,24,TRUE,0.637489729512511,0.574722071634701
"dm_coral",3,25,FALSE,0.504878459410216,0.383118714076141
"dm_coral",3,26,FALSE,0.286995073968852,0.40031753001092
"dm_coral",3,27,TRUE,0.662757831681574,0.468893020611161
"dm_coral",3,28,FALSE,0.524525936626376,0.469935563047885
"dm_coral",3,29,TRUE,0.406540180433955,0.474866504380568
"dm_coral",3,30,FALSE,0.656098202012832,0.530761781414383
"dm_coral",3,31,FALSE,0.517987203025078,0.425326816411619
"dm_coral",3,32,FALSE,0.703119346236078,0.543636506976198
"dm_coral",3,33,FALSE,0.691081492122968,0.519947109035476
"dm_coral",3,34,FALSE,0.0141423615450058,0.398732761427699
"dm_coral",3,35,FALSE,0.733197265106569,0.646308642220027
"dm_coral",3,36,FALSE,0.408070285887185,0.410952584792225
"dm_coral",3,37,FALSE,0.396024896608593,0.462844379547857
"dm_coral",3,38,FALSE,0.398391440229475,0.488862825027294
"dm_coral",3,39,FALSE,0.770852011642144,0.536359091360499
"dm_coral",3,40,TRUE,0.15836249209525,0.406686266223015
"dm_coral",3,41,FALSE,0.625415352154408,0.502572844745428
"dm_coral",3,42,FALSE,0.496334505996816,0.503045438676443
"dm_coral",3,43,FALSE,0.679427896612119,0.577371144634889
"dm_coral",3,44,FALSE,0.610116955411928,0.476147826804903
"dm_coral",3,45,FALSE,0.645913275033844,0.46447207504337
"dm_coral",3,46,FALSE,0.465382851448418,0.424840772472497
"dm_coral",3,47,FALSE,0.569490954348783,0.580451114920353
"dm_coral",3,48,FALSE,0.187520720836463,0.289706828520624
"dm_coral",3,49,FALSE,0.465813957269479,0.468388943659165
"dm_coral",3,50,FALSE,0.231214647962601,0.525634704648168
"dm_coral",3,51,FALSE,0.670802284260944,0.541135130024515
"dm_coral",3,52,FALSE,0.459935016851525,0.531010600350968
"dm_coral",3,53,FALSE,0.287129620719111,0.387932182429051
"dm_coral",3,54,FALSE,0.6232492903979,0.524966085531134
"dm_coral",3,55,FALSE,0.8109042806687,0.653965445796018
"dm_coral",3,56,TRUE,0.354108439147401,-0.0601560493366115
"dm_coral",3,57,FALSE,0.129141845792285,0.422737593451198
"dm_coral",3,58,FALSE,0.244969460136198,0.381921115761219
"dm_coral",3,59,FALSE,0.364363354615731,0.417328498200589
"dm_coral",3,60,TRUE,0.334212409393176,0.391758336419058
"dm_coral",3,61,FALSE,0.489677291663699,0.511210348675079
"dm_coral",3,62,FALSE,0.525304009958239,0.491101491760762
"dm_coral",3,63,TRUE,0.406540180433955,0.48695035014314
"dm_coral",3,64,FALSE,0.335457900689384,0.553698460342092
"dm_coral",3,65,FALSE,0.419873175149476,0.527495185129773
"dm_coral",3,66,FALSE,0.397227181043161,0.535486390741307
"dm_coral",3,67,TRUE,0.59659709562646,0.647362717505892
"dm_coral",3,68,FALSE,0.260071387985075,0.452238185775677
"dm_coral",3,69,FALSE,0.489466281303128,0.573875426371431
"dm_coral",3,70,FALSE,0.544018407858776,0.66878729967463
"dm_coral",3,71,TRUE,0.222976449893391,0.309163290945208
"dm_coral",3,72,FALSE,0.665205628434601,0.650624849547344
"dm_coral",3,73,FALSE,0.537819095073274,0.576841179040579
"dm_coral",3,74,FALSE,0.501059262217751,0.522987012696644
"dm_coral",3,75,FALSE,0.415699348887829,0.447055869625204
"dm_coral",3,76,TRUE,0.298853076409707,0.458791972594916
"dm_coral",3,77,TRUE,0.289365951520032,0.289524129020522
"dm_coral",3,78,FALSE,0.497620649781288,0.328162762862494
"dm_coral",3,79,TRUE,0.778151250383644,0.516299334840142
"dm_coral",3,80,TRUE,0.260071387985075,0.340019564689725
"dm_coral",3,81,FALSE,0.367542273520577,0.49228170000627
"dm_coral",3,82,FALSE,0.534026106056135,0.448591221025505
"dm_coral",3,83,FALSE,0.287129620719111,0.343995502727474
"dm_coral",3,84,FALSE,0.469822015978163,0.409108302928408
"dm_coral",3,85,TRUE,0.399673721481038,0.499749272360622
"dm_coral",3,86,FALSE,0.307496037913213,0.281285306767718
"dm_coral",3,87,TRUE,0.322219294733919,0.361523045434518
"dm_coral",3,88,FALSE,0.247236549506764,0.385138491081767
"dm_coral",3,89,FALSE,0.6232492903979,0.472143981325256
"dm_coral",3,90,TRUE,0.429752280002408,0.474435573131342
"dm_coral",3,91,TRUE,0.566943971856554,0.434110081402738
"dm_coral",3,92,FALSE,0.605951157564873,0.530076074546322
"dm_coral",3,93,FALSE,0.265996370495079,0.548526441684279
"dm_coral",3,94,FALSE,0.555215405126073,0.409471562799047
"dm_coral",3,95,FALSE,0.638489256954637,0.487636956760515
"dm_coral",3,96,FALSE,0.528145078253106,0.552135084152501
"dm_coral",3,97,FALSE,0.430075055551939,0.547858156645289
"dm_coral",3,98,FALSE,0.184549481320698,0.39446397004598
"dm_coral",3,99,FALSE,0.472537053262077,0.551319746796759
"dm_coral",3,100,FALSE,0.60616631460762,0.513956306360124
"dm_coral",3,101,FALSE,0.685553652846326,0.618067889323393
"dm_coral",3,102,TRUE,0.296665190261531,0.555268523051892
"dm_coral",3,103,FALSE,0.491361693834273,0.563612035813341
"dm_coral",3,104,FALSE,0.513217600067939,0.403843104629253
"dm_coral",3,105,TRUE,0.64738297011462,0.615782616136181
"dm_coral",3,106,FALSE,0.491361693834273,0.514361378153874
"dm_coral",3,107,FALSE,0.406028944963615,0.422345582247528
"dm_coral",3,108,FALSE,0.752025387323213,0.496314708239189
"dm_coral",3,109,TRUE,0.6414741105041,0.441582178791519
"dm_coral",3,110,FALSE,0.416307587059883,0.577360800340215
"dm_coral",3,111,FALSE,0.966610986681934,0.724433236576729
"dm_coral",3,112,FALSE,0.188647295999717,0.341874473536498
"dm_coral",3,113,FALSE,0.708335902682263,0.530284761709344
"dm_coral",3,114,FALSE,0.685741738602264,0.757535739402679
"dm_coral",3,115,FALSE,0.559308010907013,0.469139597134601
"dm_coral",3,116,FALSE,0.355259905527378,0.444200593507409
"dm_coral",3,117,FALSE,0.187520720836463,0.338209230280257
"dm_coral",3,118,TRUE,0.569373909615046,0.545212441177107
"dm_coral",3,119,FALSE,0.572523097849638,0.492509321275737
"dm_coral",3,120,FALSE,0.538070787043172,0.54807993364716
"dm_coral",3,121,FALSE,0.374748346010104,0.367914322141172
"dm_coral",3,122,FALSE,0.294686624279443,0.3592509405966
"dm_coral",3,123,FALSE,0.432969290874406,0.459138807839228
"dm_coral",3,124,TRUE,0.320146286111054,0.612478169857266
"dm_coral",3,125,FALSE,0.574262829707027,0.481672524261425
"dm_coral",3,126,FALSE,0.610234175334389,0.609953846912576
"dm_coral",3,127,FALSE,0.173186268412274,0.200117629364416
"dm_coral",3,128,FALSE,0.314499227973151,0.423840545732559
"dm_coral",3,129,FALSE,0.753330221324521,0.547696126341841
"dm_coral",3,130,FALSE,0.338456493604605,0.460246065482432
"dm_coral",3,131,TRUE,0.0253058652647703,0.137814456021267
"dm_coral",3,132,FALSE,0.21045229296202,0.417658627100242
"dm_coral",3,133,FALSE,0.440121603187804,0.516485921068698
"dm_coral",3,134,FALSE,0.761326322421457,0.617294815416728
"dm_coral",3,135,FALSE,0.188084373714938,0.389506352049398
"dm_coral",3,136,FALSE,0.662757831681574,0.405091836459092
"dm_coral",3,137,FALSE,0.409425868671443,0.49409167859756
"dm_coral",3,138,FALSE,0.387389826338729,0.333804578075289
"dm_coral",3,139,FALSE,0.256236533205923,0.451641933390441
"dm_coral",3,140,FALSE,0.381656482585787,0.433483550639287
"dm_coral",3,141,FALSE,0.43568513794163,0.48138836551355
"dm_coral",3,142,FALSE,0.190331698170291,0.395072792737133
"dm_coral",3,143,TRUE,0.123851640967086,0.348710631711507
"dm_coral",3,144,FALSE,0.208978517276253,0.468671260265912
"dm_coral",3,145,TRUE,0.506505032404872,0.419742496393283
"dm_coral",3,146,FALSE,0.390935107103379,0.461493908936007
"dm_coral",3,147,FALSE,0.442479769064449,0.536193349433746
"dm_coral",3,148,FALSE,0.417139409727326,0.453184129082627
"dm_coral",3,149,FALSE,0.260071387985075,0.399533671921824
"dm_coral",3,150,TRUE,0.308777773664721,0.281275014704018
"dm_coral",3,151,FALSE,0.583198773968623,0.430195077134749
"dm_coral",3,152,TRUE,0.456062224454951,0.429267686190471
"dm_coral",3,153,FALSE,0.370698092575577,0.377660700879614
"dm_coral",3,154,FALSE,0.639486489268586,0.63797081126467
"dm_coral",3,155,FALSE,0.777412321496744,0.442669633298555
"dm_coral",3,156,TRUE,0.590284403718162,0.485946852470765
"dm_coral",3,157,FALSE,0.618215503279417,0.546788308659343
"dm_coral",3,158,FALSE,0.224533062606086,0.500610567392795
"dm_coral",3,159,FALSE,0.234010817587179,0.309745934953006
"dm_coral",3,160,FALSE,0.595826777073223,0.437879175166185
"dm_coral",3,161,TRUE,0.612783856719735,0.515028445291576
"dm_coral",3,162,FALSE,0.581266805273671,0.541982513570293
"dm_coral",3,163,FALSE,0.588383768378728,0.573873605631601
"dm_coral",3,164,FALSE,0.108226656374928,0.406728404606238
"dm_coral",3,165,TRUE,0.381115080709851,0.522676777585061
"dm_coral",3,166,FALSE,0.255272505103306,0.527292218626997
"dm_coral",3,167,FALSE,0.680879174426811,0.496799131344735
"dm_coral",3,168,FALSE,0.564784384503987,0.49472381241164
"dm_coral",3,169,TRUE,0.526339277389844,0.349597691055031
"dm_coral",3,170,FALSE,0.294466226161593,0.410689297547907
"dm_coral",3,171,FALSE,0.612783856719735,0.461171800822669
"dm_coral",3,172,FALSE,0.5182506513085,0.554096177140484
"dm_coral",3,173,FALSE,0.442949869577862,0.389663509979701
"dm_coral",3,174,FALSE,0.505149978319906,0.485061449675441
"dm_coral",3,175,FALSE,0.305995882770805,0.406994791218003
"dm_coral",3,176,TRUE,0.612783856719735,0.451682805599252
"dm_coral",3,177,TRUE,0.204119982655925,0.467022111761546
"dm_coral",3,178,FALSE,0.677333151419902,0.48702753322113
"dm_coral",3,179,FALSE,0.345961541813141,0.475188301038046
"dm_coral",3,180,FALSE,0.361160995195026,0.461320475893367
"dm_coral",3,181,TRUE,0.127104798364808,0.0965988424456211
"dm_coral",3,182,FALSE,0.514547752660286,0.302941721422256
"dm_coral",3,183,FALSE,0.362350507594848,0.493755166787767
"dm_coral",3,184,FALSE,0.662757831681574,0.459070811556216
"dm_coral",3,185,FALSE,0.313867220369153,0.39973677424599
"dm_coral",3,186,FALSE,0.839666556882433,0.430933315279342
"dm_coral",3,187,FALSE,0.16999753706657,0.359511306494247
"dm_coral",3,188,FALSE,0.129367595722986,0.128054550687422
"dm_coral",3,189,FALSE,0.36078268987328,0.362704239532674
"dm_coral",3,190,FALSE,0.429106008332697,0.489570461432467
"dm_coral",3,191,FALSE,0.702602841340427,0.568751953526978
"dm_coral",3,192,FALSE,0.571708831808688,0.460917927580641
"dm_coral",3,193,FALSE,0.343920385393226,0.302163693668499
"dm_coral",3,194,FALSE,0.695131297704026,0.522298386623431
"dm_coral",3,195,FALSE,0.629409599102719,0.540573853595753
"dm_coral",3,196,FALSE,0.414973347970818,0.403204836275588
"dm_coral",3,197,FALSE,0.276231957921834,0.354537426193091
"dm_coral",3,198,FALSE,0.531478917042255,0.517782914882287
"dm_coral",3,199,FALSE,0.236789099409293,0.370121136498276
"dm_coral",3,200,FALSE,0.756407872548958,0.7341866366326
"dm_coral",3,201,FALSE,0.718750734739665,0.531527846427263
"dm_coral",3,202,FALSE,0.515211304327802,0.432055448514157
"dm_coral",3,203,TRUE,0.3654879848909,0.319486547043993
"dm_coral",3,204,TRUE,0.344392273685111,0.455424224641066
"dm_coral",3,205,FALSE,0.196728722623287,0.464259270302007
"dm_coral",3,206,FALSE,0.392696953259666,0.322678446172354
"dm_coral",3,207,FALSE,0.365394376854778,0.428585531205611
"dm_coral",3,208,TRUE,0.389166084364532,0.422135805958629
"dm_coral",3,209,FALSE,0.653212513775344,0.482192376374278
"dm_coral",3,210,FALSE,0.440594261839831,0.42418331781654
"dm_coral",3,211,TRUE,0.202215775801131,0.45478235429785
"dm_coral",3,212,FALSE,0.48572142648158,0.403623164587228
"dm_coral",3,213,FALSE,0.244277120801843,0.45477983209205
"dm_coral",3,214,FALSE,0.372727940885595,0.544103185659022
"dm_coral",3,215,FALSE,0.52244423350632,0.471385393547066
"dm_coral",3,216,FALSE,0.257678574869184,0.406900786103112
"dm_coral",3,217,FALSE,0.384353414137506,0.58125533841255
"dm_coral",3,218,FALSE,0.335858911319818,0.459509948176046
"dm_coral",3,219,FALSE,0.555094448578319,0.484384530192007
"dm_coral",3,220,FALSE,0.271841606536499,0.493985984949143
"dm_coral",3,221,FALSE,0.471291711058939,0.42921874549483
"dm_coral",3,222,TRUE,0.294906910605192,0.382930741264521
"dm_coral",3,223,FALSE,0.655138434811382,0.574030888952958
"dm_coral",3,224,FALSE,0.528916700277655,0.543110673979045
"dm_coral",3,225,TRUE,0.237040791379191,0.533207318471365
"dm_coral",3,226,FALSE,0.777426822389311,0.506265903333567
"dm_coral",3,227,TRUE,0.191730393362856,0.516878133155602
"dm_coral",3,228,FALSE,0.239549720840473,0.429791827288718
"dm_coral",3,229,TRUE,0.582404298019028,0.618313066373362
"dm_coral",3,230,TRUE,0.569373909615046,0.342676312005627
"dm_coral",3,231,FALSE,0.334252642334231,0.397344675125236
"dm_coral",3,232,FALSE,0.406369835469268,0.493672987335837
"dm_coral",3,233,FALSE,0.0597526942092988,0.332044692519295
"dm_coral",3,234,TRUE,0.472463896606989,0.504138979682867
"dm_coral",3,235,FALSE,0.666985718329661,0.451234933810458
"dm_coral",3,236,FALSE,0.65417654187796,0.556975196346953
"dm_coral",3,237,FALSE,0.259593878885949,0.490981856250499
"dm_coral",3,238,FALSE,0.527114111639805,0.533652636707767
"dm_coral",3,239,TRUE,0.367169488534681,0.349915845295166
"dm_coral",3,240,TRUE,0.19228861256812,0.248634465238301
"dm_coral",3,241,FALSE,0.478566495593843,0.322117517129541
"dm_coral",3,242,FALSE,0.253580289562183,0.411651109517747
"dm_coral",3,243,FALSE,0.27554168840131,0.370672636282324
"dm_coral",3,244,FALSE,0.532627001228891,0.41147962227018
"dm_coral",3,245,TRUE,0.542451947375977,0.421548717056659
"dm_coral",3,246,FALSE,0.381836799998343,0.411896533838276
"dm_coral",3,247,TRUE,0.511616020569138,0.605137069068394
"dm_coral",3,248,FALSE,0.476831628512261,0.599377601552838
"dm_coral",3,249,FALSE,0.301029995663981,0.488092594203437
"dm_coral",3,250,FALSE,0.325823419002744,0.38818247516621
"dm_coral",3,251,FALSE,0.586024382386976,0.507130170571257
"dm_coral",3,252,FALSE,0.218535505216528,0.258115502699125
"dm_coral",3,253,FALSE,0.0480531731156091,0.210990407391941
"dm_coral",3,254,FALSE,0.378397900948138,0.570406915546599
"dm_coral",3,255,FALSE,0.595275711802099,0.415310077392862
"dm_coral",3,256,FALSE,0.398807730203264,0.448950637290159
"dm_coral",3,257,FALSE,0.456214155357989,0.488939950812573
"dm_coral",3,258,FALSE,0.641126932803509,0.473788773756237
"dm_coral",3,259,FALSE,0.54020429984206,0.344131635497995
"dm_coral",3,260,FALSE,0.0328201494385639,0.123393952091655
"dm_coral",3,261,FALSE,0.434888120867316,0.490142405917507
"dm_coral",3,262,FALSE,0.332034277027518,0.266122885311489
"dm_coral",3,263,FALSE,0.391816923613249,0.697266707177271
"dm_coral",3,264,TRUE,0.347427598618541,0.325630242247482
"dm_coral",3,265,FALSE,0.352182518111362,0.300024390189785
"dm_coral",3,266,TRUE,0.154119525515847,0.24462682330295
"dm_coral",3,267,FALSE,0.591398551281249,0.416794179977677
"dm_coral",3,268,TRUE,0.315970345456918,0.422738803305451
"dm_coral",3,269,FALSE,0.470410490975931,0.434400687812951
"dm_coral",3,270,FALSE,0.826074802700826,0.699959721014949
"dm_coral",3,271,TRUE,0.273232834043046,0.432811361602398
"dm_coral",3,272,FALSE,0.234264124378789,0.380679032373793
"dm_coral",3,273,FALSE,0.504878459410216,0.479559147928783
"dm_coral",3,274,FALSE,0.582744965691277,0.374668173264758
"dm_coral",3,275,FALSE,0.542327382773974,0.45722933262489
"dm_coral",3,276,FALSE,0.657055852857104,0.458825148873061
"dm_coral",3,277,FALSE,0.328379603438738,0.348112235010939
"dm_coral",3,278,FALSE,0.4679039465228,0.292337460955469
"dm_coral",3,279,FALSE,0.331427296520743,0.479975030757612
"dm_coral",3,280,FALSE,0.352664799651101,0.488831529389023
"dm_coral",3,281,FALSE,0.437116093048079,0.325243865040175
"dm_coral",3,282,FALSE,0.325043347403704,0.359323165756029
"dm_coral",3,283,FALSE,0.775319121829478,0.501090234533032
"dm_coral",3,284,FALSE,0.526442668529935,0.314381495588649
"dm_coral",3,285,FALSE,0.682145076373832,0.543553669955398
"dm_coral",3,286,FALSE,0.425534220498263,0.486477484758991
"dm_coral",3,287,FALSE,0.659726095237792,0.505125016615621
"dm_coral",3,288,FALSE,0.672097857935718,0.403593119236933
"dm_coral",3,289,FALSE,0.534026106056135,0.446946797994017
"dm_coral",3,290,FALSE,0.615950051656401,0.519979552573009
"dm_coral",3,291,TRUE,0.262451089730429,0.320222126479873
"dm_iso",1,1,TRUE,0.482873583608754,0.251593156108982
"dm_iso",1,2,TRUE,0.496929648073215,0.470714479400729
"dm_iso",1,3,TRUE,0.623042434246382,0.497614121242307
"dm_iso",1,4,TRUE,0.523746466811564,0.274443842515068
"dm_iso",1,5,TRUE,0.47567118832443,0.414521102356971
"dm_iso",1,6,TRUE,0.0681858617461616,0.361601255455474
"dm_iso",1,7,FALSE,0.469674772551798,0.353860254609026
"dm_iso",1,8,FALSE,0.387389826338729,0.500888925969613
"dm_iso",1,9,FALSE,0.627365856592733,0.418407661277661
"dm_iso",1,10,FALSE,0.591064607026499,0.460619546016739
"dm_iso",1,11,FALSE,0.218220304175545,0.230454496317408
"dm_iso",1,12,TRUE,0.680335513414563,0.468173509544476
"dm_iso",1,13,TRUE,0.680607428991788,0.522238317691924
"dm_iso",1,14,FALSE,0.721810615212547,0.5671986190326
"dm_iso",1,15,TRUE,0.20682587603185,0.343029291832613
"dm_iso",1,16,TRUE,0.582063362911709,0.424268888947278
"dm_iso",1,17,FALSE,0.696094159995223,0.557692961846005
"dm_iso",1,18,TRUE,0.40823996531185,0.406979484812858
"dm_iso",1,19,FALSE,0.433001340945038,0.446393774831537
"dm_iso",1,20,FALSE,0.653212513775344,0.476801660070963
"dm_iso",1,21,FALSE,0.558072259099146,0.457786024387918
"dm_iso",1,22,FALSE,0.261928672990642,0.231032661868174
"dm_iso",1,23,FALSE,0.862727528317975,0.682980344863963
"dm_iso",1,24,TRUE,0.637489729512511,0.521075779493685
"dm_iso",1,25,FALSE,0.504878459410216,0.374662650961957
"dm_iso",1,26,FALSE,0.286995073968852,0.373691246997632
"dm_iso",1,27,TRUE,0.662757831681574,0.477427549508241
"dm_iso",1,28,FALSE,0.524525936626376,0.494248637475958
"dm_iso",1,29,TRUE,0.406540180433955,0.480168489399952
"dm_iso",1,30,FALSE,0.656098202012832,0.565265667405386
"dm_iso",1,31,FALSE,0.517987203025078,0.33244246896453
"dm_iso",1,32,FALSE,0.703119346236078,0.538914022447077
"dm_iso",1,33,FALSE,0.691081492122968,0.523695185918669
"dm_iso",1,34,FALSE,0.0141423615450058,0.384610786587652
"dm_iso",1,35,FALSE,0.733197265106569,0.693431480348765
"dm_iso",1,36,FALSE,0.408070285887185,0.433227023910003
"dm_iso",1,37,FALSE,0.396024896608593,0.447763380419602
"dm_iso",1,38,FALSE,0.398391440229475,0.49053302326879
"dm_iso",1,39,FALSE,0.770852011642144,0.53740362656205
"dm_iso",1,40,TRUE,0.15836249209525,0.364502231583929
"dm_iso",1,41,FALSE,0.625415352154408,0.477028228898591
"dm_iso",1,42,FALSE,0.496334505996816,0.493388715455124
"dm_iso",1,43,FALSE,0.679427896612119,0.594138784482894
"dm_iso",1,44,FALSE,0.610116955411928,0.476719007459564
"dm_iso",1,45,FALSE,0.645913275033844,0.46979146273004
"dm_iso",1,46,FALSE,0.465382851448418,0.426036970164116
"dm_iso",1,47,FALSE,0.569490954348783,0.540421937057401
"dm_iso",1,48,FALSE,0.187520720836463,0.282039788847541
"dm_iso",1,49,FALSE,0.465813957269479,0.484437768199658
"dm_iso",1,50,FALSE,0.231214647962601,0.516282425567038
"dm_iso",1,51,FALSE,0.670802284260944,0.595376967513596
"dm_iso",1,52,FALSE,0.459935016851525,0.534349691735764
"dm_iso",1,53,FALSE,0.287129620719111,0.403973061626965
"dm_iso",1,54,FALSE,0.6232492903979,0.478474788012954
"dm_iso",1,55,FALSE,0.8109042806687,0.656011719953645
"dm_iso",1,56,TRUE,0.354108439147401,0.0813509948679655
"dm_iso",1,57,FALSE,0.129141845792285,0.412795443196172
"dm_iso",1,58,FALSE,0.244969460136198,0.348890339036156
"dm_iso",1,59,FALSE,0.364363354615731,0.427773339251928
"dm_iso",1,60,TRUE,0.334212409393176,0.414929719718319
"dm_iso",1,61,FALSE,0.489677291663699,0.539808972555041
"dm_iso",1,62,FALSE,0.525304009958239,0.498548402061544
"dm_iso",1,63,TRUE,0.406540180433955,0.406789695564618
"dm_iso",1,64,FALSE,0.335457900689384,0.561787555241816
"dm_iso",1,65,FALSE,0.419873175149476,0.534150814754437
"dm_iso",1,66,FALSE,0.397227181043161,0.520560840267281
"dm_iso",1,67,TRUE,0.59659709562646,0.589179558465513
"dm_iso",1,68,FALSE,0.260071387985075,0.475545039838029
"dm_iso",1,69,FALSE,0.489466281303128,0.574217460401016
"dm_iso",1,70,FALSE,0.544018407858776,0.681744621404727
"dm_iso",1,71,TRUE,0.222976449893391,0.457454062102893
"dm_iso",1,72,FALSE,0.665205628434601,0.632427363462479
"dm_iso",1,73,FALSE,0.537819095073274,0.57599281637471
"dm_iso",1,74,FALSE,0.501059262217751,0.551417245086951
"dm_iso",1,75,FALSE,0.415699348887829,0.474181189315705
"dm_iso",1,76,TRUE,0.298853076409707,0.472895282490829
"dm_iso",1,77,TRUE,0.289365951520032,0.313454524891124
"dm_iso",1,78,FALSE,0.497620649781288,0.352465847022499
"dm_iso",1,79,TRUE,0.778151250383644,0.542199551397132
"dm_iso",1,80,TRUE,0.260071387985075,0.364656984032301
"dm_iso",1,81,FALSE,0.367542273520577,0.469900891287913
"dm_iso",1,82,FALSE,0.534026106056135,0.501677886208085
"dm_iso",1,83,FALSE,0.287129620719111,0.304369326094419
"dm_iso",1,84,FALSE,0.469822015978163,0.354008191275214
"dm_iso",1,85,TRUE,0.399673721481038,0.426022561599252
"dm_iso",1,86,FALSE,0.307496037913213,0.251951116225722
"dm_iso",1,87,TRUE,0.322219294733919,0.356015351450785
"dm_iso",1,88,FALSE,0.247236549506764,0.3881355687716
"dm_iso",1,89,FALSE,0.6232492903979,0.435783824779229
"dm_iso",1,90,TRUE,0.429752280002408,0.485067156963515
"dm_iso",1,91,TRUE,0.566943971856554,0.47333380474391
"dm_iso",1,92,FALSE,0.605951157564873,0.541041189847817
"dm_iso",1,93,FALSE,0.265996370495079,0.526643452863049
"dm_iso",1,94,FALSE,0.555215405126073,0.371483237438109
"dm_iso",1,95,FALSE,0.638489256954637,0.512591539675974
"dm_iso",1,96,FALSE,0.528145078253106,0.543051769017836
"dm_iso",1,97,FALSE,0.430075055551939,0.543145026421581
"dm_iso",1,98,FALSE,0.184549481320698,0.368556635575757
"dm_iso",1,99,FALSE,0.472537053262077,0.522535189880565
"dm_iso",1,100,FALSE,0.60616631460762,0.522943173442494
"dm_iso",1,101,FALSE,0.685553652846326,0.646988936367594
"dm_iso",1,102,TRUE,0.296665190261531,0.565501201095396
"dm_iso",1,103,FALSE,0.491361693834273,0.542907944858482
"dm_iso",1,104,FALSE,0.513217600067939,0.40218441670596
"dm_iso",1,105,TRUE,0.64738297011462,0.524254415016866
"dm_iso",1,106,FALSE,0.491361693834273,0.523710011032578
"dm_iso",1,107,FALSE,0.406028944963615,0.404736790599287
"dm_iso",1,108,FALSE,0.752025387323213,0.531949870310494
"dm_iso",1,109,TRUE,0.6414741105041,0.431944556692668
"dm_iso",1,110,FALSE,0.416307587059883,0.555423605682544
"dm_iso",1,111,FALSE,0.966610986681934,0.733721867547524
"dm_iso",1,112,FALSE,0.188647295999717,0.369929132932043
"dm_iso",1,113,FALSE,0.708335902682263,0.496820287005127
"dm_iso",1,114,FALSE,0.685741738602264,0.818925223203387
"dm_iso",1,115,FALSE,0.559308010907013,0.447967219035216
"dm_iso",1,116,FALSE,0.355259905527378,0.459838065579646
"dm_iso",1,117,FALSE,0.187520720836463,0.337765908494669
"dm_iso",1,118,TRUE,0.569373909615046,0.500080655368346
"dm_iso",1,119,FALSE,0.572523097849638,0.495937166787598
"dm_iso",1,120,FALSE,0.538070787043172,0.512994259193063
"dm_iso",1,121,FALSE,0.374748346010104,0.406729299542806
"dm_iso",1,122,FALSE,0.294686624279443,0.330708806448709
"dm_iso",1,123,FALSE,0.432969290874406,0.455228606310712
"dm_iso",1,124,TRUE,0.320146286111054,0.524262131769215
"dm_iso",1,125,FALSE,0.574262829707027,0.471400718015106
"dm_iso",1,126,FALSE,0.610234175334389,0.607102360618372
"dm_iso",1,127,FALSE,0.173186268412274,0.214532067719421
"dm_iso",1,128,FALSE,0.314499227973151,0.413897671986847
"dm_iso",1,129,FALSE,0.753330221324521,0.497422371012287
"dm_iso",1,130,FALSE,0.338456493604605,0.477220164050094
"dm_iso",1,131,TRUE,0.0253058652647703,0.209416849359873
"dm_iso",1,132,FALSE,0.21045229296202,0.36573071023146
"dm_iso",1,133,FALSE,0.440121603187804,0.440182418678885
"dm_iso",1,134,FALSE,0.761326322421457,0.628149427068495
"dm_iso",1,135,FALSE,0.188084373714938,0.358820553422405
"dm_iso",1,136,FALSE,0.662757831681574,0.404693353945273
"dm_iso",1,137,FALSE,0.409425868671443,0.455498872801181
"dm_iso",1,138,FALSE,0.387389826338729,0.368390468616285
"dm_iso",1,139,FALSE,0.256236533205923,0.334706127204038
"dm_iso",1,140,FALSE,0.381656482585787,0.415878434810186
"dm_iso",1,141,FALSE,0.43568513794163,0.469415428729793
"dm_iso",1,142,FALSE,0.190331698170291,0.480117914557717
"dm_iso",1,143,TRUE,0.123851640967086,0.267138190158753
"dm_iso",1,144,FALSE,0.208978517276253,0.460967287036858
"dm_iso",1,145,TRUE,0.506505032404872,0.496272502239565
"dm_iso",1,146,FALSE,0.390935107103379,0.411092247110458
"dm_iso",1,147,FALSE,0.442479769064449,0.53392356524806
"dm_iso",1,148,FALSE,0.417139409727326,0.431541592507558
"dm_iso",1,149,FALSE,0.260071387985075,0.367206957341446
"dm_iso",1,150,TRUE,0.308777773664721,0.262549240209783
"dm_iso",1,151,FALSE,0.583198773968623,0.369977131122793
"dm_iso",1,152,TRUE,0.456062224454951,0.488111243843691
"dm_iso",1,153,FALSE,0.370698092575577,0.402883785902339
"dm_iso",1,154,FALSE,0.639486489268586,0.60977527500244
"dm_iso",1,155,FALSE,0.777412321496744,0.455169780189636
"dm_iso",1,156,TRUE,0.590284403718162,0.506515634107526
"dm_iso",1,157,FALSE,0.618215503279417,0.536229072099771
"dm_iso",1,158,FALSE,0.224533062606086,0.489450731283833
"dm_iso",1,159,FALSE,0.234010817587179,0.315385888131734
"dm_iso",1,160,FALSE,0.595826777073223,0.441533699173643
"dm_iso",1,161,TRUE,0.612783856719735,0.518007595134268
"dm_iso",1,162,FALSE,0.581266805273671,0.543692670823519
"dm_iso",1,163,FALSE,0.588383768378728,0.58275651228279
"dm_iso",1,164,FALSE,0.108226656374928,0.456192600066414
"dm_iso",1,165,TRUE,0.381115080709851,0.473410080432876
"dm_iso",1,166,FALSE,0.255272505103306,0.553797023413926
"dm_iso",1,167,FALSE,0.680879174426811,0.518849211582702
"dm_iso",1,168,FALSE,0.564784384503987,0.493807903478206
"dm_iso",1,169,TRUE,0.526339277389844,0.369205850825118
"dm_iso",1,170,FALSE,0.294466226161593,0.424665442702863
"dm_iso",1,171,FALSE,0.612783856719735,0.483656783152912
"dm_iso",1,172,FALSE,0.5182506513085,0.555023074200686
"dm_iso",1,173,FALSE,0.442949869577862,0.353121886199877
"dm_iso",1,174,FALSE,0.505149978319906,0.493432192261293
"dm_iso",1,175,FALSE,0.305995882770805,0.437607317503547
"dm_iso",1,176,TRUE,0.612783856719735,0.386332974708118
"dm_iso",1,177,TRUE,0.204119982655925,0.427119292334764
"dm_iso",1,178,FALSE,0.677333151419902,0.456570730340092
"dm_iso",1,179,FALSE,0.345961541813141,0.520137837585258
"dm_iso",1,180,FALSE,0.361160995195026,0.498806198275884
"dm_iso",1,181,TRUE,0.127104798364808,0.191476373492403
"dm_iso",1,182,FALSE,0.514547752660286,0.323586972337314
"dm_iso",1,183,FALSE,0.362350507594848,0.506167675668659
"dm_iso",1,184,FALSE,0.662757831681574,0.471987850005968
"dm_iso",1,185,FALSE,0.313867220369153,0.39306262334535
"dm_iso",1,186,FALSE,0.839666556882433,0.493724200334128
"dm_iso",1,187,FALSE,0.16999753706657,0.373586555976656
"dm_iso",1,188,FALSE,0.129367595722986,0.0154132734486544
"dm_iso",1,189,FALSE,0.36078268987328,0.368790765517745
"dm_iso",1,190,FALSE,0.429106008332697,0.484228678770607
"dm_iso",1,191,FALSE,0.702602841340427,0.575194097403822
"dm_iso",1,192,FALSE,0.571708831808688,0.461489041273414
"dm_iso",1,193,FALSE,0.343920385393226,0.291672057883199
"dm_iso",1,194,FALSE,0.695131297704026,0.528712611053075
"dm_iso",1,195,FALSE,0.629409599102719,0.536460253923791
"dm_iso",1,196,FALSE,0.414973347970818,0.423854724214367
"dm_iso",1,197,FALSE,0.276231957921834,0.384917282930328
"dm_iso",1,198,FALSE,0.531478917042255,0.530289314360051
"dm_iso",1,199,FALSE,0.236789099409293,0.372050608893721
"dm_iso",1,200,FALSE,0.756407872548958,0.733941930467642
"dm_iso",1,201,FALSE,0.718750734739665,0.56854382238913
"dm_iso",1,202,FALSE,0.515211304327802,0.445359153521593
"dm_iso",1,203,TRUE,0.3654879848909,0.394670006532932
"dm_iso",1,204,TRUE,0.344392273685111,0.460614787420833
"dm_iso",1,205,FALSE,0.196728722623287,0.428929208000242
"dm_iso",1,206,FALSE,0.392696953259666,0.336257005618333
"dm_iso",1,207,FALSE,0.365394376854778,0.459396916781827
"dm_iso",1,208,TRUE,0.389166084364532,0.47287569579705
"dm_iso",1,209,FALSE,0.653212513775344,0.455057728644632
"dm_iso",1,210,FALSE,0.440594261839831,0.395463388254023
"dm_iso",1,211,TRUE,0.202215775801131,0.428784920710083
"dm_iso",1,212,FALSE,0.48572142648158,0.379723400714402
"dm_iso",1,213,FALSE,0.244277120801843,0.444503033310036
"dm_iso",1,214,FALSE,0.372727940885595,0.481878368149009
"dm_iso",1,215,FALSE,0.52244423350632,0.504931411370956
"dm_iso",1,216,FALSE,0.257678574869184,0.408093257339673
"dm_iso",1,217,FALSE,0.384353414137506,0.567978071487816
"dm_iso",1,218,FALSE,0.335858911319818,0.437689716969233
"dm_iso",1,219,FALSE,0.555094448578319,0.496696827581588
"dm_iso",1,220,FALSE,0.271841606536499,0.478831591747047
"dm_iso",1,221,FALSE,0.471291711058939,0.456316815311684
"dm_iso",1,222,TRUE,0.294906910605192,0.453820198499431
"dm_iso",1,223,FALSE,0.655138434811382,0.582007592659871
"dm_iso",1,224,FALSE,0.528916700277655,0.477474121286184
"dm_iso",1,225,TRUE,0.237040791379191,0.506749890008794
"dm_iso",1,226,FALSE,0.777426822389311,0.508786511962966
"dm_iso",1,227,TRUE,0.191730393362856,0.531395839130589
"dm_iso",1,228,FALSE,0.239549720840473,0.467327276843207
"dm_iso",1,229,TRUE,0.582404298019028,0.574807747554701
"dm_iso",1,230,TRUE,0.569373909615046,0.379768488727694
"dm_iso",1,231,FALSE,0.334252642334231,0.427191447359901
"dm_iso",1,232,FALSE,0.406369835469268,0.452599224428729
"dm_iso",1,233,FALSE,0.0597526942092988,0.349009134134801
"dm_iso",1,234,TRUE,0.472463896606989,0.486424679617724
"dm_iso",1,235,FALSE,0.666985718329661,0.450439300195181
"dm_iso",1,236,FALSE,0.65417654187796,0.542358631995235
"dm_iso",1,237,FALSE,0.259593878885949,0.475674973759687
"dm_iso",1,238,FALSE,0.527114111639805,0.545140446739667
"dm_iso",1,239,TRUE,0.367169488534681,0.361298020132185
"dm_iso",1,240,TRUE,0.19228861256812,0.30780221053629
"dm_iso",1,241,FALSE,0.478566495593843,0.30369646710704
"dm_iso",1,242,FALSE,0.253580289562183,0.322031017592387
"dm_iso",1,243,FALSE,0.27554168840131,0.382325176754043
"dm_iso",1,244,FALSE,0.532627001228891,0.382020970432994
"dm_iso",1,245,TRUE,0.542451947375977,0.421122765759826
"dm_iso",1,246,FALSE,0.381836799998343,0.421904968016784
"dm_iso",1,247,TRUE,0.511616020569138,0.564106409081533
"dm_iso",1,248,FALSE,0.476831628512261,0.569929246633028
"dm_iso",1,249,FALSE,0.301029995663981,0.493822148785475
"dm_iso",1,250,FALSE,0.325823419002744,0.379084377746233
"dm_iso",1,251,FALSE,0.586024382386976,0.50480998321542
"dm_iso",1,252,FALSE,0.218535505216528,0.239723544631616
"dm_iso",1,253,FALSE,0.0480531731156091,0.199349446649065
"dm_iso",1,254,FALSE,0.378397900948138,0.54600772640587
"dm_iso",1,255,FALSE,0.595275711802099,0.448072607365248
"dm_iso",1,256,FALSE,0.398807730203264,0.456202365616197
"dm_iso",1,257,FALSE,0.456214155357989,0.433811652155028
"dm_iso",1,258,FALSE,0.641126932803509,0.478503174909267
"dm_iso",1,259,FALSE,0.54020429984206,0.359592817108818
"dm_iso",1,260,FALSE,0.0328201494385639,0.168110765247174
"dm_iso",1,261,FALSE,0.434888120867316,0.502583376345378
"dm_iso",1,262,FALSE,0.332034277027518,0.328830037975453
"dm_iso",1,263,FALSE,0.391816923613249,0.681383606084926
"dm_iso",1,264,TRUE,0.347427598618541,0.309722610823657
"dm_iso",1,265,FALSE,0.352182518111362,0.321678072519486
"dm_iso",1,266,TRUE,0.154119525515847,0.0894948613971793
"dm_iso",1,267,FALSE,0.591398551281249,0.419760338389438
"dm_iso",1,268,TRUE,0.315970345456918,0.397402734293897
"dm_iso",1,269,FALSE,0.470410490975931,0.45780940595487
"dm_iso",1,270,FALSE,0.826074802700826,0.712975303703975
"dm_iso",1,271,TRUE,0.273232834043046,0.391752277363558
"dm_iso",1,272,FALSE,0.234264124378789,0.406094732727152
"dm_iso",1,273,FALSE,0.504878459410216,0.42771524270073
"dm_iso",1,274,FALSE,0.582744965691277,0.376996180651787
"dm_iso",1,275,FALSE,0.542327382773974,0.435107354280507
"dm_iso",1,276,FALSE,0.657055852857104,0.474029487574521
"dm_iso",1,277,FALSE,0.328379603438738,0.384426083427586
"dm_iso",1,278,FALSE,0.4679039465228,0.25747309248515
"dm_iso",1,279,FALSE,0.331427296520743,0.502717379527189
"dm_iso",1,280,FALSE,0.352664799651101,0.478518233307572
"dm_iso",1,281,FALSE,0.437116093048079,0.36267579005423
"dm_iso",1,282,FALSE,0.325043347403704,0.363115909349558
"dm_iso",1,283,FALSE,0.775319121829478,0.517803429718302
"dm_iso",1,284,FALSE,0.526442668529935,0.336911795192903
"dm_iso",1,285,FALSE,0.682145076373832,0.579518263926506
"dm_iso",1,286,FALSE,0.425534220498263,0.499062056764436
"dm_iso",1,287,FALSE,0.659726095237792,0.50822590955363
"dm_iso",1,288,FALSE,0.672097857935718,0.415127516850091
"dm_iso",1,289,FALSE,0.534026106056135,0.428709730929165
"dm_iso",1,290,FALSE,0.615950051656401,0.527727113509875
"dm_iso",1,291,TRUE,0.262451089730429,0.382976702884204
"dm_iso",2,1,TRUE,0.482873583608754,0.281707382053
"dm_iso",2,2,TRUE,0.496929648073215,0.461947403724352
"dm_iso",2,3,TRUE,0.623042434246382,0.492049017670816
"dm_iso",2,4,TRUE,0.523746466811564,0.30237168305382
"dm_iso",2,5,TRUE,0.47567118832443,0.376021175001558
"dm_iso",2,6,TRUE,0.0681858617461616,0.263394011481932
"dm_iso",2,7,FALSE,0.469674772551798,0.318706008762446
"dm_iso",2,8,FALSE,0.387389826338729,0.456802636990038
"dm_iso",2,9,FALSE,0.627365856592733,0.396987317590162
"dm_iso",2,10,FALSE,0.591064607026499,0.430490471582877
"dm_iso",2,11,FALSE,0.218220304175545,0.299274436021667
"dm_iso",2,12,TRUE,0.680335513414563,0.473800361661524
"dm_iso",2,13,TRUE,0.680607428991788,0.533592774691443
"dm_iso",2,14,FALSE,0.721810615212547,0.559846446952489
"dm_iso",2,15,TRUE,0.20682587603185,0.36024833416276
"dm_iso",2,16,TRUE,0.582063362911709,0.382950835791448
"dm_iso",2,17,FALSE,0.696094159995223,0.521160455189811
"dm_iso",2,18,TRUE,0.40823996531185,0.398568970570359
"dm_iso",2,19,FALSE,0.433001340945038,0.455789780233822
"dm_iso",2,20,FALSE,0.653212513775344,0.466648940066361
"dm_iso",2,21,FALSE,0.558072259099146,0.425984687975485
"dm_iso",2,22,FALSE,0.261928672990642,0.241036598353433
"dm_iso",2,23,FALSE,0.862727528317975,0.655513216682022
"dm_iso",2,24,TRUE,0.637489729512511,0.56856417717671
"dm_iso",2,25,FALSE,0.504878459410216,0.390607681129618
"dm_iso",2,26,FALSE,0.286995073968852,0.364981512874108
"dm_iso",2,27,TRUE,0.662757831681574,0.497459512591703
"dm_iso",2,28,FALSE,0.524525936626376,0.476606991896902
"dm_iso",2,29,TRUE,0.406540180433955,0.417832300676908
"dm_iso",2,30,FALSE,0.656098202012832,0.512901837188973
"dm_iso",2,31,FALSE,0.517987203025078,0.350216947087175
"dm_iso",2,32,FALSE,0.703119346236078,0.5322366299563
"dm_iso",2,33,FALSE,0.691081492122968,0.532468172152579
"dm_iso",2,34,FALSE,0.0141423615450058,0.423846318515217
"dm_iso",2,35,FALSE,0.733197265106569,0.69171368971439
"dm_iso",2,36,FALSE,0.408070285887185,0.459279459931654
"dm_iso",2,37,FALSE,0.396024896608593,0.446744073970365
"dm_iso",2,38,FALSE,0.398391440229475,0.486935441223603
"dm_iso",2,39,FALSE,0.770852011642144,0.517116171737503
"dm_iso",2,40,TRUE,0.15836249209525,0.320517768314783
"dm_iso",2,41,FALSE,0.625415352154408,0.483355461577087
"dm_iso",2,42,FALSE,0.496334505996816,0.532680474629647
"dm_iso",2,43,FALSE,0.679427896612119,0.631547143655426
"dm_iso",2,44,FALSE,0.610116955411928,0.478696593620074
"dm_iso",2,45,FALSE,0.645913275033844,0.465954250188102
"dm_iso",2,46,FALSE,0.465382851448418,0.442534917668641
"dm_iso",2,47,FALSE,0.569490954348783,0.54357971542718
"dm_iso",2,48,FALSE,0.187520720836463,0.350180855450329
"dm_iso",2,49,FALSE,0.465813957269479,0.494868696494188
"dm_iso",2,50,FALSE,0.231214647962601,0.53384833938196
"dm_iso",2,51,FALSE,0.670802284260944,0.622626942846532
"dm_iso",2,52,FALSE,0.459935016851525,0.522264541095358
"dm_iso",2,53,FALSE,0.287129620719111,0.374941654588488
"dm_iso",2,54,FALSE,0.6232492903979,0.545418859173324
"dm_iso",2,55,FALSE,0.8109042806687,0.645210746801807
"dm_iso",2,56,TRUE,0.354108439147401,0.143776196674483
"dm_iso",2,57,FALSE,0.129141845792285,0.425076853176154
"dm_iso",2,58,FALSE,0.244969460136198,0.354820174615512
"dm_iso",2,59,FALSE,0.364363354615731,0.406970376530251
"dm_iso",2,60,TRUE,0.334212409393176,0.442510511849508
"dm_iso",2,61,FALSE,0.489677291663699,0.501223058323544
"dm_iso",2,62,FALSE,0.525304009958239,0.456765670540822
"dm_iso",2,63,TRUE,0.406540180433955,0.413531201512531
"dm_iso",2,64,FALSE,0.335457900689384,0.561558189415538
"dm_iso",2,65,FALSE,0.419873175149476,0.504489777151821
"dm_iso",2,66,FALSE,0.397227181043161,0.478326685509811
"dm_iso",2,67,TRUE,0.59659709562646,0.625055287958941
"dm_iso",2,68,FALSE,0.260071387985075,0.455696934530402
"dm_iso",2,69,FALSE,0.489466281303128,0.591883675040686
"dm_iso",2,70,FALSE,0.544018407858776,0.704653007727684
"dm_iso",2,71,TRUE,0.222976449893391,0.362830833411997
"dm_iso",2,72,FALSE,0.665205628434601,0.712348795190109
"dm_iso",2,73,FALSE,0.537819095073274,0.567006491022841
"dm_iso",2,74,FALSE,0.501059262217751,0.533109980886916
"dm_iso",2,75,FALSE,0.415699348887829,0.453961385396538
"dm_iso",2,76,TRUE,0.298853076409707,0.432699078473284
"dm_iso",2,77,TRUE,0.289365951520032,0.312153836676073
"dm_iso",2,78,FALSE,0.497620649781288,0.338006836271005
"dm_iso",2,79,TRUE,0.778151250383644,0.564188757810533
"dm_iso",2,80,TRUE,0.260071387985075,0.387560065871386
"dm_iso",2,81,FALSE,0.367542273520577,0.475891771938158
"dm_iso",2,82,FALSE,0.534026106056135,0.476275733279573
"dm_iso",2,83,FALSE,0.287129620719111,0.316983586378143
"dm_iso",2,84,FALSE,0.469822015978163,0.39156783709319
"dm_iso",2,85,TRUE,0.399673721481038,0.357135965355204
"dm_iso",2,86,FALSE,0.307496037913213,0.250114161579372
"dm_iso",2,87,TRUE,0.322219294733919,0.306781403437313
"dm_iso",2,88,FALSE,0.247236549506764,0.388357476735117
"dm_iso",2,89,FALSE,0.6232492903979,0.457411735890951
"dm_iso",2,90,TRUE,0.429752280002408,0.470817776903571
"dm_iso",2,91,TRUE,0.566943971856554,0.465972023579159
"dm_iso",2,92,FALSE,0.605951157564873,0.578981741499517
"dm_iso",2,93,FALSE,0.265996370495079,0.483434508988428
"dm_iso",2,94,FALSE,0.555215405126073,0.376254520405564
"dm_iso",2,95,FALSE,0.638489256954637,0.495510352723896
"dm_iso",2,96,FALSE,0.528145078253106,0.540634989579933
"dm_iso",2,97,FALSE,0.430075055551939,0.526743452886265
"dm_iso",2,98,FALSE,0.184549481320698,0.383404439726133
"dm_iso",2,99,FALSE,0.472537053262077,0.521673644354339
"dm_iso",2,100,FALSE,0.60616631460762,0.569643112211062
"dm_iso",2,101,FALSE,0.685553652846326,0.565771062795486
"dm_iso",2,102,TRUE,0.296665190261531,0.528696782851713
"dm_iso",2,103,FALSE,0.491361693834273,0.567757873102687
"dm_iso",2,104,FALSE,0.513217600067939,0.370462246542967
"dm_iso",2,105,TRUE,0.64738297011462,0.568974962226947
"dm_iso",2,106,FALSE,0.491361693834273,0.519139481022343
"dm_iso",2,107,FALSE,0.406028944963615,0.350937710555619
"dm_iso",2,108,FALSE,0.752025387323213,0.519854435239325
"dm_iso",2,109,TRUE,0.6414741105041,0.438530975606649
"dm_iso",2,110,FALSE,0.416307587059883,0.539821457427082
"dm_iso",2,111,FALSE,0.966610986681934,0.736853887039193
"dm_iso",2,112,FALSE,0.188647295999717,0.348467632364219
"dm_iso",2,113,FALSE,0.708335902682263,0.495034580874512
"dm_iso",2,114,FALSE,0.685741738602264,0.873792070647677
"dm_iso",2,115,FALSE,0.559308010907013,0.441158518954261
"dm_iso",2,116,FALSE,0.355259905527378,0.44502135790145
"dm_iso",2,117,FALSE,0.187520720836463,0.34440188927833
"dm_iso",2,118,TRUE,0.569373909615046,0.500684738451861
"dm_iso",2,119,FALSE,0.572523097849638,0.545661104822595
"dm_iso",2,120,FALSE,0.538070787043172,0.518213575609913
"dm_iso",2,121,FALSE,0.374748346010104,0.35748492005496
"dm_iso",2,122,FALSE,0.294686624279443,0.320400038289447
"dm_iso",2,123,FALSE,0.432969290874406,0.460626738944968
"dm_iso",2,124,TRUE,0.320146286111054,0.552660956369085
"dm_iso",2,125,FALSE,0.574262829707027,0.469537246414398
"dm_iso",2,126,FALSE,0.610234175334389,0.612930386803222
"dm_iso",2,127,FALSE,0.173186268412274,0.22912208253555
"dm_iso",2,128,FALSE,0.314499227973151,0.423939434127675
"dm_iso",2,129,FALSE,0.753330221324521,0.497362440142344
"dm_iso",2,130,FALSE,0.338456493604605,0.483184335737332
"dm_iso",2,131,TRUE,0.0253058652647703,0.259325185770876
"dm_iso",2,132,FALSE,0.21045229296202,0.41153060598789
"dm_iso",2,133,FALSE,0.440121603187804,0.459316530477723
"dm_iso",2,134,FALSE,0.761326322421457,0.58587642109334
"dm_iso",2,135,FALSE,0.188084373714938,0.417429178837648
"dm_iso",2,136,FALSE,0.662757831681574,0.406372002333928
"dm_iso",2,137,FALSE,0.409425868671443,0.439766964406734
"dm_iso",2,138,FALSE,0.387389826338729,0.318181472238239
"dm_iso",2,139,FALSE,0.256236533205923,0.440765301748874
"dm_iso",2,140,FALSE,0.381656482585787,0.420845541497221
"dm_iso",2,141,FALSE,0.43568513794163,0.467271741399918
"dm_iso",2,142,FALSE,0.190331698170291,0.427401020228397
"dm_iso",2,143,TRUE,0.123851640967086,0.347054464996891
"dm_iso",2,144,FALSE,0.208978517276253,0.447754358767958
"dm_iso",2,145,TRUE,0.506505032404872,0.400971760992619
"dm_iso",2,146,FALSE,0.390935107103379,0.444958308716068
"dm_iso",2,147,FALSE,0.442479769064449,0.5051891907373
"dm_iso",2,148,FALSE,0.417139409727326,0.458207900041893
"dm_iso",2,149,FALSE,0.260071387985075,0.401370352861151
"dm_iso",2,150,TRUE,0.308777773664721,0.226850526543997
"dm_iso",2,151,FALSE,0.583198773968623,0.435200999239214
"dm_iso",2,152,TRUE,0.456062224454951,0.494837950035569
"dm_iso",2,153,FALSE,0.370698092575577,0.407405135615449
"dm_iso",2,154,FALSE,0.639486489268586,0.638019821241809
"dm_iso",2,155,FALSE,0.777412321496744,0.44642824428261
"dm_iso",2,156,TRUE,0.590284403718162,0.477188024720357
"dm_iso",2,157,FALSE,0.618215503279417,0.562254895446308
"dm_iso",2,158,FALSE,0.224533062606086,0.528215956921009
"dm_iso",2,159,FALSE,0.234010817587179,0.303409227233623
"dm_iso",2,160,FALSE,0.595826777073223,0.445940896518051
"dm_iso",2,161,TRUE,0.612783856719735,0.521889743762658
"dm_iso",2,162,FALSE,0.581266805273671,0.560567605627065
"dm_iso",2,163,FALSE,0.588383768378728,0.584145998186265
"dm_iso",2,164,FALSE,0.108226656374928,0.413246956520062
"dm_iso",2,165,TRUE,0.381115080709851,0.416611858594011
"dm_iso",2,166,FALSE,0.255272505103306,0.546535320520412
"dm_iso",2,167,FALSE,0.680879174426811,0.479543846890318
"dm_iso",2,168,FALSE,0.564784384503987,0.498197319272262
"dm_iso",2,169,TRUE,0.526339277389844,0.379426653651933
"dm_iso",2,170,FALSE,0.294466226161593,0.438871485944856
"dm_iso",2,171,FALSE,0.612783856719735,0.474049559476943
"dm_iso",2,172,FALSE,0.5182506513085,0.565905252418723
"dm_iso",2,173,FALSE,0.442949869577862,0.435481148203225
"dm_iso",2,174,FALSE,0.505149978319906,0.478601980985491
"dm_iso",2,175,FALSE,0.305995882770805,0.470808918328134
"dm_iso",2,176,TRUE,0.612783856719735,0.441240515427606
"dm_iso",2,177,TRUE,0.204119982655925,0.428510386594342
"dm_iso",2,178,FALSE,0.677333151419902,0.448411756346168
"dm_iso",2,179,FALSE,0.345961541813141,0.415288289881938
"dm_iso",2,180,FALSE,0.361160995195026,0.495346569739638
"dm_iso",2,181,TRUE,0.127104798364808,0.183396455609621
"dm_iso",2,182,FALSE,0.514547752660286,0.309730540734627
"dm_iso",2,183,FALSE,0.362350507594848,0.48671088766084
"dm_iso",2,184,FALSE,0.662757831681574,0.475238939761883
"dm_iso",2,185,FALSE,0.313867220369153,0.418189497338684
"dm_iso",2,186,FALSE,0.839666556882433,0.498702085525286
"dm_iso",2,187,FALSE,0.16999753706657,0.361109545500639
"dm_iso",2,188,FALSE,0.129367595722986,0.0129633290500954
"dm_iso",2,189,FALSE,0.36078268987328,0.345849337028951
"dm_iso",2,190,FALSE,0.429106008332697,0.474821117739662
"dm_iso",2,191,FALSE,0.702602841340427,0.570835921923503
"dm_iso",2,192,FALSE,0.571708831808688,0.455929433676984
"dm_iso",2,193,FALSE,0.343920385393226,0.283052264936145
"dm_iso",2,194,FALSE,0.695131297704026,0.514452908063719
"dm_iso",2,195,FALSE,0.629409599102719,0.553587466501434
"dm_iso",2,196,FALSE,0.414973347970818,0.406291401856313
"dm_iso",2,197,FALSE,0.276231957921834,0.404961899183937
"dm_iso",2,198,FALSE,0.531478917042255,0.549226700104474
"dm_iso",2,199,FALSE,0.236789099409293,0.381237717921212
"dm_iso",2,200,FALSE,0.756407872548958,0.779343852882444
"dm_iso",2,201,FALSE,0.718750734739665,0.567296645501365
"dm_iso",2,202,FALSE,0.515211304327802,0.444213343049496
"dm_iso",2,203,TRUE,0.3654879848909,0.408074900472976
"dm_iso",2,204,TRUE,0.344392273685111,0.430393214011517
"dm_iso",2,205,FALSE,0.196728722623287,0.462045347059335
"dm_iso",2,206,FALSE,0.392696953259666,0.418415311406906
"dm_iso",2,207,FALSE,0.365394376854778,0.455491120481287
"dm_iso",2,208,TRUE,0.389166084364532,0.490782532032239
"dm_iso",2,209,FALSE,0.653212513775344,0.48373929358197
"dm_iso",2,210,FALSE,0.440594261839831,0.390622362467289
"dm_iso",2,211,TRUE,0.202215775801131,0.39468070382261
"dm_iso",2,212,FALSE,0.48572142648158,0.407039526972668
"dm_iso",2,213,FALSE,0.244277120801843,0.493524084069732
"dm_iso",2,214,FALSE,0.372727940885595,0.468287518627897
"dm_iso",2,215,FALSE,0.52244423350632,0.495136509443829
"dm_iso",2,216,FALSE,0.257678574869184,0.371370792779459
"dm_iso",2,217,FALSE,0.384353414137506,0.534928418246583
"dm_iso",2,218,FALSE,0.335858911319818,0.466677922168893
"dm_iso",2,219,FALSE,0.555094448578319,0.50146322340927
"dm_iso",2,220,FALSE,0.271841606536499,0.524514728162313
"dm_iso",2,221,FALSE,0.471291711058939,0.433016206569354
"dm_iso",2,222,TRUE,0.294906910605192,0.457827006768643
"dm_iso",2,223,FALSE,0.655138434811382,0.590654629339278
"dm_iso",2,224,FALSE,0.528916700277655,0.490355332302354
"dm_iso",2,225,TRUE,0.237040791379191,0.481392284027377
"dm_iso",2,226,FALSE,0.777426822389311,0.528738528015692
"dm_iso",2,227,TRUE,0.191730393362856,0.475250077590722
"dm_iso",2,228,FALSE,0.239549720840473,0.442697536836235
"dm_iso",2,229,TRUE,0.582404298019028,0.57082279990777
"dm_iso",2,230,TRUE,0.569373909615046,0.429865128430116
"dm_iso",2,231,FALSE,0.334252642334231,0.432837150048146
"dm_iso",2,232,FALSE,0.406369835469268,0.467926507541085
"dm_iso",2,233,FALSE,0.0597526942092988,0.314739174673736
"dm_iso",2,234,TRUE,0.472463896606989,0.448691596039812
"dm_iso",2,235,FALSE,0.666985718329661,0.44617444117758
"dm_iso",2,236,FALSE,0.65417654187796,0.52978731249497
"dm_iso",2,237,FALSE,0.259593878885949,0.49015609963663
"dm_iso",2,238,FALSE,0.527114111639805,0.55284647711878
"dm_iso",2,239,TRUE,0.367169488534681,0.360269173696846
"dm_iso",2,240,TRUE,0.19228861256812,0.333359384316712
"dm_iso",2,241,FALSE,0.478566495593843,0.32033061310619
"dm_iso",2,242,FALSE,0.253580289562183,0.399513831753542
"dm_iso",2,243,FALSE,0.27554168840131,0.388016649209664
"dm_iso",2,244,FALSE,0.532627001228891,0.381724644957748
"dm_iso",2,245,TRUE,0.542451947375977,0.404252061149178
"dm_iso",2,246,FALSE,0.381836799998343,0.415588224504231
"dm_iso",2,247,TRUE,0.511616020569138,0.584589443277561
"dm_iso",2,248,FALSE,0.476831628512261,0.600092837315584
"dm_iso",2,249,FALSE,0.301029995663981,0.50610202977519
"dm_iso",2,250,FALSE,0.325823419002744,0.344287847628858
"dm_iso",2,251,FALSE,0.586024382386976,0.500688902650951
"dm_iso",2,252,FALSE,0.218535505216528,0.252951410165206
"dm_iso",2,253,FALSE,0.0480531731156091,0.2104943834681
"dm_iso",2,254,FALSE,0.378397900948138,0.575170553739408
"dm_iso",2,255,FALSE,0.595275711802099,0.448259496682199
"dm_iso",2,256,FALSE,0.398807730203264,0.453195215464992
"dm_iso",2,257,FALSE,0.456214155357989,0.429412335899335
"dm_iso",2,258,FALSE,0.641126932803509,0.447605936184757
"dm_iso",2,259,FALSE,0.54020429984206,0.362553952184174
"dm_iso",2,260,FALSE,0.0328201494385639,0.159133285885567
"dm_iso",2,261,FALSE,0.434888120867316,0.506424555890534
"dm_iso",2,262,FALSE,0.332034277027518,0.332519790616775
"dm_iso",2,263,FALSE,0.391816923613249,0.707414568965652
"dm_iso",2,264,TRUE,0.347427598618541,0.33009781049344
"dm_iso",2,265,FALSE,0.352182518111362,0.276381272640935
"dm_iso",2,266,TRUE,0.154119525515847,0.094310616653485
"dm_iso",2,267,FALSE,0.591398551281249,0.420582151175113
"dm_iso",2,268,TRUE,0.315970345456918,0.422559443965664
"dm_iso",2,269,FALSE,0.470410490975931,0.460901515244871
"dm_iso",2,270,FALSE,0.826074802700826,0.749319330175735
"dm_iso",2,271,TRUE,0.273232834043046,0.338058089082544
"dm_iso",2,272,FALSE,0.234264124378789,0.359594391391669
"dm_iso",2,273,FALSE,0.504878459410216,0.414626808502341
"dm_iso",2,274,FALSE,0.582744965691277,0.359166281875515
"dm_iso",2,275,FALSE,0.542327382773974,0.475689188188931
"dm_iso",2,276,FALSE,0.657055852857104,0.463117364514251
"dm_iso",2,277,FALSE,0.328379603438738,0.383384883375214
"dm_iso",2,278,FALSE,0.4679039465228,0.264114236592768
"dm_iso",2,279,FALSE,0.331427296520743,0.468677841770859
"dm_iso",2,280,FALSE,0.352664799651101,0.476040116413381
"dm_iso",2,281,FALSE,0.437116093048079,0.324985736175304
"dm_iso",2,282,FALSE,0.325043347403704,0.370417364152974
"dm_iso",2,283,FALSE,0.775319121829478,0.473133239374625
"dm_iso",2,284,FALSE,0.526442668529935,0.397033009874973
"dm_iso",2,285,FALSE,0.682145076373832,0.531406045119802
"dm_iso",2,286,FALSE,0.425534220498263,0.540574101225851
"dm_iso",2,287,FALSE,0.659726095237792,0.461356423542712
"dm_iso",2,288,FALSE,0.672097857935718,0.400427767911599
"dm_iso",2,289,FALSE,0.534026106056135,0.43413816230786
"dm_iso",2,290,FALSE,0.615950051656401,0.528067243188165
"dm_iso",2,291,TRUE,0.262451089730429,0.269500297946804
"dm_iso",3,1,TRUE,0.482873583608754,0.329678586626848
"dm_iso",3,2,TRUE,0.496929648073215,0.476494714350988
"dm_iso",3,3,TRUE,0.623042434246382,0.485695556681794
"dm_iso",3,4,TRUE,0.523746466811564,0.240594388338302
"dm_iso",3,5,TRUE,0.47567118832443,0.418015682437041
"dm_iso",3,6,TRUE,0.0681858617461616,0.381845598333154
"dm_iso",3,7,FALSE,0.469674772551798,0.373896893586546
"dm_iso",3,8,FALSE,0.387389826338729,0.471595984663251
"dm_iso",3,9,FALSE,0.627365856592733,0.450886754648634
"dm_iso",3,10,FALSE,0.591064607026499,0.427709459850978
"dm_iso",3,11,FALSE,0.218220304175545,0.344227197969637
"dm_iso",3,12,TRUE,0.680335513414563,0.446057950666872
"dm_iso",3,13,TRUE,0.680607428991788,0.543865887045174
"dm_iso",3,14,FALSE,0.721810615212547,0.574896271759859
"dm_iso",3,15,TRUE,0.20682587603185,0.345471416888809
"dm_iso",3,16,TRUE,0.582063362911709,0.419371656581627
"dm_iso",3,17,FALSE,0.696094159995223,0.542260569214903
"dm_iso",3,18,TRUE,0.40823996531185,0.360965531080795
"dm_iso",3,19,FALSE,0.433001340945038,0.436583742709168
"dm_iso",3,20,FALSE,0.653212513775344,0.465564382177857
"dm_iso",3,21,FALSE,0.558072259099146,0.427201595252445
"dm_iso",3,22,FALSE,0.261928672990642,0.238548745810564
"dm_iso",3,23,FALSE,0.862727528317975,0.657395042003351
"dm_iso",3,24,TRUE,0.637489729512511,0.552252664063274
"dm_iso",3,25,FALSE,0.504878459410216,0.375488537357177
"dm_iso",3,26,FALSE,0.286995073968852,0.38723578364995
"dm_iso",3,27,TRUE,0.662757831681574,0.442201394916905
"dm_iso",3,28,FALSE,0.524525936626376,0.476314968577044
"dm_iso",3,29,TRUE,0.406540180433955,0.494201179381643
"dm_iso",3,30,FALSE,0.656098202012832,0.553881665146848
"dm_iso",3,31,FALSE,0.517987203025078,0.41878447455297
"dm_iso",3,32,FALSE,0.703119346236078,0.553492749162771
"dm_iso",3,33,FALSE,0.691081492122968,0.543220578241378
"dm_iso",3,34,FALSE,0.0141423615450058,0.393492297324697
"dm_iso",3,35,FALSE,0.733197265106569,0.654610547122511
"dm_iso",3,36,FALSE,0.408070285887185,0.411006793838075
"dm_iso",3,37,FALSE,0.396024896608593,0.46207679981026
"dm_iso",3,38,FALSE,0.398391440229475,0.497148360577302
"dm_iso",3,39,FALSE,0.770852011642144,0.541248245613423
"dm_iso",3,40,TRUE,0.15836249209525,0.373679788226479
"dm_iso",3,41,FALSE,0.625415352154408,0.512327112537071
"dm_iso",3,42,FALSE,0.496334505996816,0.51725211461526
"dm_iso",3,43,FALSE,0.679427896612119,0.575755741488278
"dm_iso",3,44,FALSE,0.610116955411928,0.478007408224007
"dm_iso",3,45,FALSE,0.645913275033844,0.461832747714677
"dm_iso",3,46,FALSE,0.465382851448418,0.416059352185796
"dm_iso",3,47,FALSE,0.569490954348783,0.570328098724236
"dm_iso",3,48,FALSE,0.187520720836463,0.281920415109178
"dm_iso",3,49,FALSE,0.465813957269479,0.47327687236432
"dm_iso",3,50,FALSE,0.231214647962601,0.51423116817511
"dm_iso",3,51,FALSE,0.670802284260944,0.560392783095981
"dm_iso",3,52,FALSE,0.459935016851525,0.527243286031637
"dm_iso",3,53,FALSE,0.287129620719111,0.371564500350388
"dm_iso",3,54,FALSE,0.6232492903979,0.544199067087351
"dm_iso",3,55,FALSE,0.8109042806687,0.667258104708672
"dm_iso",3,56,TRUE,0.354108439147401,0.29265406779446
"dm_iso",3,57,FALSE,0.129141845792285,0.421915559957156
"dm_iso",3,58,FALSE,0.244969460136198,0.343254233997471
"dm_iso",3,59,FALSE,0.364363354615731,0.421104650984242
"dm_iso",3,60,TRUE,0.334212409393176,0.367024333066244
"dm_iso",3,61,FALSE,0.489677291663699,0.528631289118822
"dm_iso",3,62,FALSE,0.525304009958239,0.488565694986961
"dm_iso",3,63,TRUE,0.406540180433955,0.420996816097801
"dm_iso",3,64,FALSE,0.335457900689384,0.558796306480912
"dm_iso",3,65,FALSE,0.419873175149476,0.535727505409821
"dm_iso",3,66,FALSE,0.397227181043161,0.556491884124118
"dm_iso",3,67,TRUE,0.59659709562646,0.625422281795074
"dm_iso",3,68,FALSE,0.260071387985075,0.464585214257882
"dm_iso",3,69,FALSE,0.489466281303128,0.572696378554897
"dm_iso",3,70,FALSE,0.544018407858776,0.69343856915929
"dm_iso",3,71,TRUE,0.222976449893391,0.240336067457721
"dm_iso",3,72,FALSE,0.665205628434601,0.65185944327121
"dm_iso",3,73,FALSE,0.537819095073274,0.584825773245823
"dm_iso",3,74,FALSE,0.501059262217751,0.544424157307868
"dm_iso",3,75,FALSE,0.415699348887829,0.454847843797949
"dm_iso",3,76,TRUE,0.298853076409707,0.409333208077115
"dm_iso",3,77,TRUE,0.289365951520032,0.288013489560608
"dm_iso",3,78,FALSE,0.497620649781288,0.339715275365836
"dm_iso",3,79,TRUE,0.778151250383644,0.508139674337826
"dm_iso",3,80,TRUE,0.260071387985075,0.372329897051627
"dm_iso",3,81,FALSE,0.367542273520577,0.479619848449138
"dm_iso",3,82,FALSE,0.534026106056135,0.464745248628582
"dm_iso",3,83,FALSE,0.287129620719111,0.293620572019714
"dm_iso",3,84,FALSE,0.469822015978163,0.38385649426744
"dm_iso",3,85,TRUE,0.399673721481038,0.401714222257513
"dm_iso",3,86,FALSE,0.307496037913213,0.267419590526674
"dm_iso",3,87,TRUE,0.322219294733919,0.314627820483163
"dm_iso",3,88,FALSE,0.247236549506764,0.386584211502839
"dm_iso",3,89,FALSE,0.6232492903979,0.469123232951397
"dm_iso",3,90,TRUE,0.429752280002408,0.474426439502757
"dm_iso",3,91,TRUE,0.566943971856554,0.413230117551809
"dm_iso",3,92,FALSE,0.605951157564873,0.528322350242519
"dm_iso",3,93,FALSE,0.265996370495079,0.530541542213854
"dm_iso",3,94,FALSE,0.555215405126073,0.400060572564396
"dm_iso",3,95,FALSE,0.638489256954637,0.488781606558202
"dm_iso",3,96,FALSE,0.528145078253106,0.546937375805018
"dm_iso",3,97,FALSE,0.430075055551939,0.552895301842338
"dm_iso",3,98,FALSE,0.184549481320698,0.388391648980664
"dm_iso",3,99,FALSE,0.472537053262077,0.547340918899852
"dm_iso",3,100,FALSE,0.60616631460762,0.507657010832187
"dm_iso",3,101,FALSE,0.685553652846326,0.634632186577391
"dm_iso",3,102,TRUE,0.296665190261531,0.511516130200013
"dm_iso",3,103,FALSE,0.491361693834273,0.564038975999038
"dm_iso",3,104,FALSE,0.513217600067939,0.413011418116944
"dm_iso",3,105,TRUE,0.64738297011462,0.633434315974058
"dm_iso",3,106,FALSE,0.491361693834273,0.529477935309737
"dm_iso",3,107,FALSE,0.406028944963615,0.420031281172176
"dm_iso",3,108,FALSE,0.752025387323213,0.504983989810562
"dm_iso",3,109,TRUE,0.6414741105041,0.399605948266232
"dm_iso",3,110,FALSE,0.416307587059883,0.575567064517381
"dm_iso",3,111,FALSE,0.966610986681934,0.702072979245058
"dm_iso",3,112,FALSE,0.188647295999717,0.34648999836161
"dm_iso",3,113,FALSE,0.708335902682263,0.517574507437738
"dm_iso",3,114,FALSE,0.685741738602264,0.803350200308036
"dm_iso",3,115,FALSE,0.559308010907013,0.478127480464486
"dm_iso",3,116,FALSE,0.355259905527378,0.454606013806684
"dm_iso",3,117,FALSE,0.187520720836463,0.340352688924723
"dm_iso",3,118,TRUE,0.569373909615046,0.544495447153272
"dm_iso",3,119,FALSE,0.572523097849638,0.484809077825129
"dm_iso",3,120,FALSE,0.538070787043172,0.54304842725677
"dm_iso",3,121,FALSE,0.374748346010104,0.343597897106573
"dm_iso",3,122,FALSE,0.294686624279443,0.363895785652286
"dm_iso",3,123,FALSE,0.432969290874406,0.461478064019224
"dm_iso",3,124,TRUE,0.320146286111054,0.549136292126677
"dm_iso",3,125,FALSE,0.574262829707027,0.466463016284418
"dm_iso",3,126,FALSE,0.610234175334389,0.612468549987336
"dm_iso",3,127,FALSE,0.173186268412274,0.161260959015942
"dm_iso",3,128,FALSE,0.314499227973151,0.423589216369924
"dm_iso",3,129,FALSE,0.753330221324521,0.542818645264682
"dm_iso",3,130,FALSE,0.338456493604605,0.48185039691116
"dm_iso",3,131,TRUE,0.0253058652647703,0.307878918383828
"dm_iso",3,132,FALSE,0.21045229296202,0.446431152748736
"dm_iso",3,133,FALSE,0.440121603187804,0.520462312692368
"dm_iso",3,134,FALSE,0.761326322421457,0.617022669952342
"dm_iso",3,135,FALSE,0.188084373714938,0.38193899275827
"dm_iso",3,136,FALSE,0.662757831681574,0.39326410796415
"dm_iso",3,137,FALSE,0.409425868671443,0.476044094643224
"dm_iso",3,138,FALSE,0.387389826338729,0.344621151928483
"dm_iso",3,139,FALSE,0.256236533205923,0.393769607820356
"dm_iso",3,140,FALSE,0.381656482585787,0.448425375779489
"dm_iso",3,141,FALSE,0.43568513794163,0.481154616295902
"dm_iso",3,142,FALSE,0.190331698170291,0.409516495148181
"dm_iso",3,143,TRUE,0.123851640967086,0.411834290923125
"dm_iso",3,144,FALSE,0.208978517276253,0.47305383178012
"dm_iso",3,145,TRUE,0.506505032404872,0.399720732133404
"dm_iso",3,146,FALSE,0.390935107103379,0.442222545657554
"dm_iso",3,147,FALSE,0.442479769064449,0.514143853046902
"dm_iso",3,148,FALSE,0.417139409727326,0.430863683906969
"dm_iso",3,149,FALSE,0.260071387985075,0.404844585866547
"dm_iso",3,150,TRUE,0.308777773664721,0.331891080113392
"dm_iso",3,151,FALSE,0.583198773968623,0.381904813119125
"dm_iso",3,152,TRUE,0.456062224454951,0.435463849020604
"dm_iso",3,153,FALSE,0.370698092575577,0.394329332061197
"dm_iso",3,154,FALSE,0.639486489268586,0.635570388474424
"dm_iso",3,155,FALSE,0.777412321496744,0.442781016123688
"dm_iso",3,156,TRUE,0.590284403718162,0.493559573251956
"dm_iso",3,157,FALSE,0.618215503279417,0.561787597774323
"dm_iso",3,158,FALSE,0.224533062606086,0.422622938210986
"dm_iso",3,159,FALSE,0.234010817587179,0.285721665005434
"dm_iso",3,160,FALSE,0.595826777073223,0.436361815110494
"dm_iso",3,161,TRUE,0.612783856719735,0.496184696481219
"dm_iso",3,162,FALSE,0.581266805273671,0.560683224930021
"dm_iso",3,163,FALSE,0.588383768378728,0.570160871623417
"dm_iso",3,164,FALSE,0.108226656374928,0.431455114921633
"dm_iso",3,165,TRUE,0.381115080709851,0.46118081338467
"dm_iso",3,166,FALSE,0.255272505103306,0.526936962899437
"dm_iso",3,167,FALSE,0.680879174426811,0.501251434543272
"dm_iso",3,168,FALSE,0.564784384503987,0.496760913670908
"dm_iso",3,169,TRUE,0.526339277389844,0.330228040920478
"dm_iso",3,170,FALSE,0.294466226161593,0.410451516880859
"dm_iso",3,171,FALSE,0.612783856719735,0.452440740620064
"dm_iso",3,172,FALSE,0.5182506513085,0.568929319489486
"dm_iso",3,173,FALSE,0.442949869577862,0.411010754218689
"dm_iso",3,174,FALSE,0.505149978319906,0.490085873755303
"dm_iso",3,175,FALSE,0.305995882770805,0.404707321200202
"dm_iso",3,176,TRUE,0.612783856719735,0.349569577785757
"dm_iso",3,177,TRUE,0.204119982655925,0.454576604521985
"dm_iso",3,178,FALSE,0.677333151419902,0.461551637601903
"dm_iso",3,179,FALSE,0.345961541813141,0.485618834814752
"dm_iso",3,180,FALSE,0.361160995195026,0.479666816979207
"dm_iso",3,181,TRUE,0.127104798364808,0.202725814708639
"dm_iso",3,182,FALSE,0.514547752660286,0.293904066523423
"dm_iso",3,183,FALSE,0.362350507594848,0.498809040847052
"dm_iso",3,184,FALSE,0.662757831681574,0.447174634497273
"dm_iso",3,185,FALSE,0.313867220369153,0.422279720298836
"dm_iso",3,186,FALSE,0.839666556882433,0.427451520142475
"dm_iso",3,187,FALSE,0.16999753706657,0.360984580243152
"dm_iso",3,188,FALSE,0.129367595722986,0.129091247630779
"dm_iso",3,189,FALSE,0.36078268987328,0.364136116216475
"dm_iso",3,190,FALSE,0.429106008332697,0.497105798749392
"dm_iso",3,191,FALSE,0.702602841340427,0.575080590385197
"dm_iso",3,192,FALSE,0.571708831808688,0.470892564692257
"dm_iso",3,193,FALSE,0.343920385393226,0.294062750803076
"dm_iso",3,194,FALSE,0.695131297704026,0.532487988685778
"dm_iso",3,195,FALSE,0.629409599102719,0.538397134586901
"dm_iso",3,196,FALSE,0.414973347970818,0.418285941339436
"dm_iso",3,197,FALSE,0.276231957921834,0.379570975632738
"dm_iso",3,198,FALSE,0.531478917042255,0.52249700106036
"dm_iso",3,199,FALSE,0.236789099409293,0.375607990006512
"dm_iso",3,200,FALSE,0.756407872548958,0.715923867313036
"dm_iso",3,201,FALSE,0.718750734739665,0.531577526360501
"dm_iso",3,202,FALSE,0.515211304327802,0.435030136742851
"dm_iso",3,203,TRUE,0.3654879848909,0.338449289340996
"dm_iso",3,204,TRUE,0.344392273685111,0.462522262065783
"dm_iso",3,205,FALSE,0.196728722623287,0.459203994487465
"dm_iso",3,206,FALSE,0.392696953259666,0.350692763707294
"dm_iso",3,207,FALSE,0.365394376854778,0.437178155713497
"dm_iso",3,208,TRUE,0.389166084364532,0.463046779916666
"dm_iso",3,209,FALSE,0.653212513775344,0.505058837278417
"dm_iso",3,210,FALSE,0.440594261839831,0.421175828108509
"dm_iso",3,211,TRUE,0.202215775801131,0.453593106020095
"dm_iso",3,212,FALSE,0.48572142648158,0.424010115615345
"dm_iso",3,213,FALSE,0.244277120801843,0.501731715597685
"dm_iso",3,214,FALSE,0.372727940885595,0.512762239894252
"dm_iso",3,215,FALSE,0.52244423350632,0.470273269081713
"dm_iso",3,216,FALSE,0.257678574869184,0.392356512029978
"dm_iso",3,217,FALSE,0.384353414137506,0.57373843264291
"dm_iso",3,218,FALSE,0.335858911319818,0.449283288984729
"dm_iso",3,219,FALSE,0.555094448578319,0.486531120030094
"dm_iso",3,220,FALSE,0.271841606536499,0.483402405075329
"dm_iso",3,221,FALSE,0.471291711058939,0.445402395351245
"dm_iso",3,222,TRUE,0.294906910605192,0.448490556043526
"dm_iso",3,223,FALSE,0.655138434811382,0.575553981941654
"dm_iso",3,224,FALSE,0.528916700277655,0.520205795784282
"dm_iso",3,225,TRUE,0.237040791379191,0.538531948532056
"dm_iso",3,226,FALSE,0.777426822389311,0.506724463043685
"dm_iso",3,227,TRUE,0.191730393362856,0.51633431795017
"dm_iso",3,228,FALSE,0.239549720840473,0.411164121070414
"dm_iso",3,229,TRUE,0.582404298019028,0.554335624856216
"dm_iso",3,230,TRUE,0.569373909615046,0.336279957634014
"dm_iso",3,231,FALSE,0.334252642334231,0.404699021620927
"dm_iso",3,232,FALSE,0.406369835469268,0.463941726580947
"dm_iso",3,233,FALSE,0.0597526942092988,0.321310824729844
"dm_iso",3,234,TRUE,0.472463896606989,0.518858123910862
"dm_iso",3,235,FALSE,0.666985718329661,0.45327525787396
"dm_iso",3,236,FALSE,0.65417654187796,0.556451830871806
"dm_iso",3,237,FALSE,0.259593878885949,0.485370152377881
"dm_iso",3,238,FALSE,0.527114111639805,0.537648056520546
"dm_iso",3,239,TRUE,0.367169488534681,0.388405267644767
"dm_iso",3,240,TRUE,0.19228861256812,0.270700222262364
"dm_iso",3,241,FALSE,0.478566495593843,0.313540324611131
"dm_iso",3,242,FALSE,0.253580289562183,0.385342240500874
"dm_iso",3,243,FALSE,0.27554168840131,0.375711070655996
"dm_iso",3,244,FALSE,0.532627001228891,0.418985111947257
"dm_iso",3,245,TRUE,0.542451947375977,0.378892710366431
"dm_iso",3,246,FALSE,0.381836799998343,0.416351849857163
"dm_iso",3,247,TRUE,0.511616020569138,0.601186218053094
"dm_iso",3,248,FALSE,0.476831628512261,0.594154198479739
"dm_iso",3,249,FALSE,0.301029995663981,0.487419782915687
"dm_iso",3,250,FALSE,0.325823419002744,0.378795430156646
"dm_iso",3,251,FALSE,0.586024382386976,0.507311375948503
"dm_iso",3,252,FALSE,0.218535505216528,0.244480270489458
"dm_iso",3,253,FALSE,0.0480531731156091,0.2016642235928
"dm_iso",3,254,FALSE,0.378397900948138,0.561747067089135
"dm_iso",3,255,FALSE,0.595275711802099,0.400729688251866
"dm_iso",3,256,FALSE,0.398807730203264,0.413439180730829
"dm_iso",3,257,FALSE,0.456214155357989,0.46488554440841
"dm_iso",3,258,FALSE,0.641126932803509,0.472602244005796
"dm_iso",3,259,FALSE,0.54020429984206,0.352622403085675
"dm_iso",3,260,FALSE,0.0328201494385639,0.141237968074687
"dm_iso",3,261,FALSE,0.434888120867316,0.495110296542957
"dm_iso",3,262,FALSE,0.332034277027518,0.258297277662278
"dm_iso",3,263,FALSE,0.391816923613249,0.714698856104581
"dm_iso",3,264,TRUE,0.347427598618541,0.308032702175795
"dm_iso",3,265,FALSE,0.352182518111362,0.280367194270984
"dm_iso",3,266,TRUE,0.154119525515847,0.250428946497704
"dm_iso",3,267,FALSE,0.591398551281249,0.406913715393526
"dm_iso",3,268,TRUE,0.315970345456918,0.407088921613921
"dm_iso",3,269,FALSE,0.470410490975931,0.440849783336876
"dm_iso",3,270,FALSE,0.826074802700826,0.747809985890424
"dm_iso",3,271,TRUE,0.273232834043046,0.386784875308867
"dm_iso",3,272,FALSE,0.234264124378789,0.378718075822421
"dm_iso",3,273,FALSE,0.504878459410216,0.472170497830011
"dm_iso",3,274,FALSE,0.582744965691277,0.371741643016103
"dm_iso",3,275,FALSE,0.542327382773974,0.4637985840541
"dm_iso",3,276,FALSE,0.657055852857104,0.455937766730473
"dm_iso",3,277,FALSE,0.328379603438738,0.355268889697891
"dm_iso",3,278,FALSE,0.4679039465228,0.303013376742592
"dm_iso",3,279,FALSE,0.331427296520743,0.476175987600906
"dm_iso",3,280,FALSE,0.352664799651101,0.456248961526912
"dm_iso",3,281,FALSE,0.437116093048079,0.347743867191621
"dm_iso",3,282,FALSE,0.325043347403704,0.356529095177785
"dm_iso",3,283,FALSE,0.775319121829478,0.502045563631778
"dm_iso",3,284,FALSE,0.526442668529935,0.346103681314456
"dm_iso",3,285,FALSE,0.682145076373832,0.535767448059609
"dm_iso",3,286,FALSE,0.425534220498263,0.506638154249894
"dm_iso",3,287,FALSE,0.659726095237792,0.496936760461341
"dm_iso",3,288,FALSE,0.672097857935718,0.408202693207117
"dm_iso",3,289,FALSE,0.534026106056135,0.434908163143203
"dm_iso",3,290,FALSE,0.615950051656401,0.520353424991399
"dm_iso",3,291,TRUE,0.262451089730429,0.414975856007788
"dm_cor_iso",1,1,TRUE,0.482873583608754,0.32674023144881
"dm_cor_iso",1,2,TRUE,0.496929648073215,0.506742315140119
"dm_cor_iso",1,3,TRUE,0.623042434246382,0.47694673459545
"dm_cor_iso",1,4,TRUE,0.523746466811564,0.26503519657079
"dm_cor_iso",1,5,TRUE,0.47567118832443,0.43012875005035
"dm_cor_iso",1,6,TRUE,0.0681858617461616,0.320998174866203
"dm_cor_iso",1,7,FALSE,0.469674772551798,0.36053295868823
"dm_cor_iso",1,8,FALSE,0.387389826338729,0.501121682704108
"dm_cor_iso",1,9,FALSE,0.627365856592733,0.408210415102141
"dm_cor_iso",1,10,FALSE,0.591064607026499,0.448226208750618
"dm_cor_iso",1,11,FALSE,0.218220304175545,0.229399977942705
"dm_cor_iso",1,12,TRUE,0.680335513414563,0.429606490411503
"dm_cor_iso",1,13,TRUE,0.680607428991788,0.553970778534613
"dm_cor_iso",1,14,FALSE,0.721810615212547,0.568046226545325
"dm_cor_iso",1,15,TRUE,0.20682587603185,0.315642986437855
"dm_cor_iso",1,16,TRUE,0.582063362911709,0.41693522536574
"dm_cor_iso",1,17,FALSE,0.696094159995223,0.56654537317816
"dm_cor_iso",1,18,TRUE,0.40823996531185,0.327716808257913
"dm_cor_iso",1,19,FALSE,0.433001340945038,0.464336934630309
"dm_cor_iso",1,20,FALSE,0.653212513775344,0.489749314327244
"dm_cor_iso",1,21,FALSE,0.558072259099146,0.462322036476509
"dm_cor_iso",1,22,FALSE,0.261928672990642,0.255632649123067
"dm_cor_iso",1,23,FALSE,0.862727528317975,0.67716957505966
"dm_cor_iso",1,24,TRUE,0.637489729512511,0.49254664800536
"dm_cor_iso",1,25,FALSE,0.504878459410216,0.357261840031078
"dm_cor_iso",1,26,FALSE,0.286995073968852,0.394281513392386
"dm_cor_iso",1,27,TRUE,0.662757831681574,0.451692195672751
"dm_cor_iso",1,28,FALSE,0.524525936626376,0.49068905929935
"dm_cor_iso",1,29,TRUE,0.406540180433955,0.416185724535764
"dm_cor_iso",1,30,FALSE,0.656098202012832,0.548463541498232
"dm_cor_iso",1,31,FALSE,0.517987203025078,0.393319718893546
"dm_cor_iso",1,32,FALSE,0.703119346236078,0.567984948471708
"dm_cor_iso",1,33,FALSE,0.691081492122968,0.502914030304438
"dm_cor_iso",1,34,FALSE,0.0141423615450058,0.384947646528028
"dm_cor_iso",1,35,FALSE,0.733197265106569,0.702315849694045
"dm_cor_iso",1,36,FALSE,0.408070285887185,0.43374524379816
"dm_cor_iso",1,37,FALSE,0.396024896608593,0.431676991433556
"dm_cor_iso",1,38,FALSE,0.398391440229475,0.485350728114587
"dm_cor_iso",1,39,FALSE,0.770852011642144,0.52929691061659
"dm_cor_iso",1,40,TRUE,0.15836249209525,0.328268671701718
"dm_cor_iso",1,41,FALSE,0.625415352154408,0.487164419684449
"dm_cor_iso",1,42,FALSE,0.496334505996816,0.49709803973082
"dm_cor_iso",1,43,FALSE,0.679427896612119,0.612119297898571
"dm_cor_iso",1,44,FALSE,0.610116955411928,0.499193004471842
"dm_cor_iso",1,45,FALSE,0.645913275033844,0.467108531073425
"dm_cor_iso",1,46,FALSE,0.465382851448418,0.436768586512418
"dm_cor_iso",1,47,FALSE,0.569490954348783,0.565097210832424
"dm_cor_iso",1,48,FALSE,0.187520720836463,0.302256059825164
"dm_cor_iso",1,49,FALSE,0.465813957269479,0.496921889616622
"dm_cor_iso",1,50,FALSE,0.231214647962601,0.523547204879105
"dm_cor_iso",1,51,FALSE,0.670802284260944,0.599432066529286
"dm_cor_iso",1,52,FALSE,0.459935016851525,0.526836139165853
"dm_cor_iso",1,53,FALSE,0.287129620719111,0.387328026669807
"dm_cor_iso",1,54,FALSE,0.6232492903979,0.473123347183003
"dm_cor_iso",1,55,FALSE,0.8109042806687,0.654189103809039
"dm_cor_iso",1,56,TRUE,0.354108439147401,-0.312627369318481
"dm_cor_iso",1,57,FALSE,0.129141845792285,0.424471086854697
"dm_cor_iso",1,58,FALSE,0.244969460136198,0.342561702758715
"dm_cor_iso",1,59,FALSE,0.364363354615731,0.435188500311607
"dm_cor_iso",1,60,TRUE,0.334212409393176,0.416893866683803
"dm_cor_iso",1,61,FALSE,0.489677291663699,0.541806934460211
"dm_cor_iso",1,62,FALSE,0.525304009958239,0.508290158362053
"dm_cor_iso",1,63,TRUE,0.406540180433955,0.425133341211944
"dm_cor_iso",1,64,FALSE,0.335457900689384,0.560774494257132
"dm_cor_iso",1,65,FALSE,0.419873175149476,0.525833281202348
"dm_cor_iso",1,66,FALSE,0.397227181043161,0.511753343161067
"dm_cor_iso",1,67,TRUE,0.59659709562646,0.585698252506142
"dm_cor_iso",1,68,FALSE,0.260071387985075,0.472076964339782
"dm_cor_iso",1,69,FALSE,0.489466281303128,0.581922351376302
"dm_cor_iso",1,70,FALSE,0.544018407858776,0.683380724031522
"dm_cor_iso",1,71,TRUE,0.222976449893391,0.466393438073201
"dm_cor_iso",1,72,FALSE,0.665205628434601,0.63721945790668
"dm_cor_iso",1,73,FALSE,0.537819095073274,0.591872582675461
"dm_cor_iso",1,74,FALSE,0.501059262217751,0.545308982854675
"dm_cor_iso",1,75,FALSE,0.415699348887829,0.472236409641494
"dm_cor_iso",1,76,TRUE,0.298853076409707,0.477085966606244
"dm_cor_iso",1,77,TRUE,0.289365951520032,0.348328044412212
"dm_cor_iso",1,78,FALSE,0.497620649781288,0.326908996798259
"dm_cor_iso",1,79,TRUE,0.778151250383644,0.562163360628371
"dm_cor_iso",1,80,TRUE,0.260071387985075,0.329387123401225
"dm_cor_iso",1,81,FALSE,0.367542273520577,0.485645396629688
"dm_cor_iso",1,82,FALSE,0.534026106056135,0.501668324022176
"dm_cor_iso",1,83,FALSE,0.287129620719111,0.308518429398497
"dm_cor_iso",1,84,FALSE,0.469822015978163,0.369094349802381
"dm_cor_iso",1,85,TRUE,0.399673721481038,0.39050384800646
"dm_cor_iso",1,86,FALSE,0.307496037913213,0.264989877307349
"dm_cor_iso",1,87,TRUE,0.322219294733919,0.37832500408158
"dm_cor_iso",1,88,FALSE,0.247236549506764,0.3950656886564
"dm_cor_iso",1,89,FALSE,0.6232492903979,0.427384334817757
"dm_cor_iso",1,90,TRUE,0.429752280002408,0.478386605592641
"dm_cor_iso",1,91,TRUE,0.566943971856554,0.510302743566206
"dm_cor_iso",1,92,FALSE,0.605951157564873,0.559586285389156
"dm_cor_iso",1,93,FALSE,0.265996370495079,0.539214162736948
"dm_cor_iso",1,94,FALSE,0.555215405126073,0.385497420411639
"dm_cor_iso",1,95,FALSE,0.638489256954637,0.517959349947262
"dm_cor_iso",1,96,FALSE,0.528145078253106,0.525840163429042
"dm_cor_iso",1,97,FALSE,0.430075055551939,0.55659858103769
"dm_cor_iso",1,98,FALSE,0.184549481320698,0.3693344383761
"dm_cor_iso",1,99,FALSE,0.472537053262077,0.526127764763449
"dm_cor_iso",1,100,FALSE,0.60616631460762,0.513628498911335
"dm_cor_iso",1,101,FALSE,0.685553652846326,0.677749631161774
"dm_cor_iso",1,102,TRUE,0.296665190261531,0.600833308373173
"dm_cor_iso",1,103,FALSE,0.491361693834273,0.541825732025587
"dm_cor_iso",1,104,FALSE,0.513217600067939,0.394696956991914
"dm_cor_iso",1,105,TRUE,0.64738297011462,0.548140328426068
"dm_cor_iso",1,106,FALSE,0.491361693834273,0.517308646381179
"dm_cor_iso",1,107,FALSE,0.406028944963615,0.42375824192702
"dm_cor_iso",1,108,FALSE,0.752025387323213,0.533484132354247
"dm_cor_iso",1,109,TRUE,0.6414741105041,0.394566176637797
"dm_cor_iso",1,110,FALSE,0.416307587059883,0.562660884781253
"dm_cor_iso",1,111,FALSE,0.966610986681934,0.73086379023907
"dm_cor_iso",1,112,FALSE,0.188647295999717,0.381094204968314
"dm_cor_iso",1,113,FALSE,0.708335902682263,0.517960168701804
"dm_cor_iso",1,114,FALSE,0.685741738602264,0.82972249967599
"dm_cor_iso",1,115,FALSE,0.559308010907013,0.441006659451909
"dm_cor_iso",1,116,FALSE,0.355259905527378,0.458141649502533
"dm_cor_iso",1,117,FALSE,0.187520720836463,0.340544348237234
"dm_cor_iso",1,118,TRUE,0.569373909615046,0.553581979876812
"dm_cor_iso",1,119,FALSE,0.572523097849638,0.501069246308902
"dm_cor_iso",1,120,FALSE,0.538070787043172,0.523201136188689
"dm_cor_iso",1,121,FALSE,0.374748346010104,0.402685475253935
"dm_cor_iso",1,122,FALSE,0.294686624279443,0.325921689896692
"dm_cor_iso",1,123,FALSE,0.432969290874406,0.472037786908745
"dm_cor_iso",1,124,TRUE,0.320146286111054,0.515746031323433
"dm_cor_iso",1,125,FALSE,0.574262829707027,0.465968263216898
"dm_cor_iso",1,126,FALSE,0.610234175334389,0.605894787485748
"dm_cor_iso",1,127,FALSE,0.173186268412274,0.213643053968937
"dm_cor_iso",1,128,FALSE,0.314499227973151,0.41352072870663
"dm_cor_iso",1,129,FALSE,0.753330221324521,0.489118692839991
"dm_cor_iso",1,130,FALSE,0.338456493604605,0.472638601757763
"dm_cor_iso",1,131,TRUE,0.0253058652647703,0.0204494657588144
"dm_cor_iso",1,132,FALSE,0.21045229296202,0.361802530560234
"dm_cor_iso",1,133,FALSE,0.440121603187804,0.470497258416962
"dm_cor_iso",1,134,FALSE,0.761326322421457,0.624500951682138
"dm_cor_iso",1,135,FALSE,0.188084373714938,0.346556846118205
"dm_cor_iso",1,136,FALSE,0.662757831681574,0.416700927618209
"dm_cor_iso",1,137,FALSE,0.409425868671443,0.4733348369334
"dm_cor_iso",1,138,FALSE,0.387389826338729,0.36059064677911
"dm_cor_iso",1,139,FALSE,0.256236533205923,0.342939724822944
"dm_cor_iso",1,140,FALSE,0.381656482585787,0.413036875493637
"dm_cor_iso",1,141,FALSE,0.43568513794163,0.463668373142176
"dm_cor_iso",1,142,FALSE,0.190331698170291,0.439242655236469
"dm_cor_iso",1,143,TRUE,0.123851640967086,0.113854179662208
"dm_cor_iso",1,144,FALSE,0.208978517276253,0.468425043438449
"dm_cor_iso",1,145,TRUE,0.506505032404872,0.521066500957067
"dm_cor_iso",1,146,FALSE,0.390935107103379,0.411753198462396
"dm_cor_iso",1,147,FALSE,0.442479769064449,0.530269280543619
"dm_cor_iso",1,148,FALSE,0.417139409727326,0.427457721078727
"dm_cor_iso",1,149,FALSE,0.260071387985075,0.349158208721261
"dm_cor_iso",1,150,TRUE,0.308777773664721,0.329231099180143
"dm_cor_iso",1,151,FALSE,0.583198773968623,0.360196350964566
"dm_cor_iso",1,152,TRUE,0.456062224454951,0.487840090800495
"dm_cor_iso",1,153,FALSE,0.370698092575577,0.410632815595323
"dm_cor_iso",1,154,FALSE,0.639486489268586,0.629453500209458
"dm_cor_iso",1,155,FALSE,0.777412321496744,0.446893076816902
"dm_cor_iso",1,156,TRUE,0.590284403718162,0.528757350652
"dm_cor_iso",1,157,FALSE,0.618215503279417,0.517859680031604
"dm_cor_iso",1,158,FALSE,0.224533062606086,0.494756667426535
"dm_cor_iso",1,159,FALSE,0.234010817587179,0.306919889748815
"dm_cor_iso",1,160,FALSE,0.595826777073223,0.447396607623352
"dm_cor_iso",1,161,TRUE,0.612783856719735,0.465361483358401
"dm_cor_iso",1,162,FALSE,0.581266805273671,0.549288827303851
"dm_cor_iso",1,163,FALSE,0.588383768378728,0.578885615950311
"dm_cor_iso",1,164,FALSE,0.108226656374928,0.422325420043601
"dm_cor_iso",1,165,TRUE,0.381115080709851,0.485384261210162
"dm_cor_iso",1,166,FALSE,0.255272505103306,0.582969026072083
"dm_cor_iso",1,167,FALSE,0.680879174426811,0.520556479446785
"dm_cor_iso",1,168,FALSE,0.564784384503987,0.485043253321534
"dm_cor_iso",1,169,TRUE,0.526339277389844,0.334739283912382
"dm_cor_iso",1,170,FALSE,0.294466226161593,0.443995831650052
"dm_cor_iso",1,171,FALSE,0.612783856719735,0.499732032650046
"dm_cor_iso",1,172,FALSE,0.5182506513085,0.565471090518844
"dm_cor_iso",1,173,FALSE,0.442949869577862,0.35181416385779
"dm_cor_iso",1,174,FALSE,0.505149978319906,0.493195941085088
"dm_cor_iso",1,175,FALSE,0.305995882770805,0.443086010789034
"dm_cor_iso",1,176,TRUE,0.612783856719735,0.425950309957934
"dm_cor_iso",1,177,TRUE,0.204119982655925,0.418018700036853
"dm_cor_iso",1,178,FALSE,0.677333151419902,0.456216670752986
"dm_cor_iso",1,179,FALSE,0.345961541813141,0.490451306873505
"dm_cor_iso",1,180,FALSE,0.361160995195026,0.501499124259606
"dm_cor_iso",1,181,TRUE,0.127104798364808,0.153054803462535
"dm_cor_iso",1,182,FALSE,0.514547752660286,0.325274083701992
"dm_cor_iso",1,183,FALSE,0.362350507594848,0.498351586825691
"dm_cor_iso",1,184,FALSE,0.662757831681574,0.47951278928749
"dm_cor_iso",1,185,FALSE,0.313867220369153,0.372929430390723
"dm_cor_iso",1,186,FALSE,0.839666556882433,0.476283916284576
"dm_cor_iso",1,187,FALSE,0.16999753706657,0.385008946024231
"dm_cor_iso",1,188,FALSE,0.129367595722986,0.109562168218305
"dm_cor_iso",1,189,FALSE,0.36078268987328,0.353153999385723
"dm_cor_iso",1,190,FALSE,0.429106008332697,0.487367652148298
"dm_cor_iso",1,191,FALSE,0.702602841340427,0.5618429326662
"dm_cor_iso",1,192,FALSE,0.571708831808688,0.471127173356324
"dm_cor_iso",1,193,FALSE,0.343920385393226,0.296833921618451
"dm_cor_iso",1,194,FALSE,0.695131297704026,0.522816610470422
"dm_cor_iso",1,195,FALSE,0.629409599102719,0.540705548832418
"dm_cor_iso",1,196,FALSE,0.414973347970818,0.430244997386656
"dm_cor_iso",1,197,FALSE,0.276231957921834,0.381778487045019
"dm_cor_iso",1,198,FALSE,0.531478917042255,0.535329228602705
"dm_cor_iso",1,199,FALSE,0.236789099409293,0.377603090088426
"dm_cor_iso",1,200,FALSE,0.756407872548958,0.730215881238047
"dm_cor_iso",1,201,FALSE,0.718750734739665,0.574616806325195
"dm_cor_iso",1,202,FALSE,0.515211304327802,0.433072348960733
"dm_cor_iso",1,203,TRUE,0.3654879848909,0.374875275689092
"dm_cor_iso",1,204,TRUE,0.344392273685111,0.412001516157947
"dm_cor_iso",1,205,FALSE,0.196728722623287,0.426622552905854
"dm_cor_iso",1,206,FALSE,0.392696953259666,0.296053202004595
"dm_cor_iso",1,207,FALSE,0.365394376854778,0.447277659976119
"dm_cor_iso",1,208,TRUE,0.389166084364532,0.439252155437014
"dm_cor_iso",1,209,FALSE,0.653212513775344,0.458893156470631
"dm_cor_iso",1,210,FALSE,0.440594261839831,0.37375335892207
"dm_cor_iso",1,211,TRUE,0.202215775801131,0.432188572833248
"dm_cor_iso",1,212,FALSE,0.48572142648158,0.376095315505103
"dm_cor_iso",1,213,FALSE,0.244277120801843,0.374261684432351
"dm_cor_iso",1,214,FALSE,0.372727940885595,0.486219321735146
"dm_cor_iso",1,215,FALSE,0.52244423350632,0.502404740863155
"dm_cor_iso",1,216,FALSE,0.257678574869184,0.418142731576558
"dm_cor_iso",1,217,FALSE,0.384353414137506,0.558839110170937
"dm_cor_iso",1,218,FALSE,0.335858911319818,0.428807998282271
"dm_cor_iso",1,219,FALSE,0.555094448578319,0.500773396577055
"dm_cor_iso",1,220,FALSE,0.271841606536499,0.473568380301477
"dm_cor_iso",1,221,FALSE,0.471291711058939,0.456597903969069
"dm_cor_iso",1,222,TRUE,0.294906910605192,0.455720121175526
"dm_cor_iso",1,223,FALSE,0.655138434811382,0.599281511700368
"dm_cor_iso",1,224,FALSE,0.528916700277655,0.492390633275599
"dm_cor_iso",1,225,TRUE,0.237040791379191,0.525568721830738
"dm_cor_iso",1,226,FALSE,0.777426822389311,0.513361812662543
"dm_cor_iso",1,227,TRUE,0.191730393362856,0.508453351179161
"dm_cor_iso",1,228,FALSE,0.239549720840473,0.444180726250356
"dm_cor_iso",1,229,TRUE,0.582404298019028,0.569909233364334
"dm_cor_iso",1,230,TRUE,0.569373909615046,0.382301333355089
"dm_cor_iso",1,231,FALSE,0.334252642334231,0.421318551978341
"dm_cor_iso",1,232,FALSE,0.406369835469268,0.46098889672141
"dm_cor_iso",1,233,FALSE,0.0597526942092988,0.344269256013806
"dm_cor_iso",1,234,TRUE,0.472463896606989,0.490802073141659
"dm_cor_iso",1,235,FALSE,0.666985718329661,0.469652992006694
"dm_cor_iso",1,236,FALSE,0.65417654187796,0.546453165646693
"dm_cor_iso",1,237,FALSE,0.259593878885949,0.496189605917174
"dm_cor_iso",1,238,FALSE,0.527114111639805,0.540681893955127
"dm_cor_iso",1,239,TRUE,0.367169488534681,0.323399476864418
"dm_cor_iso",1,240,TRUE,0.19228861256812,0.247709190980591
"dm_cor_iso",1,241,FALSE,0.478566495593843,0.31592364255615
"dm_cor_iso",1,242,FALSE,0.253580289562183,0.369078508098733
"dm_cor_iso",1,243,FALSE,0.27554168840131,0.375177694825739
"dm_cor_iso",1,244,FALSE,0.532627001228891,0.318476193078809
"dm_cor_iso",1,245,TRUE,0.542451947375977,0.448376284900966
"dm_cor_iso",1,246,FALSE,0.381836799998343,0.433839804078667
"dm_cor_iso",1,247,TRUE,0.511616020569138,0.590256532056954
"dm_cor_iso",1,248,FALSE,0.476831628512261,0.576726388710537
"dm_cor_iso",1,249,FALSE,0.301029995663981,0.449177094863197
"dm_cor_iso",1,250,FALSE,0.325823419002744,0.388312457362579
"dm_cor_iso",1,251,FALSE,0.586024382386976,0.509320333520733
"dm_cor_iso",1,252,FALSE,0.218535505216528,0.253032106737293
"dm_cor_iso",1,253,FALSE,0.0480531731156091,0.173716211842015
"dm_cor_iso",1,254,FALSE,0.378397900948138,0.537606452684171
"dm_cor_iso",1,255,FALSE,0.595275711802099,0.465358505366161
"dm_cor_iso",1,256,FALSE,0.398807730203264,0.466079609895281
"dm_cor_iso",1,257,FALSE,0.456214155357989,0.480959392768073
"dm_cor_iso",1,258,FALSE,0.641126932803509,0.491818030001759
"dm_cor_iso",1,259,FALSE,0.54020429984206,0.368580409938325
"dm_cor_iso",1,260,FALSE,0.0328201494385639,0.135826053468672
"dm_cor_iso",1,261,FALSE,0.434888120867316,0.515134110290581
"dm_cor_iso",1,262,FALSE,0.332034277027518,0.301512815103502
"dm_cor_iso",1,263,FALSE,0.391816923613249,0.673738387367466
"dm_cor_iso",1,264,TRUE,0.347427598618541,0.347112812659625
"dm_cor_iso",1,265,FALSE,0.352182518111362,0.323464098614535
"dm_cor_iso",1,266,TRUE,0.154119525515847,0.0152221947928543
"dm_cor_iso",1,267,FALSE,0.591398551281249,0.42791481559019
"dm_cor_iso",1,268,TRUE,0.315970345456918,0.401967812406216
"dm_cor_iso",1,269,FALSE,0.470410490975931,0.443398761910964
"dm_cor_iso",1,270,FALSE,0.826074802700826,0.635148178924986
"dm_cor_iso",1,271,TRUE,0.273232834043046,0.344672618397196
"dm_cor_iso",1,272,FALSE,0.234264124378789,0.422478094016056
"dm_cor_iso",1,273,FALSE,0.504878459410216,0.437679390776974
"dm_cor_iso",1,274,FALSE,0.582744965691277,0.352317930395239
"dm_cor_iso",1,275,FALSE,0.542327382773974,0.455860162660532
"dm_cor_iso",1,276,FALSE,0.657055852857104,0.476295747083623
"dm_cor_iso",1,277,FALSE,0.328379603438738,0.388475072123499
"dm_cor_iso",1,278,FALSE,0.4679039465228,0.248406318550261
"dm_cor_iso",1,279,FALSE,0.331427296520743,0.506121328250483
"dm_cor_iso",1,280,FALSE,0.352664799651101,0.488314265507064
"dm_cor_iso",1,281,FALSE,0.437116093048079,0.33343723248394
"dm_cor_iso",1,282,FALSE,0.325043347403704,0.378703349047554
"dm_cor_iso",1,283,FALSE,0.775319121829478,0.522563222534096
"dm_cor_iso",1,284,FALSE,0.526442668529935,0.293598378494661
"dm_cor_iso",1,285,FALSE,0.682145076373832,0.570195664016107
"dm_cor_iso",1,286,FALSE,0.425534220498263,0.489718750955645
"dm_cor_iso",1,287,FALSE,0.659726095237792,0.522583938048116
"dm_cor_iso",1,288,FALSE,0.672097857935718,0.410939928116051
"dm_cor_iso",1,289,FALSE,0.534026106056135,0.429209695429549
"dm_cor_iso",1,290,FALSE,0.615950051656401,0.531907259097574
"dm_cor_iso",1,291,TRUE,0.262451089730429,0.259497985174634
"dm_cor_iso",2,1,TRUE,0.482873583608754,0.271346020350809
"dm_cor_iso",2,2,TRUE,0.496929648073215,0.44103898173112
"dm_cor_iso",2,3,TRUE,0.623042434246382,0.487871223341468
"dm_cor_iso",2,4,TRUE,0.523746466811564,0.310446624494774
"dm_cor_iso",2,5,TRUE,0.47567118832443,0.396047377436346
"dm_cor_iso",2,6,TRUE,0.0681858617461616,0.246116756741626
"dm_cor_iso",2,7,FALSE,0.469674772551798,0.318376690994495
"dm_cor_iso",2,8,FALSE,0.387389826338729,0.457782250594643
"dm_cor_iso",2,9,FALSE,0.627365856592733,0.399129413573507
"dm_cor_iso",2,10,FALSE,0.591064607026499,0.407596957667921
"dm_cor_iso",2,11,FALSE,0.218220304175545,0.277350364371641
"dm_cor_iso",2,12,TRUE,0.680335513414563,0.470461362323207
"dm_cor_iso",2,13,TRUE,0.680607428991788,0.594001992510216
"dm_cor_iso",2,14,FALSE,0.721810615212547,0.559794503748364
"dm_cor_iso",2,15,TRUE,0.20682587603185,0.315755054418855
"dm_cor_iso",2,16,TRUE,0.582063362911709,0.391123254490457
"dm_cor_iso",2,17,FALSE,0.696094159995223,0.527693985440373
"dm_cor_iso",2,18,TRUE,0.40823996531185,0.356758217631823
"dm_cor_iso",2,19,FALSE,0.433001340945038,0.463372734280253
"dm_cor_iso",2,20,FALSE,0.653212513775344,0.480272349738271
"dm_cor_iso",2,21,FALSE,0.558072259099146,0.452954247331131
"dm_cor_iso",2,22,FALSE,0.261928672990642,0.27282012702465
"dm_cor_iso",2,23,FALSE,0.862727528317975,0.635271228333539
"dm_cor_iso",2,24,TRUE,0.637489729512511,0.552573702321145
"dm_cor_iso",2,25,FALSE,0.504878459410216,0.379952313434062
"dm_cor_iso",2,26,FALSE,0.286995073968852,0.376024584830605
"dm_cor_iso",2,27,TRUE,0.662757831681574,0.46839976309887
"dm_cor_iso",2,28,FALSE,0.524525936626376,0.475563677126066
"dm_cor_iso",2,29,TRUE,0.406540180433955,0.418054446755652
"dm_cor_iso",2,30,FALSE,0.656098202012832,0.48321121189778
"dm_cor_iso",2,31,FALSE,0.517987203025078,0.363768047142378
"dm_cor_iso",2,32,FALSE,0.703119346236078,0.55434672007799
"dm_cor_iso",2,33,FALSE,0.691081492122968,0.519603604796584
"dm_cor_iso",2,34,FALSE,0.0141423615450058,0.410855123182219
"dm_cor_iso",2,35,FALSE,0.733197265106569,0.661636081985641
"dm_cor_iso",2,36,FALSE,0.408070285887185,0.440807216486588
"dm_cor_iso",2,37,FALSE,0.396024896608593,0.427028946719033
"dm_cor_iso",2,38,FALSE,0.398391440229475,0.509637859938571
"dm_cor_iso",2,39,FALSE,0.770852011642144,0.538498650655184
"dm_cor_iso",2,40,TRUE,0.15836249209525,0.354446934240834
"dm_cor_iso",2,41,FALSE,0.625415352154408,0.466053751417802
"dm_cor_iso",2,42,FALSE,0.496334505996816,0.526894671523284
"dm_cor_iso",2,43,FALSE,0.679427896612119,0.634813703364162
"dm_cor_iso",2,44,FALSE,0.610116955411928,0.49232502769637
"dm_cor_iso",2,45,FALSE,0.645913275033844,0.442291823975808
"dm_cor_iso",2,46,FALSE,0.465382851448418,0.435092058261776
"dm_cor_iso",2,47,FALSE,0.569490954348783,0.567200943661186
"dm_cor_iso",2,48,FALSE,0.187520720836463,0.334738551275028
"dm_cor_iso",2,49,FALSE,0.465813957269479,0.497631122854966
"dm_cor_iso",2,50,FALSE,0.231214647962601,0.5393489518887
"dm_cor_iso",2,51,FALSE,0.670802284260944,0.575302440110511
"dm_cor_iso",2,52,FALSE,0.459935016851525,0.530641593025456
"dm_cor_iso",2,53,FALSE,0.287129620719111,0.360280076348999
"dm_cor_iso",2,54,FALSE,0.6232492903979,0.547635481637722
"dm_cor_iso",2,55,FALSE,0.8109042806687,0.648112805849245
"dm_cor_iso",2,56,TRUE,0.354108439147401,0.0781729037923223
"dm_cor_iso",2,57,FALSE,0.129141845792285,0.424210855644592
"dm_cor_iso",2,58,FALSE,0.244969460136198,0.364118656292669
"dm_cor_iso",2,59,FALSE,0.364363354615731,0.417206181063211
"dm_cor_iso",2,60,TRUE,0.334212409393176,0.438607234366385
"dm_cor_iso",2,61,FALSE,0.489677291663699,0.49407673360334
"dm_cor_iso",2,62,FALSE,0.525304009958239,0.473350792944944
"dm_cor_iso",2,63,TRUE,0.406540180433955,0.451336628200181
"dm_cor_iso",2,64,FALSE,0.335457900689384,0.55548575805172
"dm_cor_iso",2,65,FALSE,0.419873175149476,0.515978225296764
"dm_cor_iso",2,66,FALSE,0.397227181043161,0.469461493024966
"dm_cor_iso",2,67,TRUE,0.59659709562646,0.651022930195215
"dm_cor_iso",2,68,FALSE,0.260071387985075,0.460924394978028
"dm_cor_iso",2,69,FALSE,0.489466281303128,0.588280725420057
"dm_cor_iso",2,70,FALSE,0.544018407858776,0.687662915516528
"dm_cor_iso",2,71,TRUE,0.222976449893391,0.394182983161818
"dm_cor_iso",2,72,FALSE,0.665205628434601,0.715194522273653
"dm_cor_iso",2,73,FALSE,0.537819095073274,0.555317329921303
"dm_cor_iso",2,74,FALSE,0.501059262217751,0.530688134836996
"dm_cor_iso",2,75,FALSE,0.415699348887829,0.441627937221917
"dm_cor_iso",2,76,TRUE,0.298853076409707,0.458427408018416
"dm_cor_iso",2,77,TRUE,0.289365951520032,0.291349678926702
"dm_cor_iso",2,78,FALSE,0.497620649781288,0.353017925287126
"dm_cor_iso",2,79,TRUE,0.778151250383644,0.579675030637118
"dm_cor_iso",2,80,TRUE,0.260071387985075,0.345736395564613
"dm_cor_iso",2,81,FALSE,0.367542273520577,0.472595179195562
"dm_cor_iso",2,82,FALSE,0.534026106056135,0.497281571293908
"dm_cor_iso",2,83,FALSE,0.287129620719111,0.316946926720029
"dm_cor_iso",2,84,FALSE,0.469822015978163,0.399406999575182
"dm_cor_iso",2,85,TRUE,0.399673721481038,0.401915571151294
"dm_cor_iso",2,86,FALSE,0.307496037913213,0.2602238293767
"dm_cor_iso",2,87,TRUE,0.322219294733919,0.357056782501394
"dm_cor_iso",2,88,FALSE,0.247236549506764,0.397228101405463
"dm_cor_iso",2,89,FALSE,0.6232492903979,0.471066542903785
"dm_cor_iso",2,90,TRUE,0.429752280002408,0.469886902841457
"dm_cor_iso",2,91,TRUE,0.566943971856554,0.474189304007323
"dm_cor_iso",2,92,FALSE,0.605951157564873,0.568657818997113
"dm_cor_iso",2,93,FALSE,0.265996370495079,0.489821804234239
"dm_cor_iso",2,94,FALSE,0.555215405126073,0.39507588442755
"dm_cor_iso",2,95,FALSE,0.638489256954637,0.507540348401837
"dm_cor_iso",2,96,FALSE,0.528145078253106,0.541630532808973
"dm_cor_iso",2,97,FALSE,0.430075055551939,0.520079009137913
"dm_cor_iso",2,98,FALSE,0.184549481320698,0.371587841608238
"dm_cor_iso",2,99,FALSE,0.472537053262077,0.529506705597275
"dm_cor_iso",2,100,FALSE,0.60616631460762,0.568380713702696
"dm_cor_iso",2,101,FALSE,0.685553652846326,0.595434728155208
"dm_cor_iso",2,102,TRUE,0.296665190261531,0.554054161760184
"dm_cor_iso",2,103,FALSE,0.491361693834273,0.565860603660235
"dm_cor_iso",2,104,FALSE,0.513217600067939,0.374261871105094
"dm_cor_iso",2,105,TRUE,0.64738297011462,0.602793522392522
"dm_cor_iso",2,106,FALSE,0.491361693834273,0.502047570174485
"dm_cor_iso",2,107,FALSE,0.406028944963615,0.346116297710577
"dm_cor_iso",2,108,FALSE,0.752025387323213,0.510885794622335
"dm_cor_iso",2,109,TRUE,0.6414741105041,0.450364765783375
"dm_cor_iso",2,110,FALSE,0.416307587059883,0.550871871340068
"dm_cor_iso",2,111,FALSE,0.966610986681934,0.754273552306232
"dm_cor_iso",2,112,FALSE,0.188647295999717,0.359907674845325
"dm_cor_iso",2,113,FALSE,0.708335902682263,0.505743750250682
"dm_cor_iso",2,114,FALSE,0.685741738602264,0.81202841779458
"dm_cor_iso",2,115,FALSE,0.559308010907013,0.440656977547277
"dm_cor_iso",2,116,FALSE,0.355259905527378,0.451575605381351
"dm_cor_iso",2,117,FALSE,0.187520720836463,0.349033725574512
"dm_cor_iso",2,118,TRUE,0.569373909615046,0.543870797406129
"dm_cor_iso",2,119,FALSE,0.572523097849638,0.529950219493875
"dm_cor_iso",2,120,FALSE,0.538070787043172,0.529630464701302
"dm_cor_iso",2,121,FALSE,0.374748346010104,0.393077066418241
"dm_cor_iso",2,122,FALSE,0.294686624279443,0.322391792907458
"dm_cor_iso",2,123,FALSE,0.432969290874406,0.46588002323203
"dm_cor_iso",2,124,TRUE,0.320146286111054,0.584809219135027
"dm_cor_iso",2,125,FALSE,0.574262829707027,0.46563202585217
"dm_cor_iso",2,126,FALSE,0.610234175334389,0.60733013086468
"dm_cor_iso",2,127,FALSE,0.173186268412274,0.250896029652675
"dm_cor_iso",2,128,FALSE,0.314499227973151,0.427886771149163
"dm_cor_iso",2,129,FALSE,0.753330221324521,0.506160929472929
"dm_cor_iso",2,130,FALSE,0.338456493604605,0.466734173460644
"dm_cor_iso",2,131,TRUE,0.0253058652647703,0.0911603785834243
"dm_cor_iso",2,132,FALSE,0.21045229296202,0.391975141820343
"dm_cor_iso",2,133,FALSE,0.440121603187804,0.479626675262806
"dm_cor_iso",2,134,FALSE,0.761326322421457,0.600070958916524
"dm_cor_iso",2,135,FALSE,0.188084373714938,0.417049846642473
"dm_cor_iso",2,136,FALSE,0.662757831681574,0.409283625387727
"dm_cor_iso",2,137,FALSE,0.409425868671443,0.456343488328967
"dm_cor_iso",2,138,FALSE,0.387389826338729,0.336771558406014
"dm_cor_iso",2,139,FALSE,0.256236533205923,0.405073050815527
"dm_cor_iso",2,140,FALSE,0.381656482585787,0.417955214081519
"dm_cor_iso",2,141,FALSE,0.43568513794163,0.464871163237615
"dm_cor_iso",2,142,FALSE,0.190331698170291,0.439782493217233
"dm_cor_iso",2,143,TRUE,0.123851640967086,0.380245047791115
"dm_cor_iso",2,144,FALSE,0.208978517276253,0.463619222989159
"dm_cor_iso",2,145,TRUE,0.506505032404872,0.468613704972647
"dm_cor_iso",2,146,FALSE,0.390935107103379,0.449920445687619
"dm_cor_iso",2,147,FALSE,0.442479769064449,0.512179529470394
"dm_cor_iso",2,148,FALSE,0.417139409727326,0.427021744162776
"dm_cor_iso",2,149,FALSE,0.260071387985075,0.404240937192998
"dm_cor_iso",2,150,TRUE,0.308777773664721,0.286874728705293
"dm_cor_iso",2,151,FALSE,0.583198773968623,0.433620867641241
"dm_cor_iso",2,152,TRUE,0.456062224454951,0.450126089633198
"dm_cor_iso",2,153,FALSE,0.370698092575577,0.401379423070782
"dm_cor_iso",2,154,FALSE,0.639486489268586,0.628925604906377
"dm_cor_iso",2,155,FALSE,0.777412321496744,0.429079921735881
"dm_cor_iso",2,156,TRUE,0.590284403718162,0.485600530972106
"dm_cor_iso",2,157,FALSE,0.618215503279417,0.520192973150624
"dm_cor_iso",2,158,FALSE,0.224533062606086,0.554704914181732
"dm_cor_iso",2,159,FALSE,0.234010817587179,0.333820637961546
"dm_cor_iso",2,160,FALSE,0.595826777073223,0.46351968940566
"dm_cor_iso",2,161,TRUE,0.612783856719735,0.501953077322964
"dm_cor_iso",2,162,FALSE,0.581266805273671,0.571315488455275
"dm_cor_iso",2,163,FALSE,0.588383768378728,0.580261804367051
"dm_cor_iso",2,164,FALSE,0.108226656374928,0.409839454581751
"dm_cor_iso",2,165,TRUE,0.381115080709851,0.460820744940064
"dm_cor_iso",2,166,FALSE,0.255272505103306,0.558373156147626
"dm_cor_iso",2,167,FALSE,0.680879174426811,0.476634664165518
"dm_cor_iso",2,168,FALSE,0.564784384503987,0.489860454308006
"dm_cor_iso",2,169,TRUE,0.526339277389844,0.383688752890305
"dm_cor_iso",2,170,FALSE,0.294466226161593,0.44559040007041
"dm_cor_iso",2,171,FALSE,0.612783856719735,0.491797817399689
"dm_cor_iso",2,172,FALSE,0.5182506513085,0.558432902345043
"dm_cor_iso",2,173,FALSE,0.442949869577862,0.395245737207666
"dm_cor_iso",2,174,FALSE,0.505149978319906,0.488295884832587
"dm_cor_iso",2,175,FALSE,0.305995882770805,0.470134445135346
"dm_cor_iso",2,176,TRUE,0.612783856719735,0.47647078060829
"dm_cor_iso",2,177,TRUE,0.204119982655925,0.451684708579288
"dm_cor_iso",2,178,FALSE,0.677333151419902,0.405715301544159
"dm_cor_iso",2,179,FALSE,0.345961541813141,0.413131651675489
"dm_cor_iso",2,180,FALSE,0.361160995195026,0.488410411674081
"dm_cor_iso",2,181,TRUE,0.127104798364808,0.229266508888287
"dm_cor_iso",2,182,FALSE,0.514547752660286,0.323109481695351
"dm_cor_iso",2,183,FALSE,0.362350507594848,0.479101193074337
"dm_cor_iso",2,184,FALSE,0.662757831681574,0.475234907297616
"dm_cor_iso",2,185,FALSE,0.313867220369153,0.390829960739783
"dm_cor_iso",2,186,FALSE,0.839666556882433,0.462239775316977
"dm_cor_iso",2,187,FALSE,0.16999753706657,0.366687876157191
"dm_cor_iso",2,188,FALSE,0.129367595722986,0.125461381987881
"dm_cor_iso",2,189,FALSE,0.36078268987328,0.346991607982275
"dm_cor_iso",2,190,FALSE,0.429106008332697,0.469476638620083
"dm_cor_iso",2,191,FALSE,0.702602841340427,0.539423081641471
"dm_cor_iso",2,192,FALSE,0.571708831808688,0.459995170421194
"dm_cor_iso",2,193,FALSE,0.343920385393226,0.289803752056268
"dm_cor_iso",2,194,FALSE,0.695131297704026,0.510829322116614
"dm_cor_iso",2,195,FALSE,0.629409599102719,0.553858992528388
"dm_cor_iso",2,196,FALSE,0.414973347970818,0.401613423765636
"dm_cor_iso",2,197,FALSE,0.276231957921834,0.39673090098511
"dm_cor_iso",2,198,FALSE,0.531478917042255,0.544413886801698
"dm_cor_iso",2,199,FALSE,0.236789099409293,0.394963949980421
"dm_cor_iso",2,200,FALSE,0.756407872548958,0.763654263488812
"dm_cor_iso",2,201,FALSE,0.718750734739665,0.513658157452598
"dm_cor_iso",2,202,FALSE,0.515211304327802,0.431768205176455
"dm_cor_iso",2,203,TRUE,0.3654879848909,0.366081123526646
"dm_cor_iso",2,204,TRUE,0.344392273685111,0.408381988410478
"dm_cor_iso",2,205,FALSE,0.196728722623287,0.453625955512389
"dm_cor_iso",2,206,FALSE,0.392696953259666,0.38507123359584
"dm_cor_iso",2,207,FALSE,0.365394376854778,0.43487904978217
"dm_cor_iso",2,208,TRUE,0.389166084364532,0.452728099296359
"dm_cor_iso",2,209,FALSE,0.653212513775344,0.493178205857463
"dm_cor_iso",2,210,FALSE,0.440594261839831,0.386812411810486
"dm_cor_iso",2,211,TRUE,0.202215775801131,0.431779192593381
"dm_cor_iso",2,212,FALSE,0.48572142648158,0.406112993811442
"dm_cor_iso",2,213,FALSE,0.244277120801843,0.42360000228888
"dm_cor_iso",2,214,FALSE,0.372727940885595,0.442893246766103
"dm_cor_iso",2,215,FALSE,0.52244423350632,0.497801042325077
"dm_cor_iso",2,216,FALSE,0.257678574869184,0.383137984755643
"dm_cor_iso",2,217,FALSE,0.384353414137506,0.52877481235697
"dm_cor_iso",2,218,FALSE,0.335858911319818,0.473005270738758
"dm_cor_iso",2,219,FALSE,0.555094448578319,0.508715590007464
"dm_cor_iso",2,220,FALSE,0.271841606536499,0.49202144461628
"dm_cor_iso",2,221,FALSE,0.471291711058939,0.433280798059268
"dm_cor_iso",2,222,TRUE,0.294906910605192,0.48784477322702
"dm_cor_iso",2,223,FALSE,0.655138434811382,0.602271747029138
"dm_cor_iso",2,224,FALSE,0.528916700277655,0.461604555663086
"dm_cor_iso",2,225,TRUE,0.237040791379191,0.506496482618483
"dm_cor_iso",2,226,FALSE,0.777426822389311,0.520419941953684
"dm_cor_iso",2,227,TRUE,0.191730393362856,0.49552301714429
"dm_cor_iso",2,228,FALSE,0.239549720840473,0.422687368793187
"dm_cor_iso",2,229,TRUE,0.582404298019028,0.576966029989596
"dm_cor_iso",2,230,TRUE,0.569373909615046,0.407521989037445
"dm_cor_iso",2,231,FALSE,0.334252642334231,0.421407125980748
"dm_cor_iso",2,232,FALSE,0.406369835469268,0.479782542083056
"dm_cor_iso",2,233,FALSE,0.0597526942092988,0.327644304516624
"dm_cor_iso",2,234,TRUE,0.472463896606989,0.411024895251267
"dm_cor_iso",2,235,FALSE,0.666985718329661,0.452655475009757
"dm_cor_iso",2,236,FALSE,0.65417654187796,0.512215126963828
"dm_cor_iso",2,237,FALSE,0.259593878885949,0.496370416261046
"dm_cor_iso",2,238,FALSE,0.527114111639805,0.557516086193829
"dm_cor_iso",2,239,TRUE,0.367169488534681,0.361843310835806
"dm_cor_iso",2,240,TRUE,0.19228861256812,0.307441255128036
"dm_cor_iso",2,241,FALSE,0.478566495593843,0.31495152449029
"dm_cor_iso",2,242,FALSE,0.253580289562183,0.406928309508028
"dm_cor_iso",2,243,FALSE,0.27554168840131,0.367021621763853
"dm_cor_iso",2,244,FALSE,0.532627001228891,0.38554514845064
"dm_cor_iso",2,245,TRUE,0.542451947375977,0.438504640839142
"dm_cor_iso",2,246,FALSE,0.381836799998343,0.413044697644864
"dm_cor_iso",2,247,TRUE,0.511616020569138,0.591206657074273
"dm_cor_iso",2,248,FALSE,0.476831628512261,0.586697245490353
"dm_cor_iso",2,249,FALSE,0.301029995663981,0.48852338729274
"dm_cor_iso",2,250,FALSE,0.325823419002744,0.371428697466298
"dm_cor_iso",2,251,FALSE,0.586024382386976,0.494609561157924
"dm_cor_iso",2,252,FALSE,0.218535505216528,0.243631049322807
"dm_cor_iso",2,253,FALSE,0.0480531731156091,0.2344025682151
"dm_cor_iso",2,254,FALSE,0.378397900948138,0.561330664084512
"dm_cor_iso",2,255,FALSE,0.595275711802099,0.476438042872784
"dm_cor_iso",2,256,FALSE,0.398807730203264,0.470925089204964
"dm_cor_iso",2,257,FALSE,0.456214155357989,0.491592280784627
"dm_cor_iso",2,258,FALSE,0.641126932803509,0.461968265589902
"dm_cor_iso",2,259,FALSE,0.54020429984206,0.34550711637019
"dm_cor_iso",2,260,FALSE,0.0328201494385639,0.185532895002891
"dm_cor_iso",2,261,FALSE,0.434888120867316,0.504522347117312
"dm_cor_iso",2,262,FALSE,0.332034277027518,0.343515952248187
"dm_cor_iso",2,263,FALSE,0.391816923613249,0.692570619762069
"dm_cor_iso",2,264,TRUE,0.347427598618541,0.295306813974265
"dm_cor_iso",2,265,FALSE,0.352182518111362,0.282027505293294
"dm_cor_iso",2,266,TRUE,0.154119525515847,0.0694968511473159
"dm_cor_iso",2,267,FALSE,0.591398551281249,0.418509808166856
"dm_cor_iso",2,268,TRUE,0.315970345456918,0.438230911924147
"dm_cor_iso",2,269,FALSE,0.470410490975931,0.453054621183263
"dm_cor_iso",2,270,FALSE,0.826074802700826,0.673684780982026
"dm_cor_iso",2,271,TRUE,0.273232834043046,0.330512173063779
"dm_cor_iso",2,272,FALSE,0.234264124378789,0.370288596457003
"dm_cor_iso",2,273,FALSE,0.504878459410216,0.411719157749597
"dm_cor_iso",2,274,FALSE,0.582744965691277,0.359136894897906
"dm_cor_iso",2,275,FALSE,0.542327382773974,0.456944886034914
"dm_cor_iso",2,276,FALSE,0.657055852857104,0.473967206128027
"dm_cor_iso",2,277,FALSE,0.328379603438738,0.382487304687272
"dm_cor_iso",2,278,FALSE,0.4679039465228,0.237495718572709
"dm_cor_iso",2,279,FALSE,0.331427296520743,0.464083834742736
"dm_cor_iso",2,280,FALSE,0.352664799651101,0.47723782459416
"dm_cor_iso",2,281,FALSE,0.437116093048079,0.293279175136742
"dm_cor_iso",2,282,FALSE,0.325043347403704,0.396431545365844
"dm_cor_iso",2,283,FALSE,0.775319121829478,0.478734930565637
"dm_cor_iso",2,284,FALSE,0.526442668529935,0.377654865075002
"dm_cor_iso",2,285,FALSE,0.682145076373832,0.53318049130373
"dm_cor_iso",2,286,FALSE,0.425534220498263,0.511740634334176
"dm_cor_iso",2,287,FALSE,0.659726095237792,0.463119164754077
"dm_cor_iso",2,288,FALSE,0.672097857935718,0.419965235567187
"dm_cor_iso",2,289,FALSE,0.534026106056135,0.437069033593131
"dm_cor_iso",2,290,FALSE,0.615950051656401,0.509714692536787
"dm_cor_iso",2,291,TRUE,0.262451089730429,0.231502016016558
"dm_cor_iso",3,1,TRUE,0.482873583608754,0.346476523254907
"dm_cor_iso",3,2,TRUE,0.496929648073215,0.481755946450573
"dm_cor_iso",3,3,TRUE,0.623042434246382,0.447308576019381
"dm_cor_iso",3,4,TRUE,0.523746466811564,0.246539388122716
"dm_cor_iso",3,5,TRUE,0.47567118832443,0.344690272765998
"dm_cor_iso",3,6,TRUE,0.0681858617461616,0.288086321018286
"dm_cor_iso",3,7,FALSE,0.469674772551798,0.385114544716917
"dm_cor_iso",3,8,FALSE,0.387389826338729,0.475397123641491
"dm_cor_iso",3,9,FALSE,0.627365856592733,0.446804680926746
"dm_cor_iso",3,10,FALSE,0.591064607026499,0.431684141443319
"dm_cor_iso",3,11,FALSE,0.218220304175545,0.306906730275946
"dm_cor_iso",3,12,TRUE,0.680335513414563,0.422342179807109
"dm_cor_iso",3,13,TRUE,0.680607428991788,0.600110755387376
"dm_cor_iso",3,14,FALSE,0.721810615212547,0.57644336320775
"dm_cor_iso",3,15,TRUE,0.20682587603185,0.351988260767355
"dm_cor_iso",3,16,TRUE,0.582063362911709,0.421755771072261
"dm_cor_iso",3,17,FALSE,0.696094159995223,0.541212998410829
"dm_cor_iso",3,18,TRUE,0.40823996531185,0.355384178901314
"dm_cor_iso",3,19,FALSE,0.433001340945038,0.446990133868543
"dm_cor_iso",3,20,FALSE,0.653212513775344,0.471656301518136
"dm_cor_iso",3,21,FALSE,0.558072259099146,0.429559309221869
"dm_cor_iso",3,22,FALSE,0.261928672990642,0.217944812487307
"dm_cor_iso",3,23,FALSE,0.862727528317975,0.64616892412924
"dm_cor_iso",3,24,TRUE,0.637489729512511,0.533916776680756
"dm_cor_iso",3,25,FALSE,0.504878459410216,0.370359813452789
"dm_cor_iso",3,26,FALSE,0.286995073968852,0.3943827914312
"dm_cor_iso",3,27,TRUE,0.662757831681574,0.464019736921113
"dm_cor_iso",3,28,FALSE,0.524525936626376,0.475484864655438
"dm_cor_iso",3,29,TRUE,0.406540180433955,0.464400587230807
"dm_cor_iso",3,30,FALSE,0.656098202012832,0.523395846332273
"dm_cor_iso",3,31,FALSE,0.517987203025078,0.430290629802211
"dm_cor_iso",3,32,FALSE,0.703119346236078,0.521899542586163
"dm_cor_iso",3,33,FALSE,0.691081492122968,0.539807468315379
"dm_cor_iso",3,34,FALSE,0.0141423615450058,0.402768810866239
"dm_cor_iso",3,35,FALSE,0.733197265106569,0.641351441281574
"dm_cor_iso",3,36,FALSE,0.408070285887185,0.415449232371481
"dm_cor_iso",3,37,FALSE,0.396024896608593,0.481206460187024
"dm_cor_iso",3,38,FALSE,0.398391440229475,0.498344250133196
"dm_cor_iso",3,39,FALSE,0.770852011642144,0.531182085227711
"dm_cor_iso",3,40,TRUE,0.15836249209525,0.419473685197122
"dm_cor_iso",3,41,FALSE,0.625415352154408,0.507370806960452
"dm_cor_iso",3,42,FALSE,0.496334505996816,0.504797722472546
"dm_cor_iso",3,43,FALSE,0.679427896612119,0.573351074865297
"dm_cor_iso",3,44,FALSE,0.610116955411928,0.476317830206535
"dm_cor_iso",3,45,FALSE,0.645913275033844,0.459247554060274
"dm_cor_iso",3,46,FALSE,0.465382851448418,0.424686152450983
"dm_cor_iso",3,47,FALSE,0.569490954348783,0.576961530063514
"dm_cor_iso",3,48,FALSE,0.187520720836463,0.299352549364963
"dm_cor_iso",3,49,FALSE,0.465813957269479,0.468615318251184
"dm_cor_iso",3,50,FALSE,0.231214647962601,0.519752980540074
"dm_cor_iso",3,51,FALSE,0.670802284260944,0.566150757261954
"dm_cor_iso",3,52,FALSE,0.459935016851525,0.521257656150721
"dm_cor_iso",3,53,FALSE,0.287129620719111,0.354924609018184
"dm_cor_iso",3,54,FALSE,0.6232492903979,0.521656547979149
"dm_cor_iso",3,55,FALSE,0.8109042806687,0.649370879325772
"dm_cor_iso",3,56,TRUE,0.354108439147401,0.088190154561205
"dm_cor_iso",3,57,FALSE,0.129141845792285,0.435293452670835
"dm_cor_iso",3,58,FALSE,0.244969460136198,0.328683301795325
"dm_cor_iso",3,59,FALSE,0.364363354615731,0.434370979228057
"dm_cor_iso",3,60,TRUE,0.334212409393176,0.357024734784216
"dm_cor_iso",3,61,FALSE,0.489677291663699,0.516227738421564
"dm_cor_iso",3,62,FALSE,0.525304009958239,0.49718823368239
"dm_cor_iso",3,63,TRUE,0.406540180433955,0.481309871362011
"dm_cor_iso",3,64,FALSE,0.335457900689384,0.556710635664952
"dm_cor_iso",3,65,FALSE,0.419873175149476,0.540882305125193
"dm_cor_iso",3,66,FALSE,0.397227181043161,0.547191223306356
"dm_cor_iso",3,67,TRUE,0.59659709562646,0.647778563354326
"dm_cor_iso",3,68,FALSE,0.260071387985075,0.46083555829344
"dm_cor_iso",3,69,FALSE,0.489466281303128,0.570994531808239
"dm_cor_iso",3,70,FALSE,0.544018407858776,0.685864101969591
"dm_cor_iso",3,71,TRUE,0.222976449893391,0.124837354836993
"dm_cor_iso",3,72,FALSE,0.665205628434601,0.646872150171599
"dm_cor_iso",3,73,FALSE,0.537819095073274,0.5727834793649
"dm_cor_iso",3,74,FALSE,0.501059262217751,0.533058812458487
"dm_cor_iso",3,75,FALSE,0.415699348887829,0.446791506504606
"dm_cor_iso",3,76,TRUE,0.298853076409707,0.428138869039323
"dm_cor_iso",3,77,TRUE,0.289365951520032,0.248660514202053
"dm_cor_iso",3,78,FALSE,0.497620649781288,0.32575501437749
"dm_cor_iso",3,79,TRUE,0.778151250383644,0.492362082593525
"dm_cor_iso",3,80,TRUE,0.260071387985075,0.320917895004771
"dm_cor_iso",3,81,FALSE,0.367542273520577,0.490790784464691
"dm_cor_iso",3,82,FALSE,0.534026106056135,0.472990212974263
"dm_cor_iso",3,83,FALSE,0.287129620719111,0.269791179247871
"dm_cor_iso",3,84,FALSE,0.469822015978163,0.383517711123679
"dm_cor_iso",3,85,TRUE,0.399673721481038,0.45115833110054
"dm_cor_iso",3,86,FALSE,0.307496037913213,0.266500721815866
"dm_cor_iso",3,87,TRUE,0.322219294733919,0.31960978130133
"dm_cor_iso",3,88,FALSE,0.247236549506764,0.391673729719224
"dm_cor_iso",3,89,FALSE,0.6232492903979,0.464720379662072
"dm_cor_iso",3,90,TRUE,0.429752280002408,0.468934313840532
"dm_cor_iso",3,91,TRUE,0.566943971856554,0.446131764962051
"dm_cor_iso",3,92,FALSE,0.605951157564873,0.533139077851619
"dm_cor_iso",3,93,FALSE,0.265996370495079,0.549021399372008
"dm_cor_iso",3,94,FALSE,0.555215405126073,0.405623649581886
"dm_cor_iso",3,95,FALSE,0.638489256954637,0.492692427397706
"dm_cor_iso",3,96,FALSE,0.528145078253106,0.537642622794167
"dm_cor_iso",3,97,FALSE,0.430075055551939,0.554563031324567
"dm_cor_iso",3,98,FALSE,0.184549481320698,0.400325455068953
"dm_cor_iso",3,99,FALSE,0.472537053262077,0.552575505583645
"dm_cor_iso",3,100,FALSE,0.60616631460762,0.513503643267115
"dm_cor_iso",3,101,FALSE,0.685553652846326,0.611300208985204
"dm_cor_iso",3,102,TRUE,0.296665190261531,0.554395554753877
"dm_cor_iso",3,103,FALSE,0.491361693834273,0.56366096596246
"dm_cor_iso",3,104,FALSE,0.513217600067939,0.403931681506227
"dm_cor_iso",3,105,TRUE,0.64738297011462,0.58941396877505
"dm_cor_iso",3,106,FALSE,0.491361693834273,0.516611249244452
"dm_cor_iso",3,107,FALSE,0.406028944963615,0.410335693469773
"dm_cor_iso",3,108,FALSE,0.752025387323213,0.504816431123423
"dm_cor_iso",3,109,TRUE,0.6414741105041,0.432938817428378
"dm_cor_iso",3,110,FALSE,0.416307587059883,0.59110453870467
"dm_cor_iso",3,111,FALSE,0.966610986681934,0.70737004670597
"dm_cor_iso",3,112,FALSE,0.188647295999717,0.346313049228512
"dm_cor_iso",3,113,FALSE,0.708335902682263,0.505112217848984
"dm_cor_iso",3,114,FALSE,0.685741738602264,0.763358136204405
"dm_cor_iso",3,115,FALSE,0.559308010907013,0.451967861808895
"dm_cor_iso",3,116,FALSE,0.355259905527378,0.461310467426072
"dm_cor_iso",3,117,FALSE,0.187520720836463,0.333452405744324
"dm_cor_iso",3,118,TRUE,0.569373909615046,0.597596439264485
"dm_cor_iso",3,119,FALSE,0.572523097849638,0.489907651805642
"dm_cor_iso",3,120,FALSE,0.538070787043172,0.546488369099459
"dm_cor_iso",3,121,FALSE,0.374748346010104,0.35363427483832
"dm_cor_iso",3,122,FALSE,0.294686624279443,0.35019755065765
"dm_cor_iso",3,123,FALSE,0.432969290874406,0.465802585469138
"dm_cor_iso",3,124,TRUE,0.320146286111054,0.564377465888404
"dm_cor_iso",3,125,FALSE,0.574262829707027,0.479968869087706
"dm_cor_iso",3,126,FALSE,0.610234175334389,0.610332692851728
"dm_cor_iso",3,127,FALSE,0.173186268412274,0.180612457094007
"dm_cor_iso",3,128,FALSE,0.314499227973151,0.428087448404446
"dm_cor_iso",3,129,FALSE,0.753330221324521,0.531889462088059
"dm_cor_iso",3,130,FALSE,0.338456493604605,0.470019525419462
"dm_cor_iso",3,131,TRUE,0.0253058652647703,0.146544508095356
"dm_cor_iso",3,132,FALSE,0.21045229296202,0.399457230176728
"dm_cor_iso",3,133,FALSE,0.440121603187804,0.510733574502996
"dm_cor_iso",3,134,FALSE,0.761326322421457,0.607978098040806
"dm_cor_iso",3,135,FALSE,0.188084373714938,0.37931869865931
"dm_cor_iso",3,136,FALSE,0.662757831681574,0.397430935077137
"dm_cor_iso",3,137,FALSE,0.409425868671443,0.464385959118677
"dm_cor_iso",3,138,FALSE,0.387389826338729,0.331282326070588
"dm_cor_iso",3,139,FALSE,0.256236533205923,0.421232656627425
"dm_cor_iso",3,140,FALSE,0.381656482585787,0.424675078292615
"dm_cor_iso",3,141,FALSE,0.43568513794163,0.48562280235777
"dm_cor_iso",3,142,FALSE,0.190331698170291,0.404457452762936
"dm_cor_iso",3,143,TRUE,0.123851640967086,0.330873532687097
"dm_cor_iso",3,144,FALSE,0.208978517276253,0.491245168380674
"dm_cor_iso",3,145,TRUE,0.506505032404872,0.40813165578672
"dm_cor_iso",3,146,FALSE,0.390935107103379,0.456827852579832
"dm_cor_iso",3,147,FALSE,0.442479769064449,0.507638267778936
"dm_cor_iso",3,148,FALSE,0.417139409727326,0.423309738751039
"dm_cor_iso",3,149,FALSE,0.260071387985075,0.396762859808983
"dm_cor_iso",3,150,TRUE,0.308777773664721,0.255472112370533
"dm_cor_iso",3,151,FALSE,0.583198773968623,0.377770783612333
"dm_cor_iso",3,152,TRUE,0.456062224454951,0.448991217526239
"dm_cor_iso",3,153,FALSE,0.370698092575577,0.37571970845294
"dm_cor_iso",3,154,FALSE,0.639486489268586,0.633803154636867
"dm_cor_iso",3,155,FALSE,0.777412321496744,0.451424301381061
"dm_cor_iso",3,156,TRUE,0.590284403718162,0.49060410200605
"dm_cor_iso",3,157,FALSE,0.618215503279417,0.569657920470946
"dm_cor_iso",3,158,FALSE,0.224533062606086,0.437208801802868
"dm_cor_iso",3,159,FALSE,0.234010817587179,0.308291468637242
"dm_cor_iso",3,160,FALSE,0.595826777073223,0.436474363921418
"dm_cor_iso",3,161,TRUE,0.612783856719735,0.52468956373425
"dm_cor_iso",3,162,FALSE,0.581266805273671,0.563837476071771
"dm_cor_iso",3,163,FALSE,0.588383768378728,0.555797399774709
"dm_cor_iso",3,164,FALSE,0.108226656374928,0.397217600907271
"dm_cor_iso",3,165,TRUE,0.381115080709851,0.508263964704498
"dm_cor_iso",3,166,FALSE,0.255272505103306,0.51418121862985
"dm_cor_iso",3,167,FALSE,0.680879174426811,0.493127144970414
"dm_cor_iso",3,168,FALSE,0.564784384503987,0.490065761048035
"dm_cor_iso",3,169,TRUE,0.526339277389844,0.359561023234497
"dm_cor_iso",3,170,FALSE,0.294466226161593,0.425887918021575
"dm_cor_iso",3,171,FALSE,0.612783856719735,0.462301666871122
"dm_cor_iso",3,172,FALSE,0.5182506513085,0.556155174275112
"dm_cor_iso",3,173,FALSE,0.442949869577862,0.388060823054413
"dm_cor_iso",3,174,FALSE,0.505149978319906,0.49000049144906
"dm_cor_iso",3,175,FALSE,0.305995882770805,0.413302469419672
"dm_cor_iso",3,176,TRUE,0.612783856719735,0.352795763603291
"dm_cor_iso",3,177,TRUE,0.204119982655925,0.527727227317119
"dm_cor_iso",3,178,FALSE,0.677333151419902,0.477548891673196
"dm_cor_iso",3,179,FALSE,0.345961541813141,0.454940967194747
"dm_cor_iso",3,180,FALSE,0.361160995195026,0.458480062571894
"dm_cor_iso",3,181,TRUE,0.127104798364808,0.150204675931012
"dm_cor_iso",3,182,FALSE,0.514547752660286,0.310517842911018
"dm_cor_iso",3,183,FALSE,0.362350507594848,0.473565549067906
"dm_cor_iso",3,184,FALSE,0.662757831681574,0.446030432237301
"dm_cor_iso",3,185,FALSE,0.313867220369153,0.406527346546333
"dm_cor_iso",3,186,FALSE,0.839666556882433,0.451399386020709
"dm_cor_iso",3,187,FALSE,0.16999753706657,0.363838880575822
"dm_cor_iso",3,188,FALSE,0.129367595722986,0.0908895345130581
"dm_cor_iso",3,189,FALSE,0.36078268987328,0.354767719154014
"dm_cor_iso",3,190,FALSE,0.429106008332697,0.498932190741225
"dm_cor_iso",3,191,FALSE,0.702602841340427,0.552841031551348
"dm_cor_iso",3,192,FALSE,0.571708831808688,0.465199231811496
"dm_cor_iso",3,193,FALSE,0.343920385393226,0.307086671035714
"dm_cor_iso",3,194,FALSE,0.695131297704026,0.525633094754943
"dm_cor_iso",3,195,FALSE,0.629409599102719,0.539220419050642
"dm_cor_iso",3,196,FALSE,0.414973347970818,0.421690616143769
"dm_cor_iso",3,197,FALSE,0.276231957921834,0.359440703789864
"dm_cor_iso",3,198,FALSE,0.531478917042255,0.528713629915475
"dm_cor_iso",3,199,FALSE,0.236789099409293,0.369802590711211
"dm_cor_iso",3,200,FALSE,0.756407872548958,0.717244705867046
"dm_cor_iso",3,201,FALSE,0.718750734739665,0.512542643400778
"dm_cor_iso",3,202,FALSE,0.515211304327802,0.435696607174041
"dm_cor_iso",3,203,TRUE,0.3654879848909,0.327828954169753
"dm_cor_iso",3,204,TRUE,0.344392273685111,0.445769318337843
"dm_cor_iso",3,205,FALSE,0.196728722623287,0.453792272856606
"dm_cor_iso",3,206,FALSE,0.392696953259666,0.329010028198876
"dm_cor_iso",3,207,FALSE,0.365394376854778,0.434975946554171
"dm_cor_iso",3,208,TRUE,0.389166084364532,0.405515735987759
"dm_cor_iso",3,209,FALSE,0.653212513775344,0.498366959317125
"dm_cor_iso",3,210,FALSE,0.440594261839831,0.421512471443028
"dm_cor_iso",3,211,TRUE,0.202215775801131,0.451195311837533
"dm_cor_iso",3,212,FALSE,0.48572142648158,0.42306127026271
"dm_cor_iso",3,213,FALSE,0.244277120801843,0.499586088804755
"dm_cor_iso",3,214,FALSE,0.372727940885595,0.536853248862484
"dm_cor_iso",3,215,FALSE,0.52244423350632,0.46971410008923
"dm_cor_iso",3,216,FALSE,0.257678574869184,0.412465394494875
"dm_cor_iso",3,217,FALSE,0.384353414137506,0.578435429471792
"dm_cor_iso",3,218,FALSE,0.335858911319818,0.432203519749971
"dm_cor_iso",3,219,FALSE,0.555094448578319,0.48190834841725
"dm_cor_iso",3,220,FALSE,0.271841606536499,0.46988994608705
"dm_cor_iso",3,221,FALSE,0.471291711058939,0.440282721105759
"dm_cor_iso",3,222,TRUE,0.294906910605192,0.405943965043239
"dm_cor_iso",3,223,FALSE,0.655138434811382,0.577645957991773
"dm_cor_iso",3,224,FALSE,0.528916700277655,0.541733842394904
"dm_cor_iso",3,225,TRUE,0.237040791379191,0.513441621880973
"dm_cor_iso",3,226,FALSE,0.777426822389311,0.510731020814546
"dm_cor_iso",3,227,TRUE,0.191730393362856,0.503668338809282
"dm_cor_iso",3,228,FALSE,0.239549720840473,0.414760568335373
"dm_cor_iso",3,229,TRUE,0.582404298019028,0.623477632593273
"dm_cor_iso",3,230,TRUE,0.569373909615046,0.364120858657351
"dm_cor_iso",3,231,FALSE,0.334252642334231,0.406071329012441
"dm_cor_iso",3,232,FALSE,0.406369835469268,0.460017879810489
"dm_cor_iso",3,233,FALSE,0.0597526942092988,0.322470813589093
"dm_cor_iso",3,234,TRUE,0.472463896606989,0.483887389728008
"dm_cor_iso",3,235,FALSE,0.666985718329661,0.457802091445576
"dm_cor_iso",3,236,FALSE,0.65417654187796,0.551207500522192
"dm_cor_iso",3,237,FALSE,0.259593878885949,0.492882705713285
"dm_cor_iso",3,238,FALSE,0.527114111639805,0.534541437134908
"dm_cor_iso",3,239,TRUE,0.367169488534681,0.345138240169869
"dm_cor_iso",3,240,TRUE,0.19228861256812,0.252584086189848
"dm_cor_iso",3,241,FALSE,0.478566495593843,0.323085061211793
"dm_cor_iso",3,242,FALSE,0.253580289562183,0.412545422426692
"dm_cor_iso",3,243,FALSE,0.27554168840131,0.393936647935545
"dm_cor_iso",3,244,FALSE,0.532627001228891,0.407436716830141
"dm_cor_iso",3,245,TRUE,0.542451947375977,0.42228891809344
"dm_cor_iso",3,246,FALSE,0.381836799998343,0.421181675974715
"dm_cor_iso",3,247,TRUE,0.511616020569138,0.62036675756859
"dm_cor_iso",3,248,FALSE,0.476831628512261,0.596315626662896
"dm_cor_iso",3,249,FALSE,0.301029995663981,0.487331992542495
"dm_cor_iso",3,250,FALSE,0.325823419002744,0.382248231937431
"dm_cor_iso",3,251,FALSE,0.586024382386976,0.509430953047401
"dm_cor_iso",3,252,FALSE,0.218535505216528,0.264481045734139
"dm_cor_iso",3,253,FALSE,0.0480531731156091,0.210220124524322
"dm_cor_iso",3,254,FALSE,0.378397900948138,0.576466558810114
"dm_cor_iso",3,255,FALSE,0.595275711802099,0.422883639860225
"dm_cor_iso",3,256,FALSE,0.398807730203264,0.443215096708007
"dm_cor_iso",3,257,FALSE,0.456214155357989,0.438564887409542
"dm_cor_iso",3,258,FALSE,0.641126932803509,0.466052852449121
"dm_cor_iso",3,259,FALSE,0.54020429984206,0.34216284578747
"dm_cor_iso",3,260,FALSE,0.0328201494385639,0.194646058912689
"dm_cor_iso",3,261,FALSE,0.434888120867316,0.499094079125798
"dm_cor_iso",3,262,FALSE,0.332034277027518,0.289316189817362
"dm_cor_iso",3,263,FALSE,0.391816923613249,0.679177472399709
"dm_cor_iso",3,264,TRUE,0.347427598618541,0.323072213540133
"dm_cor_iso",3,265,FALSE,0.352182518111362,0.30814352017926
"dm_cor_iso",3,266,TRUE,0.154119525515847,0.227580716711711
"dm_cor_iso",3,267,FALSE,0.591398551281249,0.404537125628307
"dm_cor_iso",3,268,TRUE,0.315970345456918,0.419579309837237
"dm_cor_iso",3,269,FALSE,0.470410490975931,0.43744483915622
"dm_cor_iso",3,270,FALSE,0.826074802700826,0.729262824906321
"dm_cor_iso",3,271,TRUE,0.273232834043046,0.413416620516919
"dm_cor_iso",3,272,FALSE,0.234264124378789,0.369284983412112
"dm_cor_iso",3,273,FALSE,0.504878459410216,0.472381926458073
"dm_cor_iso",3,274,FALSE,0.582744965691277,0.377163691903969
"dm_cor_iso",3,275,FALSE,0.542327382773974,0.460428489345065
"dm_cor_iso",3,276,FALSE,0.657055852857104,0.468932633235393
"dm_cor_iso",3,277,FALSE,0.328379603438738,0.344064720285845
"dm_cor_iso",3,278,FALSE,0.4679039465228,0.28805606847844
"dm_cor_iso",3,279,FALSE,0.331427296520743,0.488796759150707
"dm_cor_iso",3,280,FALSE,0.352664799651101,0.477057911413376
"dm_cor_iso",3,281,FALSE,0.437116093048079,0.327677860069179
"dm_cor_iso",3,282,FALSE,0.325043347403704,0.377042759098463
"dm_cor_iso",3,283,FALSE,0.775319121829478,0.508994618784589
"dm_cor_iso",3,284,FALSE,0.526442668529935,0.3175845911269
"dm_cor_iso",3,285,FALSE,0.682145076373832,0.544573416111779
"dm_cor_iso",3,286,FALSE,0.425534220498263,0.526117431167265
"dm_cor_iso",3,287,FALSE,0.659726095237792,0.488329537878995
"dm_cor_iso",3,288,FALSE,0.672097857935718,0.401434148471114
"dm_cor_iso",3,289,FALSE,0.534026106056135,0.435932785026637
"dm_cor_iso",3,290,FALSE,0.615950051656401,0.528591042000552
"dm_cor_iso",3,291,TRUE,0.262451089730429,0.353203491409934
