"cfg","rep","row","grb","is_opt","y","z","pred"
"combo",1,1,"000926A",TRUE,0.482873583608754,2.04,0.383313757029754
"combo",1,2,"011211A",TRUE,0.496929648073215,2.14,0.487278319965682
"combo",1,3,"020124A",TRUE,0.623042434246382,3.198,0.447145469481175
"combo",1,4,"021004A",TRUE,0.523746466811564,2.34,0.434915593300817
"combo",1,5,"030226A",TRUE,0.47567118832443,1.99,0.386796938444624
"combo",1,6,"030329A",TRUE,0.0681858617461616,0.17,0.261684390691787
"combo",1,7,"050315A",FALSE,0.469674772551798,1.949,0.381429360100325
"combo",1,8,"050318A",FALSE,0.387389826338729,1.44,0.444443653582569
"combo",1,9,"050319A",FALSE,0.627365856592733,3.24,0.389429070977071
"combo",1,10,"050401A",FALSE,0.591064607026499,2.9,0.393719863740672
"combo",1,11,"050416A",FALSE,0.218220304175545,0.6528,0.24554611633684
"combo",1,12,"050502A",TRUE,0.680335513414563,3.79,0.534272917869704
"combo",1,13,"050502B",TRUE,0.680607428991788,3.793,0.51352971295823
"combo",1,14,"050505A",FALSE,0.721810615212547,4.27,0.534185051840641
"combo",1,15,"050525A",TRUE,0.20682587603185,0.61,0.438449714929823
"combo",1,16,"050603A",TRUE,0.582063362911709,2.82,0.391501214894147
"combo",1,17,"050730A",FALSE,0.696094159995223,3.967,0.482864439692223
"combo",1,18,"050801A",TRUE,0.40823996531185,1.56,0.355276832194486
"combo",1,19,"050802A",FALSE,0.433001340945038,1.7102,0.421769562344036
"combo",1,20,"050803A",FALSE,0.653212513775344,3.5,0.44948417497808
"combo",1,21,"050820A",FALSE,0.558072259099146,2.6147,0.376317941505082
"combo",1,22,"050824A",FALSE,0.261928672990642,0.8278,0.240935663638256
"combo",1,23,"050904A",FALSE,0.862727528317975,6.29,0.564593428208413
"combo",1,24,"050908A",TRUE,0.637489729512511,3.34,0.383597258398615
"combo",1,25,"050922C",FALSE,0.504878459410216,2.198,0.360205500470028
"combo",1,26,"051016B",FALSE,0.286995073968852,0.9364,0.414205753571818
"combo",1,27,"051028A",TRUE,0.662757831681574,3.6,0.430553173337438
"combo",1,28,"051109A",FALSE,0.524525936626376,2.346,0.459585759771616
"combo",1,29,"051111A",TRUE,0.406540180433955,1.55,0.346658194964037
"combo",1,30,"060115A",FALSE,0.656098202012832,3.53,0.554729083245442
"combo",1,31,"060124A",FALSE,0.517987203025078,2.296,0.391494134623976
"combo",1,32,"060206A",FALSE,0.703119346236078,4.048,0.521901917880892
"combo",1,33,"060210A",FALSE,0.691081492122968,3.91,0.502850466622832
"combo",1,34,"060223A",FALSE,0.73319726510657,4.41,0.687301579212951
"combo",1,35,"060306A",FALSE,0.408070285887185,1.559,0.406763949856373
"combo",1,36,"060418A",FALSE,0.396024896608593,1.489,0.426603307341281
"combo",1,37,"060502A",FALSE,0.398391440229475,1.5026,0.427937179929116
"combo",1,38,"060510B",FALSE,0.770852011642144,4.9,0.512302904852163
"combo",1,39,"060512A",TRUE,0.15836249209525,0.44,0.427518949915822
"combo",1,40,"060526A",FALSE,0.625415352154408,3.221,0.481823274844997
"combo",1,41,"060604A",FALSE,0.496334505996816,2.1357,0.466988616943627
"combo",1,42,"060605A",FALSE,0.679427896612119,3.78,0.60232926923776
"combo",1,43,"060607A",FALSE,0.610116955411928,3.0749,0.539439000337799
"combo",1,44,"060707A",FALSE,0.645913275033844,3.425,0.48636237438864
"combo",1,45,"060708A",FALSE,0.465382851448418,1.92,0.43657764186433
"combo",1,46,"060714A",FALSE,0.569490954348783,2.711,0.55422103028816
"combo",1,47,"060729A",FALSE,0.187520720836463,0.54,0.337620632841073
"combo",1,48,"060814A",FALSE,0.465813957269479,1.9229,0.450723999958621
"combo",1,49,"060904B",FALSE,0.231214647962601,0.703,0.507973560259269
"combo",1,50,"060906A",FALSE,0.670802284260944,3.686,0.655590305656757
"combo",1,51,"060908A",FALSE,0.459935016851525,1.8836,0.513040091030683
"combo",1,52,"060912A",FALSE,0.287129620719111,0.937,0.395451028655198
"combo",1,53,"060926A",FALSE,0.6232492903979,3.2,0.621376014383689
"combo",1,54,"060927A",FALSE,0.8109042806687,5.47,0.595792874114822
"combo",1,55,"061007A",TRUE,0.354108439147401,1.26,0.425256661046967
"combo",1,56,"061021A",FALSE,0.129141845792285,0.3463,0.422000187901544
"combo",1,57,"061110A",FALSE,0.244969460136198,0.7578,0.42667112812878
"combo",1,58,"061121A",FALSE,0.364363354615731,1.314,0.389391330196769
"combo",1,59,"061126A",TRUE,0.334212409393176,1.1588,0.534373818927189
"combo",1,60,"061222A",FALSE,0.489677291663699,2.088,0.520160162141269
"combo",1,61,"070110A",FALSE,0.525304009958239,2.352,0.515823205311903
"combo",1,62,"070125A",TRUE,0.406540180433955,1.55,0.364661997067011
"combo",1,63,"070208A",FALSE,0.335457900689384,1.165,0.532265496531044
"combo",1,64,"070223A",FALSE,0.419873175149476,1.6295,0.519473505363288
"combo",1,65,"070306A",FALSE,0.397227181043161,1.4959,0.567772305090905
"combo",1,66,"070411A",TRUE,0.59659709562646,2.95,0.647214288483032
"combo",1,67,"070508A",FALSE,0.260071387985075,0.82,0.417514296398423
"combo",1,68,"070521A",FALSE,0.489466281303128,2.0865,0.552255760293424
"combo",1,69,"070529A",FALSE,0.544018407858776,2.4996,0.682004317889771
"combo",1,70,"070612A",TRUE,0.222976449893391,0.671,0.396345276564756
"combo",1,71,"070714B",FALSE,0.28397928423848,0.923,0.552449544316899
"combo",1,72,"070721B",FALSE,0.6652056284346,3.626,0.577550578148802
"combo",1,73,"070802A",FALSE,0.537819095073274,2.45,0.541999293889524
"combo",1,74,"070810A",FALSE,0.501059262217751,2.17,0.523916349510546
"combo",1,75,"071003A",FALSE,0.415699348887829,1.60435,0.419968659493485
"combo",1,76,"071010A",TRUE,0.298853076409707,0.99,0.545201041241765
"combo",1,77,"071010B",TRUE,0.289365951520032,0.947,0.408656871287596
"combo",1,78,"071020A",FALSE,0.497620649781288,2.145,0.317786378558104
"combo",1,79,"071025A",TRUE,0.778151250383644,5,0.57050639659638
"combo",1,80,"071112C",TRUE,0.260071387985075,0.82,0.373239188230274
"combo",1,81,"071117A",FALSE,0.367542273520577,1.331,0.451278169695683
"combo",1,82,"080310A",FALSE,0.534026106056135,2.42,0.464674716999393
"combo",1,83,"080319B",FALSE,0.287129620719111,0.937,0.30095580858422
"combo",1,84,"080319C",FALSE,0.469822015978163,1.95,0.382130560328016
"combo",1,85,"080330A",TRUE,0.399673721481038,1.51,0.439287262362665
"combo",1,86,"080411A",FALSE,0.307496037913213,1.03,0.256551996721823
"combo",1,87,"080430A",FALSE,0.247236549506764,0.767,0.347026688187858
"combo",1,88,"080516A",FALSE,0.6232492903979,3.2,0.40465073745395
"combo",1,89,"080603A",TRUE,0.429752280002408,1.69,0.392546571948155
"combo",1,90,"080603B",TRUE,0.566943971856554,2.6893,0.413909957175013
"combo",1,91,"080607A",FALSE,0.605951157564873,3.036,0.474778060755674
"combo",1,92,"080710A",FALSE,0.265996370495079,0.845,0.511030009944189
"combo",1,93,"080721A",FALSE,0.555215405126073,2.591,0.338786425503332
"combo",1,94,"080810A",FALSE,0.638489256954637,3.35,0.474419628885451
"combo",1,95,"080905B",FALSE,0.528145078253106,2.374,0.582989692243187
"combo",1,96,"080916A",FALSE,0.227552503379865,0.6887,0.484544104866176
"combo",1,97,"080928A",FALSE,0.430075055551939,1.692,0.519676684339483
"combo",1,98,"081007A",FALSE,0.184549481320698,0.5295,0.369383300058559
"combo",1,99,"081008A",FALSE,0.472537053262077,1.9685,0.514644908187358
"combo",1,100,"081028A",FALSE,0.60616631460762,3.038,0.586603184342862
"combo",1,101,"081029A",FALSE,0.685553652846326,3.8479,0.613898132127356
"combo",1,102,"081109A",TRUE,0.296665190261531,0.98,0.568089793289639
"combo",1,103,"081203A",FALSE,0.491361693834273,2.1,0.534260669292655
"combo",1,104,"081221A",FALSE,0.513217600067939,2.26,0.365408552946341
"combo",1,105,"081228A",TRUE,0.64738297011462,3.44,0.556805770338541
"combo",1,106,"081230A",FALSE,0.491361693834273,2.1,0.455900283470256
"combo",1,107,"090102A",FALSE,0.406028944963615,1.547,0.374807875314978
"combo",1,108,"090205A",FALSE,0.752025387323213,4.6497,0.523489154508035
"combo",1,109,"090313A",TRUE,0.6414741105041,3.38,0.469037121006438
"combo",1,110,"090418A",FALSE,0.416307587059883,1.608,0.52578615443229
"combo",1,111,"090423A",FALSE,0.966610986681934,8.26,0.659123094704571
"combo",1,112,"090424A",FALSE,0.188647295999717,0.544,0.387253082046164
"combo",1,113,"090516A",FALSE,0.708335902682263,4.109,0.525370197176616
"combo",1,114,"090519A",FALSE,0.685741738602264,3.85,0.830144529146796
"combo",1,115,"090529A",FALSE,0.559308010907013,2.625,0.412196196054184
"combo",1,116,"090530A",FALSE,0.355259905527378,1.266,0.417358890398475
"combo",1,117,"090618A",FALSE,0.187520720836463,0.54,0.316822856626252
"combo",1,118,"090726A",TRUE,0.569373909615046,2.71,0.415398554266582
"combo",1,119,"090809A",FALSE,0.572523097849638,2.737,0.450862368932438
"combo",1,120,"090812A",FALSE,0.538070787043172,2.452,0.499542153677152
"combo",1,121,"090927A",FALSE,0.374748346010104,1.37,0.429335259758035
"combo",1,122,"091018A",FALSE,0.294686624279443,0.971,0.302240790028058
"combo",1,123,"091020A",FALSE,0.432969290874406,1.71,0.445546053991221
"combo",1,124,"091024A",TRUE,0.320146286111054,1.09,0.454111168412769
"combo",1,125,"091029A",FALSE,0.574262829707027,2.752,0.409756201545951
"combo",1,126,"091109A",FALSE,0.610234175334389,3.076,0.588762363098556
"combo",1,127,"091127A",FALSE,0.173186268412274,0.49,0.174133536795321
"combo",1,128,"091208B",FALSE,0.314499227973151,1.063,0.383254310201551
"combo",1,129,"100219A",FALSE,0.753330221324521,4.6667,0.532067079594849
"combo",1,130,"100316B",FALSE,0.338456493604605,1.18,0.467824595028759
"combo",1,131,"100316D",TRUE,0.0253058652647703,0.06,0.300727705488293
"combo",1,132,"100418A",FALSE,0.21045229296202,0.6235,0.333889268380614
"combo",1,133,"100425A",FALSE,0.440121603187804,1.755,0.453652765149905
"combo",1,134,"100508A",TRUE,0.181872159010334,0.5201,0.391952980976858
"combo",1,135,"100513A",FALSE,0.761326322421457,4.772,0.619721206712258
"combo",1,136,"100704A",FALSE,0.662757831681574,3.6,0.408158777124823
"combo",1,137,"100728A",FALSE,0.409425868671443,1.567,0.396609466638593
"combo",1,138,"100814A",FALSE,0.387389826338729,1.44,0.314485149728498
"combo",1,139,"100816A",FALSE,0.256236533205923,0.804,0.327567846977664
"combo",1,140,"100901A",FALSE,0.381656482585787,1.408,0.445371993101919
"combo",1,141,"100906A",FALSE,0.43568513794163,1.727,0.393278415945885
"combo",1,142,"101219B",FALSE,0.190331698170291,0.55,0.436294509781011
"combo",1,143,"110106B",FALSE,0.208978517276253,0.618,0.502685634195852
"combo",1,144,"110205A",TRUE,0.506505032404872,2.21,0.459944340883009
"combo",1,145,"110213A",FALSE,0.390935107103379,1.46,0.386852874879294
"combo",1,146,"110422A",FALSE,0.442479769064449,1.77,0.448856310519605
"combo",1,147,"110503A",FALSE,0.417139409727326,1.613,0.454255313643935
"combo",1,148,"110715A",FALSE,0.260071387985075,0.82,0.409267404832712
"combo",1,149,"110726A",TRUE,0.308777773664721,1.036,0.436596640099395
"combo",1,150,"110731A",FALSE,0.583198773968623,2.83,0.417710516584438
"combo",1,151,"110801A",TRUE,0.456062224454951,1.858,0.651481799346336
"combo",1,152,"110808A",FALSE,0.370698092575577,1.348,0.446314539336878
"combo",1,153,"110818A",FALSE,0.639486489268586,3.36,0.612098819244674
"combo",1,154,"111107A",TRUE,0.590284403718162,2.893,0.51162758174528
"combo",1,155,"111123A",FALSE,0.618215503279417,3.1516,0.558745239903907
"combo",1,156,"111209A",FALSE,0.224533062606086,0.677,0.483370761093019
"combo",1,157,"111228A",FALSE,0.234010817587179,0.714,0.292822416304581
"combo",1,158,"120118B",FALSE,0.595826777073223,2.943,0.451819689343487
"combo",1,159,"120119A",TRUE,0.612783856719735,3.1,0.636861172789371
"combo",1,160,"120327A",FALSE,0.581266805273671,2.813,0.57466863355403
"combo",1,161,"120404A",FALSE,0.588383768378728,2.876,0.550815517359636
"combo",1,162,"120422A",FALSE,0.108226656374928,0.283,0.450341670516407
"combo",1,163,"120711A",TRUE,0.381115080709851,1.405,0.512258082350505
"combo",1,164,"120729A",FALSE,0.255272505103306,0.8,0.544161343951005
"combo",1,165,"120802A",FALSE,0.680879174426811,3.796,0.556982726039399
"combo",1,166,"120811C",FALSE,0.564784384503987,2.671,0.476530419430609
"combo",1,167,"120815A",TRUE,0.526339277389844,2.36,0.361061089469643
"combo",1,168,"120907A",FALSE,0.294466226161593,0.97,0.384128646309981
"combo",1,169,"120922A",FALSE,0.612783856719735,3.1,0.487294931434106
"combo",1,170,"121024A",FALSE,0.5182506513085,2.298,0.504328851080595
"combo",1,171,"121027A",FALSE,0.442949869577862,1.773,0.495629460464016
"combo",1,172,"121128A",FALSE,0.505149978319906,2.2,0.443987616664157
"combo",1,173,"121211A",FALSE,0.305995882770805,1.023,0.454443807843434
"combo",1,174,"121217A",TRUE,0.612783856719735,3.1,0.502109857411184
"combo",1,175,"130215A",TRUE,0.204119982655925,0.6,0.485822952096752
"combo",1,176,"130408A",FALSE,0.677333151419902,3.757,0.406539187762922
"combo",1,177,"130418A",FALSE,0.345961541813141,1.218,0.58007325450775
"combo",1,178,"130420A",FALSE,0.361160995195026,1.297,0.466184024900632
"combo",1,179,"130427A",TRUE,0.127104798364808,0.34,0.433070555306933
"combo",1,180,"130505A",FALSE,0.514547752660286,2.27,0.371572498483413
"combo",1,181,"130511A",FALSE,0.362350507594848,1.3033,0.448586347382733
"combo",1,182,"130514A",FALSE,0.662757831681574,3.6,0.480743681486405
"combo",1,183,"130604A",FALSE,0.313867220369153,1.06,0.425500916133148
"combo",1,184,"130606A",FALSE,0.839666556882433,5.913,0.389895532707882
"combo",1,185,"130831A",FALSE,0.16999753706657,0.4791,0.34840881288964
"combo",1,186,"130925A",FALSE,0.129367595722986,0.347,0.173770149853401
"combo",1,187,"131030A",FALSE,0.36078268987328,1.295,0.316284865698914
"combo",1,188,"131105A",FALSE,0.429106008332697,1.686,0.447360210903684
"combo",1,189,"131117A",FALSE,0.702602841340427,4.042,0.520579139679027
"combo",1,190,"140206A",FALSE,0.571708831808688,2.73,0.446037975409893
"combo",1,191,"140213A",FALSE,0.343920385393226,1.2076,0.28628631316758
"combo",1,192,"140419A",FALSE,0.695131297704026,3.956,0.495699095343398
"combo",1,193,"140423A",FALSE,0.629409599102719,3.26,0.49553833990389
"combo",1,194,"140430A",FALSE,0.414973347970818,1.6,0.407980896365634
"combo",1,195,"140506A",FALSE,0.276231957921834,0.889,0.344477186664139
"combo",1,196,"140509A",FALSE,0.531478917042255,2.4,0.520651817209791
"combo",1,197,"140512A",FALSE,0.236789099409293,0.725,0.316023880505626
"combo",1,198,"140518A",FALSE,0.756407872548958,4.707,0.686170359721784
"combo",1,199,"140614A",FALSE,0.718750734739665,4.233,0.557525559106048
"combo",1,200,"140629A",FALSE,0.515211304327802,2.275,0.439347396621456
"combo",1,201,"140801A",TRUE,0.3654879848909,1.32,0.467575722292754
"combo",1,202,"140907A",TRUE,0.344392273685111,1.21,0.442489157432686
"combo",1,203,"141004A",FALSE,0.196728722623287,0.573,0.437015992410414
"combo",1,204,"141121A",FALSE,0.392696953259666,1.47,0.429468050557745
"combo",1,205,"141220A",FALSE,0.365394376854778,1.3195,0.373279135577209
"combo",1,206,"141221A",TRUE,0.389166084364532,1.45,0.474907918690149
"combo",1,207,"150120B",FALSE,0.653212513775344,3.5,0.467425042327033
"combo",1,208,"150314A",FALSE,0.440594261839831,1.758,0.40651312674393
"combo",1,209,"150323A",TRUE,0.202215775801131,0.593,0.443260851212961
"combo",1,210,"150403A",FALSE,0.48572142648158,2.06,0.331790655135527
"combo",1,211,"150821A",FALSE,0.244277120801843,0.755,0.56412272479408
"combo",1,212,"150910A",FALSE,0.372727940885595,1.359,0.430358514113695
"combo",1,213,"151021A",FALSE,0.52244423350632,2.33,0.462068846710746
"combo",1,214,"151027A",FALSE,0.257678574869184,0.81,0.327165980195957
"combo",1,215,"151029A",FALSE,0.384353414137506,1.423,0.609712669171186
"combo",1,216,"151031A",FALSE,0.335858911319818,1.167,0.494935387954179
"combo",1,217,"151215A",FALSE,0.555094448578319,2.59,0.544614307462448
"combo",1,218,"160117B",FALSE,0.271841606536499,0.87,0.495527033991467
"combo",1,219,"160121A",FALSE,0.471291711058939,1.96,0.479968672178658
"combo",1,220,"160131A",TRUE,0.294906910605192,0.972,0.391772543310454
"combo",1,221,"160203A",FALSE,0.655138434811382,3.52,0.616474539966277
"combo",1,222,"160227A",FALSE,0.528916700277655,2.38,0.45169708858108
"combo",1,223,"160314A",TRUE,0.237040791379191,0.726,0.442665411664406
"combo",1,224,"160327A",FALSE,0.777426822389311,4.99,0.505507549964271
"combo",1,225,"160425A",TRUE,0.191730393362856,0.555,0.399860393645187
"combo",1,226,"160804A",FALSE,0.239549720840473,0.736,0.418479203657071
"combo",1,227,"161014A",TRUE,0.582404298019028,2.823,0.485307975572938
"combo",1,228,"161023A",TRUE,0.569373909615046,2.71,0.542923395857881
"combo",1,229,"161108A",FALSE,0.334252642334231,1.159,0.418249625965448
"combo",1,230,"161117A",FALSE,0.406369835469268,1.549,0.382399477053848
"combo",1,231,"161129A",FALSE,0.216165902285993,0.645,0.535529453408078
"combo",1,232,"161219B",FALSE,0.0597526942092988,0.1475,0.224559848312868
"combo",1,233,"170113A",TRUE,0.472463896606989,1.968,0.574977900907445
"combo",1,234,"170202A",FALSE,0.666985718329661,3.645,0.429436953995929
"combo",1,235,"170405A",FALSE,0.65417654187796,3.51,0.552193662835442
"combo",1,236,"170519A",FALSE,0.259593878885949,0.818,0.524547004772968
"combo",1,237,"170531B",FALSE,0.527114111639805,2.366,0.569541536731761
"combo",1,238,"170604A",TRUE,0.367169488534681,1.329,0.464990135017898
"combo",1,239,"170607A",TRUE,0.19228861256812,0.557,0.420114386890864
"combo",1,240,"170705A",FALSE,0.478566495593843,2.01,0.305290442378371
"combo",1,241,"170714A",FALSE,0.253580289562183,0.793,0.385721926866941
"combo",1,242,"170903A",FALSE,0.27554168840131,0.886,0.336085031355337
"combo",1,243,"171222A",FALSE,0.532627001228891,2.409,0.338656971840135
"combo",1,244,"180115A",TRUE,0.542451947375977,2.487,0.536698858474143
"combo",1,245,"180205A",FALSE,0.381836799998343,1.409,0.409273335603925
"combo",1,246,"180325A",TRUE,0.511616020569138,2.248,0.456836091867324
"combo",1,247,"180329B",FALSE,0.476831628512261,1.998,0.534976056593838
"combo",1,248,"180404A",FALSE,0.301029995663981,1,0.421075725269185
"combo",1,249,"180620B",FALSE,0.325823419002744,1.1175,0.397509409610251
"combo",1,250,"180624A",FALSE,0.586024382386976,2.855,0.479127569732263
"combo",1,251,"180720B",FALSE,0.218535505216528,0.654,0.302340920247843
"combo",1,252,"180728A",FALSE,0.0480531731156091,0.117,0.167937915685853
"combo",1,253,"181010A",FALSE,0.378397900948138,1.39,0.527018088726908
"combo",1,254,"181020A",FALSE,0.595275711802099,2.938,0.370538459893142
"combo",1,255,"181110A",FALSE,0.398807730203264,1.505,0.381274352070592
"combo",1,256,"181201A",TRUE,0.161368002234975,0.45,0.374926702380857
"combo",1,257,"190106A",FALSE,0.456214155357989,1.859,0.33238792799808
"combo",1,258,"190114A",FALSE,0.641126932803509,3.3765,0.474708675472168
"combo",1,259,"190719C",FALSE,0.54020429984206,2.469,0.282352579205412
"combo",1,260,"190829A",FALSE,0.0328201494385639,0.0785,0.323447368151541
"combo",1,261,"191011A",FALSE,0.434888120867316,1.722,0.515963543397666
"combo",1,262,"191221B",FALSE,0.332034277027518,1.148,0.40340726433504
"combo",1,263,"200205B",FALSE,0.391816923613249,1.465,0.610953734902166
"combo",1,264,"200613A",TRUE,0.347427598618541,1.2255,0.403145130809541
"combo",1,265,"200829A",FALSE,0.352182518111362,1.25,0.359654808452319
"combo",1,266,"201015A",TRUE,0.154119525515847,0.426,0.467089655948157
"combo",1,267,"201020A",FALSE,0.591398551281249,2.903,0.390417498526609
"combo",1,268,"201021C",TRUE,0.315970345456918,1.07,0.333490571452429
"combo",1,269,"201104B",FALSE,0.470410490975931,1.954,0.454845080904316
"combo",1,270,"201221A",FALSE,0.826074802700826,5.7,0.686764426156341
"combo",1,271,"210204A",TRUE,0.273232834043046,0.876,0.377106891537724
"combo",1,272,"210210A",FALSE,0.234264124378789,0.715,0.371868354611265
"combo",1,273,"210222B",FALSE,0.504878459410216,2.198,0.430882344214833
"combo",1,274,"210411C",FALSE,0.582744965691277,2.826,0.342338053252765
"combo",1,275,"210517A",FALSE,0.542327382773974,2.486,0.411980549695788
"combo",1,276,"210610A",FALSE,0.657055852857104,3.54,0.402898292447021
"combo",1,277,"210610B",FALSE,0.328379603438738,1.13,0.362877474037534
"combo",1,278,"210619B",FALSE,0.4679039465228,1.937,0.238857824875958
"combo",1,279,"210722A",FALSE,0.331427296520743,1.145,0.478026319338632
"combo",1,280,"210731A",FALSE,0.352664799651101,1.2525,0.475046949062561
"combo",1,281,"210822A",FALSE,0.437116093048079,1.736,0.353585613026953
"combo",1,282,"211024B",FALSE,0.325043347403704,1.1137,0.366640388211082
"combo",1,283,"220117A",FALSE,0.775319121829478,4.961,0.438700093656076
"combo",1,284,"220611A",FALSE,0.526442668529935,2.3608,0.51107163832663
"combo",1,285,"230116D",FALSE,0.682145076373832,3.81,0.583035628735799
"combo",1,286,"230325A",FALSE,0.425534220498263,1.664,0.520607333800865
"combo",1,287,"230414B",FALSE,0.659726095237792,3.568,0.558261230282236
"combo",1,288,"230506C",FALSE,0.672097857935718,3.7,0.373593127349996
"combo",1,289,"230818A",FALSE,0.534026106056135,2.42,0.371441492850892
"combo",1,290,"231210B",FALSE,0.615950051656401,3.13,0.478266319282123
"combo",1,291,"970508A",TRUE,0.262451089730429,0.83,0.486615381552776
"combo",2,1,"000926A",TRUE,0.482873583608754,2.04,0.365690566707452
"combo",2,2,"011211A",TRUE,0.496929648073215,2.14,0.534887747472099
"combo",2,3,"020124A",TRUE,0.623042434246382,3.198,0.449381870579652
"combo",2,4,"021004A",TRUE,0.523746466811564,2.34,0.426561002508568
"combo",2,5,"030226A",TRUE,0.47567118832443,1.99,0.379819236679961
"combo",2,6,"030329A",TRUE,0.0681858617461616,0.17,0.227283216284971
"combo",2,7,"050315A",FALSE,0.469674772551798,1.949,0.371362269419387
"combo",2,8,"050318A",FALSE,0.387389826338729,1.44,0.416862484613275
"combo",2,9,"050319A",FALSE,0.627365856592733,3.24,0.387487780066905
"combo",2,10,"050401A",FALSE,0.591064607026499,2.9,0.375608924921085
"combo",2,11,"050416A",FALSE,0.218220304175545,0.6528,0.25624628767112
"combo",2,12,"050502A",TRUE,0.680335513414563,3.79,0.51745131277482
"combo",2,13,"050502B",TRUE,0.680607428991788,3.793,0.51269215514216
"combo",2,14,"050505A",FALSE,0.721810615212547,4.27,0.52348541182718
"combo",2,15,"050525A",TRUE,0.20682587603185,0.61,0.433030069705787
"combo",2,16,"050603A",TRUE,0.582063362911709,2.82,0.354872667160239
"combo",2,17,"050730A",FALSE,0.696094159995223,3.967,0.443540238395109
"combo",2,18,"050801A",TRUE,0.40823996531185,1.56,0.42005753059263
"combo",2,19,"050802A",FALSE,0.433001340945038,1.7102,0.426223329951606
"combo",2,20,"050803A",FALSE,0.653212513775344,3.5,0.493207446659968
"combo",2,21,"050820A",FALSE,0.558072259099146,2.6147,0.40423880317761
"combo",2,22,"050824A",FALSE,0.261928672990642,0.8278,0.356610693203353
"combo",2,23,"050904A",FALSE,0.862727528317975,6.29,0.603144293138505
"combo",2,24,"050908A",TRUE,0.637489729512511,3.34,0.397754732955926
"combo",2,25,"050922C",FALSE,0.504878459410216,2.198,0.407916309735381
"combo",2,26,"051016B",FALSE,0.286995073968852,0.9364,0.361223588397936
"combo",2,27,"051028A",TRUE,0.662757831681574,3.6,0.450326529787443
"combo",2,28,"051109A",FALSE,0.524525936626376,2.346,0.442033532631738
"combo",2,29,"051111A",TRUE,0.406540180433955,1.55,0.344177468989623
"combo",2,30,"060115A",FALSE,0.656098202012832,3.53,0.501509003328707
"combo",2,31,"060124A",FALSE,0.517987203025078,2.296,0.407263506087781
"combo",2,32,"060206A",FALSE,0.703119346236078,4.048,0.469501324493789
"combo",2,33,"060210A",FALSE,0.691081492122968,3.91,0.525243865603284
"combo",2,34,"060223A",FALSE,0.73319726510657,4.41,0.653297643680959
"combo",2,35,"060306A",FALSE,0.408070285887185,1.559,0.432370402515917
"combo",2,36,"060418A",FALSE,0.396024896608593,1.489,0.386939962636136
"combo",2,37,"060502A",FALSE,0.398391440229475,1.5026,0.470666700604344
"combo",2,38,"060510B",FALSE,0.770852011642144,4.9,0.558131051925463
"combo",2,39,"060512A",TRUE,0.15836249209525,0.44,0.426600957196133
"combo",2,40,"060526A",FALSE,0.625415352154408,3.221,0.480117948067266
"combo",2,41,"060604A",FALSE,0.496334505996816,2.1357,0.529497553002404
"combo",2,42,"060605A",FALSE,0.679427896612119,3.78,0.588072329212846
"combo",2,43,"060607A",FALSE,0.610116955411928,3.0749,0.570342825644955
"combo",2,44,"060707A",FALSE,0.645913275033844,3.425,0.448854002860539
"combo",2,45,"060708A",FALSE,0.465382851448418,1.92,0.454285099033396
"combo",2,46,"060714A",FALSE,0.569490954348783,2.711,0.570885742716445
"combo",2,47,"060729A",FALSE,0.187520720836463,0.54,0.296613647992958
"combo",2,48,"060814A",FALSE,0.465813957269479,1.9229,0.465939879740382
"combo",2,49,"060904B",FALSE,0.231214647962601,0.703,0.510744159941006
"combo",2,50,"060906A",FALSE,0.670802284260944,3.686,0.591008442601614
"combo",2,51,"060908A",FALSE,0.459935016851525,1.8836,0.498166737498173
"combo",2,52,"060912A",FALSE,0.287129620719111,0.937,0.45178098660227
"combo",2,53,"060926A",FALSE,0.6232492903979,3.2,0.564658415105432
"combo",2,54,"060927A",FALSE,0.8109042806687,5.47,0.625050140080287
"combo",2,55,"061007A",TRUE,0.354108439147401,1.26,0.433266249242529
"combo",2,56,"061021A",FALSE,0.129141845792285,0.3463,0.375420870951901
"combo",2,57,"061110A",FALSE,0.244969460136198,0.7578,0.481798977097192
"combo",2,58,"061121A",FALSE,0.364363354615731,1.314,0.370068180186248
"combo",2,59,"061126A",TRUE,0.334212409393176,1.1588,0.514449558741644
"combo",2,60,"061222A",FALSE,0.489677291663699,2.088,0.43506075657134
"combo",2,61,"070110A",FALSE,0.525304009958239,2.352,0.501058384920216
"combo",2,62,"070125A",TRUE,0.406540180433955,1.55,0.387944164033979
"combo",2,63,"070208A",FALSE,0.335457900689384,1.165,0.562675559987737
"combo",2,64,"070223A",FALSE,0.419873175149476,1.6295,0.499057538520678
"combo",2,65,"070306A",FALSE,0.397227181043161,1.4959,0.481881512053438
"combo",2,66,"070411A",TRUE,0.59659709562646,2.95,0.568632271790489
"combo",2,67,"070508A",FALSE,0.260071387985075,0.82,0.418545727117571
"combo",2,68,"070521A",FALSE,0.489466281303128,2.0865,0.546390071398286
"combo",2,69,"070529A",FALSE,0.544018407858776,2.4996,0.669849803956726
"combo",2,70,"070612A",TRUE,0.222976449893391,0.671,0.37648050953274
"combo",2,71,"070714B",FALSE,0.28397928423848,0.923,0.580116848233415
"combo",2,72,"070721B",FALSE,0.6652056284346,3.626,0.560913573613854
"combo",2,73,"070802A",FALSE,0.537819095073274,2.45,0.526884688422814
"combo",2,74,"070810A",FALSE,0.501059262217751,2.17,0.517013247010551
"combo",2,75,"071003A",FALSE,0.415699348887829,1.60435,0.417944610348378
"combo",2,76,"071010A",TRUE,0.298853076409707,0.99,0.589791284337267
"combo",2,77,"071010B",TRUE,0.289365951520032,0.947,0.401035972287533
"combo",2,78,"071020A",FALSE,0.497620649781288,2.145,0.331592776665497
"combo",2,79,"071025A",TRUE,0.778151250383644,5,0.566871449290662
"combo",2,80,"071112C",TRUE,0.260071387985075,0.82,0.337453402879678
"combo",2,81,"071117A",FALSE,0.367542273520577,1.331,0.480916893883028
"combo",2,82,"080310A",FALSE,0.534026106056135,2.42,0.494104033494817
"combo",2,83,"080319B",FALSE,0.287129620719111,0.937,0.405519167932471
"combo",2,84,"080319C",FALSE,0.469822015978163,1.95,0.337564490632682
"combo",2,85,"080330A",TRUE,0.399673721481038,1.51,0.413362247236744
"combo",2,86,"080411A",FALSE,0.307496037913213,1.03,0.264186944492378
"combo",2,87,"080430A",FALSE,0.247236549506764,0.767,0.420955771337855
"combo",2,88,"080516A",FALSE,0.6232492903979,3.2,0.456951987892693
"combo",2,89,"080603A",TRUE,0.429752280002408,1.69,0.395390536698703
"combo",2,90,"080603B",TRUE,0.566943971856554,2.6893,0.423323773179889
"combo",2,91,"080607A",FALSE,0.605951157564873,3.036,0.511399082835041
"combo",2,92,"080710A",FALSE,0.265996370495079,0.845,0.504970399903693
"combo",2,93,"080721A",FALSE,0.555215405126073,2.591,0.383447198505424
"combo",2,94,"080810A",FALSE,0.638489256954637,3.35,0.492135382628428
"combo",2,95,"080905B",FALSE,0.528145078253106,2.374,0.557772431216574
"combo",2,96,"080916A",FALSE,0.227552503379865,0.6887,0.470210076551808
"combo",2,97,"080928A",FALSE,0.430075055551939,1.692,0.522946715398754
"combo",2,98,"081007A",FALSE,0.184549481320698,0.5295,0.30685754071391
"combo",2,99,"081008A",FALSE,0.472537053262077,1.9685,0.508065893894954
"combo",2,100,"081028A",FALSE,0.60616631460762,3.038,0.502705169965704
"combo",2,101,"081029A",FALSE,0.685553652846326,3.8479,0.526476743856124
"combo",2,102,"081109A",TRUE,0.296665190261531,0.98,0.575718657225208
"combo",2,103,"081203A",FALSE,0.491361693834273,2.1,0.497765285955002
"combo",2,104,"081221A",FALSE,0.513217600067939,2.26,0.398415267787058
"combo",2,105,"081228A",TRUE,0.64738297011462,3.44,0.524062745734932
"combo",2,106,"081230A",FALSE,0.491361693834273,2.1,0.506244896401719
"combo",2,107,"090102A",FALSE,0.406028944963615,1.547,0.343887149794883
"combo",2,108,"090205A",FALSE,0.752025387323213,4.6497,0.495055325731727
"combo",2,109,"090313A",TRUE,0.6414741105041,3.38,0.466912967678505
"combo",2,110,"090418A",FALSE,0.416307587059883,1.608,0.554471693569125
"combo",2,111,"090423A",FALSE,0.966610986681934,8.26,0.670383273936114
"combo",2,112,"090424A",FALSE,0.188647295999717,0.544,0.372773113165429
"combo",2,113,"090516A",FALSE,0.708335902682263,4.109,0.513538052925056
"combo",2,114,"090519A",FALSE,0.685741738602264,3.85,0.798318761597687
"combo",2,115,"090529A",FALSE,0.559308010907013,2.625,0.436140831306823
"combo",2,116,"090530A",FALSE,0.355259905527378,1.266,0.435834156310472
"combo",2,117,"090618A",FALSE,0.187520720836463,0.54,0.313714282833268
"combo",2,118,"090726A",TRUE,0.569373909615046,2.71,0.382496305262498
"combo",2,119,"090809A",FALSE,0.572523097849638,2.737,0.538807981066051
"combo",2,120,"090812A",FALSE,0.538070787043172,2.452,0.506256816098486
"combo",2,121,"090927A",FALSE,0.374748346010104,1.37,0.372054502074254
"combo",2,122,"091018A",FALSE,0.294686624279443,0.971,0.309847008389868
"combo",2,123,"091020A",FALSE,0.432969290874406,1.71,0.454278587589009
"combo",2,124,"091024A",TRUE,0.320146286111054,1.09,0.457089891677901
"combo",2,125,"091029A",FALSE,0.574262829707027,2.752,0.465115744983072
"combo",2,126,"091109A",FALSE,0.610234175334389,3.076,0.561773034107734
"combo",2,127,"091127A",FALSE,0.173186268412274,0.49,0.218353325579674
"combo",2,128,"091208B",FALSE,0.314499227973151,1.063,0.401233009348979
"combo",2,129,"100219A",FALSE,0.753330221324521,4.6667,0.511322141936081
"combo",2,130,"100316B",FALSE,0.338456493604605,1.18,0.506962399195891
"combo",2,131,"100316D",TRUE,0.0253058652647703,0.06,0.330615734916093
"combo",2,132,"100418A",FALSE,0.21045229296202,0.6235,0.49793862207403
"combo",2,133,"100425A",FALSE,0.440121603187804,1.755,0.482972275718746
"combo",2,134,"100508A",TRUE,0.181872159010334,0.5201,0.388309806581843
"combo",2,135,"100513A",FALSE,0.761326322421457,4.772,0.618590306429406
"combo",2,136,"100704A",FALSE,0.662757831681574,3.6,0.429653669070792
"combo",2,137,"100728A",FALSE,0.409425868671443,1.567,0.388658657100315
"combo",2,138,"100814A",FALSE,0.387389826338729,1.44,0.291024700646418
"combo",2,139,"100816A",FALSE,0.256236533205923,0.804,0.407350794226393
"combo",2,140,"100901A",FALSE,0.381656482585787,1.408,0.433656547545333
"combo",2,141,"100906A",FALSE,0.43568513794163,1.727,0.38190015225082
"combo",2,142,"101219B",FALSE,0.190331698170291,0.55,0.41159250226642
"combo",2,143,"110106B",FALSE,0.208978517276253,0.618,0.440978047457145
"combo",2,144,"110205A",TRUE,0.506505032404872,2.21,0.453275105481745
"combo",2,145,"110213A",FALSE,0.390935107103379,1.46,0.427323578953548
"combo",2,146,"110422A",FALSE,0.442479769064449,1.77,0.431452112130043
"combo",2,147,"110503A",FALSE,0.417139409727326,1.613,0.454099351227363
"combo",2,148,"110715A",FALSE,0.260071387985075,0.82,0.435103922149806
"combo",2,149,"110726A",TRUE,0.308777773664721,1.036,0.44765055087298
"combo",2,150,"110731A",FALSE,0.583198773968623,2.83,0.427510434487341
"combo",2,151,"110801A",TRUE,0.456062224454951,1.858,0.61022072620901
"combo",2,152,"110808A",FALSE,0.370698092575577,1.348,0.479156240936631
"combo",2,153,"110818A",FALSE,0.639486489268586,3.36,0.642526685214654
"combo",2,154,"111107A",TRUE,0.590284403718162,2.893,0.509321581204038
"combo",2,155,"111123A",FALSE,0.618215503279417,3.1516,0.537524576807821
"combo",2,156,"111209A",FALSE,0.224533062606086,0.677,0.524232103731599
"combo",2,157,"111228A",FALSE,0.234010817587179,0.714,0.253205144403065
"combo",2,158,"120118B",FALSE,0.595826777073223,2.943,0.428929141772746
"combo",2,159,"120119A",TRUE,0.612783856719735,3.1,0.563203639670121
"combo",2,160,"120327A",FALSE,0.581266805273671,2.813,0.534921819710038
"combo",2,161,"120404A",FALSE,0.588383768378728,2.876,0.552983033343961
"combo",2,162,"120422A",FALSE,0.108226656374928,0.283,0.514421152237395
"combo",2,163,"120711A",TRUE,0.381115080709851,1.405,0.473550083069411
"combo",2,164,"120729A",FALSE,0.255272505103306,0.8,0.5026791493707
"combo",2,165,"120802A",FALSE,0.680879174426811,3.796,0.464282466028752
"combo",2,166,"120811C",FALSE,0.564784384503987,2.671,0.499574637378771
"combo",2,167,"120815A",TRUE,0.526339277389844,2.36,0.382005208033944
"combo",2,168,"120907A",FALSE,0.294466226161593,0.97,0.403690979426676
"combo",2,169,"120922A",FALSE,0.612783856719735,3.1,0.496203704404969
"combo",2,170,"121024A",FALSE,0.5182506513085,2.298,0.500152728858145
"combo",2,171,"121027A",FALSE,0.442949869577862,1.773,0.48110079769625
"combo",2,172,"121128A",FALSE,0.505149978319906,2.2,0.435269615996471
"combo",2,173,"121211A",FALSE,0.305995882770805,1.023,0.459344650228596
"combo",2,174,"121217A",TRUE,0.612783856719735,3.1,0.478555643781299
"combo",2,175,"130215A",TRUE,0.204119982655925,0.6,0.471202535673018
"combo",2,176,"130408A",FALSE,0.677333151419902,3.757,0.368015228293667
"combo",2,177,"130418A",FALSE,0.345961541813141,1.218,0.467272908046885
"combo",2,178,"130420A",FALSE,0.361160995195026,1.297,0.436048543845023
"combo",2,179,"130427A",TRUE,0.127104798364808,0.34,0.43908637954869
"combo",2,180,"130505A",FALSE,0.514547752660286,2.27,0.320967110314424
"combo",2,181,"130511A",FALSE,0.362350507594848,1.3033,0.482457801745593
"combo",2,182,"130514A",FALSE,0.662757831681574,3.6,0.464960855547847
"combo",2,183,"130604A",FALSE,0.313867220369153,1.06,0.458646388707215
"combo",2,184,"130606A",FALSE,0.839666556882433,5.913,0.568704900713515
"combo",2,185,"130831A",FALSE,0.16999753706657,0.4791,0.332668489503707
"combo",2,186,"130925A",FALSE,0.129367595722986,0.347,0.228819943573673
"combo",2,187,"131030A",FALSE,0.36078268987328,1.295,0.349240643148263
"combo",2,188,"131105A",FALSE,0.429106008332697,1.686,0.456066541371635
"combo",2,189,"131117A",FALSE,0.702602841340427,4.042,0.562622072184626
"combo",2,190,"140206A",FALSE,0.571708831808688,2.73,0.399230189944787
"combo",2,191,"140213A",FALSE,0.343920385393226,1.2076,0.293000841474586
"combo",2,192,"140419A",FALSE,0.695131297704026,3.956,0.48004249219142
"combo",2,193,"140423A",FALSE,0.629409599102719,3.26,0.491357683543566
"combo",2,194,"140430A",FALSE,0.414973347970818,1.6,0.378159501841834
"combo",2,195,"140506A",FALSE,0.276231957921834,0.889,0.375580145772539
"combo",2,196,"140509A",FALSE,0.531478917042255,2.4,0.567290349513313
"combo",2,197,"140512A",FALSE,0.236789099409293,0.725,0.355837327328615
"combo",2,198,"140518A",FALSE,0.756407872548958,4.707,0.735155101000787
"combo",2,199,"140614A",FALSE,0.718750734739665,4.233,0.544476481849909
"combo",2,200,"140629A",FALSE,0.515211304327802,2.275,0.413323010826861
"combo",2,201,"140801A",TRUE,0.3654879848909,1.32,0.454061752242291
"combo",2,202,"140907A",TRUE,0.344392273685111,1.21,0.350191181273192
"combo",2,203,"141004A",FALSE,0.196728722623287,0.573,0.394211501247234
"combo",2,204,"141121A",FALSE,0.392696953259666,1.47,0.575937158952412
"combo",2,205,"141220A",FALSE,0.365394376854778,1.3195,0.454000103522285
"combo",2,206,"141221A",TRUE,0.389166084364532,1.45,0.469120999098724
"combo",2,207,"150120B",FALSE,0.653212513775344,3.5,0.49465647136955
"combo",2,208,"150314A",FALSE,0.440594261839831,1.758,0.381443651486595
"combo",2,209,"150323A",TRUE,0.202215775801131,0.593,0.399949341002459
"combo",2,210,"150403A",FALSE,0.48572142648158,2.06,0.366190021111277
"combo",2,211,"150821A",FALSE,0.244277120801843,0.755,0.548394868100289
"combo",2,212,"150910A",FALSE,0.372727940885595,1.359,0.431392201513263
"combo",2,213,"151021A",FALSE,0.52244423350632,2.33,0.46076323202841
"combo",2,214,"151027A",FALSE,0.257678574869184,0.81,0.363304006380169
"combo",2,215,"151029A",FALSE,0.384353414137506,1.423,0.602512099170034
"combo",2,216,"151031A",FALSE,0.335858911319818,1.167,0.501271733437637
"combo",2,217,"151215A",FALSE,0.555094448578319,2.59,0.573554911479775
"combo",2,218,"160117B",FALSE,0.271841606536499,0.87,0.519981706287968
"combo",2,219,"160121A",FALSE,0.471291711058939,1.96,0.461460330248761
"combo",2,220,"160131A",TRUE,0.294906910605192,0.972,0.376800056871932
"combo",2,221,"160203A",FALSE,0.655138434811382,3.52,0.611518495502472
"combo",2,222,"160227A",FALSE,0.528916700277655,2.38,0.467471870254409
"combo",2,223,"160314A",TRUE,0.237040791379191,0.726,0.432401336565662
"combo",2,224,"160327A",FALSE,0.777426822389311,4.99,0.487212123177866
"combo",2,225,"160425A",TRUE,0.191730393362856,0.555,0.400968522264339
"combo",2,226,"160804A",FALSE,0.239549720840473,0.736,0.344779937086376
"combo",2,227,"161014A",TRUE,0.582404298019028,2.823,0.525290831892686
"combo",2,228,"161023A",TRUE,0.569373909615046,2.71,0.496921437003713
"combo",2,229,"161108A",FALSE,0.334252642334231,1.159,0.427932219280716
"combo",2,230,"161117A",FALSE,0.406369835469268,1.549,0.408236937709882
"combo",2,231,"161129A",FALSE,0.216165902285993,0.645,0.490695069734957
"combo",2,232,"161219B",FALSE,0.0597526942092988,0.1475,0.266891579143175
"combo",2,233,"170113A",TRUE,0.472463896606989,1.968,0.599323534293992
"combo",2,234,"170202A",FALSE,0.666985718329661,3.645,0.437664991048887
"combo",2,235,"170405A",FALSE,0.65417654187796,3.51,0.49484774293208
"combo",2,236,"170519A",FALSE,0.259593878885949,0.818,0.496482169656356
"combo",2,237,"170531B",FALSE,0.527114111639805,2.366,0.588253220508008
"combo",2,238,"170604A",TRUE,0.367169488534681,1.329,0.436357354298698
"combo",2,239,"170607A",TRUE,0.19228861256812,0.557,0.430534211171733
"combo",2,240,"170705A",FALSE,0.478566495593843,2.01,0.319536363740246
"combo",2,241,"170714A",FALSE,0.253580289562183,0.793,0.38054124306615
"combo",2,242,"170903A",FALSE,0.27554168840131,0.886,0.38059755330168
"combo",2,243,"171222A",FALSE,0.532627001228891,2.409,0.383289930284316
"combo",2,244,"180115A",TRUE,0.542451947375977,2.487,0.506969302316665
"combo",2,245,"180205A",FALSE,0.381836799998343,1.409,0.413381014840851
"combo",2,246,"180325A",TRUE,0.511616020569138,2.248,0.461107433735259
"combo",2,247,"180329B",FALSE,0.476831628512261,1.998,0.546862485164022
"combo",2,248,"180404A",FALSE,0.301029995663981,1,0.494193543187614
"combo",2,249,"180620B",FALSE,0.325823419002744,1.1175,0.379103664533982
"combo",2,250,"180624A",FALSE,0.586024382386976,2.855,0.476752791033594
"combo",2,251,"180720B",FALSE,0.218535505216528,0.654,0.259233782062129
"combo",2,252,"180728A",FALSE,0.0480531731156091,0.117,0.184291053047805
"combo",2,253,"181010A",FALSE,0.378397900948138,1.39,0.504846532776112
"combo",2,254,"181020A",FALSE,0.595275711802099,2.938,0.340482860701037
"combo",2,255,"181110A",FALSE,0.398807730203264,1.505,0.447726649936537
"combo",2,256,"181201A",TRUE,0.161368002234975,0.45,0.336730176994269
"combo",2,257,"190106A",FALSE,0.456214155357989,1.859,0.432237624210427
"combo",2,258,"190114A",FALSE,0.641126932803509,3.3765,0.447267216566575
"combo",2,259,"190719C",FALSE,0.54020429984206,2.469,0.285695306428596
"combo",2,260,"190829A",FALSE,0.0328201494385639,0.0785,0.239598189952345
"combo",2,261,"191011A",FALSE,0.434888120867316,1.722,0.511851490667617
"combo",2,262,"191221B",FALSE,0.332034277027518,1.148,0.406036080152407
"combo",2,263,"200205B",FALSE,0.391816923613249,1.465,0.674337719280093
"combo",2,264,"200613A",TRUE,0.347427598618541,1.2255,0.386750570808013
"combo",2,265,"200829A",FALSE,0.352182518111362,1.25,0.33729438429428
"combo",2,266,"201015A",TRUE,0.154119525515847,0.426,0.472121012019566
"combo",2,267,"201020A",FALSE,0.591398551281249,2.903,0.380403302608143
"combo",2,268,"201021C",TRUE,0.315970345456918,1.07,0.361352243685945
"combo",2,269,"201104B",FALSE,0.470410490975931,1.954,0.452417425082588
"combo",2,270,"201221A",FALSE,0.826074802700826,5.7,0.654642341726127
"combo",2,271,"210204A",TRUE,0.273232834043046,0.876,0.3907419087496
"combo",2,272,"210210A",FALSE,0.234264124378789,0.715,0.3355924807222
"combo",2,273,"210222B",FALSE,0.504878459410216,2.198,0.420254667616158
"combo",2,274,"210411C",FALSE,0.582744965691277,2.826,0.338757917799379
"combo",2,275,"210517A",FALSE,0.542327382773974,2.486,0.437250795721209
"combo",2,276,"210610A",FALSE,0.657055852857104,3.54,0.402359381597801
"combo",2,277,"210610B",FALSE,0.328379603438738,1.13,0.386874416643172
"combo",2,278,"210619B",FALSE,0.4679039465228,1.937,0.29335346279215
"combo",2,279,"210722A",FALSE,0.331427296520743,1.145,0.405927428709991
"combo",2,280,"210731A",FALSE,0.352664799651101,1.2525,0.479407276285901
"combo",2,281,"210822A",FALSE,0.437116093048079,1.736,0.344715717801378
"combo",2,282,"211024B",FALSE,0.325043347403704,1.1137,0.392344777110562
"combo",2,283,"220117A",FALSE,0.775319121829478,4.961,0.427649143398047
"combo",2,284,"220611A",FALSE,0.526442668529935,2.3608,0.597587476876249
"combo",2,285,"230116D",FALSE,0.682145076373832,3.81,0.499873093241928
"combo",2,286,"230325A",FALSE,0.425534220498263,1.664,0.531686536258952
"combo",2,287,"230414B",FALSE,0.659726095237792,3.568,0.502268697560374
"combo",2,288,"230506C",FALSE,0.672097857935718,3.7,0.369781872137445
"combo",2,289,"230818A",FALSE,0.534026106056135,2.42,0.414959928366846
"combo",2,290,"231210B",FALSE,0.615950051656401,3.13,0.445385356072717
"combo",2,291,"970508A",TRUE,0.262451089730429,0.83,0.46100999531195
"combo",3,1,"000926A",TRUE,0.482873583608754,2.04,0.396725910372624
"combo",3,2,"011211A",TRUE,0.496929648073215,2.14,0.571865616360154
"combo",3,3,"020124A",TRUE,0.623042434246382,3.198,0.457727662883704
"combo",3,4,"021004A",TRUE,0.523746466811564,2.34,0.431121086716896
"combo",3,5,"030226A",TRUE,0.47567118832443,1.99,0.365105367289135
"combo",3,6,"030329A",TRUE,0.0681858617461616,0.17,0.22987898724278
"combo",3,7,"050315A",FALSE,0.469674772551798,1.949,0.362448277766364
"combo",3,8,"050318A",FALSE,0.387389826338729,1.44,0.437970111762723
"combo",3,9,"050319A",FALSE,0.627365856592733,3.24,0.381836950191641
"combo",3,10,"050401A",FALSE,0.591064607026499,2.9,0.386768981315961
"combo",3,11,"050416A",FALSE,0.218220304175545,0.6528,0.259507625066825
"combo",3,12,"050502A",TRUE,0.680335513414563,3.79,0.511277745511035
"combo",3,13,"050502B",TRUE,0.680607428991788,3.793,0.525040425224002
"combo",3,14,"050505A",FALSE,0.721810615212547,4.27,0.531691773114534
"combo",3,15,"050525A",TRUE,0.20682587603185,0.61,0.41143776229464
"combo",3,16,"050603A",TRUE,0.582063362911709,2.82,0.405739834011447
"combo",3,17,"050730A",FALSE,0.696094159995223,3.967,0.421378446221776
"combo",3,18,"050801A",TRUE,0.40823996531185,1.56,0.457553272448893
"combo",3,19,"050802A",FALSE,0.433001340945038,1.7102,0.396844688281754
"combo",3,20,"050803A",FALSE,0.653212513775344,3.5,0.455755144938859
"combo",3,21,"050820A",FALSE,0.558072259099146,2.6147,0.391367640466691
"combo",3,22,"050824A",FALSE,0.261928672990642,0.8278,0.292187254598421
"combo",3,23,"050904A",FALSE,0.862727528317975,6.29,0.553413319300218
"combo",3,24,"050908A",TRUE,0.637489729512511,3.34,0.37053884374178
"combo",3,25,"050922C",FALSE,0.504878459410216,2.198,0.428162037142838
"combo",3,26,"051016B",FALSE,0.286995073968852,0.9364,0.400122846391992
"combo",3,27,"051028A",TRUE,0.662757831681574,3.6,0.44438939276153
"combo",3,28,"051109A",FALSE,0.524525936626376,2.346,0.424450419847898
"combo",3,29,"051111A",TRUE,0.406540180433955,1.55,0.357085798473954
"combo",3,30,"060115A",FALSE,0.656098202012832,3.53,0.544235576804934
"combo",3,31,"060124A",FALSE,0.517987203025078,2.296,0.425886396791684
"combo",3,32,"060206A",FALSE,0.703119346236078,4.048,0.486119543424069
"combo",3,33,"060210A",FALSE,0.691081492122968,3.91,0.483893505880892
"combo",3,34,"060223A",FALSE,0.73319726510657,4.41,0.65457556346903
"combo",3,35,"060306A",FALSE,0.408070285887185,1.559,0.410001557255816
"combo",3,36,"060418A",FALSE,0.396024896608593,1.489,0.438327900825839
"combo",3,37,"060502A",FALSE,0.398391440229475,1.5026,0.474468838711406
"combo",3,38,"060510B",FALSE,0.770852011642144,4.9,0.522727399362899
"combo",3,39,"060512A",TRUE,0.15836249209525,0.44,0.451080411976397
"combo",3,40,"060526A",FALSE,0.625415352154408,3.221,0.471305919733081
"combo",3,41,"060604A",FALSE,0.496334505996816,2.1357,0.518653209007961
"combo",3,42,"060605A",FALSE,0.679427896612119,3.78,0.549720451203397
"combo",3,43,"060607A",FALSE,0.610116955411928,3.0749,0.490222665520492
"combo",3,44,"060707A",FALSE,0.645913275033844,3.425,0.441956467992523
"combo",3,45,"060708A",FALSE,0.465382851448418,1.92,0.454296447560281
"combo",3,46,"060714A",FALSE,0.569490954348783,2.711,0.553141901461029
"combo",3,47,"060729A",FALSE,0.187520720836463,0.54,0.33850385853873
"combo",3,48,"060814A",FALSE,0.465813957269479,1.9229,0.429156302862526
"combo",3,49,"060904B",FALSE,0.231214647962601,0.703,0.566418551120002
"combo",3,50,"060906A",FALSE,0.670802284260944,3.686,0.590929843918511
"combo",3,51,"060908A",FALSE,0.459935016851525,1.8836,0.506233924955958
"combo",3,52,"060912A",FALSE,0.287129620719111,0.937,0.37794179196814
"combo",3,53,"060926A",FALSE,0.6232492903979,3.2,0.568395048004654
"combo",3,54,"060927A",FALSE,0.8109042806687,5.47,0.624139275425768
"combo",3,55,"061007A",TRUE,0.354108439147401,1.26,0.398189628279737
"combo",3,56,"061021A",FALSE,0.129141845792285,0.3463,0.399574035923068
"combo",3,57,"061110A",FALSE,0.244969460136198,0.7578,0.489905331831839
"combo",3,58,"061121A",FALSE,0.364363354615731,1.314,0.351786766567704
"combo",3,59,"061126A",TRUE,0.334212409393176,1.1588,0.534608155847964
"combo",3,60,"061222A",FALSE,0.489677291663699,2.088,0.495624293408291
"combo",3,61,"070110A",FALSE,0.525304009958239,2.352,0.490057728001691
"combo",3,62,"070125A",TRUE,0.406540180433955,1.55,0.398153194051755
"combo",3,63,"070208A",FALSE,0.335457900689384,1.165,0.571113250877725
"combo",3,64,"070223A",FALSE,0.419873175149476,1.6295,0.521083843723399
"combo",3,65,"070306A",FALSE,0.397227181043161,1.4959,0.568011048715447
"combo",3,66,"070411A",TRUE,0.59659709562646,2.95,0.604236099292816
"combo",3,67,"070508A",FALSE,0.260071387985075,0.82,0.423258199996604
"combo",3,68,"070521A",FALSE,0.489466281303128,2.0865,0.505816031683605
"combo",3,69,"070529A",FALSE,0.544018407858776,2.4996,0.69412082114737
"combo",3,70,"070612A",TRUE,0.222976449893391,0.671,0.381250586084182
"combo",3,71,"070714B",FALSE,0.28397928423848,0.923,0.567486958164273
"combo",3,72,"070721B",FALSE,0.6652056284346,3.626,0.469479593740038
"combo",3,73,"070802A",FALSE,0.537819095073274,2.45,0.55469573277555
"combo",3,74,"070810A",FALSE,0.501059262217751,2.17,0.519435133889594
"combo",3,75,"071003A",FALSE,0.415699348887829,1.60435,0.395246368484735
"combo",3,76,"071010A",TRUE,0.298853076409707,0.99,0.567400885871721
"combo",3,77,"071010B",TRUE,0.289365951520032,0.947,0.413053843081188
"combo",3,78,"071020A",FALSE,0.497620649781288,2.145,0.306944699911388
"combo",3,79,"071025A",TRUE,0.778151250383644,5,0.525765672540556
"combo",3,80,"071112C",TRUE,0.260071387985075,0.82,0.349182457968582
"combo",3,81,"071117A",FALSE,0.367542273520577,1.331,0.483850932180243
"combo",3,82,"080310A",FALSE,0.534026106056135,2.42,0.460691856583503
"combo",3,83,"080319B",FALSE,0.287129620719111,0.937,0.36160703299613
"combo",3,84,"080319C",FALSE,0.469822015978163,1.95,0.358610987758188
"combo",3,85,"080330A",TRUE,0.399673721481038,1.51,0.435288172602717
"combo",3,86,"080411A",FALSE,0.307496037913213,1.03,0.259884743241897
"combo",3,87,"080430A",FALSE,0.247236549506764,0.767,0.356602820799788
"combo",3,88,"080516A",FALSE,0.6232492903979,3.2,0.466627402256412
"combo",3,89,"080603A",TRUE,0.429752280002408,1.69,0.437998000374839
"combo",3,90,"080603B",TRUE,0.566943971856554,2.6893,0.414879847371524
"combo",3,91,"080607A",FALSE,0.605951157564873,3.036,0.481703555778163
"combo",3,92,"080710A",FALSE,0.265996370495079,0.845,0.520912775776137
"combo",3,93,"080721A",FALSE,0.555215405126073,2.591,0.363048030970698
"combo",3,94,"080810A",FALSE,0.638489256954637,3.35,0.467106423531243
"combo",3,95,"080905B",FALSE,0.528145078253106,2.374,0.62685588710066
"combo",3,96,"080916A",FALSE,0.227552503379865,0.6887,0.476738544733986
"combo",3,97,"080928A",FALSE,0.430075055551939,1.692,0.527368260619642
"combo",3,98,"081007A",FALSE,0.184549481320698,0.5295,0.348097549800449
"combo",3,99,"081008A",FALSE,0.472537053262077,1.9685,0.494842058528339
"combo",3,100,"081028A",FALSE,0.60616631460762,3.038,0.511597875487801
"combo",3,101,"081029A",FALSE,0.685553652846326,3.8479,0.545450819518004
"combo",3,102,"081109A",TRUE,0.296665190261531,0.98,0.576226453352108
"combo",3,103,"081203A",FALSE,0.491361693834273,2.1,0.52178233586438
"combo",3,104,"081221A",FALSE,0.513217600067939,2.26,0.392652500086825
"combo",3,105,"081228A",TRUE,0.64738297011462,3.44,0.543098021036931
"combo",3,106,"081230A",FALSE,0.491361693834273,2.1,0.504685406827944
"combo",3,107,"090102A",FALSE,0.406028944963615,1.547,0.396359000718625
"combo",3,108,"090205A",FALSE,0.752025387323213,4.6497,0.49887972958145
"combo",3,109,"090313A",TRUE,0.6414741105041,3.38,0.468852223796374
"combo",3,110,"090418A",FALSE,0.416307587059883,1.608,0.53747534667282
"combo",3,111,"090423A",FALSE,0.966610986681934,8.26,0.600547215630486
"combo",3,112,"090424A",FALSE,0.188647295999717,0.544,0.314262494276523
"combo",3,113,"090516A",FALSE,0.708335902682263,4.109,0.554286261199491
"combo",3,114,"090519A",FALSE,0.685741738602264,3.85,0.82852681934048
"combo",3,115,"090529A",FALSE,0.559308010907013,2.625,0.488872350207727
"combo",3,116,"090530A",FALSE,0.355259905527378,1.266,0.42637724849494
"combo",3,117,"090618A",FALSE,0.187520720836463,0.54,0.313674111322208
"combo",3,118,"090726A",TRUE,0.569373909615046,2.71,0.364078213273601
"combo",3,119,"090809A",FALSE,0.572523097849638,2.737,0.47490244938698
"combo",3,120,"090812A",FALSE,0.538070787043172,2.452,0.51913014774133
"combo",3,121,"090927A",FALSE,0.374748346010104,1.37,0.41147503823465
"combo",3,122,"091018A",FALSE,0.294686624279443,0.971,0.316857641765235
"combo",3,123,"091020A",FALSE,0.432969290874406,1.71,0.461849497941704
"combo",3,124,"091024A",TRUE,0.320146286111054,1.09,0.460614169215633
"combo",3,125,"091029A",FALSE,0.574262829707027,2.752,0.456598247079287
"combo",3,126,"091109A",FALSE,0.610234175334389,3.076,0.574725814802933
"combo",3,127,"091127A",FALSE,0.173186268412274,0.49,0.198601764076909
"combo",3,128,"091208B",FALSE,0.314499227973151,1.063,0.414541471855335
"combo",3,129,"100219A",FALSE,0.753330221324521,4.6667,0.51046558267009
"combo",3,130,"100316B",FALSE,0.338456493604605,1.18,0.487738281582851
"combo",3,131,"100316D",TRUE,0.0253058652647703,0.06,0.314396928347716
"combo",3,132,"100418A",FALSE,0.21045229296202,0.6235,0.296951486517861
"combo",3,133,"100425A",FALSE,0.440121603187804,1.755,0.424407202917166
"combo",3,134,"100508A",TRUE,0.181872159010334,0.5201,0.401287178369913
"combo",3,135,"100513A",FALSE,0.761326322421457,4.772,0.61984262951708
"combo",3,136,"100704A",FALSE,0.662757831681574,3.6,0.383672022828071
"combo",3,137,"100728A",FALSE,0.409425868671443,1.567,0.455797716653134
"combo",3,138,"100814A",FALSE,0.387389826338729,1.44,0.383460965056276
"combo",3,139,"100816A",FALSE,0.256236533205923,0.804,0.413733441209838
"combo",3,140,"100901A",FALSE,0.381656482585787,1.408,0.392079351464869
"combo",3,141,"100906A",FALSE,0.43568513794163,1.727,0.413036412032639
"combo",3,142,"101219B",FALSE,0.190331698170291,0.55,0.443691016987067
"combo",3,143,"110106B",FALSE,0.208978517276253,0.618,0.443294969679066
"combo",3,144,"110205A",TRUE,0.506505032404872,2.21,0.462029667569386
"combo",3,145,"110213A",FALSE,0.390935107103379,1.46,0.444422387640097
"combo",3,146,"110422A",FALSE,0.442479769064449,1.77,0.463241068547504
"combo",3,147,"110503A",FALSE,0.417139409727326,1.613,0.418423793850834
"combo",3,148,"110715A",FALSE,0.260071387985075,0.82,0.394945743965296
"combo",3,149,"110726A",TRUE,0.308777773664721,1.036,0.456781372481168
"combo",3,150,"110731A",FALSE,0.583198773968623,2.83,0.45616012736138
"combo",3,151,"110801A",TRUE,0.456062224454951,1.858,0.528200496545605
"combo",3,152,"110808A",FALSE,0.370698092575577,1.348,0.398785884299653
"combo",3,153,"110818A",FALSE,0.639486489268586,3.36,0.624200797446702
"combo",3,154,"111107A",TRUE,0.590284403718162,2.893,0.504796601714577
"combo",3,155,"111123A",FALSE,0.618215503279417,3.1516,0.512042425064791
"combo",3,156,"111209A",FALSE,0.224533062606086,0.677,0.553821511471949
"combo",3,157,"111228A",FALSE,0.234010817587179,0.714,0.287316789060934
"combo",3,158,"120118B",FALSE,0.595826777073223,2.943,0.413803646229649
"combo",3,159,"120119A",TRUE,0.612783856719735,3.1,0.569631515444349
"combo",3,160,"120327A",FALSE,0.581266805273671,2.813,0.543523498712176
"combo",3,161,"120404A",FALSE,0.588383768378728,2.876,0.510336518280912
"combo",3,162,"120422A",FALSE,0.108226656374928,0.283,0.394549870983442
"combo",3,163,"120711A",TRUE,0.381115080709851,1.405,0.517478798115626
"combo",3,164,"120729A",FALSE,0.255272505103306,0.8,0.525958155430835
"combo",3,165,"120802A",FALSE,0.680879174426811,3.796,0.528788713792375
"combo",3,166,"120811C",FALSE,0.564784384503987,2.671,0.46354704284671
"combo",3,167,"120815A",TRUE,0.526339277389844,2.36,0.369752899566775
"combo",3,168,"120907A",FALSE,0.294466226161593,0.97,0.396811449558793
"combo",3,169,"120922A",FALSE,0.612783856719735,3.1,0.43485640990356
"combo",3,170,"121024A",FALSE,0.5182506513085,2.298,0.533077509367777
"combo",3,171,"121027A",FALSE,0.442949869577862,1.773,0.434438523213393
"combo",3,172,"121128A",FALSE,0.505149978319906,2.2,0.454471144998039
"combo",3,173,"121211A",FALSE,0.305995882770805,1.023,0.442696967175851
"combo",3,174,"121217A",TRUE,0.612783856719735,3.1,0.459572752555654
"combo",3,175,"130215A",TRUE,0.204119982655925,0.6,0.476757660081452
"combo",3,176,"130408A",FALSE,0.677333151419902,3.757,0.436228192136305
"combo",3,177,"130418A",FALSE,0.345961541813141,1.218,0.568918845810346
"combo",3,178,"130420A",FALSE,0.361160995195026,1.297,0.458816247673782
"combo",3,179,"130427A",TRUE,0.127104798364808,0.34,0.441575203780552
"combo",3,180,"130505A",FALSE,0.514547752660286,2.27,0.30798294744199
"combo",3,181,"130511A",FALSE,0.362350507594848,1.3033,0.495521365492666
"combo",3,182,"130514A",FALSE,0.662757831681574,3.6,0.457579047545974
"combo",3,183,"130604A",FALSE,0.313867220369153,1.06,0.482638799772554
"combo",3,184,"130606A",FALSE,0.839666556882433,5.913,0.422308038578345
"combo",3,185,"130831A",FALSE,0.16999753706657,0.4791,0.364732078471094
"combo",3,186,"130925A",FALSE,0.129367595722986,0.347,0.152709607033337
"combo",3,187,"131030A",FALSE,0.36078268987328,1.295,0.367259164931657
"combo",3,188,"131105A",FALSE,0.429106008332697,1.686,0.436762024716491
"combo",3,189,"131117A",FALSE,0.702602841340427,4.042,0.555379845431608
"combo",3,190,"140206A",FALSE,0.571708831808688,2.73,0.42654945683697
"combo",3,191,"140213A",FALSE,0.343920385393226,1.2076,0.302587061433685
"combo",3,192,"140419A",FALSE,0.695131297704026,3.956,0.50930607638287
"combo",3,193,"140423A",FALSE,0.629409599102719,3.26,0.47883753938238
"combo",3,194,"140430A",FALSE,0.414973347970818,1.6,0.438083898661128
"combo",3,195,"140506A",FALSE,0.276231957921834,0.889,0.328695315647275
"combo",3,196,"140509A",FALSE,0.531478917042255,2.4,0.534075214100897
"combo",3,197,"140512A",FALSE,0.236789099409293,0.725,0.349067088839376
"combo",3,198,"140518A",FALSE,0.756407872548958,4.707,0.67724948590277
"combo",3,199,"140614A",FALSE,0.718750734739665,4.233,0.51672811133889
"combo",3,200,"140629A",FALSE,0.515211304327802,2.275,0.45674821579031
"combo",3,201,"140801A",TRUE,0.3654879848909,1.32,0.4392121544775
"combo",3,202,"140907A",TRUE,0.344392273685111,1.21,0.383510582660927
"combo",3,203,"141004A",FALSE,0.196728722623287,0.573,0.432942911184092
"combo",3,204,"141121A",FALSE,0.392696953259666,1.47,0.39146311241379
"combo",3,205,"141220A",FALSE,0.365394376854778,1.3195,0.470545667746141
"combo",3,206,"141221A",TRUE,0.389166084364532,1.45,0.512760648577222
"combo",3,207,"150120B",FALSE,0.653212513775344,3.5,0.511137707637306
"combo",3,208,"150314A",FALSE,0.440594261839831,1.758,0.403317811694082
"combo",3,209,"150323A",TRUE,0.202215775801131,0.593,0.382050165501059
"combo",3,210,"150403A",FALSE,0.48572142648158,2.06,0.390031130808145
"combo",3,211,"150821A",FALSE,0.244277120801843,0.755,0.519896919461764
"combo",3,212,"150910A",FALSE,0.372727940885595,1.359,0.435357111532413
"combo",3,213,"151021A",FALSE,0.52244423350632,2.33,0.518800887663867
"combo",3,214,"151027A",FALSE,0.257678574869184,0.81,0.37261674751679
"combo",3,215,"151029A",FALSE,0.384353414137506,1.423,0.643476839821785
"combo",3,216,"151031A",FALSE,0.335858911319818,1.167,0.43067985903919
"combo",3,217,"151215A",FALSE,0.555094448578319,2.59,0.532763525858638
"combo",3,218,"160117B",FALSE,0.271841606536499,0.87,0.471500699820067
"combo",3,219,"160121A",FALSE,0.471291711058939,1.96,0.479463665379709
"combo",3,220,"160131A",TRUE,0.294906910605192,0.972,0.42114987981216
"combo",3,221,"160203A",FALSE,0.655138434811382,3.52,0.597125014173341
"combo",3,222,"160227A",FALSE,0.528916700277655,2.38,0.48903732871772
"combo",3,223,"160314A",TRUE,0.237040791379191,0.726,0.471903459935566
"combo",3,224,"160327A",FALSE,0.777426822389311,4.99,0.506979387772888
"combo",3,225,"160425A",TRUE,0.191730393362856,0.555,0.443595924744569
"combo",3,226,"160804A",FALSE,0.239549720840473,0.736,0.394504402105754
"combo",3,227,"161014A",TRUE,0.582404298019028,2.823,0.536350734070083
"combo",3,228,"161023A",TRUE,0.569373909615046,2.71,0.547477343816186
"combo",3,229,"161108A",FALSE,0.334252642334231,1.159,0.388814121453922
"combo",3,230,"161117A",FALSE,0.406369835469268,1.549,0.43798040395017
"combo",3,231,"161129A",FALSE,0.216165902285993,0.645,0.489538461246128
"combo",3,232,"161219B",FALSE,0.0597526942092988,0.1475,0.257348001511428
"combo",3,233,"170113A",TRUE,0.472463896606989,1.968,0.581339412957074
"combo",3,234,"170202A",FALSE,0.666985718329661,3.645,0.437813737691216
"combo",3,235,"170405A",FALSE,0.65417654187796,3.51,0.522600937172987
"combo",3,236,"170519A",FALSE,0.259593878885949,0.818,0.470917868979817
"combo",3,237,"170531B",FALSE,0.527114111639805,2.366,0.549840821632669
"combo",3,238,"170604A",TRUE,0.367169488534681,1.329,0.430932210916912
"combo",3,239,"170607A",TRUE,0.19228861256812,0.557,0.426578843336958
"combo",3,240,"170705A",FALSE,0.478566495593843,2.01,0.315851890806053
"combo",3,241,"170714A",FALSE,0.253580289562183,0.793,0.392631113466801
"combo",3,242,"170903A",FALSE,0.27554168840131,0.886,0.399900639418371
"combo",3,243,"171222A",FALSE,0.532627001228891,2.409,0.413361880210375
"combo",3,244,"180115A",TRUE,0.542451947375977,2.487,0.514966047951083
"combo",3,245,"180205A",FALSE,0.381836799998343,1.409,0.391665211639285
"combo",3,246,"180325A",TRUE,0.511616020569138,2.248,0.462357992403865
"combo",3,247,"180329B",FALSE,0.476831628512261,1.998,0.54516434064434
"combo",3,248,"180404A",FALSE,0.301029995663981,1,0.428407994574027
"combo",3,249,"180620B",FALSE,0.325823419002744,1.1175,0.393558022184273
"combo",3,250,"180624A",FALSE,0.586024382386976,2.855,0.466735147320122
"combo",3,251,"180720B",FALSE,0.218535505216528,0.654,0.248616361014896
"combo",3,252,"180728A",FALSE,0.0480531731156091,0.117,0.155591967169695
"combo",3,253,"181010A",FALSE,0.378397900948138,1.39,0.494280134596472
"combo",3,254,"181020A",FALSE,0.595275711802099,2.938,0.28576223573111
"combo",3,255,"181110A",FALSE,0.398807730203264,1.505,0.389177949921537
"combo",3,256,"181201A",TRUE,0.161368002234975,0.45,0.352894374654823
"combo",3,257,"190106A",FALSE,0.456214155357989,1.859,0.491158843720006
"combo",3,258,"190114A",FALSE,0.641126932803509,3.3765,0.459153726772856
"combo",3,259,"190719C",FALSE,0.54020429984206,2.469,0.283959389816885
"combo",3,260,"190829A",FALSE,0.0328201494385639,0.0785,0.213281410212077
"combo",3,261,"191011A",FALSE,0.434888120867316,1.722,0.492060899875877
"combo",3,262,"191221B",FALSE,0.332034277027518,1.148,0.372869607594533
"combo",3,263,"200205B",FALSE,0.391816923613249,1.465,0.574871888207831
"combo",3,264,"200613A",TRUE,0.347427598618541,1.2255,0.359889945082592
"combo",3,265,"200829A",FALSE,0.352182518111362,1.25,0.310647286609901
"combo",3,266,"201015A",TRUE,0.154119525515847,0.426,0.472220095147906
"combo",3,267,"201020A",FALSE,0.591398551281249,2.903,0.397746087319708
"combo",3,268,"201021C",TRUE,0.315970345456918,1.07,0.364146671233875
"combo",3,269,"201104B",FALSE,0.470410490975931,1.954,0.455950190873372
"combo",3,270,"201221A",FALSE,0.826074802700826,5.7,0.612111865865454
"combo",3,271,"210204A",TRUE,0.273232834043046,0.876,0.374150584088938
"combo",3,272,"210210A",FALSE,0.234264124378789,0.715,0.386054570207241
"combo",3,273,"210222B",FALSE,0.504878459410216,2.198,0.489582795240469
"combo",3,274,"210411C",FALSE,0.582744965691277,2.826,0.406683671227544
"combo",3,275,"210517A",FALSE,0.542327382773974,2.486,0.486319893656304
"combo",3,276,"210610A",FALSE,0.657055852857104,3.54,0.419020530169804
"combo",3,277,"210610B",FALSE,0.328379603438738,1.13,0.357052766090174
"combo",3,278,"210619B",FALSE,0.4679039465228,1.937,0.317719330668858
"combo",3,279,"210722A",FALSE,0.331427296520743,1.145,0.444231758698845
"combo",3,280,"210731A",FALSE,0.352664799651101,1.2525,0.442156123409839
"combo",3,281,"210822A",FALSE,0.437116093048079,1.736,0.301021109931216
"combo",3,282,"211024B",FALSE,0.325043347403704,1.1137,0.362002304928817
"combo",3,283,"220117A",FALSE,0.775319121829478,4.961,0.453240849097732
"combo",3,284,"220611A",FALSE,0.526442668529935,2.3608,0.448832250681344
"combo",3,285,"230116D",FALSE,0.682145076373832,3.81,0.570325515848883
"combo",3,286,"230325A",FALSE,0.425534220498263,1.664,0.515238551161432
"combo",3,287,"230414B",FALSE,0.659726095237792,3.568,0.519639715658999
"combo",3,288,"230506C",FALSE,0.672097857935718,3.7,0.377380238097506
"combo",3,289,"230818A",FALSE,0.534026106056135,2.42,0.455076038770657
"combo",3,290,"231210B",FALSE,0.615950051656401,3.13,0.444762622067117
"combo",3,291,"970508A",TRUE,0.262451089730429,0.83,0.525500216464578
"combo",4,1,"000926A",TRUE,0.482873583608754,2.04,0.375244233986591
"combo",4,2,"011211A",TRUE,0.496929648073215,2.14,0.57262961858809
"combo",4,3,"020124A",TRUE,0.623042434246382,3.198,0.441566687544831
"combo",4,4,"021004A",TRUE,0.523746466811564,2.34,0.404400200096828
"combo",4,5,"030226A",TRUE,0.47567118832443,1.99,0.410885982588396
"combo",4,6,"030329A",TRUE,0.0681858617461616,0.17,0.223929902395064
"combo",4,7,"050315A",FALSE,0.469674772551798,1.949,0.387935169015856
"combo",4,8,"050318A",FALSE,0.387389826338729,1.44,0.397336312743261
"combo",4,9,"050319A",FALSE,0.627365856592733,3.24,0.405021131424787
"combo",4,10,"050401A",FALSE,0.591064607026499,2.9,0.386717352350048
"combo",4,11,"050416A",FALSE,0.218220304175545,0.6528,0.157746491213917
"combo",4,12,"050502A",TRUE,0.680335513414563,3.79,0.498431870518348
"combo",4,13,"050502B",TRUE,0.680607428991788,3.793,0.492136498240587
"combo",4,14,"050505A",FALSE,0.721810615212547,4.27,0.545124526506467
"combo",4,15,"050525A",TRUE,0.20682587603185,0.61,0.433955467961584
"combo",4,16,"050603A",TRUE,0.582063362911709,2.82,0.386280513437389
"combo",4,17,"050730A",FALSE,0.696094159995223,3.967,0.458139476413313
"combo",4,18,"050801A",TRUE,0.40823996531185,1.56,0.379499423842329
"combo",4,19,"050802A",FALSE,0.433001340945038,1.7102,0.407691857785505
"combo",4,20,"050803A",FALSE,0.653212513775344,3.5,0.463667284822198
"combo",4,21,"050820A",FALSE,0.558072259099146,2.6147,0.369318222778369
"combo",4,22,"050824A",FALSE,0.261928672990642,0.8278,0.218283548637564
"combo",4,23,"050904A",FALSE,0.862727528317975,6.29,0.580554624092155
"combo",4,24,"050908A",TRUE,0.637489729512511,3.34,0.356259979070843
"combo",4,25,"050922C",FALSE,0.504878459410216,2.198,0.385457336644072
"combo",4,26,"051016B",FALSE,0.286995073968852,0.9364,0.335382152389925
"combo",4,27,"051028A",TRUE,0.662757831681574,3.6,0.433039145374431
"combo",4,28,"051109A",FALSE,0.524525936626376,2.346,0.398851533213336
"combo",4,29,"051111A",TRUE,0.406540180433955,1.55,0.334915269264574
"combo",4,30,"060115A",FALSE,0.656098202012832,3.53,0.54560370697868
"combo",4,31,"060124A",FALSE,0.517987203025078,2.296,0.363291625000712
"combo",4,32,"060206A",FALSE,0.703119346236078,4.048,0.481174475297045
"combo",4,33,"060210A",FALSE,0.691081492122968,3.91,0.523198884181014
"combo",4,34,"060223A",FALSE,0.73319726510657,4.41,0.645221457852582
"combo",4,35,"060306A",FALSE,0.408070285887185,1.559,0.428377361006389
"combo",4,36,"060418A",FALSE,0.396024896608593,1.489,0.457573645055149
"combo",4,37,"060502A",FALSE,0.398391440229475,1.5026,0.447718355795312
"combo",4,38,"060510B",FALSE,0.770852011642144,4.9,0.540461518723524
"combo",4,39,"060512A",TRUE,0.15836249209525,0.44,0.423145239312768
"combo",4,40,"060526A",FALSE,0.625415352154408,3.221,0.474109076766531
"combo",4,41,"060604A",FALSE,0.496334505996816,2.1357,0.533408041482912
"combo",4,42,"060605A",FALSE,0.679427896612119,3.78,0.542851112632502
"combo",4,43,"060607A",FALSE,0.610116955411928,3.0749,0.509956293629199
"combo",4,44,"060707A",FALSE,0.645913275033844,3.425,0.43754410762403
"combo",4,45,"060708A",FALSE,0.465382851448418,1.92,0.478263565916913
"combo",4,46,"060714A",FALSE,0.569490954348783,2.711,0.557973635806911
"combo",4,47,"060729A",FALSE,0.187520720836463,0.54,0.357076277566411
"combo",4,48,"060814A",FALSE,0.465813957269479,1.9229,0.450860607051012
"combo",4,49,"060904B",FALSE,0.231214647962601,0.703,0.521319365940926
"combo",4,50,"060906A",FALSE,0.670802284260944,3.686,0.659554671852811
"combo",4,51,"060908A",FALSE,0.459935016851525,1.8836,0.489390263920852
"combo",4,52,"060912A",FALSE,0.287129620719111,0.937,0.428067874061731
"combo",4,53,"060926A",FALSE,0.6232492903979,3.2,0.623600500547029
"combo",4,54,"060927A",FALSE,0.8109042806687,5.47,0.647357375438316
"combo",4,55,"061007A",TRUE,0.354108439147401,1.26,0.38682661768792
"combo",4,56,"061021A",FALSE,0.129141845792285,0.3463,0.400494570686383
"combo",4,57,"061110A",FALSE,0.244969460136198,0.7578,0.487866652821334
"combo",4,58,"061121A",FALSE,0.364363354615731,1.314,0.387039104199773
"combo",4,59,"061126A",TRUE,0.334212409393176,1.1588,0.525648436234016
"combo",4,60,"061222A",FALSE,0.489677291663699,2.088,0.505547901654174
"combo",4,61,"070110A",FALSE,0.525304009958239,2.352,0.47547179050143
"combo",4,62,"070125A",TRUE,0.406540180433955,1.55,0.422866163850357
"combo",4,63,"070208A",FALSE,0.335457900689384,1.165,0.554412411527458
"combo",4,64,"070223A",FALSE,0.419873175149476,1.6295,0.519030995928685
"combo",4,65,"070306A",FALSE,0.397227181043161,1.4959,0.536541796810525
"combo",4,66,"070411A",TRUE,0.59659709562646,2.95,0.587812166239214
"combo",4,67,"070508A",FALSE,0.260071387985075,0.82,0.37445828596804
"combo",4,68,"070521A",FALSE,0.489466281303128,2.0865,0.529833334310074
"combo",4,69,"070529A",FALSE,0.544018407858776,2.4996,0.702113046179196
"combo",4,70,"070612A",TRUE,0.222976449893391,0.671,0.380504507502056
"combo",4,71,"070714B",FALSE,0.28397928423848,0.923,0.564283649902266
"combo",4,72,"070721B",FALSE,0.6652056284346,3.626,0.534146464630929
"combo",4,73,"070802A",FALSE,0.537819095073274,2.45,0.551697251838915
"combo",4,74,"070810A",FALSE,0.501059262217751,2.17,0.539335235207987
"combo",4,75,"071003A",FALSE,0.415699348887829,1.60435,0.396022757513315
"combo",4,76,"071010A",TRUE,0.298853076409707,0.99,0.622556252044872
"combo",4,77,"071010B",TRUE,0.289365951520032,0.947,0.432640696047439
"combo",4,78,"071020A",FALSE,0.497620649781288,2.145,0.32444670483533
"combo",4,79,"071025A",TRUE,0.778151250383644,5,0.569344429871908
"combo",4,80,"071112C",TRUE,0.260071387985075,0.82,0.373058654837102
"combo",4,81,"071117A",FALSE,0.367542273520577,1.331,0.473526194992144
"combo",4,82,"080310A",FALSE,0.534026106056135,2.42,0.44250871644822
"combo",4,83,"080319B",FALSE,0.287129620719111,0.937,0.287188324114884
"combo",4,84,"080319C",FALSE,0.469822015978163,1.95,0.327616795560831
"combo",4,85,"080330A",TRUE,0.399673721481038,1.51,0.443362981077998
"combo",4,86,"080411A",FALSE,0.307496037913213,1.03,0.220566279348874
"combo",4,87,"080430A",FALSE,0.247236549506764,0.767,0.367559912783733
"combo",4,88,"080516A",FALSE,0.6232492903979,3.2,0.414898706132182
"combo",4,89,"080603A",TRUE,0.429752280002408,1.69,0.411404049681453
"combo",4,90,"080603B",TRUE,0.566943971856554,2.6893,0.416417000997497
"combo",4,91,"080607A",FALSE,0.605951157564873,3.036,0.484139418845511
"combo",4,92,"080710A",FALSE,0.265996370495079,0.845,0.510797145213256
"combo",4,93,"080721A",FALSE,0.555215405126073,2.591,0.319851560329105
"combo",4,94,"080810A",FALSE,0.638489256954637,3.35,0.483334029059154
"combo",4,95,"080905B",FALSE,0.528145078253106,2.374,0.635099394776285
"combo",4,96,"080916A",FALSE,0.227552503379865,0.6887,0.479208459908942
"combo",4,97,"080928A",FALSE,0.430075055551939,1.692,0.484044974899918
"combo",4,98,"081007A",FALSE,0.184549481320698,0.5295,0.322057120263784
"combo",4,99,"081008A",FALSE,0.472537053262077,1.9685,0.531740814429396
"combo",4,100,"081028A",FALSE,0.60616631460762,3.038,0.496392102297815
"combo",4,101,"081029A",FALSE,0.685553652846326,3.8479,0.561958259934396
"combo",4,102,"081109A",TRUE,0.296665190261531,0.98,0.538558190938005
"combo",4,103,"081203A",FALSE,0.491361693834273,2.1,0.495450520001136
"combo",4,104,"081221A",FALSE,0.513217600067939,2.26,0.395648800177179
"combo",4,105,"081228A",TRUE,0.64738297011462,3.44,0.566051946273341
"combo",4,106,"081230A",FALSE,0.491361693834273,2.1,0.451423896228321
"combo",4,107,"090102A",FALSE,0.406028944963615,1.547,0.208532347975791
"combo",4,108,"090205A",FALSE,0.752025387323213,4.6497,0.484493489234853
"combo",4,109,"090313A",TRUE,0.6414741105041,3.38,0.467882189430576
"combo",4,110,"090418A",FALSE,0.416307587059883,1.608,0.546646359484872
"combo",4,111,"090423A",FALSE,0.966610986681934,8.26,0.6587002285623
"combo",4,112,"090424A",FALSE,0.188647295999717,0.544,0.373297523128894
"combo",4,113,"090516A",FALSE,0.708335902682263,4.109,0.545943093403839
"combo",4,114,"090519A",FALSE,0.685741738602264,3.85,0.819122980942042
"combo",4,115,"090529A",FALSE,0.559308010907013,2.625,0.511565370828074
"combo",4,116,"090530A",FALSE,0.355259905527378,1.266,0.41728997864853
"combo",4,117,"090618A",FALSE,0.187520720836463,0.54,0.3250680607188
"combo",4,118,"090726A",TRUE,0.569373909615046,2.71,0.398098561598444
"combo",4,119,"090809A",FALSE,0.572523097849638,2.737,0.456283214403681
"combo",4,120,"090812A",FALSE,0.538070787043172,2.452,0.510893304477309
"combo",4,121,"090927A",FALSE,0.374748346010104,1.37,0.408233922793173
"combo",4,122,"091018A",FALSE,0.294686624279443,0.971,0.314789990963429
"combo",4,123,"091020A",FALSE,0.432969290874406,1.71,0.445685868474371
"combo",4,124,"091024A",TRUE,0.320146286111054,1.09,0.446869113937244
"combo",4,125,"091029A",FALSE,0.574262829707027,2.752,0.457554905905297
"combo",4,126,"091109A",FALSE,0.610234175334389,3.076,0.596634271575217
"combo",4,127,"091127A",FALSE,0.173186268412274,0.49,0.271397626996381
"combo",4,128,"091208B",FALSE,0.314499227973151,1.063,0.384486450650757
"combo",4,129,"100219A",FALSE,0.753330221324521,4.6667,0.517779724623282
"combo",4,130,"100316B",FALSE,0.338456493604605,1.18,0.485221637271195
"combo",4,131,"100316D",TRUE,0.0253058652647703,0.06,0.351879862746754
"combo",4,132,"100418A",FALSE,0.21045229296202,0.6235,0.328334382518815
"combo",4,133,"100425A",FALSE,0.440121603187804,1.755,0.340892434523342
"combo",4,134,"100508A",TRUE,0.181872159010334,0.5201,0.394052156654104
"combo",4,135,"100513A",FALSE,0.761326322421457,4.772,0.65826776162772
"combo",4,136,"100704A",FALSE,0.662757831681574,3.6,0.439175333076899
"combo",4,137,"100728A",FALSE,0.409425868671443,1.567,0.462831656846073
"combo",4,138,"100814A",FALSE,0.387389826338729,1.44,0.342367546879324
"combo",4,139,"100816A",FALSE,0.256236533205923,0.804,0.402429511869481
"combo",4,140,"100901A",FALSE,0.381656482585787,1.408,0.415342822091789
"combo",4,141,"100906A",FALSE,0.43568513794163,1.727,0.412612093800543
"combo",4,142,"101219B",FALSE,0.190331698170291,0.55,0.456643110117845
"combo",4,143,"110106B",FALSE,0.208978517276253,0.618,0.463710869529968
"combo",4,144,"110205A",TRUE,0.506505032404872,2.21,0.454919348624529
"combo",4,145,"110213A",FALSE,0.390935107103379,1.46,0.419770449878336
"combo",4,146,"110422A",FALSE,0.442479769064449,1.77,0.39856178647583
"combo",4,147,"110503A",FALSE,0.417139409727326,1.613,0.47333417676554
"combo",4,148,"110715A",FALSE,0.260071387985075,0.82,0.40944751198713
"combo",4,149,"110726A",TRUE,0.308777773664721,1.036,0.474129851249417
"combo",4,150,"110731A",FALSE,0.583198773968623,2.83,0.443045759396367
"combo",4,151,"110801A",TRUE,0.456062224454951,1.858,0.572401649844809
"combo",4,152,"110808A",FALSE,0.370698092575577,1.348,0.451084453202463
"combo",4,153,"110818A",FALSE,0.639486489268586,3.36,0.574505278094088
"combo",4,154,"111107A",TRUE,0.590284403718162,2.893,0.470157258723082
"combo",4,155,"111123A",FALSE,0.618215503279417,3.1516,0.519483945834768
"combo",4,156,"111209A",FALSE,0.224533062606086,0.677,0.526634704077297
"combo",4,157,"111228A",FALSE,0.234010817587179,0.714,0.320061097957978
"combo",4,158,"120118B",FALSE,0.595826777073223,2.943,0.408198549078197
"combo",4,159,"120119A",TRUE,0.612783856719735,3.1,0.584758922007327
"combo",4,160,"120327A",FALSE,0.581266805273671,2.813,0.55224495805208
"combo",4,161,"120404A",FALSE,0.588383768378728,2.876,0.572933059745569
"combo",4,162,"120422A",FALSE,0.108226656374928,0.283,0.431791225254787
"combo",4,163,"120711A",TRUE,0.381115080709851,1.405,0.49947905266822
"combo",4,164,"120729A",FALSE,0.255272505103306,0.8,0.530449014045542
"combo",4,165,"120802A",FALSE,0.680879174426811,3.796,0.444087958063567
"combo",4,166,"120811C",FALSE,0.564784384503987,2.671,0.481712594455475
"combo",4,167,"120815A",TRUE,0.526339277389844,2.36,0.359264312225657
"combo",4,168,"120907A",FALSE,0.294466226161593,0.97,0.35995401431564
"combo",4,169,"120922A",FALSE,0.612783856719735,3.1,0.433098656329991
"combo",4,170,"121024A",FALSE,0.5182506513085,2.298,0.516829849038605
"combo",4,171,"121027A",FALSE,0.442949869577862,1.773,0.395331094885764
"combo",4,172,"121128A",FALSE,0.505149978319906,2.2,0.440545314453756
"combo",4,173,"121211A",FALSE,0.305995882770805,1.023,0.451693405525136
"combo",4,174,"121217A",TRUE,0.612783856719735,3.1,0.448638907261001
"combo",4,175,"130215A",TRUE,0.204119982655925,0.6,0.47083231499581
"combo",4,176,"130408A",FALSE,0.677333151419902,3.757,0.445198300363856
"combo",4,177,"130418A",FALSE,0.345961541813141,1.218,0.641056762752927
"combo",4,178,"130420A",FALSE,0.361160995195026,1.297,0.407332689607872
"combo",4,179,"130427A",TRUE,0.127104798364808,0.34,0.478863776394638
"combo",4,180,"130505A",FALSE,0.514547752660286,2.27,0.292399676199288
"combo",4,181,"130511A",FALSE,0.362350507594848,1.3033,0.505653343997488
"combo",4,182,"130514A",FALSE,0.662757831681574,3.6,0.455081992096745
"combo",4,183,"130604A",FALSE,0.313867220369153,1.06,0.433173488630417
"combo",4,184,"130606A",FALSE,0.839666556882433,5.913,0.439115070284776
"combo",4,185,"130831A",FALSE,0.16999753706657,0.4791,0.392436406369775
"combo",4,186,"130925A",FALSE,0.129367595722986,0.347,0.205844645518051
"combo",4,187,"131030A",FALSE,0.36078268987328,1.295,0.381544814261452
"combo",4,188,"131105A",FALSE,0.429106008332697,1.686,0.459736539546025
"combo",4,189,"131117A",FALSE,0.702602841340427,4.042,0.562649188441617
"combo",4,190,"140206A",FALSE,0.571708831808688,2.73,0.453082997655026
"combo",4,191,"140213A",FALSE,0.343920385393226,1.2076,0.279803318331718
"combo",4,192,"140419A",FALSE,0.695131297704026,3.956,0.478053400275251
"combo",4,193,"140423A",FALSE,0.629409599102719,3.26,0.485989624882264
"combo",4,194,"140430A",FALSE,0.414973347970818,1.6,0.363874988240335
"combo",4,195,"140506A",FALSE,0.276231957921834,0.889,0.301155320907584
"combo",4,196,"140509A",FALSE,0.531478917042255,2.4,0.533052796000171
"combo",4,197,"140512A",FALSE,0.236789099409293,0.725,0.361226474149272
"combo",4,198,"140518A",FALSE,0.756407872548958,4.707,0.676619504723414
"combo",4,199,"140614A",FALSE,0.718750734739665,4.233,0.501797443424184
"combo",4,200,"140629A",FALSE,0.515211304327802,2.275,0.435476901493009
"combo",4,201,"140801A",TRUE,0.3654879848909,1.32,0.476531854909542
"combo",4,202,"140907A",TRUE,0.344392273685111,1.21,0.383156983435534
"combo",4,203,"141004A",FALSE,0.196728722623287,0.573,0.414802676392977
"combo",4,204,"141121A",FALSE,0.392696953259666,1.47,0.365449365461079
"combo",4,205,"141220A",FALSE,0.365394376854778,1.3195,0.413057067977284
"combo",4,206,"141221A",TRUE,0.389166084364532,1.45,0.504871821041878
"combo",4,207,"150120B",FALSE,0.653212513775344,3.5,0.459366360721104
"combo",4,208,"150314A",FALSE,0.440594261839831,1.758,0.404935423033592
"combo",4,209,"150323A",TRUE,0.202215775801131,0.593,0.398508798592302
"combo",4,210,"150403A",FALSE,0.48572142648158,2.06,0.300372910052134
"combo",4,211,"150821A",FALSE,0.244277120801843,0.755,0.507395236772708
"combo",4,212,"150910A",FALSE,0.372727940885595,1.359,0.441642727472577
"combo",4,213,"151021A",FALSE,0.52244423350632,2.33,0.507552801978743
"combo",4,214,"151027A",FALSE,0.257678574869184,0.81,0.364918588565713
"combo",4,215,"151029A",FALSE,0.384353414137506,1.423,0.629840430132746
"combo",4,216,"151031A",FALSE,0.335858911319818,1.167,0.407800380029943
"combo",4,217,"151215A",FALSE,0.555094448578319,2.59,0.511391366289198
"combo",4,218,"160117B",FALSE,0.271841606536499,0.87,0.456818033837298
"combo",4,219,"160121A",FALSE,0.471291711058939,1.96,0.470193576135053
"combo",4,220,"160131A",TRUE,0.294906910605192,0.972,0.403596953701097
"combo",4,221,"160203A",FALSE,0.655138434811382,3.52,0.636111783469658
"combo",4,222,"160227A",FALSE,0.528916700277655,2.38,0.468274225623646
"combo",4,223,"160314A",TRUE,0.237040791379191,0.726,0.479603782719072
"combo",4,224,"160327A",FALSE,0.777426822389311,4.99,0.49217984095338
"combo",4,225,"160425A",TRUE,0.191730393362856,0.555,0.394204559020805
"combo",4,226,"160804A",FALSE,0.239549720840473,0.736,0.413250904063277
"combo",4,227,"161014A",TRUE,0.582404298019028,2.823,0.489671535377347
"combo",4,228,"161023A",TRUE,0.569373909615046,2.71,0.531459436149985
"combo",4,229,"161108A",FALSE,0.334252642334231,1.159,0.409677313328378
"combo",4,230,"161117A",FALSE,0.406369835469268,1.549,0.421090049457589
"combo",4,231,"161129A",FALSE,0.216165902285993,0.645,0.509371496630891
"combo",4,232,"161219B",FALSE,0.0597526942092988,0.1475,0.311128279416961
"combo",4,233,"170113A",TRUE,0.472463896606989,1.968,0.586091938830133
"combo",4,234,"170202A",FALSE,0.666985718329661,3.645,0.441827478529641
"combo",4,235,"170405A",FALSE,0.65417654187796,3.51,0.534250813519498
"combo",4,236,"170519A",FALSE,0.259593878885949,0.818,0.485588777336866
"combo",4,237,"170531B",FALSE,0.527114111639805,2.366,0.594270404404431
"combo",4,238,"170604A",TRUE,0.367169488534681,1.329,0.418770242528332
"combo",4,239,"170607A",TRUE,0.19228861256812,0.557,0.432946728136224
"combo",4,240,"170705A",FALSE,0.478566495593843,2.01,0.349903114171373
"combo",4,241,"170714A",FALSE,0.253580289562183,0.793,0.379736784779073
"combo",4,242,"170903A",FALSE,0.27554168840131,0.886,0.326493519945212
"combo",4,243,"171222A",FALSE,0.532627001228891,2.409,0.31061554654649
"combo",4,244,"180115A",TRUE,0.542451947375977,2.487,0.533522137614313
"combo",4,245,"180205A",FALSE,0.381836799998343,1.409,0.402089450004603
"combo",4,246,"180325A",TRUE,0.511616020569138,2.248,0.449713459134455
"combo",4,247,"180329B",FALSE,0.476831628512261,1.998,0.509063949702393
"combo",4,248,"180404A",FALSE,0.301029995663981,1,0.46033001449768
"combo",4,249,"180620B",FALSE,0.325823419002744,1.1175,0.388024652793734
"combo",4,250,"180624A",FALSE,0.586024382386976,2.855,0.487171094638644
"combo",4,251,"180720B",FALSE,0.218535505216528,0.654,0.318866536016463
"combo",4,252,"180728A",FALSE,0.0480531731156091,0.117,0.202422394760132
"combo",4,253,"181010A",FALSE,0.378397900948138,1.39,0.547575684915586
"combo",4,254,"181020A",FALSE,0.595275711802099,2.938,0.228921820784698
"combo",4,255,"181110A",FALSE,0.398807730203264,1.505,0.430009945855362
"combo",4,256,"181201A",TRUE,0.161368002234975,0.45,0.385275972907679
"combo",4,257,"190106A",FALSE,0.456214155357989,1.859,0.434345895178773
"combo",4,258,"190114A",FALSE,0.641126932803509,3.3765,0.466067972850461
"combo",4,259,"190719C",FALSE,0.54020429984206,2.469,0.344788416427878
"combo",4,260,"190829A",FALSE,0.0328201494385639,0.0785,0.150273454121154
"combo",4,261,"191011A",FALSE,0.434888120867316,1.722,0.459732801303532
"combo",4,262,"191221B",FALSE,0.332034277027518,1.148,0.433994720669862
"combo",4,263,"200205B",FALSE,0.391816923613249,1.465,0.604458571971932
"combo",4,264,"200613A",TRUE,0.347427598618541,1.2255,0.394031710929525
"combo",4,265,"200829A",FALSE,0.352182518111362,1.25,0.378858431675332
"combo",4,266,"201015A",TRUE,0.154119525515847,0.426,0.487244832677072
"combo",4,267,"201020A",FALSE,0.591398551281249,2.903,0.395574968605965
"combo",4,268,"201021C",TRUE,0.315970345456918,1.07,0.339710898603012
"combo",4,269,"201104B",FALSE,0.470410490975931,1.954,0.42391340766124
"combo",4,270,"201221A",FALSE,0.826074802700826,5.7,0.797770668009615
"combo",4,271,"210204A",TRUE,0.273232834043046,0.876,0.389839191117962
"combo",4,272,"210210A",FALSE,0.234264124378789,0.715,0.2834408017735
"combo",4,273,"210222B",FALSE,0.504878459410216,2.198,0.431540199506739
"combo",4,274,"210411C",FALSE,0.582744965691277,2.826,0.341442438767587
"combo",4,275,"210517A",FALSE,0.542327382773974,2.486,0.447856868676416
"combo",4,276,"210610A",FALSE,0.657055852857104,3.54,0.411519094301719
"combo",4,277,"210610B",FALSE,0.328379603438738,1.13,0.367595245593377
"combo",4,278,"210619B",FALSE,0.4679039465228,1.937,0.254312296787964
"combo",4,279,"210722A",FALSE,0.331427296520743,1.145,0.446087291989719
"combo",4,280,"210731A",FALSE,0.352664799651101,1.2525,0.44626585543695
"combo",4,281,"210822A",FALSE,0.437116093048079,1.736,0.282519161332662
"combo",4,282,"211024B",FALSE,0.325043347403704,1.1137,0.364738712049151
"combo",4,283,"220117A",FALSE,0.775319121829478,4.961,0.49528723141841
"combo",4,284,"220611A",FALSE,0.526442668529935,2.3608,0.462499740888191
"combo",4,285,"230116D",FALSE,0.682145076373832,3.81,0.583527798614191
"combo",4,286,"230325A",FALSE,0.425534220498263,1.664,0.50423821710838
"combo",4,287,"230414B",FALSE,0.659726095237792,3.568,0.508485219575312
"combo",4,288,"230506C",FALSE,0.672097857935718,3.7,0.392089920982922
"combo",4,289,"230818A",FALSE,0.534026106056135,2.42,0.40165469433978
"combo",4,290,"231210B",FALSE,0.615950051656401,3.13,0.450514144997397
"combo",4,291,"970508A",TRUE,0.262451089730429,0.83,0.480693767378042
"combo",5,1,"000926A",TRUE,0.482873583608754,2.04,0.363050186330141
"combo",5,2,"011211A",TRUE,0.496929648073215,2.14,0.559540327643799
"combo",5,3,"020124A",TRUE,0.623042434246382,3.198,0.466912684654305
"combo",5,4,"021004A",TRUE,0.523746466811564,2.34,0.418690724001238
"combo",5,5,"030226A",TRUE,0.47567118832443,1.99,0.390641134354282
"combo",5,6,"030329A",TRUE,0.0681858617461616,0.17,0.268206275776251
"combo",5,7,"050315A",FALSE,0.469674772551798,1.949,0.352023117069541
"combo",5,8,"050318A",FALSE,0.387389826338729,1.44,0.430369407117844
"combo",5,9,"050319A",FALSE,0.627365856592733,3.24,0.374710332561453
"combo",5,10,"050401A",FALSE,0.591064607026499,2.9,0.388983952157235
"combo",5,11,"050416A",FALSE,0.218220304175545,0.6528,0.232006689669859
"combo",5,12,"050502A",TRUE,0.680335513414563,3.79,0.516221224126853
"combo",5,13,"050502B",TRUE,0.680607428991788,3.793,0.516378899251587
"combo",5,14,"050505A",FALSE,0.721810615212547,4.27,0.577422335142524
"combo",5,15,"050525A",TRUE,0.20682587603185,0.61,0.418425114392771
"combo",5,16,"050603A",TRUE,0.582063362911709,2.82,0.383696370177217
"combo",5,17,"050730A",FALSE,0.696094159995223,3.967,0.471463177200901
"combo",5,18,"050801A",TRUE,0.40823996531185,1.56,0.406842279100251
"combo",5,19,"050802A",FALSE,0.433001340945038,1.7102,0.43017591054802
"combo",5,20,"050803A",FALSE,0.653212513775344,3.5,0.466965920614797
"combo",5,21,"050820A",FALSE,0.558072259099146,2.6147,0.416941541802168
"combo",5,22,"050824A",FALSE,0.261928672990642,0.8278,0.246009091144509
"combo",5,23,"050904A",FALSE,0.862727528317975,6.29,0.567086915426028
"combo",5,24,"050908A",TRUE,0.637489729512511,3.34,0.379900265040989
"combo",5,25,"050922C",FALSE,0.504878459410216,2.198,0.326076800465244
"combo",5,26,"051016B",FALSE,0.286995073968852,0.9364,0.367154207833836
"combo",5,27,"051028A",TRUE,0.662757831681574,3.6,0.437648377386178
"combo",5,28,"051109A",FALSE,0.524525936626376,2.346,0.424362882663735
"combo",5,29,"051111A",TRUE,0.406540180433955,1.55,0.347182971731269
"combo",5,30,"060115A",FALSE,0.656098202012832,3.53,0.541236017347373
"combo",5,31,"060124A",FALSE,0.517987203025078,2.296,0.413000947914176
"combo",5,32,"060206A",FALSE,0.703119346236078,4.048,0.484121126340746
"combo",5,33,"060210A",FALSE,0.691081492122968,3.91,0.546584587724708
"combo",5,34,"060223A",FALSE,0.73319726510657,4.41,0.70490251818144
"combo",5,35,"060306A",FALSE,0.408070285887185,1.559,0.406141254513821
"combo",5,36,"060418A",FALSE,0.396024896608593,1.489,0.432800412183882
"combo",5,37,"060502A",FALSE,0.398391440229475,1.5026,0.452293414625315
"combo",5,38,"060510B",FALSE,0.770852011642144,4.9,0.551065990073946
"combo",5,39,"060512A",TRUE,0.15836249209525,0.44,0.431032368459317
"combo",5,40,"060526A",FALSE,0.625415352154408,3.221,0.489448803779291
"combo",5,41,"060604A",FALSE,0.496334505996816,2.1357,0.567148792354845
"combo",5,42,"060605A",FALSE,0.679427896612119,3.78,0.58276598517986
"combo",5,43,"060607A",FALSE,0.610116955411928,3.0749,0.588513273067734
"combo",5,44,"060707A",FALSE,0.645913275033844,3.425,0.464807751966507
"combo",5,45,"060708A",FALSE,0.465382851448418,1.92,0.461147855969045
"combo",5,46,"060714A",FALSE,0.569490954348783,2.711,0.543452371807761
"combo",5,47,"060729A",FALSE,0.187520720836463,0.54,0.324209223522959
"combo",5,48,"060814A",FALSE,0.465813957269479,1.9229,0.454168742633979
"combo",5,49,"060904B",FALSE,0.231214647962601,0.703,0.476432116404456
"combo",5,50,"060906A",FALSE,0.670802284260944,3.686,0.594627847153223
"combo",5,51,"060908A",FALSE,0.459935016851525,1.8836,0.498810907455634
"combo",5,52,"060912A",FALSE,0.287129620719111,0.937,0.404580953885595
"combo",5,53,"060926A",FALSE,0.6232492903979,3.2,0.50846465071286
"combo",5,54,"060927A",FALSE,0.8109042806687,5.47,0.630524048754734
"combo",5,55,"061007A",TRUE,0.354108439147401,1.26,0.434161000710918
"combo",5,56,"061021A",FALSE,0.129141845792285,0.3463,0.369286148493879
"combo",5,57,"061110A",FALSE,0.244969460136198,0.7578,0.403095364542627
"combo",5,58,"061121A",FALSE,0.364363354615731,1.314,0.408318652154773
"combo",5,59,"061126A",TRUE,0.334212409393176,1.1588,0.590501491820507
"combo",5,60,"061222A",FALSE,0.489677291663699,2.088,0.446752374172395
"combo",5,61,"070110A",FALSE,0.525304009958239,2.352,0.513357101610118
"combo",5,62,"070125A",TRUE,0.406540180433955,1.55,0.363324124911706
"combo",5,63,"070208A",FALSE,0.335457900689384,1.165,0.533942395885398
"combo",5,64,"070223A",FALSE,0.419873175149476,1.6295,0.583607361949286
"combo",5,65,"070306A",FALSE,0.397227181043161,1.4959,0.560227386052093
"combo",5,66,"070411A",TRUE,0.59659709562646,2.95,0.577077435248906
"combo",5,67,"070508A",FALSE,0.260071387985075,0.82,0.391067021823241
"combo",5,68,"070521A",FALSE,0.489466281303128,2.0865,0.513256606322729
"combo",5,69,"070529A",FALSE,0.544018407858776,2.4996,0.667692735536537
"combo",5,70,"070612A",TRUE,0.222976449893391,0.671,0.442995882527196
"combo",5,71,"070714B",FALSE,0.28397928423848,0.923,0.540011596145464
"combo",5,72,"070721B",FALSE,0.6652056284346,3.626,0.53011568059564
"combo",5,73,"070802A",FALSE,0.537819095073274,2.45,0.545543602058819
"combo",5,74,"070810A",FALSE,0.501059262217751,2.17,0.510790286853176
"combo",5,75,"071003A",FALSE,0.415699348887829,1.60435,0.371657213801733
"combo",5,76,"071010A",TRUE,0.298853076409707,0.99,0.594000275860698
"combo",5,77,"071010B",TRUE,0.289365951520032,0.947,0.404827912024356
"combo",5,78,"071020A",FALSE,0.497620649781288,2.145,0.359414481605599
"combo",5,79,"071025A",TRUE,0.778151250383644,5,0.532435904817034
"combo",5,80,"071112C",TRUE,0.260071387985075,0.82,0.350689282503117
"combo",5,81,"071117A",FALSE,0.367542273520577,1.331,0.527447463075462
"combo",5,82,"080310A",FALSE,0.534026106056135,2.42,0.501392949560862
"combo",5,83,"080319B",FALSE,0.287129620719111,0.937,0.349976413038524
"combo",5,84,"080319C",FALSE,0.469822015978163,1.95,0.375045423690258
"combo",5,85,"080330A",TRUE,0.399673721481038,1.51,0.418169670499836
"combo",5,86,"080411A",FALSE,0.307496037913213,1.03,0.248513585046163
"combo",5,87,"080430A",FALSE,0.247236549506764,0.767,0.398503638282145
"combo",5,88,"080516A",FALSE,0.6232492903979,3.2,0.417815974090002
"combo",5,89,"080603A",TRUE,0.429752280002408,1.69,0.420462576876015
"combo",5,90,"080603B",TRUE,0.566943971856554,2.6893,0.408137001533087
"combo",5,91,"080607A",FALSE,0.605951157564873,3.036,0.531076113764685
"combo",5,92,"080710A",FALSE,0.265996370495079,0.845,0.517191060493502
"combo",5,93,"080721A",FALSE,0.555215405126073,2.591,0.371579493704302
"combo",5,94,"080810A",FALSE,0.638489256954637,3.35,0.480799538615326
"combo",5,95,"080905B",FALSE,0.528145078253106,2.374,0.608786841205635
"combo",5,96,"080916A",FALSE,0.227552503379865,0.6887,0.481222589753219
"combo",5,97,"080928A",FALSE,0.430075055551939,1.692,0.524191825980651
"combo",5,98,"081007A",FALSE,0.184549481320698,0.5295,0.349796092394074
"combo",5,99,"081008A",FALSE,0.472537053262077,1.9685,0.494244055263189
"combo",5,100,"081028A",FALSE,0.60616631460762,3.038,0.483513116683103
"combo",5,101,"081029A",FALSE,0.685553652846326,3.8479,0.544670793526063
"combo",5,102,"081109A",TRUE,0.296665190261531,0.98,0.558597301790437
"combo",5,103,"081203A",FALSE,0.491361693834273,2.1,0.536049425503408
"combo",5,104,"081221A",FALSE,0.513217600067939,2.26,0.445685639451987
"combo",5,105,"081228A",TRUE,0.64738297011462,3.44,0.553372376828424
"combo",5,106,"081230A",FALSE,0.491361693834273,2.1,0.44613829664947
"combo",5,107,"090102A",FALSE,0.406028944963615,1.547,0.326575187139359
"combo",5,108,"090205A",FALSE,0.752025387323213,4.6497,0.529431071588562
"combo",5,109,"090313A",TRUE,0.6414741105041,3.38,0.473241105801942
"combo",5,110,"090418A",FALSE,0.416307587059883,1.608,0.537195620613986
"combo",5,111,"090423A",FALSE,0.966610986681934,8.26,0.610628755135454
"combo",5,112,"090424A",FALSE,0.188647295999717,0.544,0.364385238355602
"combo",5,113,"090516A",FALSE,0.708335902682263,4.109,0.508948320420541
"combo",5,114,"090519A",FALSE,0.685741738602264,3.85,0.821690301145202
"combo",5,115,"090529A",FALSE,0.559308010907013,2.625,0.476822154041024
"combo",5,116,"090530A",FALSE,0.355259905527378,1.266,0.423277501539218
"combo",5,117,"090618A",FALSE,0.187520720836463,0.54,0.345135943351061
"combo",5,118,"090726A",TRUE,0.569373909615046,2.71,0.387075648033353
"combo",5,119,"090809A",FALSE,0.572523097849638,2.737,0.483880673380931
"combo",5,120,"090812A",FALSE,0.538070787043172,2.452,0.505602043275578
"combo",5,121,"090927A",FALSE,0.374748346010104,1.37,0.389819273395324
"combo",5,122,"091018A",FALSE,0.294686624279443,0.971,0.341964056193981
"combo",5,123,"091020A",FALSE,0.432969290874406,1.71,0.458033729226306
"combo",5,124,"091024A",TRUE,0.320146286111054,1.09,0.458248845142082
"combo",5,125,"091029A",FALSE,0.574262829707027,2.752,0.482596753383325
"combo",5,126,"091109A",FALSE,0.610234175334389,3.076,0.547837517970391
"combo",5,127,"091127A",FALSE,0.173186268412274,0.49,0.198928564886509
"combo",5,128,"091208B",FALSE,0.314499227973151,1.063,0.397140941301275
"combo",5,129,"100219A",FALSE,0.753330221324521,4.6667,0.523904440825567
"combo",5,130,"100316B",FALSE,0.338456493604605,1.18,0.438870229558085
"combo",5,131,"100316D",TRUE,0.0253058652647703,0.06,0.320616647245612
"combo",5,132,"100418A",FALSE,0.21045229296202,0.6235,0.369797229819277
"combo",5,133,"100425A",FALSE,0.440121603187804,1.755,0.397296003028683
"combo",5,134,"100508A",TRUE,0.181872159010334,0.5201,0.43101660498977
"combo",5,135,"100513A",FALSE,0.761326322421457,4.772,0.606632390687236
"combo",5,136,"100704A",FALSE,0.662757831681574,3.6,0.409488674891917
"combo",5,137,"100728A",FALSE,0.409425868671443,1.567,0.410107653286803
"combo",5,138,"100814A",FALSE,0.387389826338729,1.44,0.368922581790504
"combo",5,139,"100816A",FALSE,0.256236533205923,0.804,0.410008717821313
"combo",5,140,"100901A",FALSE,0.381656482585787,1.408,0.462051719045579
"combo",5,141,"100906A",FALSE,0.43568513794163,1.727,0.425901069608653
"combo",5,142,"101219B",FALSE,0.190331698170291,0.55,0.493100453967381
"combo",5,143,"110106B",FALSE,0.208978517276253,0.618,0.47314718901946
"combo",5,144,"110205A",TRUE,0.506505032404872,2.21,0.417246322998609
"combo",5,145,"110213A",FALSE,0.390935107103379,1.46,0.421341925968112
"combo",5,146,"110422A",FALSE,0.442479769064449,1.77,0.432317197490063
"combo",5,147,"110503A",FALSE,0.417139409727326,1.613,0.487744429151859
"combo",5,148,"110715A",FALSE,0.260071387985075,0.82,0.406209158032519
"combo",5,149,"110726A",TRUE,0.308777773664721,1.036,0.457953765781357
"combo",5,150,"110731A",FALSE,0.583198773968623,2.83,0.433069520133423
"combo",5,151,"110801A",TRUE,0.456062224454951,1.858,0.578361241232651
"combo",5,152,"110808A",FALSE,0.370698092575577,1.348,0.369369219888736
"combo",5,153,"110818A",FALSE,0.639486489268586,3.36,0.639172748569777
"combo",5,154,"111107A",TRUE,0.590284403718162,2.893,0.515779183494289
"combo",5,155,"111123A",FALSE,0.618215503279417,3.1516,0.559451603282397
"combo",5,156,"111209A",FALSE,0.224533062606086,0.677,0.505349214122158
"combo",5,157,"111228A",FALSE,0.234010817587179,0.714,0.292527313508421
"combo",5,158,"120118B",FALSE,0.595826777073223,2.943,0.425044766569548
"combo",5,159,"120119A",TRUE,0.612783856719735,3.1,0.545297857518917
"combo",5,160,"120327A",FALSE,0.581266805273671,2.813,0.508823868744869
"combo",5,161,"120404A",FALSE,0.588383768378728,2.876,0.557151963042105
"combo",5,162,"120422A",FALSE,0.108226656374928,0.283,0.37782413608122
"combo",5,163,"120711A",TRUE,0.381115080709851,1.405,0.485218501776641
"combo",5,164,"120729A",FALSE,0.255272505103306,0.8,0.494225579951198
"combo",5,165,"120802A",FALSE,0.680879174426811,3.796,0.518459467409533
"combo",5,166,"120811C",FALSE,0.564784384503987,2.671,0.426694845913554
"combo",5,167,"120815A",TRUE,0.526339277389844,2.36,0.417245442201118
"combo",5,168,"120907A",FALSE,0.294466226161593,0.97,0.366986847524782
"combo",5,169,"120922A",FALSE,0.612783856719735,3.1,0.463763864183836
"combo",5,170,"121024A",FALSE,0.5182506513085,2.298,0.517191853492928
"combo",5,171,"121027A",FALSE,0.442949869577862,1.773,0.460293997281634
"combo",5,172,"121128A",FALSE,0.505149978319906,2.2,0.452120554070227
"combo",5,173,"121211A",FALSE,0.305995882770805,1.023,0.439767984743199
"combo",5,174,"121217A",TRUE,0.612783856719735,3.1,0.459118775831408
"combo",5,175,"130215A",TRUE,0.204119982655925,0.6,0.449554215340549
"combo",5,176,"130408A",FALSE,0.677333151419902,3.757,0.372252478370154
"combo",5,177,"130418A",FALSE,0.345961541813141,1.218,0.540627631907547
"combo",5,178,"130420A",FALSE,0.361160995195026,1.297,0.482297653888235
"combo",5,179,"130427A",TRUE,0.127104798364808,0.34,0.453100275693778
"combo",5,180,"130505A",FALSE,0.514547752660286,2.27,0.314618369623095
"combo",5,181,"130511A",FALSE,0.362350507594848,1.3033,0.495946071323905
"combo",5,182,"130514A",FALSE,0.662757831681574,3.6,0.510704559163025
"combo",5,183,"130604A",FALSE,0.313867220369153,1.06,0.461261443111087
"combo",5,184,"130606A",FALSE,0.839666556882433,5.913,0.446961879165809
"combo",5,185,"130831A",FALSE,0.16999753706657,0.4791,0.355700202129714
"combo",5,186,"130925A",FALSE,0.129367595722986,0.347,0.294887984466835
"combo",5,187,"131030A",FALSE,0.36078268987328,1.295,0.344121093433988
"combo",5,188,"131105A",FALSE,0.429106008332697,1.686,0.4481459283331
"combo",5,189,"131117A",FALSE,0.702602841340427,4.042,0.504382940809667
"combo",5,190,"140206A",FALSE,0.571708831808688,2.73,0.439197360708165
"combo",5,191,"140213A",FALSE,0.343920385393226,1.2076,0.282196360080715
"combo",5,192,"140419A",FALSE,0.695131297704026,3.956,0.476467254518201
"combo",5,193,"140423A",FALSE,0.629409599102719,3.26,0.490698300849434
"combo",5,194,"140430A",FALSE,0.414973347970818,1.6,0.406940879519624
"combo",5,195,"140506A",FALSE,0.276231957921834,0.889,0.370620937364781
"combo",5,196,"140509A",FALSE,0.531478917042255,2.4,0.521363283318714
"combo",5,197,"140512A",FALSE,0.236789099409293,0.725,0.337146465145728
"combo",5,198,"140518A",FALSE,0.756407872548958,4.707,0.722362409281571
"combo",5,199,"140614A",FALSE,0.718750734739665,4.233,0.545502634301997
"combo",5,200,"140629A",FALSE,0.515211304327802,2.275,0.413375425107626
"combo",5,201,"140801A",TRUE,0.3654879848909,1.32,0.467260478766064
"combo",5,202,"140907A",TRUE,0.344392273685111,1.21,0.408878932299434
"combo",5,203,"141004A",FALSE,0.196728722623287,0.573,0.414164475246369
"combo",5,204,"141121A",FALSE,0.392696953259666,1.47,0.465554203061358
"combo",5,205,"141220A",FALSE,0.365394376854778,1.3195,0.376374667084796
"combo",5,206,"141221A",TRUE,0.389166084364532,1.45,0.479956929977495
"combo",5,207,"150120B",FALSE,0.653212513775344,3.5,0.455613357604502
"combo",5,208,"150314A",FALSE,0.440594261839831,1.758,0.388342542408979
"combo",5,209,"150323A",TRUE,0.202215775801131,0.593,0.36834035898052
"combo",5,210,"150403A",FALSE,0.48572142648158,2.06,0.368960354539963
"combo",5,211,"150821A",FALSE,0.244277120801843,0.755,0.492735046445195
"combo",5,212,"150910A",FALSE,0.372727940885595,1.359,0.453777424550012
"combo",5,213,"151021A",FALSE,0.52244423350632,2.33,0.474897885950431
"combo",5,214,"151027A",FALSE,0.257678574869184,0.81,0.362014935475524
"combo",5,215,"151029A",FALSE,0.384353414137506,1.423,0.651566131002471
"combo",5,216,"151031A",FALSE,0.335858911319818,1.167,0.453103104128352
"combo",5,217,"151215A",FALSE,0.555094448578319,2.59,0.549611458604495
"combo",5,218,"160117B",FALSE,0.271841606536499,0.87,0.552072703750355
"combo",5,219,"160121A",FALSE,0.471291711058939,1.96,0.449055800217336
"combo",5,220,"160131A",TRUE,0.294906910605192,0.972,0.37430927697047
"combo",5,221,"160203A",FALSE,0.655138434811382,3.52,0.620826651178202
"combo",5,222,"160227A",FALSE,0.528916700277655,2.38,0.485723915366406
"combo",5,223,"160314A",TRUE,0.237040791379191,0.726,0.421448344262317
"combo",5,224,"160327A",FALSE,0.777426822389311,4.99,0.478318640819601
"combo",5,225,"160425A",TRUE,0.191730393362856,0.555,0.431910243292515
"combo",5,226,"160804A",FALSE,0.239549720840473,0.736,0.458372654800253
"combo",5,227,"161014A",TRUE,0.582404298019028,2.823,0.521101201971474
"combo",5,228,"161023A",TRUE,0.569373909615046,2.71,0.512720893909858
"combo",5,229,"161108A",FALSE,0.334252642334231,1.159,0.444610088721344
"combo",5,230,"161117A",FALSE,0.406369835469268,1.549,0.395325876312618
"combo",5,231,"161129A",FALSE,0.216165902285993,0.645,0.508890442248437
"combo",5,232,"161219B",FALSE,0.0597526942092988,0.1475,0.294749768813762
"combo",5,233,"170113A",TRUE,0.472463896606989,1.968,0.611266919892382
"combo",5,234,"170202A",FALSE,0.666985718329661,3.645,0.429957021219862
"combo",5,235,"170405A",FALSE,0.65417654187796,3.51,0.530626920259598
"combo",5,236,"170519A",FALSE,0.259593878885949,0.818,0.490303089056309
"combo",5,237,"170531B",FALSE,0.527114111639805,2.366,0.578938025235349
"combo",5,238,"170604A",TRUE,0.367169488534681,1.329,0.42395867206231
"combo",5,239,"170607A",TRUE,0.19228861256812,0.557,0.432910606147998
"combo",5,240,"170705A",FALSE,0.478566495593843,2.01,0.311094899281806
"combo",5,241,"170714A",FALSE,0.253580289562183,0.793,0.381127317990095
"combo",5,242,"170903A",FALSE,0.27554168840131,0.886,0.38264364812805
"combo",5,243,"171222A",FALSE,0.532627001228891,2.409,0.294893558565232
"combo",5,244,"180115A",TRUE,0.542451947375977,2.487,0.528953147724821
"combo",5,245,"180205A",FALSE,0.381836799998343,1.409,0.404714464456162
"combo",5,246,"180325A",TRUE,0.511616020569138,2.248,0.440497353900333
"combo",5,247,"180329B",FALSE,0.476831628512261,1.998,0.550289923166657
"combo",5,248,"180404A",FALSE,0.301029995663981,1,0.461877879019143
"combo",5,249,"180620B",FALSE,0.325823419002744,1.1175,0.351918864185591
"combo",5,250,"180624A",FALSE,0.586024382386976,2.855,0.487309618916764
"combo",5,251,"180720B",FALSE,0.218535505216528,0.654,0.25637127562405
"combo",5,252,"180728A",FALSE,0.0480531731156091,0.117,0.163171401069554
"combo",5,253,"181010A",FALSE,0.378397900948138,1.39,0.476286374852452
"combo",5,254,"181020A",FALSE,0.595275711802099,2.938,0.395471369898391
"combo",5,255,"181110A",FALSE,0.398807730203264,1.505,0.359236892213824
"combo",5,256,"181201A",TRUE,0.161368002234975,0.45,0.367983616001568
"combo",5,257,"190106A",FALSE,0.456214155357989,1.859,0.36008398794481
"combo",5,258,"190114A",FALSE,0.641126932803509,3.3765,0.465099595718839
"combo",5,259,"190719C",FALSE,0.54020429984206,2.469,0.304972970001779
"combo",5,260,"190829A",FALSE,0.0328201494385639,0.0785,0.243442280958119
"combo",5,261,"191011A",FALSE,0.434888120867316,1.722,0.46938690552417
"combo",5,262,"191221B",FALSE,0.332034277027518,1.148,0.431092960646627
"combo",5,263,"200205B",FALSE,0.391816923613249,1.465,0.583998415081157
"combo",5,264,"200613A",TRUE,0.347427598618541,1.2255,0.396676893788374
"combo",5,265,"200829A",FALSE,0.352182518111362,1.25,0.311896075352389
"combo",5,266,"201015A",TRUE,0.154119525515847,0.426,0.500771950321363
"combo",5,267,"201020A",FALSE,0.591398551281249,2.903,0.392042866179716
"combo",5,268,"201021C",TRUE,0.315970345456918,1.07,0.348272865038013
"combo",5,269,"201104B",FALSE,0.470410490975931,1.954,0.464143537856678
"combo",5,270,"201221A",FALSE,0.826074802700826,5.7,0.69679478793971
"combo",5,271,"210204A",TRUE,0.273232834043046,0.876,0.345567239298201
"combo",5,272,"210210A",FALSE,0.234264124378789,0.715,0.341829396670489
"combo",5,273,"210222B",FALSE,0.504878459410216,2.198,0.419916839608549
"combo",5,274,"210411C",FALSE,0.582744965691277,2.826,0.346491456809642
"combo",5,275,"210517A",FALSE,0.542327382773974,2.486,0.438657954224754
"combo",5,276,"210610A",FALSE,0.657055852857104,3.54,0.414705953251465
"combo",5,277,"210610B",FALSE,0.328379603438738,1.13,0.309611823994739
"combo",5,278,"210619B",FALSE,0.4679039465228,1.937,0.260437649522867
"combo",5,279,"210722A",FALSE,0.331427296520743,1.145,0.427032383015672
"combo",5,280,"210731A",FALSE,0.352664799651101,1.2525,0.435993534988024
"combo",5,281,"210822A",FALSE,0.437116093048079,1.736,0.315691248394097
"combo",5,282,"211024B",FALSE,0.325043347403704,1.1137,0.397985975509875
"combo",5,283,"220117A",FALSE,0.775319121829478,4.961,0.454248064144142
"combo",5,284,"220611A",FALSE,0.526442668529935,2.3608,0.450556384272611
"combo",5,285,"230116D",FALSE,0.682145076373832,3.81,0.534675042702193
"combo",5,286,"230325A",FALSE,0.425534220498263,1.664,0.527922412281836
"combo",5,287,"230414B",FALSE,0.659726095237792,3.568,0.53539625762486
"combo",5,288,"230506C",FALSE,0.672097857935718,3.7,0.386889156942751
"combo",5,289,"230818A",FALSE,0.534026106056135,2.42,0.367337490756717
"combo",5,290,"231210B",FALSE,0.615950051656401,3.13,0.469828236055915
"combo",5,291,"970508A",TRUE,0.262451089730429,0.83,0.501572573005751
"trainall",1,1,"000926A",TRUE,0.482873583608754,2.04,0.408409838968457
"trainall",1,2,"011211A",TRUE,0.496929648073215,2.14,0.50518877448658
"trainall",1,3,"020124A",TRUE,0.623042434246382,3.198,0.442487924613677
"trainall",1,4,"021004A",TRUE,0.523746466811564,2.34,0.433933696581167
"trainall",1,5,"030226A",TRUE,0.47567118832443,1.99,0.386262477613071
"trainall",1,6,"030329A",TRUE,0.0681858617461616,0.17,0.239670068781703
"trainall",1,7,"050315A",FALSE,0.469674772551798,1.949,0.390413051497448
"trainall",1,8,"050318A",FALSE,0.387389826338729,1.44,0.431479126779763
"trainall",1,9,"050319A",FALSE,0.627365856592733,3.24,0.391114233670419
"trainall",1,10,"050401A",FALSE,0.591064607026499,2.9,0.380504748830875
"trainall",1,11,"050416A",FALSE,0.218220304175545,0.6528,0.206599944553475
"trainall",1,12,"050502A",TRUE,0.680335513414563,3.79,0.531636821514514
"trainall",1,13,"050502B",TRUE,0.680607428991788,3.793,0.497987925446509
"trainall",1,14,"050505A",FALSE,0.721810615212547,4.27,0.528948595182852
"trainall",1,15,"050525A",TRUE,0.20682587603185,0.61,0.432146905132973
"trainall",1,16,"050603A",TRUE,0.582063362911709,2.82,0.41424992140715
"trainall",1,17,"050730A",FALSE,0.696094159995223,3.967,0.525501860183369
"trainall",1,18,"050801A",TRUE,0.40823996531185,1.56,0.36030867929244
"trainall",1,19,"050802A",FALSE,0.433001340945038,1.7102,0.404705946096166
"trainall",1,20,"050803A",FALSE,0.653212513775344,3.5,0.447727755552666
"trainall",1,21,"050820A",FALSE,0.558072259099146,2.6147,0.401024998065024
"trainall",1,22,"050824A",FALSE,0.261928672990642,0.8278,0.226478158018035
"trainall",1,23,"050904A",FALSE,0.862727528317975,6.29,0.571140352027779
"trainall",1,24,"050908A",TRUE,0.637489729512511,3.34,0.384572391341282
"trainall",1,25,"050922C",FALSE,0.504878459410216,2.198,0.346198946086778
"trainall",1,26,"051016B",FALSE,0.286995073968852,0.9364,0.388060760019378
"trainall",1,27,"051028A",TRUE,0.662757831681574,3.6,0.440846739392924
"trainall",1,28,"051109A",FALSE,0.524525936626376,2.346,0.457776046038708
"trainall",1,29,"051111A",TRUE,0.406540180433955,1.55,0.340038270552829
"trainall",1,30,"060115A",FALSE,0.656098202012832,3.53,0.555856117702077
"trainall",1,31,"060124A",FALSE,0.517987203025078,2.296,0.417505500118389
"trainall",1,32,"060206A",FALSE,0.703119346236078,4.048,0.508412021997789
"trainall",1,33,"060210A",FALSE,0.691081492122968,3.91,0.482254179565216
"trainall",1,34,"060223A",FALSE,0.73319726510657,4.41,0.70221423418549
"trainall",1,35,"060306A",FALSE,0.408070285887185,1.559,0.425160619427366
"trainall",1,36,"060418A",FALSE,0.396024896608593,1.489,0.439765973265631
"trainall",1,37,"060502A",FALSE,0.398391440229475,1.5026,0.422466394838956
"trainall",1,38,"060510B",FALSE,0.770852011642144,4.9,0.533739027620682
"trainall",1,39,"060512A",TRUE,0.15836249209525,0.44,0.430196435581616
"trainall",1,40,"060526A",FALSE,0.625415352154408,3.221,0.462135739053816
"trainall",1,41,"060604A",FALSE,0.496334505996816,2.1357,0.478770509586447
"trainall",1,42,"060605A",FALSE,0.679427896612119,3.78,0.598278364326502
"trainall",1,43,"060607A",FALSE,0.610116955411928,3.0749,0.527380385706045
"trainall",1,44,"060707A",FALSE,0.645913275033844,3.425,0.462095008694821
"trainall",1,45,"060708A",FALSE,0.465382851448418,1.92,0.439689009335709
"trainall",1,46,"060714A",FALSE,0.569490954348783,2.711,0.54527909154339
"trainall",1,47,"060729A",FALSE,0.187520720836463,0.54,0.291745671026107
"trainall",1,48,"060814A",FALSE,0.465813957269479,1.9229,0.469403470454822
"trainall",1,49,"060904B",FALSE,0.231214647962601,0.703,0.518825655638281
"trainall",1,50,"060906A",FALSE,0.670802284260944,3.686,0.651390490821017
"trainall",1,51,"060908A",FALSE,0.459935016851525,1.8836,0.482502654037297
"trainall",1,52,"060912A",FALSE,0.287129620719111,0.937,0.40219416407506
"trainall",1,53,"060926A",FALSE,0.6232492903979,3.2,0.54677999825837
"trainall",1,54,"060927A",FALSE,0.8109042806687,5.47,0.623346460400282
"trainall",1,55,"061007A",TRUE,0.354108439147401,1.26,0.412779757384652
"trainall",1,56,"061021A",FALSE,0.129141845792285,0.3463,0.412899513041884
"trainall",1,57,"061110A",FALSE,0.244969460136198,0.7578,0.433263993607726
"trainall",1,58,"061121A",FALSE,0.364363354615731,1.314,0.380107301772425
"trainall",1,59,"061126A",TRUE,0.334212409393176,1.1588,0.562711858887999
"trainall",1,60,"061222A",FALSE,0.489677291663699,2.088,0.541579957607039
"trainall",1,61,"070110A",FALSE,0.525304009958239,2.352,0.506429754729976
"trainall",1,62,"070125A",TRUE,0.406540180433955,1.55,0.371767034577764
"trainall",1,63,"070208A",FALSE,0.335457900689384,1.165,0.527063772076103
"trainall",1,64,"070223A",FALSE,0.419873175149476,1.6295,0.500954035045173
"trainall",1,65,"070306A",FALSE,0.397227181043161,1.4959,0.578706113001828
"trainall",1,66,"070411A",TRUE,0.59659709562646,2.95,0.623196201316896
"trainall",1,67,"070508A",FALSE,0.260071387985075,0.82,0.416907023588211
"trainall",1,68,"070521A",FALSE,0.489466281303128,2.0865,0.537175387681796
"trainall",1,69,"070529A",FALSE,0.544018407858776,2.4996,0.703039322659949
"trainall",1,70,"070612A",TRUE,0.222976449893391,0.671,0.394564484760059
"trainall",1,71,"070714B",FALSE,0.28397928423848,0.923,0.561187359667411
"trainall",1,72,"070721B",FALSE,0.6652056284346,3.626,0.588745049469251
"trainall",1,73,"070802A",FALSE,0.537819095073274,2.45,0.555434417351205
"trainall",1,74,"070810A",FALSE,0.501059262217751,2.17,0.518769292578428
"trainall",1,75,"071003A",FALSE,0.415699348887829,1.60435,0.418829097371949
"trainall",1,76,"071010A",TRUE,0.298853076409707,0.99,0.551315363613881
"trainall",1,77,"071010B",TRUE,0.289365951520032,0.947,0.419901923540794
"trainall",1,78,"071020A",FALSE,0.497620649781288,2.145,0.288522874773912
"trainall",1,79,"071025A",TRUE,0.778151250383644,5,0.565467424317132
"trainall",1,80,"071112C",TRUE,0.260071387985075,0.82,0.372187517703983
"trainall",1,81,"071117A",FALSE,0.367542273520577,1.331,0.44906240803184
"trainall",1,82,"080310A",FALSE,0.534026106056135,2.42,0.467364649253655
"trainall",1,83,"080319B",FALSE,0.287129620719111,0.937,0.274408824897834
"trainall",1,84,"080319C",FALSE,0.469822015978163,1.95,0.357925432549629
"trainall",1,85,"080330A",TRUE,0.399673721481038,1.51,0.431024524844528
"trainall",1,86,"080411A",FALSE,0.307496037913213,1.03,0.273997621109521
"trainall",1,87,"080430A",FALSE,0.247236549506764,0.767,0.35508272126561
"trainall",1,88,"080516A",FALSE,0.6232492903979,3.2,0.414475034382034
"trainall",1,89,"080603A",TRUE,0.429752280002408,1.69,0.415951575491839
"trainall",1,90,"080603B",TRUE,0.566943971856554,2.6893,0.40575543266019
"trainall",1,91,"080607A",FALSE,0.605951157564873,3.036,0.494645014325572
"trainall",1,92,"080710A",FALSE,0.265996370495079,0.845,0.518085283540225
"trainall",1,93,"080721A",FALSE,0.555215405126073,2.591,0.339493189741761
"trainall",1,94,"080810A",FALSE,0.638489256954637,3.35,0.478371273715218
"trainall",1,95,"080905B",FALSE,0.528145078253106,2.374,0.545012511524201
"trainall",1,96,"080916A",FALSE,0.227552503379865,0.6887,0.487277147149395
"trainall",1,97,"080928A",FALSE,0.430075055551939,1.692,0.521610945224505
"trainall",1,98,"081007A",FALSE,0.184549481320698,0.5295,0.349204585923659
"trainall",1,99,"081008A",FALSE,0.472537053262077,1.9685,0.511887566239002
"trainall",1,100,"081028A",FALSE,0.60616631460762,3.038,0.568905130739457
"trainall",1,101,"081029A",FALSE,0.685553652846326,3.8479,0.616669552105374
"trainall",1,102,"081109A",TRUE,0.296665190261531,0.98,0.574701248390768
"trainall",1,103,"081203A",FALSE,0.491361693834273,2.1,0.532563829147279
"trainall",1,104,"081221A",FALSE,0.513217600067939,2.26,0.3681352971368
"trainall",1,105,"081228A",TRUE,0.64738297011462,3.44,0.524499426968728
"trainall",1,106,"081230A",FALSE,0.491361693834273,2.1,0.46857533350632
"trainall",1,107,"090102A",FALSE,0.406028944963615,1.547,0.345140772745911
"trainall",1,108,"090205A",FALSE,0.752025387323213,4.6497,0.538584468661115
"trainall",1,109,"090313A",TRUE,0.6414741105041,3.38,0.474385255712434
"trainall",1,110,"090418A",FALSE,0.416307587059883,1.608,0.522466174229606
"trainall",1,111,"090423A",FALSE,0.966610986681934,8.26,0.661362960724581
"trainall",1,112,"090424A",FALSE,0.188647295999717,0.544,0.375527439078092
"trainall",1,113,"090516A",FALSE,0.708335902682263,4.109,0.525123705194305
"trainall",1,114,"090519A",FALSE,0.685741738602264,3.85,0.814854849558094
"trainall",1,115,"090529A",FALSE,0.559308010907013,2.625,0.426736480578764
"trainall",1,116,"090530A",FALSE,0.355259905527378,1.266,0.394359392422549
"trainall",1,117,"090618A",FALSE,0.187520720836463,0.54,0.310838667872562
"trainall",1,118,"090726A",TRUE,0.569373909615046,2.71,0.407749959775334
"trainall",1,119,"090809A",FALSE,0.572523097849638,2.737,0.457437060377321
"trainall",1,120,"090812A",FALSE,0.538070787043172,2.452,0.482505773012686
"trainall",1,121,"090927A",FALSE,0.374748346010104,1.37,0.418398694595285
"trainall",1,122,"091018A",FALSE,0.294686624279443,0.971,0.305078432232769
"trainall",1,123,"091020A",FALSE,0.432969290874406,1.71,0.452341295458144
"trainall",1,124,"091024A",TRUE,0.320146286111054,1.09,0.454414760819847
"trainall",1,125,"091029A",FALSE,0.574262829707027,2.752,0.44355698722214
"trainall",1,126,"091109A",FALSE,0.610234175334389,3.076,0.573452824895697
"trainall",1,127,"091127A",FALSE,0.173186268412274,0.49,0.158140592714317
"trainall",1,128,"091208B",FALSE,0.314499227973151,1.063,0.395376960171121
"trainall",1,129,"100219A",FALSE,0.753330221324521,4.6667,0.508436373829443
"trainall",1,130,"100316B",FALSE,0.338456493604605,1.18,0.451035473478399
"trainall",1,131,"100316D",TRUE,0.0253058652647703,0.06,0.311334969504823
"trainall",1,132,"100418A",FALSE,0.21045229296202,0.6235,0.327559428910452
"trainall",1,133,"100425A",FALSE,0.440121603187804,1.755,0.441031909263164
"trainall",1,134,"100508A",TRUE,0.181872159010334,0.5201,0.393675866532025
"trainall",1,135,"100513A",FALSE,0.761326322421457,4.772,0.605403693220542
"trainall",1,136,"100704A",FALSE,0.662757831681574,3.6,0.417716772796813
"trainall",1,137,"100728A",FALSE,0.409425868671443,1.567,0.385523460100121
"trainall",1,138,"100814A",FALSE,0.387389826338729,1.44,0.290963423702142
"trainall",1,139,"100816A",FALSE,0.256236533205923,0.804,0.347060436006953
"trainall",1,140,"100901A",FALSE,0.381656482585787,1.408,0.431403280353714
"trainall",1,141,"100906A",FALSE,0.43568513794163,1.727,0.380389592072247
"trainall",1,142,"101219B",FALSE,0.190331698170291,0.55,0.426620489474248
"trainall",1,143,"110106B",FALSE,0.208978517276253,0.618,0.489866384458525
"trainall",1,144,"110205A",TRUE,0.506505032404872,2.21,0.462235349891499
"trainall",1,145,"110213A",FALSE,0.390935107103379,1.46,0.389380630653271
"trainall",1,146,"110422A",FALSE,0.442479769064449,1.77,0.438096743205012
"trainall",1,147,"110503A",FALSE,0.417139409727326,1.613,0.409288069087092
"trainall",1,148,"110715A",FALSE,0.260071387985075,0.82,0.398143551981728
"trainall",1,149,"110726A",TRUE,0.308777773664721,1.036,0.4335751388755
"trainall",1,150,"110731A",FALSE,0.583198773968623,2.83,0.407921468509133
"trainall",1,151,"110801A",TRUE,0.456062224454951,1.858,0.625919724039148
"trainall",1,152,"110808A",FALSE,0.370698092575577,1.348,0.428795076786507
"trainall",1,153,"110818A",FALSE,0.639486489268586,3.36,0.63081374064133
"trainall",1,154,"111107A",TRUE,0.590284403718162,2.893,0.512742130101936
"trainall",1,155,"111123A",FALSE,0.618215503279417,3.1516,0.544324371463839
"trainall",1,156,"111209A",FALSE,0.224533062606086,0.677,0.481104527107073
"trainall",1,157,"111228A",FALSE,0.234010817587179,0.714,0.284823497007251
"trainall",1,158,"120118B",FALSE,0.595826777073223,2.943,0.447958214973336
"trainall",1,159,"120119A",TRUE,0.612783856719735,3.1,0.618557389409823
"trainall",1,160,"120327A",FALSE,0.581266805273671,2.813,0.562633185095083
"trainall",1,161,"120404A",FALSE,0.588383768378728,2.876,0.537114877620049
"trainall",1,162,"120422A",FALSE,0.108226656374928,0.283,0.439897803708697
"trainall",1,163,"120711A",TRUE,0.381115080709851,1.405,0.526229497097999
"trainall",1,164,"120729A",FALSE,0.255272505103306,0.8,0.501332024067307
"trainall",1,165,"120802A",FALSE,0.680879174426811,3.796,0.524922314572923
"trainall",1,166,"120811C",FALSE,0.564784384503987,2.671,0.463527782037893
"trainall",1,167,"120815A",TRUE,0.526339277389844,2.36,0.371211005261632
"trainall",1,168,"120907A",FALSE,0.294466226161593,0.97,0.373383201011674
"trainall",1,169,"120922A",FALSE,0.612783856719735,3.1,0.473688226147786
"trainall",1,170,"121024A",FALSE,0.5182506513085,2.298,0.503502329096078
"trainall",1,171,"121027A",FALSE,0.442949869577862,1.773,0.456688136656848
"trainall",1,172,"121128A",FALSE,0.505149978319906,2.2,0.42525618176073
"trainall",1,173,"121211A",FALSE,0.305995882770805,1.023,0.437113174701169
"trainall",1,174,"121217A",TRUE,0.612783856719735,3.1,0.496798720725838
"trainall",1,175,"130215A",TRUE,0.204119982655925,0.6,0.469165766463855
"trainall",1,176,"130408A",FALSE,0.677333151419902,3.757,0.423975847929256
"trainall",1,177,"130418A",FALSE,0.345961541813141,1.218,0.552856234788951
"trainall",1,178,"130420A",FALSE,0.361160995195026,1.297,0.467094425473006
"trainall",1,179,"130427A",TRUE,0.127104798364808,0.34,0.471103843585207
"trainall",1,180,"130505A",FALSE,0.514547752660286,2.27,0.369691850935359
"trainall",1,181,"130511A",FALSE,0.362350507594848,1.3033,0.448774903507338
"trainall",1,182,"130514A",FALSE,0.662757831681574,3.6,0.489585882706644
"trainall",1,183,"130604A",FALSE,0.313867220369153,1.06,0.384484656613276
"trainall",1,184,"130606A",FALSE,0.839666556882433,5.913,0.399207146813963
"trainall",1,185,"130831A",FALSE,0.16999753706657,0.4791,0.352214051045586
"trainall",1,186,"130925A",FALSE,0.129367595722986,0.347,0.208787617800019
"trainall",1,187,"131030A",FALSE,0.36078268987328,1.295,0.322129763663509
"trainall",1,188,"131105A",FALSE,0.429106008332697,1.686,0.451253687768509
"trainall",1,189,"131117A",FALSE,0.702602841340427,4.042,0.544885979969319
"trainall",1,190,"140206A",FALSE,0.571708831808688,2.73,0.441190776841515
"trainall",1,191,"140213A",FALSE,0.343920385393226,1.2076,0.278330075919636
"trainall",1,192,"140419A",FALSE,0.695131297704026,3.956,0.48241745235161
"trainall",1,193,"140423A",FALSE,0.629409599102719,3.26,0.501624911994855
"trainall",1,194,"140430A",FALSE,0.414973347970818,1.6,0.411086448250797
"trainall",1,195,"140506A",FALSE,0.276231957921834,0.889,0.346261262075605
"trainall",1,196,"140509A",FALSE,0.531478917042255,2.4,0.510591028620273
"trainall",1,197,"140512A",FALSE,0.236789099409293,0.725,0.328997781694663
"trainall",1,198,"140518A",FALSE,0.756407872548958,4.707,0.698459560525205
"trainall",1,199,"140614A",FALSE,0.718750734739665,4.233,0.537074765815064
"trainall",1,200,"140629A",FALSE,0.515211304327802,2.275,0.422666628532964
"trainall",1,201,"140801A",TRUE,0.3654879848909,1.32,0.478875967325764
"trainall",1,202,"140907A",TRUE,0.344392273685111,1.21,0.447867040892065
"trainall",1,203,"141004A",FALSE,0.196728722623287,0.573,0.442353281175087
"trainall",1,204,"141121A",FALSE,0.392696953259666,1.47,0.415825950636497
"trainall",1,205,"141220A",FALSE,0.365394376854778,1.3195,0.375153559555238
"trainall",1,206,"141221A",TRUE,0.389166084364532,1.45,0.51204107463629
"trainall",1,207,"150120B",FALSE,0.653212513775344,3.5,0.462048395124844
"trainall",1,208,"150314A",FALSE,0.440594261839831,1.758,0.379536514402707
"trainall",1,209,"150323A",TRUE,0.202215775801131,0.593,0.44075452507201
"trainall",1,210,"150403A",FALSE,0.48572142648158,2.06,0.325984482536153
"trainall",1,211,"150821A",FALSE,0.244277120801843,0.755,0.519282846359973
"trainall",1,212,"150910A",FALSE,0.372727940885595,1.359,0.452371925840168
"trainall",1,213,"151021A",FALSE,0.52244423350632,2.33,0.483425592053015
"trainall",1,214,"151027A",FALSE,0.257678574869184,0.81,0.354553491200705
"trainall",1,215,"151029A",FALSE,0.384353414137506,1.423,0.553118162481731
"trainall",1,216,"151031A",FALSE,0.335858911319818,1.167,0.498547482838197
"trainall",1,217,"151215A",FALSE,0.555094448578319,2.59,0.528775064647153
"trainall",1,218,"160117B",FALSE,0.271841606536499,0.87,0.480440228422195
"trainall",1,219,"160121A",FALSE,0.471291711058939,1.96,0.470095156138784
"trainall",1,220,"160131A",TRUE,0.294906910605192,0.972,0.377552337186207
"trainall",1,221,"160203A",FALSE,0.655138434811382,3.52,0.588467270749707
"trainall",1,222,"160227A",FALSE,0.528916700277655,2.38,0.444959110361199
"trainall",1,223,"160314A",TRUE,0.237040791379191,0.726,0.44393677235073
"trainall",1,224,"160327A",FALSE,0.777426822389311,4.99,0.510898512601588
"trainall",1,225,"160425A",TRUE,0.191730393362856,0.555,0.405815419718017
"trainall",1,226,"160804A",FALSE,0.239549720840473,0.736,0.407890954818521
"trainall",1,227,"161014A",TRUE,0.582404298019028,2.823,0.509566272416389
"trainall",1,228,"161023A",TRUE,0.569373909615046,2.71,0.522279123450687
"trainall",1,229,"161108A",FALSE,0.334252642334231,1.159,0.403779497390136
"trainall",1,230,"161117A",FALSE,0.406369835469268,1.549,0.376874655005093
"trainall",1,231,"161129A",FALSE,0.216165902285993,0.645,0.50915502792728
"trainall",1,232,"161219B",FALSE,0.0597526942092988,0.1475,0.226198437843498
"trainall",1,233,"170113A",TRUE,0.472463896606989,1.968,0.564403770358009
"trainall",1,234,"170202A",FALSE,0.666985718329661,3.645,0.438956974119699
"trainall",1,235,"170405A",FALSE,0.65417654187796,3.51,0.568873214880605
"trainall",1,236,"170519A",FALSE,0.259593878885949,0.818,0.492937586840789
"trainall",1,237,"170531B",FALSE,0.527114111639805,2.366,0.553946626318004
"trainall",1,238,"170604A",TRUE,0.367169488534681,1.329,0.470325615487834
"trainall",1,239,"170607A",TRUE,0.19228861256812,0.557,0.441141659680231
"trainall",1,240,"170705A",FALSE,0.478566495593843,2.01,0.308843026086728
"trainall",1,241,"170714A",FALSE,0.253580289562183,0.793,0.394938451418606
"trainall",1,242,"170903A",FALSE,0.27554168840131,0.886,0.351989796077151
"trainall",1,243,"171222A",FALSE,0.532627001228891,2.409,0.341345586881221
"trainall",1,244,"180115A",TRUE,0.542451947375977,2.487,0.539837592029719
"trainall",1,245,"180205A",FALSE,0.381836799998343,1.409,0.395069818664724
"trainall",1,246,"180325A",TRUE,0.511616020569138,2.248,0.438263858081735
"trainall",1,247,"180329B",FALSE,0.476831628512261,1.998,0.535300937189533
"trainall",1,248,"180404A",FALSE,0.301029995663981,1,0.442556532132548
"trainall",1,249,"180620B",FALSE,0.325823419002744,1.1175,0.373357753289733
"trainall",1,250,"180624A",FALSE,0.586024382386976,2.855,0.483019449231664
"trainall",1,251,"180720B",FALSE,0.218535505216528,0.654,0.283153607614784
"trainall",1,252,"180728A",FALSE,0.0480531731156091,0.117,0.162906491859995
"trainall",1,253,"181010A",FALSE,0.378397900948138,1.39,0.533164228568037
"trainall",1,254,"181020A",FALSE,0.595275711802099,2.938,0.367722906958434
"trainall",1,255,"181110A",FALSE,0.398807730203264,1.505,0.396729180103792
"trainall",1,256,"181201A",TRUE,0.161368002234975,0.45,0.368735961195843
"trainall",1,257,"190106A",FALSE,0.456214155357989,1.859,0.375049908605038
"trainall",1,258,"190114A",FALSE,0.641126932803509,3.3765,0.488064414916406
"trainall",1,259,"190719C",FALSE,0.54020429984206,2.469,0.323638514454236
"trainall",1,260,"190829A",FALSE,0.0328201494385639,0.0785,0.286564757377231
"trainall",1,261,"191011A",FALSE,0.434888120867316,1.722,0.523379871641438
"trainall",1,262,"191221B",FALSE,0.332034277027518,1.148,0.373458282560264
"trainall",1,263,"200205B",FALSE,0.391816923613249,1.465,0.633407095559348
"trainall",1,264,"200613A",TRUE,0.347427598618541,1.2255,0.402184946784372
"trainall",1,265,"200829A",FALSE,0.352182518111362,1.25,0.309512140354351
"trainall",1,266,"201015A",TRUE,0.154119525515847,0.426,0.473283904508015
"trainall",1,267,"201020A",FALSE,0.591398551281249,2.903,0.393966823491643
"trainall",1,268,"201021C",TRUE,0.315970345456918,1.07,0.333607408845265
"trainall",1,269,"201104B",FALSE,0.470410490975931,1.954,0.447068864532776
"trainall",1,270,"201221A",FALSE,0.826074802700826,5.7,0.619986904274931
"trainall",1,271,"210204A",TRUE,0.273232834043046,0.876,0.384235856297284
"trainall",1,272,"210210A",FALSE,0.234264124378789,0.715,0.360383024887478
"trainall",1,273,"210222B",FALSE,0.504878459410216,2.198,0.435985529409853
"trainall",1,274,"210411C",FALSE,0.582744965691277,2.826,0.355974222123617
"trainall",1,275,"210517A",FALSE,0.542327382773974,2.486,0.42015867917553
"trainall",1,276,"210610A",FALSE,0.657055852857104,3.54,0.398912956327795
"trainall",1,277,"210610B",FALSE,0.328379603438738,1.13,0.355167460592673
"trainall",1,278,"210619B",FALSE,0.4679039465228,1.937,0.249920664562459
"trainall",1,279,"210722A",FALSE,0.331427296520743,1.145,0.481972725019756
"trainall",1,280,"210731A",FALSE,0.352664799651101,1.2525,0.443713942374371
"trainall",1,281,"210822A",FALSE,0.437116093048079,1.736,0.336961697179207
"trainall",1,282,"211024B",FALSE,0.325043347403704,1.1137,0.387807974105575
"trainall",1,283,"220117A",FALSE,0.775319121829478,4.961,0.439406463740723
"trainall",1,284,"220611A",FALSE,0.526442668529935,2.3608,0.524923957273308
"trainall",1,285,"230116D",FALSE,0.682145076373832,3.81,0.573005764295464
"trainall",1,286,"230325A",FALSE,0.425534220498263,1.664,0.516969133591632
"trainall",1,287,"230414B",FALSE,0.659726095237792,3.568,0.527599974728844
"trainall",1,288,"230506C",FALSE,0.672097857935718,3.7,0.382583013942762
"trainall",1,289,"230818A",FALSE,0.534026106056135,2.42,0.391556662198289
"trainall",1,290,"231210B",FALSE,0.615950051656401,3.13,0.485900122422453
"trainall",1,291,"970508A",TRUE,0.262451089730429,0.83,0.477258256675956
"trainall",2,1,"000926A",TRUE,0.482873583608754,2.04,0.370471277159028
"trainall",2,2,"011211A",TRUE,0.496929648073215,2.14,0.536940150457555
"trainall",2,3,"020124A",TRUE,0.623042434246382,3.198,0.459634604117205
"trainall",2,4,"021004A",TRUE,0.523746466811564,2.34,0.429640241031082
"trainall",2,5,"030226A",TRUE,0.47567118832443,1.99,0.408330097712834
"trainall",2,6,"030329A",TRUE,0.0681858617461616,0.17,0.258780227049686
"trainall",2,7,"050315A",FALSE,0.469674772551798,1.949,0.393435007519844
"trainall",2,8,"050318A",FALSE,0.387389826338729,1.44,0.418817188405263
"trainall",2,9,"050319A",FALSE,0.627365856592733,3.24,0.411869461996787
"trainall",2,10,"050401A",FALSE,0.591064607026499,2.9,0.378580659208325
"trainall",2,11,"050416A",FALSE,0.218220304175545,0.6528,0.314138233315029
"trainall",2,12,"050502A",TRUE,0.680335513414563,3.79,0.518606986332271
"trainall",2,13,"050502B",TRUE,0.680607428991788,3.793,0.518805010130444
"trainall",2,14,"050505A",FALSE,0.721810615212547,4.27,0.545771302874966
"trainall",2,15,"050525A",TRUE,0.20682587603185,0.61,0.427627439955895
"trainall",2,16,"050603A",TRUE,0.582063362911709,2.82,0.371076563554198
"trainall",2,17,"050730A",FALSE,0.696094159995223,3.967,0.467656719683577
"trainall",2,18,"050801A",TRUE,0.40823996531185,1.56,0.413285265201337
"trainall",2,19,"050802A",FALSE,0.433001340945038,1.7102,0.404512149052243
"trainall",2,20,"050803A",FALSE,0.653212513775344,3.5,0.469287990966371
"trainall",2,21,"050820A",FALSE,0.558072259099146,2.6147,0.386594948220826
"trainall",2,22,"050824A",FALSE,0.261928672990642,0.8278,0.402368186018817
"trainall",2,23,"050904A",FALSE,0.862727528317975,6.29,0.560470220914182
"trainall",2,24,"050908A",TRUE,0.637489729512511,3.34,0.40785488334068
"trainall",2,25,"050922C",FALSE,0.504878459410216,2.198,0.421672873430186
"trainall",2,26,"051016B",FALSE,0.286995073968852,0.9364,0.383981257145502
"trainall",2,27,"051028A",TRUE,0.662757831681574,3.6,0.448455962312859
"trainall",2,28,"051109A",FALSE,0.524525936626376,2.346,0.449078325068551
"trainall",2,29,"051111A",TRUE,0.406540180433955,1.55,0.344307149100368
"trainall",2,30,"060115A",FALSE,0.656098202012832,3.53,0.533051333923336
"trainall",2,31,"060124A",FALSE,0.517987203025078,2.296,0.415011764158751
"trainall",2,32,"060206A",FALSE,0.703119346236078,4.048,0.497149741481697
"trainall",2,33,"060210A",FALSE,0.691081492122968,3.91,0.493864812685616
"trainall",2,34,"060223A",FALSE,0.73319726510657,4.41,0.666470742215133
"trainall",2,35,"060306A",FALSE,0.408070285887185,1.559,0.420394895451545
"trainall",2,36,"060418A",FALSE,0.396024896608593,1.489,0.397242985417309
"trainall",2,37,"060502A",FALSE,0.398391440229475,1.5026,0.461706963506927
"trainall",2,38,"060510B",FALSE,0.770852011642144,4.9,0.547094535708409
"trainall",2,39,"060512A",TRUE,0.15836249209525,0.44,0.42476370620431
"trainall",2,40,"060526A",FALSE,0.625415352154408,3.221,0.450744768799358
"trainall",2,41,"060604A",FALSE,0.496334505996816,2.1357,0.518679905234661
"trainall",2,42,"060605A",FALSE,0.679427896612119,3.78,0.584855077800291
"trainall",2,43,"060607A",FALSE,0.610116955411928,3.0749,0.526699415292845
"trainall",2,44,"060707A",FALSE,0.645913275033844,3.425,0.503839093159934
"trainall",2,45,"060708A",FALSE,0.465382851448418,1.92,0.455411881480529
"trainall",2,46,"060714A",FALSE,0.569490954348783,2.711,0.553406892945835
"trainall",2,47,"060729A",FALSE,0.187520720836463,0.54,0.309182650976306
"trainall",2,48,"060814A",FALSE,0.465813957269479,1.9229,0.462178511227187
"trainall",2,49,"060904B",FALSE,0.231214647962601,0.703,0.502285267450965
"trainall",2,50,"060906A",FALSE,0.670802284260944,3.686,0.635401767094495
"trainall",2,51,"060908A",FALSE,0.459935016851525,1.8836,0.481435799321447
"trainall",2,52,"060912A",FALSE,0.287129620719111,0.937,0.427212938069276
"trainall",2,53,"060926A",FALSE,0.6232492903979,3.2,0.585294409530474
"trainall",2,54,"060927A",FALSE,0.8109042806687,5.47,0.59347702120271
"trainall",2,55,"061007A",TRUE,0.354108439147401,1.26,0.444906487513843
"trainall",2,56,"061021A",FALSE,0.129141845792285,0.3463,0.393851780723033
"trainall",2,57,"061110A",FALSE,0.244969460136198,0.7578,0.455895423328664
"trainall",2,58,"061121A",FALSE,0.364363354615731,1.314,0.359279047773264
"trainall",2,59,"061126A",TRUE,0.334212409393176,1.1588,0.504336564603403
"trainall",2,60,"061222A",FALSE,0.489677291663699,2.088,0.494994474333785
"trainall",2,61,"070110A",FALSE,0.525304009958239,2.352,0.475465609501706
"trainall",2,62,"070125A",TRUE,0.406540180433955,1.55,0.387157444629255
"trainall",2,63,"070208A",FALSE,0.335457900689384,1.165,0.547720265010898
"trainall",2,64,"070223A",FALSE,0.419873175149476,1.6295,0.494786740197845
"trainall",2,65,"070306A",FALSE,0.397227181043161,1.4959,0.520442008633697
"trainall",2,66,"070411A",TRUE,0.59659709562646,2.95,0.596126943731734
"trainall",2,67,"070508A",FALSE,0.260071387985075,0.82,0.418798029537676
"trainall",2,68,"070521A",FALSE,0.489466281303128,2.0865,0.539709058468237
"trainall",2,69,"070529A",FALSE,0.544018407858776,2.4996,0.655974319102796
"trainall",2,70,"070612A",TRUE,0.222976449893391,0.671,0.387268683763201
"trainall",2,71,"070714B",FALSE,0.28397928423848,0.923,0.562227540053452
"trainall",2,72,"070721B",FALSE,0.6652056284346,3.626,0.576305194404423
"trainall",2,73,"070802A",FALSE,0.537819095073274,2.45,0.516541438951967
"trainall",2,74,"070810A",FALSE,0.501059262217751,2.17,0.522087978470531
"trainall",2,75,"071003A",FALSE,0.415699348887829,1.60435,0.397467138434063
"trainall",2,76,"071010A",TRUE,0.298853076409707,0.99,0.593338557473095
"trainall",2,77,"071010B",TRUE,0.289365951520032,0.947,0.394478672192753
"trainall",2,78,"071020A",FALSE,0.497620649781288,2.145,0.356772550102226
"trainall",2,79,"071025A",TRUE,0.778151250383644,5,0.563349780991389
"trainall",2,80,"071112C",TRUE,0.260071387985075,0.82,0.36300200122766
"trainall",2,81,"071117A",FALSE,0.367542273520577,1.331,0.469459964285746
"trainall",2,82,"080310A",FALSE,0.534026106056135,2.42,0.487682479097066
"trainall",2,83,"080319B",FALSE,0.287129620719111,0.937,0.39717889816242
"trainall",2,84,"080319C",FALSE,0.469822015978163,1.95,0.356944689283209
"trainall",2,85,"080330A",TRUE,0.399673721481038,1.51,0.407137819702553
"trainall",2,86,"080411A",FALSE,0.307496037913213,1.03,0.274682447753013
"trainall",2,87,"080430A",FALSE,0.247236549506764,0.767,0.385389568880607
"trainall",2,88,"080516A",FALSE,0.6232492903979,3.2,0.397810860621281
"trainall",2,89,"080603A",TRUE,0.429752280002408,1.69,0.401028004614733
"trainall",2,90,"080603B",TRUE,0.566943971856554,2.6893,0.415220754625078
"trainall",2,91,"080607A",FALSE,0.605951157564873,3.036,0.522820190340461
"trainall",2,92,"080710A",FALSE,0.265996370495079,0.845,0.48310113240477
"trainall",2,93,"080721A",FALSE,0.555215405126073,2.591,0.388871155588206
"trainall",2,94,"080810A",FALSE,0.638489256954637,3.35,0.465768547549219
"trainall",2,95,"080905B",FALSE,0.528145078253106,2.374,0.525049276680671
"trainall",2,96,"080916A",FALSE,0.227552503379865,0.6887,0.44242725925403
"trainall",2,97,"080928A",FALSE,0.430075055551939,1.692,0.510096444979237
"trainall",2,98,"081007A",FALSE,0.184549481320698,0.5295,0.339801893036294
"trainall",2,99,"081008A",FALSE,0.472537053262077,1.9685,0.526038413207601
"trainall",2,100,"081028A",FALSE,0.60616631460762,3.038,0.509444442364053
"trainall",2,101,"081029A",FALSE,0.685553652846326,3.8479,0.533039924212579
"trainall",2,102,"081109A",TRUE,0.296665190261531,0.98,0.575438906432849
"trainall",2,103,"081203A",FALSE,0.491361693834273,2.1,0.490540710237203
"trainall",2,104,"081221A",FALSE,0.513217600067939,2.26,0.391714798088581
"trainall",2,105,"081228A",TRUE,0.64738297011462,3.44,0.517625379041179
"trainall",2,106,"081230A",FALSE,0.491361693834273,2.1,0.492775997458843
"trainall",2,107,"090102A",FALSE,0.406028944963615,1.547,0.390865471742522
"trainall",2,108,"090205A",FALSE,0.752025387323213,4.6497,0.482604892657025
"trainall",2,109,"090313A",TRUE,0.6414741105041,3.38,0.476550377288822
"trainall",2,110,"090418A",FALSE,0.416307587059883,1.608,0.546469908288494
"trainall",2,111,"090423A",FALSE,0.966610986681934,8.26,0.708201322876261
"trainall",2,112,"090424A",FALSE,0.188647295999717,0.544,0.374491944752267
"trainall",2,113,"090516A",FALSE,0.708335902682263,4.109,0.51377110847892
"trainall",2,114,"090519A",FALSE,0.685741738602264,3.85,0.828236478186228
"trainall",2,115,"090529A",FALSE,0.559308010907013,2.625,0.442382270231784
"trainall",2,116,"090530A",FALSE,0.355259905527378,1.266,0.438282809147373
"trainall",2,117,"090618A",FALSE,0.187520720836463,0.54,0.308424516838422
"trainall",2,118,"090726A",TRUE,0.569373909615046,2.71,0.390531228530805
"trainall",2,119,"090809A",FALSE,0.572523097849638,2.737,0.550317850571407
"trainall",2,120,"090812A",FALSE,0.538070787043172,2.452,0.508908450138975
"trainall",2,121,"090927A",FALSE,0.374748346010104,1.37,0.367438323658102
"trainall",2,122,"091018A",FALSE,0.294686624279443,0.971,0.342225605078481
"trainall",2,123,"091020A",FALSE,0.432969290874406,1.71,0.443765538413172
"trainall",2,124,"091024A",TRUE,0.320146286111054,1.09,0.461285218858683
"trainall",2,125,"091029A",FALSE,0.574262829707027,2.752,0.465591437911092
"trainall",2,126,"091109A",FALSE,0.610234175334389,3.076,0.550436973370977
"trainall",2,127,"091127A",FALSE,0.173186268412274,0.49,0.212365066286181
"trainall",2,128,"091208B",FALSE,0.314499227973151,1.063,0.39822711468045
"trainall",2,129,"100219A",FALSE,0.753330221324521,4.6667,0.525379059580961
"trainall",2,130,"100316B",FALSE,0.338456493604605,1.18,0.49751673267299
"trainall",2,131,"100316D",TRUE,0.0253058652647703,0.06,0.318836113240014
"trainall",2,132,"100418A",FALSE,0.21045229296202,0.6235,0.489772660390668
"trainall",2,133,"100425A",FALSE,0.440121603187804,1.755,0.461498077530105
"trainall",2,134,"100508A",TRUE,0.181872159010334,0.5201,0.386183163521365
"trainall",2,135,"100513A",FALSE,0.761326322421457,4.772,0.593805149093472
"trainall",2,136,"100704A",FALSE,0.662757831681574,3.6,0.417179934133784
"trainall",2,137,"100728A",FALSE,0.409425868671443,1.567,0.394519929065805
"trainall",2,138,"100814A",FALSE,0.387389826338729,1.44,0.289586203894534
"trainall",2,139,"100816A",FALSE,0.256236533205923,0.804,0.370663906000101
"trainall",2,140,"100901A",FALSE,0.381656482585787,1.408,0.4522511778463
"trainall",2,141,"100906A",FALSE,0.43568513794163,1.727,0.394276357540705
"trainall",2,142,"101219B",FALSE,0.190331698170291,0.55,0.39474111318014
"trainall",2,143,"110106B",FALSE,0.208978517276253,0.618,0.439709134954498
"trainall",2,144,"110205A",TRUE,0.506505032404872,2.21,0.44970778251959
"trainall",2,145,"110213A",FALSE,0.390935107103379,1.46,0.438162812042092
"trainall",2,146,"110422A",FALSE,0.442479769064449,1.77,0.42768812385797
"trainall",2,147,"110503A",FALSE,0.417139409727326,1.613,0.460569280361654
"trainall",2,148,"110715A",FALSE,0.260071387985075,0.82,0.445644676941712
"trainall",2,149,"110726A",TRUE,0.308777773664721,1.036,0.443011226349656
"trainall",2,150,"110731A",FALSE,0.583198773968623,2.83,0.447033795803154
"trainall",2,151,"110801A",TRUE,0.456062224454951,1.858,0.589033394232632
"trainall",2,152,"110808A",FALSE,0.370698092575577,1.348,0.506215627789453
"trainall",2,153,"110818A",FALSE,0.639486489268586,3.36,0.609624320791266
"trainall",2,154,"111107A",TRUE,0.590284403718162,2.893,0.521062907624563
"trainall",2,155,"111123A",FALSE,0.618215503279417,3.1516,0.504424182204076
"trainall",2,156,"111209A",FALSE,0.224533062606086,0.677,0.598726171429098
"trainall",2,157,"111228A",FALSE,0.234010817587179,0.714,0.281969467023612
"trainall",2,158,"120118B",FALSE,0.595826777073223,2.943,0.412977987779324
"trainall",2,159,"120119A",TRUE,0.612783856719735,3.1,0.599494724538316
"trainall",2,160,"120327A",FALSE,0.581266805273671,2.813,0.563524300011832
"trainall",2,161,"120404A",FALSE,0.588383768378728,2.876,0.559201831769772
"trainall",2,162,"120422A",FALSE,0.108226656374928,0.283,0.539089739450227
"trainall",2,163,"120711A",TRUE,0.381115080709851,1.405,0.486890456893394
"trainall",2,164,"120729A",FALSE,0.255272505103306,0.8,0.477394454734833
"trainall",2,165,"120802A",FALSE,0.680879174426811,3.796,0.505152596353831
"trainall",2,166,"120811C",FALSE,0.564784384503987,2.671,0.488024868944421
"trainall",2,167,"120815A",TRUE,0.526339277389844,2.36,0.384430682002059
"trainall",2,168,"120907A",FALSE,0.294466226161593,0.97,0.402542929254005
"trainall",2,169,"120922A",FALSE,0.612783856719735,3.1,0.49285900485472
"trainall",2,170,"121024A",FALSE,0.5182506513085,2.298,0.525792576107131
"trainall",2,171,"121027A",FALSE,0.442949869577862,1.773,0.489509747810748
"trainall",2,172,"121128A",FALSE,0.505149978319906,2.2,0.444982224980811
"trainall",2,173,"121211A",FALSE,0.305995882770805,1.023,0.444809959906545
"trainall",2,174,"121217A",TRUE,0.612783856719735,3.1,0.499090954643422
"trainall",2,175,"130215A",TRUE,0.204119982655925,0.6,0.476470687406713
"trainall",2,176,"130408A",FALSE,0.677333151419902,3.757,0.471533435733265
"trainall",2,177,"130418A",FALSE,0.345961541813141,1.218,0.436580109378202
"trainall",2,178,"130420A",FALSE,0.361160995195026,1.297,0.413370620282349
"trainall",2,179,"130427A",TRUE,0.127104798364808,0.34,0.448776369147544
"trainall",2,180,"130505A",FALSE,0.514547752660286,2.27,0.314512925120031
"trainall",2,181,"130511A",FALSE,0.362350507594848,1.3033,0.510856564110952
"trainall",2,182,"130514A",FALSE,0.662757831681574,3.6,0.452374040124365
"trainall",2,183,"130604A",FALSE,0.313867220369153,1.06,0.429249679831007
"trainall",2,184,"130606A",FALSE,0.839666556882433,5.913,0.473390328791912
"trainall",2,185,"130831A",FALSE,0.16999753706657,0.4791,0.378878920437851
"trainall",2,186,"130925A",FALSE,0.129367595722986,0.347,0.270485086283273
"trainall",2,187,"131030A",FALSE,0.36078268987328,1.295,0.356375929684377
"trainall",2,188,"131105A",FALSE,0.429106008332697,1.686,0.446236744490904
"trainall",2,189,"131117A",FALSE,0.702602841340427,4.042,0.548334349831918
"trainall",2,190,"140206A",FALSE,0.571708831808688,2.73,0.403208642218209
"trainall",2,191,"140213A",FALSE,0.343920385393226,1.2076,0.271752626781079
"trainall",2,192,"140419A",FALSE,0.695131297704026,3.956,0.487335498369103
"trainall",2,193,"140423A",FALSE,0.629409599102719,3.26,0.473336690184204
"trainall",2,194,"140430A",FALSE,0.414973347970818,1.6,0.396650419531991
"trainall",2,195,"140506A",FALSE,0.276231957921834,0.889,0.369485629285244
"trainall",2,196,"140509A",FALSE,0.531478917042255,2.4,0.547458355394399
"trainall",2,197,"140512A",FALSE,0.236789099409293,0.725,0.368064961873867
"trainall",2,198,"140518A",FALSE,0.756407872548958,4.707,0.710907718097254
"trainall",2,199,"140614A",FALSE,0.718750734739665,4.233,0.536527840297683
"trainall",2,200,"140629A",FALSE,0.515211304327802,2.275,0.403066004548942
"trainall",2,201,"140801A",TRUE,0.3654879848909,1.32,0.452040052760984
"trainall",2,202,"140907A",TRUE,0.344392273685111,1.21,0.401281243615848
"trainall",2,203,"141004A",FALSE,0.196728722623287,0.573,0.415889165416618
"trainall",2,204,"141121A",FALSE,0.392696953259666,1.47,0.586936904379797
"trainall",2,205,"141220A",FALSE,0.365394376854778,1.3195,0.445938039766359
"trainall",2,206,"141221A",TRUE,0.389166084364532,1.45,0.46862408293795
"trainall",2,207,"150120B",FALSE,0.653212513775344,3.5,0.485758117013486
"trainall",2,208,"150314A",FALSE,0.440594261839831,1.758,0.41232809739279
"trainall",2,209,"150323A",TRUE,0.202215775801131,0.593,0.405488287739901
"trainall",2,210,"150403A",FALSE,0.48572142648158,2.06,0.388917871856404
"trainall",2,211,"150821A",FALSE,0.244277120801843,0.755,0.516797467648439
"trainall",2,212,"150910A",FALSE,0.372727940885595,1.359,0.449120479840513
"trainall",2,213,"151021A",FALSE,0.52244423350632,2.33,0.479851626124988
"trainall",2,214,"151027A",FALSE,0.257678574869184,0.81,0.374755901616209
"trainall",2,215,"151029A",FALSE,0.384353414137506,1.423,0.611761773885577
"trainall",2,216,"151031A",FALSE,0.335858911319818,1.167,0.546255534136389
"trainall",2,217,"151215A",FALSE,0.555094448578319,2.59,0.541676714403496
"trainall",2,218,"160117B",FALSE,0.271841606536499,0.87,0.517632889832929
"trainall",2,219,"160121A",FALSE,0.471291711058939,1.96,0.469210012707958
"trainall",2,220,"160131A",TRUE,0.294906910605192,0.972,0.400670536458674
"trainall",2,221,"160203A",FALSE,0.655138434811382,3.52,0.592018516106398
"trainall",2,222,"160227A",FALSE,0.528916700277655,2.38,0.475058343885437
"trainall",2,223,"160314A",TRUE,0.237040791379191,0.726,0.429401231793029
"trainall",2,224,"160327A",FALSE,0.777426822389311,4.99,0.520030488006007
"trainall",2,225,"160425A",TRUE,0.191730393362856,0.555,0.375146071637203
"trainall",2,226,"160804A",FALSE,0.239549720840473,0.736,0.383139607510771
"trainall",2,227,"161014A",TRUE,0.582404298019028,2.823,0.495822410480536
"trainall",2,228,"161023A",TRUE,0.569373909615046,2.71,0.471244769101301
"trainall",2,229,"161108A",FALSE,0.334252642334231,1.159,0.411386911782869
"trainall",2,230,"161117A",FALSE,0.406369835469268,1.549,0.414350632235748
"trainall",2,231,"161129A",FALSE,0.216165902285993,0.645,0.466607724713478
"trainall",2,232,"161219B",FALSE,0.0597526942092988,0.1475,0.28328109284583
"trainall",2,233,"170113A",TRUE,0.472463896606989,1.968,0.582430680487144
"trainall",2,234,"170202A",FALSE,0.666985718329661,3.645,0.449227889895324
"trainall",2,235,"170405A",FALSE,0.65417654187796,3.51,0.487405800181357
"trainall",2,236,"170519A",FALSE,0.259593878885949,0.818,0.49885134591694
"trainall",2,237,"170531B",FALSE,0.527114111639805,2.366,0.579535694486307
"trainall",2,238,"170604A",TRUE,0.367169488534681,1.329,0.422329387789915
"trainall",2,239,"170607A",TRUE,0.19228861256812,0.557,0.444694360026749
"trainall",2,240,"170705A",FALSE,0.478566495593843,2.01,0.326403405752564
"trainall",2,241,"170714A",FALSE,0.253580289562183,0.793,0.378123486464148
"trainall",2,242,"170903A",FALSE,0.27554168840131,0.886,0.378407282133529
"trainall",2,243,"171222A",FALSE,0.532627001228891,2.409,0.348635362740136
"trainall",2,244,"180115A",TRUE,0.542451947375977,2.487,0.479506630821902
"trainall",2,245,"180205A",FALSE,0.381836799998343,1.409,0.39568470629314
"trainall",2,246,"180325A",TRUE,0.511616020569138,2.248,0.453794574227304
"trainall",2,247,"180329B",FALSE,0.476831628512261,1.998,0.540003213576798
"trainall",2,248,"180404A",FALSE,0.301029995663981,1,0.491730698423878
"trainall",2,249,"180620B",FALSE,0.325823419002744,1.1175,0.378224381288003
"trainall",2,250,"180624A",FALSE,0.586024382386976,2.855,0.461048164225672
"trainall",2,251,"180720B",FALSE,0.218535505216528,0.654,0.261380062290034
"trainall",2,252,"180728A",FALSE,0.0480531731156091,0.117,0.189196666786195
"trainall",2,253,"181010A",FALSE,0.378397900948138,1.39,0.528848743368171
"trainall",2,254,"181020A",FALSE,0.595275711802099,2.938,0.310270965172349
"trainall",2,255,"181110A",FALSE,0.398807730203264,1.505,0.445730074662774
"trainall",2,256,"181201A",TRUE,0.161368002234975,0.45,0.369651931424292
"trainall",2,257,"190106A",FALSE,0.456214155357989,1.859,0.550477802142875
"trainall",2,258,"190114A",FALSE,0.641126932803509,3.3765,0.469548745489789
"trainall",2,259,"190719C",FALSE,0.54020429984206,2.469,0.317935779514865
"trainall",2,260,"190829A",FALSE,0.0328201494385639,0.0785,0.290375953076746
"trainall",2,261,"191011A",FALSE,0.434888120867316,1.722,0.499342596387351
"trainall",2,262,"191221B",FALSE,0.332034277027518,1.148,0.43018255308092
"trainall",2,263,"200205B",FALSE,0.391816923613249,1.465,0.640926634549371
"trainall",2,264,"200613A",TRUE,0.347427598618541,1.2255,0.382732280948345
"trainall",2,265,"200829A",FALSE,0.352182518111362,1.25,0.334654369313405
"trainall",2,266,"201015A",TRUE,0.154119525515847,0.426,0.466161739972629
"trainall",2,267,"201020A",FALSE,0.591398551281249,2.903,0.381733233060941
"trainall",2,268,"201021C",TRUE,0.315970345456918,1.07,0.368253458625642
"trainall",2,269,"201104B",FALSE,0.470410490975931,1.954,0.454995740064377
"trainall",2,270,"201221A",FALSE,0.826074802700826,5.7,0.77236949214948
"trainall",2,271,"210204A",TRUE,0.273232834043046,0.876,0.408646179683697
"trainall",2,272,"210210A",FALSE,0.234264124378789,0.715,0.342723577753485
"trainall",2,273,"210222B",FALSE,0.504878459410216,2.198,0.437458688564896
"trainall",2,274,"210411C",FALSE,0.582744965691277,2.826,0.322131285261664
"trainall",2,275,"210517A",FALSE,0.542327382773974,2.486,0.425650224539704
"trainall",2,276,"210610A",FALSE,0.657055852857104,3.54,0.407368380180981
"trainall",2,277,"210610B",FALSE,0.328379603438738,1.13,0.372586670590847
"trainall",2,278,"210619B",FALSE,0.4679039465228,1.937,0.268698138561962
"trainall",2,279,"210722A",FALSE,0.331427296520743,1.145,0.453113594434179
"trainall",2,280,"210731A",FALSE,0.352664799651101,1.2525,0.469782137089348
"trainall",2,281,"210822A",FALSE,0.437116093048079,1.736,0.344611258142905
"trainall",2,282,"211024B",FALSE,0.325043347403704,1.1137,0.383839223504369
"trainall",2,283,"220117A",FALSE,0.775319121829478,4.961,0.432192020835302
"trainall",2,284,"220611A",FALSE,0.526442668529935,2.3608,0.554276737081326
"trainall",2,285,"230116D",FALSE,0.682145076373832,3.81,0.515728596138537
"trainall",2,286,"230325A",FALSE,0.425534220498263,1.664,0.522025259622128
"trainall",2,287,"230414B",FALSE,0.659726095237792,3.568,0.545648091032733
"trainall",2,288,"230506C",FALSE,0.672097857935718,3.7,0.376889697316821
"trainall",2,289,"230818A",FALSE,0.534026106056135,2.42,0.422900611335001
"trainall",2,290,"231210B",FALSE,0.615950051656401,3.13,0.444963427206692
"trainall",2,291,"970508A",TRUE,0.262451089730429,0.83,0.461140945064243
"trainall",3,1,"000926A",TRUE,0.482873583608754,2.04,0.394219874482781
"trainall",3,2,"011211A",TRUE,0.496929648073215,2.14,0.549505408820026
"trainall",3,3,"020124A",TRUE,0.623042434246382,3.198,0.444694476999571
"trainall",3,4,"021004A",TRUE,0.523746466811564,2.34,0.435593868962627
"trainall",3,5,"030226A",TRUE,0.47567118832443,1.99,0.381816215150886
"trainall",3,6,"030329A",TRUE,0.0681858617461616,0.17,0.275776697559202
"trainall",3,7,"050315A",FALSE,0.469674772551798,1.949,0.356094048921964
"trainall",3,8,"050318A",FALSE,0.387389826338729,1.44,0.437825386584258
"trainall",3,9,"050319A",FALSE,0.627365856592733,3.24,0.38833909909185
"trainall",3,10,"050401A",FALSE,0.591064607026499,2.9,0.398209387467255
"trainall",3,11,"050416A",FALSE,0.218220304175545,0.6528,0.264165532018682
"trainall",3,12,"050502A",TRUE,0.680335513414563,3.79,0.529914805138492
"trainall",3,13,"050502B",TRUE,0.680607428991788,3.793,0.527454589669055
"trainall",3,14,"050505A",FALSE,0.721810615212547,4.27,0.530986545182164
"trainall",3,15,"050525A",TRUE,0.20682587603185,0.61,0.416810046966833
"trainall",3,16,"050603A",TRUE,0.582063362911709,2.82,0.399939917191725
"trainall",3,17,"050730A",FALSE,0.696094159995223,3.967,0.434869624188764
"trainall",3,18,"050801A",TRUE,0.40823996531185,1.56,0.469020028702808
"trainall",3,19,"050802A",FALSE,0.433001340945038,1.7102,0.387465068778387
"trainall",3,20,"050803A",FALSE,0.653212513775344,3.5,0.442676722289704
"trainall",3,21,"050820A",FALSE,0.558072259099146,2.6147,0.381672424677136
"trainall",3,22,"050824A",FALSE,0.261928672990642,0.8278,0.254374450936523
"trainall",3,23,"050904A",FALSE,0.862727528317975,6.29,0.567100065753415
"trainall",3,24,"050908A",TRUE,0.637489729512511,3.34,0.375959569007075
"trainall",3,25,"050922C",FALSE,0.504878459410216,2.198,0.416819496157154
"trainall",3,26,"051016B",FALSE,0.286995073968852,0.9364,0.399976583403178
"trainall",3,27,"051028A",TRUE,0.662757831681574,3.6,0.44187723366992
"trainall",3,28,"051109A",FALSE,0.524525936626376,2.346,0.42822633066218
"trainall",3,29,"051111A",TRUE,0.406540180433955,1.55,0.362695581384614
"trainall",3,30,"060115A",FALSE,0.656098202012832,3.53,0.537778298247504
"trainall",3,31,"060124A",FALSE,0.517987203025078,2.296,0.417294856721384
"trainall",3,32,"060206A",FALSE,0.703119346236078,4.048,0.498160947880694
"trainall",3,33,"060210A",FALSE,0.691081492122968,3.91,0.462080029274898
"trainall",3,34,"060223A",FALSE,0.73319726510657,4.41,0.663782115933
"trainall",3,35,"060306A",FALSE,0.408070285887185,1.559,0.381820573996217
"trainall",3,36,"060418A",FALSE,0.396024896608593,1.489,0.42773995234418
"trainall",3,37,"060502A",FALSE,0.398391440229475,1.5026,0.465597382129653
"trainall",3,38,"060510B",FALSE,0.770852011642144,4.9,0.555254767191654
"trainall",3,39,"060512A",TRUE,0.15836249209525,0.44,0.452396828835211
"trainall",3,40,"060526A",FALSE,0.625415352154408,3.221,0.443606720097544
"trainall",3,41,"060604A",FALSE,0.496334505996816,2.1357,0.525342099258468
"trainall",3,42,"060605A",FALSE,0.679427896612119,3.78,0.522562539155906
"trainall",3,43,"060607A",FALSE,0.610116955411928,3.0749,0.507805474690068
"trainall",3,44,"060707A",FALSE,0.645913275033844,3.425,0.43446022154929
"trainall",3,45,"060708A",FALSE,0.465382851448418,1.92,0.434751470559496
"trainall",3,46,"060714A",FALSE,0.569490954348783,2.711,0.521165838092722
"trainall",3,47,"060729A",FALSE,0.187520720836463,0.54,0.303467182017678
"trainall",3,48,"060814A",FALSE,0.465813957269479,1.9229,0.431692350506217
"trainall",3,49,"060904B",FALSE,0.231214647962601,0.703,0.544492250172666
"trainall",3,50,"060906A",FALSE,0.670802284260944,3.686,0.632089947702713
"trainall",3,51,"060908A",FALSE,0.459935016851525,1.8836,0.520907034168733
"trainall",3,52,"060912A",FALSE,0.287129620719111,0.937,0.358727451699227
"trainall",3,53,"060926A",FALSE,0.6232492903979,3.2,0.579657185473472
"trainall",3,54,"060927A",FALSE,0.8109042806687,5.47,0.655660728751319
"trainall",3,55,"061007A",TRUE,0.354108439147401,1.26,0.427015188885223
"trainall",3,56,"061021A",FALSE,0.129141845792285,0.3463,0.393343178989202
"trainall",3,57,"061110A",FALSE,0.244969460136198,0.7578,0.478494571502608
"trainall",3,58,"061121A",FALSE,0.364363354615731,1.314,0.354251683379202
"trainall",3,59,"061126A",TRUE,0.334212409393176,1.1588,0.566281781008953
"trainall",3,60,"061222A",FALSE,0.489677291663699,2.088,0.492612896146987
"trainall",3,61,"070110A",FALSE,0.525304009958239,2.352,0.50523237576361
"trainall",3,62,"070125A",TRUE,0.406540180433955,1.55,0.418699095237598
"trainall",3,63,"070208A",FALSE,0.335457900689384,1.165,0.559645076308739
"trainall",3,64,"070223A",FALSE,0.419873175149476,1.6295,0.515455445483493
"trainall",3,65,"070306A",FALSE,0.397227181043161,1.4959,0.591317913665075
"trainall",3,66,"070411A",TRUE,0.59659709562646,2.95,0.617665422957568
"trainall",3,67,"070508A",FALSE,0.260071387985075,0.82,0.424728892538113
"trainall",3,68,"070521A",FALSE,0.489466281303128,2.0865,0.526967054780745
"trainall",3,69,"070529A",FALSE,0.544018407858776,2.4996,0.753983643660605
"trainall",3,70,"070612A",TRUE,0.222976449893391,0.671,0.374435227525087
"trainall",3,71,"070714B",FALSE,0.28397928423848,0.923,0.579184348769077
"trainall",3,72,"070721B",FALSE,0.6652056284346,3.626,0.457912754944745
"trainall",3,73,"070802A",FALSE,0.537819095073274,2.45,0.537293594778659
"trainall",3,74,"070810A",FALSE,0.501059262217751,2.17,0.527806776730625
"trainall",3,75,"071003A",FALSE,0.415699348887829,1.60435,0.371159564705885
"trainall",3,76,"071010A",TRUE,0.298853076409707,0.99,0.573941101090683
"trainall",3,77,"071010B",TRUE,0.289365951520032,0.947,0.385679782075931
"trainall",3,78,"071020A",FALSE,0.497620649781288,2.145,0.29294782563807
"trainall",3,79,"071025A",TRUE,0.778151250383644,5,0.559071872542235
"trainall",3,80,"071112C",TRUE,0.260071387985075,0.82,0.347652413304387
"trainall",3,81,"071117A",FALSE,0.367542273520577,1.331,0.493578143691873
"trainall",3,82,"080310A",FALSE,0.534026106056135,2.42,0.47830627311692
"trainall",3,83,"080319B",FALSE,0.287129620719111,0.937,0.303755122126492
"trainall",3,84,"080319C",FALSE,0.469822015978163,1.95,0.381351819469555
"trainall",3,85,"080330A",TRUE,0.399673721481038,1.51,0.420288760071636
"trainall",3,86,"080411A",FALSE,0.307496037913213,1.03,0.271912609705027
"trainall",3,87,"080430A",FALSE,0.247236549506764,0.767,0.313728994755889
"trainall",3,88,"080516A",FALSE,0.6232492903979,3.2,0.467937921316186
"trainall",3,89,"080603A",TRUE,0.429752280002408,1.69,0.459563208657839
"trainall",3,90,"080603B",TRUE,0.566943971856554,2.6893,0.384117582317629
"trainall",3,91,"080607A",FALSE,0.605951157564873,3.036,0.505388438793377
"trainall",3,92,"080710A",FALSE,0.265996370495079,0.845,0.528965724376585
"trainall",3,93,"080721A",FALSE,0.555215405126073,2.591,0.375185607220953
"trainall",3,94,"080810A",FALSE,0.638489256954637,3.35,0.450050076872265
"trainall",3,95,"080905B",FALSE,0.528145078253106,2.374,0.640945900302291
"trainall",3,96,"080916A",FALSE,0.227552503379865,0.6887,0.463109220490065
"trainall",3,97,"080928A",FALSE,0.430075055551939,1.692,0.536986686227853
"trainall",3,98,"081007A",FALSE,0.184549481320698,0.5295,0.346592641861522
"trainall",3,99,"081008A",FALSE,0.472537053262077,1.9685,0.515012306879433
"trainall",3,100,"081028A",FALSE,0.60616631460762,3.038,0.513416379757588
"trainall",3,101,"081029A",FALSE,0.685553652846326,3.8479,0.532719164216174
"trainall",3,102,"081109A",TRUE,0.296665190261531,0.98,0.57369610313424
"trainall",3,103,"081203A",FALSE,0.491361693834273,2.1,0.505845532044075
"trainall",3,104,"081221A",FALSE,0.513217600067939,2.26,0.395368470190542
"trainall",3,105,"081228A",TRUE,0.64738297011462,3.44,0.530685229228629
"trainall",3,106,"081230A",FALSE,0.491361693834273,2.1,0.487346093702352
"trainall",3,107,"090102A",FALSE,0.406028944963615,1.547,0.417229498996727
"trainall",3,108,"090205A",FALSE,0.752025387323213,4.6497,0.498064469680452
"trainall",3,109,"090313A",TRUE,0.6414741105041,3.38,0.461985335102855
"trainall",3,110,"090418A",FALSE,0.416307587059883,1.608,0.535265236701268
"trainall",3,111,"090423A",FALSE,0.966610986681934,8.26,0.67602875660024
"trainall",3,112,"090424A",FALSE,0.188647295999717,0.544,0.340723422890821
"trainall",3,113,"090516A",FALSE,0.708335902682263,4.109,0.580682401906398
"trainall",3,114,"090519A",FALSE,0.685741738602264,3.85,0.846260763230185
"trainall",3,115,"090529A",FALSE,0.559308010907013,2.625,0.475532298117092
"trainall",3,116,"090530A",FALSE,0.355259905527378,1.266,0.407487054377068
"trainall",3,117,"090618A",FALSE,0.187520720836463,0.54,0.309144947949255
"trainall",3,118,"090726A",TRUE,0.569373909615046,2.71,0.361959492528787
"trainall",3,119,"090809A",FALSE,0.572523097849638,2.737,0.4534627685327
"trainall",3,120,"090812A",FALSE,0.538070787043172,2.452,0.539772142125351
"trainall",3,121,"090927A",FALSE,0.374748346010104,1.37,0.410221166892102
"trainall",3,122,"091018A",FALSE,0.294686624279443,0.971,0.31381906917933
"trainall",3,123,"091020A",FALSE,0.432969290874406,1.71,0.47232344558714
"trainall",3,124,"091024A",TRUE,0.320146286111054,1.09,0.479535931616484
"trainall",3,125,"091029A",FALSE,0.574262829707027,2.752,0.47044243841512
"trainall",3,126,"091109A",FALSE,0.610234175334389,3.076,0.545060660280448
"trainall",3,127,"091127A",FALSE,0.173186268412274,0.49,0.20876857890085
"trainall",3,128,"091208B",FALSE,0.314499227973151,1.063,0.416573094721452
"trainall",3,129,"100219A",FALSE,0.753330221324521,4.6667,0.512196356046881
"trainall",3,130,"100316B",FALSE,0.338456493604605,1.18,0.453353393496926
"trainall",3,131,"100316D",TRUE,0.0253058652647703,0.06,0.298998374707016
"trainall",3,132,"100418A",FALSE,0.21045229296202,0.6235,0.302362438583013
"trainall",3,133,"100425A",FALSE,0.440121603187804,1.755,0.441820615219219
"trainall",3,134,"100508A",TRUE,0.181872159010334,0.5201,0.393518946662219
"trainall",3,135,"100513A",FALSE,0.761326322421457,4.772,0.614547783820738
"trainall",3,136,"100704A",FALSE,0.662757831681574,3.6,0.374909455760762
"trainall",3,137,"100728A",FALSE,0.409425868671443,1.567,0.452476572244072
"trainall",3,138,"100814A",FALSE,0.387389826338729,1.44,0.373621874086367
"trainall",3,139,"100816A",FALSE,0.256236533205923,0.804,0.413126544245475
"trainall",3,140,"100901A",FALSE,0.381656482585787,1.408,0.408641776264876
"trainall",3,141,"100906A",FALSE,0.43568513794163,1.727,0.397016962165834
"trainall",3,142,"101219B",FALSE,0.190331698170291,0.55,0.406456093412707
"trainall",3,143,"110106B",FALSE,0.208978517276253,0.618,0.452439289625106
"trainall",3,144,"110205A",TRUE,0.506505032404872,2.21,0.451379416274616
"trainall",3,145,"110213A",FALSE,0.390935107103379,1.46,0.434226903847512
"trainall",3,146,"110422A",FALSE,0.442479769064449,1.77,0.481578245786046
"trainall",3,147,"110503A",FALSE,0.417139409727326,1.613,0.397366390700482
"trainall",3,148,"110715A",FALSE,0.260071387985075,0.82,0.393307862715412
"trainall",3,149,"110726A",TRUE,0.308777773664721,1.036,0.444960134956378
"trainall",3,150,"110731A",FALSE,0.583198773968623,2.83,0.485047020006751
"trainall",3,151,"110801A",TRUE,0.456062224454951,1.858,0.515928706118969
"trainall",3,152,"110808A",FALSE,0.370698092575577,1.348,0.394756950090418
"trainall",3,153,"110818A",FALSE,0.639486489268586,3.36,0.606551224229237
"trainall",3,154,"111107A",TRUE,0.590284403718162,2.893,0.504204093692891
"trainall",3,155,"111123A",FALSE,0.618215503279417,3.1516,0.504736262871776
"trainall",3,156,"111209A",FALSE,0.224533062606086,0.677,0.540896327045145
"trainall",3,157,"111228A",FALSE,0.234010817587179,0.714,0.253354540431379
"trainall",3,158,"120118B",FALSE,0.595826777073223,2.943,0.399092838772341
"trainall",3,159,"120119A",TRUE,0.612783856719735,3.1,0.58680433617895
"trainall",3,160,"120327A",FALSE,0.581266805273671,2.813,0.568889358892893
"trainall",3,161,"120404A",FALSE,0.588383768378728,2.876,0.540351226431925
"trainall",3,162,"120422A",FALSE,0.108226656374928,0.283,0.404096702530975
"trainall",3,163,"120711A",TRUE,0.381115080709851,1.405,0.521676497329976
"trainall",3,164,"120729A",FALSE,0.255272505103306,0.8,0.497819270871881
"trainall",3,165,"120802A",FALSE,0.680879174426811,3.796,0.493053554026259
"trainall",3,166,"120811C",FALSE,0.564784384503987,2.671,0.456454809032522
"trainall",3,167,"120815A",TRUE,0.526339277389844,2.36,0.355122364558464
"trainall",3,168,"120907A",FALSE,0.294466226161593,0.97,0.395591237195443
"trainall",3,169,"120922A",FALSE,0.612783856719735,3.1,0.440177563141744
"trainall",3,170,"121024A",FALSE,0.5182506513085,2.298,0.535080324244219
"trainall",3,171,"121027A",FALSE,0.442949869577862,1.773,0.448609853948612
"trainall",3,172,"121128A",FALSE,0.505149978319906,2.2,0.446914843223313
"trainall",3,173,"121211A",FALSE,0.305995882770805,1.023,0.44926922648461
"trainall",3,174,"121217A",TRUE,0.612783856719735,3.1,0.497018460929116
"trainall",3,175,"130215A",TRUE,0.204119982655925,0.6,0.46516136269442
"trainall",3,176,"130408A",FALSE,0.677333151419902,3.757,0.52520191774325
"trainall",3,177,"130418A",FALSE,0.345961541813141,1.218,0.565760074364205
"trainall",3,178,"130420A",FALSE,0.361160995195026,1.297,0.441865857938295
"trainall",3,179,"130427A",TRUE,0.127104798364808,0.34,0.453576086464891
"trainall",3,180,"130505A",FALSE,0.514547752660286,2.27,0.316015950973512
"trainall",3,181,"130511A",FALSE,0.362350507594848,1.3033,0.488493456547192
"trainall",3,182,"130514A",FALSE,0.662757831681574,3.6,0.462135752516517
"trainall",3,183,"130604A",FALSE,0.313867220369153,1.06,0.461420022453143
"trainall",3,184,"130606A",FALSE,0.839666556882433,5.913,0.422203255817381
"trainall",3,185,"130831A",FALSE,0.16999753706657,0.4791,0.365665062380179
"trainall",3,186,"130925A",FALSE,0.129367595722986,0.347,0.216947717354596
"trainall",3,187,"131030A",FALSE,0.36078268987328,1.295,0.375770243640503
"trainall",3,188,"131105A",FALSE,0.429106008332697,1.686,0.431762514856641
"trainall",3,189,"131117A",FALSE,0.702602841340427,4.042,0.546434758415504
"trainall",3,190,"140206A",FALSE,0.571708831808688,2.73,0.426432296531808
"trainall",3,191,"140213A",FALSE,0.343920385393226,1.2076,0.286534849080211
"trainall",3,192,"140419A",FALSE,0.695131297704026,3.956,0.507812023647138
"trainall",3,193,"140423A",FALSE,0.629409599102719,3.26,0.447035437740595
"trainall",3,194,"140430A",FALSE,0.414973347970818,1.6,0.389282939064282
"trainall",3,195,"140506A",FALSE,0.276231957921834,0.889,0.318237679103714
"trainall",3,196,"140509A",FALSE,0.531478917042255,2.4,0.567484286529001
"trainall",3,197,"140512A",FALSE,0.236789099409293,0.725,0.357635387166176
"trainall",3,198,"140518A",FALSE,0.756407872548958,4.707,0.696052298950502
"trainall",3,199,"140614A",FALSE,0.718750734739665,4.233,0.520440780630392
"trainall",3,200,"140629A",FALSE,0.515211304327802,2.275,0.451926529658949
"trainall",3,201,"140801A",TRUE,0.3654879848909,1.32,0.422053045734867
"trainall",3,202,"140907A",TRUE,0.344392273685111,1.21,0.374787984541253
"trainall",3,203,"141004A",FALSE,0.196728722623287,0.573,0.450007659656242
"trainall",3,204,"141121A",FALSE,0.392696953259666,1.47,0.335937019036907
"trainall",3,205,"141220A",FALSE,0.365394376854778,1.3195,0.496951475355297
"trainall",3,206,"141221A",TRUE,0.389166084364532,1.45,0.521725133001919
"trainall",3,207,"150120B",FALSE,0.653212513775344,3.5,0.499320597442316
"trainall",3,208,"150314A",FALSE,0.440594261839831,1.758,0.398214539361067
"trainall",3,209,"150323A",TRUE,0.202215775801131,0.593,0.407656627874195
"trainall",3,210,"150403A",FALSE,0.48572142648158,2.06,0.403055582218292
"trainall",3,211,"150821A",FALSE,0.244277120801843,0.755,0.518076293526436
"trainall",3,212,"150910A",FALSE,0.372727940885595,1.359,0.439442187575943
"trainall",3,213,"151021A",FALSE,0.52244423350632,2.33,0.529792762258511
"trainall",3,214,"151027A",FALSE,0.257678574869184,0.81,0.365070142472999
"trainall",3,215,"151029A",FALSE,0.384353414137506,1.423,0.604381459995246
"trainall",3,216,"151031A",FALSE,0.335858911319818,1.167,0.457803503457455
"trainall",3,217,"151215A",FALSE,0.555094448578319,2.59,0.535763150312318
"trainall",3,218,"160117B",FALSE,0.271841606536499,0.87,0.439808155245816
"trainall",3,219,"160121A",FALSE,0.471291711058939,1.96,0.464069344102852
"trainall",3,220,"160131A",TRUE,0.294906910605192,0.972,0.450968740323534
"trainall",3,221,"160203A",FALSE,0.655138434811382,3.52,0.598291034953965
"trainall",3,222,"160227A",FALSE,0.528916700277655,2.38,0.508140070984139
"trainall",3,223,"160314A",TRUE,0.237040791379191,0.726,0.44972370901778
"trainall",3,224,"160327A",FALSE,0.777426822389311,4.99,0.530513312763729
"trainall",3,225,"160425A",TRUE,0.191730393362856,0.555,0.461004407798197
"trainall",3,226,"160804A",FALSE,0.239549720840473,0.736,0.347758425566333
"trainall",3,227,"161014A",TRUE,0.582404298019028,2.823,0.520194144879653
"trainall",3,228,"161023A",TRUE,0.569373909615046,2.71,0.545467811180599
"trainall",3,229,"161108A",FALSE,0.334252642334231,1.159,0.383573909193128
"trainall",3,230,"161117A",FALSE,0.406369835469268,1.549,0.395633811928553
"trainall",3,231,"161129A",FALSE,0.216165902285993,0.645,0.489308531809523
"trainall",3,232,"161219B",FALSE,0.0597526942092988,0.1475,0.264723575966506
"trainall",3,233,"170113A",TRUE,0.472463896606989,1.968,0.612268178687521
"trainall",3,234,"170202A",FALSE,0.666985718329661,3.645,0.426740484082888
"trainall",3,235,"170405A",FALSE,0.65417654187796,3.51,0.569354917679877
"trainall",3,236,"170519A",FALSE,0.259593878885949,0.818,0.503251192400063
"trainall",3,237,"170531B",FALSE,0.527114111639805,2.366,0.534925852523236
"trainall",3,238,"170604A",TRUE,0.367169488534681,1.329,0.440953796060219
"trainall",3,239,"170607A",TRUE,0.19228861256812,0.557,0.437758040482226
"trainall",3,240,"170705A",FALSE,0.478566495593843,2.01,0.324377726086201
"trainall",3,241,"170714A",FALSE,0.253580289562183,0.793,0.443835393578385
"trainall",3,242,"170903A",FALSE,0.27554168840131,0.886,0.376977544639138
"trainall",3,243,"171222A",FALSE,0.532627001228891,2.409,0.408743108384073
"trainall",3,244,"180115A",TRUE,0.542451947375977,2.487,0.505669340194546
"trainall",3,245,"180205A",FALSE,0.381836799998343,1.409,0.379040132185575
"trainall",3,246,"180325A",TRUE,0.511616020569138,2.248,0.4886583461153
"trainall",3,247,"180329B",FALSE,0.476831628512261,1.998,0.553898772963586
"trainall",3,248,"180404A",FALSE,0.301029995663981,1,0.471258416112511
"trainall",3,249,"180620B",FALSE,0.325823419002744,1.1175,0.372688358667315
"trainall",3,250,"180624A",FALSE,0.586024382386976,2.855,0.450706521572468
"trainall",3,251,"180720B",FALSE,0.218535505216528,0.654,0.259043683263843
"trainall",3,252,"180728A",FALSE,0.0480531731156091,0.117,0.199506451095429
"trainall",3,253,"181010A",FALSE,0.378397900948138,1.39,0.53157148786965
"trainall",3,254,"181020A",FALSE,0.595275711802099,2.938,0.256944157671166
"trainall",3,255,"181110A",FALSE,0.398807730203264,1.505,0.348714463285172
"trainall",3,256,"181201A",TRUE,0.161368002234975,0.45,0.33615911704173
"trainall",3,257,"190106A",FALSE,0.456214155357989,1.859,0.496988639098226
"trainall",3,258,"190114A",FALSE,0.641126932803509,3.3765,0.467669561460063
"trainall",3,259,"190719C",FALSE,0.54020429984206,2.469,0.286678058938744
"trainall",3,260,"190829A",FALSE,0.0328201494385639,0.0785,0.241166642347649
"trainall",3,261,"191011A",FALSE,0.434888120867316,1.722,0.502864123461877
"trainall",3,262,"191221B",FALSE,0.332034277027518,1.148,0.401586537824135
"trainall",3,263,"200205B",FALSE,0.391816923613249,1.465,0.630297629476442
"trainall",3,264,"200613A",TRUE,0.347427598618541,1.2255,0.366129559629469
"trainall",3,265,"200829A",FALSE,0.352182518111362,1.25,0.350280671500783
"trainall",3,266,"201015A",TRUE,0.154119525515847,0.426,0.479867918947576
"trainall",3,267,"201020A",FALSE,0.591398551281249,2.903,0.39380446264805
"trainall",3,268,"201021C",TRUE,0.315970345456918,1.07,0.366240915860092
"trainall",3,269,"201104B",FALSE,0.470410490975931,1.954,0.456853702796393
"trainall",3,270,"201221A",FALSE,0.826074802700826,5.7,0.623620472069672
"trainall",3,271,"210204A",TRUE,0.273232834043046,0.876,0.363723779259031
"trainall",3,272,"210210A",FALSE,0.234264124378789,0.715,0.39376870203085
"trainall",3,273,"210222B",FALSE,0.504878459410216,2.198,0.502340760924379
"trainall",3,274,"210411C",FALSE,0.582744965691277,2.826,0.412080116627653
"trainall",3,275,"210517A",FALSE,0.542327382773974,2.486,0.442730252040698
"trainall",3,276,"210610A",FALSE,0.657055852857104,3.54,0.414433870158021
"trainall",3,277,"210610B",FALSE,0.328379603438738,1.13,0.337638250572087
"trainall",3,278,"210619B",FALSE,0.4679039465228,1.937,0.340190802714602
"trainall",3,279,"210722A",FALSE,0.331427296520743,1.145,0.472220009679946
"trainall",3,280,"210731A",FALSE,0.352664799651101,1.2525,0.450807265167941
"trainall",3,281,"210822A",FALSE,0.437116093048079,1.736,0.300989318239638
"trainall",3,282,"211024B",FALSE,0.325043347403704,1.1137,0.374258073237845
"trainall",3,283,"220117A",FALSE,0.775319121829478,4.961,0.427656460980343
"trainall",3,284,"220611A",FALSE,0.526442668529935,2.3608,0.494611887265267
"trainall",3,285,"230116D",FALSE,0.682145076373832,3.81,0.565813218896918
"trainall",3,286,"230325A",FALSE,0.425534220498263,1.664,0.512679533498872
"trainall",3,287,"230414B",FALSE,0.659726095237792,3.568,0.508320821383008
"trainall",3,288,"230506C",FALSE,0.672097857935718,3.7,0.385249282960989
"trainall",3,289,"230818A",FALSE,0.534026106056135,2.42,0.473131571917258
"trainall",3,290,"231210B",FALSE,0.615950051656401,3.13,0.413549724500616
"trainall",3,291,"970508A",TRUE,0.262451089730429,0.83,0.563021397108369
"trainall",4,1,"000926A",TRUE,0.482873583608754,2.04,0.386705274338389
"trainall",4,2,"011211A",TRUE,0.496929648073215,2.14,0.557858186035206
"trainall",4,3,"020124A",TRUE,0.623042434246382,3.198,0.42242837282223
"trainall",4,4,"021004A",TRUE,0.523746466811564,2.34,0.414701100496679
"trainall",4,5,"030226A",TRUE,0.47567118832443,1.99,0.414368801196954
"trainall",4,6,"030329A",TRUE,0.0681858617461616,0.17,0.232871855812146
"trainall",4,7,"050315A",FALSE,0.469674772551798,1.949,0.409765647569729
"trainall",4,8,"050318A",FALSE,0.387389826338729,1.44,0.415204837350682
"trainall",4,9,"050319A",FALSE,0.627365856592733,3.24,0.427060411241748
"trainall",4,10,"050401A",FALSE,0.591064607026499,2.9,0.389949194827698
"trainall",4,11,"050416A",FALSE,0.218220304175545,0.6528,0.191166036988551
"trainall",4,12,"050502A",TRUE,0.680335513414563,3.79,0.518451814406214
"trainall",4,13,"050502B",TRUE,0.680607428991788,3.793,0.532761327652927
"trainall",4,14,"050505A",FALSE,0.721810615212547,4.27,0.538038021522943
"trainall",4,15,"050525A",TRUE,0.20682587603185,0.61,0.416791802050083
"trainall",4,16,"050603A",TRUE,0.582063362911709,2.82,0.376757024686178
"trainall",4,17,"050730A",FALSE,0.696094159995223,3.967,0.468029438289483
"trainall",4,18,"050801A",TRUE,0.40823996531185,1.56,0.389284200835805
"trainall",4,19,"050802A",FALSE,0.433001340945038,1.7102,0.402852530460482
"trainall",4,20,"050803A",FALSE,0.653212513775344,3.5,0.475962332748653
"trainall",4,21,"050820A",FALSE,0.558072259099146,2.6147,0.372112244236827
"trainall",4,22,"050824A",FALSE,0.261928672990642,0.8278,0.222860883885404
"trainall",4,23,"050904A",FALSE,0.862727528317975,6.29,0.565882489274775
"trainall",4,24,"050908A",TRUE,0.637489729512511,3.34,0.362580909897027
"trainall",4,25,"050922C",FALSE,0.504878459410216,2.198,0.392473749934208
"trainall",4,26,"051016B",FALSE,0.286995073968852,0.9364,0.357058059983742
"trainall",4,27,"051028A",TRUE,0.662757831681574,3.6,0.429547693567638
"trainall",4,28,"051109A",FALSE,0.524525936626376,2.346,0.409998534477209
"trainall",4,29,"051111A",TRUE,0.406540180433955,1.55,0.340207767574731
"trainall",4,30,"060115A",FALSE,0.656098202012832,3.53,0.543695309030689
"trainall",4,31,"060124A",FALSE,0.517987203025078,2.296,0.38292706904077
"trainall",4,32,"060206A",FALSE,0.703119346236078,4.048,0.524026139820149
"trainall",4,33,"060210A",FALSE,0.691081492122968,3.91,0.522243597099362
"trainall",4,34,"060223A",FALSE,0.73319726510657,4.41,0.621870769504346
"trainall",4,35,"060306A",FALSE,0.408070285887185,1.559,0.430639028220889
"trainall",4,36,"060418A",FALSE,0.396024896608593,1.489,0.452009440480993
"trainall",4,37,"060502A",FALSE,0.398391440229475,1.5026,0.445803578370875
"trainall",4,38,"060510B",FALSE,0.770852011642144,4.9,0.5503151043592
"trainall",4,39,"060512A",TRUE,0.15836249209525,0.44,0.446514196981377
"trainall",4,40,"060526A",FALSE,0.625415352154408,3.221,0.479805352872864
"trainall",4,41,"060604A",FALSE,0.496334505996816,2.1357,0.527215727553685
"trainall",4,42,"060605A",FALSE,0.679427896612119,3.78,0.548338805845474
"trainall",4,43,"060607A",FALSE,0.610116955411928,3.0749,0.519380125177195
"trainall",4,44,"060707A",FALSE,0.645913275033844,3.425,0.440050305301165
"trainall",4,45,"060708A",FALSE,0.465382851448418,1.92,0.46476447735005
"trainall",4,46,"060714A",FALSE,0.569490954348783,2.711,0.556360088879462
"trainall",4,47,"060729A",FALSE,0.187520720836463,0.54,0.322877823751858
"trainall",4,48,"060814A",FALSE,0.465813957269479,1.9229,0.443071833291884
"trainall",4,49,"060904B",FALSE,0.231214647962601,0.703,0.52147793027597
"trainall",4,50,"060906A",FALSE,0.670802284260944,3.686,0.645019685301274
"trainall",4,51,"060908A",FALSE,0.459935016851525,1.8836,0.47936682207384
"trainall",4,52,"060912A",FALSE,0.287129620719111,0.937,0.415425065850795
"trainall",4,53,"060926A",FALSE,0.6232492903979,3.2,0.619538026699317
"trainall",4,54,"060927A",FALSE,0.8109042806687,5.47,0.64154632062029
"trainall",4,55,"061007A",TRUE,0.354108439147401,1.26,0.385690424647527
"trainall",4,56,"061021A",FALSE,0.129141845792285,0.3463,0.410286014621442
"trainall",4,57,"061110A",FALSE,0.244969460136198,0.7578,0.459420771682315
"trainall",4,58,"061121A",FALSE,0.364363354615731,1.314,0.364801958252669
"trainall",4,59,"061126A",TRUE,0.334212409393176,1.1588,0.512556840887981
"trainall",4,60,"061222A",FALSE,0.489677291663699,2.088,0.525023006939298
"trainall",4,61,"070110A",FALSE,0.525304009958239,2.352,0.478334402426348
"trainall",4,62,"070125A",TRUE,0.406540180433955,1.55,0.426886945608942
"trainall",4,63,"070208A",FALSE,0.335457900689384,1.165,0.554300510257138
"trainall",4,64,"070223A",FALSE,0.419873175149476,1.6295,0.509473139903693
"trainall",4,65,"070306A",FALSE,0.397227181043161,1.4959,0.570622990977652
"trainall",4,66,"070411A",TRUE,0.59659709562646,2.95,0.573191221886785
"trainall",4,67,"070508A",FALSE,0.260071387985075,0.82,0.366969647659657
"trainall",4,68,"070521A",FALSE,0.489466281303128,2.0865,0.53762000339723
"trainall",4,69,"070529A",FALSE,0.544018407858776,2.4996,0.687466350399067
"trainall",4,70,"070612A",TRUE,0.222976449893391,0.671,0.385678656353222
"trainall",4,71,"070714B",FALSE,0.28397928423848,0.923,0.546270210138698
"trainall",4,72,"070721B",FALSE,0.6652056284346,3.626,0.511577498483271
"trainall",4,73,"070802A",FALSE,0.537819095073274,2.45,0.555646268348199
"trainall",4,74,"070810A",FALSE,0.501059262217751,2.17,0.520189138867239
"trainall",4,75,"071003A",FALSE,0.415699348887829,1.60435,0.385819521495972
"trainall",4,76,"071010A",TRUE,0.298853076409707,0.99,0.609218201851502
"trainall",4,77,"071010B",TRUE,0.289365951520032,0.947,0.436537141791678
"trainall",4,78,"071020A",FALSE,0.497620649781288,2.145,0.322743239969172
"trainall",4,79,"071025A",TRUE,0.778151250383644,5,0.576637335748069
"trainall",4,80,"071112C",TRUE,0.260071387985075,0.82,0.375355880883979
"trainall",4,81,"071117A",FALSE,0.367542273520577,1.331,0.468913784505571
"trainall",4,82,"080310A",FALSE,0.534026106056135,2.42,0.458721612246751
"trainall",4,83,"080319B",FALSE,0.287129620719111,0.937,0.310473938030582
"trainall",4,84,"080319C",FALSE,0.469822015978163,1.95,0.346439125315416
"trainall",4,85,"080330A",TRUE,0.399673721481038,1.51,0.437380601585656
"trainall",4,86,"080411A",FALSE,0.307496037913213,1.03,0.228549457406987
"trainall",4,87,"080430A",FALSE,0.247236549506764,0.767,0.379558373357928
"trainall",4,88,"080516A",FALSE,0.6232492903979,3.2,0.429154029196745
"trainall",4,89,"080603A",TRUE,0.429752280002408,1.69,0.406654957579166
"trainall",4,90,"080603B",TRUE,0.566943971856554,2.6893,0.424495804880207
"trainall",4,91,"080607A",FALSE,0.605951157564873,3.036,0.51732123677774
"trainall",4,92,"080710A",FALSE,0.265996370495079,0.845,0.516516751601932
"trainall",4,93,"080721A",FALSE,0.555215405126073,2.591,0.34147002713794
"trainall",4,94,"080810A",FALSE,0.638489256954637,3.35,0.478105376906437
"trainall",4,95,"080905B",FALSE,0.528145078253106,2.374,0.63371976825834
"trainall",4,96,"080916A",FALSE,0.227552503379865,0.6887,0.457808737648978
"trainall",4,97,"080928A",FALSE,0.430075055551939,1.692,0.505569434494985
"trainall",4,98,"081007A",FALSE,0.184549481320698,0.5295,0.303444324075887
"trainall",4,99,"081008A",FALSE,0.472537053262077,1.9685,0.537485996589813
"trainall",4,100,"081028A",FALSE,0.60616631460762,3.038,0.470530139551094
"trainall",4,101,"081029A",FALSE,0.685553652846326,3.8479,0.556676637554879
"trainall",4,102,"081109A",TRUE,0.296665190261531,0.98,0.548581850636642
"trainall",4,103,"081203A",FALSE,0.491361693834273,2.1,0.484247244550377
"trainall",4,104,"081221A",FALSE,0.513217600067939,2.26,0.394688080509096
"trainall",4,105,"081228A",TRUE,0.64738297011462,3.44,0.562619085789965
"trainall",4,106,"081230A",FALSE,0.491361693834273,2.1,0.481708343770103
"trainall",4,107,"090102A",FALSE,0.406028944963615,1.547,0.259152524239123
"trainall",4,108,"090205A",FALSE,0.752025387323213,4.6497,0.483566769486721
"trainall",4,109,"090313A",TRUE,0.6414741105041,3.38,0.459731235731208
"trainall",4,110,"090418A",FALSE,0.416307587059883,1.608,0.568874609731828
"trainall",4,111,"090423A",FALSE,0.966610986681934,8.26,0.660169214014101
"trainall",4,112,"090424A",FALSE,0.188647295999717,0.544,0.374487856069503
"trainall",4,113,"090516A",FALSE,0.708335902682263,4.109,0.529685333967965
"trainall",4,114,"090519A",FALSE,0.685741738602264,3.85,0.794040001061472
"trainall",4,115,"090529A",FALSE,0.559308010907013,2.625,0.467165499514975
"trainall",4,116,"090530A",FALSE,0.355259905527378,1.266,0.423525905111072
"trainall",4,117,"090618A",FALSE,0.187520720836463,0.54,0.310199711456651
"trainall",4,118,"090726A",TRUE,0.569373909615046,2.71,0.406424899180317
"trainall",4,119,"090809A",FALSE,0.572523097849638,2.737,0.454379825988063
"trainall",4,120,"090812A",FALSE,0.538070787043172,2.452,0.508828310184978
"trainall",4,121,"090927A",FALSE,0.374748346010104,1.37,0.39992149290643
"trainall",4,122,"091018A",FALSE,0.294686624279443,0.971,0.321069049911181
"trainall",4,123,"091020A",FALSE,0.432969290874406,1.71,0.440420160783556
"trainall",4,124,"091024A",TRUE,0.320146286111054,1.09,0.442355618294211
"trainall",4,125,"091029A",FALSE,0.574262829707027,2.752,0.4782044448377
"trainall",4,126,"091109A",FALSE,0.610234175334389,3.076,0.571465978668388
"trainall",4,127,"091127A",FALSE,0.173186268412274,0.49,0.235126866964392
"trainall",4,128,"091208B",FALSE,0.314499227973151,1.063,0.3932427082814
"trainall",4,129,"100219A",FALSE,0.753330221324521,4.6667,0.514572144719011
"trainall",4,130,"100316B",FALSE,0.338456493604605,1.18,0.451770610644311
"trainall",4,131,"100316D",TRUE,0.0253058652647703,0.06,0.307434927991683
"trainall",4,132,"100418A",FALSE,0.21045229296202,0.6235,0.344137079644773
"trainall",4,133,"100425A",FALSE,0.440121603187804,1.755,0.393341094129253
"trainall",4,134,"100508A",TRUE,0.181872159010334,0.5201,0.399109607535453
"trainall",4,135,"100513A",FALSE,0.761326322421457,4.772,0.63570738255862
"trainall",4,136,"100704A",FALSE,0.662757831681574,3.6,0.43752290084354
"trainall",4,137,"100728A",FALSE,0.409425868671443,1.567,0.458095487020724
"trainall",4,138,"100814A",FALSE,0.387389826338729,1.44,0.328092861150184
"trainall",4,139,"100816A",FALSE,0.256236533205923,0.804,0.398014144376706
"trainall",4,140,"100901A",FALSE,0.381656482585787,1.408,0.440582302213394
"trainall",4,141,"100906A",FALSE,0.43568513794163,1.727,0.388724227356266
"trainall",4,142,"101219B",FALSE,0.190331698170291,0.55,0.454327001372277
"trainall",4,143,"110106B",FALSE,0.208978517276253,0.618,0.468295680256048
"trainall",4,144,"110205A",TRUE,0.506505032404872,2.21,0.443179798664952
"trainall",4,145,"110213A",FALSE,0.390935107103379,1.46,0.424948021496342
"trainall",4,146,"110422A",FALSE,0.442479769064449,1.77,0.402994821711579
"trainall",4,147,"110503A",FALSE,0.417139409727326,1.613,0.442864018247153
"trainall",4,148,"110715A",FALSE,0.260071387985075,0.82,0.427661189186097
"trainall",4,149,"110726A",TRUE,0.308777773664721,1.036,0.465364895260869
"trainall",4,150,"110731A",FALSE,0.583198773968623,2.83,0.444035733476575
"trainall",4,151,"110801A",TRUE,0.456062224454951,1.858,0.605503525933528
"trainall",4,152,"110808A",FALSE,0.370698092575577,1.348,0.479954718458136
"trainall",4,153,"110818A",FALSE,0.639486489268586,3.36,0.613161817630292
"trainall",4,154,"111107A",TRUE,0.590284403718162,2.893,0.478600928270893
"trainall",4,155,"111123A",FALSE,0.618215503279417,3.1516,0.493240053158559
"trainall",4,156,"111209A",FALSE,0.224533062606086,0.677,0.517737993494367
"trainall",4,157,"111228A",FALSE,0.234010817587179,0.714,0.316357077986604
"trainall",4,158,"120118B",FALSE,0.595826777073223,2.943,0.403813550297052
"trainall",4,159,"120119A",TRUE,0.612783856719735,3.1,0.601759904078317
"trainall",4,160,"120327A",FALSE,0.581266805273671,2.813,0.545975407963684
"trainall",4,161,"120404A",FALSE,0.588383768378728,2.876,0.571403011542743
"trainall",4,162,"120422A",FALSE,0.108226656374928,0.283,0.417945363061305
"trainall",4,163,"120711A",TRUE,0.381115080709851,1.405,0.500522384337546
"trainall",4,164,"120729A",FALSE,0.255272505103306,0.8,0.511790547599655
"trainall",4,165,"120802A",FALSE,0.680879174426811,3.796,0.447464127847452
"trainall",4,166,"120811C",FALSE,0.564784384503987,2.671,0.468865453372661
"trainall",4,167,"120815A",TRUE,0.526339277389844,2.36,0.355281462512918
"trainall",4,168,"120907A",FALSE,0.294466226161593,0.97,0.35836299410461
"trainall",4,169,"120922A",FALSE,0.612783856719735,3.1,0.454070350248723
"trainall",4,170,"121024A",FALSE,0.5182506513085,2.298,0.51421809636182
"trainall",4,171,"121027A",FALSE,0.442949869577862,1.773,0.424112087240155
"trainall",4,172,"121128A",FALSE,0.505149978319906,2.2,0.438053602751704
"trainall",4,173,"121211A",FALSE,0.305995882770805,1.023,0.46660008890816
"trainall",4,174,"121217A",TRUE,0.612783856719735,3.1,0.43736211461028
"trainall",4,175,"130215A",TRUE,0.204119982655925,0.6,0.466123589925649
"trainall",4,176,"130408A",FALSE,0.677333151419902,3.757,0.426424574673263
"trainall",4,177,"130418A",FALSE,0.345961541813141,1.218,0.601423840805547
"trainall",4,178,"130420A",FALSE,0.361160995195026,1.297,0.439545725719908
"trainall",4,179,"130427A",TRUE,0.127104798364808,0.34,0.489603719331172
"trainall",4,180,"130505A",FALSE,0.514547752660286,2.27,0.348224520008395
"trainall",4,181,"130511A",FALSE,0.362350507594848,1.3033,0.488184710239636
"trainall",4,182,"130514A",FALSE,0.662757831681574,3.6,0.451868057093248
"trainall",4,183,"130604A",FALSE,0.313867220369153,1.06,0.398517321862491
"trainall",4,184,"130606A",FALSE,0.839666556882433,5.913,0.520522342812679
"trainall",4,185,"130831A",FALSE,0.16999753706657,0.4791,0.38671718757217
"trainall",4,186,"130925A",FALSE,0.129367595722986,0.347,0.256785232434256
"trainall",4,187,"131030A",FALSE,0.36078268987328,1.295,0.381667427340877
"trainall",4,188,"131105A",FALSE,0.429106008332697,1.686,0.460291035089192
"trainall",4,189,"131117A",FALSE,0.702602841340427,4.042,0.543610162373245
"trainall",4,190,"140206A",FALSE,0.571708831808688,2.73,0.443913927399882
"trainall",4,191,"140213A",FALSE,0.343920385393226,1.2076,0.290150638685018
"trainall",4,192,"140419A",FALSE,0.695131297704026,3.956,0.462073017675307
"trainall",4,193,"140423A",FALSE,0.629409599102719,3.26,0.46384461959419
"trainall",4,194,"140430A",FALSE,0.414973347970818,1.6,0.367856569475282
"trainall",4,195,"140506A",FALSE,0.276231957921834,0.889,0.301614676091086
"trainall",4,196,"140509A",FALSE,0.531478917042255,2.4,0.534386011174998
"trainall",4,197,"140512A",FALSE,0.236789099409293,0.725,0.364637617775173
"trainall",4,198,"140518A",FALSE,0.756407872548958,4.707,0.660242299957165
"trainall",4,199,"140614A",FALSE,0.718750734739665,4.233,0.496060228410649
"trainall",4,200,"140629A",FALSE,0.515211304327802,2.275,0.412534442900056
"trainall",4,201,"140801A",TRUE,0.3654879848909,1.32,0.476403148918474
"trainall",4,202,"140907A",TRUE,0.344392273685111,1.21,0.391520263103955
"trainall",4,203,"141004A",FALSE,0.196728722623287,0.573,0.418446025395289
"trainall",4,204,"141121A",FALSE,0.392696953259666,1.47,0.362723267652421
"trainall",4,205,"141220A",FALSE,0.365394376854778,1.3195,0.396647186230688
"trainall",4,206,"141221A",TRUE,0.389166084364532,1.45,0.504331226753872
"trainall",4,207,"150120B",FALSE,0.653212513775344,3.5,0.445760144649665
"trainall",4,208,"150314A",FALSE,0.440594261839831,1.758,0.415243752339403
"trainall",4,209,"150323A",TRUE,0.202215775801131,0.593,0.406997703983458
"trainall",4,210,"150403A",FALSE,0.48572142648158,2.06,0.32327940879637
"trainall",4,211,"150821A",FALSE,0.244277120801843,0.755,0.516388491796796
"trainall",4,212,"150910A",FALSE,0.372727940885595,1.359,0.449127274426158
"trainall",4,213,"151021A",FALSE,0.52244423350632,2.33,0.503904327176788
"trainall",4,214,"151027A",FALSE,0.257678574869184,0.81,0.375598784367169
"trainall",4,215,"151029A",FALSE,0.384353414137506,1.423,0.559121715092793
"trainall",4,216,"151031A",FALSE,0.335858911319818,1.167,0.413960053633003
"trainall",4,217,"151215A",FALSE,0.555094448578319,2.59,0.513994133522757
"trainall",4,218,"160117B",FALSE,0.271841606536499,0.87,0.432113707650634
"trainall",4,219,"160121A",FALSE,0.471291711058939,1.96,0.471711980288159
"trainall",4,220,"160131A",TRUE,0.294906910605192,0.972,0.424157253089569
"trainall",4,221,"160203A",FALSE,0.655138434811382,3.52,0.621371067145561
"trainall",4,222,"160227A",FALSE,0.528916700277655,2.38,0.488668899651501
"trainall",4,223,"160314A",TRUE,0.237040791379191,0.726,0.475217655455794
"trainall",4,224,"160327A",FALSE,0.777426822389311,4.99,0.481869873059474
"trainall",4,225,"160425A",TRUE,0.191730393362856,0.555,0.383472965999183
"trainall",4,226,"160804A",FALSE,0.239549720840473,0.736,0.405868438403318
"trainall",4,227,"161014A",TRUE,0.582404298019028,2.823,0.48023485274542
"trainall",4,228,"161023A",TRUE,0.569373909615046,2.71,0.541506286621587
"trainall",4,229,"161108A",FALSE,0.334252642334231,1.159,0.381024948233128
"trainall",4,230,"161117A",FALSE,0.406369835469268,1.549,0.42098676353199
"trainall",4,231,"161129A",FALSE,0.216165902285993,0.645,0.492967283879716
"trainall",4,232,"161219B",FALSE,0.0597526942092988,0.1475,0.326807661490395
"trainall",4,233,"170113A",TRUE,0.472463896606989,1.968,0.594054459859618
"trainall",4,234,"170202A",FALSE,0.666985718329661,3.645,0.436459064941907
"trainall",4,235,"170405A",FALSE,0.65417654187796,3.51,0.53548800304279
"trainall",4,236,"170519A",FALSE,0.259593878885949,0.818,0.495775159883166
"trainall",4,237,"170531B",FALSE,0.527114111639805,2.366,0.578957848470794
"trainall",4,238,"170604A",TRUE,0.367169488534681,1.329,0.459121382466823
"trainall",4,239,"170607A",TRUE,0.19228861256812,0.557,0.444806446731758
"trainall",4,240,"170705A",FALSE,0.478566495593843,2.01,0.339643257530268
"trainall",4,241,"170714A",FALSE,0.253580289562183,0.793,0.389565133177583
"trainall",4,242,"170903A",FALSE,0.27554168840131,0.886,0.353471709884028
"trainall",4,243,"171222A",FALSE,0.532627001228891,2.409,0.394056040339366
"trainall",4,244,"180115A",TRUE,0.542451947375977,2.487,0.521311012187939
"trainall",4,245,"180205A",FALSE,0.381836799998343,1.409,0.398551771392949
"trainall",4,246,"180325A",TRUE,0.511616020569138,2.248,0.461948580701956
"trainall",4,247,"180329B",FALSE,0.476831628512261,1.998,0.502992961767467
"trainall",4,248,"180404A",FALSE,0.301029995663981,1,0.448372037369094
"trainall",4,249,"180620B",FALSE,0.325823419002744,1.1175,0.36576684618073
"trainall",4,250,"180624A",FALSE,0.586024382386976,2.855,0.483528117818701
"trainall",4,251,"180720B",FALSE,0.218535505216528,0.654,0.317961031762103
"trainall",4,252,"180728A",FALSE,0.0480531731156091,0.117,0.224739101278374
"trainall",4,253,"181010A",FALSE,0.378397900948138,1.39,0.558429536929271
"trainall",4,254,"181020A",FALSE,0.595275711802099,2.938,0.248074377042185
"trainall",4,255,"181110A",FALSE,0.398807730203264,1.505,0.412274129855432
"trainall",4,256,"181201A",TRUE,0.161368002234975,0.45,0.3801226049224
"trainall",4,257,"190106A",FALSE,0.456214155357989,1.859,0.431811035594142
"trainall",4,258,"190114A",FALSE,0.641126932803509,3.3765,0.488133311643272
"trainall",4,259,"190719C",FALSE,0.54020429984206,2.469,0.328274689949432
"trainall",4,260,"190829A",FALSE,0.0328201494385639,0.0785,0.220444333640671
"trainall",4,261,"191011A",FALSE,0.434888120867316,1.722,0.462728769206723
"trainall",4,262,"191221B",FALSE,0.332034277027518,1.148,0.385419478088959
"trainall",4,263,"200205B",FALSE,0.391816923613249,1.465,0.582237825248339
"trainall",4,264,"200613A",TRUE,0.347427598618541,1.2255,0.374585993165549
"trainall",4,265,"200829A",FALSE,0.352182518111362,1.25,0.384138057686697
"trainall",4,266,"201015A",TRUE,0.154119525515847,0.426,0.493189274184983
"trainall",4,267,"201020A",FALSE,0.591398551281249,2.903,0.413185718277731
"trainall",4,268,"201021C",TRUE,0.315970345456918,1.07,0.357254981404405
"trainall",4,269,"201104B",FALSE,0.470410490975931,1.954,0.428285911431774
"trainall",4,270,"201221A",FALSE,0.826074802700826,5.7,0.758620134882237
"trainall",4,271,"210204A",TRUE,0.273232834043046,0.876,0.361653350296438
"trainall",4,272,"210210A",FALSE,0.234264124378789,0.715,0.303729723416857
"trainall",4,273,"210222B",FALSE,0.504878459410216,2.198,0.429449833112308
"trainall",4,274,"210411C",FALSE,0.582744965691277,2.826,0.355862367346164
"trainall",4,275,"210517A",FALSE,0.542327382773974,2.486,0.434956598092376
"trainall",4,276,"210610A",FALSE,0.657055852857104,3.54,0.398789001682477
"trainall",4,277,"210610B",FALSE,0.328379603438738,1.13,0.347276647516478
"trainall",4,278,"210619B",FALSE,0.4679039465228,1.937,0.258575850888452
"trainall",4,279,"210722A",FALSE,0.331427296520743,1.145,0.495828596614349
"trainall",4,280,"210731A",FALSE,0.352664799651101,1.2525,0.449829671040973
"trainall",4,281,"210822A",FALSE,0.437116093048079,1.736,0.300217938437582
"trainall",4,282,"211024B",FALSE,0.325043347403704,1.1137,0.384891498061975
"trainall",4,283,"220117A",FALSE,0.775319121829478,4.961,0.47632875554816
"trainall",4,284,"220611A",FALSE,0.526442668529935,2.3608,0.506442559457562
"trainall",4,285,"230116D",FALSE,0.682145076373832,3.81,0.577212692403003
"trainall",4,286,"230325A",FALSE,0.425534220498263,1.664,0.514450373078011
"trainall",4,287,"230414B",FALSE,0.659726095237792,3.568,0.529017207543577
"trainall",4,288,"230506C",FALSE,0.672097857935718,3.7,0.397309049010536
"trainall",4,289,"230818A",FALSE,0.534026106056135,2.42,0.402330204530822
"trainall",4,290,"231210B",FALSE,0.615950051656401,3.13,0.438267062992546
"trainall",4,291,"970508A",TRUE,0.262451089730429,0.83,0.480177070480764
"trainall",5,1,"000926A",TRUE,0.482873583608754,2.04,0.352956826369967
"trainall",5,2,"011211A",TRUE,0.496929648073215,2.14,0.549779037468939
"trainall",5,3,"020124A",TRUE,0.623042434246382,3.198,0.490656579659759
"trainall",5,4,"021004A",TRUE,0.523746466811564,2.34,0.46457317098467
"trainall",5,5,"030226A",TRUE,0.47567118832443,1.99,0.38689388197184
"trainall",5,6,"030329A",TRUE,0.0681858617461616,0.17,0.249452229452891
"trainall",5,7,"050315A",FALSE,0.469674772551798,1.949,0.371479266148196
"trainall",5,8,"050318A",FALSE,0.387389826338729,1.44,0.43449263772976
"trainall",5,9,"050319A",FALSE,0.627365856592733,3.24,0.343257090704912
"trainall",5,10,"050401A",FALSE,0.591064607026499,2.9,0.377686743539999
"trainall",5,11,"050416A",FALSE,0.218220304175545,0.6528,0.266834808494872
"trainall",5,12,"050502A",TRUE,0.680335513414563,3.79,0.511020222541763
"trainall",5,13,"050502B",TRUE,0.680607428991788,3.793,0.528609123954548
"trainall",5,14,"050505A",FALSE,0.721810615212547,4.27,0.562327111760813
"trainall",5,15,"050525A",TRUE,0.20682587603185,0.61,0.397940658522779
"trainall",5,16,"050603A",TRUE,0.582063362911709,2.82,0.386000541146169
"trainall",5,17,"050730A",FALSE,0.696094159995223,3.967,0.440464969390896
"trainall",5,18,"050801A",TRUE,0.40823996531185,1.56,0.405228876315408
"trainall",5,19,"050802A",FALSE,0.433001340945038,1.7102,0.405582642900806
"trainall",5,20,"050803A",FALSE,0.653212513775344,3.5,0.457637103434201
"trainall",5,21,"050820A",FALSE,0.558072259099146,2.6147,0.376617916600006
"trainall",5,22,"050824A",FALSE,0.261928672990642,0.8278,0.19124319487978
"trainall",5,23,"050904A",FALSE,0.862727528317975,6.29,0.564653865668945
"trainall",5,24,"050908A",TRUE,0.637489729512511,3.34,0.355396449013004
"trainall",5,25,"050922C",FALSE,0.504878459410216,2.198,0.336351549924202
"trainall",5,26,"051016B",FALSE,0.286995073968852,0.9364,0.305759354404087
"trainall",5,27,"051028A",TRUE,0.662757831681574,3.6,0.432211311942164
"trainall",5,28,"051109A",FALSE,0.524525936626376,2.346,0.398571576392849
"trainall",5,29,"051111A",TRUE,0.406540180433955,1.55,0.329449620148102
"trainall",5,30,"060115A",FALSE,0.656098202012832,3.53,0.503038475764604
"trainall",5,31,"060124A",FALSE,0.517987203025078,2.296,0.385464065943113
"trainall",5,32,"060206A",FALSE,0.703119346236078,4.048,0.513904264322958
"trainall",5,33,"060210A",FALSE,0.691081492122968,3.91,0.524667478448683
"trainall",5,34,"060223A",FALSE,0.73319726510657,4.41,0.703020759155997
"trainall",5,35,"060306A",FALSE,0.408070285887185,1.559,0.387144487837866
"trainall",5,36,"060418A",FALSE,0.396024896608593,1.489,0.437926899852914
"trainall",5,37,"060502A",FALSE,0.398391440229475,1.5026,0.429286691722373
"trainall",5,38,"060510B",FALSE,0.770852011642144,4.9,0.582172328008903
"trainall",5,39,"060512A",TRUE,0.15836249209525,0.44,0.42860630592478
"trainall",5,40,"060526A",FALSE,0.625415352154408,3.221,0.431834102632703
"trainall",5,41,"060604A",FALSE,0.496334505996816,2.1357,0.567103875906102
"trainall",5,42,"060605A",FALSE,0.679427896612119,3.78,0.612744606269784
"trainall",5,43,"060607A",FALSE,0.610116955411928,3.0749,0.579135504406776
"trainall",5,44,"060707A",FALSE,0.645913275033844,3.425,0.424273151248062
"trainall",5,45,"060708A",FALSE,0.465382851448418,1.92,0.443127026054254
"trainall",5,46,"060714A",FALSE,0.569490954348783,2.711,0.545008627503792
"trainall",5,47,"060729A",FALSE,0.187520720836463,0.54,0.252458848022141
"trainall",5,48,"060814A",FALSE,0.465813957269479,1.9229,0.471268954159588
"trainall",5,49,"060904B",FALSE,0.231214647962601,0.703,0.508242359605783
"trainall",5,50,"060906A",FALSE,0.670802284260944,3.686,0.653366518126775
"trainall",5,51,"060908A",FALSE,0.459935016851525,1.8836,0.494433768473525
"trainall",5,52,"060912A",FALSE,0.287129620719111,0.937,0.412974955923697
"trainall",5,53,"060926A",FALSE,0.6232492903979,3.2,0.550167981515261
"trainall",5,54,"060927A",FALSE,0.8109042806687,5.47,0.605049386603281
"trainall",5,55,"061007A",TRUE,0.354108439147401,1.26,0.41189784298767
"trainall",5,56,"061021A",FALSE,0.129141845792285,0.3463,0.371279203772033
"trainall",5,57,"061110A",FALSE,0.244969460136198,0.7578,0.425058749539921
"trainall",5,58,"061121A",FALSE,0.364363354615731,1.314,0.404974884578656
"trainall",5,59,"061126A",TRUE,0.334212409393176,1.1588,0.557403084376713
"trainall",5,60,"061222A",FALSE,0.489677291663699,2.088,0.515143608845973
"trainall",5,61,"070110A",FALSE,0.525304009958239,2.352,0.505695525030028
"trainall",5,62,"070125A",TRUE,0.406540180433955,1.55,0.411278575152842
"trainall",5,63,"070208A",FALSE,0.335457900689384,1.165,0.544166882106182
"trainall",5,64,"070223A",FALSE,0.419873175149476,1.6295,0.556398819037405
"trainall",5,65,"070306A",FALSE,0.397227181043161,1.4959,0.545574753485725
"trainall",5,66,"070411A",TRUE,0.59659709562646,2.95,0.601136411262683
"trainall",5,67,"070508A",FALSE,0.260071387985075,0.82,0.40476147357649
"trainall",5,68,"070521A",FALSE,0.489466281303128,2.0865,0.492403219955896
"trainall",5,69,"070529A",FALSE,0.544018407858776,2.4996,0.67565244228354
"trainall",5,70,"070612A",TRUE,0.222976449893391,0.671,0.415065813417963
"trainall",5,71,"070714B",FALSE,0.28397928423848,0.923,0.532080113651351
"trainall",5,72,"070721B",FALSE,0.6652056284346,3.626,0.492863858467967
"trainall",5,73,"070802A",FALSE,0.537819095073274,2.45,0.549135251837456
"trainall",5,74,"070810A",FALSE,0.501059262217751,2.17,0.530038828115978
"trainall",5,75,"071003A",FALSE,0.415699348887829,1.60435,0.375282439455346
"trainall",5,76,"071010A",TRUE,0.298853076409707,0.99,0.576463211754208
"trainall",5,77,"071010B",TRUE,0.289365951520032,0.947,0.4163415666264
"trainall",5,78,"071020A",FALSE,0.497620649781288,2.145,0.319157931101625
"trainall",5,79,"071025A",TRUE,0.778151250383644,5,0.497342731839315
"trainall",5,80,"071112C",TRUE,0.260071387985075,0.82,0.345355597183819
"trainall",5,81,"071117A",FALSE,0.367542273520577,1.331,0.501796525161359
"trainall",5,82,"080310A",FALSE,0.534026106056135,2.42,0.482167309757631
"trainall",5,83,"080319B",FALSE,0.287129620719111,0.937,0.341549842893325
"trainall",5,84,"080319C",FALSE,0.469822015978163,1.95,0.375786627749427
"trainall",5,85,"080330A",TRUE,0.399673721481038,1.51,0.406476251438587
"trainall",5,86,"080411A",FALSE,0.307496037913213,1.03,0.255193882134742
"trainall",5,87,"080430A",FALSE,0.247236549506764,0.767,0.377685816579581
"trainall",5,88,"080516A",FALSE,0.6232492903979,3.2,0.412746892809677
"trainall",5,89,"080603A",TRUE,0.429752280002408,1.69,0.452155340807209
"trainall",5,90,"080603B",TRUE,0.566943971856554,2.6893,0.391191580419637
"trainall",5,91,"080607A",FALSE,0.605951157564873,3.036,0.573515685719438
"trainall",5,92,"080710A",FALSE,0.265996370495079,0.845,0.568396337642816
"trainall",5,93,"080721A",FALSE,0.555215405126073,2.591,0.362408353551253
"trainall",5,94,"080810A",FALSE,0.638489256954637,3.35,0.46340314774641
"trainall",5,95,"080905B",FALSE,0.528145078253106,2.374,0.584667769944225
"trainall",5,96,"080916A",FALSE,0.227552503379865,0.6887,0.473188843268845
"trainall",5,97,"080928A",FALSE,0.430075055551939,1.692,0.51089640478004
"trainall",5,98,"081007A",FALSE,0.184549481320698,0.5295,0.305300094117281
"trainall",5,99,"081008A",FALSE,0.472537053262077,1.9685,0.498171474664823
"trainall",5,100,"081028A",FALSE,0.60616631460762,3.038,0.471457706244647
"trainall",5,101,"081029A",FALSE,0.685553652846326,3.8479,0.554726658294658
"trainall",5,102,"081109A",TRUE,0.296665190261531,0.98,0.576245359601869
"trainall",5,103,"081203A",FALSE,0.491361693834273,2.1,0.520612240629911
"trainall",5,104,"081221A",FALSE,0.513217600067939,2.26,0.439731848304578
"trainall",5,105,"081228A",TRUE,0.64738297011462,3.44,0.557575162869346
"trainall",5,106,"081230A",FALSE,0.491361693834273,2.1,0.481925410630402
"trainall",5,107,"090102A",FALSE,0.406028944963615,1.547,0.424264794214121
"trainall",5,108,"090205A",FALSE,0.752025387323213,4.6497,0.510086053821102
"trainall",5,109,"090313A",TRUE,0.6414741105041,3.38,0.466794232071858
"trainall",5,110,"090418A",FALSE,0.416307587059883,1.608,0.54354950576816
"trainall",5,111,"090423A",FALSE,0.966610986681934,8.26,0.635368840723126
"trainall",5,112,"090424A",FALSE,0.188647295999717,0.544,0.34404096718513
"trainall",5,113,"090516A",FALSE,0.708335902682263,4.109,0.519616537907217
"trainall",5,114,"090519A",FALSE,0.685741738602264,3.85,0.821112116173722
"trainall",5,115,"090529A",FALSE,0.559308010907013,2.625,0.487760034421344
"trainall",5,116,"090530A",FALSE,0.355259905527378,1.266,0.417557128038782
"trainall",5,117,"090618A",FALSE,0.187520720836463,0.54,0.337386271926525
"trainall",5,118,"090726A",TRUE,0.569373909615046,2.71,0.382958279200116
"trainall",5,119,"090809A",FALSE,0.572523097849638,2.737,0.484836070266422
"trainall",5,120,"090812A",FALSE,0.538070787043172,2.452,0.529445411085828
"trainall",5,121,"090927A",FALSE,0.374748346010104,1.37,0.342081352450494
"trainall",5,122,"091018A",FALSE,0.294686624279443,0.971,0.332778772160047
"trainall",5,123,"091020A",FALSE,0.432969290874406,1.71,0.458368426709169
"trainall",5,124,"091024A",TRUE,0.320146286111054,1.09,0.457935285042471
"trainall",5,125,"091029A",FALSE,0.574262829707027,2.752,0.479571752585854
"trainall",5,126,"091109A",FALSE,0.610234175334389,3.076,0.523826535107834
"trainall",5,127,"091127A",FALSE,0.173186268412274,0.49,0.198466918042314
"trainall",5,128,"091208B",FALSE,0.314499227973151,1.063,0.377097378564214
"trainall",5,129,"100219A",FALSE,0.753330221324521,4.6667,0.542071451155687
"trainall",5,130,"100316B",FALSE,0.338456493604605,1.18,0.44089488108224
"trainall",5,131,"100316D",TRUE,0.0253058652647703,0.06,0.321948793496928
"trainall",5,132,"100418A",FALSE,0.21045229296202,0.6235,0.313180257815894
"trainall",5,133,"100425A",FALSE,0.440121603187804,1.755,0.397600837499296
"trainall",5,134,"100508A",TRUE,0.181872159010334,0.5201,0.419615007523728
"trainall",5,135,"100513A",FALSE,0.761326322421457,4.772,0.599308843574264
"trainall",5,136,"100704A",FALSE,0.662757831681574,3.6,0.384018305347995
"trainall",5,137,"100728A",FALSE,0.409425868671443,1.567,0.379623669046734
"trainall",5,138,"100814A",FALSE,0.387389826338729,1.44,0.311568103478365
"trainall",5,139,"100816A",FALSE,0.256236533205923,0.804,0.422611986822945
"trainall",5,140,"100901A",FALSE,0.381656482585787,1.408,0.43208674809945
"trainall",5,141,"100906A",FALSE,0.43568513794163,1.727,0.402897852547249
"trainall",5,142,"101219B",FALSE,0.190331698170291,0.55,0.500126141378328
"trainall",5,143,"110106B",FALSE,0.208978517276253,0.618,0.502353546257662
"trainall",5,144,"110205A",TRUE,0.506505032404872,2.21,0.414286626831392
"trainall",5,145,"110213A",FALSE,0.390935107103379,1.46,0.382460263574786
"trainall",5,146,"110422A",FALSE,0.442479769064449,1.77,0.438809896126429
"trainall",5,147,"110503A",FALSE,0.417139409727326,1.613,0.462487647959131
"trainall",5,148,"110715A",FALSE,0.260071387985075,0.82,0.443336230940051
"trainall",5,149,"110726A",TRUE,0.308777773664721,1.036,0.452272927793732
"trainall",5,150,"110731A",FALSE,0.583198773968623,2.83,0.425478913521061
"trainall",5,151,"110801A",TRUE,0.456062224454951,1.858,0.586531830148574
"trainall",5,152,"110808A",FALSE,0.370698092575577,1.348,0.368504966287075
"trainall",5,153,"110818A",FALSE,0.639486489268586,3.36,0.610861025044112
"trainall",5,154,"111107A",TRUE,0.590284403718162,2.893,0.496957023437072
"trainall",5,155,"111123A",FALSE,0.618215503279417,3.1516,0.48980471294117
"trainall",5,156,"111209A",FALSE,0.224533062606086,0.677,0.437308954000906
"trainall",5,157,"111228A",FALSE,0.234010817587179,0.714,0.28669463173224
"trainall",5,158,"120118B",FALSE,0.595826777073223,2.943,0.417264353691872
"trainall",5,159,"120119A",TRUE,0.612783856719735,3.1,0.612921552430626
"trainall",5,160,"120327A",FALSE,0.581266805273671,2.813,0.542974838177693
"trainall",5,161,"120404A",FALSE,0.588383768378728,2.876,0.58105715540813
"trainall",5,162,"120422A",FALSE,0.108226656374928,0.283,0.412363278539498
"trainall",5,163,"120711A",TRUE,0.381115080709851,1.405,0.490435861076843
"trainall",5,164,"120729A",FALSE,0.255272505103306,0.8,0.459207988262346
"trainall",5,165,"120802A",FALSE,0.680879174426811,3.796,0.506802985005224
"trainall",5,166,"120811C",FALSE,0.564784384503987,2.671,0.402582966796603
"trainall",5,167,"120815A",TRUE,0.526339277389844,2.36,0.393680911682088
"trainall",5,168,"120907A",FALSE,0.294466226161593,0.97,0.324454225231177
"trainall",5,169,"120922A",FALSE,0.612783856719735,3.1,0.474871470445883
"trainall",5,170,"121024A",FALSE,0.5182506513085,2.298,0.529909647551124
"trainall",5,171,"121027A",FALSE,0.442949869577862,1.773,0.45547815763332
"trainall",5,172,"121128A",FALSE,0.505149978319906,2.2,0.464494727653545
"trainall",5,173,"121211A",FALSE,0.305995882770805,1.023,0.457958157024005
"trainall",5,174,"121217A",TRUE,0.612783856719735,3.1,0.495803325727194
"trainall",5,175,"130215A",TRUE,0.204119982655925,0.6,0.427294868592843
"trainall",5,176,"130408A",FALSE,0.677333151419902,3.757,0.451684449881392
"trainall",5,177,"130418A",FALSE,0.345961541813141,1.218,0.564572405642708
"trainall",5,178,"130420A",FALSE,0.361160995195026,1.297,0.473180214720109
"trainall",5,179,"130427A",TRUE,0.127104798364808,0.34,0.458841251033099
"trainall",5,180,"130505A",FALSE,0.514547752660286,2.27,0.33763178807447
"trainall",5,181,"130511A",FALSE,0.362350507594848,1.3033,0.492793068373911
"trainall",5,182,"130514A",FALSE,0.662757831681574,3.6,0.547884802041952
"trainall",5,183,"130604A",FALSE,0.313867220369153,1.06,0.417621880387031
"trainall",5,184,"130606A",FALSE,0.839666556882433,5.913,0.52131901055693
"trainall",5,185,"130831A",FALSE,0.16999753706657,0.4791,0.36456905111269
"trainall",5,186,"130925A",FALSE,0.129367595722986,0.347,0.418944734335246
"trainall",5,187,"131030A",FALSE,0.36078268987328,1.295,0.365781461221874
"trainall",5,188,"131105A",FALSE,0.429106008332697,1.686,0.461038899449728
"trainall",5,189,"131117A",FALSE,0.702602841340427,4.042,0.529925514312907
"trainall",5,190,"140206A",FALSE,0.571708831808688,2.73,0.434651461801486
"trainall",5,191,"140213A",FALSE,0.343920385393226,1.2076,0.296456613745909
"trainall",5,192,"140419A",FALSE,0.695131297704026,3.956,0.478309058544757
"trainall",5,193,"140423A",FALSE,0.629409599102719,3.26,0.479665647537775
"trainall",5,194,"140430A",FALSE,0.414973347970818,1.6,0.463651160867115
"trainall",5,195,"140506A",FALSE,0.276231957921834,0.889,0.34471045953532
"trainall",5,196,"140509A",FALSE,0.531478917042255,2.4,0.554083380456562
"trainall",5,197,"140512A",FALSE,0.236789099409293,0.725,0.336186620077631
"trainall",5,198,"140518A",FALSE,0.756407872548958,4.707,0.732366016989265
"trainall",5,199,"140614A",FALSE,0.718750734739665,4.233,0.502819528383661
"trainall",5,200,"140629A",FALSE,0.515211304327802,2.275,0.39952104163089
"trainall",5,201,"140801A",TRUE,0.3654879848909,1.32,0.424117555947162
"trainall",5,202,"140907A",TRUE,0.344392273685111,1.21,0.442516211647226
"trainall",5,203,"141004A",FALSE,0.196728722623287,0.573,0.411330453574047
"trainall",5,204,"141121A",FALSE,0.392696953259666,1.47,0.387561276862697
"trainall",5,205,"141220A",FALSE,0.365394376854778,1.3195,0.342008902326768
"trainall",5,206,"141221A",TRUE,0.389166084364532,1.45,0.462378036415781
"trainall",5,207,"150120B",FALSE,0.653212513775344,3.5,0.44343990269452
"trainall",5,208,"150314A",FALSE,0.440594261839831,1.758,0.376008975301576
"trainall",5,209,"150323A",TRUE,0.202215775801131,0.593,0.427876190642467
"trainall",5,210,"150403A",FALSE,0.48572142648158,2.06,0.332736560201933
"trainall",5,211,"150821A",FALSE,0.244277120801843,0.755,0.476341179384896
"trainall",5,212,"150910A",FALSE,0.372727940885595,1.359,0.414109074493868
"trainall",5,213,"151021A",FALSE,0.52244423350632,2.33,0.51555873886651
"trainall",5,214,"151027A",FALSE,0.257678574869184,0.81,0.364031057604205
"trainall",5,215,"151029A",FALSE,0.384353414137506,1.423,0.597376515495177
"trainall",5,216,"151031A",FALSE,0.335858911319818,1.167,0.465708875816999
"trainall",5,217,"151215A",FALSE,0.555094448578319,2.59,0.539814276496957
"trainall",5,218,"160117B",FALSE,0.271841606536499,0.87,0.515845912822373
"trainall",5,219,"160121A",FALSE,0.471291711058939,1.96,0.41805609486862
"trainall",5,220,"160131A",TRUE,0.294906910605192,0.972,0.38465508266393
"trainall",5,221,"160203A",FALSE,0.655138434811382,3.52,0.626195354147874
"trainall",5,222,"160227A",FALSE,0.528916700277655,2.38,0.402957472370108
"trainall",5,223,"160314A",TRUE,0.237040791379191,0.726,0.43052455590323
"trainall",5,224,"160327A",FALSE,0.777426822389311,4.99,0.491656586835588
"trainall",5,225,"160425A",TRUE,0.191730393362856,0.555,0.445212847784159
"trainall",5,226,"160804A",FALSE,0.239549720840473,0.736,0.423357234112098
"trainall",5,227,"161014A",TRUE,0.582404298019028,2.823,0.494992044964696
"trainall",5,228,"161023A",TRUE,0.569373909615046,2.71,0.492991358293093
"trainall",5,229,"161108A",FALSE,0.334252642334231,1.159,0.44482558724507
"trainall",5,230,"161117A",FALSE,0.406369835469268,1.549,0.406553864294731
"trainall",5,231,"161129A",FALSE,0.216165902285993,0.645,0.488643518762426
"trainall",5,232,"161219B",FALSE,0.0597526942092988,0.1475,0.224363029698746
"trainall",5,233,"170113A",TRUE,0.472463896606989,1.968,0.595030834206115
"trainall",5,234,"170202A",FALSE,0.666985718329661,3.645,0.417457867926126
"trainall",5,235,"170405A",FALSE,0.65417654187796,3.51,0.51359077102762
"trainall",5,236,"170519A",FALSE,0.259593878885949,0.818,0.516231144305405
"trainall",5,237,"170531B",FALSE,0.527114111639805,2.366,0.548973728908368
"trainall",5,238,"170604A",TRUE,0.367169488534681,1.329,0.421895103444387
"trainall",5,239,"170607A",TRUE,0.19228861256812,0.557,0.41653652718294
"trainall",5,240,"170705A",FALSE,0.478566495593843,2.01,0.278082444186199
"trainall",5,241,"170714A",FALSE,0.253580289562183,0.793,0.390576518665689
"trainall",5,242,"170903A",FALSE,0.27554168840131,0.886,0.342640052414537
"trainall",5,243,"171222A",FALSE,0.532627001228891,2.409,0.365977160616557
"trainall",5,244,"180115A",TRUE,0.542451947375977,2.487,0.524041112839948
"trainall",5,245,"180205A",FALSE,0.381836799998343,1.409,0.381644024520945
"trainall",5,246,"180325A",TRUE,0.511616020569138,2.248,0.438334549866149
"trainall",5,247,"180329B",FALSE,0.476831628512261,1.998,0.545359076597393
"trainall",5,248,"180404A",FALSE,0.301029995663981,1,0.501479992448747
"trainall",5,249,"180620B",FALSE,0.325823419002744,1.1175,0.364824582138442
"trainall",5,250,"180624A",FALSE,0.586024382386976,2.855,0.47937140753096
"trainall",5,251,"180720B",FALSE,0.218535505216528,0.654,0.286825232495368
"trainall",5,252,"180728A",FALSE,0.0480531731156091,0.117,0.201148777588805
"trainall",5,253,"181010A",FALSE,0.378397900948138,1.39,0.523189737649742
"trainall",5,254,"181020A",FALSE,0.595275711802099,2.938,0.34708403594533
"trainall",5,255,"181110A",FALSE,0.398807730203264,1.505,0.371482108741337
"trainall",5,256,"181201A",TRUE,0.161368002234975,0.45,0.350187211494672
"trainall",5,257,"190106A",FALSE,0.456214155357989,1.859,0.379603178092743
"trainall",5,258,"190114A",FALSE,0.641126932803509,3.3765,0.512055458807416
"trainall",5,259,"190719C",FALSE,0.54020429984206,2.469,0.322774142680419
"trainall",5,260,"190829A",FALSE,0.0328201494385639,0.0785,0.291075363252442
"trainall",5,261,"191011A",FALSE,0.434888120867316,1.722,0.495460158885668
"trainall",5,262,"191221B",FALSE,0.332034277027518,1.148,0.43453966820067
"trainall",5,263,"200205B",FALSE,0.391816923613249,1.465,0.5818212250611
"trainall",5,264,"200613A",TRUE,0.347427598618541,1.2255,0.384034536394635
"trainall",5,265,"200829A",FALSE,0.352182518111362,1.25,0.282829957741269
"trainall",5,266,"201015A",TRUE,0.154119525515847,0.426,0.505551386845902
"trainall",5,267,"201020A",FALSE,0.591398551281249,2.903,0.379124695927148
"trainall",5,268,"201021C",TRUE,0.315970345456918,1.07,0.352336400024903
"trainall",5,269,"201104B",FALSE,0.470410490975931,1.954,0.491768552427423
"trainall",5,270,"201221A",FALSE,0.826074802700826,5.7,0.744071477126987
"trainall",5,271,"210204A",TRUE,0.273232834043046,0.876,0.333465594766508
"trainall",5,272,"210210A",FALSE,0.234264124378789,0.715,0.379953066476754
"trainall",5,273,"210222B",FALSE,0.504878459410216,2.198,0.45820724601711
"trainall",5,274,"210411C",FALSE,0.582744965691277,2.826,0.338624835340779
"trainall",5,275,"210517A",FALSE,0.542327382773974,2.486,0.447405948537889
"trainall",5,276,"210610A",FALSE,0.657055852857104,3.54,0.393136822621449
"trainall",5,277,"210610B",FALSE,0.328379603438738,1.13,0.351964206554953
"trainall",5,278,"210619B",FALSE,0.4679039465228,1.937,0.255755287620297
"trainall",5,279,"210722A",FALSE,0.331427296520743,1.145,0.456585198673067
"trainall",5,280,"210731A",FALSE,0.352664799651101,1.2525,0.447717162364848
"trainall",5,281,"210822A",FALSE,0.437116093048079,1.736,0.361408895670619
"trainall",5,282,"211024B",FALSE,0.325043347403704,1.1137,0.372511458792628
"trainall",5,283,"220117A",FALSE,0.775319121829478,4.961,0.444068557468002
"trainall",5,284,"220611A",FALSE,0.526442668529935,2.3608,0.48584216304561
"trainall",5,285,"230116D",FALSE,0.682145076373832,3.81,0.532484863600894
"trainall",5,286,"230325A",FALSE,0.425534220498263,1.664,0.525206377866347
"trainall",5,287,"230414B",FALSE,0.659726095237792,3.568,0.543608298471585
"trainall",5,288,"230506C",FALSE,0.672097857935718,3.7,0.384419409112953
"trainall",5,289,"230818A",FALSE,0.534026106056135,2.42,0.351879064039416
"trainall",5,290,"231210B",FALSE,0.615950051656401,3.13,0.454870236514448
"trainall",5,291,"970508A",TRUE,0.262451089730429,0.83,0.50631013467001
"trainxray",1,1,"000926A",TRUE,0.482873583608754,2.04,0.409676385517171
"trainxray",1,2,"011211A",TRUE,0.496929648073215,2.14,0.596802315496425
"trainxray",1,3,"020124A",TRUE,0.623042434246382,3.198,0.45912249054049
"trainxray",1,4,"021004A",TRUE,0.523746466811564,2.34,0.449879593151181
"trainxray",1,5,"030226A",TRUE,0.47567118832443,1.99,0.399210090291975
"trainxray",1,6,"030329A",TRUE,0.0681858617461616,0.17,0.29836147195513
"trainxray",1,7,"050315A",FALSE,0.469674772551798,1.949,0.42196621783684
"trainxray",1,8,"050318A",FALSE,0.387389826338729,1.44,0.435058649488378
"trainxray",1,9,"050319A",FALSE,0.627365856592733,3.24,0.391234196293599
"trainxray",1,10,"050401A",FALSE,0.591064607026499,2.9,0.412620028740394
"trainxray",1,11,"050416A",FALSE,0.218220304175545,0.6528,0.153649687660083
"trainxray",1,12,"050502A",TRUE,0.680335513414563,3.79,0.542650769032222
"trainxray",1,13,"050502B",TRUE,0.680607428991788,3.793,0.521304741863556
"trainxray",1,14,"050505A",FALSE,0.721810615212547,4.27,0.589801571447849
"trainxray",1,15,"050525A",TRUE,0.20682587603185,0.61,0.433351006970073
"trainxray",1,16,"050603A",TRUE,0.582063362911709,2.82,0.443313306767716
"trainxray",1,17,"050730A",FALSE,0.696094159995223,3.967,0.560993080919396
"trainxray",1,18,"050801A",TRUE,0.40823996531185,1.56,0.395875292293811
"trainxray",1,19,"050802A",FALSE,0.433001340945038,1.7102,0.418186299518433
"trainxray",1,20,"050803A",FALSE,0.653212513775344,3.5,0.465739075880492
"trainxray",1,21,"050820A",FALSE,0.558072259099146,2.6147,0.416947321556181
"trainxray",1,22,"050824A",FALSE,0.261928672990642,0.8278,0.228177602730704
"trainxray",1,23,"050904A",FALSE,0.862727528317975,6.29,0.638580613744571
"trainxray",1,24,"050908A",TRUE,0.637489729512511,3.34,0.417183972074709
"trainxray",1,25,"050922C",FALSE,0.504878459410216,2.198,0.349217569101028
"trainxray",1,26,"051016B",FALSE,0.286995073968852,0.9364,0.387752608681916
"trainxray",1,27,"051028A",TRUE,0.662757831681574,3.6,0.458524613902308
"trainxray",1,28,"051109A",FALSE,0.524525936626376,2.346,0.483798226645752
"trainxray",1,29,"051111A",TRUE,0.406540180433955,1.55,0.35434310230653
"trainxray",1,30,"060115A",FALSE,0.656098202012832,3.53,0.587129479017629
"trainxray",1,31,"060124A",FALSE,0.517987203025078,2.296,0.508538691628793
"trainxray",1,32,"060206A",FALSE,0.703119346236078,4.048,0.551602408434583
"trainxray",1,33,"060210A",FALSE,0.691081492122968,3.91,0.554596039623221
"trainxray",1,34,"060223A",FALSE,0.73319726510657,4.41,0.639700029825734
"trainxray",1,35,"060306A",FALSE,0.408070285887185,1.559,0.40120058402935
"trainxray",1,36,"060418A",FALSE,0.396024896608593,1.489,0.449874263847142
"trainxray",1,37,"060502A",FALSE,0.398391440229475,1.5026,0.470736340712654
"trainxray",1,38,"060510B",FALSE,0.770852011642144,4.9,0.559962331653848
"trainxray",1,39,"060512A",TRUE,0.15836249209525,0.44,0.468615847502795
"trainxray",1,40,"060526A",FALSE,0.625415352154408,3.221,0.488245059959971
"trainxray",1,41,"060604A",FALSE,0.496334505996816,2.1357,0.484065742092971
"trainxray",1,42,"060605A",FALSE,0.679427896612119,3.78,0.6269355466934
"trainxray",1,43,"060607A",FALSE,0.610116955411928,3.0749,0.571436526099321
"trainxray",1,44,"060707A",FALSE,0.645913275033844,3.425,0.439457094779242
"trainxray",1,45,"060708A",FALSE,0.465382851448418,1.92,0.466459978518786
"trainxray",1,46,"060714A",FALSE,0.569490954348783,2.711,0.600553824132744
"trainxray",1,47,"060729A",FALSE,0.187520720836463,0.54,0.34248382413479
"trainxray",1,48,"060814A",FALSE,0.465813957269479,1.9229,0.504921352246489
"trainxray",1,49,"060904B",FALSE,0.231214647962601,0.703,0.524612660103052
"trainxray",1,50,"060906A",FALSE,0.670802284260944,3.686,0.613493005587162
"trainxray",1,51,"060908A",FALSE,0.459935016851525,1.8836,0.523487852734751
"trainxray",1,52,"060912A",FALSE,0.287129620719111,0.937,0.363828845378853
"trainxray",1,53,"060926A",FALSE,0.6232492903979,3.2,0.5795159540951
"trainxray",1,54,"060927A",FALSE,0.8109042806687,5.47,0.609884574977658
"trainxray",1,55,"061007A",TRUE,0.354108439147401,1.26,0.44275972119834
"trainxray",1,56,"061021A",FALSE,0.129141845792285,0.3463,0.462179013969605
"trainxray",1,57,"061110A",FALSE,0.244969460136198,0.7578,0.416095706363791
"trainxray",1,58,"061121A",FALSE,0.364363354615731,1.314,0.439985663112282
"trainxray",1,59,"061126A",TRUE,0.334212409393176,1.1588,0.577657622317805
"trainxray",1,60,"061222A",FALSE,0.489677291663699,2.088,0.590718234837442
"trainxray",1,61,"070110A",FALSE,0.525304009958239,2.352,0.511410819002891
"trainxray",1,62,"070125A",TRUE,0.406540180433955,1.55,0.38679188238969
"trainxray",1,63,"070208A",FALSE,0.335457900689384,1.165,0.530239073063934
"trainxray",1,64,"070223A",FALSE,0.419873175149476,1.6295,0.513608030868325
"trainxray",1,65,"070306A",FALSE,0.397227181043161,1.4959,0.615300301429266
"trainxray",1,66,"070411A",TRUE,0.59659709562646,2.95,0.633200553759641
"trainxray",1,67,"070508A",FALSE,0.260071387985075,0.82,0.446530188686522
"trainxray",1,68,"070521A",FALSE,0.489466281303128,2.0865,0.571274284898365
"trainxray",1,69,"070529A",FALSE,0.544018407858776,2.4996,0.723800606277026
"trainxray",1,70,"070612A",TRUE,0.222976449893391,0.671,0.403463419337322
"trainxray",1,71,"070714B",FALSE,0.28397928423848,0.923,0.570440612925905
"trainxray",1,72,"070721B",FALSE,0.6652056284346,3.626,0.597580328783351
"trainxray",1,73,"070802A",FALSE,0.537819095073274,2.45,0.576903096735197
"trainxray",1,74,"070810A",FALSE,0.501059262217751,2.17,0.51839092944955
"trainxray",1,75,"071003A",FALSE,0.415699348887829,1.60435,0.43926338288619
"trainxray",1,76,"071010A",TRUE,0.298853076409707,0.99,0.593876619221835
"trainxray",1,77,"071010B",TRUE,0.289365951520032,0.947,0.458905317181337
"trainxray",1,78,"071020A",FALSE,0.497620649781288,2.145,0.315207818993255
"trainxray",1,79,"071025A",TRUE,0.778151250383644,5,0.629362512132434
"trainxray",1,80,"071112C",TRUE,0.260071387985075,0.82,0.341697070123076
"trainxray",1,81,"071117A",FALSE,0.367542273520577,1.331,0.480099179143257
"trainxray",1,82,"080310A",FALSE,0.534026106056135,2.42,0.463062162546759
"trainxray",1,83,"080319B",FALSE,0.287129620719111,0.937,0.308424820554849
"trainxray",1,84,"080319C",FALSE,0.469822015978163,1.95,0.412733793573064
"trainxray",1,85,"080330A",TRUE,0.399673721481038,1.51,0.48231990229381
"trainxray",1,86,"080411A",FALSE,0.307496037913213,1.03,0.284485007891204
"trainxray",1,87,"080430A",FALSE,0.247236549506764,0.767,0.353928743182823
"trainxray",1,88,"080516A",FALSE,0.6232492903979,3.2,0.398352221458976
"trainxray",1,89,"080603A",TRUE,0.429752280002408,1.69,0.443399327623649
"trainxray",1,90,"080603B",TRUE,0.566943971856554,2.6893,0.450215057038721
"trainxray",1,91,"080607A",FALSE,0.605951157564873,3.036,0.536751991355761
"trainxray",1,92,"080710A",FALSE,0.265996370495079,0.845,0.507530922817084
"trainxray",1,93,"080721A",FALSE,0.555215405126073,2.591,0.356955618404507
"trainxray",1,94,"080810A",FALSE,0.638489256954637,3.35,0.477493969666776
"trainxray",1,95,"080905B",FALSE,0.528145078253106,2.374,0.631585335495124
"trainxray",1,96,"080916A",FALSE,0.227552503379865,0.6887,0.50964030891534
"trainxray",1,97,"080928A",FALSE,0.430075055551939,1.692,0.526111129409742
"trainxray",1,98,"081007A",FALSE,0.184549481320698,0.5295,0.343853488304177
"trainxray",1,99,"081008A",FALSE,0.472537053262077,1.9685,0.533321274318403
"trainxray",1,100,"081028A",FALSE,0.60616631460762,3.038,0.564398041773435
"trainxray",1,101,"081029A",FALSE,0.685553652846326,3.8479,0.544471220551275
"trainxray",1,102,"081109A",TRUE,0.296665190261531,0.98,0.668144074506775
"trainxray",1,103,"081203A",FALSE,0.491361693834273,2.1,0.54078691792293
"trainxray",1,104,"081221A",FALSE,0.513217600067939,2.26,0.383024704722409
"trainxray",1,105,"081228A",TRUE,0.64738297011462,3.44,0.504414297464541
"trainxray",1,106,"081230A",FALSE,0.491361693834273,2.1,0.465494129909459
"trainxray",1,107,"090102A",FALSE,0.406028944963615,1.547,0.394838623471242
"trainxray",1,108,"090205A",FALSE,0.752025387323213,4.6497,0.519471993779945
"trainxray",1,109,"090313A",TRUE,0.6414741105041,3.38,0.523287423145063
"trainxray",1,110,"090418A",FALSE,0.416307587059883,1.608,0.550372235901979
"trainxray",1,111,"090423A",FALSE,0.966610986681934,8.26,0.701812400629252
"trainxray",1,112,"090424A",FALSE,0.188647295999717,0.544,0.403431042262247
"trainxray",1,113,"090516A",FALSE,0.708335902682263,4.109,0.533851071014516
"trainxray",1,114,"090519A",FALSE,0.685741738602264,3.85,0.811786080737351
"trainxray",1,115,"090529A",FALSE,0.559308010907013,2.625,0.441019226491583
"trainxray",1,116,"090530A",FALSE,0.355259905527378,1.266,0.413679979803229
"trainxray",1,117,"090618A",FALSE,0.187520720836463,0.54,0.328037309892068
"trainxray",1,118,"090726A",TRUE,0.569373909615046,2.71,0.421275989521158
"trainxray",1,119,"090809A",FALSE,0.572523097849638,2.737,0.496075342336945
"trainxray",1,120,"090812A",FALSE,0.538070787043172,2.452,0.512724729980401
"trainxray",1,121,"090927A",FALSE,0.374748346010104,1.37,0.442581649897268
"trainxray",1,122,"091018A",FALSE,0.294686624279443,0.971,0.300887995784228
"trainxray",1,123,"091020A",FALSE,0.432969290874406,1.71,0.4200892698726
"trainxray",1,124,"091024A",TRUE,0.320146286111054,1.09,0.49914664509731
"trainxray",1,125,"091029A",FALSE,0.574262829707027,2.752,0.440685143054653
"trainxray",1,126,"091109A",FALSE,0.610234175334389,3.076,0.574823119772004
"trainxray",1,127,"091127A",FALSE,0.173186268412274,0.49,0.179770265610199
"trainxray",1,128,"091208B",FALSE,0.314499227973151,1.063,0.401051440673488
"trainxray",1,129,"100219A",FALSE,0.753330221324521,4.6667,0.543098368151507
"trainxray",1,130,"100316B",FALSE,0.338456493604605,1.18,0.432536289361299
"trainxray",1,131,"100316D",TRUE,0.0253058652647703,0.06,0.332157640216482
"trainxray",1,132,"100418A",FALSE,0.21045229296202,0.6235,0.312017906551027
"trainxray",1,133,"100425A",FALSE,0.440121603187804,1.755,0.418196845278545
"trainxray",1,134,"100508A",TRUE,0.181872159010334,0.5201,0.409676878028718
"trainxray",1,135,"100513A",FALSE,0.761326322421457,4.772,0.631250833728199
"trainxray",1,136,"100704A",FALSE,0.662757831681574,3.6,0.387348742856283
"trainxray",1,137,"100728A",FALSE,0.409425868671443,1.567,0.443173624743627
"trainxray",1,138,"100814A",FALSE,0.387389826338729,1.44,0.349853026050008
"trainxray",1,139,"100816A",FALSE,0.256236533205923,0.804,0.364983230970084
"trainxray",1,140,"100901A",FALSE,0.381656482585787,1.408,0.471411193106744
"trainxray",1,141,"100906A",FALSE,0.43568513794163,1.727,0.402868946181221
"trainxray",1,142,"101219B",FALSE,0.190331698170291,0.55,0.462448166147999
"trainxray",1,143,"110106B",FALSE,0.208978517276253,0.618,0.493277888891005
"trainxray",1,144,"110205A",TRUE,0.506505032404872,2.21,0.487476536891073
"trainxray",1,145,"110213A",FALSE,0.390935107103379,1.46,0.421856644497859
"trainxray",1,146,"110422A",FALSE,0.442479769064449,1.77,0.483528001928702
"trainxray",1,147,"110503A",FALSE,0.417139409727326,1.613,0.404986134689291
"trainxray",1,148,"110715A",FALSE,0.260071387985075,0.82,0.395191150642295
"trainxray",1,149,"110726A",TRUE,0.308777773664721,1.036,0.459704046249726
"trainxray",1,150,"110731A",FALSE,0.583198773968623,2.83,0.467363606678385
"trainxray",1,151,"110801A",TRUE,0.456062224454951,1.858,0.670643371291496
"trainxray",1,152,"110808A",FALSE,0.370698092575577,1.348,0.431836395468825
"trainxray",1,153,"110818A",FALSE,0.639486489268586,3.36,0.653744511439569
"trainxray",1,154,"111107A",TRUE,0.590284403718162,2.893,0.557970169229565
"trainxray",1,155,"111123A",FALSE,0.618215503279417,3.1516,0.501738839356797
"trainxray",1,156,"111209A",FALSE,0.224533062606086,0.677,0.464345952711795
"trainxray",1,157,"111228A",FALSE,0.234010817587179,0.714,0.296731462378364
"trainxray",1,158,"120118B",FALSE,0.595826777073223,2.943,0.435969110749612
"trainxray",1,159,"120119A",TRUE,0.612783856719735,3.1,0.673551214139267
"trainxray",1,160,"120327A",FALSE,0.581266805273671,2.813,0.554153902085731
"trainxray",1,161,"120404A",FALSE,0.588383768378728,2.876,0.531002432806191
"trainxray",1,162,"120422A",FALSE,0.108226656374928,0.283,0.403028070055363
"trainxray",1,163,"120711A",TRUE,0.381115080709851,1.405,0.512992055418228
"trainxray",1,164,"120729A",FALSE,0.255272505103306,0.8,0.534863172154852
"trainxray",1,165,"120802A",FALSE,0.680879174426811,3.796,0.467552996066653
"trainxray",1,166,"120811C",FALSE,0.564784384503987,2.671,0.472469483234088
"trainxray",1,167,"120815A",TRUE,0.526339277389844,2.36,0.426692227596974
"trainxray",1,168,"120907A",FALSE,0.294466226161593,0.97,0.404908206987889
"trainxray",1,169,"120922A",FALSE,0.612783856719735,3.1,0.511201780142754
"trainxray",1,170,"121024A",FALSE,0.5182506513085,2.298,0.567145804394169
"trainxray",1,171,"121027A",FALSE,0.442949869577862,1.773,0.463263680548868
"trainxray",1,172,"121128A",FALSE,0.505149978319906,2.2,0.442467875112327
"trainxray",1,173,"121211A",FALSE,0.305995882770805,1.023,0.504691254170509
"trainxray",1,174,"121217A",TRUE,0.612783856719735,3.1,0.513146062256311
"trainxray",1,175,"130215A",TRUE,0.204119982655925,0.6,0.515117529800823
"trainxray",1,176,"130408A",FALSE,0.677333151419902,3.757,0.467243917354338
"trainxray",1,177,"130418A",FALSE,0.345961541813141,1.218,0.483326493347124
"trainxray",1,178,"130420A",FALSE,0.361160995195026,1.297,0.467982087506847
"trainxray",1,179,"130427A",TRUE,0.127104798364808,0.34,0.473924330642203
"trainxray",1,180,"130505A",FALSE,0.514547752660286,2.27,0.373110960477387
"trainxray",1,181,"130511A",FALSE,0.362350507594848,1.3033,0.458517979117866
"trainxray",1,182,"130514A",FALSE,0.662757831681574,3.6,0.48291921847621
"trainxray",1,183,"130604A",FALSE,0.313867220369153,1.06,0.369315026317353
"trainxray",1,184,"130606A",FALSE,0.839666556882433,5.913,0.535530511436565
"trainxray",1,185,"130831A",FALSE,0.16999753706657,0.4791,0.371633746436146
"trainxray",1,186,"130925A",FALSE,0.129367595722986,0.347,0.243105381859142
"trainxray",1,187,"131030A",FALSE,0.36078268987328,1.295,0.366578115997764
"trainxray",1,188,"131105A",FALSE,0.429106008332697,1.686,0.471152726537542
"trainxray",1,189,"131117A",FALSE,0.702602841340427,4.042,0.531779160880429
"trainxray",1,190,"140206A",FALSE,0.571708831808688,2.73,0.472382411682808
"trainxray",1,191,"140213A",FALSE,0.343920385393226,1.2076,0.313840426376906
"trainxray",1,192,"140419A",FALSE,0.695131297704026,3.956,0.517550364703687
"trainxray",1,193,"140423A",FALSE,0.629409599102719,3.26,0.556318525741165
"trainxray",1,194,"140430A",FALSE,0.414973347970818,1.6,0.430287701679093
"trainxray",1,195,"140506A",FALSE,0.276231957921834,0.889,0.383549497704665
"trainxray",1,196,"140509A",FALSE,0.531478917042255,2.4,0.537918492683403
"trainxray",1,197,"140512A",FALSE,0.236789099409293,0.725,0.363803003929588
"trainxray",1,198,"140518A",FALSE,0.756407872548958,4.707,0.715713464033712
"trainxray",1,199,"140614A",FALSE,0.718750734739665,4.233,0.571749760841217
"trainxray",1,200,"140629A",FALSE,0.515211304327802,2.275,0.387644156279316
"trainxray",1,201,"140801A",TRUE,0.3654879848909,1.32,0.465519648501067
"trainxray",1,202,"140907A",TRUE,0.344392273685111,1.21,0.530225743422411
"trainxray",1,203,"141004A",FALSE,0.196728722623287,0.573,0.398541375720885
"trainxray",1,204,"141121A",FALSE,0.392696953259666,1.47,0.430073102276311
"trainxray",1,205,"141220A",FALSE,0.365394376854778,1.3195,0.392556590878178
"trainxray",1,206,"141221A",TRUE,0.389166084364532,1.45,0.503147151211845
"trainxray",1,207,"150120B",FALSE,0.653212513775344,3.5,0.445595324569676
"trainxray",1,208,"150314A",FALSE,0.440594261839831,1.758,0.378299829084528
"trainxray",1,209,"150323A",TRUE,0.202215775801131,0.593,0.440607460796001
"trainxray",1,210,"150403A",FALSE,0.48572142648158,2.06,0.376814422764227
"trainxray",1,211,"150821A",FALSE,0.244277120801843,0.755,0.53744263525102
"trainxray",1,212,"150910A",FALSE,0.372727940885595,1.359,0.440802515121333
"trainxray",1,213,"151021A",FALSE,0.52244423350632,2.33,0.46718876466998
"trainxray",1,214,"151027A",FALSE,0.257678574869184,0.81,0.39752458341388
"trainxray",1,215,"151029A",FALSE,0.384353414137506,1.423,0.586572938858396
"trainxray",1,216,"151031A",FALSE,0.335858911319818,1.167,0.484366178099241
"trainxray",1,217,"151215A",FALSE,0.555094448578319,2.59,0.518123621451578
"trainxray",1,218,"160117B",FALSE,0.271841606536499,0.87,0.513936814755824
"trainxray",1,219,"160121A",FALSE,0.471291711058939,1.96,0.499156586668408
"trainxray",1,220,"160131A",TRUE,0.294906910605192,0.972,0.461309395656565
"trainxray",1,221,"160203A",FALSE,0.655138434811382,3.52,0.615582609555576
"trainxray",1,222,"160227A",FALSE,0.528916700277655,2.38,0.503376992920561
"trainxray",1,223,"160314A",TRUE,0.237040791379191,0.726,0.502790854516851
"trainxray",1,224,"160327A",FALSE,0.777426822389311,4.99,0.485311868621492
"trainxray",1,225,"160425A",TRUE,0.191730393362856,0.555,0.398543878497959
"trainxray",1,226,"160804A",FALSE,0.239549720840473,0.736,0.445386972894618
"trainxray",1,227,"161014A",TRUE,0.582404298019028,2.823,0.538056281698354
"trainxray",1,228,"161023A",TRUE,0.569373909615046,2.71,0.587858049146354
"trainxray",1,229,"161108A",FALSE,0.334252642334231,1.159,0.452416054251091
"trainxray",1,230,"161117A",FALSE,0.406369835469268,1.549,0.43077305668656
"trainxray",1,231,"161129A",FALSE,0.216165902285993,0.645,0.547503238832197
"trainxray",1,232,"161219B",FALSE,0.0597526942092988,0.1475,0.280174224489962
"trainxray",1,233,"170113A",TRUE,0.472463896606989,1.968,0.595159320924022
"trainxray",1,234,"170202A",FALSE,0.666985718329661,3.645,0.423813917496699
"trainxray",1,235,"170405A",FALSE,0.65417654187796,3.51,0.576437959556584
"trainxray",1,236,"170519A",FALSE,0.259593878885949,0.818,0.544251575026809
"trainxray",1,237,"170531B",FALSE,0.527114111639805,2.366,0.553528442738305
"trainxray",1,238,"170604A",TRUE,0.367169488534681,1.329,0.467464824899499
"trainxray",1,239,"170607A",TRUE,0.19228861256812,0.557,0.467483795098206
"trainxray",1,240,"170705A",FALSE,0.478566495593843,2.01,0.344727853224205
"trainxray",1,241,"170714A",FALSE,0.253580289562183,0.793,0.491094394166697
"trainxray",1,242,"170903A",FALSE,0.27554168840131,0.886,0.354671254478262
"trainxray",1,243,"171222A",FALSE,0.532627001228891,2.409,0.33452989911757
"trainxray",1,244,"180115A",TRUE,0.542451947375977,2.487,0.56808195372509
"trainxray",1,245,"180205A",FALSE,0.381836799998343,1.409,0.371906074659521
"trainxray",1,246,"180325A",TRUE,0.511616020569138,2.248,0.423762464329836
"trainxray",1,247,"180329B",FALSE,0.476831628512261,1.998,0.560210873360228
"trainxray",1,248,"180404A",FALSE,0.301029995663981,1,0.536278119126745
"trainxray",1,249,"180620B",FALSE,0.325823419002744,1.1175,0.472260692997316
"trainxray",1,250,"180624A",FALSE,0.586024382386976,2.855,0.49722736465782
"trainxray",1,251,"180720B",FALSE,0.218535505216528,0.654,0.281904167247591
"trainxray",1,252,"180728A",FALSE,0.0480531731156091,0.117,0.215144884832148
"trainxray",1,253,"181010A",FALSE,0.378397900948138,1.39,0.591335556497794
"trainxray",1,254,"181020A",FALSE,0.595275711802099,2.938,0.418759969066076
"trainxray",1,255,"181110A",FALSE,0.398807730203264,1.505,0.396923936478592
"trainxray",1,256,"181201A",TRUE,0.161368002234975,0.45,0.434924980007489
"trainxray",1,257,"190106A",FALSE,0.456214155357989,1.859,0.400949371204412
"trainxray",1,258,"190114A",FALSE,0.641126932803509,3.3765,0.515025496284886
"trainxray",1,259,"190719C",FALSE,0.54020429984206,2.469,0.331618356450327
"trainxray",1,260,"190829A",FALSE,0.0328201494385639,0.0785,0.298069637324999
"trainxray",1,261,"191011A",FALSE,0.434888120867316,1.722,0.490258328108077
"trainxray",1,262,"191221B",FALSE,0.332034277027518,1.148,0.41190529927151
"trainxray",1,263,"200205B",FALSE,0.391816923613249,1.465,0.629218320226058
"trainxray",1,264,"200613A",TRUE,0.347427598618541,1.2255,0.410041434466134
"trainxray",1,265,"200829A",FALSE,0.352182518111362,1.25,0.345454332349447
"trainxray",1,266,"201015A",TRUE,0.154119525515847,0.426,0.473182163878518
"trainxray",1,267,"201020A",FALSE,0.591398551281249,2.903,0.416774872014302
"trainxray",1,268,"201021C",TRUE,0.315970345456918,1.07,0.352313839728088
"trainxray",1,269,"201104B",FALSE,0.470410490975931,1.954,0.45452199402496
"trainxray",1,270,"201221A",FALSE,0.826074802700826,5.7,0.793173883445107
"trainxray",1,271,"210204A",TRUE,0.273232834043046,0.876,0.383720510231606
"trainxray",1,272,"210210A",FALSE,0.234264124378789,0.715,0.37284279953097
"trainxray",1,273,"210222B",FALSE,0.504878459410216,2.198,0.444379119224075
"trainxray",1,274,"210411C",FALSE,0.582744965691277,2.826,0.370199258538006
"trainxray",1,275,"210517A",FALSE,0.542327382773974,2.486,0.388063496594729
"trainxray",1,276,"210610A",FALSE,0.657055852857104,3.54,0.44842334966007
"trainxray",1,277,"210610B",FALSE,0.328379603438738,1.13,0.355783315480139
"trainxray",1,278,"210619B",FALSE,0.4679039465228,1.937,0.283500932320055
"trainxray",1,279,"210722A",FALSE,0.331427296520743,1.145,0.493620523276439
"trainxray",1,280,"210731A",FALSE,0.352664799651101,1.2525,0.48583186328278
"trainxray",1,281,"210822A",FALSE,0.437116093048079,1.736,0.315443858174496
"trainxray",1,282,"211024B",FALSE,0.325043347403704,1.1137,0.364080765378842
"trainxray",1,283,"220117A",FALSE,0.775319121829478,4.961,0.480875683662798
"trainxray",1,284,"220611A",FALSE,0.526442668529935,2.3608,0.470311690709694
"trainxray",1,285,"230116D",FALSE,0.682145076373832,3.81,0.592600295349222
"trainxray",1,286,"230325A",FALSE,0.425534220498263,1.664,0.55850454725458
"trainxray",1,287,"230414B",FALSE,0.659726095237792,3.568,0.52028441406987
"trainxray",1,288,"230506C",FALSE,0.672097857935718,3.7,0.39326119626715
"trainxray",1,289,"230818A",FALSE,0.534026106056135,2.42,0.39264771681959
"trainxray",1,290,"231210B",FALSE,0.615950051656401,3.13,0.509153280414704
"trainxray",1,291,"970508A",TRUE,0.262451089730429,0.83,0.59916507890323
"trainxray",2,1,"000926A",TRUE,0.482873583608754,2.04,0.410847288223471
"trainxray",2,2,"011211A",TRUE,0.496929648073215,2.14,0.596612529205554
"trainxray",2,3,"020124A",TRUE,0.623042434246382,3.198,0.467972138248795
"trainxray",2,4,"021004A",TRUE,0.523746466811564,2.34,0.521588338761445
"trainxray",2,5,"030226A",TRUE,0.47567118832443,1.99,0.405626612051269
"trainxray",2,6,"030329A",TRUE,0.0681858617461616,0.17,0.276011541521664
"trainxray",2,7,"050315A",FALSE,0.469674772551798,1.949,0.467709547420095
"trainxray",2,8,"050318A",FALSE,0.387389826338729,1.44,0.404718357131306
"trainxray",2,9,"050319A",FALSE,0.627365856592733,3.24,0.44842612471079
"trainxray",2,10,"050401A",FALSE,0.591064607026499,2.9,0.410141087954615
"trainxray",2,11,"050416A",FALSE,0.218220304175545,0.6528,0.260172514173934
"trainxray",2,12,"050502A",TRUE,0.680335513414563,3.79,0.539286051785
"trainxray",2,13,"050502B",TRUE,0.680607428991788,3.793,0.52624637911051
"trainxray",2,14,"050505A",FALSE,0.721810615212547,4.27,0.58380053650346
"trainxray",2,15,"050525A",TRUE,0.20682587603185,0.61,0.481269919833923
"trainxray",2,16,"050603A",TRUE,0.582063362911709,2.82,0.42014837397428
"trainxray",2,17,"050730A",FALSE,0.696094159995223,3.967,0.510658018819129
"trainxray",2,18,"050801A",TRUE,0.40823996531185,1.56,0.434889018102615
"trainxray",2,19,"050802A",FALSE,0.433001340945038,1.7102,0.436794445716094
"trainxray",2,20,"050803A",FALSE,0.653212513775344,3.5,0.471667094233935
"trainxray",2,21,"050820A",FALSE,0.558072259099146,2.6147,0.424904787777434
"trainxray",2,22,"050824A",FALSE,0.261928672990642,0.8278,0.372503386397907
"trainxray",2,23,"050904A",FALSE,0.862727528317975,6.29,0.617141099506722
"trainxray",2,24,"050908A",TRUE,0.637489729512511,3.34,0.390172993273918
"trainxray",2,25,"050922C",FALSE,0.504878459410216,2.198,0.418292211357021
"trainxray",2,26,"051016B",FALSE,0.286995073968852,0.9364,0.371180621602761
"trainxray",2,27,"051028A",TRUE,0.662757831681574,3.6,0.483431953263963
"trainxray",2,28,"051109A",FALSE,0.524525936626376,2.346,0.495606348767739
"trainxray",2,29,"051111A",TRUE,0.406540180433955,1.55,0.372523362703284
"trainxray",2,30,"060115A",FALSE,0.656098202012832,3.53,0.550039237415763
"trainxray",2,31,"060124A",FALSE,0.517987203025078,2.296,0.477978176060046
"trainxray",2,32,"060206A",FALSE,0.703119346236078,4.048,0.517048578955453
"trainxray",2,33,"060210A",FALSE,0.691081492122968,3.91,0.529443221733032
"trainxray",2,34,"060223A",FALSE,0.73319726510657,4.41,0.64049323509089
"trainxray",2,35,"060306A",FALSE,0.408070285887185,1.559,0.407589234698712
"trainxray",2,36,"060418A",FALSE,0.396024896608593,1.489,0.39803322481504
"trainxray",2,37,"060502A",FALSE,0.398391440229475,1.5026,0.492562187747317
"trainxray",2,38,"060510B",FALSE,0.770852011642144,4.9,0.554943546259944
"trainxray",2,39,"060512A",TRUE,0.15836249209525,0.44,0.47208115962208
"trainxray",2,40,"060526A",FALSE,0.625415352154408,3.221,0.478210121899553
"trainxray",2,41,"060604A",FALSE,0.496334505996816,2.1357,0.559009719364666
"trainxray",2,42,"060605A",FALSE,0.679427896612119,3.78,0.626632528600324
"trainxray",2,43,"060607A",FALSE,0.610116955411928,3.0749,0.582763072535621
"trainxray",2,44,"060707A",FALSE,0.645913275033844,3.425,0.538822174415034
"trainxray",2,45,"060708A",FALSE,0.465382851448418,1.92,0.441266959536069
"trainxray",2,46,"060714A",FALSE,0.569490954348783,2.711,0.558195522238553
"trainxray",2,47,"060729A",FALSE,0.187520720836463,0.54,0.380955942354913
"trainxray",2,48,"060814A",FALSE,0.465813957269479,1.9229,0.499479623486593
"trainxray",2,49,"060904B",FALSE,0.231214647962601,0.703,0.503138961775006
"trainxray",2,50,"060906A",FALSE,0.670802284260944,3.686,0.631427368747077
"trainxray",2,51,"060908A",FALSE,0.459935016851525,1.8836,0.494239096137778
"trainxray",2,52,"060912A",FALSE,0.287129620719111,0.937,0.404603383446531
"trainxray",2,53,"060926A",FALSE,0.6232492903979,3.2,0.538245022180485
"trainxray",2,54,"060927A",FALSE,0.8109042806687,5.47,0.626244143496853
"trainxray",2,55,"061007A",TRUE,0.354108439147401,1.26,0.473190050025774
"trainxray",2,56,"061021A",FALSE,0.129141845792285,0.3463,0.434248466155449
"trainxray",2,57,"061110A",FALSE,0.244969460136198,0.7578,0.38524749526231
"trainxray",2,58,"061121A",FALSE,0.364363354615731,1.314,0.403677053131754
"trainxray",2,59,"061126A",TRUE,0.334212409393176,1.1588,0.567173043044536
"trainxray",2,60,"061222A",FALSE,0.489677291663699,2.088,0.543891813144169
"trainxray",2,61,"070110A",FALSE,0.525304009958239,2.352,0.436753212720152
"trainxray",2,62,"070125A",TRUE,0.406540180433955,1.55,0.395011675120264
"trainxray",2,63,"070208A",FALSE,0.335457900689384,1.165,0.54104719281096
"trainxray",2,64,"070223A",FALSE,0.419873175149476,1.6295,0.502425440756838
"trainxray",2,65,"070306A",FALSE,0.397227181043161,1.4959,0.552336100284291
"trainxray",2,66,"070411A",TRUE,0.59659709562646,2.95,0.627844579187376
"trainxray",2,67,"070508A",FALSE,0.260071387985075,0.82,0.427888022054213
"trainxray",2,68,"070521A",FALSE,0.489466281303128,2.0865,0.555213308979481
"trainxray",2,69,"070529A",FALSE,0.544018407858776,2.4996,0.720187456279185
"trainxray",2,70,"070612A",TRUE,0.222976449893391,0.671,0.441338028282521
"trainxray",2,71,"070714B",FALSE,0.28397928423848,0.923,0.555317666937166
"trainxray",2,72,"070721B",FALSE,0.6652056284346,3.626,0.585343659517386
"trainxray",2,73,"070802A",FALSE,0.537819095073274,2.45,0.525412075272289
"trainxray",2,74,"070810A",FALSE,0.501059262217751,2.17,0.514949228173405
"trainxray",2,75,"071003A",FALSE,0.415699348887829,1.60435,0.446287463806343
"trainxray",2,76,"071010A",TRUE,0.298853076409707,0.99,0.572013392536284
"trainxray",2,77,"071010B",TRUE,0.289365951520032,0.947,0.431165546869352
"trainxray",2,78,"071020A",FALSE,0.497620649781288,2.145,0.357793367279496
"trainxray",2,79,"071025A",TRUE,0.778151250383644,5,0.612995065404671
"trainxray",2,80,"071112C",TRUE,0.260071387985075,0.82,0.351488086895183
"trainxray",2,81,"071117A",FALSE,0.367542273520577,1.331,0.489870521640421
"trainxray",2,82,"080310A",FALSE,0.534026106056135,2.42,0.499158995294982
"trainxray",2,83,"080319B",FALSE,0.287129620719111,0.937,0.388136223524743
"trainxray",2,84,"080319C",FALSE,0.469822015978163,1.95,0.362249796855112
"trainxray",2,85,"080330A",TRUE,0.399673721481038,1.51,0.428235527908993
"trainxray",2,86,"080411A",FALSE,0.307496037913213,1.03,0.310898819577637
"trainxray",2,87,"080430A",FALSE,0.247236549506764,0.767,0.405991793879606
"trainxray",2,88,"080516A",FALSE,0.6232492903979,3.2,0.454696252673712
"trainxray",2,89,"080603A",TRUE,0.429752280002408,1.69,0.430662959259004
"trainxray",2,90,"080603B",TRUE,0.566943971856554,2.6893,0.415171266627969
"trainxray",2,91,"080607A",FALSE,0.605951157564873,3.036,0.518351820005564
"trainxray",2,92,"080710A",FALSE,0.265996370495079,0.845,0.480514371194009
"trainxray",2,93,"080721A",FALSE,0.555215405126073,2.591,0.371891796095105
"trainxray",2,94,"080810A",FALSE,0.638489256954637,3.35,0.500776087342853
"trainxray",2,95,"080905B",FALSE,0.528145078253106,2.374,0.553931658132626
"trainxray",2,96,"080916A",FALSE,0.227552503379865,0.6887,0.509795595569677
"trainxray",2,97,"080928A",FALSE,0.430075055551939,1.692,0.511547558349276
"trainxray",2,98,"081007A",FALSE,0.184549481320698,0.5295,0.387867026022556
"trainxray",2,99,"081008A",FALSE,0.472537053262077,1.9685,0.512219537903114
"trainxray",2,100,"081028A",FALSE,0.60616631460762,3.038,0.506402507018489
"trainxray",2,101,"081029A",FALSE,0.685553652846326,3.8479,0.580898143774979
"trainxray",2,102,"081109A",TRUE,0.296665190261531,0.98,0.616262531976549
"trainxray",2,103,"081203A",FALSE,0.491361693834273,2.1,0.459518735286673
"trainxray",2,104,"081221A",FALSE,0.513217600067939,2.26,0.386325112717602
"trainxray",2,105,"081228A",TRUE,0.64738297011462,3.44,0.507497815271019
"trainxray",2,106,"081230A",FALSE,0.491361693834273,2.1,0.497899590161887
"trainxray",2,107,"090102A",FALSE,0.406028944963615,1.547,0.4076764745081
"trainxray",2,108,"090205A",FALSE,0.752025387323213,4.6497,0.481406801238577
"trainxray",2,109,"090313A",TRUE,0.6414741105041,3.38,0.515063693997054
"trainxray",2,110,"090418A",FALSE,0.416307587059883,1.608,0.598978395401908
"trainxray",2,111,"090423A",FALSE,0.966610986681934,8.26,0.757075090289492
"trainxray",2,112,"090424A",FALSE,0.188647295999717,0.544,0.363448402727313
"trainxray",2,113,"090516A",FALSE,0.708335902682263,4.109,0.500441532551352
"trainxray",2,114,"090519A",FALSE,0.685741738602264,3.85,0.902283225262984
"trainxray",2,115,"090529A",FALSE,0.559308010907013,2.625,0.402501236546018
"trainxray",2,116,"090530A",FALSE,0.355259905527378,1.266,0.45123722892328
"trainxray",2,117,"090618A",FALSE,0.187520720836463,0.54,0.318212835181196
"trainxray",2,118,"090726A",TRUE,0.569373909615046,2.71,0.447299294248151
"trainxray",2,119,"090809A",FALSE,0.572523097849638,2.737,0.548097979703961
"trainxray",2,120,"090812A",FALSE,0.538070787043172,2.452,0.528192605684292
"trainxray",2,121,"090927A",FALSE,0.374748346010104,1.37,0.366522768262146
"trainxray",2,122,"091018A",FALSE,0.294686624279443,0.971,0.351113530302428
"trainxray",2,123,"091020A",FALSE,0.432969290874406,1.71,0.44746344880114
"trainxray",2,124,"091024A",TRUE,0.320146286111054,1.09,0.515947080282759
"trainxray",2,125,"091029A",FALSE,0.574262829707027,2.752,0.475751339338069
"trainxray",2,126,"091109A",FALSE,0.610234175334389,3.076,0.559749554984311
"trainxray",2,127,"091127A",FALSE,0.173186268412274,0.49,0.212859835257957
"trainxray",2,128,"091208B",FALSE,0.314499227973151,1.063,0.435161591619329
"trainxray",2,129,"100219A",FALSE,0.753330221324521,4.6667,0.462311426509739
"trainxray",2,130,"100316B",FALSE,0.338456493604605,1.18,0.457956156711065
"trainxray",2,131,"100316D",TRUE,0.0253058652647703,0.06,0.361008917936613
"trainxray",2,132,"100418A",FALSE,0.21045229296202,0.6235,0.463510496594449
"trainxray",2,133,"100425A",FALSE,0.440121603187804,1.755,0.447531776306799
"trainxray",2,134,"100508A",TRUE,0.181872159010334,0.5201,0.444081839340288
"trainxray",2,135,"100513A",FALSE,0.761326322421457,4.772,0.601052685633126
"trainxray",2,136,"100704A",FALSE,0.662757831681574,3.6,0.428865505844325
"trainxray",2,137,"100728A",FALSE,0.409425868671443,1.567,0.446793507462166
"trainxray",2,138,"100814A",FALSE,0.387389826338729,1.44,0.341508375558317
"trainxray",2,139,"100816A",FALSE,0.256236533205923,0.804,0.380043029997312
"trainxray",2,140,"100901A",FALSE,0.381656482585787,1.408,0.498160219541888
"trainxray",2,141,"100906A",FALSE,0.43568513794163,1.727,0.448504800997985
"trainxray",2,142,"101219B",FALSE,0.190331698170291,0.55,0.437039224189853
"trainxray",2,143,"110106B",FALSE,0.208978517276253,0.618,0.45137410351865
"trainxray",2,144,"110205A",TRUE,0.506505032404872,2.21,0.48842893662161
"trainxray",2,145,"110213A",FALSE,0.390935107103379,1.46,0.438617437575136
"trainxray",2,146,"110422A",FALSE,0.442479769064449,1.77,0.425931442330554
"trainxray",2,147,"110503A",FALSE,0.417139409727326,1.613,0.472136275664679
"trainxray",2,148,"110715A",FALSE,0.260071387985075,0.82,0.409089772206166
"trainxray",2,149,"110726A",TRUE,0.308777773664721,1.036,0.470232710937187
"trainxray",2,150,"110731A",FALSE,0.583198773968623,2.83,0.450091910748777
"trainxray",2,151,"110801A",TRUE,0.456062224454951,1.858,0.590721038311553
"trainxray",2,152,"110808A",FALSE,0.370698092575577,1.348,0.528272704551417
"trainxray",2,153,"110818A",FALSE,0.639486489268586,3.36,0.648027578587891
"trainxray",2,154,"111107A",TRUE,0.590284403718162,2.893,0.538678033154173
"trainxray",2,155,"111123A",FALSE,0.618215503279417,3.1516,0.481669804482669
"trainxray",2,156,"111209A",FALSE,0.224533062606086,0.677,0.557535315025346
"trainxray",2,157,"111228A",FALSE,0.234010817587179,0.714,0.339262237885731
"trainxray",2,158,"120118B",FALSE,0.595826777073223,2.943,0.459523414555193
"trainxray",2,159,"120119A",TRUE,0.612783856719735,3.1,0.690272664481305
"trainxray",2,160,"120327A",FALSE,0.581266805273671,2.813,0.587392609079205
"trainxray",2,161,"120404A",FALSE,0.588383768378728,2.876,0.560389394247086
"trainxray",2,162,"120422A",FALSE,0.108226656374928,0.283,0.499455107595082
"trainxray",2,163,"120711A",TRUE,0.381115080709851,1.405,0.532473012673035
"trainxray",2,164,"120729A",FALSE,0.255272505103306,0.8,0.473427170211792
"trainxray",2,165,"120802A",FALSE,0.680879174426811,3.796,0.55410439802189
"trainxray",2,166,"120811C",FALSE,0.564784384503987,2.671,0.502298971310324
"trainxray",2,167,"120815A",TRUE,0.526339277389844,2.36,0.403691689292749
"trainxray",2,168,"120907A",FALSE,0.294466226161593,0.97,0.434861311251393
"trainxray",2,169,"120922A",FALSE,0.612783856719735,3.1,0.487939007774701
"trainxray",2,170,"121024A",FALSE,0.5182506513085,2.298,0.566805178784916
"trainxray",2,171,"121027A",FALSE,0.442949869577862,1.773,0.553294270473978
"trainxray",2,172,"121128A",FALSE,0.505149978319906,2.2,0.453064344035589
"trainxray",2,173,"121211A",FALSE,0.305995882770805,1.023,0.452850106703779
"trainxray",2,174,"121217A",TRUE,0.612783856719735,3.1,0.493665830762253
"trainxray",2,175,"130215A",TRUE,0.204119982655925,0.6,0.488904809561693
"trainxray",2,176,"130408A",FALSE,0.677333151419902,3.757,0.488582509598059
"trainxray",2,177,"130418A",FALSE,0.345961541813141,1.218,0.408247317736998
"trainxray",2,178,"130420A",FALSE,0.361160995195026,1.297,0.474882098248367
"trainxray",2,179,"130427A",TRUE,0.127104798364808,0.34,0.473373980746952
"trainxray",2,180,"130505A",FALSE,0.514547752660286,2.27,0.354431579001188
"trainxray",2,181,"130511A",FALSE,0.362350507594848,1.3033,0.492369941036058
"trainxray",2,182,"130514A",FALSE,0.662757831681574,3.6,0.442364885165475
"trainxray",2,183,"130604A",FALSE,0.313867220369153,1.06,0.388209168157388
"trainxray",2,184,"130606A",FALSE,0.839666556882433,5.913,0.428437552146945
"trainxray",2,185,"130831A",FALSE,0.16999753706657,0.4791,0.358533327067161
"trainxray",2,186,"130925A",FALSE,0.129367595722986,0.347,0.377794569390301
"trainxray",2,187,"131030A",FALSE,0.36078268987328,1.295,0.337435994069781
"trainxray",2,188,"131105A",FALSE,0.429106008332697,1.686,0.468690605274955
"trainxray",2,189,"131117A",FALSE,0.702602841340427,4.042,0.528452552529356
"trainxray",2,190,"140206A",FALSE,0.571708831808688,2.73,0.434118447075527
"trainxray",2,191,"140213A",FALSE,0.343920385393226,1.2076,0.295487772096873
"trainxray",2,192,"140419A",FALSE,0.695131297704026,3.956,0.481842377040316
"trainxray",2,193,"140423A",FALSE,0.629409599102719,3.26,0.509606259893586
"trainxray",2,194,"140430A",FALSE,0.414973347970818,1.6,0.386647586733815
"trainxray",2,195,"140506A",FALSE,0.276231957921834,0.889,0.413905662719072
"trainxray",2,196,"140509A",FALSE,0.531478917042255,2.4,0.52966278707123
"trainxray",2,197,"140512A",FALSE,0.236789099409293,0.725,0.391066369894416
"trainxray",2,198,"140518A",FALSE,0.756407872548958,4.707,0.745060155681452
"trainxray",2,199,"140614A",FALSE,0.718750734739665,4.233,0.529066568210546
"trainxray",2,200,"140629A",FALSE,0.515211304327802,2.275,0.396429222245672
"trainxray",2,201,"140801A",TRUE,0.3654879848909,1.32,0.50008313177075
"trainxray",2,202,"140907A",TRUE,0.344392273685111,1.21,0.510014306723773
"trainxray",2,203,"141004A",FALSE,0.196728722623287,0.573,0.391907940783468
"trainxray",2,204,"141121A",FALSE,0.392696953259666,1.47,0.556296387778666
"trainxray",2,205,"141220A",FALSE,0.365394376854778,1.3195,0.459898697960132
"trainxray",2,206,"141221A",TRUE,0.389166084364532,1.45,0.49696418713248
"trainxray",2,207,"150120B",FALSE,0.653212513775344,3.5,0.472174100572156
"trainxray",2,208,"150314A",FALSE,0.440594261839831,1.758,0.404224557192606
"trainxray",2,209,"150323A",TRUE,0.202215775801131,0.593,0.388345518852165
"trainxray",2,210,"150403A",FALSE,0.48572142648158,2.06,0.424312389975604
"trainxray",2,211,"150821A",FALSE,0.244277120801843,0.755,0.536060859901757
"trainxray",2,212,"150910A",FALSE,0.372727940885595,1.359,0.473657805449782
"trainxray",2,213,"151021A",FALSE,0.52244423350632,2.33,0.458499270839908
"trainxray",2,214,"151027A",FALSE,0.257678574869184,0.81,0.398260611560877
"trainxray",2,215,"151029A",FALSE,0.384353414137506,1.423,0.601372240821097
"trainxray",2,216,"151031A",FALSE,0.335858911319818,1.167,0.52949959781007
"trainxray",2,217,"151215A",FALSE,0.555094448578319,2.59,0.569549430007977
"trainxray",2,218,"160117B",FALSE,0.271841606536499,0.87,0.54918326002969
"trainxray",2,219,"160121A",FALSE,0.471291711058939,1.96,0.484576181946435
"trainxray",2,220,"160131A",TRUE,0.294906910605192,0.972,0.415928559170962
"trainxray",2,221,"160203A",FALSE,0.655138434811382,3.52,0.576923770041115
"trainxray",2,222,"160227A",FALSE,0.528916700277655,2.38,0.511327608884511
"trainxray",2,223,"160314A",TRUE,0.237040791379191,0.726,0.432523533531751
"trainxray",2,224,"160327A",FALSE,0.777426822389311,4.99,0.516322597616778
"trainxray",2,225,"160425A",TRUE,0.191730393362856,0.555,0.381342191473227
"trainxray",2,226,"160804A",FALSE,0.239549720840473,0.736,0.413908837140056
"trainxray",2,227,"161014A",TRUE,0.582404298019028,2.823,0.53535432370019
"trainxray",2,228,"161023A",TRUE,0.569373909615046,2.71,0.548658320602637
"trainxray",2,229,"161108A",FALSE,0.334252642334231,1.159,0.426878326665959
"trainxray",2,230,"161117A",FALSE,0.406369835469268,1.549,0.458289584847377
"trainxray",2,231,"161129A",FALSE,0.216165902285993,0.645,0.508892090716458
"trainxray",2,232,"161219B",FALSE,0.0597526942092988,0.1475,0.307187897847536
"trainxray",2,233,"170113A",TRUE,0.472463896606989,1.968,0.561661141039455
"trainxray",2,234,"170202A",FALSE,0.666985718329661,3.645,0.442337155811788
"trainxray",2,235,"170405A",FALSE,0.65417654187796,3.51,0.513462373000799
"trainxray",2,236,"170519A",FALSE,0.259593878885949,0.818,0.505008308608052
"trainxray",2,237,"170531B",FALSE,0.527114111639805,2.366,0.584999483194778
"trainxray",2,238,"170604A",TRUE,0.367169488534681,1.329,0.434775640604975
"trainxray",2,239,"170607A",TRUE,0.19228861256812,0.557,0.498153541340373
"trainxray",2,240,"170705A",FALSE,0.478566495593843,2.01,0.346653916251795
"trainxray",2,241,"170714A",FALSE,0.253580289562183,0.793,0.358770508195444
"trainxray",2,242,"170903A",FALSE,0.27554168840131,0.886,0.387890724611989
"trainxray",2,243,"171222A",FALSE,0.532627001228891,2.409,0.442118750911209
"trainxray",2,244,"180115A",TRUE,0.542451947375977,2.487,0.52371424251465
"trainxray",2,245,"180205A",FALSE,0.381836799998343,1.409,0.409018456744747
"trainxray",2,246,"180325A",TRUE,0.511616020569138,2.248,0.450427055579848
"trainxray",2,247,"180329B",FALSE,0.476831628512261,1.998,0.589218500455276
"trainxray",2,248,"180404A",FALSE,0.301029995663981,1,0.48344352168835
"trainxray",2,249,"180620B",FALSE,0.325823419002744,1.1175,0.409887198317529
"trainxray",2,250,"180624A",FALSE,0.586024382386976,2.855,0.449011535221961
"trainxray",2,251,"180720B",FALSE,0.218535505216528,0.654,0.234238912580147
"trainxray",2,252,"180728A",FALSE,0.0480531731156091,0.117,0.187619982913006
"trainxray",2,253,"181010A",FALSE,0.378397900948138,1.39,0.571601052979012
"trainxray",2,254,"181020A",FALSE,0.595275711802099,2.938,0.343083429639995
"trainxray",2,255,"181110A",FALSE,0.398807730203264,1.505,0.452695603340045
"trainxray",2,256,"181201A",TRUE,0.161368002234975,0.45,0.4290273098101
"trainxray",2,257,"190106A",FALSE,0.456214155357989,1.859,0.463986882153142
"trainxray",2,258,"190114A",FALSE,0.641126932803509,3.3765,0.455402768918428
"trainxray",2,259,"190719C",FALSE,0.54020429984206,2.469,0.391299886451573
"trainxray",2,260,"190829A",FALSE,0.0328201494385639,0.0785,0.246155396436227
"trainxray",2,261,"191011A",FALSE,0.434888120867316,1.722,0.510672119867809
"trainxray",2,262,"191221B",FALSE,0.332034277027518,1.148,0.37401106143695
"trainxray",2,263,"200205B",FALSE,0.391816923613249,1.465,0.671549793599016
"trainxray",2,264,"200613A",TRUE,0.347427598618541,1.2255,0.436102898680414
"trainxray",2,265,"200829A",FALSE,0.352182518111362,1.25,0.30807702416328
"trainxray",2,266,"201015A",TRUE,0.154119525515847,0.426,0.478592765479806
"trainxray",2,267,"201020A",FALSE,0.591398551281249,2.903,0.406971390420432
"trainxray",2,268,"201021C",TRUE,0.315970345456918,1.07,0.399430030636182
"trainxray",2,269,"201104B",FALSE,0.470410490975931,1.954,0.464460045790919
"trainxray",2,270,"201221A",FALSE,0.826074802700826,5.7,0.862167672864306
"trainxray",2,271,"210204A",TRUE,0.273232834043046,0.876,0.386320797734984
"trainxray",2,272,"210210A",FALSE,0.234264124378789,0.715,0.368256595324271
"trainxray",2,273,"210222B",FALSE,0.504878459410216,2.198,0.445604419767264
"trainxray",2,274,"210411C",FALSE,0.582744965691277,2.826,0.327510401402411
"trainxray",2,275,"210517A",FALSE,0.542327382773974,2.486,0.425025127071664
"trainxray",2,276,"210610A",FALSE,0.657055852857104,3.54,0.427346468277732
"trainxray",2,277,"210610B",FALSE,0.328379603438738,1.13,0.392224052893999
"trainxray",2,278,"210619B",FALSE,0.4679039465228,1.937,0.260154651336269
"trainxray",2,279,"210722A",FALSE,0.331427296520743,1.145,0.485849665154294
"trainxray",2,280,"210731A",FALSE,0.352664799651101,1.2525,0.507558769643584
"trainxray",2,281,"210822A",FALSE,0.437116093048079,1.736,0.351651023705895
"trainxray",2,282,"211024B",FALSE,0.325043347403704,1.1137,0.355049938191318
"trainxray",2,283,"220117A",FALSE,0.775319121829478,4.961,0.44894465088337
"trainxray",2,284,"220611A",FALSE,0.526442668529935,2.3608,0.509078555366083
"trainxray",2,285,"230116D",FALSE,0.682145076373832,3.81,0.533007872417627
"trainxray",2,286,"230325A",FALSE,0.425534220498263,1.664,0.520868018344334
"trainxray",2,287,"230414B",FALSE,0.659726095237792,3.568,0.519074024785459
"trainxray",2,288,"230506C",FALSE,0.672097857935718,3.7,0.407913608723697
"trainxray",2,289,"230818A",FALSE,0.534026106056135,2.42,0.39646832448434
"trainxray",2,290,"231210B",FALSE,0.615950051656401,3.13,0.497836084078011
"trainxray",2,291,"970508A",TRUE,0.262451089730429,0.83,0.522468252816254
"trainxray",3,1,"000926A",TRUE,0.482873583608754,2.04,0.42195164908019
"trainxray",3,2,"011211A",TRUE,0.496929648073215,2.14,0.656671936431006
"trainxray",3,3,"020124A",TRUE,0.623042434246382,3.198,0.472034304918295
"trainxray",3,4,"021004A",TRUE,0.523746466811564,2.34,0.451497861068928
"trainxray",3,5,"030226A",TRUE,0.47567118832443,1.99,0.411916865284435
"trainxray",3,6,"030329A",TRUE,0.0681858617461616,0.17,0.252713018061684
"trainxray",3,7,"050315A",FALSE,0.469674772551798,1.949,0.390145907657536
"trainxray",3,8,"050318A",FALSE,0.387389826338729,1.44,0.417659217549618
"trainxray",3,9,"050319A",FALSE,0.627365856592733,3.24,0.408283636166407
"trainxray",3,10,"050401A",FALSE,0.591064607026499,2.9,0.407967659969111
"trainxray",3,11,"050416A",FALSE,0.218220304175545,0.6528,0.215378889757974
"trainxray",3,12,"050502A",TRUE,0.680335513414563,3.79,0.5296870913184
"trainxray",3,13,"050502B",TRUE,0.680607428991788,3.793,0.524817588182135
"trainxray",3,14,"050505A",FALSE,0.721810615212547,4.27,0.593095597093291
"trainxray",3,15,"050525A",TRUE,0.20682587603185,0.61,0.466810998438391
"trainxray",3,16,"050603A",TRUE,0.582063362911709,2.82,0.465674494000249
"trainxray",3,17,"050730A",FALSE,0.696094159995223,3.967,0.464183592281163
"trainxray",3,18,"050801A",TRUE,0.40823996531185,1.56,0.451267553664077
"trainxray",3,19,"050802A",FALSE,0.433001340945038,1.7102,0.414876840192321
"trainxray",3,20,"050803A",FALSE,0.653212513775344,3.5,0.478152226169392
"trainxray",3,21,"050820A",FALSE,0.558072259099146,2.6147,0.395543540621421
"trainxray",3,22,"050824A",FALSE,0.261928672990642,0.8278,0.291157148919123
"trainxray",3,23,"050904A",FALSE,0.862727528317975,6.29,0.643249671201313
"trainxray",3,24,"050908A",TRUE,0.637489729512511,3.34,0.377073400938773
"trainxray",3,25,"050922C",FALSE,0.504878459410216,2.198,0.364816618118639
"trainxray",3,26,"051016B",FALSE,0.286995073968852,0.9364,0.401189656186701
"trainxray",3,27,"051028A",TRUE,0.662757831681574,3.6,0.471095009329944
"trainxray",3,28,"051109A",FALSE,0.524525936626376,2.346,0.478967421430808
"trainxray",3,29,"051111A",TRUE,0.406540180433955,1.55,0.390587941463539
"trainxray",3,30,"060115A",FALSE,0.656098202012832,3.53,0.585055921842465
"trainxray",3,31,"060124A",FALSE,0.517987203025078,2.296,0.495951517791798
"trainxray",3,32,"060206A",FALSE,0.703119346236078,4.048,0.532730558394951
"trainxray",3,33,"060210A",FALSE,0.691081492122968,3.91,0.525372528732262
"trainxray",3,34,"060223A",FALSE,0.73319726510657,4.41,0.663052712034389
"trainxray",3,35,"060306A",FALSE,0.408070285887185,1.559,0.406463673900549
"trainxray",3,36,"060418A",FALSE,0.396024896608593,1.489,0.434909170818749
"trainxray",3,37,"060502A",FALSE,0.398391440229475,1.5026,0.466167457524527
"trainxray",3,38,"060510B",FALSE,0.770852011642144,4.9,0.538751427167817
"trainxray",3,39,"060512A",TRUE,0.15836249209525,0.44,0.468715995032824
"trainxray",3,40,"060526A",FALSE,0.625415352154408,3.221,0.483427973919941
"trainxray",3,41,"060604A",FALSE,0.496334505996816,2.1357,0.543132225915875
"trainxray",3,42,"060605A",FALSE,0.679427896612119,3.78,0.578248005976813
"trainxray",3,43,"060607A",FALSE,0.610116955411928,3.0749,0.529588128042865
"trainxray",3,44,"060707A",FALSE,0.645913275033844,3.425,0.470495320545602
"trainxray",3,45,"060708A",FALSE,0.465382851448418,1.92,0.439373102104274
"trainxray",3,46,"060714A",FALSE,0.569490954348783,2.711,0.571270071575642
"trainxray",3,47,"060729A",FALSE,0.187520720836463,0.54,0.333449355870202
"trainxray",3,48,"060814A",FALSE,0.465813957269479,1.9229,0.478280894823363
"trainxray",3,49,"060904B",FALSE,0.231214647962601,0.703,0.549711893254918
"trainxray",3,50,"060906A",FALSE,0.670802284260944,3.686,0.628584641163998
"trainxray",3,51,"060908A",FALSE,0.459935016851525,1.8836,0.500268555745033
"trainxray",3,52,"060912A",FALSE,0.287129620719111,0.937,0.339190181738788
"trainxray",3,53,"060926A",FALSE,0.6232492903979,3.2,0.606345930272627
"trainxray",3,54,"060927A",FALSE,0.8109042806687,5.47,0.669716050198824
"trainxray",3,55,"061007A",TRUE,0.354108439147401,1.26,0.454129552234883
"trainxray",3,56,"061021A",FALSE,0.129141845792285,0.3463,0.410457127879298
"trainxray",3,57,"061110A",FALSE,0.244969460136198,0.7578,0.419493039321846
"trainxray",3,58,"061121A",FALSE,0.364363354615731,1.314,0.402527425102025
"trainxray",3,59,"061126A",TRUE,0.334212409393176,1.1588,0.590803854213914
"trainxray",3,60,"061222A",FALSE,0.489677291663699,2.088,0.553557185227773
"trainxray",3,61,"070110A",FALSE,0.525304009958239,2.352,0.515470435446889
"trainxray",3,62,"070125A",TRUE,0.406540180433955,1.55,0.412745942223628
"trainxray",3,63,"070208A",FALSE,0.335457900689384,1.165,0.551127154162894
"trainxray",3,64,"070223A",FALSE,0.419873175149476,1.6295,0.526063993647993
"trainxray",3,65,"070306A",FALSE,0.397227181043161,1.4959,0.598239907908453
"trainxray",3,66,"070411A",TRUE,0.59659709562646,2.95,0.617876761477294
"trainxray",3,67,"070508A",FALSE,0.260071387985075,0.82,0.426729386884281
"trainxray",3,68,"070521A",FALSE,0.489466281303128,2.0865,0.546986224130387
"trainxray",3,69,"070529A",FALSE,0.544018407858776,2.4996,0.740490131246559
"trainxray",3,70,"070612A",TRUE,0.222976449893391,0.671,0.441721894932707
"trainxray",3,71,"070714B",FALSE,0.28397928423848,0.923,0.589358115268941
"trainxray",3,72,"070721B",FALSE,0.6652056284346,3.626,0.539311714920092
"trainxray",3,73,"070802A",FALSE,0.537819095073274,2.45,0.569175954626657
"trainxray",3,74,"070810A",FALSE,0.501059262217751,2.17,0.505577119034077
"trainxray",3,75,"071003A",FALSE,0.415699348887829,1.60435,0.416000736241731
"trainxray",3,76,"071010A",TRUE,0.298853076409707,0.99,0.618558463715413
"trainxray",3,77,"071010B",TRUE,0.289365951520032,0.947,0.395665969187621
"trainxray",3,78,"071020A",FALSE,0.497620649781288,2.145,0.31461158594092
"trainxray",3,79,"071025A",TRUE,0.778151250383644,5,0.574157448934205
"trainxray",3,80,"071112C",TRUE,0.260071387985075,0.82,0.335075104584902
"trainxray",3,81,"071117A",FALSE,0.367542273520577,1.331,0.480614578219098
"trainxray",3,82,"080310A",FALSE,0.534026106056135,2.42,0.500390539197009
"trainxray",3,83,"080319B",FALSE,0.287129620719111,0.937,0.385281822052806
"trainxray",3,84,"080319C",FALSE,0.469822015978163,1.95,0.369674540432407
"trainxray",3,85,"080330A",TRUE,0.399673721481038,1.51,0.471821801370202
"trainxray",3,86,"080411A",FALSE,0.307496037913213,1.03,0.289315146600178
"trainxray",3,87,"080430A",FALSE,0.247236549506764,0.767,0.367359775466337
"trainxray",3,88,"080516A",FALSE,0.6232492903979,3.2,0.46364003267347
"trainxray",3,89,"080603A",TRUE,0.429752280002408,1.69,0.487363802110051
"trainxray",3,90,"080603B",TRUE,0.566943971856554,2.6893,0.43911457926476
"trainxray",3,91,"080607A",FALSE,0.605951157564873,3.036,0.552261352855739
"trainxray",3,92,"080710A",FALSE,0.265996370495079,0.845,0.535807812972348
"trainxray",3,93,"080721A",FALSE,0.555215405126073,2.591,0.358756159694417
"trainxray",3,94,"080810A",FALSE,0.638489256954637,3.35,0.458125774019328
"trainxray",3,95,"080905B",FALSE,0.528145078253106,2.374,0.650001677056293
"trainxray",3,96,"080916A",FALSE,0.227552503379865,0.6887,0.531898439954849
"trainxray",3,97,"080928A",FALSE,0.430075055551939,1.692,0.540360295691827
"trainxray",3,98,"081007A",FALSE,0.184549481320698,0.5295,0.357682526207895
"trainxray",3,99,"081008A",FALSE,0.472537053262077,1.9685,0.51829175482795
"trainxray",3,100,"081028A",FALSE,0.60616631460762,3.038,0.546153429466769
"trainxray",3,101,"081029A",FALSE,0.685553652846326,3.8479,0.566559076535473
"trainxray",3,102,"081109A",TRUE,0.296665190261531,0.98,0.62045524976829
"trainxray",3,103,"081203A",FALSE,0.491361693834273,2.1,0.52439067290361
"trainxray",3,104,"081221A",FALSE,0.513217600067939,2.26,0.375065996789662
"trainxray",3,105,"081228A",TRUE,0.64738297011462,3.44,0.518074595675759
"trainxray",3,106,"081230A",FALSE,0.491361693834273,2.1,0.524741233153296
"trainxray",3,107,"090102A",FALSE,0.406028944963615,1.547,0.45787412252582
"trainxray",3,108,"090205A",FALSE,0.752025387323213,4.6497,0.49786922355576
"trainxray",3,109,"090313A",TRUE,0.6414741105041,3.38,0.499924111067066
"trainxray",3,110,"090418A",FALSE,0.416307587059883,1.608,0.554736350904266
"trainxray",3,111,"090423A",FALSE,0.966610986681934,8.26,0.74256438419495
"trainxray",3,112,"090424A",FALSE,0.188647295999717,0.544,0.319111015740872
"trainxray",3,113,"090516A",FALSE,0.708335902682263,4.109,0.54624103177183
"trainxray",3,114,"090519A",FALSE,0.685741738602264,3.85,0.894316003221994
"trainxray",3,115,"090529A",FALSE,0.559308010907013,2.625,0.46106797899659
"trainxray",3,116,"090530A",FALSE,0.355259905527378,1.266,0.437711206802487
"trainxray",3,117,"090618A",FALSE,0.187520720836463,0.54,0.32750290247214
"trainxray",3,118,"090726A",TRUE,0.569373909615046,2.71,0.406602657649068
"trainxray",3,119,"090809A",FALSE,0.572523097849638,2.737,0.487399185204547
"trainxray",3,120,"090812A",FALSE,0.538070787043172,2.452,0.554768840029608
"trainxray",3,121,"090927A",FALSE,0.374748346010104,1.37,0.382481449082461
"trainxray",3,122,"091018A",FALSE,0.294686624279443,0.971,0.301455733789134
"trainxray",3,123,"091020A",FALSE,0.432969290874406,1.71,0.474617819345304
"trainxray",3,124,"091024A",TRUE,0.320146286111054,1.09,0.483463770834736
"trainxray",3,125,"091029A",FALSE,0.574262829707027,2.752,0.490426399960362
"trainxray",3,126,"091109A",FALSE,0.610234175334389,3.076,0.583709878236839
"trainxray",3,127,"091127A",FALSE,0.173186268412274,0.49,0.177682920495668
"trainxray",3,128,"091208B",FALSE,0.314499227973151,1.063,0.417348250435099
"trainxray",3,129,"100219A",FALSE,0.753330221324521,4.6667,0.535355796043824
"trainxray",3,130,"100316B",FALSE,0.338456493604605,1.18,0.433285472991233
"trainxray",3,131,"100316D",TRUE,0.0253058652647703,0.06,0.327107800606305
"trainxray",3,132,"100418A",FALSE,0.21045229296202,0.6235,0.294372540445406
"trainxray",3,133,"100425A",FALSE,0.440121603187804,1.755,0.408804265842205
"trainxray",3,134,"100508A",TRUE,0.181872159010334,0.5201,0.448676980451629
"trainxray",3,135,"100513A",FALSE,0.761326322421457,4.772,0.616106542414384
"trainxray",3,136,"100704A",FALSE,0.662757831681574,3.6,0.391471658892837
"trainxray",3,137,"100728A",FALSE,0.409425868671443,1.567,0.472552940533602
"trainxray",3,138,"100814A",FALSE,0.387389826338729,1.44,0.387181050777237
"trainxray",3,139,"100816A",FALSE,0.256236533205923,0.804,0.428251897876719
"trainxray",3,140,"100901A",FALSE,0.381656482585787,1.408,0.444554864435437
"trainxray",3,141,"100906A",FALSE,0.43568513794163,1.727,0.439562631053706
"trainxray",3,142,"101219B",FALSE,0.190331698170291,0.55,0.485012829800486
"trainxray",3,143,"110106B",FALSE,0.208978517276253,0.618,0.46879357277439
"trainxray",3,144,"110205A",TRUE,0.506505032404872,2.21,0.53010790309942
"trainxray",3,145,"110213A",FALSE,0.390935107103379,1.46,0.439551403144665
"trainxray",3,146,"110422A",FALSE,0.442479769064449,1.77,0.48582022256447
"trainxray",3,147,"110503A",FALSE,0.417139409727326,1.613,0.38335394468024
"trainxray",3,148,"110715A",FALSE,0.260071387985075,0.82,0.35583912877149
"trainxray",3,149,"110726A",TRUE,0.308777773664721,1.036,0.486415800411328
"trainxray",3,150,"110731A",FALSE,0.583198773968623,2.83,0.511486198509531
"trainxray",3,151,"110801A",TRUE,0.456062224454951,1.858,0.587368693315933
"trainxray",3,152,"110808A",FALSE,0.370698092575577,1.348,0.407557792717154
"trainxray",3,153,"110818A",FALSE,0.639486489268586,3.36,0.633402909457988
"trainxray",3,154,"111107A",TRUE,0.590284403718162,2.893,0.494163767462732
"trainxray",3,155,"111123A",FALSE,0.618215503279417,3.1516,0.497846486223019
"trainxray",3,156,"111209A",FALSE,0.224533062606086,0.677,0.523413725531084
"trainxray",3,157,"111228A",FALSE,0.234010817587179,0.714,0.288044637767719
"trainxray",3,158,"120118B",FALSE,0.595826777073223,2.943,0.405033250648404
"trainxray",3,159,"120119A",TRUE,0.612783856719735,3.1,0.668547790027461
"trainxray",3,160,"120327A",FALSE,0.581266805273671,2.813,0.57250516660552
"trainxray",3,161,"120404A",FALSE,0.588383768378728,2.876,0.526349336534191
"trainxray",3,162,"120422A",FALSE,0.108226656374928,0.283,0.402574849327034
"trainxray",3,163,"120711A",TRUE,0.381115080709851,1.405,0.533840539515225
"trainxray",3,164,"120729A",FALSE,0.255272505103306,0.8,0.49483684153129
"trainxray",3,165,"120802A",FALSE,0.680879174426811,3.796,0.48435114847458
"trainxray",3,166,"120811C",FALSE,0.564784384503987,2.671,0.484982097232886
"trainxray",3,167,"120815A",TRUE,0.526339277389844,2.36,0.384683877919488
"trainxray",3,168,"120907A",FALSE,0.294466226161593,0.97,0.421372708358159
"trainxray",3,169,"120922A",FALSE,0.612783856719735,3.1,0.43774910412514
"trainxray",3,170,"121024A",FALSE,0.5182506513085,2.298,0.581608869852629
"trainxray",3,171,"121027A",FALSE,0.442949869577862,1.773,0.454027032976762
"trainxray",3,172,"121128A",FALSE,0.505149978319906,2.2,0.442795056283271
"trainxray",3,173,"121211A",FALSE,0.305995882770805,1.023,0.448572000621885
"trainxray",3,174,"121217A",TRUE,0.612783856719735,3.1,0.476454637786784
"trainxray",3,175,"130215A",TRUE,0.204119982655925,0.6,0.47251218991669
"trainxray",3,176,"130408A",FALSE,0.677333151419902,3.757,0.545918549340602
"trainxray",3,177,"130418A",FALSE,0.345961541813141,1.218,0.525690389334074
"trainxray",3,178,"130420A",FALSE,0.361160995195026,1.297,0.485992515169402
"trainxray",3,179,"130427A",TRUE,0.127104798364808,0.34,0.509161836956606
"trainxray",3,180,"130505A",FALSE,0.514547752660286,2.27,0.316684696454281
"trainxray",3,181,"130511A",FALSE,0.362350507594848,1.3033,0.490100179158072
"trainxray",3,182,"130514A",FALSE,0.662757831681574,3.6,0.459524586694484
"trainxray",3,183,"130604A",FALSE,0.313867220369153,1.06,0.441482522917653
"trainxray",3,184,"130606A",FALSE,0.839666556882433,5.913,0.443333069557373
"trainxray",3,185,"130831A",FALSE,0.16999753706657,0.4791,0.395070890578014
"trainxray",3,186,"130925A",FALSE,0.129367595722986,0.347,0.265233350297873
"trainxray",3,187,"131030A",FALSE,0.36078268987328,1.295,0.36963758866299
"trainxray",3,188,"131105A",FALSE,0.429106008332697,1.686,0.44826017314656
"trainxray",3,189,"131117A",FALSE,0.702602841340427,4.042,0.576047925266106
"trainxray",3,190,"140206A",FALSE,0.571708831808688,2.73,0.464278465469965
"trainxray",3,191,"140213A",FALSE,0.343920385393226,1.2076,0.291629486227506
"trainxray",3,192,"140419A",FALSE,0.695131297704026,3.956,0.534502921573938
"trainxray",3,193,"140423A",FALSE,0.629409599102719,3.26,0.528299299925331
"trainxray",3,194,"140430A",FALSE,0.414973347970818,1.6,0.405958146099772
"trainxray",3,195,"140506A",FALSE,0.276231957921834,0.889,0.372015866224932
"trainxray",3,196,"140509A",FALSE,0.531478917042255,2.4,0.556496580263265
"trainxray",3,197,"140512A",FALSE,0.236789099409293,0.725,0.366833013078241
"trainxray",3,198,"140518A",FALSE,0.756407872548958,4.707,0.751458899666036
"trainxray",3,199,"140614A",FALSE,0.718750734739665,4.233,0.523940643626841
"trainxray",3,200,"140629A",FALSE,0.515211304327802,2.275,0.411620263729877
"trainxray",3,201,"140801A",TRUE,0.3654879848909,1.32,0.474871566465255
"trainxray",3,202,"140907A",TRUE,0.344392273685111,1.21,0.447499287325596
"trainxray",3,203,"141004A",FALSE,0.196728722623287,0.573,0.405285516607773
"trainxray",3,204,"141121A",FALSE,0.392696953259666,1.47,0.360168746219108
"trainxray",3,205,"141220A",FALSE,0.365394376854778,1.3195,0.456266688781459
"trainxray",3,206,"141221A",TRUE,0.389166084364532,1.45,0.57838003797141
"trainxray",3,207,"150120B",FALSE,0.653212513775344,3.5,0.46883557746287
"trainxray",3,208,"150314A",FALSE,0.440594261839831,1.758,0.382037498422441
"trainxray",3,209,"150323A",TRUE,0.202215775801131,0.593,0.388866217356716
"trainxray",3,210,"150403A",FALSE,0.48572142648158,2.06,0.420910855531813
"trainxray",3,211,"150821A",FALSE,0.244277120801843,0.755,0.531422943773793
"trainxray",3,212,"150910A",FALSE,0.372727940885595,1.359,0.474872811113812
"trainxray",3,213,"151021A",FALSE,0.52244423350632,2.33,0.522793572135174
"trainxray",3,214,"151027A",FALSE,0.257678574869184,0.81,0.380108542685118
"trainxray",3,215,"151029A",FALSE,0.384353414137506,1.423,0.596448275980661
"trainxray",3,216,"151031A",FALSE,0.335858911319818,1.167,0.455714738185422
"trainxray",3,217,"151215A",FALSE,0.555094448578319,2.59,0.562531322000258
"trainxray",3,218,"160117B",FALSE,0.271841606536499,0.87,0.470363356899627
"trainxray",3,219,"160121A",FALSE,0.471291711058939,1.96,0.460917417149028
"trainxray",3,220,"160131A",TRUE,0.294906910605192,0.972,0.476391114117416
"trainxray",3,221,"160203A",FALSE,0.655138434811382,3.52,0.618883750766681
"trainxray",3,222,"160227A",FALSE,0.528916700277655,2.38,0.579808543725934
"trainxray",3,223,"160314A",TRUE,0.237040791379191,0.726,0.463836110819475
"trainxray",3,224,"160327A",FALSE,0.777426822389311,4.99,0.522240803146651
"trainxray",3,225,"160425A",TRUE,0.191730393362856,0.555,0.431460710702377
"trainxray",3,226,"160804A",FALSE,0.239549720840473,0.736,0.398118463221292
"trainxray",3,227,"161014A",TRUE,0.582404298019028,2.823,0.598505270103489
"trainxray",3,228,"161023A",TRUE,0.569373909615046,2.71,0.605313980878961
"trainxray",3,229,"161108A",FALSE,0.334252642334231,1.159,0.418844560116644
"trainxray",3,230,"161117A",FALSE,0.406369835469268,1.549,0.469517264578551
"trainxray",3,231,"161129A",FALSE,0.216165902285993,0.645,0.504436113874744
"trainxray",3,232,"161219B",FALSE,0.0597526942092988,0.1475,0.271957463586082
"trainxray",3,233,"170113A",TRUE,0.472463896606989,1.968,0.600241129981879
"trainxray",3,234,"170202A",FALSE,0.666985718329661,3.645,0.427744376716091
"trainxray",3,235,"170405A",FALSE,0.65417654187796,3.51,0.542306220313398
"trainxray",3,236,"170519A",FALSE,0.259593878885949,0.818,0.484079494210276
"trainxray",3,237,"170531B",FALSE,0.527114111639805,2.366,0.557299264738085
"trainxray",3,238,"170604A",TRUE,0.367169488534681,1.329,0.46187003378438
"trainxray",3,239,"170607A",TRUE,0.19228861256812,0.557,0.476022702346503
"trainxray",3,240,"170705A",FALSE,0.478566495593843,2.01,0.350405120661192
"trainxray",3,241,"170714A",FALSE,0.253580289562183,0.793,0.452525934339603
"trainxray",3,242,"170903A",FALSE,0.27554168840131,0.886,0.378266796369047
"trainxray",3,243,"171222A",FALSE,0.532627001228891,2.409,0.427168527021661
"trainxray",3,244,"180115A",TRUE,0.542451947375977,2.487,0.558900165391318
"trainxray",3,245,"180205A",FALSE,0.381836799998343,1.409,0.373987131118414
"trainxray",3,246,"180325A",TRUE,0.511616020569138,2.248,0.460200276888391
"trainxray",3,247,"180329B",FALSE,0.476831628512261,1.998,0.591311959012205
"trainxray",3,248,"180404A",FALSE,0.301029995663981,1,0.497472323005418
"trainxray",3,249,"180620B",FALSE,0.325823419002744,1.1175,0.427218608545681
"trainxray",3,250,"180624A",FALSE,0.586024382386976,2.855,0.457187258629214
"trainxray",3,251,"180720B",FALSE,0.218535505216528,0.654,0.245436969980245
"trainxray",3,252,"180728A",FALSE,0.0480531731156091,0.117,0.190278487056878
"trainxray",3,253,"181010A",FALSE,0.378397900948138,1.39,0.570556843156806
"trainxray",3,254,"181020A",FALSE,0.595275711802099,2.938,0.323164579811005
"trainxray",3,255,"181110A",FALSE,0.398807730203264,1.505,0.376671202761183
"trainxray",3,256,"181201A",TRUE,0.161368002234975,0.45,0.461256085846271
"trainxray",3,257,"190106A",FALSE,0.456214155357989,1.859,0.498764582409207
"trainxray",3,258,"190114A",FALSE,0.641126932803509,3.3765,0.485213672968087
"trainxray",3,259,"190719C",FALSE,0.54020429984206,2.469,0.335576177768241
"trainxray",3,260,"190829A",FALSE,0.0328201494385639,0.0785,0.207771547513331
"trainxray",3,261,"191011A",FALSE,0.434888120867316,1.722,0.462019543908881
"trainxray",3,262,"191221B",FALSE,0.332034277027518,1.148,0.350281488808881
"trainxray",3,263,"200205B",FALSE,0.391816923613249,1.465,0.597693836475679
"trainxray",3,264,"200613A",TRUE,0.347427598618541,1.2255,0.398917957122066
"trainxray",3,265,"200829A",FALSE,0.352182518111362,1.25,0.316500660210548
"trainxray",3,266,"201015A",TRUE,0.154119525515847,0.426,0.475148757357136
"trainxray",3,267,"201020A",FALSE,0.591398551281249,2.903,0.384087605690666
"trainxray",3,268,"201021C",TRUE,0.315970345456918,1.07,0.361321404529287
"trainxray",3,269,"201104B",FALSE,0.470410490975931,1.954,0.435321046151368
"trainxray",3,270,"201221A",FALSE,0.826074802700826,5.7,0.750767572559434
"trainxray",3,271,"210204A",TRUE,0.273232834043046,0.876,0.403807056604867
"trainxray",3,272,"210210A",FALSE,0.234264124378789,0.715,0.384413045215577
"trainxray",3,273,"210222B",FALSE,0.504878459410216,2.198,0.465232587881521
"trainxray",3,274,"210411C",FALSE,0.582744965691277,2.826,0.383299113785134
"trainxray",3,275,"210517A",FALSE,0.542327382773974,2.486,0.431591756913048
"trainxray",3,276,"210610A",FALSE,0.657055852857104,3.54,0.431899931031991
"trainxray",3,277,"210610B",FALSE,0.328379603438738,1.13,0.374832768609326
"trainxray",3,278,"210619B",FALSE,0.4679039465228,1.937,0.321693749993013
"trainxray",3,279,"210722A",FALSE,0.331427296520743,1.145,0.488684645630968
"trainxray",3,280,"210731A",FALSE,0.352664799651101,1.2525,0.465415917019054
"trainxray",3,281,"210822A",FALSE,0.437116093048079,1.736,0.301326655886557
"trainxray",3,282,"211024B",FALSE,0.325043347403704,1.1137,0.354437360313197
"trainxray",3,283,"220117A",FALSE,0.775319121829478,4.961,0.477235493577616
"trainxray",3,284,"220611A",FALSE,0.526442668529935,2.3608,0.43067666120515
"trainxray",3,285,"230116D",FALSE,0.682145076373832,3.81,0.566010428449889
"trainxray",3,286,"230325A",FALSE,0.425534220498263,1.664,0.525746058468589
"trainxray",3,287,"230414B",FALSE,0.659726095237792,3.568,0.499073853374073
"trainxray",3,288,"230506C",FALSE,0.672097857935718,3.7,0.381101924067643
"trainxray",3,289,"230818A",FALSE,0.534026106056135,2.42,0.444346687810545
"trainxray",3,290,"231210B",FALSE,0.615950051656401,3.13,0.479166143812303
"trainxray",3,291,"970508A",TRUE,0.262451089730429,0.83,0.579752455050791
"trainxray",4,1,"000926A",TRUE,0.482873583608754,2.04,0.459979046874915
"trainxray",4,2,"011211A",TRUE,0.496929648073215,2.14,0.594692528439348
"trainxray",4,3,"020124A",TRUE,0.623042434246382,3.198,0.464127340536137
"trainxray",4,4,"021004A",TRUE,0.523746466811564,2.34,0.44536134029783
"trainxray",4,5,"030226A",TRUE,0.47567118832443,1.99,0.424596622305338
"trainxray",4,6,"030329A",TRUE,0.0681858617461616,0.17,0.259441676538878
"trainxray",4,7,"050315A",FALSE,0.469674772551798,1.949,0.42997214776272
"trainxray",4,8,"050318A",FALSE,0.387389826338729,1.44,0.417798149207893
"trainxray",4,9,"050319A",FALSE,0.627365856592733,3.24,0.440547266720046
"trainxray",4,10,"050401A",FALSE,0.591064607026499,2.9,0.412549110039908
"trainxray",4,11,"050416A",FALSE,0.218220304175545,0.6528,0.243547366274352
"trainxray",4,12,"050502A",TRUE,0.680335513414563,3.79,0.528724979326094
"trainxray",4,13,"050502B",TRUE,0.680607428991788,3.793,0.497089072891618
"trainxray",4,14,"050505A",FALSE,0.721810615212547,4.27,0.571050585919169
"trainxray",4,15,"050525A",TRUE,0.20682587603185,0.61,0.470736784275608
"trainxray",4,16,"050603A",TRUE,0.582063362911709,2.82,0.437252683238035
"trainxray",4,17,"050730A",FALSE,0.696094159995223,3.967,0.505256838017731
"trainxray",4,18,"050801A",TRUE,0.40823996531185,1.56,0.408764475376561
"trainxray",4,19,"050802A",FALSE,0.433001340945038,1.7102,0.43100677060048
"trainxray",4,20,"050803A",FALSE,0.653212513775344,3.5,0.473193266831244
"trainxray",4,21,"050820A",FALSE,0.558072259099146,2.6147,0.40698275806321
"trainxray",4,22,"050824A",FALSE,0.261928672990642,0.8278,0.217938239398637
"trainxray",4,23,"050904A",FALSE,0.862727528317975,6.29,0.598834162952954
"trainxray",4,24,"050908A",TRUE,0.637489729512511,3.34,0.384325928205786
"trainxray",4,25,"050922C",FALSE,0.504878459410216,2.198,0.362456988411525
"trainxray",4,26,"051016B",FALSE,0.286995073968852,0.9364,0.31451278836721
"trainxray",4,27,"051028A",TRUE,0.662757831681574,3.6,0.46349288280445
"trainxray",4,28,"051109A",FALSE,0.524525936626376,2.346,0.446687142216017
"trainxray",4,29,"051111A",TRUE,0.406540180433955,1.55,0.385750698191391
"trainxray",4,30,"060115A",FALSE,0.656098202012832,3.53,0.579750252648184
"trainxray",4,31,"060124A",FALSE,0.517987203025078,2.296,0.404048006326506
"trainxray",4,32,"060206A",FALSE,0.703119346236078,4.048,0.554100500061688
"trainxray",4,33,"060210A",FALSE,0.691081492122968,3.91,0.580104682143076
"trainxray",4,34,"060223A",FALSE,0.73319726510657,4.41,0.622106164085752
"trainxray",4,35,"060306A",FALSE,0.408070285887185,1.559,0.418507757234251
"trainxray",4,36,"060418A",FALSE,0.396024896608593,1.489,0.444555734357593
"trainxray",4,37,"060502A",FALSE,0.398391440229475,1.5026,0.511363911038086
"trainxray",4,38,"060510B",FALSE,0.770852011642144,4.9,0.561685949159363
"trainxray",4,39,"060512A",TRUE,0.15836249209525,0.44,0.445114944277628
"trainxray",4,40,"060526A",FALSE,0.625415352154408,3.221,0.482741872469066
"trainxray",4,41,"060604A",FALSE,0.496334505996816,2.1357,0.521442755185203
"trainxray",4,42,"060605A",FALSE,0.679427896612119,3.78,0.627621526598624
"trainxray",4,43,"060607A",FALSE,0.610116955411928,3.0749,0.609202123478496
"trainxray",4,44,"060707A",FALSE,0.645913275033844,3.425,0.475183777510416
"trainxray",4,45,"060708A",FALSE,0.465382851448418,1.92,0.464530949092466
"trainxray",4,46,"060714A",FALSE,0.569490954348783,2.711,0.600025308828518
"trainxray",4,47,"060729A",FALSE,0.187520720836463,0.54,0.35064167688959
"trainxray",4,48,"060814A",FALSE,0.465813957269479,1.9229,0.484301604079008
"trainxray",4,49,"060904B",FALSE,0.231214647962601,0.703,0.521166994706578
"trainxray",4,50,"060906A",FALSE,0.670802284260944,3.686,0.644523910674108
"trainxray",4,51,"060908A",FALSE,0.459935016851525,1.8836,0.507750528935985
"trainxray",4,52,"060912A",FALSE,0.287129620719111,0.937,0.373770761090221
"trainxray",4,53,"060926A",FALSE,0.6232492903979,3.2,0.592499064268626
"trainxray",4,54,"060927A",FALSE,0.8109042806687,5.47,0.671655678786407
"trainxray",4,55,"061007A",TRUE,0.354108439147401,1.26,0.374164618291533
"trainxray",4,56,"061021A",FALSE,0.129141845792285,0.3463,0.419894960169064
"trainxray",4,57,"061110A",FALSE,0.244969460136198,0.7578,0.34341340682292
"trainxray",4,58,"061121A",FALSE,0.364363354615731,1.314,0.424225928196242
"trainxray",4,59,"061126A",TRUE,0.334212409393176,1.1588,0.587447019700802
"trainxray",4,60,"061222A",FALSE,0.489677291663699,2.088,0.549162410459562
"trainxray",4,61,"070110A",FALSE,0.525304009958239,2.352,0.523050822554294
"trainxray",4,62,"070125A",TRUE,0.406540180433955,1.55,0.418150769959378
"trainxray",4,63,"070208A",FALSE,0.335457900689384,1.165,0.545789787447823
"trainxray",4,64,"070223A",FALSE,0.419873175149476,1.6295,0.494622109539583
"trainxray",4,65,"070306A",FALSE,0.397227181043161,1.4959,0.585314967492809
"trainxray",4,66,"070411A",TRUE,0.59659709562646,2.95,0.592527618340129
"trainxray",4,67,"070508A",FALSE,0.260071387985075,0.82,0.425256921745651
"trainxray",4,68,"070521A",FALSE,0.489466281303128,2.0865,0.575205779714785
"trainxray",4,69,"070529A",FALSE,0.544018407858776,2.4996,0.740789603391915
"trainxray",4,70,"070612A",TRUE,0.222976449893391,0.671,0.434138794581494
"trainxray",4,71,"070714B",FALSE,0.28397928423848,0.923,0.595070734815475
"trainxray",4,72,"070721B",FALSE,0.6652056284346,3.626,0.562068052472224
"trainxray",4,73,"070802A",FALSE,0.537819095073274,2.45,0.597903241349482
"trainxray",4,74,"070810A",FALSE,0.501059262217751,2.17,0.525252046754614
"trainxray",4,75,"071003A",FALSE,0.415699348887829,1.60435,0.404247744181777
"trainxray",4,76,"071010A",TRUE,0.298853076409707,0.99,0.60541842208412
"trainxray",4,77,"071010B",TRUE,0.289365951520032,0.947,0.432187011061281
"trainxray",4,78,"071020A",FALSE,0.497620649781288,2.145,0.332591536746312
"trainxray",4,79,"071025A",TRUE,0.778151250383644,5,0.616818286325583
"trainxray",4,80,"071112C",TRUE,0.260071387985075,0.82,0.342582122718861
"trainxray",4,81,"071117A",FALSE,0.367542273520577,1.331,0.453457329560491
"trainxray",4,82,"080310A",FALSE,0.534026106056135,2.42,0.47175459023093
"trainxray",4,83,"080319B",FALSE,0.287129620719111,0.937,0.346766069818042
"trainxray",4,84,"080319C",FALSE,0.469822015978163,1.95,0.327203285125324
"trainxray",4,85,"080330A",TRUE,0.399673721481038,1.51,0.45000581523345
"trainxray",4,86,"080411A",FALSE,0.307496037913213,1.03,0.250872726080209
"trainxray",4,87,"080430A",FALSE,0.247236549506764,0.767,0.357726471198095
"trainxray",4,88,"080516A",FALSE,0.6232492903979,3.2,0.482937700026342
"trainxray",4,89,"080603A",TRUE,0.429752280002408,1.69,0.421062532587747
"trainxray",4,90,"080603B",TRUE,0.566943971856554,2.6893,0.454854526981693
"trainxray",4,91,"080607A",FALSE,0.605951157564873,3.036,0.537285501488476
"trainxray",4,92,"080710A",FALSE,0.265996370495079,0.845,0.544752979300258
"trainxray",4,93,"080721A",FALSE,0.555215405126073,2.591,0.401074148318646
"trainxray",4,94,"080810A",FALSE,0.638489256954637,3.35,0.46287378499529
"trainxray",4,95,"080905B",FALSE,0.528145078253106,2.374,0.647687629905966
"trainxray",4,96,"080916A",FALSE,0.227552503379865,0.6887,0.491118831875311
"trainxray",4,97,"080928A",FALSE,0.430075055551939,1.692,0.505619638341747
"trainxray",4,98,"081007A",FALSE,0.184549481320698,0.5295,0.351011709557015
"trainxray",4,99,"081008A",FALSE,0.472537053262077,1.9685,0.552773657530405
"trainxray",4,100,"081028A",FALSE,0.60616631460762,3.038,0.499227409954129
"trainxray",4,101,"081029A",FALSE,0.685553652846326,3.8479,0.519670029542666
"trainxray",4,102,"081109A",TRUE,0.296665190261531,0.98,0.608880187389477
"trainxray",4,103,"081203A",FALSE,0.491361693834273,2.1,0.488679765147316
"trainxray",4,104,"081221A",FALSE,0.513217600067939,2.26,0.413686760557465
"trainxray",4,105,"081228A",TRUE,0.64738297011462,3.44,0.57356187523557
"trainxray",4,106,"081230A",FALSE,0.491361693834273,2.1,0.503948393167994
"trainxray",4,107,"090102A",FALSE,0.406028944963615,1.547,0.292707441872451
"trainxray",4,108,"090205A",FALSE,0.752025387323213,4.6497,0.490937089386629
"trainxray",4,109,"090313A",TRUE,0.6414741105041,3.38,0.513933135709732
"trainxray",4,110,"090418A",FALSE,0.416307587059883,1.608,0.581556052133298
"trainxray",4,111,"090423A",FALSE,0.966610986681934,8.26,0.686581400528664
"trainxray",4,112,"090424A",FALSE,0.188647295999717,0.544,0.394673807070961
"trainxray",4,113,"090516A",FALSE,0.708335902682263,4.109,0.511685758195785
"trainxray",4,114,"090519A",FALSE,0.685741738602264,3.85,0.833392988255535
"trainxray",4,115,"090529A",FALSE,0.559308010907013,2.625,0.469170792446625
"trainxray",4,116,"090530A",FALSE,0.355259905527378,1.266,0.444154412628443
"trainxray",4,117,"090618A",FALSE,0.187520720836463,0.54,0.342908204569512
"trainxray",4,118,"090726A",TRUE,0.569373909615046,2.71,0.450496424846941
"trainxray",4,119,"090809A",FALSE,0.572523097849638,2.737,0.504159927556759
"trainxray",4,120,"090812A",FALSE,0.538070787043172,2.452,0.58001458422164
"trainxray",4,121,"090927A",FALSE,0.374748346010104,1.37,0.386968201757694
"trainxray",4,122,"091018A",FALSE,0.294686624279443,0.971,0.338001922453426
"trainxray",4,123,"091020A",FALSE,0.432969290874406,1.71,0.443977244970928
"trainxray",4,124,"091024A",TRUE,0.320146286111054,1.09,0.504066347923642
"trainxray",4,125,"091029A",FALSE,0.574262829707027,2.752,0.489048485068152
"trainxray",4,126,"091109A",FALSE,0.610234175334389,3.076,0.574069913367006
"trainxray",4,127,"091127A",FALSE,0.173186268412274,0.49,0.226888553233215
"trainxray",4,128,"091208B",FALSE,0.314499227973151,1.063,0.406234552862673
"trainxray",4,129,"100219A",FALSE,0.753330221324521,4.6667,0.575480761655807
"trainxray",4,130,"100316B",FALSE,0.338456493604605,1.18,0.429236021577207
"trainxray",4,131,"100316D",TRUE,0.0253058652647703,0.06,0.357991754015011
"trainxray",4,132,"100418A",FALSE,0.21045229296202,0.6235,0.322818682580131
"trainxray",4,133,"100425A",FALSE,0.440121603187804,1.755,0.418603748636841
"trainxray",4,134,"100508A",TRUE,0.181872159010334,0.5201,0.438815503924694
"trainxray",4,135,"100513A",FALSE,0.761326322421457,4.772,0.635861181798991
"trainxray",4,136,"100704A",FALSE,0.662757831681574,3.6,0.430224865844181
"trainxray",4,137,"100728A",FALSE,0.409425868671443,1.567,0.440738308726578
"trainxray",4,138,"100814A",FALSE,0.387389826338729,1.44,0.374967000663182
"trainxray",4,139,"100816A",FALSE,0.256236533205923,0.804,0.435245485940115
"trainxray",4,140,"100901A",FALSE,0.381656482585787,1.408,0.425906739489871
"trainxray",4,141,"100906A",FALSE,0.43568513794163,1.727,0.434822006915179
"trainxray",4,142,"101219B",FALSE,0.190331698170291,0.55,0.443495841959724
"trainxray",4,143,"110106B",FALSE,0.208978517276253,0.618,0.474437144292001
"trainxray",4,144,"110205A",TRUE,0.506505032404872,2.21,0.51401730746875
"trainxray",4,145,"110213A",FALSE,0.390935107103379,1.46,0.441849464468042
"trainxray",4,146,"110422A",FALSE,0.442479769064449,1.77,0.443380129355624
"trainxray",4,147,"110503A",FALSE,0.417139409727326,1.613,0.460222630921898
"trainxray",4,148,"110715A",FALSE,0.260071387985075,0.82,0.385876541809969
"trainxray",4,149,"110726A",TRUE,0.308777773664721,1.036,0.483879919563064
"trainxray",4,150,"110731A",FALSE,0.583198773968623,2.83,0.465330244655173
"trainxray",4,151,"110801A",TRUE,0.456062224454951,1.858,0.625501302036425
"trainxray",4,152,"110808A",FALSE,0.370698092575577,1.348,0.419201490828031
"trainxray",4,153,"110818A",FALSE,0.639486489268586,3.36,0.610302797438631
"trainxray",4,154,"111107A",TRUE,0.590284403718162,2.893,0.502735764276901
"trainxray",4,155,"111123A",FALSE,0.618215503279417,3.1516,0.48031036350227
"trainxray",4,156,"111209A",FALSE,0.224533062606086,0.677,0.451339527788318
"trainxray",4,157,"111228A",FALSE,0.234010817587179,0.714,0.313448941877952
"trainxray",4,158,"120118B",FALSE,0.595826777073223,2.943,0.419550813387765
"trainxray",4,159,"120119A",TRUE,0.612783856719735,3.1,0.644172422330393
"trainxray",4,160,"120327A",FALSE,0.581266805273671,2.813,0.587607099295632
"trainxray",4,161,"120404A",FALSE,0.588383768378728,2.876,0.571007979800888
"trainxray",4,162,"120422A",FALSE,0.108226656374928,0.283,0.42721095244187
"trainxray",4,163,"120711A",TRUE,0.381115080709851,1.405,0.525995761983982
"trainxray",4,164,"120729A",FALSE,0.255272505103306,0.8,0.524669643480821
"trainxray",4,165,"120802A",FALSE,0.680879174426811,3.796,0.459764966766002
"trainxray",4,166,"120811C",FALSE,0.564784384503987,2.671,0.461463584266505
"trainxray",4,167,"120815A",TRUE,0.526339277389844,2.36,0.355602676902684
"trainxray",4,168,"120907A",FALSE,0.294466226161593,0.97,0.365629875986699
"trainxray",4,169,"120922A",FALSE,0.612783856719735,3.1,0.473381585636117
"trainxray",4,170,"121024A",FALSE,0.5182506513085,2.298,0.541359140926267
"trainxray",4,171,"121027A",FALSE,0.442949869577862,1.773,0.449856398383704
"trainxray",4,172,"121128A",FALSE,0.505149978319906,2.2,0.44894698530214
"trainxray",4,173,"121211A",FALSE,0.305995882770805,1.023,0.431557169124061
"trainxray",4,174,"121217A",TRUE,0.612783856719735,3.1,0.453255010373714
"trainxray",4,175,"130215A",TRUE,0.204119982655925,0.6,0.454857056817306
"trainxray",4,176,"130408A",FALSE,0.677333151419902,3.757,0.506653378108333
"trainxray",4,177,"130418A",FALSE,0.345961541813141,1.218,0.556926284518883
"trainxray",4,178,"130420A",FALSE,0.361160995195026,1.297,0.460671727865003
"trainxray",4,179,"130427A",TRUE,0.127104798364808,0.34,0.490217192543255
"trainxray",4,180,"130505A",FALSE,0.514547752660286,2.27,0.334803124411552
"trainxray",4,181,"130511A",FALSE,0.362350507594848,1.3033,0.468181409326833
"trainxray",4,182,"130514A",FALSE,0.662757831681574,3.6,0.464249540940238
"trainxray",4,183,"130604A",FALSE,0.313867220369153,1.06,0.417265999973488
"trainxray",4,184,"130606A",FALSE,0.839666556882433,5.913,0.497964162850515
"trainxray",4,185,"130831A",FALSE,0.16999753706657,0.4791,0.384798514941144
"trainxray",4,186,"130925A",FALSE,0.129367595722986,0.347,0.295441348681236
"trainxray",4,187,"131030A",FALSE,0.36078268987328,1.295,0.368488742269554
"trainxray",4,188,"131105A",FALSE,0.429106008332697,1.686,0.480199969523491
"trainxray",4,189,"131117A",FALSE,0.702602841340427,4.042,0.555617022999932
"trainxray",4,190,"140206A",FALSE,0.571708831808688,2.73,0.458351697059958
"trainxray",4,191,"140213A",FALSE,0.343920385393226,1.2076,0.33585044249819
"trainxray",4,192,"140419A",FALSE,0.695131297704026,3.956,0.521674235242783
"trainxray",4,193,"140423A",FALSE,0.629409599102719,3.26,0.533828494145912
"trainxray",4,194,"140430A",FALSE,0.414973347970818,1.6,0.409456204042585
"trainxray",4,195,"140506A",FALSE,0.276231957921834,0.889,0.354158138628875
"trainxray",4,196,"140509A",FALSE,0.531478917042255,2.4,0.587923803184688
"trainxray",4,197,"140512A",FALSE,0.236789099409293,0.725,0.378534985054616
"trainxray",4,198,"140518A",FALSE,0.756407872548958,4.707,0.71272987419299
"trainxray",4,199,"140614A",FALSE,0.718750734739665,4.233,0.543793510081901
"trainxray",4,200,"140629A",FALSE,0.515211304327802,2.275,0.422478553789214
"trainxray",4,201,"140801A",TRUE,0.3654879848909,1.32,0.502770331135393
"trainxray",4,202,"140907A",TRUE,0.344392273685111,1.21,0.476583908536823
"trainxray",4,203,"141004A",FALSE,0.196728722623287,0.573,0.42030280382459
"trainxray",4,204,"141121A",FALSE,0.392696953259666,1.47,0.393003000154512
"trainxray",4,205,"141220A",FALSE,0.365394376854778,1.3195,0.414743662618822
"trainxray",4,206,"141221A",TRUE,0.389166084364532,1.45,0.548743028065289
"trainxray",4,207,"150120B",FALSE,0.653212513775344,3.5,0.442316725812655
"trainxray",4,208,"150314A",FALSE,0.440594261839831,1.758,0.401771103556737
"trainxray",4,209,"150323A",TRUE,0.202215775801131,0.593,0.436468591749091
"trainxray",4,210,"150403A",FALSE,0.48572142648158,2.06,0.383928313731779
"trainxray",4,211,"150821A",FALSE,0.244277120801843,0.755,0.546329423809203
"trainxray",4,212,"150910A",FALSE,0.372727940885595,1.359,0.461311973159122
"trainxray",4,213,"151021A",FALSE,0.52244423350632,2.33,0.508159759462132
"trainxray",4,214,"151027A",FALSE,0.257678574869184,0.81,0.385837471277333
"trainxray",4,215,"151029A",FALSE,0.384353414137506,1.423,0.625085895149944
"trainxray",4,216,"151031A",FALSE,0.335858911319818,1.167,0.440844974969418
"trainxray",4,217,"151215A",FALSE,0.555094448578319,2.59,0.52834962150381
"trainxray",4,218,"160117B",FALSE,0.271841606536499,0.87,0.442689209743622
"trainxray",4,219,"160121A",FALSE,0.471291711058939,1.96,0.485068859622476
"trainxray",4,220,"160131A",TRUE,0.294906910605192,0.972,0.433507957579758
"trainxray",4,221,"160203A",FALSE,0.655138434811382,3.52,0.61508779060148
"trainxray",4,222,"160227A",FALSE,0.528916700277655,2.38,0.512341855368395
"trainxray",4,223,"160314A",TRUE,0.237040791379191,0.726,0.473808466240962
"trainxray",4,224,"160327A",FALSE,0.777426822389311,4.99,0.496772276057064
"trainxray",4,225,"160425A",TRUE,0.191730393362856,0.555,0.397569062457663
"trainxray",4,226,"160804A",FALSE,0.239549720840473,0.736,0.446631198754456
"trainxray",4,227,"161014A",TRUE,0.582404298019028,2.823,0.550715225561771
"trainxray",4,228,"161023A",TRUE,0.569373909615046,2.71,0.581818904218389
"trainxray",4,229,"161108A",FALSE,0.334252642334231,1.159,0.384803219198793
"trainxray",4,230,"161117A",FALSE,0.406369835469268,1.549,0.468566858871643
"trainxray",4,231,"161129A",FALSE,0.216165902285993,0.645,0.508817055179932
"trainxray",4,232,"161219B",FALSE,0.0597526942092988,0.1475,0.324673566889672
"trainxray",4,233,"170113A",TRUE,0.472463896606989,1.968,0.591974425724725
"trainxray",4,234,"170202A",FALSE,0.666985718329661,3.645,0.443405562238354
"trainxray",4,235,"170405A",FALSE,0.65417654187796,3.51,0.561673192781926
"trainxray",4,236,"170519A",FALSE,0.259593878885949,0.818,0.493806355377991
"trainxray",4,237,"170531B",FALSE,0.527114111639805,2.366,0.582419906170161
"trainxray",4,238,"170604A",TRUE,0.367169488534681,1.329,0.408964625973845
"trainxray",4,239,"170607A",TRUE,0.19228861256812,0.557,0.490298333701911
"trainxray",4,240,"170705A",FALSE,0.478566495593843,2.01,0.432246320910118
"trainxray",4,241,"170714A",FALSE,0.253580289562183,0.793,0.475277284327901
"trainxray",4,242,"170903A",FALSE,0.27554168840131,0.886,0.378758594344959
"trainxray",4,243,"171222A",FALSE,0.532627001228891,2.409,0.437834055771212
"trainxray",4,244,"180115A",TRUE,0.542451947375977,2.487,0.558650803420079
"trainxray",4,245,"180205A",FALSE,0.381836799998343,1.409,0.390133352774621
"trainxray",4,246,"180325A",TRUE,0.511616020569138,2.248,0.447450671281845
"trainxray",4,247,"180329B",FALSE,0.476831628512261,1.998,0.572910771328571
"trainxray",4,248,"180404A",FALSE,0.301029995663981,1,0.490976241896027
"trainxray",4,249,"180620B",FALSE,0.325823419002744,1.1175,0.401679462415749
"trainxray",4,250,"180624A",FALSE,0.586024382386976,2.855,0.461711053199703
"trainxray",4,251,"180720B",FALSE,0.218535505216528,0.654,0.301739625396136
"trainxray",4,252,"180728A",FALSE,0.0480531731156091,0.117,0.218586225387187
"trainxray",4,253,"181010A",FALSE,0.378397900948138,1.39,0.571121828870763
"trainxray",4,254,"181020A",FALSE,0.595275711802099,2.938,0.38895512055963
"trainxray",4,255,"181110A",FALSE,0.398807730203264,1.505,0.399869190198346
"trainxray",4,256,"181201A",TRUE,0.161368002234975,0.45,0.435311586380323
"trainxray",4,257,"190106A",FALSE,0.456214155357989,1.859,0.437459774071033
"trainxray",4,258,"190114A",FALSE,0.641126932803509,3.3765,0.48178397693057
"trainxray",4,259,"190719C",FALSE,0.54020429984206,2.469,0.37490301170189
"trainxray",4,260,"190829A",FALSE,0.0328201494385639,0.0785,0.279118333582355
"trainxray",4,261,"191011A",FALSE,0.434888120867316,1.722,0.46809793377838
"trainxray",4,262,"191221B",FALSE,0.332034277027518,1.148,0.350959246081155
"trainxray",4,263,"200205B",FALSE,0.391816923613249,1.465,0.675237167054656
"trainxray",4,264,"200613A",TRUE,0.347427598618541,1.2255,0.412163730714301
"trainxray",4,265,"200829A",FALSE,0.352182518111362,1.25,0.340686288474637
"trainxray",4,266,"201015A",TRUE,0.154119525515847,0.426,0.518650883672996
"trainxray",4,267,"201020A",FALSE,0.591398551281249,2.903,0.385481275318164
"trainxray",4,268,"201021C",TRUE,0.315970345456918,1.07,0.373857549269844
"trainxray",4,269,"201104B",FALSE,0.470410490975931,1.954,0.442023311337168
"trainxray",4,270,"201221A",FALSE,0.826074802700826,5.7,0.745673823817348
"trainxray",4,271,"210204A",TRUE,0.273232834043046,0.876,0.392953549184251
"trainxray",4,272,"210210A",FALSE,0.234264124378789,0.715,0.325562528001186
"trainxray",4,273,"210222B",FALSE,0.504878459410216,2.198,0.446833456737789
"trainxray",4,274,"210411C",FALSE,0.582744965691277,2.826,0.367038416254752
"trainxray",4,275,"210517A",FALSE,0.542327382773974,2.486,0.432535856855107
"trainxray",4,276,"210610A",FALSE,0.657055852857104,3.54,0.416504450087595
"trainxray",4,277,"210610B",FALSE,0.328379603438738,1.13,0.378416810745509
"trainxray",4,278,"210619B",FALSE,0.4679039465228,1.937,0.261087567411898
"trainxray",4,279,"210722A",FALSE,0.331427296520743,1.145,0.485907215876232
"trainxray",4,280,"210731A",FALSE,0.352664799651101,1.2525,0.453511279637959
"trainxray",4,281,"210822A",FALSE,0.437116093048079,1.736,0.354505243411375
"trainxray",4,282,"211024B",FALSE,0.325043347403704,1.1137,0.373009898580954
"trainxray",4,283,"220117A",FALSE,0.775319121829478,4.961,0.487231819274657
"trainxray",4,284,"220611A",FALSE,0.526442668529935,2.3608,0.434088783219179
"trainxray",4,285,"230116D",FALSE,0.682145076373832,3.81,0.604106177368083
"trainxray",4,286,"230325A",FALSE,0.425534220498263,1.664,0.514359775742923
"trainxray",4,287,"230414B",FALSE,0.659726095237792,3.568,0.526978522321917
"trainxray",4,288,"230506C",FALSE,0.672097857935718,3.7,0.402499206800093
"trainxray",4,289,"230818A",FALSE,0.534026106056135,2.42,0.399779980480331
"trainxray",4,290,"231210B",FALSE,0.615950051656401,3.13,0.470110124870216
"trainxray",4,291,"970508A",TRUE,0.262451089730429,0.83,0.529850525166442
"trainxray",5,1,"000926A",TRUE,0.482873583608754,2.04,0.380326446679874
"trainxray",5,2,"011211A",TRUE,0.496929648073215,2.14,0.60388075523486
"trainxray",5,3,"020124A",TRUE,0.623042434246382,3.198,0.517314486169062
"trainxray",5,4,"021004A",TRUE,0.523746466811564,2.34,0.4888749713393
"trainxray",5,5,"030226A",TRUE,0.47567118832443,1.99,0.410621959204542
"trainxray",5,6,"030329A",TRUE,0.0681858617461616,0.17,0.266252320919144
"trainxray",5,7,"050315A",FALSE,0.469674772551798,1.949,0.476300638582168
"trainxray",5,8,"050318A",FALSE,0.387389826338729,1.44,0.429785979311539
"trainxray",5,9,"050319A",FALSE,0.627365856592733,3.24,0.325664205882109
"trainxray",5,10,"050401A",FALSE,0.591064607026499,2.9,0.392558482093822
"trainxray",5,11,"050416A",FALSE,0.218220304175545,0.6528,0.295040456246268
"trainxray",5,12,"050502A",TRUE,0.680335513414563,3.79,0.514412844191708
"trainxray",5,13,"050502B",TRUE,0.680607428991788,3.793,0.529044205830493
"trainxray",5,14,"050505A",FALSE,0.721810615212547,4.27,0.578234600015017
"trainxray",5,15,"050525A",TRUE,0.20682587603185,0.61,0.459681353484425
"trainxray",5,16,"050603A",TRUE,0.582063362911709,2.82,0.495609200044791
"trainxray",5,17,"050730A",FALSE,0.696094159995223,3.967,0.45949009305891
"trainxray",5,18,"050801A",TRUE,0.40823996531185,1.56,0.410409815741203
"trainxray",5,19,"050802A",FALSE,0.433001340945038,1.7102,0.424031229765529
"trainxray",5,20,"050803A",FALSE,0.653212513775344,3.5,0.490039406161911
"trainxray",5,21,"050820A",FALSE,0.558072259099146,2.6147,0.426936330751371
"trainxray",5,22,"050824A",FALSE,0.261928672990642,0.8278,0.248945882606695
"trainxray",5,23,"050904A",FALSE,0.862727528317975,6.29,0.610147830588426
"trainxray",5,24,"050908A",TRUE,0.637489729512511,3.34,0.365027847453077
"trainxray",5,25,"050922C",FALSE,0.504878459410216,2.198,0.339558099073137
"trainxray",5,26,"051016B",FALSE,0.286995073968852,0.9364,0.322381507243531
"trainxray",5,27,"051028A",TRUE,0.662757831681574,3.6,0.442335376431382
"trainxray",5,28,"051109A",FALSE,0.524525936626376,2.346,0.471747576075378
"trainxray",5,29,"051111A",TRUE,0.406540180433955,1.55,0.363177541451748
"trainxray",5,30,"060115A",FALSE,0.656098202012832,3.53,0.527897398669855
"trainxray",5,31,"060124A",FALSE,0.517987203025078,2.296,0.476548762162925
"trainxray",5,32,"060206A",FALSE,0.703119346236078,4.048,0.519998904209976
"trainxray",5,33,"060210A",FALSE,0.691081492122968,3.91,0.586095288496866
"trainxray",5,34,"060223A",FALSE,0.73319726510657,4.41,0.653857826709482
"trainxray",5,35,"060306A",FALSE,0.408070285887185,1.559,0.402323907936389
"trainxray",5,36,"060418A",FALSE,0.396024896608593,1.489,0.433629747555672
"trainxray",5,37,"060502A",FALSE,0.398391440229475,1.5026,0.433168174442905
"trainxray",5,38,"060510B",FALSE,0.770852011642144,4.9,0.593499676503013
"trainxray",5,39,"060512A",TRUE,0.15836249209525,0.44,0.447260629468129
"trainxray",5,40,"060526A",FALSE,0.625415352154408,3.221,0.490767569963365
"trainxray",5,41,"060604A",FALSE,0.496334505996816,2.1357,0.557899167651851
"trainxray",5,42,"060605A",FALSE,0.679427896612119,3.78,0.610901764298151
"trainxray",5,43,"060607A",FALSE,0.610116955411928,3.0749,0.575224985116984
"trainxray",5,44,"060707A",FALSE,0.645913275033844,3.425,0.472089621999812
"trainxray",5,45,"060708A",FALSE,0.465382851448418,1.92,0.448837881939051
"trainxray",5,46,"060714A",FALSE,0.569490954348783,2.711,0.596626404985737
"trainxray",5,47,"060729A",FALSE,0.187520720836463,0.54,0.364176089033549
"trainxray",5,48,"060814A",FALSE,0.465813957269479,1.9229,0.484584900752158
"trainxray",5,49,"060904B",FALSE,0.231214647962601,0.703,0.496653444646853
"trainxray",5,50,"060906A",FALSE,0.670802284260944,3.686,0.613213921333179
"trainxray",5,51,"060908A",FALSE,0.459935016851525,1.8836,0.539057272592472
"trainxray",5,52,"060912A",FALSE,0.287129620719111,0.937,0.39128226336969
"trainxray",5,53,"060926A",FALSE,0.6232492903979,3.2,0.550283936936211
"trainxray",5,54,"060927A",FALSE,0.8109042806687,5.47,0.612114286125986
"trainxray",5,55,"061007A",TRUE,0.354108439147401,1.26,0.479267541448067
"trainxray",5,56,"061021A",FALSE,0.129141845792285,0.3463,0.398303138096815
"trainxray",5,57,"061110A",FALSE,0.244969460136198,0.7578,0.44468674593248
"trainxray",5,58,"061121A",FALSE,0.364363354615731,1.314,0.420719326050817
"trainxray",5,59,"061126A",TRUE,0.334212409393176,1.1588,0.568542917544947
"trainxray",5,60,"061222A",FALSE,0.489677291663699,2.088,0.486489175768366
"trainxray",5,61,"070110A",FALSE,0.525304009958239,2.352,0.530839409726079
"trainxray",5,62,"070125A",TRUE,0.406540180433955,1.55,0.367943584168931
"trainxray",5,63,"070208A",FALSE,0.335457900689384,1.165,0.547493510443097
"trainxray",5,64,"070223A",FALSE,0.419873175149476,1.6295,0.584066730621468
"trainxray",5,65,"070306A",FALSE,0.397227181043161,1.4959,0.580912493876399
"trainxray",5,66,"070411A",TRUE,0.59659709562646,2.95,0.61608509228031
"trainxray",5,67,"070508A",FALSE,0.260071387985075,0.82,0.42200085116466
"trainxray",5,68,"070521A",FALSE,0.489466281303128,2.0865,0.523504601236424
"trainxray",5,69,"070529A",FALSE,0.544018407858776,2.4996,0.725547385902635
"trainxray",5,70,"070612A",TRUE,0.222976449893391,0.671,0.439936154873737
"trainxray",5,71,"070714B",FALSE,0.28397928423848,0.923,0.515501209522571
"trainxray",5,72,"070721B",FALSE,0.6652056284346,3.626,0.574406973816897
"trainxray",5,73,"070802A",FALSE,0.537819095073274,2.45,0.574988280014495
"trainxray",5,74,"070810A",FALSE,0.501059262217751,2.17,0.543509703088124
"trainxray",5,75,"071003A",FALSE,0.415699348887829,1.60435,0.418021197024965
"trainxray",5,76,"071010A",TRUE,0.298853076409707,0.99,0.586074475783486
"trainxray",5,77,"071010B",TRUE,0.289365951520032,0.947,0.425892684262451
"trainxray",5,78,"071020A",FALSE,0.497620649781288,2.145,0.318156530367565
"trainxray",5,79,"071025A",TRUE,0.778151250383644,5,0.565276771708069
"trainxray",5,80,"071112C",TRUE,0.260071387985075,0.82,0.340458554219338
"trainxray",5,81,"071117A",FALSE,0.367542273520577,1.331,0.487688098553597
"trainxray",5,82,"080310A",FALSE,0.534026106056135,2.42,0.491371097297135
"trainxray",5,83,"080319B",FALSE,0.287129620719111,0.937,0.372592969263842
"trainxray",5,84,"080319C",FALSE,0.469822015978163,1.95,0.396385393957074
"trainxray",5,85,"080330A",TRUE,0.399673721481038,1.51,0.453360332814053
"trainxray",5,86,"080411A",FALSE,0.307496037913213,1.03,0.311731895760626
"trainxray",5,87,"080430A",FALSE,0.247236549506764,0.767,0.345107457745817
"trainxray",5,88,"080516A",FALSE,0.6232492903979,3.2,0.41709308096463
"trainxray",5,89,"080603A",TRUE,0.429752280002408,1.69,0.443647075506708
"trainxray",5,90,"080603B",TRUE,0.566943971856554,2.6893,0.413677733797234
"trainxray",5,91,"080607A",FALSE,0.605951157564873,3.036,0.517581506707444
"trainxray",5,92,"080710A",FALSE,0.265996370495079,0.845,0.518384377296119
"trainxray",5,93,"080721A",FALSE,0.555215405126073,2.591,0.352429902435755
"trainxray",5,94,"080810A",FALSE,0.638489256954637,3.35,0.469696704288167
"trainxray",5,95,"080905B",FALSE,0.528145078253106,2.374,0.629170824871535
"trainxray",5,96,"080916A",FALSE,0.227552503379865,0.6887,0.500983824935683
"trainxray",5,97,"080928A",FALSE,0.430075055551939,1.692,0.523937140707603
"trainxray",5,98,"081007A",FALSE,0.184549481320698,0.5295,0.328830925233544
"trainxray",5,99,"081008A",FALSE,0.472537053262077,1.9685,0.496792290886951
"trainxray",5,100,"081028A",FALSE,0.60616631460762,3.038,0.526903507903066
"trainxray",5,101,"081029A",FALSE,0.685553652846326,3.8479,0.528529575835944
"trainxray",5,102,"081109A",TRUE,0.296665190261531,0.98,0.622783696624445
"trainxray",5,103,"081203A",FALSE,0.491361693834273,2.1,0.51516201128691
"trainxray",5,104,"081221A",FALSE,0.513217600067939,2.26,0.413303090788141
"trainxray",5,105,"081228A",TRUE,0.64738297011462,3.44,0.531884429143547
"trainxray",5,106,"081230A",FALSE,0.491361693834273,2.1,0.448703714275891
"trainxray",5,107,"090102A",FALSE,0.406028944963615,1.547,0.404023941037711
"trainxray",5,108,"090205A",FALSE,0.752025387323213,4.6497,0.519974145306015
"trainxray",5,109,"090313A",TRUE,0.6414741105041,3.38,0.51343328087436
"trainxray",5,110,"090418A",FALSE,0.416307587059883,1.608,0.589294786091793
"trainxray",5,111,"090423A",FALSE,0.966610986681934,8.26,0.661838823866513
"trainxray",5,112,"090424A",FALSE,0.188647295999717,0.544,0.331493630542656
"trainxray",5,113,"090516A",FALSE,0.708335902682263,4.109,0.581793022954251
"trainxray",5,114,"090519A",FALSE,0.685741738602264,3.85,0.881464702985753
"trainxray",5,115,"090529A",FALSE,0.559308010907013,2.625,0.45890404494765
"trainxray",5,116,"090530A",FALSE,0.355259905527378,1.266,0.416982158756375
"trainxray",5,117,"090618A",FALSE,0.187520720836463,0.54,0.365271751152154
"trainxray",5,118,"090726A",TRUE,0.569373909615046,2.71,0.438894099065251
"trainxray",5,119,"090809A",FALSE,0.572523097849638,2.737,0.507960856026912
"trainxray",5,120,"090812A",FALSE,0.538070787043172,2.452,0.537340109069675
"trainxray",5,121,"090927A",FALSE,0.374748346010104,1.37,0.423514632819576
"trainxray",5,122,"091018A",FALSE,0.294686624279443,0.971,0.36684339897347
"trainxray",5,123,"091020A",FALSE,0.432969290874406,1.71,0.470852733166753
"trainxray",5,124,"091024A",TRUE,0.320146286111054,1.09,0.500842927171607
"trainxray",5,125,"091029A",FALSE,0.574262829707027,2.752,0.480354092341982
"trainxray",5,126,"091109A",FALSE,0.610234175334389,3.076,0.545950185985095
"trainxray",5,127,"091127A",FALSE,0.173186268412274,0.49,0.274890577308968
"trainxray",5,128,"091208B",FALSE,0.314499227973151,1.063,0.392899225515744
"trainxray",5,129,"100219A",FALSE,0.753330221324521,4.6667,0.519608189582127
"trainxray",5,130,"100316B",FALSE,0.338456493604605,1.18,0.421085709173521
"trainxray",5,131,"100316D",TRUE,0.0253058652647703,0.06,0.352984899280367
"trainxray",5,132,"100418A",FALSE,0.21045229296202,0.6235,0.331288680555188
"trainxray",5,133,"100425A",FALSE,0.440121603187804,1.755,0.363815413733245
"trainxray",5,134,"100508A",TRUE,0.181872159010334,0.5201,0.47497344443704
"trainxray",5,135,"100513A",FALSE,0.761326322421457,4.772,0.587649793092335
"trainxray",5,136,"100704A",FALSE,0.662757831681574,3.6,0.359407515216519
"trainxray",5,137,"100728A",FALSE,0.409425868671443,1.567,0.482106488345344
"trainxray",5,138,"100814A",FALSE,0.387389826338729,1.44,0.415345817669543
"trainxray",5,139,"100816A",FALSE,0.256236533205923,0.804,0.40676534870722
"trainxray",5,140,"100901A",FALSE,0.381656482585787,1.408,0.503622606775265
"trainxray",5,141,"100906A",FALSE,0.43568513794163,1.727,0.412471849404309
"trainxray",5,142,"101219B",FALSE,0.190331698170291,0.55,0.550333117614055
"trainxray",5,143,"110106B",FALSE,0.208978517276253,0.618,0.526483204494756
"trainxray",5,144,"110205A",TRUE,0.506505032404872,2.21,0.446712696644523
"trainxray",5,145,"110213A",FALSE,0.390935107103379,1.46,0.448934011684426
"trainxray",5,146,"110422A",FALSE,0.442479769064449,1.77,0.510238696442756
"trainxray",5,147,"110503A",FALSE,0.417139409727326,1.613,0.460163304161554
"trainxray",5,148,"110715A",FALSE,0.260071387985075,0.82,0.448383584757181
"trainxray",5,149,"110726A",TRUE,0.308777773664721,1.036,0.486070806437687
"trainxray",5,150,"110731A",FALSE,0.583198773968623,2.83,0.456503338456611
"trainxray",5,151,"110801A",TRUE,0.456062224454951,1.858,0.601832337241672
"trainxray",5,152,"110808A",FALSE,0.370698092575577,1.348,0.384210360791714
"trainxray",5,153,"110818A",FALSE,0.639486489268586,3.36,0.61090122779376
"trainxray",5,154,"111107A",TRUE,0.590284403718162,2.893,0.535739002226056
"trainxray",5,155,"111123A",FALSE,0.618215503279417,3.1516,0.487933409936192
"trainxray",5,156,"111209A",FALSE,0.224533062606086,0.677,0.414798655951305
"trainxray",5,157,"111228A",FALSE,0.234010817587179,0.714,0.308058231057751
"trainxray",5,158,"120118B",FALSE,0.595826777073223,2.943,0.422564050808661
"trainxray",5,159,"120119A",TRUE,0.612783856719735,3.1,0.638393589600678
"trainxray",5,160,"120327A",FALSE,0.581266805273671,2.813,0.508498504384243
"trainxray",5,161,"120404A",FALSE,0.588383768378728,2.876,0.579707278392644
"trainxray",5,162,"120422A",FALSE,0.108226656374928,0.283,0.409733794664089
"trainxray",5,163,"120711A",TRUE,0.381115080709851,1.405,0.505446623443467
"trainxray",5,164,"120729A",FALSE,0.255272505103306,0.8,0.484407821120897
"trainxray",5,165,"120802A",FALSE,0.680879174426811,3.796,0.518990393380576
"trainxray",5,166,"120811C",FALSE,0.564784384503987,2.671,0.423907312398522
"trainxray",5,167,"120815A",TRUE,0.526339277389844,2.36,0.417152285533419
"trainxray",5,168,"120907A",FALSE,0.294466226161593,0.97,0.388837368002898
"trainxray",5,169,"120922A",FALSE,0.612783856719735,3.1,0.507107640390778
"trainxray",5,170,"121024A",FALSE,0.5182506513085,2.298,0.608669730495602
"trainxray",5,171,"121027A",FALSE,0.442949869577862,1.773,0.465089754151086
"trainxray",5,172,"121128A",FALSE,0.505149978319906,2.2,0.511118564885404
"trainxray",5,173,"121211A",FALSE,0.305995882770805,1.023,0.458789984223344
"trainxray",5,174,"121217A",TRUE,0.612783856719735,3.1,0.481455033465636
"trainxray",5,175,"130215A",TRUE,0.204119982655925,0.6,0.48719502934402
"trainxray",5,176,"130408A",FALSE,0.677333151419902,3.757,0.480750580209568
"trainxray",5,177,"130418A",FALSE,0.345961541813141,1.218,0.542908494806734
"trainxray",5,178,"130420A",FALSE,0.361160995195026,1.297,0.515551325398426
"trainxray",5,179,"130427A",TRUE,0.127104798364808,0.34,0.472705613962527
"trainxray",5,180,"130505A",FALSE,0.514547752660286,2.27,0.345112890994448
"trainxray",5,181,"130511A",FALSE,0.362350507594848,1.3033,0.465654432633951
"trainxray",5,182,"130514A",FALSE,0.662757831681574,3.6,0.520734214246619
"trainxray",5,183,"130604A",FALSE,0.313867220369153,1.06,0.378761622353751
"trainxray",5,184,"130606A",FALSE,0.839666556882433,5.913,0.456071182750001
"trainxray",5,185,"130831A",FALSE,0.16999753706657,0.4791,0.392535402096703
"trainxray",5,186,"130925A",FALSE,0.129367595722986,0.347,0.332011973165276
"trainxray",5,187,"131030A",FALSE,0.36078268987328,1.295,0.349122537619724
"trainxray",5,188,"131105A",FALSE,0.429106008332697,1.686,0.480924120011247
"trainxray",5,189,"131117A",FALSE,0.702602841340427,4.042,0.538911661170746
"trainxray",5,190,"140206A",FALSE,0.571708831808688,2.73,0.463126372912767
"trainxray",5,191,"140213A",FALSE,0.343920385393226,1.2076,0.304838773142629
"trainxray",5,192,"140419A",FALSE,0.695131297704026,3.956,0.50893737584583
"trainxray",5,193,"140423A",FALSE,0.629409599102719,3.26,0.530363904179953
"trainxray",5,194,"140430A",FALSE,0.414973347970818,1.6,0.41659792592327
"trainxray",5,195,"140506A",FALSE,0.276231957921834,0.889,0.397550178529146
"trainxray",5,196,"140509A",FALSE,0.531478917042255,2.4,0.561525224213022
"trainxray",5,197,"140512A",FALSE,0.236789099409293,0.725,0.356294849011982
"trainxray",5,198,"140518A",FALSE,0.756407872548958,4.707,0.776394996993524
"trainxray",5,199,"140614A",FALSE,0.718750734739665,4.233,0.518356497322521
"trainxray",5,200,"140629A",FALSE,0.515211304327802,2.275,0.398901285504048
"trainxray",5,201,"140801A",TRUE,0.3654879848909,1.32,0.464075794988169
"trainxray",5,202,"140907A",TRUE,0.344392273685111,1.21,0.479042864026582
"trainxray",5,203,"141004A",FALSE,0.196728722623287,0.573,0.403635051927609
"trainxray",5,204,"141121A",FALSE,0.392696953259666,1.47,0.381275278163571
"trainxray",5,205,"141220A",FALSE,0.365394376854778,1.3195,0.378121493853979
"trainxray",5,206,"141221A",TRUE,0.389166084364532,1.45,0.502136096174725
"trainxray",5,207,"150120B",FALSE,0.653212513775344,3.5,0.455757877183562
"trainxray",5,208,"150314A",FALSE,0.440594261839831,1.758,0.365973439512938
"trainxray",5,209,"150323A",TRUE,0.202215775801131,0.593,0.489990807419174
"trainxray",5,210,"150403A",FALSE,0.48572142648158,2.06,0.392258606918296
"trainxray",5,211,"150821A",FALSE,0.244277120801843,0.755,0.529254478263264
"trainxray",5,212,"150910A",FALSE,0.372727940885595,1.359,0.440115725090496
"trainxray",5,213,"151021A",FALSE,0.52244423350632,2.33,0.516947462850673
"trainxray",5,214,"151027A",FALSE,0.257678574869184,0.81,0.401285569636729
"trainxray",5,215,"151029A",FALSE,0.384353414137506,1.423,0.595148586879132
"trainxray",5,216,"151031A",FALSE,0.335858911319818,1.167,0.501296054176891
"trainxray",5,217,"151215A",FALSE,0.555094448578319,2.59,0.558260377114587
"trainxray",5,218,"160117B",FALSE,0.271841606536499,0.87,0.457901895311391
"trainxray",5,219,"160121A",FALSE,0.471291711058939,1.96,0.457347016640784
"trainxray",5,220,"160131A",TRUE,0.294906910605192,0.972,0.423547190097214
"trainxray",5,221,"160203A",FALSE,0.655138434811382,3.52,0.595674270457974
"trainxray",5,222,"160227A",FALSE,0.528916700277655,2.38,0.49188050654242
"trainxray",5,223,"160314A",TRUE,0.237040791379191,0.726,0.440494481036615
"trainxray",5,224,"160327A",FALSE,0.777426822389311,4.99,0.495181857203126
"trainxray",5,225,"160425A",TRUE,0.191730393362856,0.555,0.419485841816826
"trainxray",5,226,"160804A",FALSE,0.239549720840473,0.736,0.464507785317917
"trainxray",5,227,"161014A",TRUE,0.582404298019028,2.823,0.561880975656554
"trainxray",5,228,"161023A",TRUE,0.569373909615046,2.71,0.610703797140041
"trainxray",5,229,"161108A",FALSE,0.334252642334231,1.159,0.528184760338691
"trainxray",5,230,"161117A",FALSE,0.406369835469268,1.549,0.466698800206885
"trainxray",5,231,"161129A",FALSE,0.216165902285993,0.645,0.489774224755393
"trainxray",5,232,"161219B",FALSE,0.0597526942092988,0.1475,0.221377747415163
"trainxray",5,233,"170113A",TRUE,0.472463896606989,1.968,0.592437822113372
"trainxray",5,234,"170202A",FALSE,0.666985718329661,3.645,0.406567814402431
"trainxray",5,235,"170405A",FALSE,0.65417654187796,3.51,0.502053641833251
"trainxray",5,236,"170519A",FALSE,0.259593878885949,0.818,0.481270740559606
"trainxray",5,237,"170531B",FALSE,0.527114111639805,2.366,0.560633838892428
"trainxray",5,238,"170604A",TRUE,0.367169488534681,1.329,0.427823684600912
"trainxray",5,239,"170607A",TRUE,0.19228861256812,0.557,0.470304059807837
"trainxray",5,240,"170705A",FALSE,0.478566495593843,2.01,0.217133772146291
"trainxray",5,241,"170714A",FALSE,0.253580289562183,0.793,0.434900220261511
"trainxray",5,242,"170903A",FALSE,0.27554168840131,0.886,0.364731689893661
"trainxray",5,243,"171222A",FALSE,0.532627001228891,2.409,0.281412140480752
"trainxray",5,244,"180115A",TRUE,0.542451947375977,2.487,0.576016402498012
"trainxray",5,245,"180205A",FALSE,0.381836799998343,1.409,0.379488668520875
"trainxray",5,246,"180325A",TRUE,0.511616020569138,2.248,0.434961385364726
"trainxray",5,247,"180329B",FALSE,0.476831628512261,1.998,0.58290298959176
"trainxray",5,248,"180404A",FALSE,0.301029995663981,1,0.50255259125813
"trainxray",5,249,"180620B",FALSE,0.325823419002744,1.1175,0.442970809736651
"trainxray",5,250,"180624A",FALSE,0.586024382386976,2.855,0.47993305995851
"trainxray",5,251,"180720B",FALSE,0.218535505216528,0.654,0.288756456858685
"trainxray",5,252,"180728A",FALSE,0.0480531731156091,0.117,0.222371409366623
"trainxray",5,253,"181010A",FALSE,0.378397900948138,1.39,0.565886655093364
"trainxray",5,254,"181020A",FALSE,0.595275711802099,2.938,0.401757218273755
"trainxray",5,255,"181110A",FALSE,0.398807730203264,1.505,0.3544318366021
"trainxray",5,256,"181201A",TRUE,0.161368002234975,0.45,0.443007195256904
"trainxray",5,257,"190106A",FALSE,0.456214155357989,1.859,0.402383387240565
"trainxray",5,258,"190114A",FALSE,0.641126932803509,3.3765,0.508183188884975
"trainxray",5,259,"190719C",FALSE,0.54020429984206,2.469,0.386736227976099
"trainxray",5,260,"190829A",FALSE,0.0328201494385639,0.0785,0.335300320393493
"trainxray",5,261,"191011A",FALSE,0.434888120867316,1.722,0.461380680003414
"trainxray",5,262,"191221B",FALSE,0.332034277027518,1.148,0.414333016233822
"trainxray",5,263,"200205B",FALSE,0.391816923613249,1.465,0.667577063237944
"trainxray",5,264,"200613A",TRUE,0.347427598618541,1.2255,0.402358163080358
"trainxray",5,265,"200829A",FALSE,0.352182518111362,1.25,0.318422889161588
"trainxray",5,266,"201015A",TRUE,0.154119525515847,0.426,0.497198085181723
"trainxray",5,267,"201020A",FALSE,0.591398551281249,2.903,0.375598233929811
"trainxray",5,268,"201021C",TRUE,0.315970345456918,1.07,0.357777525335208
"trainxray",5,269,"201104B",FALSE,0.470410490975931,1.954,0.479765493811334
"trainxray",5,270,"201221A",FALSE,0.826074802700826,5.7,0.766349133487764
"trainxray",5,271,"210204A",TRUE,0.273232834043046,0.876,0.330306875968619
"trainxray",5,272,"210210A",FALSE,0.234264124378789,0.715,0.346168741166794
"trainxray",5,273,"210222B",FALSE,0.504878459410216,2.198,0.450721623687919
"trainxray",5,274,"210411C",FALSE,0.582744965691277,2.826,0.350989835238549
"trainxray",5,275,"210517A",FALSE,0.542327382773974,2.486,0.426697986540684
"trainxray",5,276,"210610A",FALSE,0.657055852857104,3.54,0.452451962545916
"trainxray",5,277,"210610B",FALSE,0.328379603438738,1.13,0.355177056284242
"trainxray",5,278,"210619B",FALSE,0.4679039465228,1.937,0.294875684999295
"trainxray",5,279,"210722A",FALSE,0.331427296520743,1.145,0.518845555402112
"trainxray",5,280,"210731A",FALSE,0.352664799651101,1.2525,0.488270924011354
"trainxray",5,281,"210822A",FALSE,0.437116093048079,1.736,0.347312788714467
"trainxray",5,282,"211024B",FALSE,0.325043347403704,1.1137,0.401022606853521
"trainxray",5,283,"220117A",FALSE,0.775319121829478,4.961,0.506915088811738
"trainxray",5,284,"220611A",FALSE,0.526442668529935,2.3608,0.47888487826829
"trainxray",5,285,"230116D",FALSE,0.682145076373832,3.81,0.556956006669279
"trainxray",5,286,"230325A",FALSE,0.425534220498263,1.664,0.530385388519657
"trainxray",5,287,"230414B",FALSE,0.659726095237792,3.568,0.52711172529633
"trainxray",5,288,"230506C",FALSE,0.672097857935718,3.7,0.400778119985369
"trainxray",5,289,"230818A",FALSE,0.534026106056135,2.42,0.369193715572949
"trainxray",5,290,"231210B",FALSE,0.615950051656401,3.13,0.528057504054293
"trainxray",5,291,"970508A",TRUE,0.262451089730429,0.83,0.573921440676598
