"cfg","rep","row","is_opt","y","pred"
"anchor",1,1,TRUE,0.482873583608754,0.540882936698371
"anchor",1,2,TRUE,0.496929648073215,0.49209484615049
"anchor",1,3,TRUE,0.623042434246382,0.526011881654022
"anchor",1,4,TRUE,0.523746466811564,0.382683601257633
"anchor",1,5,TRUE,0.47567118832443,0.508711613762736
"anchor",1,6,FALSE,0.469674772551798,0.356400125498601
"anchor",1,7,FALSE,0.387389826338729,0.477062049687582
"anchor",1,8,FALSE,0.627365856592733,0.388351334708359
"anchor",1,9,FALSE,0.591064607026499,0.432652038582135
"anchor",1,10,FALSE,0.218220304175545,0.340360382083542
"anchor",1,11,TRUE,0.680335513414563,0.404984502292529
"anchor",1,12,TRUE,0.680607428991788,0.425240700915105
"anchor",1,13,FALSE,0.721810615212547,0.566964145840108
"anchor",1,14,TRUE,0.20682587603185,0.321562506560924
"anchor",1,15,TRUE,0.582063362911709,0.364993090851079
"anchor",1,16,FALSE,0.696094159995223,0.506319463458098
"anchor",1,17,TRUE,0.40823996531185,0.381035376927578
"anchor",1,18,FALSE,0.433001340945038,0.451549043420525
"anchor",1,19,FALSE,0.653212513775344,0.453002216780593
"anchor",1,20,FALSE,0.558072259099146,0.435322960424883
"anchor",1,21,FALSE,0.261928672990642,0.225673535551649
"anchor",1,22,TRUE,0.637489729512511,0.490989172140779
"anchor",1,23,FALSE,0.504878459410216,0.383509346754762
"anchor",1,24,FALSE,0.286995073968852,0.400649222795665
"anchor",1,25,TRUE,0.662757831681574,0.455743725164381
"anchor",1,26,FALSE,0.524525936626376,0.48733270945413
"anchor",1,27,TRUE,0.406540180433955,0.484194864216889
"anchor",1,28,FALSE,0.656098202012832,0.538632131080598
"anchor",1,29,FALSE,0.517987203025078,0.416694925473961
"anchor",1,30,FALSE,0.703119346236078,0.536870923404674
"anchor",1,31,FALSE,0.691081492122968,0.552461941570769
"anchor",1,32,FALSE,0.0141423615450058,0.360010244060422
"anchor",1,33,FALSE,0.733197265106569,0.689858003935397
"anchor",1,34,FALSE,0.408070285887185,0.436312199350749
"anchor",1,35,FALSE,0.396024896608593,0.441646337065835
"anchor",1,36,FALSE,0.398391440229475,0.486799159419771
"anchor",1,37,FALSE,0.770852011642144,0.562202804089808
"anchor",1,38,TRUE,0.15836249209525,0.338391375570531
"anchor",1,39,FALSE,0.625415352154408,0.513813576373286
"anchor",1,40,FALSE,0.496334505996816,0.495333741978203
"anchor",1,41,FALSE,0.679427896612119,0.602777864560546
"anchor",1,42,FALSE,0.610116955411928,0.532227759240089
"anchor",1,43,FALSE,0.645913275033844,0.453324154230297
"anchor",1,44,FALSE,0.465382851448418,0.455113373820812
"anchor",1,45,FALSE,0.569490954348783,0.547106500061697
"anchor",1,46,FALSE,0.187520720836463,0.297180716527948
"anchor",1,47,FALSE,0.465813957269479,0.512677254902753
"anchor",1,48,FALSE,0.231214647962601,0.518210027196229
"anchor",1,49,FALSE,0.670802284260944,0.614053406218914
"anchor",1,50,FALSE,0.459935016851525,0.537240363190662
"anchor",1,51,FALSE,0.287129620719111,0.402069170351897
"anchor",1,52,FALSE,0.6232492903979,0.534407070407537
"anchor",1,53,FALSE,0.8109042806687,0.666997421260102
"anchor",1,54,TRUE,0.354108439147401,0.444293129702951
"anchor",1,55,FALSE,0.129141845792285,0.405728189761014
"anchor",1,56,FALSE,0.244969460136198,0.385297432880181
"anchor",1,57,FALSE,0.364363354615731,0.391894290622364
"anchor",1,58,TRUE,0.334212409393176,0.420438603461767
"anchor",1,59,FALSE,0.489677291663699,0.545175567552736
"anchor",1,60,FALSE,0.525304009958239,0.471814989570511
"anchor",1,61,TRUE,0.406540180433955,0.347833213371755
"anchor",1,62,FALSE,0.335457900689384,0.570785492829185
"anchor",1,63,FALSE,0.419873175149476,0.493991684822816
"anchor",1,64,FALSE,0.397227181043161,0.571097971366724
"anchor",1,65,TRUE,0.59659709562646,0.627975117830373
"anchor",1,66,FALSE,0.260071387985075,0.445002240055288
"anchor",1,67,FALSE,0.489466281303128,0.577434686997026
"anchor",1,68,FALSE,0.544018407858776,0.680965089971919
"anchor",1,69,FALSE,0.665205628434601,0.63838363137926
"anchor",1,70,FALSE,0.537819095073274,0.601954252895075
"anchor",1,71,FALSE,0.501059262217751,0.570043971260181
"anchor",1,72,FALSE,0.415699348887829,0.437544467554415
"anchor",1,73,TRUE,0.298853076409707,0.407867131083128
"anchor",1,74,TRUE,0.289365951520032,0.369446015013272
"anchor",1,75,FALSE,0.497620649781288,0.318778511992832
"anchor",1,76,TRUE,0.778151250383644,0.536448780288558
"anchor",1,77,TRUE,0.260071387985075,0.434384995396372
"anchor",1,78,FALSE,0.367542273520577,0.50607479959902
"anchor",1,79,FALSE,0.534026106056135,0.469142434363477
"anchor",1,80,FALSE,0.287129620719111,0.303252238386677
"anchor",1,81,FALSE,0.469822015978163,0.412859807932836
"anchor",1,82,TRUE,0.399673721481038,0.367730680087133
"anchor",1,83,FALSE,0.307496037913213,0.260266040025181
"anchor",1,84,TRUE,0.322219294733919,0.365305049780741
"anchor",1,85,FALSE,0.247236549506764,0.393551858553408
"anchor",1,86,FALSE,0.6232492903979,0.443668920108545
"anchor",1,87,TRUE,0.429752280002408,0.385963295449148
"anchor",1,88,TRUE,0.566943971856554,0.435530233884595
"anchor",1,89,FALSE,0.605951157564873,0.53239738555884
"anchor",1,90,FALSE,0.265996370495079,0.48998863958664
"anchor",1,91,FALSE,0.555215405126073,0.404464459007768
"anchor",1,92,FALSE,0.638489256954637,0.487097961926216
"anchor",1,93,FALSE,0.528145078253106,0.565718898263065
"anchor",1,94,FALSE,0.227552503379865,0.54570580571593
"anchor",1,95,FALSE,0.430075055551939,0.532116464134553
"anchor",1,96,FALSE,0.184549481320698,0.347286280348419
"anchor",1,97,FALSE,0.472537053262077,0.502313740214449
"anchor",1,98,FALSE,0.60616631460762,0.458481965728467
"anchor",1,99,FALSE,0.685553652846326,0.605651406210465
"anchor",1,100,TRUE,0.296665190261531,0.543153577789072
"anchor",1,101,FALSE,0.491361693834273,0.561279847370951
"anchor",1,102,FALSE,0.513217600067939,0.378286596080634
"anchor",1,103,TRUE,0.64738297011462,0.472382702889051
"anchor",1,104,FALSE,0.491361693834273,0.513607579413496
"anchor",1,105,FALSE,0.406028944963615,0.468712670736277
"anchor",1,106,FALSE,0.752025387323213,0.512295279766459
"anchor",1,107,TRUE,0.6414741105041,0.466043022114943
"anchor",1,108,FALSE,0.416307587059883,0.569754459293348
"anchor",1,109,FALSE,0.966610986681934,0.737143091686695
"anchor",1,110,FALSE,0.188647295999717,0.348655315670216
"anchor",1,111,FALSE,0.708335902682263,0.511241595219684
"anchor",1,112,FALSE,0.685741738602264,0.851814205672179
"anchor",1,113,FALSE,0.559308010907013,0.54963334123197
"anchor",1,114,FALSE,0.355259905527378,0.446913741886504
"anchor",1,115,FALSE,0.187520720836463,0.340707195077123
"anchor",1,116,TRUE,0.569373909615046,0.440495560352549
"anchor",1,117,FALSE,0.572523097849638,0.526847152557928
"anchor",1,118,FALSE,0.538070787043172,0.5391345950211
"anchor",1,119,FALSE,0.374748346010104,0.364747218486224
"anchor",1,120,FALSE,0.294686624279443,0.352507474504409
"anchor",1,121,FALSE,0.432969290874406,0.464544117518971
"anchor",1,122,TRUE,0.320146286111054,0.584407497714563
"anchor",1,123,FALSE,0.574262829707027,0.453567083202944
"anchor",1,124,FALSE,0.610234175334389,0.617876552652157
"anchor",1,125,FALSE,0.173186268412274,0.266042932393733
"anchor",1,126,FALSE,0.314499227973151,0.442136152533753
"anchor",1,127,FALSE,0.753330221324521,0.549146626240168
"anchor",1,128,FALSE,0.338456493604605,0.512441197028054
"anchor",1,129,TRUE,0.0253058652647703,0.247038656825889
"anchor",1,130,FALSE,0.21045229296202,0.357666592183235
"anchor",1,131,FALSE,0.440121603187804,0.50581922228849
"anchor",1,132,TRUE,0.181872159010334,0.440741129118502
"anchor",1,133,FALSE,0.761326322421457,0.602784941709423
"anchor",1,134,FALSE,0.188084373714938,0.404573752254164
"anchor",1,135,FALSE,0.662757831681574,0.397669712364887
"anchor",1,136,FALSE,0.409425868671443,0.466700104661446
"anchor",1,137,FALSE,0.387389826338729,0.341447496908298
"anchor",1,138,FALSE,0.256236533205923,0.405911448135228
"anchor",1,139,FALSE,0.381656482585787,0.421215620239499
"anchor",1,140,FALSE,0.43568513794163,0.498474517323831
"anchor",1,141,FALSE,0.190331698170291,0.414545177044897
"anchor",1,142,TRUE,0.123851640967086,0.378050846107012
"anchor",1,143,FALSE,0.208978517276253,0.455671666551212
"anchor",1,144,TRUE,0.506505032404872,0.454897956790232
"anchor",1,145,FALSE,0.390935107103379,0.417419094046868
"anchor",1,146,FALSE,0.442479769064449,0.500717164081526
"anchor",1,147,FALSE,0.417139409727326,0.459478323519388
"anchor",1,148,FALSE,0.260071387985075,0.328983348827708
"anchor",1,149,TRUE,0.308777773664721,0.434754579479405
"anchor",1,150,FALSE,0.583198773968623,0.457501629642417
"anchor",1,151,TRUE,0.456062224454951,0.433332388538928
"anchor",1,152,FALSE,0.370698092575577,0.355924991903998
"anchor",1,153,FALSE,0.639486489268586,0.623706254661044
"anchor",1,154,FALSE,0.777412321496744,0.436400372354295
"anchor",1,155,TRUE,0.590284403718162,0.497913432065841
"anchor",1,156,FALSE,0.618215503279417,0.505253649536097
"anchor",1,157,FALSE,0.224533062606086,0.463288366618365
"anchor",1,158,FALSE,0.234010817587179,0.277280705916663
"anchor",1,159,FALSE,0.595826777073223,0.441462471037308
"anchor",1,160,TRUE,0.612783856719735,0.521795790803927
"anchor",1,161,FALSE,0.581266805273671,0.555828784160584
"anchor",1,162,FALSE,0.588383768378728,0.570415554913557
"anchor",1,163,FALSE,0.108226656374928,0.373248848518591
"anchor",1,164,TRUE,0.381115080709851,0.384662854940986
"anchor",1,165,FALSE,0.255272505103306,0.549282296396916
"anchor",1,166,FALSE,0.680879174426811,0.508138351230954
"anchor",1,167,FALSE,0.564784384503987,0.506545507795323
"anchor",1,168,TRUE,0.526339277389844,0.387250594742272
"anchor",1,169,FALSE,0.294466226161593,0.441221977872447
"anchor",1,170,FALSE,0.612783856719735,0.450606417294245
"anchor",1,171,FALSE,0.5182506513085,0.577458085734228
"anchor",1,172,FALSE,0.442949869577862,0.36863212513553
"anchor",1,173,FALSE,0.505149978319906,0.479003715884702
"anchor",1,174,FALSE,0.305995882770805,0.411759108166357
"anchor",1,175,TRUE,0.612783856719735,0.415473949219112
"anchor",1,176,TRUE,0.204119982655925,0.414347044936222
"anchor",1,177,FALSE,0.677333151419902,0.433869846815291
"anchor",1,178,FALSE,0.345961541813141,0.46118814894439
"anchor",1,179,FALSE,0.361160995195026,0.468599070495321
"anchor",1,180,TRUE,0.127104798364808,0.185732626048839
"anchor",1,181,FALSE,0.514547752660286,0.316160234116357
"anchor",1,182,FALSE,0.362350507594848,0.518843163767042
"anchor",1,183,FALSE,0.662757831681574,0.491549979047987
"anchor",1,184,FALSE,0.313867220369153,0.431811489047157
"anchor",1,185,FALSE,0.839666556882433,0.450599013964005
"anchor",1,186,FALSE,0.16999753706657,0.350003047356024
"anchor",1,187,FALSE,0.129367595722986,0.157436800651692
"anchor",1,188,FALSE,0.36078268987328,0.345910817705352
"anchor",1,189,FALSE,0.429106008332697,0.470009176407311
"anchor",1,190,FALSE,0.702602841340427,0.58629675159099
"anchor",1,191,FALSE,0.571708831808688,0.460082654389182
"anchor",1,192,FALSE,0.343920385393226,0.318539899579886
"anchor",1,193,FALSE,0.695131297704026,0.534440602926549
"anchor",1,194,FALSE,0.629409599102719,0.549540084843962
"anchor",1,195,FALSE,0.414973347970818,0.408372230487285
"anchor",1,196,FALSE,0.276231957921834,0.374542486848891
"anchor",1,197,FALSE,0.531478917042255,0.545341635446025
"anchor",1,198,FALSE,0.236789099409293,0.369288365825318
"anchor",1,199,FALSE,0.756407872548958,0.75736851596044
"anchor",1,200,FALSE,0.718750734739665,0.582137543636002
"anchor",1,201,FALSE,0.515211304327802,0.457869092808967
"anchor",1,202,TRUE,0.3654879848909,0.289688661150479
"anchor",1,203,TRUE,0.344392273685111,0.430371051339332
"anchor",1,204,FALSE,0.196728722623287,0.451498802673363
"anchor",1,205,FALSE,0.392696953259666,0.365640840408431
"anchor",1,206,FALSE,0.365394376854778,0.449514232701659
"anchor",1,207,TRUE,0.389166084364532,0.420009762626593
"anchor",1,208,FALSE,0.653212513775344,0.500937906587052
"anchor",1,209,FALSE,0.440594261839831,0.374915714585731
"anchor",1,210,TRUE,0.202215775801131,0.472093381510268
"anchor",1,211,FALSE,0.48572142648158,0.394431621124356
"anchor",1,212,FALSE,0.244277120801843,0.452637708216581
"anchor",1,213,FALSE,0.372727940885595,0.446938125863996
"anchor",1,214,FALSE,0.52244423350632,0.496124782314686
"anchor",1,215,FALSE,0.257678574869184,0.413384746392001
"anchor",1,216,FALSE,0.384353414137506,0.575485683546152
"anchor",1,217,FALSE,0.335858911319818,0.500854778014373
"anchor",1,218,FALSE,0.555094448578319,0.526155347488279
"anchor",1,219,FALSE,0.271841606536499,0.441210851961465
"anchor",1,220,FALSE,0.471291711058939,0.441065309273745
"anchor",1,221,TRUE,0.294906910605192,0.42303077502855
"anchor",1,222,FALSE,0.655138434811382,0.60021358307145
"anchor",1,223,FALSE,0.528916700277655,0.443931474588301
"anchor",1,224,FALSE,0.777426822389311,0.52773838059139
"anchor",1,225,TRUE,0.191730393362856,0.497317523206281
"anchor",1,226,FALSE,0.239549720840473,0.437195116502527
"anchor",1,227,TRUE,0.582404298019028,0.573416770613104
"anchor",1,228,TRUE,0.569373909615046,0.312845884261741
"anchor",1,229,FALSE,0.334252642334231,0.368678319617316
"anchor",1,230,FALSE,0.406369835469268,0.485254890119063
"anchor",1,231,FALSE,0.0597526942092988,0.312501440975482
"anchor",1,232,TRUE,0.472463896606989,0.517988037418407
"anchor",1,233,FALSE,0.666985718329661,0.448481933924289
"anchor",1,234,FALSE,0.65417654187796,0.468480396844363
"anchor",1,235,FALSE,0.259593878885949,0.4755558385243
"anchor",1,236,FALSE,0.527114111639805,0.601509333208175
"anchor",1,237,TRUE,0.367169488534681,0.368652946342893
"anchor",1,238,TRUE,0.19228861256812,0.340052750304106
"anchor",1,239,FALSE,0.478566495593843,0.306272692140532
"anchor",1,240,FALSE,0.253580289562183,0.298821726448026
"anchor",1,241,FALSE,0.27554168840131,0.39044796573494
"anchor",1,242,FALSE,0.532627001228891,0.350766984197679
"anchor",1,243,TRUE,0.542451947375977,0.432543376129967
"anchor",1,244,FALSE,0.381836799998343,0.423237564007656
"anchor",1,245,TRUE,0.511616020569138,0.578161744891961
"anchor",1,246,FALSE,0.476831628512261,0.587803010976989
"anchor",1,247,FALSE,0.301029995663981,0.458279939720606
"anchor",1,248,FALSE,0.325823419002744,0.36362207559919
"anchor",1,249,FALSE,0.586024382386976,0.494556635731893
"anchor",1,250,FALSE,0.218535505216528,0.314138243460742
"anchor",1,251,FALSE,0.0480531731156091,0.199825382464347
"anchor",1,252,FALSE,0.378397900948138,0.54725604363877
"anchor",1,253,FALSE,0.595275711802099,0.440449524695679
"anchor",1,254,FALSE,0.398807730203264,0.454892387763919
"anchor",1,255,TRUE,0.161368002234975,0.312078087076499
"anchor",1,256,FALSE,0.456214155357989,0.473453316976462
"anchor",1,257,FALSE,0.641126932803509,0.457203837692786
"anchor",1,258,FALSE,0.54020429984206,0.345328544457482
"anchor",1,259,FALSE,0.0328201494385639,0.11391377849979
"anchor",1,260,FALSE,0.434888120867316,0.529456666438286
"anchor",1,261,FALSE,0.332034277027518,0.492319760201641
"anchor",1,262,FALSE,0.391816923613249,0.582569262346733
"anchor",1,263,TRUE,0.347427598618541,0.322575913596572
"anchor",1,264,FALSE,0.352182518111362,0.264393549197949
"anchor",1,265,TRUE,0.154119525515847,0.228532730719868
"anchor",1,266,FALSE,0.591398551281249,0.436354599552753
"anchor",1,267,TRUE,0.315970345456918,0.405274943806726
"anchor",1,268,FALSE,0.470410490975931,0.438627003040453
"anchor",1,269,FALSE,0.826074802700826,0.744329574687638
"anchor",1,270,FALSE,0.234264124378789,0.383473233294149
"anchor",1,271,FALSE,0.504878459410216,0.474837809138509
"anchor",1,272,FALSE,0.582744965691277,0.379987011945366
"anchor",1,273,FALSE,0.542327382773974,0.502332270844205
"anchor",1,274,FALSE,0.657055852857104,0.452563648975823
"anchor",1,275,FALSE,0.328379603438738,0.363663465571403
"anchor",1,276,FALSE,0.4679039465228,0.275349386693329
"anchor",1,277,FALSE,0.331427296520743,0.479572247693966
"anchor",1,278,FALSE,0.352664799651101,0.452596434606077
"anchor",1,279,FALSE,0.437116093048079,0.336650297121401
"anchor",1,280,FALSE,0.325043347403704,0.364568303865398
"anchor",1,281,FALSE,0.749581734865559,0.46069897870482
"anchor",1,282,FALSE,0.775319121829478,0.505673500276922
"anchor",1,283,FALSE,0.817565369559781,0.516804298231043
"anchor",1,284,FALSE,0.526442668529935,0.341894813408173
"anchor",1,285,FALSE,0.682145076373832,0.550118684732892
"anchor",1,286,FALSE,0.425534220498263,0.517310883044452
"anchor",1,287,FALSE,0.659726095237792,0.508272987953335
"anchor",1,288,FALSE,0.672097857935718,0.402009750396614
"anchor",1,289,FALSE,0.534026106056135,0.413534450452601
"anchor",1,290,FALSE,0.615950051656401,0.547494432840926
"anchor",1,291,TRUE,0.262451089730429,0.406270395377783
"anchor",2,1,TRUE,0.482873583608754,0.505805705575189
"anchor",2,2,TRUE,0.496929648073215,0.442873936109298
"anchor",2,3,TRUE,0.623042434246382,0.517978654201185
"anchor",2,4,TRUE,0.523746466811564,0.366318419871091
"anchor",2,5,TRUE,0.47567118832443,0.464096337309157
"anchor",2,6,FALSE,0.469674772551798,0.347872673063727
"anchor",2,7,FALSE,0.387389826338729,0.48127962826177
"anchor",2,8,FALSE,0.627365856592733,0.395013758493134
"anchor",2,9,FALSE,0.591064607026499,0.397853896344172
"anchor",2,10,FALSE,0.218220304175545,0.360503075547073
"anchor",2,11,TRUE,0.680335513414563,0.393124779217527
"anchor",2,12,TRUE,0.680607428991788,0.383930027471492
"anchor",2,13,FALSE,0.721810615212547,0.565363613515623
"anchor",2,14,TRUE,0.20682587603185,0.317673123659156
"anchor",2,15,TRUE,0.582063362911709,0.378027058608213
"anchor",2,16,FALSE,0.696094159995223,0.512402986641518
"anchor",2,17,TRUE,0.40823996531185,0.348045188453478
"anchor",2,18,FALSE,0.433001340945038,0.449793742528883
"anchor",2,19,FALSE,0.653212513775344,0.440193840710405
"anchor",2,20,FALSE,0.558072259099146,0.421068931149976
"anchor",2,21,FALSE,0.261928672990642,0.214155409444664
"anchor",2,22,TRUE,0.637489729512511,0.490229266081898
"anchor",2,23,FALSE,0.504878459410216,0.404208646625041
"anchor",2,24,FALSE,0.286995073968852,0.37896596767844
"anchor",2,25,TRUE,0.662757831681574,0.454232310412
"anchor",2,26,FALSE,0.524525936626376,0.473424553310093
"anchor",2,27,TRUE,0.406540180433955,0.491407020432137
"anchor",2,28,FALSE,0.656098202012832,0.519971910860793
"anchor",2,29,FALSE,0.517987203025078,0.387575095380964
"anchor",2,30,FALSE,0.703119346236078,0.546911382680977
"anchor",2,31,FALSE,0.691081492122968,0.547484829602815
"anchor",2,32,FALSE,0.0141423615450058,0.372531326288919
"anchor",2,33,FALSE,0.733197265106569,0.683032206078893
"anchor",2,34,FALSE,0.408070285887185,0.437942851886682
"anchor",2,35,FALSE,0.396024896608593,0.445131802064979
"anchor",2,36,FALSE,0.398391440229475,0.487395934342807
"anchor",2,37,FALSE,0.770852011642144,0.543739774368221
"anchor",2,38,TRUE,0.15836249209525,0.317799251929265
"anchor",2,39,FALSE,0.625415352154408,0.549290224472458
"anchor",2,40,FALSE,0.496334505996816,0.51189119908902
"anchor",2,41,FALSE,0.679427896612119,0.595828289265137
"anchor",2,42,FALSE,0.610116955411928,0.536050510458718
"anchor",2,43,FALSE,0.645913275033844,0.467408779793056
"anchor",2,44,FALSE,0.465382851448418,0.446803069712439
"anchor",2,45,FALSE,0.569490954348783,0.539694681694674
"anchor",2,46,FALSE,0.187520720836463,0.275295573679792
"anchor",2,47,FALSE,0.465813957269479,0.49520070807215
"anchor",2,48,FALSE,0.231214647962601,0.525635155978915
"anchor",2,49,FALSE,0.670802284260944,0.637091421745536
"anchor",2,50,FALSE,0.459935016851525,0.54337280220537
"anchor",2,51,FALSE,0.287129620719111,0.403745275746578
"anchor",2,52,FALSE,0.6232492903979,0.516185887670925
"anchor",2,53,FALSE,0.8109042806687,0.665708428500395
"anchor",2,54,TRUE,0.354108439147401,0.462850718243375
"anchor",2,55,FALSE,0.129141845792285,0.393905312663892
"anchor",2,56,FALSE,0.244969460136198,0.428695459969703
"anchor",2,57,FALSE,0.364363354615731,0.424227365872836
"anchor",2,58,TRUE,0.334212409393176,0.402216944453712
"anchor",2,59,FALSE,0.489677291663699,0.517572620501507
"anchor",2,60,FALSE,0.525304009958239,0.436717859603814
"anchor",2,61,TRUE,0.406540180433955,0.367402943570552
"anchor",2,62,FALSE,0.335457900689384,0.56820805227299
"anchor",2,63,FALSE,0.419873175149476,0.52018726298678
"anchor",2,64,FALSE,0.397227181043161,0.520712438053384
"anchor",2,65,TRUE,0.59659709562646,0.611660989887441
"anchor",2,66,FALSE,0.260071387985075,0.445652188040267
"anchor",2,67,FALSE,0.489466281303128,0.583393333169493
"anchor",2,68,FALSE,0.544018407858776,0.694796411819896
"anchor",2,69,FALSE,0.665205628434601,0.639752106845859
"anchor",2,70,FALSE,0.537819095073274,0.596310866595148
"anchor",2,71,FALSE,0.501059262217751,0.551399736793302
"anchor",2,72,FALSE,0.415699348887829,0.466948683487291
"anchor",2,73,TRUE,0.298853076409707,0.422972827979084
"anchor",2,74,TRUE,0.289365951520032,0.362389263176688
"anchor",2,75,FALSE,0.497620649781288,0.339592084981365
"anchor",2,76,TRUE,0.778151250383644,0.529748977367324
"anchor",2,77,TRUE,0.260071387985075,0.409409576809646
"anchor",2,78,FALSE,0.367542273520577,0.462831645544646
"anchor",2,79,FALSE,0.534026106056135,0.472149344529262
"anchor",2,80,FALSE,0.287129620719111,0.325129713361312
"anchor",2,81,FALSE,0.469822015978163,0.405138394601452
"anchor",2,82,TRUE,0.399673721481038,0.357819577095308
"anchor",2,83,FALSE,0.307496037913213,0.281591453830677
"anchor",2,84,TRUE,0.322219294733919,0.395011851860459
"anchor",2,85,FALSE,0.247236549506764,0.384183615379205
"anchor",2,86,FALSE,0.6232492903979,0.459668150798237
"anchor",2,87,TRUE,0.429752280002408,0.357555823367269
"anchor",2,88,TRUE,0.566943971856554,0.403516032881053
"anchor",2,89,FALSE,0.605951157564873,0.549767544145819
"anchor",2,90,FALSE,0.265996370495079,0.503158713145578
"anchor",2,91,FALSE,0.555215405126073,0.409047210288928
"anchor",2,92,FALSE,0.638489256954637,0.486348747811996
"anchor",2,93,FALSE,0.528145078253106,0.539810368872175
"anchor",2,94,FALSE,0.227552503379865,0.55318561735895
"anchor",2,95,FALSE,0.430075055551939,0.549551359625484
"anchor",2,96,FALSE,0.184549481320698,0.360199765742869
"anchor",2,97,FALSE,0.472537053262077,0.496489814227811
"anchor",2,98,FALSE,0.60616631460762,0.417036639793486
"anchor",2,99,FALSE,0.685553652846326,0.640580199411434
"anchor",2,100,TRUE,0.296665190261531,0.536061708721238
"anchor",2,101,FALSE,0.491361693834273,0.556787283622966
"anchor",2,102,FALSE,0.513217600067939,0.373035232604177
"anchor",2,103,TRUE,0.64738297011462,0.413603854000661
"anchor",2,104,FALSE,0.491361693834273,0.482389028979715
"anchor",2,105,FALSE,0.406028944963615,0.447272802216916
"anchor",2,106,FALSE,0.752025387323213,0.52105381818128
"anchor",2,107,TRUE,0.6414741105041,0.473092084771793
"anchor",2,108,FALSE,0.416307587059883,0.567579195316947
"anchor",2,109,FALSE,0.966610986681934,0.756555300001816
"anchor",2,110,FALSE,0.188647295999717,0.339912205770356
"anchor",2,111,FALSE,0.708335902682263,0.477926979233946
"anchor",2,112,FALSE,0.685741738602264,0.821795293513018
"anchor",2,113,FALSE,0.559308010907013,0.538570913859827
"anchor",2,114,FALSE,0.355259905527378,0.452193534219001
"anchor",2,115,FALSE,0.187520720836463,0.340360633868477
"anchor",2,116,TRUE,0.569373909615046,0.459839730444947
"anchor",2,117,FALSE,0.572523097849638,0.581340579227252
"anchor",2,118,FALSE,0.538070787043172,0.526837410005429
"anchor",2,119,FALSE,0.374748346010104,0.390743813253711
"anchor",2,120,FALSE,0.294686624279443,0.328035258653965
"anchor",2,121,FALSE,0.432969290874406,0.458029201537917
"anchor",2,122,TRUE,0.320146286111054,0.57467477548333
"anchor",2,123,FALSE,0.574262829707027,0.446223300581716
"anchor",2,124,FALSE,0.610234175334389,0.628094699793192
"anchor",2,125,FALSE,0.173186268412274,0.23593827495171
"anchor",2,126,FALSE,0.314499227973151,0.423628665989473
"anchor",2,127,FALSE,0.753330221324521,0.584810768681449
"anchor",2,128,FALSE,0.338456493604605,0.496512094419206
"anchor",2,129,TRUE,0.0253058652647703,0.217890579017488
"anchor",2,130,FALSE,0.21045229296202,0.372585210290896
"anchor",2,131,FALSE,0.440121603187804,0.517121376521144
"anchor",2,132,TRUE,0.181872159010334,0.432565369834499
"anchor",2,133,FALSE,0.761326322421457,0.6139547424259
"anchor",2,134,FALSE,0.188084373714938,0.401998579266283
"anchor",2,135,FALSE,0.662757831681574,0.415609696789576
"anchor",2,136,FALSE,0.409425868671443,0.470918717420009
"anchor",2,137,FALSE,0.387389826338729,0.32360395346892
"anchor",2,138,FALSE,0.256236533205923,0.380726770462043
"anchor",2,139,FALSE,0.381656482585787,0.421487931289372
"anchor",2,140,FALSE,0.43568513794163,0.498416912587676
"anchor",2,141,FALSE,0.190331698170291,0.418266648621873
"anchor",2,142,TRUE,0.123851640967086,0.449140657220106
"anchor",2,143,FALSE,0.208978517276253,0.444118796370461
"anchor",2,144,TRUE,0.506505032404872,0.450136125999167
"anchor",2,145,FALSE,0.390935107103379,0.41537406967308
"anchor",2,146,FALSE,0.442479769064449,0.48488812345994
"anchor",2,147,FALSE,0.417139409727326,0.455579131753122
"anchor",2,148,FALSE,0.260071387985075,0.363904279106175
"anchor",2,149,TRUE,0.308777773664721,0.406581796907655
"anchor",2,150,FALSE,0.583198773968623,0.463292139206942
"anchor",2,151,TRUE,0.456062224454951,0.434548047765256
"anchor",2,152,FALSE,0.370698092575577,0.329995115361473
"anchor",2,153,FALSE,0.639486489268586,0.636410007320527
"anchor",2,154,FALSE,0.777412321496744,0.447638281741146
"anchor",2,155,TRUE,0.590284403718162,0.503538422928983
"anchor",2,156,FALSE,0.618215503279417,0.525266876292976
"anchor",2,157,FALSE,0.224533062606086,0.545076591595741
"anchor",2,158,FALSE,0.234010817587179,0.310333210116787
"anchor",2,159,FALSE,0.595826777073223,0.434141618571189
"anchor",2,160,TRUE,0.612783856719735,0.521182231490162
"anchor",2,161,FALSE,0.581266805273671,0.561451114520738
"anchor",2,162,FALSE,0.588383768378728,0.5904992727124
"anchor",2,163,FALSE,0.108226656374928,0.421357089439103
"anchor",2,164,TRUE,0.381115080709851,0.390392017328875
"anchor",2,165,FALSE,0.255272505103306,0.566291729282148
"anchor",2,166,FALSE,0.680879174426811,0.52944883583744
"anchor",2,167,FALSE,0.564784384503987,0.521155589372951
"anchor",2,168,TRUE,0.526339277389844,0.377387858208371
"anchor",2,169,FALSE,0.294466226161593,0.440361026396465
"anchor",2,170,FALSE,0.612783856719735,0.478101372182161
"anchor",2,171,FALSE,0.5182506513085,0.588403044601879
"anchor",2,172,FALSE,0.442949869577862,0.400987157375972
"anchor",2,173,FALSE,0.505149978319906,0.481464024052505
"anchor",2,174,FALSE,0.305995882770805,0.42108864462536
"anchor",2,175,TRUE,0.612783856719735,0.47324056244491
"anchor",2,176,TRUE,0.204119982655925,0.39762981575753
"anchor",2,177,FALSE,0.677333151419902,0.425451670377312
"anchor",2,178,FALSE,0.345961541813141,0.484083067068536
"anchor",2,179,FALSE,0.361160995195026,0.470321417216091
"anchor",2,180,TRUE,0.127104798364808,0.145174576026272
"anchor",2,181,FALSE,0.514547752660286,0.300638865469782
"anchor",2,182,FALSE,0.362350507594848,0.509958731663877
"anchor",2,183,FALSE,0.662757831681574,0.490115666620976
"anchor",2,184,FALSE,0.313867220369153,0.416158700620546
"anchor",2,185,FALSE,0.839666556882433,0.491072530180953
"anchor",2,186,FALSE,0.16999753706657,0.359911181081162
"anchor",2,187,FALSE,0.129367595722986,0.0766567411023518
"anchor",2,188,FALSE,0.36078268987328,0.357377751413993
"anchor",2,189,FALSE,0.429106008332697,0.460522737582233
"anchor",2,190,FALSE,0.702602841340427,0.56141804318152
"anchor",2,191,FALSE,0.571708831808688,0.445454256009674
"anchor",2,192,FALSE,0.343920385393226,0.311274095272275
"anchor",2,193,FALSE,0.695131297704026,0.521153613708188
"anchor",2,194,FALSE,0.629409599102719,0.542962449137035
"anchor",2,195,FALSE,0.414973347970818,0.407046223687192
"anchor",2,196,FALSE,0.276231957921834,0.404898354484664
"anchor",2,197,FALSE,0.531478917042255,0.552945938062803
"anchor",2,198,FALSE,0.236789099409293,0.401618856040157
"anchor",2,199,FALSE,0.756407872548958,0.76438396780365
"anchor",2,200,FALSE,0.718750734739665,0.569879175675911
"anchor",2,201,FALSE,0.515211304327802,0.458651016619136
"anchor",2,202,TRUE,0.3654879848909,0.291087623749658
"anchor",2,203,TRUE,0.344392273685111,0.401016490751117
"anchor",2,204,FALSE,0.196728722623287,0.451632302850482
"anchor",2,205,FALSE,0.392696953259666,0.458091624739146
"anchor",2,206,FALSE,0.365394376854778,0.469906077065101
"anchor",2,207,TRUE,0.389166084364532,0.451950720079389
"anchor",2,208,FALSE,0.653212513775344,0.479842625272598
"anchor",2,209,FALSE,0.440594261839831,0.399344414847798
"anchor",2,210,TRUE,0.202215775801131,0.463176389328596
"anchor",2,211,FALSE,0.48572142648158,0.401151240021319
"anchor",2,212,FALSE,0.244277120801843,0.479542791752693
"anchor",2,213,FALSE,0.372727940885595,0.497071994887756
"anchor",2,214,FALSE,0.52244423350632,0.460388782204364
"anchor",2,215,FALSE,0.257678574869184,0.412790384145697
"anchor",2,216,FALSE,0.384353414137506,0.556972184905787
"anchor",2,217,FALSE,0.335858911319818,0.451306943384042
"anchor",2,218,FALSE,0.555094448578319,0.542378973049053
"anchor",2,219,FALSE,0.271841606536499,0.48776584663725
"anchor",2,220,FALSE,0.471291711058939,0.398502882380887
"anchor",2,221,TRUE,0.294906910605192,0.420291610731017
"anchor",2,222,FALSE,0.655138434811382,0.61891595475614
"anchor",2,223,FALSE,0.528916700277655,0.507738329757744
"anchor",2,224,FALSE,0.777426822389311,0.514393622722581
"anchor",2,225,TRUE,0.191730393362856,0.507022503656894
"anchor",2,226,FALSE,0.239549720840473,0.416654632396666
"anchor",2,227,TRUE,0.582404298019028,0.544306735354559
"anchor",2,228,TRUE,0.569373909615046,0.325076400944968
"anchor",2,229,FALSE,0.334252642334231,0.384160101978352
"anchor",2,230,FALSE,0.406369835469268,0.506772566795968
"anchor",2,231,FALSE,0.0597526942092988,0.299971155713375
"anchor",2,232,TRUE,0.472463896606989,0.482175572033867
"anchor",2,233,FALSE,0.666985718329661,0.448626796182416
"anchor",2,234,FALSE,0.65417654187796,0.493022707973651
"anchor",2,235,FALSE,0.259593878885949,0.456428722311235
"anchor",2,236,FALSE,0.527114111639805,0.606637618338334
"anchor",2,237,TRUE,0.367169488534681,0.389482304276942
"anchor",2,238,TRUE,0.19228861256812,0.325035912117686
"anchor",2,239,FALSE,0.478566495593843,0.313063298075522
"anchor",2,240,FALSE,0.253580289562183,0.323255831159463
"anchor",2,241,FALSE,0.27554168840131,0.376139072485729
"anchor",2,242,FALSE,0.532627001228891,0.284304985125999
"anchor",2,243,TRUE,0.542451947375977,0.396795535170745
"anchor",2,244,FALSE,0.381836799998343,0.436781175728678
"anchor",2,245,TRUE,0.511616020569138,0.564249772820045
"anchor",2,246,FALSE,0.476831628512261,0.59044872474679
"anchor",2,247,FALSE,0.301029995663981,0.486488203761645
"anchor",2,248,FALSE,0.325823419002744,0.371046155484351
"anchor",2,249,FALSE,0.586024382386976,0.484018518185324
"anchor",2,250,FALSE,0.218535505216528,0.296022038359452
"anchor",2,251,FALSE,0.0480531731156091,0.195168972047481
"anchor",2,252,FALSE,0.378397900948138,0.545196081184461
"anchor",2,253,FALSE,0.595275711802099,0.449301367230499
"anchor",2,254,FALSE,0.398807730203264,0.455277945092425
"anchor",2,255,TRUE,0.161368002234975,0.294053054807978
"anchor",2,256,FALSE,0.456214155357989,0.448968374479869
"anchor",2,257,FALSE,0.641126932803509,0.467787307096043
"anchor",2,258,FALSE,0.54020429984206,0.369298531312047
"anchor",2,259,FALSE,0.0328201494385639,0.0875523068515138
"anchor",2,260,FALSE,0.434888120867316,0.541497340697952
"anchor",2,261,FALSE,0.332034277027518,0.527835931265458
"anchor",2,262,FALSE,0.391816923613249,0.604542524322114
"anchor",2,263,TRUE,0.347427598618541,0.312577430048075
"anchor",2,264,FALSE,0.352182518111362,0.314155908212542
"anchor",2,265,TRUE,0.154119525515847,0.209274931356088
"anchor",2,266,FALSE,0.591398551281249,0.448379932849273
"anchor",2,267,TRUE,0.315970345456918,0.386206460983852
"anchor",2,268,FALSE,0.470410490975931,0.457050804050293
"anchor",2,269,FALSE,0.826074802700826,0.715480286545958
"anchor",2,270,FALSE,0.234264124378789,0.374834418595386
"anchor",2,271,FALSE,0.504878459410216,0.45899583018466
"anchor",2,272,FALSE,0.582744965691277,0.378597340029889
"anchor",2,273,FALSE,0.542327382773974,0.493447307146184
"anchor",2,274,FALSE,0.657055852857104,0.454887477361521
"anchor",2,275,FALSE,0.328379603438738,0.37470974696428
"anchor",2,276,FALSE,0.4679039465228,0.233014634069801
"anchor",2,277,FALSE,0.331427296520743,0.48082581542829
"anchor",2,278,FALSE,0.352664799651101,0.431059743733396
"anchor",2,279,FALSE,0.437116093048079,0.306432106858249
"anchor",2,280,FALSE,0.325043347403704,0.334430161480431
"anchor",2,281,FALSE,0.749581734865559,0.441933365902038
"anchor",2,282,FALSE,0.775319121829478,0.491461157607265
"anchor",2,283,FALSE,0.817565369559781,0.526215886376952
"anchor",2,284,FALSE,0.526442668529935,0.352111558124204
"anchor",2,285,FALSE,0.682145076373832,0.544634254095793
"anchor",2,286,FALSE,0.425534220498263,0.516264465378178
"anchor",2,287,FALSE,0.659726095237792,0.481848115870524
"anchor",2,288,FALSE,0.672097857935718,0.399486132966544
"anchor",2,289,FALSE,0.534026106056135,0.45696855868545
"anchor",2,290,FALSE,0.615950051656401,0.56028152693257
"anchor",2,291,TRUE,0.262451089730429,0.395161038132262
"anchor",3,1,TRUE,0.482873583608754,0.517929159566291
"anchor",3,2,TRUE,0.496929648073215,0.451597107234139
"anchor",3,3,TRUE,0.623042434246382,0.519933228448791
"anchor",3,4,TRUE,0.523746466811564,0.385175940573229
"anchor",3,5,TRUE,0.47567118832443,0.469485655917695
"anchor",3,6,FALSE,0.469674772551798,0.354210316137356
"anchor",3,7,FALSE,0.387389826338729,0.472483533470457
"anchor",3,8,FALSE,0.627365856592733,0.38918903477963
"anchor",3,9,FALSE,0.591064607026499,0.44305818676436
"anchor",3,10,FALSE,0.218220304175545,0.330301559186428
"anchor",3,11,TRUE,0.680335513414563,0.430208922453463
"anchor",3,12,TRUE,0.680607428991788,0.418032848957878
"anchor",3,13,FALSE,0.721810615212547,0.576239296872665
"anchor",3,14,TRUE,0.20682587603185,0.333290411853315
"anchor",3,15,TRUE,0.582063362911709,0.39385292515027
"anchor",3,16,FALSE,0.696094159995223,0.531001116277133
"anchor",3,17,TRUE,0.40823996531185,0.383522312520529
"anchor",3,18,FALSE,0.433001340945038,0.445049801664707
"anchor",3,19,FALSE,0.653212513775344,0.466427353343857
"anchor",3,20,FALSE,0.558072259099146,0.440293703743863
"anchor",3,21,FALSE,0.261928672990642,0.25732317744411
"anchor",3,22,TRUE,0.637489729512511,0.527345810561818
"anchor",3,23,FALSE,0.504878459410216,0.385369199390186
"anchor",3,24,FALSE,0.286995073968852,0.399611211594418
"anchor",3,25,TRUE,0.662757831681574,0.460743874229637
"anchor",3,26,FALSE,0.524525936626376,0.478797965729459
"anchor",3,27,TRUE,0.406540180433955,0.488250595497569
"anchor",3,28,FALSE,0.656098202012832,0.516392341776927
"anchor",3,29,FALSE,0.517987203025078,0.404343155359991
"anchor",3,30,FALSE,0.703119346236078,0.523241722439652
"anchor",3,31,FALSE,0.691081492122968,0.548994396040687
"anchor",3,32,FALSE,0.0141423615450058,0.38575009288334
"anchor",3,33,FALSE,0.733197265106569,0.672627886055114
"anchor",3,34,FALSE,0.408070285887185,0.419211515502006
"anchor",3,35,FALSE,0.396024896608593,0.467813241204993
"anchor",3,36,FALSE,0.398391440229475,0.483110816866574
"anchor",3,37,FALSE,0.770852011642144,0.564529049255621
"anchor",3,38,TRUE,0.15836249209525,0.341112858573963
"anchor",3,39,FALSE,0.625415352154408,0.533455743443338
"anchor",3,40,FALSE,0.496334505996816,0.523811222786157
"anchor",3,41,FALSE,0.679427896612119,0.596902452271359
"anchor",3,42,FALSE,0.610116955411928,0.533043214507848
"anchor",3,43,FALSE,0.645913275033844,0.454099241076575
"anchor",3,44,FALSE,0.465382851448418,0.44621275352379
"anchor",3,45,FALSE,0.569490954348783,0.548166797470736
"anchor",3,46,FALSE,0.187520720836463,0.2643290804844
"anchor",3,47,FALSE,0.465813957269479,0.504142093848764
"anchor",3,48,FALSE,0.231214647962601,0.54418129833018
"anchor",3,49,FALSE,0.670802284260944,0.616041498559762
"anchor",3,50,FALSE,0.459935016851525,0.539556016941294
"anchor",3,51,FALSE,0.287129620719111,0.424314405295768
"anchor",3,52,FALSE,0.6232492903979,0.501356790586981
"anchor",3,53,FALSE,0.8109042806687,0.675987932195727
"anchor",3,54,TRUE,0.354108439147401,0.447329938779667
"anchor",3,55,FALSE,0.129141845792285,0.416346984122653
"anchor",3,56,FALSE,0.244969460136198,0.407118880898002
"anchor",3,57,FALSE,0.364363354615731,0.41305079591953
"anchor",3,58,TRUE,0.334212409393176,0.403261994286847
"anchor",3,59,FALSE,0.489677291663699,0.549229033344339
"anchor",3,60,FALSE,0.525304009958239,0.463538204930736
"anchor",3,61,TRUE,0.406540180433955,0.383212275688848
"anchor",3,62,FALSE,0.335457900689384,0.554068688024865
"anchor",3,63,FALSE,0.419873175149476,0.522024052135655
"anchor",3,64,FALSE,0.397227181043161,0.538728526072244
"anchor",3,65,TRUE,0.59659709562646,0.625601317869704
"anchor",3,66,FALSE,0.260071387985075,0.466730113882434
"anchor",3,67,FALSE,0.489466281303128,0.579132537653554
"anchor",3,68,FALSE,0.544018407858776,0.717353880380793
"anchor",3,69,FALSE,0.665205628434601,0.663126990658187
"anchor",3,70,FALSE,0.537819095073274,0.603228544173515
"anchor",3,71,FALSE,0.501059262217751,0.537386232867426
"anchor",3,72,FALSE,0.415699348887829,0.440879216690011
"anchor",3,73,TRUE,0.298853076409707,0.41188153572595
"anchor",3,74,TRUE,0.289365951520032,0.36050789855225
"anchor",3,75,FALSE,0.497620649781288,0.329892806046294
"anchor",3,76,TRUE,0.778151250383644,0.499512049468244
"anchor",3,77,TRUE,0.260071387985075,0.372045694044041
"anchor",3,78,FALSE,0.367542273520577,0.480570422771395
"anchor",3,79,FALSE,0.534026106056135,0.471911833570255
"anchor",3,80,FALSE,0.287129620719111,0.328103623579586
"anchor",3,81,FALSE,0.469822015978163,0.417447915325715
"anchor",3,82,TRUE,0.399673721481038,0.33769989348449
"anchor",3,83,FALSE,0.307496037913213,0.272635116720532
"anchor",3,84,TRUE,0.322219294733919,0.357483412330417
"anchor",3,85,FALSE,0.247236549506764,0.399547396354983
"anchor",3,86,FALSE,0.6232492903979,0.468457571386098
"anchor",3,87,TRUE,0.429752280002408,0.374893396701553
"anchor",3,88,TRUE,0.566943971856554,0.438798806747232
"anchor",3,89,FALSE,0.605951157564873,0.518492641573926
"anchor",3,90,FALSE,0.265996370495079,0.513997926577592
"anchor",3,91,FALSE,0.555215405126073,0.394331489108132
"anchor",3,92,FALSE,0.638489256954637,0.495680437244888
"anchor",3,93,FALSE,0.528145078253106,0.598135643367361
"anchor",3,94,FALSE,0.227552503379865,0.545679961005576
"anchor",3,95,FALSE,0.430075055551939,0.541036371081797
"anchor",3,96,FALSE,0.184549481320698,0.33819786028265
"anchor",3,97,FALSE,0.472537053262077,0.497699221940071
"anchor",3,98,FALSE,0.60616631460762,0.458171394767182
"anchor",3,99,FALSE,0.685553652846326,0.606094392541909
"anchor",3,100,TRUE,0.296665190261531,0.515906585524025
"anchor",3,101,FALSE,0.491361693834273,0.570662745928411
"anchor",3,102,FALSE,0.513217600067939,0.398345476195735
"anchor",3,103,TRUE,0.64738297011462,0.48869077117465
"anchor",3,104,FALSE,0.491361693834273,0.507130769169468
"anchor",3,105,FALSE,0.406028944963615,0.422849791641724
"anchor",3,106,FALSE,0.752025387323213,0.514115840600488
"anchor",3,107,TRUE,0.6414741105041,0.481257618618754
"anchor",3,108,FALSE,0.416307587059883,0.555817932998851
"anchor",3,109,FALSE,0.966610986681934,0.766625065679211
"anchor",3,110,FALSE,0.188647295999717,0.330244568083969
"anchor",3,111,FALSE,0.708335902682263,0.512335303268403
"anchor",3,112,FALSE,0.685741738602264,0.835299442593633
"anchor",3,113,FALSE,0.559308010907013,0.535765088251755
"anchor",3,114,FALSE,0.355259905527378,0.443998509267324
"anchor",3,115,FALSE,0.187520720836463,0.338425752000352
"anchor",3,116,TRUE,0.569373909615046,0.454687887108599
"anchor",3,117,FALSE,0.572523097849638,0.546878719107787
"anchor",3,118,FALSE,0.538070787043172,0.546192530753064
"anchor",3,119,FALSE,0.374748346010104,0.387093675133366
"anchor",3,120,FALSE,0.294686624279443,0.355389520660223
"anchor",3,121,FALSE,0.432969290874406,0.471004658790236
"anchor",3,122,TRUE,0.320146286111054,0.562505077723165
"anchor",3,123,FALSE,0.574262829707027,0.444970918091229
"anchor",3,124,FALSE,0.610234175334389,0.628387357742352
"anchor",3,125,FALSE,0.173186268412274,0.258870755365634
"anchor",3,126,FALSE,0.314499227973151,0.437807959153681
"anchor",3,127,FALSE,0.753330221324521,0.587925525422969
"anchor",3,128,FALSE,0.338456493604605,0.490973154463539
"anchor",3,129,TRUE,0.0253058652647703,0.232934514091672
"anchor",3,130,FALSE,0.21045229296202,0.386116722664406
"anchor",3,131,FALSE,0.440121603187804,0.493134802811734
"anchor",3,132,TRUE,0.181872159010334,0.453253661101959
"anchor",3,133,FALSE,0.761326322421457,0.611884626512924
"anchor",3,134,FALSE,0.188084373714938,0.4296321182739
"anchor",3,135,FALSE,0.662757831681574,0.415465139335574
"anchor",3,136,FALSE,0.409425868671443,0.481932411402625
"anchor",3,137,FALSE,0.387389826338729,0.337213614179078
"anchor",3,138,FALSE,0.256236533205923,0.413538492897895
"anchor",3,139,FALSE,0.381656482585787,0.457297416495796
"anchor",3,140,FALSE,0.43568513794163,0.474255591513918
"anchor",3,141,FALSE,0.190331698170291,0.410871268503103
"anchor",3,142,TRUE,0.123851640967086,0.455011575541305
"anchor",3,143,FALSE,0.208978517276253,0.451455656593671
"anchor",3,144,TRUE,0.506505032404872,0.457917985623833
"anchor",3,145,FALSE,0.390935107103379,0.416633794219564
"anchor",3,146,FALSE,0.442479769064449,0.529826616333477
"anchor",3,147,FALSE,0.417139409727326,0.414288204544418
"anchor",3,148,FALSE,0.260071387985075,0.359536486318299
"anchor",3,149,TRUE,0.308777773664721,0.419487235398951
"anchor",3,150,FALSE,0.583198773968623,0.445708612110764
"anchor",3,151,TRUE,0.456062224454951,0.425558847547827
"anchor",3,152,FALSE,0.370698092575577,0.41181845435748
"anchor",3,153,FALSE,0.639486489268586,0.639286489401251
"anchor",3,154,FALSE,0.777412321496744,0.444159071022969
"anchor",3,155,TRUE,0.590284403718162,0.483508654753539
"anchor",3,156,FALSE,0.618215503279417,0.488591634132679
"anchor",3,157,FALSE,0.224533062606086,0.47194937125492
"anchor",3,158,FALSE,0.234010817587179,0.300094948101788
"anchor",3,159,FALSE,0.595826777073223,0.450679286025963
"anchor",3,160,TRUE,0.612783856719735,0.528643119087669
"anchor",3,161,FALSE,0.581266805273671,0.583539599261888
"anchor",3,162,FALSE,0.588383768378728,0.579616844973411
"anchor",3,163,FALSE,0.108226656374928,0.376274816544025
"anchor",3,164,TRUE,0.381115080709851,0.372878205936503
"anchor",3,165,FALSE,0.255272505103306,0.56203877434117
"anchor",3,166,FALSE,0.680879174426811,0.511125324529604
"anchor",3,167,FALSE,0.564784384503987,0.494008056463064
"anchor",3,168,TRUE,0.526339277389844,0.356800068909088
"anchor",3,169,FALSE,0.294466226161593,0.442372219353769
"anchor",3,170,FALSE,0.612783856719735,0.44877230925445
"anchor",3,171,FALSE,0.5182506513085,0.572316708183357
"anchor",3,172,FALSE,0.442949869577862,0.38473077730053
"anchor",3,173,FALSE,0.505149978319906,0.488378171287969
"anchor",3,174,FALSE,0.305995882770805,0.422819974867581
"anchor",3,175,TRUE,0.612783856719735,0.449366598592204
"anchor",3,176,TRUE,0.204119982655925,0.37531143641753
"anchor",3,177,FALSE,0.677333151419902,0.381260154771753
"anchor",3,178,FALSE,0.345961541813141,0.461160735326056
"anchor",3,179,FALSE,0.361160995195026,0.460993359550467
"anchor",3,180,TRUE,0.127104798364808,0.204854998707766
"anchor",3,181,FALSE,0.514547752660286,0.312171651512379
"anchor",3,182,FALSE,0.362350507594848,0.506656058174304
"anchor",3,183,FALSE,0.662757831681574,0.469657015557945
"anchor",3,184,FALSE,0.313867220369153,0.44707463944356
"anchor",3,185,FALSE,0.839666556882433,0.471248168931756
"anchor",3,186,FALSE,0.16999753706657,0.361486104196265
"anchor",3,187,FALSE,0.129367595722986,0.156323780608877
"anchor",3,188,FALSE,0.36078268987328,0.309725738986329
"anchor",3,189,FALSE,0.429106008332697,0.471466155346954
"anchor",3,190,FALSE,0.702602841340427,0.553090534253687
"anchor",3,191,FALSE,0.571708831808688,0.499135680177072
"anchor",3,192,FALSE,0.343920385393226,0.317028503215731
"anchor",3,193,FALSE,0.695131297704026,0.513420010551597
"anchor",3,194,FALSE,0.629409599102719,0.555435970225647
"anchor",3,195,FALSE,0.414973347970818,0.41803706288901
"anchor",3,196,FALSE,0.276231957921834,0.405500986884395
"anchor",3,197,FALSE,0.531478917042255,0.550111860312102
"anchor",3,198,FALSE,0.236789099409293,0.392235763509052
"anchor",3,199,FALSE,0.756407872548958,0.769039464631521
"anchor",3,200,FALSE,0.718750734739665,0.575711320918518
"anchor",3,201,FALSE,0.515211304327802,0.44157262075642
"anchor",3,202,TRUE,0.3654879848909,0.294374642874539
"anchor",3,203,TRUE,0.344392273685111,0.41275868926582
"anchor",3,204,FALSE,0.196728722623287,0.474251821360194
"anchor",3,205,FALSE,0.392696953259666,0.416323273779255
"anchor",3,206,FALSE,0.365394376854778,0.46002507972123
"anchor",3,207,TRUE,0.389166084364532,0.441322248581784
"anchor",3,208,FALSE,0.653212513775344,0.484484886417633
"anchor",3,209,FALSE,0.440594261839831,0.370118444156687
"anchor",3,210,TRUE,0.202215775801131,0.470956637477688
"anchor",3,211,FALSE,0.48572142648158,0.404949654041681
"anchor",3,212,FALSE,0.244277120801843,0.505857639487367
"anchor",3,213,FALSE,0.372727940885595,0.463010684792971
"anchor",3,214,FALSE,0.52244423350632,0.489928523201219
"anchor",3,215,FALSE,0.257678574869184,0.395405758299977
"anchor",3,216,FALSE,0.384353414137506,0.573471869025044
"anchor",3,217,FALSE,0.335858911319818,0.472953623882591
"anchor",3,218,FALSE,0.555094448578319,0.522138370909819
"anchor",3,219,FALSE,0.271841606536499,0.461745584275189
"anchor",3,220,FALSE,0.471291711058939,0.424861237027243
"anchor",3,221,TRUE,0.294906910605192,0.429311738496759
"anchor",3,222,FALSE,0.655138434811382,0.583988078406997
"anchor",3,223,FALSE,0.528916700277655,0.457562081360837
"anchor",3,224,FALSE,0.777426822389311,0.515068058667921
"anchor",3,225,TRUE,0.191730393362856,0.503143893299783
"anchor",3,226,FALSE,0.239549720840473,0.434135301336349
"anchor",3,227,TRUE,0.582404298019028,0.559907237313302
"anchor",3,228,TRUE,0.569373909615046,0.32233476154451
"anchor",3,229,FALSE,0.334252642334231,0.364670011321055
"anchor",3,230,FALSE,0.406369835469268,0.470833750795593
"anchor",3,231,FALSE,0.0597526942092988,0.319933592221529
"anchor",3,232,TRUE,0.472463896606989,0.4809191961723
"anchor",3,233,FALSE,0.666985718329661,0.460904449444305
"anchor",3,234,FALSE,0.65417654187796,0.530221364640297
"anchor",3,235,FALSE,0.259593878885949,0.449066892730181
"anchor",3,236,FALSE,0.527114111639805,0.590889290028744
"anchor",3,237,TRUE,0.367169488534681,0.403584776816637
"anchor",3,238,TRUE,0.19228861256812,0.336154182519962
"anchor",3,239,FALSE,0.478566495593843,0.309158318066015
"anchor",3,240,FALSE,0.253580289562183,0.359884482558901
"anchor",3,241,FALSE,0.27554168840131,0.396818263917101
"anchor",3,242,FALSE,0.532627001228891,0.327078850986853
"anchor",3,243,TRUE,0.542451947375977,0.378173914238692
"anchor",3,244,FALSE,0.381836799998343,0.422299880774285
"anchor",3,245,TRUE,0.511616020569138,0.557007905008278
"anchor",3,246,FALSE,0.476831628512261,0.5718220356393
"anchor",3,247,FALSE,0.301029995663981,0.484321221058337
"anchor",3,248,FALSE,0.325823419002744,0.358067903979999
"anchor",3,249,FALSE,0.586024382386976,0.472663221602052
"anchor",3,250,FALSE,0.218535505216528,0.291462003631284
"anchor",3,251,FALSE,0.0480531731156091,0.179032173104504
"anchor",3,252,FALSE,0.378397900948138,0.516571062700866
"anchor",3,253,FALSE,0.595275711802099,0.449299578116053
"anchor",3,254,FALSE,0.398807730203264,0.462425827013063
"anchor",3,255,TRUE,0.161368002234975,0.301389851153696
"anchor",3,256,FALSE,0.456214155357989,0.446818206093269
"anchor",3,257,FALSE,0.641126932803509,0.458138582254651
"anchor",3,258,FALSE,0.54020429984206,0.353645642024895
"anchor",3,259,FALSE,0.0328201494385639,0.192973438169143
"anchor",3,260,FALSE,0.434888120867316,0.536722502251119
"anchor",3,261,FALSE,0.332034277027518,0.482391597361595
"anchor",3,262,FALSE,0.391816923613249,0.603505821056308
"anchor",3,263,TRUE,0.347427598618541,0.333243561268296
"anchor",3,264,FALSE,0.352182518111362,0.289219718077584
"anchor",3,265,TRUE,0.154119525515847,0.233126945346715
"anchor",3,266,FALSE,0.591398551281249,0.438241539344382
"anchor",3,267,TRUE,0.315970345456918,0.371775947478101
"anchor",3,268,FALSE,0.470410490975931,0.456217410931425
"anchor",3,269,FALSE,0.826074802700826,0.77710090576889
"anchor",3,270,FALSE,0.234264124378789,0.392282940552101
"anchor",3,271,FALSE,0.504878459410216,0.455246620014042
"anchor",3,272,FALSE,0.582744965691277,0.376259481715211
"anchor",3,273,FALSE,0.542327382773974,0.490802441564754
"anchor",3,274,FALSE,0.657055852857104,0.465643311272077
"anchor",3,275,FALSE,0.328379603438738,0.391760512791502
"anchor",3,276,FALSE,0.4679039465228,0.244403631655398
"anchor",3,277,FALSE,0.331427296520743,0.47881322903143
"anchor",3,278,FALSE,0.352664799651101,0.43277616248058
"anchor",3,279,FALSE,0.437116093048079,0.29920719898131
"anchor",3,280,FALSE,0.325043347403704,0.384738497757222
"anchor",3,281,FALSE,0.749581734865559,0.424462975719544
"anchor",3,282,FALSE,0.775319121829478,0.504143397038561
"anchor",3,283,FALSE,0.817565369559781,0.541693813655962
"anchor",3,284,FALSE,0.526442668529935,0.339282188015473
"anchor",3,285,FALSE,0.682145076373832,0.541467217319193
"anchor",3,286,FALSE,0.425534220498263,0.515393564721506
"anchor",3,287,FALSE,0.659726095237792,0.522656613732551
"anchor",3,288,FALSE,0.672097857935718,0.408050213659364
"anchor",3,289,FALSE,0.534026106056135,0.420557203960869
"anchor",3,290,FALSE,0.615950051656401,0.565444563183621
"anchor",3,291,TRUE,0.262451089730429,0.333849055868762
"daume",1,1,TRUE,0.482873583608754,0.484807617183484
"daume",1,2,TRUE,0.496929648073215,0.451703507581802
"daume",1,3,TRUE,0.623042434246382,0.53255091988132
"daume",1,4,TRUE,0.523746466811564,0.387742294518903
"daume",1,5,TRUE,0.47567118832443,0.484226724148938
"daume",1,6,FALSE,0.469674772551798,0.359433642898641
"daume",1,7,FALSE,0.387389826338729,0.473929040536688
"daume",1,8,FALSE,0.627365856592733,0.394408515979658
"daume",1,9,FALSE,0.591064607026499,0.435778284014139
"daume",1,10,FALSE,0.218220304175545,0.323596132961286
"daume",1,11,TRUE,0.680335513414563,0.449984789381408
"daume",1,12,TRUE,0.680607428991788,0.465260773395169
"daume",1,13,FALSE,0.721810615212547,0.566909263378936
"daume",1,14,TRUE,0.20682587603185,0.371041910342816
"daume",1,15,TRUE,0.582063362911709,0.368693820771065
"daume",1,16,FALSE,0.696094159995223,0.510958205471176
"daume",1,17,TRUE,0.40823996531185,0.400541222203082
"daume",1,18,FALSE,0.433001340945038,0.441423067191371
"daume",1,19,FALSE,0.653212513775344,0.459176410503096
"daume",1,20,FALSE,0.558072259099146,0.432688380128385
"daume",1,21,FALSE,0.261928672990642,0.241663428212642
"daume",1,22,TRUE,0.637489729512511,0.526486680143232
"daume",1,23,FALSE,0.504878459410216,0.379611704032984
"daume",1,24,FALSE,0.286995073968852,0.397259179628681
"daume",1,25,TRUE,0.662757831681574,0.475901419751236
"daume",1,26,FALSE,0.524525936626376,0.477986553424847
"daume",1,27,TRUE,0.406540180433955,0.467003556816311
"daume",1,28,FALSE,0.656098202012832,0.54343695414159
"daume",1,29,FALSE,0.517987203025078,0.422474757517456
"daume",1,30,FALSE,0.703119346236078,0.554793974717719
"daume",1,31,FALSE,0.691081492122968,0.544122459772857
"daume",1,32,FALSE,0.0141423615450058,0.390943808766045
"daume",1,33,FALSE,0.733197265106569,0.693862914602171
"daume",1,34,FALSE,0.408070285887185,0.420643226095833
"daume",1,35,FALSE,0.396024896608593,0.439204916920153
"daume",1,36,FALSE,0.398391440229475,0.483099335737073
"daume",1,37,FALSE,0.770852011642144,0.566246362564259
"daume",1,38,TRUE,0.15836249209525,0.349457160547227
"daume",1,39,FALSE,0.625415352154408,0.526694082959064
"daume",1,40,FALSE,0.496334505996816,0.49545112493211
"daume",1,41,FALSE,0.679427896612119,0.607236594317717
"daume",1,42,FALSE,0.610116955411928,0.526900759835917
"daume",1,43,FALSE,0.645913275033844,0.472128515520624
"daume",1,44,FALSE,0.465382851448418,0.435691761756391
"daume",1,45,FALSE,0.569490954348783,0.536512135641807
"daume",1,46,FALSE,0.187520720836463,0.279588829578261
"daume",1,47,FALSE,0.465813957269479,0.509406636774776
"daume",1,48,FALSE,0.231214647962601,0.531135874649196
"daume",1,49,FALSE,0.670802284260944,0.624466497859857
"daume",1,50,FALSE,0.459935016851525,0.540830086763096
"daume",1,51,FALSE,0.287129620719111,0.423170788225609
"daume",1,52,FALSE,0.6232492903979,0.531812328508576
"daume",1,53,FALSE,0.8109042806687,0.662688590986545
"daume",1,54,TRUE,0.354108439147401,0.286269165208769
"daume",1,55,FALSE,0.129141845792285,0.410466792984955
"daume",1,56,FALSE,0.244969460136198,0.382767146873997
"daume",1,57,FALSE,0.364363354615731,0.396781447185654
"daume",1,58,TRUE,0.334212409393176,0.431848519001511
"daume",1,59,FALSE,0.489677291663699,0.548329090593799
"daume",1,60,FALSE,0.525304009958239,0.46437317868885
"daume",1,61,TRUE,0.406540180433955,0.382190370716878
"daume",1,62,FALSE,0.335457900689384,0.567551449850761
"daume",1,63,FALSE,0.419873175149476,0.488784990465312
"daume",1,64,FALSE,0.397227181043161,0.56824056312188
"daume",1,65,TRUE,0.59659709562646,0.614944159382548
"daume",1,66,FALSE,0.260071387985075,0.453718938251162
"daume",1,67,FALSE,0.489466281303128,0.56871725614841
"daume",1,68,FALSE,0.544018407858776,0.684842994271313
"daume",1,69,FALSE,0.665205628434601,0.653848863529656
"daume",1,70,FALSE,0.537819095073274,0.592992896423853
"daume",1,71,FALSE,0.501059262217751,0.56061603140642
"daume",1,72,FALSE,0.415699348887829,0.441979244559326
"daume",1,73,TRUE,0.298853076409707,0.457939606820283
"daume",1,74,TRUE,0.289365951520032,0.328113518618279
"daume",1,75,FALSE,0.497620649781288,0.36185655980888
"daume",1,76,TRUE,0.778151250383644,0.567395486637864
"daume",1,77,TRUE,0.260071387985075,0.396783772312853
"daume",1,78,FALSE,0.367542273520577,0.506135181524975
"daume",1,79,FALSE,0.534026106056135,0.481790158193374
"daume",1,80,FALSE,0.287129620719111,0.312482864264937
"daume",1,81,FALSE,0.469822015978163,0.397126227932144
"daume",1,82,TRUE,0.399673721481038,0.442481352876935
"daume",1,83,FALSE,0.307496037913213,0.250620880907568
"daume",1,84,TRUE,0.322219294733919,0.333708189573097
"daume",1,85,FALSE,0.247236549506764,0.39038950833634
"daume",1,86,FALSE,0.6232492903979,0.459781767196958
"daume",1,87,TRUE,0.429752280002408,0.4002372634731
"daume",1,88,TRUE,0.566943971856554,0.441256405066934
"daume",1,89,FALSE,0.605951157564873,0.524474619026423
"daume",1,90,FALSE,0.265996370495079,0.507472608023205
"daume",1,91,FALSE,0.555215405126073,0.406686008065093
"daume",1,92,FALSE,0.638489256954637,0.489117549585848
"daume",1,93,FALSE,0.528145078253106,0.570278685363159
"daume",1,94,FALSE,0.227552503379865,0.547457259057933
"daume",1,95,FALSE,0.430075055551939,0.532264355445339
"daume",1,96,FALSE,0.184549481320698,0.352803289350807
"daume",1,97,FALSE,0.472537053262077,0.511344642002317
"daume",1,98,FALSE,0.60616631460762,0.467288895447705
"daume",1,99,FALSE,0.685553652846326,0.623604324708579
"daume",1,100,TRUE,0.296665190261531,0.53470777501873
"daume",1,101,FALSE,0.491361693834273,0.559541027874384
"daume",1,102,FALSE,0.513217600067939,0.375262693316549
"daume",1,103,TRUE,0.64738297011462,0.574889644377207
"daume",1,104,FALSE,0.491361693834273,0.515472717688788
"daume",1,105,FALSE,0.406028944963615,0.446184326255516
"daume",1,106,FALSE,0.752025387323213,0.50862154488056
"daume",1,107,TRUE,0.6414741105041,0.379165679304695
"daume",1,108,FALSE,0.416307587059883,0.571492984148023
"daume",1,109,FALSE,0.966610986681934,0.766110009885267
"daume",1,110,FALSE,0.188647295999717,0.349468644087325
"daume",1,111,FALSE,0.708335902682263,0.513005086738876
"daume",1,112,FALSE,0.685741738602264,0.818698800461962
"daume",1,113,FALSE,0.559308010907013,0.54535912107735
"daume",1,114,FALSE,0.355259905527378,0.448864729268099
"daume",1,115,FALSE,0.187520720836463,0.348560676720146
"daume",1,116,TRUE,0.569373909615046,0.489664456473934
"daume",1,117,FALSE,0.572523097849638,0.535342105003144
"daume",1,118,FALSE,0.538070787043172,0.525347132543272
"daume",1,119,FALSE,0.374748346010104,0.37471590158566
"daume",1,120,FALSE,0.294686624279443,0.335317644043144
"daume",1,121,FALSE,0.432969290874406,0.456879105165444
"daume",1,122,TRUE,0.320146286111054,0.565417341913714
"daume",1,123,FALSE,0.574262829707027,0.447302735826231
"daume",1,124,FALSE,0.610234175334389,0.616144786381562
"daume",1,125,FALSE,0.173186268412274,0.240118887139554
"daume",1,126,FALSE,0.314499227973151,0.440787371118087
"daume",1,127,FALSE,0.753330221324521,0.553699909835191
"daume",1,128,FALSE,0.338456493604605,0.506467931036072
"daume",1,129,TRUE,0.0253058652647703,0.206313723641778
"daume",1,130,FALSE,0.21045229296202,0.399148424820275
"daume",1,131,FALSE,0.440121603187804,0.510358715495475
"daume",1,132,TRUE,0.181872159010334,0.431005526288667
"daume",1,133,FALSE,0.761326322421457,0.60490279686291
"daume",1,134,FALSE,0.188084373714938,0.369517824507506
"daume",1,135,FALSE,0.662757831681574,0.3989991920895
"daume",1,136,FALSE,0.409425868671443,0.461607055769942
"daume",1,137,FALSE,0.387389826338729,0.348444651794081
"daume",1,138,FALSE,0.256236533205923,0.417168086588614
"daume",1,139,FALSE,0.381656482585787,0.423099445503306
"daume",1,140,FALSE,0.43568513794163,0.489471079505259
"daume",1,141,FALSE,0.190331698170291,0.431152278463092
"daume",1,142,TRUE,0.123851640967086,0.310229066359421
"daume",1,143,FALSE,0.208978517276253,0.445813167245271
"daume",1,144,TRUE,0.506505032404872,0.453327080888078
"daume",1,145,FALSE,0.390935107103379,0.423737992500161
"daume",1,146,FALSE,0.442479769064449,0.518881416098017
"daume",1,147,FALSE,0.417139409727326,0.45244833514009
"daume",1,148,FALSE,0.260071387985075,0.376939308758978
"daume",1,149,TRUE,0.308777773664721,0.435389575014767
"daume",1,150,FALSE,0.583198773968623,0.466628518831651
"daume",1,151,TRUE,0.456062224454951,0.471343871641854
"daume",1,152,FALSE,0.370698092575577,0.368228369554006
"daume",1,153,FALSE,0.639486489268586,0.621716735298783
"daume",1,154,FALSE,0.777412321496744,0.436295830216907
"daume",1,155,TRUE,0.590284403718162,0.506164534040652
"daume",1,156,FALSE,0.618215503279417,0.481572505597622
"daume",1,157,FALSE,0.224533062606086,0.491779658436226
"daume",1,158,FALSE,0.234010817587179,0.276211789136835
"daume",1,159,FALSE,0.595826777073223,0.430516853378031
"daume",1,160,TRUE,0.612783856719735,0.504290696219986
"daume",1,161,FALSE,0.581266805273671,0.5575062371128
"daume",1,162,FALSE,0.588383768378728,0.580538066902583
"daume",1,163,FALSE,0.108226656374928,0.368426547005798
"daume",1,164,TRUE,0.381115080709851,0.397170455769605
"daume",1,165,FALSE,0.255272505103306,0.546200002482222
"daume",1,166,FALSE,0.680879174426811,0.535827802002876
"daume",1,167,FALSE,0.564784384503987,0.502324391450414
"daume",1,168,TRUE,0.526339277389844,0.367941920725583
"daume",1,169,FALSE,0.294466226161593,0.435330613788492
"daume",1,170,FALSE,0.612783856719735,0.449836464130492
"daume",1,171,FALSE,0.5182506513085,0.572174520834311
"daume",1,172,FALSE,0.442949869577862,0.39358945958716
"daume",1,173,FALSE,0.505149978319906,0.480129529102222
"daume",1,174,FALSE,0.305995882770805,0.419854070720069
"daume",1,175,TRUE,0.612783856719735,0.421000302137706
"daume",1,176,TRUE,0.204119982655925,0.364045595959314
"daume",1,177,FALSE,0.677333151419902,0.422543052419955
"daume",1,178,FALSE,0.345961541813141,0.46135724867093
"daume",1,179,FALSE,0.361160995195026,0.474250000104013
"daume",1,180,TRUE,0.127104798364808,0.210233672758402
"daume",1,181,FALSE,0.514547752660286,0.308318078335707
"daume",1,182,FALSE,0.362350507594848,0.503279522626909
"daume",1,183,FALSE,0.662757831681574,0.470867390526765
"daume",1,184,FALSE,0.313867220369153,0.436121198677186
"daume",1,185,FALSE,0.839666556882433,0.453545093510808
"daume",1,186,FALSE,0.16999753706657,0.350811803355689
"daume",1,187,FALSE,0.129367595722986,0.181436569827371
"daume",1,188,FALSE,0.36078268987328,0.345939346792588
"daume",1,189,FALSE,0.429106008332697,0.470411045853829
"daume",1,190,FALSE,0.702602841340427,0.573043480786008
"daume",1,191,FALSE,0.571708831808688,0.477348854748648
"daume",1,192,FALSE,0.343920385393226,0.317014320123384
"daume",1,193,FALSE,0.695131297704026,0.530840750580216
"daume",1,194,FALSE,0.629409599102719,0.538952247867606
"daume",1,195,FALSE,0.414973347970818,0.414027610735961
"daume",1,196,FALSE,0.276231957921834,0.379125925335224
"daume",1,197,FALSE,0.531478917042255,0.533534645328143
"daume",1,198,FALSE,0.236789099409293,0.361939916328708
"daume",1,199,FALSE,0.756407872548958,0.769668220747256
"daume",1,200,FALSE,0.718750734739665,0.58466897655379
"daume",1,201,FALSE,0.515211304327802,0.450184903705271
"daume",1,202,TRUE,0.3654879848909,0.299454513736709
"daume",1,203,TRUE,0.344392273685111,0.49721632485988
"daume",1,204,FALSE,0.196728722623287,0.459818427300145
"daume",1,205,FALSE,0.392696953259666,0.43207815731588
"daume",1,206,FALSE,0.365394376854778,0.446393854748621
"daume",1,207,TRUE,0.389166084364532,0.436955878431664
"daume",1,208,FALSE,0.653212513775344,0.481711646878141
"daume",1,209,FALSE,0.440594261839831,0.392743887543591
"daume",1,210,TRUE,0.202215775801131,0.454905870580521
"daume",1,211,FALSE,0.48572142648158,0.393523254622272
"daume",1,212,FALSE,0.244277120801843,0.441741647239942
"daume",1,213,FALSE,0.372727940885595,0.445654912371545
"daume",1,214,FALSE,0.52244423350632,0.504505654500253
"daume",1,215,FALSE,0.257678574869184,0.398712807350033
"daume",1,216,FALSE,0.384353414137506,0.550683419996096
"daume",1,217,FALSE,0.335858911319818,0.504854739443742
"daume",1,218,FALSE,0.555094448578319,0.548453756639783
"daume",1,219,FALSE,0.271841606536499,0.452212191019299
"daume",1,220,FALSE,0.471291711058939,0.437415489728053
"daume",1,221,TRUE,0.294906910605192,0.414048722425804
"daume",1,222,FALSE,0.655138434811382,0.590933130224917
"daume",1,223,FALSE,0.528916700277655,0.46605807710097
"daume",1,224,FALSE,0.777426822389311,0.519064772164923
"daume",1,225,TRUE,0.191730393362856,0.508909591386061
"daume",1,226,FALSE,0.239549720840473,0.443925752945465
"daume",1,227,TRUE,0.582404298019028,0.555558761030066
"daume",1,228,TRUE,0.569373909615046,0.360250263778667
"daume",1,229,FALSE,0.334252642334231,0.378328728823003
"daume",1,230,FALSE,0.406369835469268,0.493008568685307
"daume",1,231,FALSE,0.0597526942092988,0.32090249478975
"daume",1,232,TRUE,0.472463896606989,0.497070126992296
"daume",1,233,FALSE,0.666985718329661,0.441802079483607
"daume",1,234,FALSE,0.65417654187796,0.461297129085791
"daume",1,235,FALSE,0.259593878885949,0.462457850954918
"daume",1,236,FALSE,0.527114111639805,0.599090545623994
"daume",1,237,TRUE,0.367169488534681,0.356049309685563
"daume",1,238,TRUE,0.19228861256812,0.345870708998134
"daume",1,239,FALSE,0.478566495593843,0.315574602529311
"daume",1,240,FALSE,0.253580289562183,0.349446789637714
"daume",1,241,FALSE,0.27554168840131,0.377148814164194
"daume",1,242,FALSE,0.532627001228891,0.388157607364863
"daume",1,243,TRUE,0.542451947375977,0.428749174301069
"daume",1,244,FALSE,0.381836799998343,0.410813881994155
"daume",1,245,TRUE,0.511616020569138,0.623577844956135
"daume",1,246,FALSE,0.476831628512261,0.578219419417917
"daume",1,247,FALSE,0.301029995663981,0.454879510337697
"daume",1,248,FALSE,0.325823419002744,0.368703099042122
"daume",1,249,FALSE,0.586024382386976,0.49785541433058
"daume",1,250,FALSE,0.218535505216528,0.303112517923921
"daume",1,251,FALSE,0.0480531731156091,0.225799557277361
"daume",1,252,FALSE,0.378397900948138,0.545044671467013
"daume",1,253,FALSE,0.595275711802099,0.427037627391848
"daume",1,254,FALSE,0.398807730203264,0.449382698453727
"daume",1,255,TRUE,0.161368002234975,0.304342647181333
"daume",1,256,FALSE,0.456214155357989,0.481460663618349
"daume",1,257,FALSE,0.641126932803509,0.459383653334629
"daume",1,258,FALSE,0.54020429984206,0.338277471162018
"daume",1,259,FALSE,0.0328201494385639,0.102930453729465
"daume",1,260,FALSE,0.434888120867316,0.526611610476457
"daume",1,261,FALSE,0.332034277027518,0.479514432328969
"daume",1,262,FALSE,0.391816923613249,0.599421178042607
"daume",1,263,TRUE,0.347427598618541,0.238095365477644
"daume",1,264,FALSE,0.352182518111362,0.265577146251569
"daume",1,265,TRUE,0.154119525515847,0.18444958586059
"daume",1,266,FALSE,0.591398551281249,0.427680313940767
"daume",1,267,TRUE,0.315970345456918,0.416196386218584
"daume",1,268,FALSE,0.470410490975931,0.451777699173812
"daume",1,269,FALSE,0.826074802700826,0.760938471575449
"daume",1,270,FALSE,0.234264124378789,0.379107356658374
"daume",1,271,FALSE,0.504878459410216,0.453613504559912
"daume",1,272,FALSE,0.582744965691277,0.38287660319658
"daume",1,273,FALSE,0.542327382773974,0.503481527683367
"daume",1,274,FALSE,0.657055852857104,0.451282649010085
"daume",1,275,FALSE,0.328379603438738,0.370622438123201
"daume",1,276,FALSE,0.4679039465228,0.280678000282528
"daume",1,277,FALSE,0.331427296520743,0.481930208346712
"daume",1,278,FALSE,0.352664799651101,0.448782709764804
"daume",1,279,FALSE,0.437116093048079,0.330209159192922
"daume",1,280,FALSE,0.325043347403704,0.397268209311711
"daume",1,281,FALSE,0.749581734865559,0.439610101449773
"daume",1,282,FALSE,0.775319121829478,0.505487603887335
"daume",1,283,FALSE,0.817565369559781,0.515769787017403
"daume",1,284,FALSE,0.526442668529935,0.367715671595169
"daume",1,285,FALSE,0.682145076373832,0.549064030813521
"daume",1,286,FALSE,0.425534220498263,0.515253891801664
"daume",1,287,FALSE,0.659726095237792,0.518430784400339
"daume",1,288,FALSE,0.672097857935718,0.395116995108236
"daume",1,289,FALSE,0.534026106056135,0.412963359360485
"daume",1,290,FALSE,0.615950051656401,0.546281586488728
"daume",1,291,TRUE,0.262451089730429,0.334826404435204
"daume",2,1,TRUE,0.482873583608754,0.480185875141998
"daume",2,2,TRUE,0.496929648073215,0.439237340736229
"daume",2,3,TRUE,0.623042434246382,0.557275839252075
"daume",2,4,TRUE,0.523746466811564,0.354457861954007
"daume",2,5,TRUE,0.47567118832443,0.462955331500208
"daume",2,6,FALSE,0.469674772551798,0.358474257572065
"daume",2,7,FALSE,0.387389826338729,0.472086137616794
"daume",2,8,FALSE,0.627365856592733,0.399954916238272
"daume",2,9,FALSE,0.591064607026499,0.406117617541108
"daume",2,10,FALSE,0.218220304175545,0.314109386829215
"daume",2,11,TRUE,0.680335513414563,0.427847847626212
"daume",2,12,TRUE,0.680607428991788,0.4192340931369
"daume",2,13,FALSE,0.721810615212547,0.56680260489235
"daume",2,14,TRUE,0.20682587603185,0.360515670135022
"daume",2,15,TRUE,0.582063362911709,0.393881198653836
"daume",2,16,FALSE,0.696094159995223,0.510901578361761
"daume",2,17,TRUE,0.40823996531185,0.371302378856712
"daume",2,18,FALSE,0.433001340945038,0.434507187421431
"daume",2,19,FALSE,0.653212513775344,0.44192204569869
"daume",2,20,FALSE,0.558072259099146,0.413393330490321
"daume",2,21,FALSE,0.261928672990642,0.216718351116822
"daume",2,22,TRUE,0.637489729512511,0.568566716899589
"daume",2,23,FALSE,0.504878459410216,0.379118226972317
"daume",2,24,FALSE,0.286995073968852,0.385802816307817
"daume",2,25,TRUE,0.662757831681574,0.472311043316027
"daume",2,26,FALSE,0.524525936626376,0.486664849571684
"daume",2,27,TRUE,0.406540180433955,0.477147903682677
"daume",2,28,FALSE,0.656098202012832,0.513378851038118
"daume",2,29,FALSE,0.517987203025078,0.395864701962685
"daume",2,30,FALSE,0.703119346236078,0.555301182194989
"daume",2,31,FALSE,0.691081492122968,0.53615208817235
"daume",2,32,FALSE,0.0141423615450058,0.418687675375257
"daume",2,33,FALSE,0.733197265106569,0.679874084146758
"daume",2,34,FALSE,0.408070285887185,0.425913438127446
"daume",2,35,FALSE,0.396024896608593,0.450460677356446
"daume",2,36,FALSE,0.398391440229475,0.480466925986859
"daume",2,37,FALSE,0.770852011642144,0.551313745043258
"daume",2,38,TRUE,0.15836249209525,0.342523529857031
"daume",2,39,FALSE,0.625415352154408,0.545309092149959
"daume",2,40,FALSE,0.496334505996816,0.511111383722064
"daume",2,41,FALSE,0.679427896612119,0.587406911852199
"daume",2,42,FALSE,0.610116955411928,0.53660075853105
"daume",2,43,FALSE,0.645913275033844,0.47049636367975
"daume",2,44,FALSE,0.465382851448418,0.433944159904488
"daume",2,45,FALSE,0.569490954348783,0.539954763861949
"daume",2,46,FALSE,0.187520720836463,0.289847633686358
"daume",2,47,FALSE,0.465813957269479,0.485586936935066
"daume",2,48,FALSE,0.231214647962601,0.509995713271123
"daume",2,49,FALSE,0.670802284260944,0.630701522931696
"daume",2,50,FALSE,0.459935016851525,0.540821158550395
"daume",2,51,FALSE,0.287129620719111,0.385275810881616
"daume",2,52,FALSE,0.6232492903979,0.512162949273627
"daume",2,53,FALSE,0.8109042806687,0.654472354788064
"daume",2,54,TRUE,0.354108439147401,0.220338569744913
"daume",2,55,FALSE,0.129141845792285,0.398176826907923
"daume",2,56,FALSE,0.244969460136198,0.40728238760314
"daume",2,57,FALSE,0.364363354615731,0.41825417204252
"daume",2,58,TRUE,0.334212409393176,0.3930819362496
"daume",2,59,FALSE,0.489677291663699,0.52329217740081
"daume",2,60,FALSE,0.525304009958239,0.436382436602081
"daume",2,61,TRUE,0.406540180433955,0.38720195118942
"daume",2,62,FALSE,0.335457900689384,0.561441526034397
"daume",2,63,FALSE,0.419873175149476,0.520930963318456
"daume",2,64,FALSE,0.397227181043161,0.545558399013712
"daume",2,65,TRUE,0.59659709562646,0.60265851554172
"daume",2,66,FALSE,0.260071387985075,0.455355359833241
"daume",2,67,FALSE,0.489466281303128,0.58795048075978
"daume",2,68,FALSE,0.544018407858776,0.683986440067907
"daume",2,69,FALSE,0.665205628434601,0.661026531859708
"daume",2,70,FALSE,0.537819095073274,0.579786216279511
"daume",2,71,FALSE,0.501059262217751,0.533430475304292
"daume",2,72,FALSE,0.415699348887829,0.447582435880011
"daume",2,73,TRUE,0.298853076409707,0.435185232671638
"daume",2,74,TRUE,0.289365951520032,0.328167496444584
"daume",2,75,FALSE,0.497620649781288,0.328442268800853
"daume",2,76,TRUE,0.778151250383644,0.60534539652031
"daume",2,77,TRUE,0.260071387985075,0.365175723132278
"daume",2,78,FALSE,0.367542273520577,0.477486088827277
"daume",2,79,FALSE,0.534026106056135,0.468778876848463
"daume",2,80,FALSE,0.287129620719111,0.334491901215277
"daume",2,81,FALSE,0.469822015978163,0.393150097827895
"daume",2,82,TRUE,0.399673721481038,0.373341574576299
"daume",2,83,FALSE,0.307496037913213,0.273528039036361
"daume",2,84,TRUE,0.322219294733919,0.330184060712271
"daume",2,85,FALSE,0.247236549506764,0.380919043428642
"daume",2,86,FALSE,0.6232492903979,0.457934341675913
"daume",2,87,TRUE,0.429752280002408,0.41688375974497
"daume",2,88,TRUE,0.566943971856554,0.436099042086902
"daume",2,89,FALSE,0.605951157564873,0.529540127817604
"daume",2,90,FALSE,0.265996370495079,0.508275526951967
"daume",2,91,FALSE,0.555215405126073,0.406897280497837
"daume",2,92,FALSE,0.638489256954637,0.484355017425653
"daume",2,93,FALSE,0.528145078253106,0.550748464554956
"daume",2,94,FALSE,0.227552503379865,0.547516390741468
"daume",2,95,FALSE,0.430075055551939,0.552583676812166
"daume",2,96,FALSE,0.184549481320698,0.35258667872954
"daume",2,97,FALSE,0.472537053262077,0.484821905162867
"daume",2,98,FALSE,0.60616631460762,0.43229891656296
"daume",2,99,FALSE,0.685553652846326,0.608566955657734
"daume",2,100,TRUE,0.296665190261531,0.496178245211547
"daume",2,101,FALSE,0.491361693834273,0.551838090123972
"daume",2,102,FALSE,0.513217600067939,0.361972385679964
"daume",2,103,TRUE,0.64738297011462,0.518881258817003
"daume",2,104,FALSE,0.491361693834273,0.502012787350274
"daume",2,105,FALSE,0.406028944963615,0.437103641231651
"daume",2,106,FALSE,0.752025387323213,0.508667393418262
"daume",2,107,TRUE,0.6414741105041,0.400511298382819
"daume",2,108,FALSE,0.416307587059883,0.568543149970933
"daume",2,109,FALSE,0.966610986681934,0.766090272331932
"daume",2,110,FALSE,0.188647295999717,0.353241898098954
"daume",2,111,FALSE,0.708335902682263,0.484781642974625
"daume",2,112,FALSE,0.685741738602264,0.835495493761602
"daume",2,113,FALSE,0.559308010907013,0.533547288776734
"daume",2,114,FALSE,0.355259905527378,0.446285142349378
"daume",2,115,FALSE,0.187520720836463,0.347932870880971
"daume",2,116,TRUE,0.569373909615046,0.501356574678895
"daume",2,117,FALSE,0.572523097849638,0.566207737967839
"daume",2,118,FALSE,0.538070787043172,0.521213716872233
"daume",2,119,FALSE,0.374748346010104,0.364183951512749
"daume",2,120,FALSE,0.294686624279443,0.336127852233227
"daume",2,121,FALSE,0.432969290874406,0.448270659935496
"daume",2,122,TRUE,0.320146286111054,0.54448298048686
"daume",2,123,FALSE,0.574262829707027,0.433347725477429
"daume",2,124,FALSE,0.610234175334389,0.623788025285314
"daume",2,125,FALSE,0.173186268412274,0.282565072955645
"daume",2,126,FALSE,0.314499227973151,0.425507438411205
"daume",2,127,FALSE,0.753330221324521,0.568089393953335
"daume",2,128,FALSE,0.338456493604605,0.464214766344411
"daume",2,129,TRUE,0.0253058652647703,0.196487446909922
"daume",2,130,FALSE,0.21045229296202,0.387485447586133
"daume",2,131,FALSE,0.440121603187804,0.512992211559699
"daume",2,132,TRUE,0.181872159010334,0.394959599515919
"daume",2,133,FALSE,0.761326322421457,0.603835958058429
"daume",2,134,FALSE,0.188084373714938,0.38990823670637
"daume",2,135,FALSE,0.662757831681574,0.411706346533631
"daume",2,136,FALSE,0.409425868671443,0.46856420108053
"daume",2,137,FALSE,0.387389826338729,0.327748027332492
"daume",2,138,FALSE,0.256236533205923,0.422149521096874
"daume",2,139,FALSE,0.381656482585787,0.427262667757913
"daume",2,140,FALSE,0.43568513794163,0.480915334896112
"daume",2,141,FALSE,0.190331698170291,0.40611905681422
"daume",2,142,TRUE,0.123851640967086,0.360949918758816
"daume",2,143,FALSE,0.208978517276253,0.449161822780022
"daume",2,144,TRUE,0.506505032404872,0.456500518093693
"daume",2,145,FALSE,0.390935107103379,0.416559179905077
"daume",2,146,FALSE,0.442479769064449,0.500609856731754
"daume",2,147,FALSE,0.417139409727326,0.454249386044465
"daume",2,148,FALSE,0.260071387985075,0.375581326867112
"daume",2,149,TRUE,0.308777773664721,0.377228817376686
"daume",2,150,FALSE,0.583198773968623,0.461075581334458
"daume",2,151,TRUE,0.456062224454951,0.453543653449445
"daume",2,152,FALSE,0.370698092575577,0.327999482608705
"daume",2,153,FALSE,0.639486489268586,0.624094126061503
"daume",2,154,FALSE,0.777412321496744,0.457755878580666
"daume",2,155,TRUE,0.590284403718162,0.52358046720637
"daume",2,156,FALSE,0.618215503279417,0.534847637667237
"daume",2,157,FALSE,0.224533062606086,0.542463638112048
"daume",2,158,FALSE,0.234010817587179,0.317279372087546
"daume",2,159,FALSE,0.595826777073223,0.439823485534818
"daume",2,160,TRUE,0.612783856719735,0.511825438327804
"daume",2,161,FALSE,0.581266805273671,0.551953734004604
"daume",2,162,FALSE,0.588383768378728,0.582300584360507
"daume",2,163,FALSE,0.108226656374928,0.406168802615012
"daume",2,164,TRUE,0.381115080709851,0.390699388383453
"daume",2,165,FALSE,0.255272505103306,0.554403211491094
"daume",2,166,FALSE,0.680879174426811,0.559209370896978
"daume",2,167,FALSE,0.564784384503987,0.51788242656436
"daume",2,168,TRUE,0.526339277389844,0.373635464668657
"daume",2,169,FALSE,0.294466226161593,0.434289584874607
"daume",2,170,FALSE,0.612783856719735,0.469715901917582
"daume",2,171,FALSE,0.5182506513085,0.576791524331175
"daume",2,172,FALSE,0.442949869577862,0.409449948123582
"daume",2,173,FALSE,0.505149978319906,0.478544009884613
"daume",2,174,FALSE,0.305995882770805,0.403288077640616
"daume",2,175,TRUE,0.612783856719735,0.430533174160954
"daume",2,176,TRUE,0.204119982655925,0.375305211942581
"daume",2,177,FALSE,0.677333151419902,0.439683928733051
"daume",2,178,FALSE,0.345961541813141,0.49451519606349
"daume",2,179,FALSE,0.361160995195026,0.464925648330801
"daume",2,180,TRUE,0.127104798364808,0.14601448650291
"daume",2,181,FALSE,0.514547752660286,0.312474768574851
"daume",2,182,FALSE,0.362350507594848,0.505734809928335
"daume",2,183,FALSE,0.662757831681574,0.47348851472284
"daume",2,184,FALSE,0.313867220369153,0.4114167918931
"daume",2,185,FALSE,0.839666556882433,0.491650184301018
"daume",2,186,FALSE,0.16999753706657,0.342121268848715
"daume",2,187,FALSE,0.129367595722986,0.0705013782556526
"daume",2,188,FALSE,0.36078268987328,0.353507036203904
"daume",2,189,FALSE,0.429106008332697,0.466650864986942
"daume",2,190,FALSE,0.702602841340427,0.555892000506037
"daume",2,191,FALSE,0.571708831808688,0.45885092196375
"daume",2,192,FALSE,0.343920385393226,0.300707239907741
"daume",2,193,FALSE,0.695131297704026,0.523982316741058
"daume",2,194,FALSE,0.629409599102719,0.543005730286651
"daume",2,195,FALSE,0.414973347970818,0.405139387035489
"daume",2,196,FALSE,0.276231957921834,0.404935349540452
"daume",2,197,FALSE,0.531478917042255,0.538413079551672
"daume",2,198,FALSE,0.236789099409293,0.386508525524159
"daume",2,199,FALSE,0.756407872548958,0.77689620079869
"daume",2,200,FALSE,0.718750734739665,0.577987105864688
"daume",2,201,FALSE,0.515211304327802,0.444504428378974
"daume",2,202,TRUE,0.3654879848909,0.328683182522568
"daume",2,203,TRUE,0.344392273685111,0.537262089017333
"daume",2,204,FALSE,0.196728722623287,0.448138691877442
"daume",2,205,FALSE,0.392696953259666,0.442342288242252
"daume",2,206,FALSE,0.365394376854778,0.468722428617864
"daume",2,207,TRUE,0.389166084364532,0.470676428157686
"daume",2,208,FALSE,0.653212513775344,0.46794437988762
"daume",2,209,FALSE,0.440594261839831,0.419542261368311
"daume",2,210,TRUE,0.202215775801131,0.434654980219476
"daume",2,211,FALSE,0.48572142648158,0.412118433565615
"daume",2,212,FALSE,0.244277120801843,0.47650038150401
"daume",2,213,FALSE,0.372727940885595,0.501581797519102
"daume",2,214,FALSE,0.52244423350632,0.468035524853316
"daume",2,215,FALSE,0.257678574869184,0.389336023869585
"daume",2,216,FALSE,0.384353414137506,0.565850237541603
"daume",2,217,FALSE,0.335858911319818,0.474631100011397
"daume",2,218,FALSE,0.555094448578319,0.548010483486216
"daume",2,219,FALSE,0.271841606536499,0.508176682195551
"daume",2,220,FALSE,0.471291711058939,0.42174737765197
"daume",2,221,TRUE,0.294906910605192,0.427083341782949
"daume",2,222,FALSE,0.655138434811382,0.599784382498201
"daume",2,223,FALSE,0.528916700277655,0.515970628399406
"daume",2,224,FALSE,0.777426822389311,0.514923604721604
"daume",2,225,TRUE,0.191730393362856,0.503358676356519
"daume",2,226,FALSE,0.239549720840473,0.42323398428024
"daume",2,227,TRUE,0.582404298019028,0.547893943550711
"daume",2,228,TRUE,0.569373909615046,0.353889491974759
"daume",2,229,FALSE,0.334252642334231,0.392832078981595
"daume",2,230,FALSE,0.406369835469268,0.498848082750922
"daume",2,231,FALSE,0.0597526942092988,0.325445283279362
"daume",2,232,TRUE,0.472463896606989,0.482812804169919
"daume",2,233,FALSE,0.666985718329661,0.445173115357492
"daume",2,234,FALSE,0.65417654187796,0.50766132382093
"daume",2,235,FALSE,0.259593878885949,0.45508720379795
"daume",2,236,FALSE,0.527114111639805,0.590844025477513
"daume",2,237,TRUE,0.367169488534681,0.340840230532112
"daume",2,238,TRUE,0.19228861256812,0.339814836120295
"daume",2,239,FALSE,0.478566495593843,0.316739815179926
"daume",2,240,FALSE,0.253580289562183,0.351932004398229
"daume",2,241,FALSE,0.27554168840131,0.371955873306967
"daume",2,242,FALSE,0.532627001228891,0.305843672899304
"daume",2,243,TRUE,0.542451947375977,0.423573520468072
"daume",2,244,FALSE,0.381836799998343,0.414032675595968
"daume",2,245,TRUE,0.511616020569138,0.571504519007344
"daume",2,246,FALSE,0.476831628512261,0.574633750174905
"daume",2,247,FALSE,0.301029995663981,0.488654783349254
"daume",2,248,FALSE,0.325823419002744,0.370992014178781
"daume",2,249,FALSE,0.586024382386976,0.474754700868734
"daume",2,250,FALSE,0.218535505216528,0.294441252275247
"daume",2,251,FALSE,0.0480531731156091,0.204512145759765
"daume",2,252,FALSE,0.378397900948138,0.539520461212064
"daume",2,253,FALSE,0.595275711802099,0.444941393697925
"daume",2,254,FALSE,0.398807730203264,0.468752405056815
"daume",2,255,TRUE,0.161368002234975,0.281003007904689
"daume",2,256,FALSE,0.456214155357989,0.468933981447066
"daume",2,257,FALSE,0.641126932803509,0.465259062288647
"daume",2,258,FALSE,0.54020429984206,0.361596016649709
"daume",2,259,FALSE,0.0328201494385639,0.111625213546435
"daume",2,260,FALSE,0.434888120867316,0.532260720419064
"daume",2,261,FALSE,0.332034277027518,0.546132719699774
"daume",2,262,FALSE,0.391816923613249,0.610680111334951
"daume",2,263,TRUE,0.347427598618541,0.231922000663565
"daume",2,264,FALSE,0.352182518111362,0.345048626651663
"daume",2,265,TRUE,0.154119525515847,0.153702701756936
"daume",2,266,FALSE,0.591398551281249,0.433583667560723
"daume",2,267,TRUE,0.315970345456918,0.385809987595403
"daume",2,268,FALSE,0.470410490975931,0.464124782962957
"daume",2,269,FALSE,0.826074802700826,0.725676099121805
"daume",2,270,FALSE,0.234264124378789,0.371734573254118
"daume",2,271,FALSE,0.504878459410216,0.438162291894828
"daume",2,272,FALSE,0.582744965691277,0.381711406899228
"daume",2,273,FALSE,0.542327382773974,0.499470172626416
"daume",2,274,FALSE,0.657055852857104,0.447472564892093
"daume",2,275,FALSE,0.328379603438738,0.37725310825762
"daume",2,276,FALSE,0.4679039465228,0.251090651885353
"daume",2,277,FALSE,0.331427296520743,0.46229971094673
"daume",2,278,FALSE,0.352664799651101,0.426995242741073
"daume",2,279,FALSE,0.437116093048079,0.307512009837841
"daume",2,280,FALSE,0.325043347403704,0.370486948527624
"daume",2,281,FALSE,0.749581734865559,0.426665322949935
"daume",2,282,FALSE,0.775319121829478,0.497151664330555
"daume",2,283,FALSE,0.817565369559781,0.52417601015792
"daume",2,284,FALSE,0.526442668529935,0.363727227047104
"daume",2,285,FALSE,0.682145076373832,0.54201257815948
"daume",2,286,FALSE,0.425534220498263,0.516112729790155
"daume",2,287,FALSE,0.659726095237792,0.493973231330501
"daume",2,288,FALSE,0.672097857935718,0.392323930753313
"daume",2,289,FALSE,0.534026106056135,0.424783596403599
"daume",2,290,FALSE,0.615950051656401,0.562591760778097
"daume",2,291,TRUE,0.262451089730429,0.39910771312319
"daume",3,1,TRUE,0.482873583608754,0.478872679237032
"daume",3,2,TRUE,0.496929648073215,0.415674457576443
"daume",3,3,TRUE,0.623042434246382,0.533188110369894
"daume",3,4,TRUE,0.523746466811564,0.377645999723177
"daume",3,5,TRUE,0.47567118832443,0.457784049654948
"daume",3,6,FALSE,0.469674772551798,0.361045225601677
"daume",3,7,FALSE,0.387389826338729,0.467556000949768
"daume",3,8,FALSE,0.627365856592733,0.40558431323128
"daume",3,9,FALSE,0.591064607026499,0.444932827300121
"daume",3,10,FALSE,0.218220304175545,0.32743727566992
"daume",3,11,TRUE,0.680335513414563,0.469575116278128
"daume",3,12,TRUE,0.680607428991788,0.47348847914415
"daume",3,13,FALSE,0.721810615212547,0.577892946554052
"daume",3,14,TRUE,0.20682587603185,0.358197685208942
"daume",3,15,TRUE,0.582063362911709,0.373362370416335
"daume",3,16,FALSE,0.696094159995223,0.524050933459442
"daume",3,17,TRUE,0.40823996531185,0.410717550712403
"daume",3,18,FALSE,0.433001340945038,0.440678346140755
"daume",3,19,FALSE,0.653212513775344,0.471290867288098
"daume",3,20,FALSE,0.558072259099146,0.438444917030856
"daume",3,21,FALSE,0.261928672990642,0.235846251324965
"daume",3,22,TRUE,0.637489729512511,0.56077728839681
"daume",3,23,FALSE,0.504878459410216,0.383352763153437
"daume",3,24,FALSE,0.286995073968852,0.395961009922486
"daume",3,25,TRUE,0.662757831681574,0.481738462082596
"daume",3,26,FALSE,0.524525936626376,0.492077459598636
"daume",3,27,TRUE,0.406540180433955,0.479898582868113
"daume",3,28,FALSE,0.656098202012832,0.523520522900383
"daume",3,29,FALSE,0.517987203025078,0.392029637449272
"daume",3,30,FALSE,0.703119346236078,0.528963316985227
"daume",3,31,FALSE,0.691081492122968,0.551875818832027
"daume",3,32,FALSE,0.0141423615450058,0.431306378692949
"daume",3,33,FALSE,0.733197265106569,0.646906647637972
"daume",3,34,FALSE,0.408070285887185,0.417039990862765
"daume",3,35,FALSE,0.396024896608593,0.450528557327436
"daume",3,36,FALSE,0.398391440229475,0.471342755853051
"daume",3,37,FALSE,0.770852011642144,0.569214544587289
"daume",3,38,TRUE,0.15836249209525,0.367420487408186
"daume",3,39,FALSE,0.625415352154408,0.547117374496039
"daume",3,40,FALSE,0.496334505996816,0.513357594055958
"daume",3,41,FALSE,0.679427896612119,0.594630642273845
"daume",3,42,FALSE,0.610116955411928,0.539100891275271
"daume",3,43,FALSE,0.645913275033844,0.47139331926925
"daume",3,44,FALSE,0.465382851448418,0.432139376774496
"daume",3,45,FALSE,0.569490954348783,0.547461594069249
"daume",3,46,FALSE,0.187520720836463,0.27596612284521
"daume",3,47,FALSE,0.465813957269479,0.495294128754018
"daume",3,48,FALSE,0.231214647962601,0.553445304041161
"daume",3,49,FALSE,0.670802284260944,0.633222757415842
"daume",3,50,FALSE,0.459935016851525,0.523280157685
"daume",3,51,FALSE,0.287129620719111,0.41202845119673
"daume",3,52,FALSE,0.6232492903979,0.520551958834366
"daume",3,53,FALSE,0.8109042806687,0.671161028615457
"daume",3,54,TRUE,0.354108439147401,0.283794587062626
"daume",3,55,FALSE,0.129141845792285,0.412883968374893
"daume",3,56,FALSE,0.244969460136198,0.406918547310408
"daume",3,57,FALSE,0.364363354615731,0.404475120255245
"daume",3,58,TRUE,0.334212409393176,0.400556039689124
"daume",3,59,FALSE,0.489677291663699,0.557190649136443
"daume",3,60,FALSE,0.525304009958239,0.467779933846413
"daume",3,61,TRUE,0.406540180433955,0.404783329834961
"daume",3,62,FALSE,0.335457900689384,0.538383822342906
"daume",3,63,FALSE,0.419873175149476,0.51364280271391
"daume",3,64,FALSE,0.397227181043161,0.541430983240888
"daume",3,65,TRUE,0.59659709562646,0.581491442491409
"daume",3,66,FALSE,0.260071387985075,0.478184687095391
"daume",3,67,FALSE,0.489466281303128,0.57558401480577
"daume",3,68,FALSE,0.544018407858776,0.710441442389164
"daume",3,69,FALSE,0.665205628434601,0.645444267938654
"daume",3,70,FALSE,0.537819095073274,0.590419252633794
"daume",3,71,FALSE,0.501059262217751,0.533422043101105
"daume",3,72,FALSE,0.415699348887829,0.441806885009351
"daume",3,73,TRUE,0.298853076409707,0.475547066574898
"daume",3,74,TRUE,0.289365951520032,0.326171023284407
"daume",3,75,FALSE,0.497620649781288,0.322613267991722
"daume",3,76,TRUE,0.778151250383644,0.528010407139508
"daume",3,77,TRUE,0.260071387985075,0.350542179127307
"daume",3,78,FALSE,0.367542273520577,0.475542961713178
"daume",3,79,FALSE,0.534026106056135,0.484273115840326
"daume",3,80,FALSE,0.287129620719111,0.338210052570915
"daume",3,81,FALSE,0.469822015978163,0.408642110208916
"daume",3,82,TRUE,0.399673721481038,0.363681820714377
"daume",3,83,FALSE,0.307496037913213,0.266308942682191
"daume",3,84,TRUE,0.322219294733919,0.321446677310899
"daume",3,85,FALSE,0.247236549506764,0.399676177565725
"daume",3,86,FALSE,0.6232492903979,0.471531155269321
"daume",3,87,TRUE,0.429752280002408,0.379544689038143
"daume",3,88,TRUE,0.566943971856554,0.46450589391751
"daume",3,89,FALSE,0.605951157564873,0.525054495965251
"daume",3,90,FALSE,0.265996370495079,0.530993762667155
"daume",3,91,FALSE,0.555215405126073,0.39550611130912
"daume",3,92,FALSE,0.638489256954637,0.496874502322773
"daume",3,93,FALSE,0.528145078253106,0.599841784078249
"daume",3,94,FALSE,0.227552503379865,0.549199972965489
"daume",3,95,FALSE,0.430075055551939,0.541524598808002
"daume",3,96,FALSE,0.184549481320698,0.350434783378767
"daume",3,97,FALSE,0.472537053262077,0.49155075670071
"daume",3,98,FALSE,0.60616631460762,0.470328256782171
"daume",3,99,FALSE,0.685553652846326,0.608598300532407
"daume",3,100,TRUE,0.296665190261531,0.52241363447451
"daume",3,101,FALSE,0.491361693834273,0.562523527762104
"daume",3,102,FALSE,0.513217600067939,0.407343795322185
"daume",3,103,TRUE,0.64738297011462,0.570811335224704
"daume",3,104,FALSE,0.491361693834273,0.512112413908758
"daume",3,105,FALSE,0.406028944963615,0.431133554612283
"daume",3,106,FALSE,0.752025387323213,0.502270917526019
"daume",3,107,TRUE,0.6414741105041,0.412723509083936
"daume",3,108,FALSE,0.416307587059883,0.554534366666335
"daume",3,109,FALSE,0.966610986681934,0.763571953984072
"daume",3,110,FALSE,0.188647295999717,0.347061787056621
"daume",3,111,FALSE,0.708335902682263,0.497993285074273
"daume",3,112,FALSE,0.685741738602264,0.833707414921528
"daume",3,113,FALSE,0.559308010907013,0.53324374260172
"daume",3,114,FALSE,0.355259905527378,0.445639612532265
"daume",3,115,FALSE,0.187520720836463,0.340921204980067
"daume",3,116,TRUE,0.569373909615046,0.484445035854932
"daume",3,117,FALSE,0.572523097849638,0.550936030134557
"daume",3,118,FALSE,0.538070787043172,0.543813652890044
"daume",3,119,FALSE,0.374748346010104,0.384188525732017
"daume",3,120,FALSE,0.294686624279443,0.345574364811627
"daume",3,121,FALSE,0.432969290874406,0.461491675248123
"daume",3,122,TRUE,0.320146286111054,0.523775071991234
"daume",3,123,FALSE,0.574262829707027,0.443506128813174
"daume",3,124,FALSE,0.610234175334389,0.627717033598369
"daume",3,125,FALSE,0.173186268412274,0.239532255059999
"daume",3,126,FALSE,0.314499227973151,0.437863201147175
"daume",3,127,FALSE,0.753330221324521,0.576310861547841
"daume",3,128,FALSE,0.338456493604605,0.464527686948309
"daume",3,129,TRUE,0.0253058652647703,0.295258407599385
"daume",3,130,FALSE,0.21045229296202,0.382638275524399
"daume",3,131,FALSE,0.440121603187804,0.472748023475264
"daume",3,132,TRUE,0.181872159010334,0.452519673714979
"daume",3,133,FALSE,0.761326322421457,0.606396314368006
"daume",3,134,FALSE,0.188084373714938,0.426985053036152
"daume",3,135,FALSE,0.662757831681574,0.39879877927574
"daume",3,136,FALSE,0.409425868671443,0.465566740179598
"daume",3,137,FALSE,0.387389826338729,0.331277071444424
"daume",3,138,FALSE,0.256236533205923,0.418629384733687
"daume",3,139,FALSE,0.381656482585787,0.446424078503259
"daume",3,140,FALSE,0.43568513794163,0.48529836918604
"daume",3,141,FALSE,0.190331698170291,0.443450936272799
"daume",3,142,TRUE,0.123851640967086,0.441135035505343
"daume",3,143,FALSE,0.208978517276253,0.450589271910903
"daume",3,144,TRUE,0.506505032404872,0.460937743494081
"daume",3,145,FALSE,0.390935107103379,0.417876083416948
"daume",3,146,FALSE,0.442479769064449,0.545811138516149
"daume",3,147,FALSE,0.417139409727326,0.399569376638062
"daume",3,148,FALSE,0.260071387985075,0.396560468449457
"daume",3,149,TRUE,0.308777773664721,0.412866783647117
"daume",3,150,FALSE,0.583198773968623,0.456585037495015
"daume",3,151,TRUE,0.456062224454951,0.46204612881787
"daume",3,152,FALSE,0.370698092575577,0.409006598634881
"daume",3,153,FALSE,0.639486489268586,0.644195669513975
"daume",3,154,FALSE,0.777412321496744,0.452012087674403
"daume",3,155,TRUE,0.590284403718162,0.493251229136696
"daume",3,156,FALSE,0.618215503279417,0.480560950810641
"daume",3,157,FALSE,0.224533062606086,0.441152681458017
"daume",3,158,FALSE,0.234010817587179,0.298992083804806
"daume",3,159,FALSE,0.595826777073223,0.435004273081868
"daume",3,160,TRUE,0.612783856719735,0.522356190369653
"daume",3,161,FALSE,0.581266805273671,0.579407586855314
"daume",3,162,FALSE,0.588383768378728,0.569227351426337
"daume",3,163,FALSE,0.108226656374928,0.383857657857357
"daume",3,164,TRUE,0.381115080709851,0.384812852151823
"daume",3,165,FALSE,0.255272505103306,0.551527758095782
"daume",3,166,FALSE,0.680879174426811,0.51814751348721
"daume",3,167,FALSE,0.564784384503987,0.494362795869237
"daume",3,168,TRUE,0.526339277389844,0.354343854574466
"daume",3,169,FALSE,0.294466226161593,0.429790201115927
"daume",3,170,FALSE,0.612783856719735,0.458590508806129
"daume",3,171,FALSE,0.5182506513085,0.571595294564665
"daume",3,172,FALSE,0.442949869577862,0.379879662268636
"daume",3,173,FALSE,0.505149978319906,0.486247046711292
"daume",3,174,FALSE,0.305995882770805,0.432959280581205
"daume",3,175,TRUE,0.612783856719735,0.438136559176722
"daume",3,176,TRUE,0.204119982655925,0.353749945565725
"daume",3,177,FALSE,0.677333151419902,0.451477659163896
"daume",3,178,FALSE,0.345961541813141,0.446068786291451
"daume",3,179,FALSE,0.361160995195026,0.457787007813885
"daume",3,180,TRUE,0.127104798364808,0.18267653328401
"daume",3,181,FALSE,0.514547752660286,0.300260389607213
"daume",3,182,FALSE,0.362350507594848,0.488594710338707
"daume",3,183,FALSE,0.662757831681574,0.464270869058665
"daume",3,184,FALSE,0.313867220369153,0.431144189730339
"daume",3,185,FALSE,0.839666556882433,0.512762105509087
"daume",3,186,FALSE,0.16999753706657,0.344898401533105
"daume",3,187,FALSE,0.129367595722986,0.177126331767555
"daume",3,188,FALSE,0.36078268987328,0.315203670193989
"daume",3,189,FALSE,0.429106008332697,0.46263035678634
"daume",3,190,FALSE,0.702602841340427,0.522711605968385
"daume",3,191,FALSE,0.571708831808688,0.502591123960759
"daume",3,192,FALSE,0.343920385393226,0.308917756109392
"daume",3,193,FALSE,0.695131297704026,0.504163907836911
"daume",3,194,FALSE,0.629409599102719,0.557179743313399
"daume",3,195,FALSE,0.414973347970818,0.419705548667307
"daume",3,196,FALSE,0.276231957921834,0.405120098822728
"daume",3,197,FALSE,0.531478917042255,0.536534130333911
"daume",3,198,FALSE,0.236789099409293,0.393317821294431
"daume",3,199,FALSE,0.756407872548958,0.758698054225399
"daume",3,200,FALSE,0.718750734739665,0.5609662056048
"daume",3,201,FALSE,0.515211304327802,0.436360632993692
"daume",3,202,TRUE,0.3654879848909,0.291483042645035
"daume",3,203,TRUE,0.344392273685111,0.515965826235615
"daume",3,204,FALSE,0.196728722623287,0.455291819411632
"daume",3,205,FALSE,0.392696953259666,0.415892045229306
"daume",3,206,FALSE,0.365394376854778,0.463439565358473
"daume",3,207,TRUE,0.389166084364532,0.461552094115773
"daume",3,208,FALSE,0.653212513775344,0.463394822619992
"daume",3,209,FALSE,0.440594261839831,0.387015147208471
"daume",3,210,TRUE,0.202215775801131,0.426086449414497
"daume",3,211,FALSE,0.48572142648158,0.397435614858694
"daume",3,212,FALSE,0.244277120801843,0.507566299974812
"daume",3,213,FALSE,0.372727940885595,0.468000065602986
"daume",3,214,FALSE,0.52244423350632,0.491956408742763
"daume",3,215,FALSE,0.257678574869184,0.39334415445887
"daume",3,216,FALSE,0.384353414137506,0.563108428862661
"daume",3,217,FALSE,0.335858911319818,0.470367878482383
"daume",3,218,FALSE,0.555094448578319,0.540992859061131
"daume",3,219,FALSE,0.271841606536499,0.465972592626547
"daume",3,220,FALSE,0.471291711058939,0.411443755635426
"daume",3,221,TRUE,0.294906910605192,0.432436161117966
"daume",3,222,FALSE,0.655138434811382,0.571425200039246
"daume",3,223,FALSE,0.528916700277655,0.490917869422968
"daume",3,224,FALSE,0.777426822389311,0.501607202051773
"daume",3,225,TRUE,0.191730393362856,0.501314492545807
"daume",3,226,FALSE,0.239549720840473,0.439724716438384
"daume",3,227,TRUE,0.582404298019028,0.574078085492972
"daume",3,228,TRUE,0.569373909615046,0.355774154326601
"daume",3,229,FALSE,0.334252642334231,0.374014278025921
"daume",3,230,FALSE,0.406369835469268,0.48029013650529
"daume",3,231,FALSE,0.0597526942092988,0.337221932558449
"daume",3,232,TRUE,0.472463896606989,0.481446743013171
"daume",3,233,FALSE,0.666985718329661,0.457884044455386
"daume",3,234,FALSE,0.65417654187796,0.532376041875334
"daume",3,235,FALSE,0.259593878885949,0.458500339727315
"daume",3,236,FALSE,0.527114111639805,0.594914308421253
"daume",3,237,TRUE,0.367169488534681,0.380979130067717
"daume",3,238,TRUE,0.19228861256812,0.348746274273168
"daume",3,239,FALSE,0.478566495593843,0.318499504502815
"daume",3,240,FALSE,0.253580289562183,0.384748041644102
"daume",3,241,FALSE,0.27554168840131,0.38021853853784
"daume",3,242,FALSE,0.532627001228891,0.374151187493303
"daume",3,243,TRUE,0.542451947375977,0.429383065377863
"daume",3,244,FALSE,0.381836799998343,0.406570821832452
"daume",3,245,TRUE,0.511616020569138,0.548909709158948
"daume",3,246,FALSE,0.476831628512261,0.570806555829231
"daume",3,247,FALSE,0.301029995663981,0.497332848408186
"daume",3,248,FALSE,0.325823419002744,0.373616187024058
"daume",3,249,FALSE,0.586024382386976,0.482104396270471
"daume",3,250,FALSE,0.218535505216528,0.274545953500668
"daume",3,251,FALSE,0.0480531731156091,0.198994891847205
"daume",3,252,FALSE,0.378397900948138,0.519758530540406
"daume",3,253,FALSE,0.595275711802099,0.445772388158717
"daume",3,254,FALSE,0.398807730203264,0.454086961113652
"daume",3,255,TRUE,0.161368002234975,0.298323768123591
"daume",3,256,FALSE,0.456214155357989,0.460339858839697
"daume",3,257,FALSE,0.641126932803509,0.454475082262181
"daume",3,258,FALSE,0.54020429984206,0.345890881386925
"daume",3,259,FALSE,0.0328201494385639,0.231674337824373
"daume",3,260,FALSE,0.434888120867316,0.527586583495861
"daume",3,261,FALSE,0.332034277027518,0.485302202810012
"daume",3,262,FALSE,0.391816923613249,0.604257376814832
"daume",3,263,TRUE,0.347427598618541,0.251812813368013
"daume",3,264,FALSE,0.352182518111362,0.307949207451598
"daume",3,265,TRUE,0.154119525515847,0.127587011123656
"daume",3,266,FALSE,0.591398551281249,0.430803835555523
"daume",3,267,TRUE,0.315970345456918,0.388932326277966
"daume",3,268,FALSE,0.470410490975931,0.46486854404125
"daume",3,269,FALSE,0.826074802700826,0.78211617511778
"daume",3,270,FALSE,0.234264124378789,0.387338078630393
"daume",3,271,FALSE,0.504878459410216,0.432686414763586
"daume",3,272,FALSE,0.582744965691277,0.376937254865148
"daume",3,273,FALSE,0.542327382773974,0.485514951559435
"daume",3,274,FALSE,0.657055852857104,0.451890088286647
"daume",3,275,FALSE,0.328379603438738,0.397226399322174
"daume",3,276,FALSE,0.4679039465228,0.252008655425546
"daume",3,277,FALSE,0.331427296520743,0.476757596375998
"daume",3,278,FALSE,0.352664799651101,0.416007025263913
"daume",3,279,FALSE,0.437116093048079,0.309713561213916
"daume",3,280,FALSE,0.325043347403704,0.385944340489981
"daume",3,281,FALSE,0.749581734865559,0.388948064442322
"daume",3,282,FALSE,0.775319121829478,0.494351956599328
"daume",3,283,FALSE,0.817565369559781,0.528019514184637
"daume",3,284,FALSE,0.526442668529935,0.326672591639844
"daume",3,285,FALSE,0.682145076373832,0.541189820449403
"daume",3,286,FALSE,0.425534220498263,0.530209884101729
"daume",3,287,FALSE,0.659726095237792,0.522336813201347
"daume",3,288,FALSE,0.672097857935718,0.399127601862503
"daume",3,289,FALSE,0.534026106056135,0.418491323184499
"daume",3,290,FALSE,0.615950051656401,0.558170208428045
"daume",3,291,TRUE,0.262451089730429,0.363440500927218
"pls",1,1,TRUE,0.482873583608754,0.544867963264037
"pls",1,2,TRUE,0.496929648073215,0.489355547314272
"pls",1,3,TRUE,0.623042434246382,0.519542828073297
"pls",1,4,TRUE,0.523746466811564,0.38673272377745
"pls",1,5,TRUE,0.47567118832443,0.507925438840333
"pls",1,6,FALSE,0.469674772551798,0.357059674871166
"pls",1,7,FALSE,0.387389826338729,0.472087635336314
"pls",1,8,FALSE,0.627365856592733,0.392114408643407
"pls",1,9,FALSE,0.591064607026499,0.424912403514833
"pls",1,10,FALSE,0.218220304175545,0.333671640351156
"pls",1,11,TRUE,0.680335513414563,0.422087349619699
"pls",1,12,TRUE,0.680607428991788,0.441006069616104
"pls",1,13,FALSE,0.721810615212547,0.5741580274977
"pls",1,14,TRUE,0.20682587603185,0.324933813631993
"pls",1,15,TRUE,0.582063362911709,0.360416790304879
"pls",1,16,FALSE,0.696094159995223,0.512422032115503
"pls",1,17,TRUE,0.40823996531185,0.37641295119861
"pls",1,18,FALSE,0.433001340945038,0.455790379515554
"pls",1,19,FALSE,0.653212513775344,0.460880687297428
"pls",1,20,FALSE,0.558072259099146,0.422623013911986
"pls",1,21,FALSE,0.261928672990642,0.234100245040703
"pls",1,22,TRUE,0.637489729512511,0.469504317045815
"pls",1,23,FALSE,0.504878459410216,0.372387752140315
"pls",1,24,FALSE,0.286995073968852,0.389196623780524
"pls",1,25,TRUE,0.662757831681574,0.450459395039966
"pls",1,26,FALSE,0.524525936626376,0.479071236730776
"pls",1,27,TRUE,0.406540180433955,0.479795680643188
"pls",1,28,FALSE,0.656098202012832,0.541282786054161
"pls",1,29,FALSE,0.517987203025078,0.40670854663131
"pls",1,30,FALSE,0.703119346236078,0.542323404232169
"pls",1,31,FALSE,0.691081492122968,0.561828417634939
"pls",1,32,FALSE,0.0141423615450058,0.358465990194257
"pls",1,33,FALSE,0.733197265106569,0.715318925137676
"pls",1,34,FALSE,0.408070285887185,0.432929457831775
"pls",1,35,FALSE,0.396024896608593,0.464666129781257
"pls",1,36,FALSE,0.398391440229475,0.489994244898571
"pls",1,37,FALSE,0.770852011642144,0.545688033209078
"pls",1,38,TRUE,0.15836249209525,0.342528881047757
"pls",1,39,FALSE,0.625415352154408,0.520792641802243
"pls",1,40,FALSE,0.496334505996816,0.499983000268371
"pls",1,41,FALSE,0.679427896612119,0.611925794310612
"pls",1,42,FALSE,0.610116955411928,0.538805654860423
"pls",1,43,FALSE,0.645913275033844,0.451894318529079
"pls",1,44,FALSE,0.465382851448418,0.448693206189555
"pls",1,45,FALSE,0.569490954348783,0.552565013959278
"pls",1,46,FALSE,0.187520720836463,0.280826387329452
"pls",1,47,FALSE,0.465813957269479,0.508735680647836
"pls",1,48,FALSE,0.231214647962601,0.532983955352113
"pls",1,49,FALSE,0.670802284260944,0.633311251694973
"pls",1,50,FALSE,0.459935016851525,0.529593015069652
"pls",1,51,FALSE,0.287129620719111,0.408143107011273
"pls",1,52,FALSE,0.6232492903979,0.507389694528569
"pls",1,53,FALSE,0.8109042806687,0.644312969135558
"pls",1,54,TRUE,0.354108439147401,0.433324637296793
"pls",1,55,FALSE,0.129141845792285,0.405286697681782
"pls",1,56,FALSE,0.244969460136198,0.381179546615154
"pls",1,57,FALSE,0.364363354615731,0.398007917014771
"pls",1,58,TRUE,0.334212409393176,0.432877186984784
"pls",1,59,FALSE,0.489677291663699,0.551528016935116
"pls",1,60,FALSE,0.525304009958239,0.468965398972382
"pls",1,61,TRUE,0.406540180433955,0.378956410080839
"pls",1,62,FALSE,0.335457900689384,0.570457216564108
"pls",1,63,FALSE,0.419873175149476,0.493024429138708
"pls",1,64,FALSE,0.397227181043161,0.560049960223001
"pls",1,65,TRUE,0.59659709562646,0.622104873870108
"pls",1,66,FALSE,0.260071387985075,0.441461380659949
"pls",1,67,FALSE,0.489466281303128,0.572315933122494
"pls",1,68,FALSE,0.544018407858776,0.700596093046239
"pls",1,69,FALSE,0.665205628434601,0.641494552638643
"pls",1,70,FALSE,0.537819095073274,0.606004102018304
"pls",1,71,FALSE,0.501059262217751,0.565744688512289
"pls",1,72,FALSE,0.415699348887829,0.429413346644677
"pls",1,73,TRUE,0.298853076409707,0.408271587622511
"pls",1,74,TRUE,0.289365951520032,0.367538048821153
"pls",1,75,FALSE,0.497620649781288,0.327731163820055
"pls",1,76,TRUE,0.778151250383644,0.531567374297808
"pls",1,77,TRUE,0.260071387985075,0.43810742985668
"pls",1,78,FALSE,0.367542273520577,0.506519074993124
"pls",1,79,FALSE,0.534026106056135,0.46550107371523
"pls",1,80,FALSE,0.287129620719111,0.29289255301679
"pls",1,81,FALSE,0.469822015978163,0.400695429624287
"pls",1,82,TRUE,0.399673721481038,0.36719880806755
"pls",1,83,FALSE,0.307496037913213,0.260314616828423
"pls",1,84,TRUE,0.322219294733919,0.351675013497182
"pls",1,85,FALSE,0.247236549506764,0.39002162415346
"pls",1,86,FALSE,0.6232492903979,0.4428687339449
"pls",1,87,TRUE,0.429752280002408,0.399200246971631
"pls",1,88,TRUE,0.566943971856554,0.438645665115797
"pls",1,89,FALSE,0.605951157564873,0.520811419620689
"pls",1,90,FALSE,0.265996370495079,0.504033059235294
"pls",1,91,FALSE,0.555215405126073,0.40450420150117
"pls",1,92,FALSE,0.638489256954637,0.497494734683191
"pls",1,93,FALSE,0.528145078253106,0.550310185031859
"pls",1,94,FALSE,0.227552503379865,0.548731035583666
"pls",1,95,FALSE,0.430075055551939,0.528919760557298
"pls",1,96,FALSE,0.184549481320698,0.350586637204614
"pls",1,97,FALSE,0.472537053262077,0.503940888239356
"pls",1,98,FALSE,0.60616631460762,0.459770885767329
"pls",1,99,FALSE,0.685553652846326,0.609732206169446
"pls",1,100,TRUE,0.296665190261531,0.54250475823035
"pls",1,101,FALSE,0.491361693834273,0.569537904584868
"pls",1,102,FALSE,0.513217600067939,0.378532358329213
"pls",1,103,TRUE,0.64738297011462,0.489757135482474
"pls",1,104,FALSE,0.491361693834273,0.507381112554079
"pls",1,105,FALSE,0.406028944963615,0.457567914731146
"pls",1,106,FALSE,0.752025387323213,0.515221256216519
"pls",1,107,TRUE,0.6414741105041,0.472570103825758
"pls",1,108,FALSE,0.416307587059883,0.571381420989082
"pls",1,109,FALSE,0.966610986681934,0.742316860851423
"pls",1,110,FALSE,0.188647295999717,0.338819136940355
"pls",1,111,FALSE,0.708335902682263,0.505470219611909
"pls",1,112,FALSE,0.685741738602264,0.808884082597475
"pls",1,113,FALSE,0.559308010907013,0.548474423289029
"pls",1,114,FALSE,0.355259905527378,0.449833868972215
"pls",1,115,FALSE,0.187520720836463,0.338624693879695
"pls",1,116,TRUE,0.569373909615046,0.435660269916767
"pls",1,117,FALSE,0.572523097849638,0.516695167290352
"pls",1,118,FALSE,0.538070787043172,0.532030728277443
"pls",1,119,FALSE,0.374748346010104,0.384252412186266
"pls",1,120,FALSE,0.294686624279443,0.347560152656131
"pls",1,121,FALSE,0.432969290874406,0.463578582843162
"pls",1,122,TRUE,0.320146286111054,0.586851587116889
"pls",1,123,FALSE,0.574262829707027,0.445673547227823
"pls",1,124,FALSE,0.610234175334389,0.625283865898434
"pls",1,125,FALSE,0.173186268412274,0.28138067121501
"pls",1,126,FALSE,0.314499227973151,0.437048934741422
"pls",1,127,FALSE,0.753330221324521,0.548035342279007
"pls",1,128,FALSE,0.338456493604605,0.505967615173994
"pls",1,129,TRUE,0.0253058652647703,0.240553264517146
"pls",1,130,FALSE,0.21045229296202,0.356872987075234
"pls",1,131,FALSE,0.440121603187804,0.494997884382369
"pls",1,132,TRUE,0.181872159010334,0.447383878323706
"pls",1,133,FALSE,0.761326322421457,0.602228144810723
"pls",1,134,FALSE,0.188084373714938,0.399655471407168
"pls",1,135,FALSE,0.662757831681574,0.405261065178037
"pls",1,136,FALSE,0.409425868671443,0.470374249245889
"pls",1,137,FALSE,0.387389826338729,0.340229495413348
"pls",1,138,FALSE,0.256236533205923,0.405085020166749
"pls",1,139,FALSE,0.381656482585787,0.412195148932102
"pls",1,140,FALSE,0.43568513794163,0.499211630268874
"pls",1,141,FALSE,0.190331698170291,0.427318135705094
"pls",1,142,TRUE,0.123851640967086,0.359334974617838
"pls",1,143,FALSE,0.208978517276253,0.445939957033093
"pls",1,144,TRUE,0.506505032404872,0.448248625339218
"pls",1,145,FALSE,0.390935107103379,0.434356228928874
"pls",1,146,FALSE,0.442479769064449,0.49910204471829
"pls",1,147,FALSE,0.417139409727326,0.448305657467576
"pls",1,148,FALSE,0.260071387985075,0.347323184674497
"pls",1,149,TRUE,0.308777773664721,0.432332893618909
"pls",1,150,FALSE,0.583198773968623,0.463206759848212
"pls",1,151,TRUE,0.456062224454951,0.438362220507644
"pls",1,152,FALSE,0.370698092575577,0.349871632659782
"pls",1,153,FALSE,0.639486489268586,0.621184517536175
"pls",1,154,FALSE,0.777412321496744,0.440998312188022
"pls",1,155,TRUE,0.590284403718162,0.484657309997972
"pls",1,156,FALSE,0.618215503279417,0.505055780459152
"pls",1,157,FALSE,0.224533062606086,0.497981387978872
"pls",1,158,FALSE,0.234010817587179,0.285889757099024
"pls",1,159,FALSE,0.595826777073223,0.439077197851306
"pls",1,160,TRUE,0.612783856719735,0.532883428382023
"pls",1,161,FALSE,0.581266805273671,0.562434190217773
"pls",1,162,FALSE,0.588383768378728,0.589518270988756
"pls",1,163,FALSE,0.108226656374928,0.37430373421074
"pls",1,164,TRUE,0.381115080709851,0.388119748015361
"pls",1,165,FALSE,0.255272505103306,0.552265710404848
"pls",1,166,FALSE,0.680879174426811,0.506699543112338
"pls",1,167,FALSE,0.564784384503987,0.503958866642722
"pls",1,168,TRUE,0.526339277389844,0.369765128776954
"pls",1,169,FALSE,0.294466226161593,0.435148505435509
"pls",1,170,FALSE,0.612783856719735,0.452736355288183
"pls",1,171,FALSE,0.5182506513085,0.584248339536779
"pls",1,172,FALSE,0.442949869577862,0.385241988266915
"pls",1,173,FALSE,0.505149978319906,0.475692239264484
"pls",1,174,FALSE,0.305995882770805,0.413829290867953
"pls",1,175,TRUE,0.612783856719735,0.424631086182465
"pls",1,176,TRUE,0.204119982655925,0.407362056584708
"pls",1,177,FALSE,0.677333151419902,0.410447599256596
"pls",1,178,FALSE,0.345961541813141,0.464498146834142
"pls",1,179,FALSE,0.361160995195026,0.46281255080164
"pls",1,180,TRUE,0.127104798364808,0.199311588324793
"pls",1,181,FALSE,0.514547752660286,0.311665426117616
"pls",1,182,FALSE,0.362350507594848,0.518930441276618
"pls",1,183,FALSE,0.662757831681574,0.490531236090529
"pls",1,184,FALSE,0.313867220369153,0.426752675541057
"pls",1,185,FALSE,0.839666556882433,0.451317167208025
"pls",1,186,FALSE,0.16999753706657,0.35492035623957
"pls",1,187,FALSE,0.129367595722986,0.116111092121268
"pls",1,188,FALSE,0.36078268987328,0.351677512075002
"pls",1,189,FALSE,0.429106008332697,0.47335824219806
"pls",1,190,FALSE,0.702602841340427,0.587218556559181
"pls",1,191,FALSE,0.571708831808688,0.464526518472001
"pls",1,192,FALSE,0.343920385393226,0.321713248817861
"pls",1,193,FALSE,0.695131297704026,0.539629418400271
"pls",1,194,FALSE,0.629409599102719,0.545366612612864
"pls",1,195,FALSE,0.414973347970818,0.410523277974168
"pls",1,196,FALSE,0.276231957921834,0.375216893451557
"pls",1,197,FALSE,0.531478917042255,0.547650279601659
"pls",1,198,FALSE,0.236789099409293,0.376163768093618
"pls",1,199,FALSE,0.756407872548958,0.77778453658034
"pls",1,200,FALSE,0.718750734739665,0.560152966995165
"pls",1,201,FALSE,0.515211304327802,0.450986406585584
"pls",1,202,TRUE,0.3654879848909,0.293340490877696
"pls",1,203,TRUE,0.344392273685111,0.424126900516361
"pls",1,204,FALSE,0.196728722623287,0.452968797797574
"pls",1,205,FALSE,0.392696953259666,0.370818656168313
"pls",1,206,FALSE,0.365394376854778,0.442160956073833
"pls",1,207,TRUE,0.389166084364532,0.421734252896374
"pls",1,208,FALSE,0.653212513775344,0.489033261054535
"pls",1,209,FALSE,0.440594261839831,0.372335790135306
"pls",1,210,TRUE,0.202215775801131,0.472864271376674
"pls",1,211,FALSE,0.48572142648158,0.413029573864864
"pls",1,212,FALSE,0.244277120801843,0.479041010569642
"pls",1,213,FALSE,0.372727940885595,0.448980227908016
"pls",1,214,FALSE,0.52244423350632,0.507765923324141
"pls",1,215,FALSE,0.257678574869184,0.411624029879003
"pls",1,216,FALSE,0.384353414137506,0.541485705974672
"pls",1,217,FALSE,0.335858911319818,0.502009396425002
"pls",1,218,FALSE,0.555094448578319,0.541470943965755
"pls",1,219,FALSE,0.271841606536499,0.459784915667313
"pls",1,220,FALSE,0.471291711058939,0.444886470949095
"pls",1,221,TRUE,0.294906910605192,0.429971702298924
"pls",1,222,FALSE,0.655138434811382,0.604173274418774
"pls",1,223,FALSE,0.528916700277655,0.45369002194802
"pls",1,224,FALSE,0.777426822389311,0.535691029265062
"pls",1,225,TRUE,0.191730393362856,0.488355256477654
"pls",1,226,FALSE,0.239549720840473,0.44459194343845
"pls",1,227,TRUE,0.582404298019028,0.572742840670937
"pls",1,228,TRUE,0.569373909615046,0.340395880454198
"pls",1,229,FALSE,0.334252642334231,0.372281634115451
"pls",1,230,FALSE,0.406369835469268,0.479529105763693
"pls",1,231,FALSE,0.0597526942092988,0.288985061930552
"pls",1,232,TRUE,0.472463896606989,0.494643632668415
"pls",1,233,FALSE,0.666985718329661,0.451898501518134
"pls",1,234,FALSE,0.65417654187796,0.468438242580204
"pls",1,235,FALSE,0.259593878885949,0.472845461175959
"pls",1,236,FALSE,0.527114111639805,0.601455421489299
"pls",1,237,TRUE,0.367169488534681,0.371377534945102
"pls",1,238,TRUE,0.19228861256812,0.347956540216945
"pls",1,239,FALSE,0.478566495593843,0.297507981539732
"pls",1,240,FALSE,0.253580289562183,0.316042375639839
"pls",1,241,FALSE,0.27554168840131,0.386562132109019
"pls",1,242,FALSE,0.532627001228891,0.350987929847674
"pls",1,243,TRUE,0.542451947375977,0.434103805506204
"pls",1,244,FALSE,0.381836799998343,0.424243931175247
"pls",1,245,TRUE,0.511616020569138,0.581585097424264
"pls",1,246,FALSE,0.476831628512261,0.574368981940292
"pls",1,247,FALSE,0.301029995663981,0.467193438952705
"pls",1,248,FALSE,0.325823419002744,0.360027509161479
"pls",1,249,FALSE,0.586024382386976,0.506279539261212
"pls",1,250,FALSE,0.218535505216528,0.324169375124559
"pls",1,251,FALSE,0.0480531731156091,0.204219257955316
"pls",1,252,FALSE,0.378397900948138,0.537875013481734
"pls",1,253,FALSE,0.595275711802099,0.422412572772818
"pls",1,254,FALSE,0.398807730203264,0.456552600338009
"pls",1,255,TRUE,0.161368002234975,0.329172832982716
"pls",1,256,FALSE,0.456214155357989,0.471427968453868
"pls",1,257,FALSE,0.641126932803509,0.454184440007124
"pls",1,258,FALSE,0.54020429984206,0.350736200398548
"pls",1,259,FALSE,0.0328201494385639,0.185577622809791
"pls",1,260,FALSE,0.434888120867316,0.527157949766011
"pls",1,261,FALSE,0.332034277027518,0.49919958042778
"pls",1,262,FALSE,0.391816923613249,0.597290487629229
"pls",1,263,TRUE,0.347427598618541,0.323758164561899
"pls",1,264,FALSE,0.352182518111362,0.251566783889509
"pls",1,265,TRUE,0.154119525515847,0.235530268192331
"pls",1,266,FALSE,0.591398551281249,0.439316163607295
"pls",1,267,TRUE,0.315970345456918,0.409636041028802
"pls",1,268,FALSE,0.470410490975931,0.450163547401465
"pls",1,269,FALSE,0.826074802700826,0.759818928905221
"pls",1,270,FALSE,0.234264124378789,0.379104384796378
"pls",1,271,FALSE,0.504878459410216,0.458599535095728
"pls",1,272,FALSE,0.582744965691277,0.382304038711558
"pls",1,273,FALSE,0.542327382773974,0.481119278163408
"pls",1,274,FALSE,0.657055852857104,0.466918202166717
"pls",1,275,FALSE,0.328379603438738,0.370273123277964
"pls",1,276,FALSE,0.4679039465228,0.277098946732674
"pls",1,277,FALSE,0.331427296520743,0.489285702684887
"pls",1,278,FALSE,0.352664799651101,0.460943735273122
"pls",1,279,FALSE,0.437116093048079,0.337205638557926
"pls",1,280,FALSE,0.325043347403704,0.408954560760644
"pls",1,281,FALSE,0.749581734865559,0.446917881623047
"pls",1,282,FALSE,0.775319121829478,0.506226364425863
"pls",1,283,FALSE,0.817565369559781,0.518971479331611
"pls",1,284,FALSE,0.526442668529935,0.339619887678674
"pls",1,285,FALSE,0.682145076373832,0.559298758765224
"pls",1,286,FALSE,0.425534220498263,0.520813045929408
"pls",1,287,FALSE,0.659726095237792,0.508420279161541
"pls",1,288,FALSE,0.672097857935718,0.402515506273719
"pls",1,289,FALSE,0.534026106056135,0.427748730824682
"pls",1,290,FALSE,0.615950051656401,0.550006766447783
"pls",1,291,TRUE,0.262451089730429,0.418454243517942
"pls",2,1,TRUE,0.482873583608754,0.508779659042152
"pls",2,2,TRUE,0.496929648073215,0.458404197002706
"pls",2,3,TRUE,0.623042434246382,0.516749326021162
"pls",2,4,TRUE,0.523746466811564,0.3827758290038
"pls",2,5,TRUE,0.47567118832443,0.463829182262013
"pls",2,6,FALSE,0.469674772551798,0.361832726031932
"pls",2,7,FALSE,0.387389826338729,0.47879386693316
"pls",2,8,FALSE,0.627365856592733,0.396211470208258
"pls",2,9,FALSE,0.591064607026499,0.403304426726091
"pls",2,10,FALSE,0.218220304175545,0.32795588642198
"pls",2,11,TRUE,0.680335513414563,0.389495496378774
"pls",2,12,TRUE,0.680607428991788,0.388341325457789
"pls",2,13,FALSE,0.721810615212547,0.563461271061093
"pls",2,14,TRUE,0.20682587603185,0.325143999452115
"pls",2,15,TRUE,0.582063362911709,0.386403971415164
"pls",2,16,FALSE,0.696094159995223,0.505697621832126
"pls",2,17,TRUE,0.40823996531185,0.358710907269213
"pls",2,18,FALSE,0.433001340945038,0.444416863488433
"pls",2,19,FALSE,0.653212513775344,0.4443745392529
"pls",2,20,FALSE,0.558072259099146,0.425069354175947
"pls",2,21,FALSE,0.261928672990642,0.201588866195811
"pls",2,22,TRUE,0.637489729512511,0.50067782187257
"pls",2,23,FALSE,0.504878459410216,0.390472109687423
"pls",2,24,FALSE,0.286995073968852,0.381705462396895
"pls",2,25,TRUE,0.662757831681574,0.45239862180852
"pls",2,26,FALSE,0.524525936626376,0.49039174934546
"pls",2,27,TRUE,0.406540180433955,0.481547023189558
"pls",2,28,FALSE,0.656098202012832,0.52770363027358
"pls",2,29,FALSE,0.517987203025078,0.373986086479194
"pls",2,30,FALSE,0.703119346236078,0.541939514491194
"pls",2,31,FALSE,0.691081492122968,0.539472133919421
"pls",2,32,FALSE,0.0141423615450058,0.371947648728756
"pls",2,33,FALSE,0.733197265106569,0.682340669497008
"pls",2,34,FALSE,0.408070285887185,0.43904145056271
"pls",2,35,FALSE,0.396024896608593,0.452041366767831
"pls",2,36,FALSE,0.398391440229475,0.486450261848197
"pls",2,37,FALSE,0.770852011642144,0.536404416638313
"pls",2,38,TRUE,0.15836249209525,0.325918604475739
"pls",2,39,FALSE,0.625415352154408,0.549900380766224
"pls",2,40,FALSE,0.496334505996816,0.503359358706997
"pls",2,41,FALSE,0.679427896612119,0.601640509875163
"pls",2,42,FALSE,0.610116955411928,0.541387826900124
"pls",2,43,FALSE,0.645913275033844,0.488688696192135
"pls",2,44,FALSE,0.465382851448418,0.447057089975234
"pls",2,45,FALSE,0.569490954348783,0.547621005035832
"pls",2,46,FALSE,0.187520720836463,0.295807921500699
"pls",2,47,FALSE,0.465813957269479,0.49339392434272
"pls",2,48,FALSE,0.231214647962601,0.522360651546604
"pls",2,49,FALSE,0.670802284260944,0.627799467638637
"pls",2,50,FALSE,0.459935016851525,0.533991445289774
"pls",2,51,FALSE,0.287129620719111,0.408439735472005
"pls",2,52,FALSE,0.6232492903979,0.486506333160056
"pls",2,53,FALSE,0.8109042806687,0.658070757088537
"pls",2,54,TRUE,0.354108439147401,0.47838137653177
"pls",2,55,FALSE,0.129141845792285,0.391700122416893
"pls",2,56,FALSE,0.244969460136198,0.428586599111462
"pls",2,57,FALSE,0.364363354615731,0.420899140687529
"pls",2,58,TRUE,0.334212409393176,0.402913321824631
"pls",2,59,FALSE,0.489677291663699,0.512697278595529
"pls",2,60,FALSE,0.525304009958239,0.441059003939066
"pls",2,61,TRUE,0.406540180433955,0.367350539801539
"pls",2,62,FALSE,0.335457900689384,0.567116161477291
"pls",2,63,FALSE,0.419873175149476,0.519425534751716
"pls",2,64,FALSE,0.397227181043161,0.511773140462333
"pls",2,65,TRUE,0.59659709562646,0.600909582691254
"pls",2,66,FALSE,0.260071387985075,0.451102986399953
"pls",2,67,FALSE,0.489466281303128,0.585164503398165
"pls",2,68,FALSE,0.544018407858776,0.686782537566829
"pls",2,69,FALSE,0.665205628434601,0.644654684130608
"pls",2,70,FALSE,0.537819095073274,0.600139668141222
"pls",2,71,FALSE,0.501059262217751,0.537319732092885
"pls",2,72,FALSE,0.415699348887829,0.457005984949081
"pls",2,73,TRUE,0.298853076409707,0.401571922819385
"pls",2,74,TRUE,0.289365951520032,0.361570404720919
"pls",2,75,FALSE,0.497620649781288,0.332791761470518
"pls",2,76,TRUE,0.778151250383644,0.539432204048254
"pls",2,77,TRUE,0.260071387985075,0.39165712448026
"pls",2,78,FALSE,0.367542273520577,0.462185307997016
"pls",2,79,FALSE,0.534026106056135,0.479344457036449
"pls",2,80,FALSE,0.287129620719111,0.329393019224518
"pls",2,81,FALSE,0.469822015978163,0.392898932532489
"pls",2,82,TRUE,0.399673721481038,0.362278193402034
"pls",2,83,FALSE,0.307496037913213,0.273407856854863
"pls",2,84,TRUE,0.322219294733919,0.399303179306926
"pls",2,85,FALSE,0.247236549506764,0.3853053082145
"pls",2,86,FALSE,0.6232492903979,0.462303601900169
"pls",2,87,TRUE,0.429752280002408,0.359608926591261
"pls",2,88,TRUE,0.566943971856554,0.405032866709794
"pls",2,89,FALSE,0.605951157564873,0.548654980790999
"pls",2,90,FALSE,0.265996370495079,0.498650779379113
"pls",2,91,FALSE,0.555215405126073,0.412488955747162
"pls",2,92,FALSE,0.638489256954637,0.493079116446662
"pls",2,93,FALSE,0.528145078253106,0.557421498070125
"pls",2,94,FALSE,0.227552503379865,0.552788035020329
"pls",2,95,FALSE,0.430075055551939,0.55308540707517
"pls",2,96,FALSE,0.184549481320698,0.358115073685146
"pls",2,97,FALSE,0.472537053262077,0.491289387263545
"pls",2,98,FALSE,0.60616631460762,0.41812048354631
"pls",2,99,FALSE,0.685553652846326,0.608326827717566
"pls",2,100,TRUE,0.296665190261531,0.546058497502076
"pls",2,101,FALSE,0.491361693834273,0.546371763574496
"pls",2,102,FALSE,0.513217600067939,0.374387808307874
"pls",2,103,TRUE,0.64738297011462,0.381672954387522
"pls",2,104,FALSE,0.491361693834273,0.500048217271544
"pls",2,105,FALSE,0.406028944963615,0.455315976855824
"pls",2,106,FALSE,0.752025387323213,0.513956267815096
"pls",2,107,TRUE,0.6414741105041,0.491312942982605
"pls",2,108,FALSE,0.416307587059883,0.567033005380662
"pls",2,109,FALSE,0.966610986681934,0.752022548069097
"pls",2,110,FALSE,0.188647295999717,0.323952599186775
"pls",2,111,FALSE,0.708335902682263,0.478887201545415
"pls",2,112,FALSE,0.685741738602264,0.836751718519794
"pls",2,113,FALSE,0.559308010907013,0.531543350493522
"pls",2,114,FALSE,0.355259905527378,0.448429976617909
"pls",2,115,FALSE,0.187520720836463,0.343900131803109
"pls",2,116,TRUE,0.569373909615046,0.459570286271359
"pls",2,117,FALSE,0.572523097849638,0.557988656277643
"pls",2,118,FALSE,0.538070787043172,0.526266286104898
"pls",2,119,FALSE,0.374748346010104,0.380967182046147
"pls",2,120,FALSE,0.294686624279443,0.331571856627218
"pls",2,121,FALSE,0.432969290874406,0.457286008158604
"pls",2,122,TRUE,0.320146286111054,0.571541019253547
"pls",2,123,FALSE,0.574262829707027,0.445080118357911
"pls",2,124,FALSE,0.610234175334389,0.628859480065841
"pls",2,125,FALSE,0.173186268412274,0.242726626963224
"pls",2,126,FALSE,0.314499227973151,0.419583400267926
"pls",2,127,FALSE,0.753330221324521,0.587206306081089
"pls",2,128,FALSE,0.338456493604605,0.4910559143778
"pls",2,129,TRUE,0.0253058652647703,0.23282384009062
"pls",2,130,FALSE,0.21045229296202,0.369302666679364
"pls",2,131,FALSE,0.440121603187804,0.524162101590377
"pls",2,132,TRUE,0.181872159010334,0.433817083592449
"pls",2,133,FALSE,0.761326322421457,0.611383846408983
"pls",2,134,FALSE,0.188084373714938,0.420639353495254
"pls",2,135,FALSE,0.662757831681574,0.417593507758908
"pls",2,136,FALSE,0.409425868671443,0.472986350840996
"pls",2,137,FALSE,0.387389826338729,0.320330577109892
"pls",2,138,FALSE,0.256236533205923,0.388412503274664
"pls",2,139,FALSE,0.381656482585787,0.421887074235712
"pls",2,140,FALSE,0.43568513794163,0.508170543894274
"pls",2,141,FALSE,0.190331698170291,0.416011494778255
"pls",2,142,TRUE,0.123851640967086,0.458321547308081
"pls",2,143,FALSE,0.208978517276253,0.452556252745539
"pls",2,144,TRUE,0.506505032404872,0.444633202103024
"pls",2,145,FALSE,0.390935107103379,0.422604543164228
"pls",2,146,FALSE,0.442479769064449,0.47776988283305
"pls",2,147,FALSE,0.417139409727326,0.443438722341999
"pls",2,148,FALSE,0.260071387985075,0.36694760812164
"pls",2,149,TRUE,0.308777773664721,0.399173730219497
"pls",2,150,FALSE,0.583198773968623,0.464704435770491
"pls",2,151,TRUE,0.456062224454951,0.438221021620548
"pls",2,152,FALSE,0.370698092575577,0.319280785118431
"pls",2,153,FALSE,0.639486489268586,0.631319469866571
"pls",2,154,FALSE,0.777412321496744,0.43607238023316
"pls",2,155,TRUE,0.590284403718162,0.503563175877709
"pls",2,156,FALSE,0.618215503279417,0.523872791994014
"pls",2,157,FALSE,0.224533062606086,0.522880429825446
"pls",2,158,FALSE,0.234010817587179,0.331089316692489
"pls",2,159,FALSE,0.595826777073223,0.441042606248777
"pls",2,160,TRUE,0.612783856719735,0.5177952600687
"pls",2,161,FALSE,0.581266805273671,0.557232415993067
"pls",2,162,FALSE,0.588383768378728,0.590910927639106
"pls",2,163,FALSE,0.108226656374928,0.409773899688363
"pls",2,164,TRUE,0.381115080709851,0.39471735721564
"pls",2,165,FALSE,0.255272505103306,0.570343635899513
"pls",2,166,FALSE,0.680879174426811,0.545609535094489
"pls",2,167,FALSE,0.564784384503987,0.523562402290466
"pls",2,168,TRUE,0.526339277389844,0.378033419581825
"pls",2,169,FALSE,0.294466226161593,0.443103818405818
"pls",2,170,FALSE,0.612783856719735,0.479767281401322
"pls",2,171,FALSE,0.5182506513085,0.590446256614304
"pls",2,172,FALSE,0.442949869577862,0.394999323080794
"pls",2,173,FALSE,0.505149978319906,0.477500307065833
"pls",2,174,FALSE,0.305995882770805,0.407298464934699
"pls",2,175,TRUE,0.612783856719735,0.481263316172629
"pls",2,176,TRUE,0.204119982655925,0.413871825303284
"pls",2,177,FALSE,0.677333151419902,0.412388649429426
"pls",2,178,FALSE,0.345961541813141,0.490825794416747
"pls",2,179,FALSE,0.361160995195026,0.472081907280852
"pls",2,180,TRUE,0.127104798364808,0.14834082653182
"pls",2,181,FALSE,0.514547752660286,0.321563388748475
"pls",2,182,FALSE,0.362350507594848,0.518361676271398
"pls",2,183,FALSE,0.662757831681574,0.486605663991742
"pls",2,184,FALSE,0.313867220369153,0.420058063520568
"pls",2,185,FALSE,0.839666556882433,0.477831449069882
"pls",2,186,FALSE,0.16999753706657,0.356908554219436
"pls",2,187,FALSE,0.129367595722986,0.0552188496356159
"pls",2,188,FALSE,0.36078268987328,0.359373785331183
"pls",2,189,FALSE,0.429106008332697,0.465488826276183
"pls",2,190,FALSE,0.702602841340427,0.554832655409951
"pls",2,191,FALSE,0.571708831808688,0.445664968985119
"pls",2,192,FALSE,0.343920385393226,0.310730430691241
"pls",2,193,FALSE,0.695131297704026,0.519590977533922
"pls",2,194,FALSE,0.629409599102719,0.548436417083047
"pls",2,195,FALSE,0.414973347970818,0.402200245145021
"pls",2,196,FALSE,0.276231957921834,0.402617991840236
"pls",2,197,FALSE,0.531478917042255,0.567640324788284
"pls",2,198,FALSE,0.236789099409293,0.38880179193443
"pls",2,199,FALSE,0.756407872548958,0.755540793518707
"pls",2,200,FALSE,0.718750734739665,0.578751369879743
"pls",2,201,FALSE,0.515211304327802,0.468852330366035
"pls",2,202,TRUE,0.3654879848909,0.29206722644986
"pls",2,203,TRUE,0.344392273685111,0.40034282057852
"pls",2,204,FALSE,0.196728722623287,0.449435948051699
"pls",2,205,FALSE,0.392696953259666,0.436120336849438
"pls",2,206,FALSE,0.365394376854778,0.49071181323304
"pls",2,207,TRUE,0.389166084364532,0.451235488139043
"pls",2,208,FALSE,0.653212513775344,0.47410261145705
"pls",2,209,FALSE,0.440594261839831,0.400286551859466
"pls",2,210,TRUE,0.202215775801131,0.467072336495029
"pls",2,211,FALSE,0.48572142648158,0.386154648306616
"pls",2,212,FALSE,0.244277120801843,0.477481231150023
"pls",2,213,FALSE,0.372727940885595,0.496995874542757
"pls",2,214,FALSE,0.52244423350632,0.473530758993934
"pls",2,215,FALSE,0.257678574869184,0.415010750641464
"pls",2,216,FALSE,0.384353414137506,0.608407141566199
"pls",2,217,FALSE,0.335858911319818,0.473620339021477
"pls",2,218,FALSE,0.555094448578319,0.538153943099141
"pls",2,219,FALSE,0.271841606536499,0.493109477664412
"pls",2,220,FALSE,0.471291711058939,0.412168803080918
"pls",2,221,TRUE,0.294906910605192,0.420992916240118
"pls",2,222,FALSE,0.655138434811382,0.61998824572981
"pls",2,223,FALSE,0.528916700277655,0.486242248350773
"pls",2,224,FALSE,0.777426822389311,0.522788481789842
"pls",2,225,TRUE,0.191730393362856,0.506881996185388
"pls",2,226,FALSE,0.239549720840473,0.419752126589513
"pls",2,227,TRUE,0.582404298019028,0.547881787234717
"pls",2,228,TRUE,0.569373909615046,0.312353067941521
"pls",2,229,FALSE,0.334252642334231,0.390069858108907
"pls",2,230,FALSE,0.406369835469268,0.501125346635971
"pls",2,231,FALSE,0.0597526942092988,0.32502337600771
"pls",2,232,TRUE,0.472463896606989,0.485951950458176
"pls",2,233,FALSE,0.666985718329661,0.450528679401366
"pls",2,234,FALSE,0.65417654187796,0.496789660306863
"pls",2,235,FALSE,0.259593878885949,0.455402935675881
"pls",2,236,FALSE,0.527114111639805,0.60313297083107
"pls",2,237,TRUE,0.367169488534681,0.388084364531597
"pls",2,238,TRUE,0.19228861256812,0.322578247709738
"pls",2,239,FALSE,0.478566495593843,0.315422542473232
"pls",2,240,FALSE,0.253580289562183,0.318481928392657
"pls",2,241,FALSE,0.27554168840131,0.380151444370125
"pls",2,242,FALSE,0.532627001228891,0.287547376777637
"pls",2,243,TRUE,0.542451947375977,0.40695201179927
"pls",2,244,FALSE,0.381836799998343,0.424083771178399
"pls",2,245,TRUE,0.511616020569138,0.569149606655255
"pls",2,246,FALSE,0.476831628512261,0.578888978970299
"pls",2,247,FALSE,0.301029995663981,0.482057706494613
"pls",2,248,FALSE,0.325823419002744,0.368044721413576
"pls",2,249,FALSE,0.586024382386976,0.473305623537654
"pls",2,250,FALSE,0.218535505216528,0.320021639789684
"pls",2,251,FALSE,0.0480531731156091,0.214726081651995
"pls",2,252,FALSE,0.378397900948138,0.534527738569512
"pls",2,253,FALSE,0.595275711802099,0.441574027036275
"pls",2,254,FALSE,0.398807730203264,0.457868499844496
"pls",2,255,TRUE,0.161368002234975,0.302600820466814
"pls",2,256,FALSE,0.456214155357989,0.462065714051226
"pls",2,257,FALSE,0.641126932803509,0.468748953555456
"pls",2,258,FALSE,0.54020429984206,0.360037189804197
"pls",2,259,FALSE,0.0328201494385639,0.0470829949390192
"pls",2,260,FALSE,0.434888120867316,0.543764322362369
"pls",2,261,FALSE,0.332034277027518,0.53066809486823
"pls",2,262,FALSE,0.391816923613249,0.60586260434808
"pls",2,263,TRUE,0.347427598618541,0.324842521502436
"pls",2,264,FALSE,0.352182518111362,0.297877540287461
"pls",2,265,TRUE,0.154119525515847,0.21504372742964
"pls",2,266,FALSE,0.591398551281249,0.449040958319336
"pls",2,267,TRUE,0.315970345456918,0.39954753865848
"pls",2,268,FALSE,0.470410490975931,0.463253270666074
"pls",2,269,FALSE,0.826074802700826,0.730534547310404
"pls",2,270,FALSE,0.234264124378789,0.371376054460064
"pls",2,271,FALSE,0.504878459410216,0.467049125523132
"pls",2,272,FALSE,0.582744965691277,0.379182013168826
"pls",2,273,FALSE,0.542327382773974,0.495276183795916
"pls",2,274,FALSE,0.657055852857104,0.454575353701791
"pls",2,275,FALSE,0.328379603438738,0.374965797304228
"pls",2,276,FALSE,0.4679039465228,0.245318114656321
"pls",2,277,FALSE,0.331427296520743,0.475794388711844
"pls",2,278,FALSE,0.352664799651101,0.417241547101068
"pls",2,279,FALSE,0.437116093048079,0.317945154246235
"pls",2,280,FALSE,0.325043347403704,0.360371351462277
"pls",2,281,FALSE,0.749581734865559,0.435938789507862
"pls",2,282,FALSE,0.775319121829478,0.485088657200744
"pls",2,283,FALSE,0.817565369559781,0.52677735841808
"pls",2,284,FALSE,0.526442668529935,0.356636352278049
"pls",2,285,FALSE,0.682145076373832,0.546687994517859
"pls",2,286,FALSE,0.425534220498263,0.522314979436622
"pls",2,287,FALSE,0.659726095237792,0.483884754151391
"pls",2,288,FALSE,0.672097857935718,0.398644454595673
"pls",2,289,FALSE,0.534026106056135,0.445731932715059
"pls",2,290,FALSE,0.615950051656401,0.545938920674061
"pls",2,291,TRUE,0.262451089730429,0.398533661116425
"pls",3,1,TRUE,0.482873583608754,0.520534222235127
"pls",3,2,TRUE,0.496929648073215,0.456341554298272
"pls",3,3,TRUE,0.623042434246382,0.5226170592523
"pls",3,4,TRUE,0.523746466811564,0.397414212686535
"pls",3,5,TRUE,0.47567118832443,0.469769020589571
"pls",3,6,FALSE,0.469674772551798,0.354507094364145
"pls",3,7,FALSE,0.387389826338729,0.470456652179424
"pls",3,8,FALSE,0.627365856592733,0.389571403519832
"pls",3,9,FALSE,0.591064607026499,0.435830841862416
"pls",3,10,FALSE,0.218220304175545,0.364062385698501
"pls",3,11,TRUE,0.680335513414563,0.431985414924193
"pls",3,12,TRUE,0.680607428991788,0.421757304386365
"pls",3,13,FALSE,0.721810615212547,0.578872225024479
"pls",3,14,TRUE,0.20682587603185,0.330800964582157
"pls",3,15,TRUE,0.582063362911709,0.380788974111021
"pls",3,16,FALSE,0.696094159995223,0.528438778651384
"pls",3,17,TRUE,0.40823996531185,0.385733102374021
"pls",3,18,FALSE,0.433001340945038,0.443784774306631
"pls",3,19,FALSE,0.653212513775344,0.464112103048617
"pls",3,20,FALSE,0.558072259099146,0.439751286821964
"pls",3,21,FALSE,0.261928672990642,0.222763387816117
"pls",3,22,TRUE,0.637489729512511,0.476821509751112
"pls",3,23,FALSE,0.504878459410216,0.392744776035411
"pls",3,24,FALSE,0.286995073968852,0.404773530379596
"pls",3,25,TRUE,0.662757831681574,0.456988936951776
"pls",3,26,FALSE,0.524525936626376,0.486456918172748
"pls",3,27,TRUE,0.406540180433955,0.492277265407215
"pls",3,28,FALSE,0.656098202012832,0.516548476514894
"pls",3,29,FALSE,0.517987203025078,0.400008105681684
"pls",3,30,FALSE,0.703119346236078,0.532866162272624
"pls",3,31,FALSE,0.691081492122968,0.548588354515384
"pls",3,32,FALSE,0.0141423615450058,0.369916457965181
"pls",3,33,FALSE,0.733197265106569,0.667141195376081
"pls",3,34,FALSE,0.408070285887185,0.420754858128714
"pls",3,35,FALSE,0.396024896608593,0.457243525378017
"pls",3,36,FALSE,0.398391440229475,0.4684969559818
"pls",3,37,FALSE,0.770852011642144,0.564685163319899
"pls",3,38,TRUE,0.15836249209525,0.327621674718199
"pls",3,39,FALSE,0.625415352154408,0.533412757770743
"pls",3,40,FALSE,0.496334505996816,0.516141962948736
"pls",3,41,FALSE,0.679427896612119,0.592253589904243
"pls",3,42,FALSE,0.610116955411928,0.532451162590825
"pls",3,43,FALSE,0.645913275033844,0.459648689261802
"pls",3,44,FALSE,0.465382851448418,0.44812251013786
"pls",3,45,FALSE,0.569490954348783,0.543566360563775
"pls",3,46,FALSE,0.187520720836463,0.277427549657322
"pls",3,47,FALSE,0.465813957269479,0.502478306483606
"pls",3,48,FALSE,0.231214647962601,0.554503224782582
"pls",3,49,FALSE,0.670802284260944,0.636373744188729
"pls",3,50,FALSE,0.459935016851525,0.538515900474959
"pls",3,51,FALSE,0.287129620719111,0.415413206443445
"pls",3,52,FALSE,0.6232492903979,0.552081241332234
"pls",3,53,FALSE,0.8109042806687,0.671390291537602
"pls",3,54,TRUE,0.354108439147401,0.451096892441809
"pls",3,55,FALSE,0.129141845792285,0.411009265533035
"pls",3,56,FALSE,0.244969460136198,0.41718198030886
"pls",3,57,FALSE,0.364363354615731,0.407781240354843
"pls",3,58,TRUE,0.334212409393176,0.407748552600054
"pls",3,59,FALSE,0.489677291663699,0.566786528406638
"pls",3,60,FALSE,0.525304009958239,0.472598917755386
"pls",3,61,TRUE,0.406540180433955,0.372426807655482
"pls",3,62,FALSE,0.335457900689384,0.549623877725388
"pls",3,63,FALSE,0.419873175149476,0.519576332458593
"pls",3,64,FALSE,0.397227181043161,0.530698333604645
"pls",3,65,TRUE,0.59659709562646,0.618416390734785
"pls",3,66,FALSE,0.260071387985075,0.470741616582325
"pls",3,67,FALSE,0.489466281303128,0.573487608650961
"pls",3,68,FALSE,0.544018407858776,0.709733744800185
"pls",3,69,FALSE,0.665205628434601,0.66353037845638
"pls",3,70,FALSE,0.537819095073274,0.591701674048668
"pls",3,71,FALSE,0.501059262217751,0.536708036681079
"pls",3,72,FALSE,0.415699348887829,0.454110354584937
"pls",3,73,TRUE,0.298853076409707,0.411987771635438
"pls",3,74,TRUE,0.289365951520032,0.34923143630912
"pls",3,75,FALSE,0.497620649781288,0.316330766758724
"pls",3,76,TRUE,0.778151250383644,0.497446328623162
"pls",3,77,TRUE,0.260071387985075,0.384568918216043
"pls",3,78,FALSE,0.367542273520577,0.49173844051216
"pls",3,79,FALSE,0.534026106056135,0.484748955520323
"pls",3,80,FALSE,0.287129620719111,0.321941926952136
"pls",3,81,FALSE,0.469822015978163,0.41091627752687
"pls",3,82,TRUE,0.399673721481038,0.318029546236903
"pls",3,83,FALSE,0.307496037913213,0.274679123779532
"pls",3,84,TRUE,0.322219294733919,0.346102731963296
"pls",3,85,FALSE,0.247236549506764,0.399706886352292
"pls",3,86,FALSE,0.6232492903979,0.472999711181659
"pls",3,87,TRUE,0.429752280002408,0.371490566892234
"pls",3,88,TRUE,0.566943971856554,0.444338056865783
"pls",3,89,FALSE,0.605951157564873,0.512116492970303
"pls",3,90,FALSE,0.265996370495079,0.537664004287915
"pls",3,91,FALSE,0.555215405126073,0.402680060803995
"pls",3,92,FALSE,0.638489256954637,0.498417330371468
"pls",3,93,FALSE,0.528145078253106,0.601885561020324
"pls",3,94,FALSE,0.227552503379865,0.545222168883602
"pls",3,95,FALSE,0.430075055551939,0.538349504673603
"pls",3,96,FALSE,0.184549481320698,0.343731358211452
"pls",3,97,FALSE,0.472537053262077,0.488323913729489
"pls",3,98,FALSE,0.60616631460762,0.455195661485621
"pls",3,99,FALSE,0.685553652846326,0.614084671830537
"pls",3,100,TRUE,0.296665190261531,0.531905827954159
"pls",3,101,FALSE,0.491361693834273,0.579715623005666
"pls",3,102,FALSE,0.513217600067939,0.399818556756509
"pls",3,103,TRUE,0.64738297011462,0.406713870346322
"pls",3,104,FALSE,0.491361693834273,0.510441609070572
"pls",3,105,FALSE,0.406028944963615,0.415887432196655
"pls",3,106,FALSE,0.752025387323213,0.517773283180402
"pls",3,107,TRUE,0.6414741105041,0.472984867189196
"pls",3,108,FALSE,0.416307587059883,0.551826163434352
"pls",3,109,FALSE,0.966610986681934,0.766057530749077
"pls",3,110,FALSE,0.188647295999717,0.332270237183052
"pls",3,111,FALSE,0.708335902682263,0.502914366587869
"pls",3,112,FALSE,0.685741738602264,0.840644560876272
"pls",3,113,FALSE,0.559308010907013,0.531012392457729
"pls",3,114,FALSE,0.355259905527378,0.445451434807997
"pls",3,115,FALSE,0.187520720836463,0.342895691140798
"pls",3,116,TRUE,0.569373909615046,0.460901802812269
"pls",3,117,FALSE,0.572523097849638,0.56453521228746
"pls",3,118,FALSE,0.538070787043172,0.541983010576405
"pls",3,119,FALSE,0.374748346010104,0.38589501935724
"pls",3,120,FALSE,0.294686624279443,0.355938647126553
"pls",3,121,FALSE,0.432969290874406,0.4733634616673
"pls",3,122,TRUE,0.320146286111054,0.571758266789557
"pls",3,123,FALSE,0.574262829707027,0.442101749052515
"pls",3,124,FALSE,0.610234175334389,0.624606744261195
"pls",3,125,FALSE,0.173186268412274,0.262822021335995
"pls",3,126,FALSE,0.314499227973151,0.440206729749148
"pls",3,127,FALSE,0.753330221324521,0.589070868058254
"pls",3,128,FALSE,0.338456493604605,0.494039515769806
"pls",3,129,TRUE,0.0253058652647703,0.249417492309373
"pls",3,130,FALSE,0.21045229296202,0.422711850837102
"pls",3,131,FALSE,0.440121603187804,0.482583762598493
"pls",3,132,TRUE,0.181872159010334,0.455380110700419
"pls",3,133,FALSE,0.761326322421457,0.610445415431549
"pls",3,134,FALSE,0.188084373714938,0.420126675549076
"pls",3,135,FALSE,0.662757831681574,0.407782704106581
"pls",3,136,FALSE,0.409425868671443,0.479595776396186
"pls",3,137,FALSE,0.387389826338729,0.333335846537412
"pls",3,138,FALSE,0.256236533205923,0.40698209275103
"pls",3,139,FALSE,0.381656482585787,0.431901171241327
"pls",3,140,FALSE,0.43568513794163,0.499768915859717
"pls",3,141,FALSE,0.190331698170291,0.421145448893902
"pls",3,142,TRUE,0.123851640967086,0.430393062600634
"pls",3,143,FALSE,0.208978517276253,0.457854308465267
"pls",3,144,TRUE,0.506505032404872,0.460627744167648
"pls",3,145,FALSE,0.390935107103379,0.420353451829544
"pls",3,146,FALSE,0.442479769064449,0.536827000505899
"pls",3,147,FALSE,0.417139409727326,0.401557921871992
"pls",3,148,FALSE,0.260071387985075,0.36919005737048
"pls",3,149,TRUE,0.308777773664721,0.415039547009062
"pls",3,150,FALSE,0.583198773968623,0.460562348714417
"pls",3,151,TRUE,0.456062224454951,0.425336534032329
"pls",3,152,FALSE,0.370698092575577,0.380973674220213
"pls",3,153,FALSE,0.639486489268586,0.655424208479998
"pls",3,154,FALSE,0.777412321496744,0.437477983390648
"pls",3,155,TRUE,0.590284403718162,0.493401970528516
"pls",3,156,FALSE,0.618215503279417,0.487809972252291
"pls",3,157,FALSE,0.224533062606086,0.458611907093326
"pls",3,158,FALSE,0.234010817587179,0.30213980911984
"pls",3,159,FALSE,0.595826777073223,0.455855464639024
"pls",3,160,TRUE,0.612783856719735,0.529180205470825
"pls",3,161,FALSE,0.581266805273671,0.583376941443628
"pls",3,162,FALSE,0.588383768378728,0.573900163389748
"pls",3,163,FALSE,0.108226656374928,0.385883697706169
"pls",3,164,TRUE,0.381115080709851,0.360086837557505
"pls",3,165,FALSE,0.255272505103306,0.56013307488962
"pls",3,166,FALSE,0.680879174426811,0.503937328453837
"pls",3,167,FALSE,0.564784384503987,0.493942390523697
"pls",3,168,TRUE,0.526339277389844,0.361093493131063
"pls",3,169,FALSE,0.294466226161593,0.440939302878839
"pls",3,170,FALSE,0.612783856719735,0.452994737614997
"pls",3,171,FALSE,0.5182506513085,0.56984438569738
"pls",3,172,FALSE,0.442949869577862,0.37839200626221
"pls",3,173,FALSE,0.505149978319906,0.484904956339174
"pls",3,174,FALSE,0.305995882770805,0.432686733576417
"pls",3,175,TRUE,0.612783856719735,0.477309585110986
"pls",3,176,TRUE,0.204119982655925,0.392365078595889
"pls",3,177,FALSE,0.677333151419902,0.428333346809577
"pls",3,178,FALSE,0.345961541813141,0.481064522724636
"pls",3,179,FALSE,0.361160995195026,0.459539191646142
"pls",3,180,TRUE,0.127104798364808,0.221127011686089
"pls",3,181,FALSE,0.514547752660286,0.296264103966475
"pls",3,182,FALSE,0.362350507594848,0.511372265590895
"pls",3,183,FALSE,0.662757831681574,0.470451580508519
"pls",3,184,FALSE,0.313867220369153,0.435022852734077
"pls",3,185,FALSE,0.839666556882433,0.507367305320803
"pls",3,186,FALSE,0.16999753706657,0.358268481851592
"pls",3,187,FALSE,0.129367595722986,0.18961499077867
"pls",3,188,FALSE,0.36078268987328,0.320377616692285
"pls",3,189,FALSE,0.429106008332697,0.463059451742489
"pls",3,190,FALSE,0.702602841340427,0.558985354865523
"pls",3,191,FALSE,0.571708831808688,0.501544842894403
"pls",3,192,FALSE,0.343920385393226,0.317397374017782
"pls",3,193,FALSE,0.695131297704026,0.51065855133266
"pls",3,194,FALSE,0.629409599102719,0.55684568585193
"pls",3,195,FALSE,0.414973347970818,0.408832580116173
"pls",3,196,FALSE,0.276231957921834,0.40561165620124
"pls",3,197,FALSE,0.531478917042255,0.55079926407036
"pls",3,198,FALSE,0.236789099409293,0.382771599786712
"pls",3,199,FALSE,0.756407872548958,0.767033476558257
"pls",3,200,FALSE,0.718750734739665,0.575864319880022
"pls",3,201,FALSE,0.515211304327802,0.451533265657
"pls",3,202,TRUE,0.3654879848909,0.295707168653459
"pls",3,203,TRUE,0.344392273685111,0.411421188456148
"pls",3,204,FALSE,0.196728722623287,0.474076493289175
"pls",3,205,FALSE,0.392696953259666,0.428922155505806
"pls",3,206,FALSE,0.365394376854778,0.463641668139264
"pls",3,207,TRUE,0.389166084364532,0.439012289224177
"pls",3,208,FALSE,0.653212513775344,0.480374743326873
"pls",3,209,FALSE,0.440594261839831,0.379874711815729
"pls",3,210,TRUE,0.202215775801131,0.472089659665533
"pls",3,211,FALSE,0.48572142648158,0.406236202387754
"pls",3,212,FALSE,0.244277120801843,0.51049896463519
"pls",3,213,FALSE,0.372727940885595,0.465198783884988
"pls",3,214,FALSE,0.52244423350632,0.487835288678186
"pls",3,215,FALSE,0.257678574869184,0.41406656029031
"pls",3,216,FALSE,0.384353414137506,0.547720956525302
"pls",3,217,FALSE,0.335858911319818,0.473077695236
"pls",3,218,FALSE,0.555094448578319,0.532348952648975
"pls",3,219,FALSE,0.271841606536499,0.449505287522882
"pls",3,220,FALSE,0.471291711058939,0.42396037393215
"pls",3,221,TRUE,0.294906910605192,0.442519811662628
"pls",3,222,FALSE,0.655138434811382,0.595284672039371
"pls",3,223,FALSE,0.528916700277655,0.458571104790517
"pls",3,224,FALSE,0.777426822389311,0.510130410357122
"pls",3,225,TRUE,0.191730393362856,0.474469449797906
"pls",3,226,FALSE,0.239549720840473,0.430895004240901
"pls",3,227,TRUE,0.582404298019028,0.565217992465972
"pls",3,228,TRUE,0.569373909615046,0.320394248461709
"pls",3,229,FALSE,0.334252642334231,0.368690581138997
"pls",3,230,FALSE,0.406369835469268,0.471208981383466
"pls",3,231,FALSE,0.0597526942092988,0.339902407408505
"pls",3,232,TRUE,0.472463896606989,0.487063735479341
"pls",3,233,FALSE,0.666985718329661,0.46905666640243
"pls",3,234,FALSE,0.65417654187796,0.522950533271389
"pls",3,235,FALSE,0.259593878885949,0.459576534739286
"pls",3,236,FALSE,0.527114111639805,0.590393259809221
"pls",3,237,TRUE,0.367169488534681,0.399151539587141
"pls",3,238,TRUE,0.19228861256812,0.345888447134745
"pls",3,239,FALSE,0.478566495593843,0.315980928786666
"pls",3,240,FALSE,0.253580289562183,0.360327313226299
"pls",3,241,FALSE,0.27554168840131,0.383551495475038
"pls",3,242,FALSE,0.532627001228891,0.320630129327077
"pls",3,243,TRUE,0.542451947375977,0.384002025350076
"pls",3,244,FALSE,0.381836799998343,0.420865618221599
"pls",3,245,TRUE,0.511616020569138,0.55146540473331
"pls",3,246,FALSE,0.476831628512261,0.569055443058399
"pls",3,247,FALSE,0.301029995663981,0.496459203703695
"pls",3,248,FALSE,0.325823419002744,0.365725514338661
"pls",3,249,FALSE,0.586024382386976,0.463638537581809
"pls",3,250,FALSE,0.218535505216528,0.291816139422893
"pls",3,251,FALSE,0.0480531731156091,0.205630673399839
"pls",3,252,FALSE,0.378397900948138,0.516836509881101
"pls",3,253,FALSE,0.595275711802099,0.409176756137705
"pls",3,254,FALSE,0.398807730203264,0.458379967218089
"pls",3,255,TRUE,0.161368002234975,0.324396445275598
"pls",3,256,FALSE,0.456214155357989,0.45336803462107
"pls",3,257,FALSE,0.641126932803509,0.462944505996372
"pls",3,258,FALSE,0.54020429984206,0.364430930339434
"pls",3,259,FALSE,0.0328201494385639,0.187090198317683
"pls",3,260,FALSE,0.434888120867316,0.530442104026476
"pls",3,261,FALSE,0.332034277027518,0.476031686329243
"pls",3,262,FALSE,0.391816923613249,0.616666316558591
"pls",3,263,TRUE,0.347427598618541,0.327878410164791
"pls",3,264,FALSE,0.352182518111362,0.303713723971215
"pls",3,265,TRUE,0.154119525515847,0.220288353490068
"pls",3,266,FALSE,0.591398551281249,0.441067276810727
"pls",3,267,TRUE,0.315970345456918,0.373182558291886
"pls",3,268,FALSE,0.470410490975931,0.460104140611108
"pls",3,269,FALSE,0.826074802700826,0.769918900153759
"pls",3,270,FALSE,0.234264124378789,0.395581168052153
"pls",3,271,FALSE,0.504878459410216,0.460899315544998
"pls",3,272,FALSE,0.582744965691277,0.380979297876794
"pls",3,273,FALSE,0.542327382773974,0.522838141208109
"pls",3,274,FALSE,0.657055852857104,0.458995047257508
"pls",3,275,FALSE,0.328379603438738,0.399577380434351
"pls",3,276,FALSE,0.4679039465228,0.238216047609999
"pls",3,277,FALSE,0.331427296520743,0.468299528516522
"pls",3,278,FALSE,0.352664799651101,0.455779697831509
"pls",3,279,FALSE,0.437116093048079,0.304157426911266
"pls",3,280,FALSE,0.325043347403704,0.375391297970263
"pls",3,281,FALSE,0.749581734865559,0.411733575708493
"pls",3,282,FALSE,0.775319121829478,0.498869756049631
"pls",3,283,FALSE,0.817565369559781,0.543741301372606
"pls",3,284,FALSE,0.526442668529935,0.367233812161238
"pls",3,285,FALSE,0.682145076373832,0.546759888967448
"pls",3,286,FALSE,0.425534220498263,0.515348952923548
"pls",3,287,FALSE,0.659726095237792,0.532276040198683
"pls",3,288,FALSE,0.672097857935718,0.418591840774
"pls",3,289,FALSE,0.534026106056135,0.447038866007059
"pls",3,290,FALSE,0.615950051656401,0.551034571443251
"pls",3,291,TRUE,0.262451089730429,0.342149953466307
"noise",1,1,TRUE,0.482873583608754,0.552280394689836
"noise",1,2,TRUE,0.496929648073215,0.491317150471747
"noise",1,3,TRUE,0.623042434246382,0.464714268743423
"noise",1,4,TRUE,0.523746466811564,0.450934069582975
"noise",1,5,TRUE,0.47567118832443,0.464404027417379
"noise",1,6,FALSE,0.469674772551798,0.364090952916814
"noise",1,7,FALSE,0.387389826338729,0.45606915615198
"noise",1,8,FALSE,0.627365856592733,0.381056730391253
"noise",1,9,FALSE,0.591064607026499,0.462233096408291
"noise",1,10,FALSE,0.218220304175545,0.324053423065477
"noise",1,11,TRUE,0.680335513414563,0.377104168069152
"noise",1,12,TRUE,0.680607428991788,0.375114032669122
"noise",1,13,FALSE,0.721810615212547,0.585174877212873
"noise",1,14,TRUE,0.20682587603185,0.33301275796278
"noise",1,15,TRUE,0.582063362911709,0.388263039795436
"noise",1,16,FALSE,0.696094159995223,0.53371100591035
"noise",1,17,TRUE,0.40823996531185,0.375350062124411
"noise",1,18,FALSE,0.433001340945038,0.477539522374177
"noise",1,19,FALSE,0.653212513775344,0.473865178800409
"noise",1,20,FALSE,0.558072259099146,0.465522105452191
"noise",1,21,FALSE,0.261928672990642,0.236206728227161
"noise",1,22,TRUE,0.637489729512511,0.436018255066814
"noise",1,23,FALSE,0.504878459410216,0.408659148436725
"noise",1,24,FALSE,0.286995073968852,0.400430814662047
"noise",1,25,TRUE,0.662757831681574,0.44987286171275
"noise",1,26,FALSE,0.524525936626376,0.477217133475921
"noise",1,27,TRUE,0.406540180433955,0.493520006166452
"noise",1,28,FALSE,0.656098202012832,0.527485171409595
"noise",1,29,FALSE,0.517987203025078,0.453429612897562
"noise",1,30,FALSE,0.703119346236078,0.581293817191671
"noise",1,31,FALSE,0.691081492122968,0.572295093763892
"noise",1,32,FALSE,0.0141423615450058,0.4034448031637
"noise",1,33,FALSE,0.733197265106569,0.672082138688996
"noise",1,34,FALSE,0.408070285887185,0.434947708870838
"noise",1,35,FALSE,0.396024896608593,0.452185280893387
"noise",1,36,FALSE,0.398391440229475,0.485488464397424
"noise",1,37,FALSE,0.770852011642144,0.540099090705552
"noise",1,38,TRUE,0.15836249209525,0.350427517416674
"noise",1,39,FALSE,0.625415352154408,0.498166012818118
"noise",1,40,FALSE,0.496334505996816,0.484835936113255
"noise",1,41,FALSE,0.679427896612119,0.595807482522217
"noise",1,42,FALSE,0.610116955411928,0.537711250430064
"noise",1,43,FALSE,0.645913275033844,0.475627109569591
"noise",1,44,FALSE,0.465382851448418,0.425775985939464
"noise",1,45,FALSE,0.569490954348783,0.532495235210737
"noise",1,46,FALSE,0.187520720836463,0.343182512258665
"noise",1,47,FALSE,0.465813957269479,0.498780795446295
"noise",1,48,FALSE,0.231214647962601,0.509855426751969
"noise",1,49,FALSE,0.670802284260944,0.580294604413027
"noise",1,50,FALSE,0.459935016851525,0.527637744674276
"noise",1,51,FALSE,0.287129620719111,0.438993634009507
"noise",1,52,FALSE,0.6232492903979,0.514958028220742
"noise",1,53,FALSE,0.8109042806687,0.659887565832178
"noise",1,54,TRUE,0.354108439147401,0.47219267684269
"noise",1,55,FALSE,0.129141845792285,0.41565073729228
"noise",1,56,FALSE,0.244969460136198,0.388351701171029
"noise",1,57,FALSE,0.364363354615731,0.399324601421975
"noise",1,58,TRUE,0.334212409393176,0.416327225080289
"noise",1,59,FALSE,0.489677291663699,0.574637024309804
"noise",1,60,FALSE,0.525304009958239,0.479361025166355
"noise",1,61,TRUE,0.406540180433955,0.395180641682528
"noise",1,62,FALSE,0.335457900689384,0.528271127892631
"noise",1,63,FALSE,0.419873175149476,0.488023763452912
"noise",1,64,FALSE,0.397227181043161,0.570145390642777
"noise",1,65,TRUE,0.59659709562646,0.58862552500649
"noise",1,66,FALSE,0.260071387985075,0.426521954645191
"noise",1,67,FALSE,0.489466281303128,0.588862796375097
"noise",1,68,FALSE,0.544018407858776,0.695699120640441
"noise",1,69,FALSE,0.665205628434601,0.623190221030924
"noise",1,70,FALSE,0.537819095073274,0.566449882704893
"noise",1,71,FALSE,0.501059262217751,0.510092361102162
"noise",1,72,FALSE,0.415699348887829,0.417865059648341
"noise",1,73,TRUE,0.298853076409707,0.427477470403591
"noise",1,74,TRUE,0.289365951520032,0.384334477946994
"noise",1,75,FALSE,0.497620649781288,0.364645955280387
"noise",1,76,TRUE,0.778151250383644,0.45515815453677
"noise",1,77,TRUE,0.260071387985075,0.43023357752226
"noise",1,78,FALSE,0.367542273520577,0.498336524060977
"noise",1,79,FALSE,0.534026106056135,0.46032707080247
"noise",1,80,FALSE,0.287129620719111,0.274833988927568
"noise",1,81,FALSE,0.469822015978163,0.403550548367649
"noise",1,82,TRUE,0.399673721481038,0.385269803771038
"noise",1,83,FALSE,0.307496037913213,0.28307604337148
"noise",1,84,TRUE,0.322219294733919,0.332864795606016
"noise",1,85,FALSE,0.247236549506764,0.42408296954156
"noise",1,86,FALSE,0.6232492903979,0.465568670880223
"noise",1,87,TRUE,0.429752280002408,0.384382151613673
"noise",1,88,TRUE,0.566943971856554,0.460537118953703
"noise",1,89,FALSE,0.605951157564873,0.542482283386906
"noise",1,90,FALSE,0.265996370495079,0.485639036263564
"noise",1,91,FALSE,0.555215405126073,0.385740770741708
"noise",1,92,FALSE,0.638489256954637,0.491093724776986
"noise",1,93,FALSE,0.528145078253106,0.55669452054186
"noise",1,94,FALSE,0.227552503379865,0.540216581348759
"noise",1,95,FALSE,0.430075055551939,0.506889278808765
"noise",1,96,FALSE,0.184549481320698,0.372828261867516
"noise",1,97,FALSE,0.472537053262077,0.496604110193152
"noise",1,98,FALSE,0.60616631460762,0.473873173824369
"noise",1,99,FALSE,0.685553652846326,0.535890595135587
"noise",1,100,TRUE,0.296665190261531,0.465018769552583
"noise",1,101,FALSE,0.491361693834273,0.548905800661253
"noise",1,102,FALSE,0.513217600067939,0.360193908784939
"noise",1,103,TRUE,0.64738297011462,0.401774746407833
"noise",1,104,FALSE,0.491361693834273,0.468536116123451
"noise",1,105,FALSE,0.406028944963615,0.465396488533895
"noise",1,106,FALSE,0.752025387323213,0.504004948593655
"noise",1,107,TRUE,0.6414741105041,0.496810588560438
"noise",1,108,FALSE,0.416307587059883,0.567971208983494
"noise",1,109,FALSE,0.966610986681934,0.81628711282962
"noise",1,110,FALSE,0.188647295999717,0.306922914737743
"noise",1,111,FALSE,0.708335902682263,0.478319364415214
"noise",1,112,FALSE,0.685741738602264,0.789898346415983
"noise",1,113,FALSE,0.559308010907013,0.525037719845355
"noise",1,114,FALSE,0.355259905527378,0.445086448851264
"noise",1,115,FALSE,0.187520720836463,0.349949273669212
"noise",1,116,TRUE,0.569373909615046,0.434650740858656
"noise",1,117,FALSE,0.572523097849638,0.544147682750981
"noise",1,118,FALSE,0.538070787043172,0.543169451801456
"noise",1,119,FALSE,0.374748346010104,0.430342281173043
"noise",1,120,FALSE,0.294686624279443,0.364114044171973
"noise",1,121,FALSE,0.432969290874406,0.466847073538651
"noise",1,122,TRUE,0.320146286111054,0.633854659816211
"noise",1,123,FALSE,0.574262829707027,0.453212400319836
"noise",1,124,FALSE,0.610234175334389,0.604801033323397
"noise",1,125,FALSE,0.173186268412274,0.320908963898591
"noise",1,126,FALSE,0.314499227973151,0.433414376317739
"noise",1,127,FALSE,0.753330221324521,0.561148184944832
"noise",1,128,FALSE,0.338456493604605,0.474229731629281
"noise",1,129,TRUE,0.0253058652647703,0.380540468492016
"noise",1,130,FALSE,0.21045229296202,0.364224451777709
"noise",1,131,FALSE,0.440121603187804,0.480907560345866
"noise",1,132,TRUE,0.181872159010334,0.477021381039973
"noise",1,133,FALSE,0.761326322421457,0.574666066214613
"noise",1,134,FALSE,0.188084373714938,0.463052136619
"noise",1,135,FALSE,0.662757831681574,0.412958470252812
"noise",1,136,FALSE,0.409425868671443,0.475854124818153
"noise",1,137,FALSE,0.387389826338729,0.36914507963945
"noise",1,138,FALSE,0.256236533205923,0.442159654517376
"noise",1,139,FALSE,0.381656482585787,0.445263057880418
"noise",1,140,FALSE,0.43568513794163,0.481781651945823
"noise",1,141,FALSE,0.190331698170291,0.43264612803168
"noise",1,142,TRUE,0.123851640967086,0.410120787136767
"noise",1,143,FALSE,0.208978517276253,0.450708431427075
"noise",1,144,TRUE,0.506505032404872,0.432690513951086
"noise",1,145,FALSE,0.390935107103379,0.477107972935214
"noise",1,146,FALSE,0.442479769064449,0.485209493084475
"noise",1,147,FALSE,0.417139409727326,0.461085304357318
"noise",1,148,FALSE,0.260071387985075,0.331200090071109
"noise",1,149,TRUE,0.308777773664721,0.490989211896919
"noise",1,150,FALSE,0.583198773968623,0.454996323027861
"noise",1,151,TRUE,0.456062224454951,0.44719410436003
"noise",1,152,FALSE,0.370698092575577,0.355964952471674
"noise",1,153,FALSE,0.639486489268586,0.604377095548446
"noise",1,154,FALSE,0.777412321496744,0.44701612097615
"noise",1,155,TRUE,0.590284403718162,0.458898611470895
"noise",1,156,FALSE,0.618215503279417,0.47959957781566
"noise",1,157,FALSE,0.224533062606086,0.60088281240828
"noise",1,158,FALSE,0.234010817587179,0.305859159980866
"noise",1,159,FALSE,0.595826777073223,0.429939758895023
"noise",1,160,TRUE,0.612783856719735,0.49148356545985
"noise",1,161,FALSE,0.581266805273671,0.560012879978276
"noise",1,162,FALSE,0.588383768378728,0.577321687724118
"noise",1,163,FALSE,0.108226656374928,0.414493438155571
"noise",1,164,TRUE,0.381115080709851,0.389270775376066
"noise",1,165,FALSE,0.255272505103306,0.544825574683613
"noise",1,166,FALSE,0.680879174426811,0.543811900545531
"noise",1,167,FALSE,0.564784384503987,0.519279302916046
"noise",1,168,TRUE,0.526339277389844,0.370815951313813
"noise",1,169,FALSE,0.294466226161593,0.45174507025386
"noise",1,170,FALSE,0.612783856719735,0.443970298374988
"noise",1,171,FALSE,0.5182506513085,0.563898223168945
"noise",1,172,FALSE,0.442949869577862,0.377553750758217
"noise",1,173,FALSE,0.505149978319906,0.487856967532404
"noise",1,174,FALSE,0.305995882770805,0.425968413866843
"noise",1,175,TRUE,0.612783856719735,0.458512536572148
"noise",1,176,TRUE,0.204119982655925,0.391142909923349
"noise",1,177,FALSE,0.677333151419902,0.384185775008201
"noise",1,178,FALSE,0.345961541813141,0.45631420501918
"noise",1,179,FALSE,0.361160995195026,0.457611684795264
"noise",1,180,TRUE,0.127104798364808,0.150220697227935
"noise",1,181,FALSE,0.514547752660286,0.290336833958009
"noise",1,182,FALSE,0.362350507594848,0.517480676599047
"noise",1,183,FALSE,0.662757831681574,0.474452296104481
"noise",1,184,FALSE,0.313867220369153,0.414916759164571
"noise",1,185,FALSE,0.839666556882433,0.436812248701708
"noise",1,186,FALSE,0.16999753706657,0.383100861904633
"noise",1,187,FALSE,0.129367595722986,0.187860549656016
"noise",1,188,FALSE,0.36078268987328,0.335637543780325
"noise",1,189,FALSE,0.429106008332697,0.46249916763975
"noise",1,190,FALSE,0.702602841340427,0.58007788192035
"noise",1,191,FALSE,0.571708831808688,0.469170507311311
"noise",1,192,FALSE,0.343920385393226,0.334696120209163
"noise",1,193,FALSE,0.695131297704026,0.543929539185422
"noise",1,194,FALSE,0.629409599102719,0.546348958196743
"noise",1,195,FALSE,0.414973347970818,0.401772120390317
"noise",1,196,FALSE,0.276231957921834,0.39730572687647
"noise",1,197,FALSE,0.531478917042255,0.500596420161486
"noise",1,198,FALSE,0.236789099409293,0.39754919654732
"noise",1,199,FALSE,0.756407872548958,0.769010310409701
"noise",1,200,FALSE,0.718750734739665,0.583412889943096
"noise",1,201,FALSE,0.515211304327802,0.459860665624155
"noise",1,202,TRUE,0.3654879848909,0.317308419899525
"noise",1,203,TRUE,0.344392273685111,0.434861493763176
"noise",1,204,FALSE,0.196728722623287,0.477801492587135
"noise",1,205,FALSE,0.392696953259666,0.326533810816861
"noise",1,206,FALSE,0.365394376854778,0.467740676976276
"noise",1,207,TRUE,0.389166084364532,0.422058218299056
"noise",1,208,FALSE,0.653212513775344,0.474295939481081
"noise",1,209,FALSE,0.440594261839831,0.367578340094014
"noise",1,210,TRUE,0.202215775801131,0.428145868054128
"noise",1,211,FALSE,0.48572142648158,0.38388611509185
"noise",1,212,FALSE,0.244277120801843,0.499862925726726
"noise",1,213,FALSE,0.372727940885595,0.473120743312474
"noise",1,214,FALSE,0.52244423350632,0.506587320974043
"noise",1,215,FALSE,0.257678574869184,0.424535924372557
"noise",1,216,FALSE,0.384353414137506,0.55196497674978
"noise",1,217,FALSE,0.335858911319818,0.469296240686285
"noise",1,218,FALSE,0.555094448578319,0.508757229753368
"noise",1,219,FALSE,0.271841606536499,0.469059058545198
"noise",1,220,FALSE,0.471291711058939,0.443878235765161
"noise",1,221,TRUE,0.294906910605192,0.464809044602382
"noise",1,222,FALSE,0.655138434811382,0.567713295494412
"noise",1,223,FALSE,0.528916700277655,0.501293917044195
"noise",1,224,FALSE,0.777426822389311,0.490491656566516
"noise",1,225,TRUE,0.191730393362856,0.429760019319674
"noise",1,226,FALSE,0.239549720840473,0.450612752762697
"noise",1,227,TRUE,0.582404298019028,0.543581129776957
"noise",1,228,TRUE,0.569373909615046,0.375923501218154
"noise",1,229,FALSE,0.334252642334231,0.384797316036257
"noise",1,230,FALSE,0.406369835469268,0.487551938588559
"noise",1,231,FALSE,0.0597526942092988,0.361692316179584
"noise",1,232,TRUE,0.472463896606989,0.495552412473247
"noise",1,233,FALSE,0.666985718329661,0.45450325181883
"noise",1,234,FALSE,0.65417654187796,0.467498495647599
"noise",1,235,FALSE,0.259593878885949,0.454760216483395
"noise",1,236,FALSE,0.527114111639805,0.572271398414589
"noise",1,237,TRUE,0.367169488534681,0.408501362174863
"noise",1,238,TRUE,0.19228861256812,0.394340638439535
"noise",1,239,FALSE,0.478566495593843,0.349593156580359
"noise",1,240,FALSE,0.253580289562183,0.404044570702738
"noise",1,241,FALSE,0.27554168840131,0.374913363230763
"noise",1,242,FALSE,0.532627001228891,0.387741805795532
"noise",1,243,TRUE,0.542451947375977,0.458876049584317
"noise",1,244,FALSE,0.381836799998343,0.427614447593562
"noise",1,245,TRUE,0.511616020569138,0.534476453950707
"noise",1,246,FALSE,0.476831628512261,0.558676010116673
"noise",1,247,FALSE,0.301029995663981,0.451523560396911
"noise",1,248,FALSE,0.325823419002744,0.400361812139845
"noise",1,249,FALSE,0.586024382386976,0.479088030871881
"noise",1,250,FALSE,0.218535505216528,0.32524860678805
"noise",1,251,FALSE,0.0480531731156091,0.231704591610464
"noise",1,252,FALSE,0.378397900948138,0.557660489276451
"noise",1,253,FALSE,0.595275711802099,0.399159698277376
"noise",1,254,FALSE,0.398807730203264,0.458381116446683
"noise",1,255,TRUE,0.161368002234975,0.386362817257701
"noise",1,256,FALSE,0.456214155357989,0.478139720611112
"noise",1,257,FALSE,0.641126932803509,0.456423979915442
"noise",1,258,FALSE,0.54020429984206,0.354773557979435
"noise",1,259,FALSE,0.0328201494385639,0.207284212289505
"noise",1,260,FALSE,0.434888120867316,0.503683546602476
"noise",1,261,FALSE,0.332034277027518,0.49431987722929
"noise",1,262,FALSE,0.391816923613249,0.562277078146965
"noise",1,263,TRUE,0.347427598618541,0.370537302699951
"noise",1,264,FALSE,0.352182518111362,0.205191093863465
"noise",1,265,TRUE,0.154119525515847,0.235564043912619
"noise",1,266,FALSE,0.591398551281249,0.433600890221789
"noise",1,267,TRUE,0.315970345456918,0.43236945769753
"noise",1,268,FALSE,0.470410490975931,0.467840573738835
"noise",1,269,FALSE,0.826074802700826,0.785458518261776
"noise",1,270,FALSE,0.234264124378789,0.419152313165907
"noise",1,271,FALSE,0.504878459410216,0.469747944141243
"noise",1,272,FALSE,0.582744965691277,0.384363429938643
"noise",1,273,FALSE,0.542327382773974,0.505599606975395
"noise",1,274,FALSE,0.657055852857104,0.481125715619151
"noise",1,275,FALSE,0.328379603438738,0.369760749701469
"noise",1,276,FALSE,0.4679039465228,0.240617968888803
"noise",1,277,FALSE,0.331427296520743,0.459106944462776
"noise",1,278,FALSE,0.352664799651101,0.417669765264979
"noise",1,279,FALSE,0.437116093048079,0.296387671502899
"noise",1,280,FALSE,0.325043347403704,0.466032504256533
"noise",1,281,FALSE,0.749581734865559,0.436044560185802
"noise",1,282,FALSE,0.775319121829478,0.514675135073041
"noise",1,283,FALSE,0.817565369559781,0.483818039816094
"noise",1,284,FALSE,0.526442668529935,0.32483153563708
"noise",1,285,FALSE,0.682145076373832,0.546321328091064
"noise",1,286,FALSE,0.425534220498263,0.499795883681768
"noise",1,287,FALSE,0.659726095237792,0.523915046894706
"noise",1,288,FALSE,0.672097857935718,0.395002461287102
"noise",1,289,FALSE,0.534026106056135,0.441654601959596
"noise",1,290,FALSE,0.615950051656401,0.548923887456515
"noise",1,291,TRUE,0.262451089730429,0.447722616950456
"noise",2,1,TRUE,0.482873583608754,0.52353576131835
"noise",2,2,TRUE,0.496929648073215,0.497287100351441
"noise",2,3,TRUE,0.623042434246382,0.496612741062599
"noise",2,4,TRUE,0.523746466811564,0.442559330014771
"noise",2,5,TRUE,0.47567118832443,0.444213293679259
"noise",2,6,FALSE,0.469674772551798,0.376409673153574
"noise",2,7,FALSE,0.387389826338729,0.460805623064667
"noise",2,8,FALSE,0.627365856592733,0.397369382086976
"noise",2,9,FALSE,0.591064607026499,0.446587436432865
"noise",2,10,FALSE,0.218220304175545,0.330254465893593
"noise",2,11,TRUE,0.680335513414563,0.355780533139138
"noise",2,12,TRUE,0.680607428991788,0.349771643975931
"noise",2,13,FALSE,0.721810615212547,0.584595765070393
"noise",2,14,TRUE,0.20682587603185,0.345409138679381
"noise",2,15,TRUE,0.582063362911709,0.402232873763626
"noise",2,16,FALSE,0.696094159995223,0.537955082217185
"noise",2,17,TRUE,0.40823996531185,0.353500954202769
"noise",2,18,FALSE,0.433001340945038,0.460967723993504
"noise",2,19,FALSE,0.653212513775344,0.460931214013065
"noise",2,20,FALSE,0.558072259099146,0.454390533681605
"noise",2,21,FALSE,0.261928672990642,0.244985766909521
"noise",2,22,TRUE,0.637489729512511,0.475081558418125
"noise",2,23,FALSE,0.504878459410216,0.397981989141733
"noise",2,24,FALSE,0.286995073968852,0.400003358362946
"noise",2,25,TRUE,0.662757831681574,0.43865742384344
"noise",2,26,FALSE,0.524525936626376,0.47919689609136
"noise",2,27,TRUE,0.406540180433955,0.498425018619662
"noise",2,28,FALSE,0.656098202012832,0.517885290504028
"noise",2,29,FALSE,0.517987203025078,0.436711905720094
"noise",2,30,FALSE,0.703119346236078,0.597426833782447
"noise",2,31,FALSE,0.691081492122968,0.55929593635076
"noise",2,32,FALSE,0.0141423615450058,0.417631565218883
"noise",2,33,FALSE,0.733197265106569,0.66069450080333
"noise",2,34,FALSE,0.408070285887185,0.445495947626965
"noise",2,35,FALSE,0.396024896608593,0.461933510362221
"noise",2,36,FALSE,0.398391440229475,0.504080550262615
"noise",2,37,FALSE,0.770852011642144,0.503068743022335
"noise",2,38,TRUE,0.15836249209525,0.354503008786927
"noise",2,39,FALSE,0.625415352154408,0.52697485323035
"noise",2,40,FALSE,0.496334505996816,0.492380430760712
"noise",2,41,FALSE,0.679427896612119,0.593799185239257
"noise",2,42,FALSE,0.610116955411928,0.546537001386624
"noise",2,43,FALSE,0.645913275033844,0.47951150500071
"noise",2,44,FALSE,0.465382851448418,0.433289696088239
"noise",2,45,FALSE,0.569490954348783,0.512661647260768
"noise",2,46,FALSE,0.187520720836463,0.344888538432266
"noise",2,47,FALSE,0.465813957269479,0.484896210599599
"noise",2,48,FALSE,0.231214647962601,0.489310529515828
"noise",2,49,FALSE,0.670802284260944,0.594892300635726
"noise",2,50,FALSE,0.459935016851525,0.523073258703348
"noise",2,51,FALSE,0.287129620719111,0.410353488197215
"noise",2,52,FALSE,0.6232492903979,0.508354729985285
"noise",2,53,FALSE,0.8109042806687,0.641615451886969
"noise",2,54,TRUE,0.354108439147401,0.454826803757969
"noise",2,55,FALSE,0.129141845792285,0.410528339483913
"noise",2,56,FALSE,0.244969460136198,0.411139284249684
"noise",2,57,FALSE,0.364363354615731,0.412389378240051
"noise",2,58,TRUE,0.334212409393176,0.424625249509622
"noise",2,59,FALSE,0.489677291663699,0.561086913894555
"noise",2,60,FALSE,0.525304009958239,0.453591487544533
"noise",2,61,TRUE,0.406540180433955,0.40847355670189
"noise",2,62,FALSE,0.335457900689384,0.53699698539248
"noise",2,63,FALSE,0.419873175149476,0.517121194024396
"noise",2,64,FALSE,0.397227181043161,0.561923722997901
"noise",2,65,TRUE,0.59659709562646,0.568421149483663
"noise",2,66,FALSE,0.260071387985075,0.43600983007968
"noise",2,67,FALSE,0.489466281303128,0.59545247820357
"noise",2,68,FALSE,0.544018407858776,0.687583886086861
"noise",2,69,FALSE,0.665205628434601,0.634050087549179
"noise",2,70,FALSE,0.537819095073274,0.546485904904445
"noise",2,71,FALSE,0.501059262217751,0.512310451960377
"noise",2,72,FALSE,0.415699348887829,0.444442169763235
"noise",2,73,TRUE,0.298853076409707,0.44429351597669
"noise",2,74,TRUE,0.289365951520032,0.397188090285444
"noise",2,75,FALSE,0.497620649781288,0.351866990596159
"noise",2,76,TRUE,0.778151250383644,0.453259135770363
"noise",2,77,TRUE,0.260071387985075,0.388363944373991
"noise",2,78,FALSE,0.367542273520577,0.481606314055184
"noise",2,79,FALSE,0.534026106056135,0.46849621414061
"noise",2,80,FALSE,0.287129620719111,0.293081345288219
"noise",2,81,FALSE,0.469822015978163,0.3959111894925
"noise",2,82,TRUE,0.399673721481038,0.36008789389684
"noise",2,83,FALSE,0.307496037913213,0.287664934631694
"noise",2,84,TRUE,0.322219294733919,0.374859687769147
"noise",2,85,FALSE,0.247236549506764,0.408995569066587
"noise",2,86,FALSE,0.6232492903979,0.459773560459125
"noise",2,87,TRUE,0.429752280002408,0.374523805771294
"noise",2,88,TRUE,0.566943971856554,0.445011285538532
"noise",2,89,FALSE,0.605951157564873,0.541995630783929
"noise",2,90,FALSE,0.265996370495079,0.48166590599324
"noise",2,91,FALSE,0.555215405126073,0.387415208227098
"noise",2,92,FALSE,0.638489256954637,0.494883369772568
"noise",2,93,FALSE,0.528145078253106,0.560940514622212
"noise",2,94,FALSE,0.227552503379865,0.556429505136446
"noise",2,95,FALSE,0.430075055551939,0.5244616690724
"noise",2,96,FALSE,0.184549481320698,0.379746326427423
"noise",2,97,FALSE,0.472537053262077,0.483694312548951
"noise",2,98,FALSE,0.60616631460762,0.418696825208591
"noise",2,99,FALSE,0.685553652846326,0.606162314485074
"noise",2,100,TRUE,0.296665190261531,0.47153845305912
"noise",2,101,FALSE,0.491361693834273,0.551245194222644
"noise",2,102,FALSE,0.513217600067939,0.364696047940983
"noise",2,103,TRUE,0.64738297011462,0.359690773405939
"noise",2,104,FALSE,0.491361693834273,0.480720151729528
"noise",2,105,FALSE,0.406028944963615,0.485825816162932
"noise",2,106,FALSE,0.752025387323213,0.50431217505247
"noise",2,107,TRUE,0.6414741105041,0.521178037661894
"noise",2,108,FALSE,0.416307587059883,0.564397817305945
"noise",2,109,FALSE,0.966610986681934,0.773867619150454
"noise",2,110,FALSE,0.188647295999717,0.298827253132834
"noise",2,111,FALSE,0.708335902682263,0.471506915967522
"noise",2,112,FALSE,0.685741738602264,0.784595859870481
"noise",2,113,FALSE,0.559308010907013,0.522672567377484
"noise",2,114,FALSE,0.355259905527378,0.447769933244642
"noise",2,115,FALSE,0.187520720836463,0.345199906063514
"noise",2,116,TRUE,0.569373909615046,0.443564904074531
"noise",2,117,FALSE,0.572523097849638,0.585774628866819
"noise",2,118,FALSE,0.538070787043172,0.524594795402542
"noise",2,119,FALSE,0.374748346010104,0.399155497623114
"noise",2,120,FALSE,0.294686624279443,0.36289453271703
"noise",2,121,FALSE,0.432969290874406,0.4563233686818
"noise",2,122,TRUE,0.320146286111054,0.617002684857116
"noise",2,123,FALSE,0.574262829707027,0.45442014823423
"noise",2,124,FALSE,0.610234175334389,0.597638859504552
"noise",2,125,FALSE,0.173186268412274,0.30109262091001
"noise",2,126,FALSE,0.314499227973151,0.42230718601609
"noise",2,127,FALSE,0.753330221324521,0.555370578846874
"noise",2,128,FALSE,0.338456493604605,0.46607436775839
"noise",2,129,TRUE,0.0253058652647703,0.346496734716558
"noise",2,130,FALSE,0.21045229296202,0.385935809879812
"noise",2,131,FALSE,0.440121603187804,0.470084099045086
"noise",2,132,TRUE,0.181872159010334,0.450496296761995
"noise",2,133,FALSE,0.761326322421457,0.582147549944775
"noise",2,134,FALSE,0.188084373714938,0.4513301970106
"noise",2,135,FALSE,0.662757831681574,0.42206310729729
"noise",2,136,FALSE,0.409425868671443,0.485715748374866
"noise",2,137,FALSE,0.387389826338729,0.365714634845108
"noise",2,138,FALSE,0.256236533205923,0.443031153615931
"noise",2,139,FALSE,0.381656482585787,0.442970727183145
"noise",2,140,FALSE,0.43568513794163,0.480797446344962
"noise",2,141,FALSE,0.190331698170291,0.423658879755343
"noise",2,142,TRUE,0.123851640967086,0.460938400410015
"noise",2,143,FALSE,0.208978517276253,0.442926700862844
"noise",2,144,TRUE,0.506505032404872,0.421658933606753
"noise",2,145,FALSE,0.390935107103379,0.450894421644085
"noise",2,146,FALSE,0.442479769064449,0.476481429286476
"noise",2,147,FALSE,0.417139409727326,0.475717348949168
"noise",2,148,FALSE,0.260071387985075,0.351740483246313
"noise",2,149,TRUE,0.308777773664721,0.42363682213269
"noise",2,150,FALSE,0.583198773968623,0.45936880647304
"noise",2,151,TRUE,0.456062224454951,0.436156690683794
"noise",2,152,FALSE,0.370698092575577,0.335138504414832
"noise",2,153,FALSE,0.639486489268586,0.603385819528269
"noise",2,154,FALSE,0.777412321496744,0.47512623519485
"noise",2,155,TRUE,0.590284403718162,0.477700056541362
"noise",2,156,FALSE,0.618215503279417,0.505437628067132
"noise",2,157,FALSE,0.224533062606086,0.603676991675453
"noise",2,158,FALSE,0.234010817587179,0.327140818021477
"noise",2,159,FALSE,0.595826777073223,0.428668831049637
"noise",2,160,TRUE,0.612783856719735,0.473940028109569
"noise",2,161,FALSE,0.581266805273671,0.558805150654092
"noise",2,162,FALSE,0.588383768378728,0.554928662321081
"noise",2,163,FALSE,0.108226656374928,0.445088263035453
"noise",2,164,TRUE,0.381115080709851,0.393485889772449
"noise",2,165,FALSE,0.255272505103306,0.543401448234287
"noise",2,166,FALSE,0.680879174426811,0.571825686389812
"noise",2,167,FALSE,0.564784384503987,0.532708315623817
"noise",2,168,TRUE,0.526339277389844,0.395898451105036
"noise",2,169,FALSE,0.294466226161593,0.439299873911213
"noise",2,170,FALSE,0.612783856719735,0.461779126350592
"noise",2,171,FALSE,0.5182506513085,0.572954056476744
"noise",2,172,FALSE,0.442949869577862,0.403216312472932
"noise",2,173,FALSE,0.505149978319906,0.481130473459149
"noise",2,174,FALSE,0.305995882770805,0.412044887755544
"noise",2,175,TRUE,0.612783856719735,0.465190840536902
"noise",2,176,TRUE,0.204119982655925,0.379608466592358
"noise",2,177,FALSE,0.677333151419902,0.414328486035387
"noise",2,178,FALSE,0.345961541813141,0.496266386743894
"noise",2,179,FALSE,0.361160995195026,0.465414098886468
"noise",2,180,TRUE,0.127104798364808,0.133704092348438
"noise",2,181,FALSE,0.514547752660286,0.303720749182163
"noise",2,182,FALSE,0.362350507594848,0.509607277344897
"noise",2,183,FALSE,0.662757831681574,0.491368182099393
"noise",2,184,FALSE,0.313867220369153,0.410377076070841
"noise",2,185,FALSE,0.839666556882433,0.476603522492583
"noise",2,186,FALSE,0.16999753706657,0.366817300558596
"noise",2,187,FALSE,0.129367595722986,0.213059354938251
"noise",2,188,FALSE,0.36078268987328,0.34129335808255
"noise",2,189,FALSE,0.429106008332697,0.462716863847298
"noise",2,190,FALSE,0.702602841340427,0.557507284097494
"noise",2,191,FALSE,0.571708831808688,0.464765289982589
"noise",2,192,FALSE,0.343920385393226,0.319104631711727
"noise",2,193,FALSE,0.695131297704026,0.535124499312204
"noise",2,194,FALSE,0.629409599102719,0.532667779398761
"noise",2,195,FALSE,0.414973347970818,0.402459189150668
"noise",2,196,FALSE,0.276231957921834,0.420476663196861
"noise",2,197,FALSE,0.531478917042255,0.501495616520415
"noise",2,198,FALSE,0.236789099409293,0.412389969721252
"noise",2,199,FALSE,0.756407872548958,0.775649126229265
"noise",2,200,FALSE,0.718750734739665,0.569160577325861
"noise",2,201,FALSE,0.515211304327802,0.446586086743432
"noise",2,202,TRUE,0.3654879848909,0.315823916243741
"noise",2,203,TRUE,0.344392273685111,0.415097115464176
"noise",2,204,FALSE,0.196728722623287,0.449403019260536
"noise",2,205,FALSE,0.392696953259666,0.42995490822218
"noise",2,206,FALSE,0.365394376854778,0.472928372160796
"noise",2,207,TRUE,0.389166084364532,0.437883343375776
"noise",2,208,FALSE,0.653212513775344,0.46267610918747
"noise",2,209,FALSE,0.440594261839831,0.397222252860808
"noise",2,210,TRUE,0.202215775801131,0.434546926662272
"noise",2,211,FALSE,0.48572142648158,0.400827334010883
"noise",2,212,FALSE,0.244277120801843,0.517507119817569
"noise",2,213,FALSE,0.372727940885595,0.532525009986406
"noise",2,214,FALSE,0.52244423350632,0.492145753563995
"noise",2,215,FALSE,0.257678574869184,0.427904904634488
"noise",2,216,FALSE,0.384353414137506,0.545957914345214
"noise",2,217,FALSE,0.335858911319818,0.463250486320389
"noise",2,218,FALSE,0.555094448578319,0.503690963603844
"noise",2,219,FALSE,0.271841606536499,0.492721792634443
"noise",2,220,FALSE,0.471291711058939,0.441524705404286
"noise",2,221,TRUE,0.294906910605192,0.486275670978293
"noise",2,222,FALSE,0.655138434811382,0.585843126211868
"noise",2,223,FALSE,0.528916700277655,0.519465449057853
"noise",2,224,FALSE,0.777426822389311,0.485174958609935
"noise",2,225,TRUE,0.191730393362856,0.454267954818909
"noise",2,226,FALSE,0.239549720840473,0.433813766581766
"noise",2,227,TRUE,0.582404298019028,0.523010537548721
"noise",2,228,TRUE,0.569373909615046,0.376751976665895
"noise",2,229,FALSE,0.334252642334231,0.412979438756196
"noise",2,230,FALSE,0.406369835469268,0.507280425509438
"noise",2,231,FALSE,0.0597526942092988,0.384776519863641
"noise",2,232,TRUE,0.472463896606989,0.490023380232741
"noise",2,233,FALSE,0.666985718329661,0.455234195969862
"noise",2,234,FALSE,0.65417654187796,0.511896314443455
"noise",2,235,FALSE,0.259593878885949,0.45500461925564
"noise",2,236,FALSE,0.527114111639805,0.584925533433983
"noise",2,237,TRUE,0.367169488534681,0.397308958689418
"noise",2,238,TRUE,0.19228861256812,0.385745513843466
"noise",2,239,FALSE,0.478566495593843,0.342107891503818
"noise",2,240,FALSE,0.253580289562183,0.437447735455122
"noise",2,241,FALSE,0.27554168840131,0.385975717691346
"noise",2,242,FALSE,0.532627001228891,0.31527646103467
"noise",2,243,TRUE,0.542451947375977,0.403947491343434
"noise",2,244,FALSE,0.381836799998343,0.428651206299631
"noise",2,245,TRUE,0.511616020569138,0.531401947038829
"noise",2,246,FALSE,0.476831628512261,0.559867194579259
"noise",2,247,FALSE,0.301029995663981,0.476550899934974
"noise",2,248,FALSE,0.325823419002744,0.401122190028906
"noise",2,249,FALSE,0.586024382386976,0.456197293584749
"noise",2,250,FALSE,0.218535505216528,0.278513614766446
"noise",2,251,FALSE,0.0480531731156091,0.204520520998974
"noise",2,252,FALSE,0.378397900948138,0.556313518988142
"noise",2,253,FALSE,0.595275711802099,0.429955455682658
"noise",2,254,FALSE,0.398807730203264,0.455983941061202
"noise",2,255,TRUE,0.161368002234975,0.352623310108501
"noise",2,256,FALSE,0.456214155357989,0.462857291971383
"noise",2,257,FALSE,0.641126932803509,0.48004485164458
"noise",2,258,FALSE,0.54020429984206,0.387906571938664
"noise",2,259,FALSE,0.0328201494385639,0.201231214892783
"noise",2,260,FALSE,0.434888120867316,0.518876512903269
"noise",2,261,FALSE,0.332034277027518,0.525038301555881
"noise",2,262,FALSE,0.391816923613249,0.57209191480169
"noise",2,263,TRUE,0.347427598618541,0.361096208651996
"noise",2,264,FALSE,0.352182518111362,0.255393801834377
"noise",2,265,TRUE,0.154119525515847,0.236296165896648
"noise",2,266,FALSE,0.591398551281249,0.439046034250829
"noise",2,267,TRUE,0.315970345456918,0.423259943481628
"noise",2,268,FALSE,0.470410490975931,0.468512994868741
"noise",2,269,FALSE,0.826074802700826,0.769877566697453
"noise",2,270,FALSE,0.234264124378789,0.408116180369804
"noise",2,271,FALSE,0.504878459410216,0.444761497549857
"noise",2,272,FALSE,0.582744965691277,0.384969783132326
"noise",2,273,FALSE,0.542327382773974,0.514533386237593
"noise",2,274,FALSE,0.657055852857104,0.465168010009558
"noise",2,275,FALSE,0.328379603438738,0.367162856908291
"noise",2,276,FALSE,0.4679039465228,0.204555394450502
"noise",2,277,FALSE,0.331427296520743,0.47037414901329
"noise",2,278,FALSE,0.352664799651101,0.420261137416526
"noise",2,279,FALSE,0.437116093048079,0.270436321946523
"noise",2,280,FALSE,0.325043347403704,0.402937726485567
"noise",2,281,FALSE,0.749581734865559,0.435833286658007
"noise",2,282,FALSE,0.775319121829478,0.511537707086657
"noise",2,283,FALSE,0.817565369559781,0.501119827309997
"noise",2,284,FALSE,0.526442668529935,0.360086776210975
"noise",2,285,FALSE,0.682145076373832,0.53234966800242
"noise",2,286,FALSE,0.425534220498263,0.512881424680044
"noise",2,287,FALSE,0.659726095237792,0.492978099784053
"noise",2,288,FALSE,0.672097857935718,0.389529900850857
"noise",2,289,FALSE,0.534026106056135,0.445663661705842
"noise",2,290,FALSE,0.615950051656401,0.568990000514751
"noise",2,291,TRUE,0.262451089730429,0.459609067831719
"noise",3,1,TRUE,0.482873583608754,0.528545918329908
"noise",3,2,TRUE,0.496929648073215,0.479051077837644
"noise",3,3,TRUE,0.623042434246382,0.473302053642433
"noise",3,4,TRUE,0.523746466811564,0.460083494477509
"noise",3,5,TRUE,0.47567118832443,0.443120748992732
"noise",3,6,FALSE,0.469674772551798,0.379649922022251
"noise",3,7,FALSE,0.387389826338729,0.458010949638686
"noise",3,8,FALSE,0.627365856592733,0.406084264732118
"noise",3,9,FALSE,0.591064607026499,0.473945083891087
"noise",3,10,FALSE,0.218220304175545,0.332578279404102
"noise",3,11,TRUE,0.680335513414563,0.368863287354361
"noise",3,12,TRUE,0.680607428991788,0.37068359219657
"noise",3,13,FALSE,0.721810615212547,0.580528281172275
"noise",3,14,TRUE,0.20682587603185,0.347637132304535
"noise",3,15,TRUE,0.582063362911709,0.387428902021675
"noise",3,16,FALSE,0.696094159995223,0.569499695539439
"noise",3,17,TRUE,0.40823996531185,0.389280315940526
"noise",3,18,FALSE,0.433001340945038,0.466689600697399
"noise",3,19,FALSE,0.653212513775344,0.479360734703362
"noise",3,20,FALSE,0.558072259099146,0.464820127179982
"noise",3,21,FALSE,0.261928672990642,0.235120676064943
"noise",3,22,TRUE,0.637489729512511,0.457198260744121
"noise",3,23,FALSE,0.504878459410216,0.393267184513765
"noise",3,24,FALSE,0.286995073968852,0.417255940748536
"noise",3,25,TRUE,0.662757831681574,0.459968890557286
"noise",3,26,FALSE,0.524525936626376,0.499956051200087
"noise",3,27,TRUE,0.406540180433955,0.509405774165016
"noise",3,28,FALSE,0.656098202012832,0.532182368188942
"noise",3,29,FALSE,0.517987203025078,0.429157409642544
"noise",3,30,FALSE,0.703119346236078,0.574323528304389
"noise",3,31,FALSE,0.691081492122968,0.549567557596114
"noise",3,32,FALSE,0.0141423615450058,0.428256327070911
"noise",3,33,FALSE,0.733197265106569,0.658330724923427
"noise",3,34,FALSE,0.408070285887185,0.429487054443518
"noise",3,35,FALSE,0.396024896608593,0.462431178750381
"noise",3,36,FALSE,0.398391440229475,0.479887082377961
"noise",3,37,FALSE,0.770852011642144,0.535531079308105
"noise",3,38,TRUE,0.15836249209525,0.359588061643458
"noise",3,39,FALSE,0.625415352154408,0.511237872961074
"noise",3,40,FALSE,0.496334505996816,0.484305130694248
"noise",3,41,FALSE,0.679427896612119,0.579601837824604
"noise",3,42,FALSE,0.610116955411928,0.53829731218275
"noise",3,43,FALSE,0.645913275033844,0.474815548599594
"noise",3,44,FALSE,0.465382851448418,0.433763353359359
"noise",3,45,FALSE,0.569490954348783,0.523133207094284
"noise",3,46,FALSE,0.187520720836463,0.321628765620628
"noise",3,47,FALSE,0.465813957269479,0.492360380165079
"noise",3,48,FALSE,0.231214647962601,0.528378238915414
"noise",3,49,FALSE,0.670802284260944,0.611264648995468
"noise",3,50,FALSE,0.459935016851525,0.526164839738453
"noise",3,51,FALSE,0.287129620719111,0.451680645647833
"noise",3,52,FALSE,0.6232492903979,0.498749589651362
"noise",3,53,FALSE,0.8109042806687,0.65289277442248
"noise",3,54,TRUE,0.354108439147401,0.440063725273539
"noise",3,55,FALSE,0.129141845792285,0.426333512314846
"noise",3,56,FALSE,0.244969460136198,0.400195119336975
"noise",3,57,FALSE,0.364363354615731,0.408278947837532
"noise",3,58,TRUE,0.334212409393176,0.395845581025082
"noise",3,59,FALSE,0.489677291663699,0.597638537454835
"noise",3,60,FALSE,0.525304009958239,0.479243758448368
"noise",3,61,TRUE,0.406540180433955,0.414553558121888
"noise",3,62,FALSE,0.335457900689384,0.509123196104869
"noise",3,63,FALSE,0.419873175149476,0.493459846757933
"noise",3,64,FALSE,0.397227181043161,0.549349236385816
"noise",3,65,TRUE,0.59659709562646,0.578119013829551
"noise",3,66,FALSE,0.260071387985075,0.44395479151873
"noise",3,67,FALSE,0.489466281303128,0.590985565400364
"noise",3,68,FALSE,0.544018407858776,0.715173837326762
"noise",3,69,FALSE,0.665205628434601,0.62815063464479
"noise",3,70,FALSE,0.537819095073274,0.560096297191412
"noise",3,71,FALSE,0.501059262217751,0.510945850440159
"noise",3,72,FALSE,0.415699348887829,0.419105128972036
"noise",3,73,TRUE,0.298853076409707,0.431421647278381
"noise",3,74,TRUE,0.289365951520032,0.385609042801314
"noise",3,75,FALSE,0.497620649781288,0.346270704711596
"noise",3,76,TRUE,0.778151250383644,0.425155786811748
"noise",3,77,TRUE,0.260071387985075,0.379660713476646
"noise",3,78,FALSE,0.367542273520577,0.480958322629537
"noise",3,79,FALSE,0.534026106056135,0.469177233507792
"noise",3,80,FALSE,0.287129620719111,0.293450201009852
"noise",3,81,FALSE,0.469822015978163,0.403682345943436
"noise",3,82,TRUE,0.399673721481038,0.323099746246045
"noise",3,83,FALSE,0.307496037913213,0.286863832330798
"noise",3,84,TRUE,0.322219294733919,0.345755271771676
"noise",3,85,FALSE,0.247236549506764,0.422639444569097
"noise",3,86,FALSE,0.6232492903979,0.473125880747112
"noise",3,87,TRUE,0.429752280002408,0.367649267087801
"noise",3,88,TRUE,0.566943971856554,0.459080407749849
"noise",3,89,FALSE,0.605951157564873,0.519767660538725
"noise",3,90,FALSE,0.265996370495079,0.509722508508769
"noise",3,91,FALSE,0.555215405126073,0.383543631457998
"noise",3,92,FALSE,0.638489256954637,0.505023277130718
"noise",3,93,FALSE,0.528145078253106,0.617552248100098
"noise",3,94,FALSE,0.227552503379865,0.545385029000588
"noise",3,95,FALSE,0.430075055551939,0.507412373628082
"noise",3,96,FALSE,0.184549481320698,0.37271749665724
"noise",3,97,FALSE,0.472537053262077,0.493903553365919
"noise",3,98,FALSE,0.60616631460762,0.435876197777979
"noise",3,99,FALSE,0.685553652846326,0.579965881445138
"noise",3,100,TRUE,0.296665190261531,0.463005238607852
"noise",3,101,FALSE,0.491361693834273,0.559226149021029
"noise",3,102,FALSE,0.513217600067939,0.392056351373603
"noise",3,103,TRUE,0.64738297011462,0.430968130373462
"noise",3,104,FALSE,0.491361693834273,0.477677413238928
"noise",3,105,FALSE,0.406028944963615,0.438250524163035
"noise",3,106,FALSE,0.752025387323213,0.493649410900413
"noise",3,107,TRUE,0.6414741105041,0.516212763808933
"noise",3,108,FALSE,0.416307587059883,0.550512942348655
"noise",3,109,FALSE,0.966610986681934,0.830598115127803
"noise",3,110,FALSE,0.188647295999717,0.302544427269658
"noise",3,111,FALSE,0.708335902682263,0.486655299099388
"noise",3,112,FALSE,0.685741738602264,0.775496143299259
"noise",3,113,FALSE,0.559308010907013,0.525463591168956
"noise",3,114,FALSE,0.355259905527378,0.434628110746649
"noise",3,115,FALSE,0.187520720836463,0.359756617810592
"noise",3,116,TRUE,0.569373909615046,0.433035574241354
"noise",3,117,FALSE,0.572523097849638,0.551870655224268
"noise",3,118,FALSE,0.538070787043172,0.53980248232751
"noise",3,119,FALSE,0.374748346010104,0.424477872700897
"noise",3,120,FALSE,0.294686624279443,0.359929907537112
"noise",3,121,FALSE,0.432969290874406,0.472812945433557
"noise",3,122,TRUE,0.320146286111054,0.603616119909519
"noise",3,123,FALSE,0.574262829707027,0.459369594024735
"noise",3,124,FALSE,0.610234175334389,0.603887128228257
"noise",3,125,FALSE,0.173186268412274,0.282207096905824
"noise",3,126,FALSE,0.314499227973151,0.437658570050819
"noise",3,127,FALSE,0.753330221324521,0.598658648643321
"noise",3,128,FALSE,0.338456493604605,0.460876414534433
"noise",3,129,TRUE,0.0253058652647703,0.351453565416512
"noise",3,130,FALSE,0.21045229296202,0.381028822234299
"noise",3,131,FALSE,0.440121603187804,0.435810565332877
"noise",3,132,TRUE,0.181872159010334,0.475544529698602
"noise",3,133,FALSE,0.761326322421457,0.572198464604563
"noise",3,134,FALSE,0.188084373714938,0.459674171069376
"noise",3,135,FALSE,0.662757831681574,0.413286124928639
"noise",3,136,FALSE,0.409425868671443,0.489104895131973
"noise",3,137,FALSE,0.387389826338729,0.351808494644001
"noise",3,138,FALSE,0.256236533205923,0.445768868101278
"noise",3,139,FALSE,0.381656482585787,0.468749284796673
"noise",3,140,FALSE,0.43568513794163,0.4875069481695
"noise",3,141,FALSE,0.190331698170291,0.437683588225826
"noise",3,142,TRUE,0.123851640967086,0.482861367765084
"noise",3,143,FALSE,0.208978517276253,0.441365080146492
"noise",3,144,TRUE,0.506505032404872,0.427747406784434
"noise",3,145,FALSE,0.390935107103379,0.44696640960302
"noise",3,146,FALSE,0.442479769064449,0.500636000663391
"noise",3,147,FALSE,0.417139409727326,0.414446461174918
"noise",3,148,FALSE,0.260071387985075,0.371874614173843
"noise",3,149,TRUE,0.308777773664721,0.448940787317602
"noise",3,150,FALSE,0.583198773968623,0.433118390361264
"noise",3,151,TRUE,0.456062224454951,0.436838493316848
"noise",3,152,FALSE,0.370698092575577,0.396282718417531
"noise",3,153,FALSE,0.639486489268586,0.627751828929876
"noise",3,154,FALSE,0.777412321496744,0.465764998413564
"noise",3,155,TRUE,0.590284403718162,0.443813998105064
"noise",3,156,FALSE,0.618215503279417,0.459678198490763
"noise",3,157,FALSE,0.224533062606086,0.543588576095154
"noise",3,158,FALSE,0.234010817587179,0.309885771487346
"noise",3,159,FALSE,0.595826777073223,0.432334593900713
"noise",3,160,TRUE,0.612783856719735,0.476861945044552
"noise",3,161,FALSE,0.581266805273671,0.573661162872664
"noise",3,162,FALSE,0.588383768378728,0.567865304071119
"noise",3,163,FALSE,0.108226656374928,0.407925355474191
"noise",3,164,TRUE,0.381115080709851,0.37748449058275
"noise",3,165,FALSE,0.255272505103306,0.540142439183313
"noise",3,166,FALSE,0.680879174426811,0.553156153950495
"noise",3,167,FALSE,0.564784384503987,0.507376309289973
"noise",3,168,TRUE,0.526339277389844,0.371634370104707
"noise",3,169,FALSE,0.294466226161593,0.43813874456986
"noise",3,170,FALSE,0.612783856719735,0.438549773235627
"noise",3,171,FALSE,0.5182506513085,0.564043023507091
"noise",3,172,FALSE,0.442949869577862,0.387433298153667
"noise",3,173,FALSE,0.505149978319906,0.483075207816569
"noise",3,174,FALSE,0.305995882770805,0.415027357529187
"noise",3,175,TRUE,0.612783856719735,0.482892378812348
"noise",3,176,TRUE,0.204119982655925,0.378444879003201
"noise",3,177,FALSE,0.677333151419902,0.422940328042618
"noise",3,178,FALSE,0.345961541813141,0.430419760526035
"noise",3,179,FALSE,0.361160995195026,0.450934891164283
"noise",3,180,TRUE,0.127104798364808,0.177335239349716
"noise",3,181,FALSE,0.514547752660286,0.295643299952232
"noise",3,182,FALSE,0.362350507594848,0.498823298120368
"noise",3,183,FALSE,0.662757831681574,0.46093264022658
"noise",3,184,FALSE,0.313867220369153,0.396396215022822
"noise",3,185,FALSE,0.839666556882433,0.505294355265109
"noise",3,186,FALSE,0.16999753706657,0.379603373142878
"noise",3,187,FALSE,0.129367595722986,0.235708427519377
"noise",3,188,FALSE,0.36078268987328,0.30586750103705
"noise",3,189,FALSE,0.429106008332697,0.47124017148577
"noise",3,190,FALSE,0.702602841340427,0.541843120898891
"noise",3,191,FALSE,0.571708831808688,0.490681735914531
"noise",3,192,FALSE,0.343920385393226,0.325880318257081
"noise",3,193,FALSE,0.695131297704026,0.520936940193626
"noise",3,194,FALSE,0.629409599102719,0.545903711068663
"noise",3,195,FALSE,0.414973347970818,0.412921050782341
"noise",3,196,FALSE,0.276231957921834,0.415480273096708
"noise",3,197,FALSE,0.531478917042255,0.50606250495239
"noise",3,198,FALSE,0.236789099409293,0.415567599906779
"noise",3,199,FALSE,0.756407872548958,0.789028219016
"noise",3,200,FALSE,0.718750734739665,0.575721055221415
"noise",3,201,FALSE,0.515211304327802,0.438507867009986
"noise",3,202,TRUE,0.3654879848909,0.316552451496473
"noise",3,203,TRUE,0.344392273685111,0.437547175022955
"noise",3,204,FALSE,0.196728722623287,0.460845787725473
"noise",3,205,FALSE,0.392696953259666,0.410310844699178
"noise",3,206,FALSE,0.365394376854778,0.466832374394995
"noise",3,207,TRUE,0.389166084364532,0.444118521653129
"noise",3,208,FALSE,0.653212513775344,0.457216181488399
"noise",3,209,FALSE,0.440594261839831,0.35569230210107
"noise",3,210,TRUE,0.202215775801131,0.429390886263792
"noise",3,211,FALSE,0.48572142648158,0.400224067403224
"noise",3,212,FALSE,0.244277120801843,0.535509381946282
"noise",3,213,FALSE,0.372727940885595,0.496068930226492
"noise",3,214,FALSE,0.52244423350632,0.486153382349696
"noise",3,215,FALSE,0.257678574869184,0.429482477503999
"noise",3,216,FALSE,0.384353414137506,0.529909610653074
"noise",3,217,FALSE,0.335858911319818,0.473006043160341
"noise",3,218,FALSE,0.555094448578319,0.506208150617385
"noise",3,219,FALSE,0.271841606536499,0.47616881133383
"noise",3,220,FALSE,0.471291711058939,0.434790712169673
"noise",3,221,TRUE,0.294906910605192,0.486860152598002
"noise",3,222,FALSE,0.655138434811382,0.543328075311686
"noise",3,223,FALSE,0.528916700277655,0.519943127774939
"noise",3,224,FALSE,0.777426822389311,0.491906089337261
"noise",3,225,TRUE,0.191730393362856,0.435071812568982
"noise",3,226,FALSE,0.239549720840473,0.456497100116159
"noise",3,227,TRUE,0.582404298019028,0.540423518824471
"noise",3,228,TRUE,0.569373909615046,0.384219338054518
"noise",3,229,FALSE,0.334252642334231,0.388347821908661
"noise",3,230,FALSE,0.406369835469268,0.469017184608354
"noise",3,231,FALSE,0.0597526942092988,0.39565137056151
"noise",3,232,TRUE,0.472463896606989,0.492912926890892
"noise",3,233,FALSE,0.666985718329661,0.453282746868119
"noise",3,234,FALSE,0.65417654187796,0.516047488887989
"noise",3,235,FALSE,0.259593878885949,0.460653122052916
"noise",3,236,FALSE,0.527114111639805,0.561528705731254
"noise",3,237,TRUE,0.367169488534681,0.402084625094463
"noise",3,238,TRUE,0.19228861256812,0.387117543809219
"noise",3,239,FALSE,0.478566495593843,0.3539887078382
"noise",3,240,FALSE,0.253580289562183,0.441117760035371
"noise",3,241,FALSE,0.27554168840131,0.395784738307685
"noise",3,242,FALSE,0.532627001228891,0.358227425389974
"noise",3,243,TRUE,0.542451947375977,0.389575708567272
"noise",3,244,FALSE,0.381836799998343,0.421493599041248
"noise",3,245,TRUE,0.511616020569138,0.517168689435964
"noise",3,246,FALSE,0.476831628512261,0.572010361162716
"noise",3,247,FALSE,0.301029995663981,0.487960883368359
"noise",3,248,FALSE,0.325823419002744,0.401845858239692
"noise",3,249,FALSE,0.586024382386976,0.457774569952718
"noise",3,250,FALSE,0.218535505216528,0.289050592517288
"noise",3,251,FALSE,0.0480531731156091,0.215286978069617
"noise",3,252,FALSE,0.378397900948138,0.544975423225124
"noise",3,253,FALSE,0.595275711802099,0.401322502725013
"noise",3,254,FALSE,0.398807730203264,0.419809583847492
"noise",3,255,TRUE,0.161368002234975,0.365669972637074
"noise",3,256,FALSE,0.456214155357989,0.466599006324946
"noise",3,257,FALSE,0.641126932803509,0.479692451091765
"noise",3,258,FALSE,0.54020429984206,0.360004422202309
"noise",3,259,FALSE,0.0328201494385639,0.230049781277354
"noise",3,260,FALSE,0.434888120867316,0.508492147401919
"noise",3,261,FALSE,0.332034277027518,0.455616085725861
"noise",3,262,FALSE,0.391816923613249,0.584660072859438
"noise",3,263,TRUE,0.347427598618541,0.388970600319364
"noise",3,264,FALSE,0.352182518111362,0.255972473559724
"noise",3,265,TRUE,0.154119525515847,0.255610494972071
"noise",3,266,FALSE,0.591398551281249,0.420802864970375
"noise",3,267,TRUE,0.315970345456918,0.41056919437336
"noise",3,268,FALSE,0.470410490975931,0.475121319030812
"noise",3,269,FALSE,0.826074802700826,0.778382151108762
"noise",3,270,FALSE,0.234264124378789,0.412761962956802
"noise",3,271,FALSE,0.504878459410216,0.437983173236886
"noise",3,272,FALSE,0.582744965691277,0.388159777681135
"noise",3,273,FALSE,0.542327382773974,0.503969141325256
"noise",3,274,FALSE,0.657055852857104,0.481439081149292
"noise",3,275,FALSE,0.328379603438738,0.391464402912909
"noise",3,276,FALSE,0.4679039465228,0.211670636827245
"noise",3,277,FALSE,0.331427296520743,0.467848459913608
"noise",3,278,FALSE,0.352664799651101,0.398227191392054
"noise",3,279,FALSE,0.437116093048079,0.276294719600817
"noise",3,280,FALSE,0.325043347403704,0.401512421743484
"noise",3,281,FALSE,0.749581734865559,0.416604205668884
"noise",3,282,FALSE,0.775319121829478,0.51022784639585
"noise",3,283,FALSE,0.817565369559781,0.498391319040925
"noise",3,284,FALSE,0.526442668529935,0.329282346652537
"noise",3,285,FALSE,0.682145076373832,0.541117599647659
"noise",3,286,FALSE,0.425534220498263,0.50836279523301
"noise",3,287,FALSE,0.659726095237792,0.520398760810439
"noise",3,288,FALSE,0.672097857935718,0.406574780754175
"noise",3,289,FALSE,0.534026106056135,0.42696008310874
"noise",3,290,FALSE,0.615950051656401,0.554875242295648
"noise",3,291,TRUE,0.262451089730429,0.413047348053984
"cmixup",1,1,TRUE,0.482873583608754,0.527702417735771
"cmixup",1,2,TRUE,0.496929648073215,0.510107463376591
"cmixup",1,3,TRUE,0.623042434246382,0.534760217969901
"cmixup",1,4,TRUE,0.523746466811564,0.337180433664075
"cmixup",1,5,TRUE,0.47567118832443,0.49723583207371
"cmixup",1,6,FALSE,0.469674772551798,0.289866925267632
"cmixup",1,7,FALSE,0.387389826338729,0.471313755710507
"cmixup",1,8,FALSE,0.627365856592733,0.349008472661379
"cmixup",1,9,FALSE,0.591064607026499,0.449128244377092
"cmixup",1,10,FALSE,0.218220304175545,0.328491607835837
"cmixup",1,11,TRUE,0.680335513414563,0.408735806104891
"cmixup",1,12,TRUE,0.680607428991788,0.378416635108865
"cmixup",1,13,FALSE,0.721810615212547,0.580776456889009
"cmixup",1,14,TRUE,0.20682587603185,0.304862475940718
"cmixup",1,15,TRUE,0.582063362911709,0.351806912732315
"cmixup",1,16,FALSE,0.696094159995223,0.532458320196784
"cmixup",1,17,TRUE,0.40823996531185,0.325585654005497
"cmixup",1,18,FALSE,0.433001340945038,0.457051561462089
"cmixup",1,19,FALSE,0.653212513775344,0.46040951568489
"cmixup",1,20,FALSE,0.558072259099146,0.422372015601454
"cmixup",1,21,FALSE,0.261928672990642,0.102111099638329
"cmixup",1,22,TRUE,0.637489729512511,0.436495203932122
"cmixup",1,23,FALSE,0.504878459410216,0.383490408590457
"cmixup",1,24,FALSE,0.286995073968852,0.400771621625575
"cmixup",1,25,TRUE,0.662757831681574,0.465649374764931
"cmixup",1,26,FALSE,0.524525936626376,0.460443444245909
"cmixup",1,27,TRUE,0.406540180433955,0.497196133047994
"cmixup",1,28,FALSE,0.656098202012832,0.546839086765259
"cmixup",1,29,FALSE,0.517987203025078,0.371722550674293
"cmixup",1,30,FALSE,0.703119346236078,0.552245013684858
"cmixup",1,31,FALSE,0.691081492122968,0.567011195317964
"cmixup",1,32,FALSE,0.0141423615450058,0.377478657266022
"cmixup",1,33,FALSE,0.733197265106569,0.759440257319829
"cmixup",1,34,FALSE,0.408070285887185,0.446572382480478
"cmixup",1,35,FALSE,0.396024896608593,0.463291941326705
"cmixup",1,36,FALSE,0.398391440229475,0.492509191771525
"cmixup",1,37,FALSE,0.770852011642144,0.611879069768339
"cmixup",1,38,TRUE,0.15836249209525,0.250658467476854
"cmixup",1,39,FALSE,0.625415352154408,0.550904652715363
"cmixup",1,40,FALSE,0.496334505996816,0.498408297172508
"cmixup",1,41,FALSE,0.679427896612119,0.629504237696299
"cmixup",1,42,FALSE,0.610116955411928,0.542724166202295
"cmixup",1,43,FALSE,0.645913275033844,0.442719585757526
"cmixup",1,44,FALSE,0.465382851448418,0.433278142313667
"cmixup",1,45,FALSE,0.569490954348783,0.550887289960036
"cmixup",1,46,FALSE,0.187520720836463,0.18863550071674
"cmixup",1,47,FALSE,0.465813957269479,0.512371680168402
"cmixup",1,48,FALSE,0.231214647962601,0.563357022371679
"cmixup",1,49,FALSE,0.670802284260944,0.660509320734545
"cmixup",1,50,FALSE,0.459935016851525,0.528396265742501
"cmixup",1,51,FALSE,0.287129620719111,0.447812380344369
"cmixup",1,52,FALSE,0.6232492903979,0.525533616833752
"cmixup",1,53,FALSE,0.8109042806687,0.715369755199447
"cmixup",1,54,TRUE,0.354108439147401,0.446816712244622
"cmixup",1,55,FALSE,0.129141845792285,0.409875296506811
"cmixup",1,56,FALSE,0.244969460136198,0.275143605902714
"cmixup",1,57,FALSE,0.364363354615731,0.391814672740918
"cmixup",1,58,TRUE,0.334212409393176,0.415963463884977
"cmixup",1,59,FALSE,0.489677291663699,0.564789166467942
"cmixup",1,60,FALSE,0.525304009958239,0.448597866071565
"cmixup",1,61,TRUE,0.406540180433955,0.326476831486373
"cmixup",1,62,FALSE,0.335457900689384,0.564229141512252
"cmixup",1,63,FALSE,0.419873175149476,0.550885756871738
"cmixup",1,64,FALSE,0.397227181043161,0.566265385629418
"cmixup",1,65,TRUE,0.59659709562646,0.656517131398591
"cmixup",1,66,FALSE,0.260071387985075,0.43111053382122
"cmixup",1,67,FALSE,0.489466281303128,0.614739230069339
"cmixup",1,68,FALSE,0.544018407858776,0.744721612773112
"cmixup",1,69,FALSE,0.665205628434601,0.69826772257665
"cmixup",1,70,FALSE,0.537819095073274,0.619330759703587
"cmixup",1,71,FALSE,0.501059262217751,0.548379892101691
"cmixup",1,72,FALSE,0.415699348887829,0.435940901245567
"cmixup",1,73,TRUE,0.298853076409707,0.4087642180083
"cmixup",1,74,TRUE,0.289365951520032,0.367525079444615
"cmixup",1,75,FALSE,0.497620649781288,0.338822163737611
"cmixup",1,76,TRUE,0.778151250383644,0.53422136668276
"cmixup",1,77,TRUE,0.260071387985075,0.441319379067582
"cmixup",1,78,FALSE,0.367542273520577,0.511267433019924
"cmixup",1,79,FALSE,0.534026106056135,0.505397473181352
"cmixup",1,80,FALSE,0.287129620719111,0.236256730931851
"cmixup",1,81,FALSE,0.469822015978163,0.340348140808466
"cmixup",1,82,TRUE,0.399673721481038,0.393027782506742
"cmixup",1,83,FALSE,0.307496037913213,0.238112648640243
"cmixup",1,84,TRUE,0.322219294733919,0.327724926649029
"cmixup",1,85,FALSE,0.247236549506764,0.383035558842857
"cmixup",1,86,FALSE,0.6232492903979,0.453376116958592
"cmixup",1,87,TRUE,0.429752280002408,0.36665451906224
"cmixup",1,88,TRUE,0.566943971856554,0.435986415135303
"cmixup",1,89,FALSE,0.605951157564873,0.573431689529807
"cmixup",1,90,FALSE,0.265996370495079,0.520628814737741
"cmixup",1,91,FALSE,0.555215405126073,0.401812105403472
"cmixup",1,92,FALSE,0.638489256954637,0.512077170975998
"cmixup",1,93,FALSE,0.528145078253106,0.576733306907957
"cmixup",1,94,FALSE,0.227552503379865,0.556138204395637
"cmixup",1,95,FALSE,0.430075055551939,0.555251422873855
"cmixup",1,96,FALSE,0.184549481320698,0.338011473351451
"cmixup",1,97,FALSE,0.472537053262077,0.512784452548314
"cmixup",1,98,FALSE,0.60616631460762,0.484511934359859
"cmixup",1,99,FALSE,0.685553652846326,0.634904564323914
"cmixup",1,100,TRUE,0.296665190261531,0.556614285771821
"cmixup",1,101,FALSE,0.491361693834273,0.600044986173627
"cmixup",1,102,FALSE,0.513217600067939,0.356641745961782
"cmixup",1,103,TRUE,0.64738297011462,0.488333001833761
"cmixup",1,104,FALSE,0.491361693834273,0.527169611277159
"cmixup",1,105,FALSE,0.406028944963615,0.461046266653363
"cmixup",1,106,FALSE,0.752025387323213,0.563766212373023
"cmixup",1,107,TRUE,0.6414741105041,0.420811518017509
"cmixup",1,108,FALSE,0.416307587059883,0.589524123081271
"cmixup",1,109,FALSE,0.966610986681934,0.855979724340496
"cmixup",1,110,FALSE,0.188647295999717,0.307588006977758
"cmixup",1,111,FALSE,0.708335902682263,0.530135358284073
"cmixup",1,112,FALSE,0.685741738602264,0.943145025650657
"cmixup",1,113,FALSE,0.559308010907013,0.576671816143691
"cmixup",1,114,FALSE,0.355259905527378,0.449174765971046
"cmixup",1,115,FALSE,0.187520720836463,0.340717211741354
"cmixup",1,116,TRUE,0.569373909615046,0.431159903566573
"cmixup",1,117,FALSE,0.572523097849638,0.560037249915834
"cmixup",1,118,FALSE,0.538070787043172,0.560978479249007
"cmixup",1,119,FALSE,0.374748346010104,0.424291831185985
"cmixup",1,120,FALSE,0.294686624279443,0.346146285591286
"cmixup",1,121,FALSE,0.432969290874406,0.459763889514896
"cmixup",1,122,TRUE,0.320146286111054,0.6106665548178
"cmixup",1,123,FALSE,0.574262829707027,0.453795273831945
"cmixup",1,124,FALSE,0.610234175334389,0.644563685361578
"cmixup",1,125,FALSE,0.173186268412274,0.252453990215484
"cmixup",1,126,FALSE,0.314499227973151,0.430355938523254
"cmixup",1,127,FALSE,0.753330221324521,0.561356947298438
"cmixup",1,128,FALSE,0.338456493604605,0.503417953852992
"cmixup",1,129,TRUE,0.0253058652647703,0.163681820392247
"cmixup",1,130,FALSE,0.21045229296202,0.32581637889829
"cmixup",1,131,FALSE,0.440121603187804,0.525599440274831
"cmixup",1,132,TRUE,0.181872159010334,0.442889133954414
"cmixup",1,133,FALSE,0.761326322421457,0.645506209395536
"cmixup",1,134,FALSE,0.188084373714938,0.419078815240252
"cmixup",1,135,FALSE,0.662757831681574,0.410175301102148
"cmixup",1,136,FALSE,0.409425868671443,0.491920801012958
"cmixup",1,137,FALSE,0.387389826338729,0.308453235794309
"cmixup",1,138,FALSE,0.256236533205923,0.428366159125948
"cmixup",1,139,FALSE,0.381656482585787,0.392580526847145
"cmixup",1,140,FALSE,0.43568513794163,0.517144101819417
"cmixup",1,141,FALSE,0.190331698170291,0.443494489720278
"cmixup",1,142,TRUE,0.123851640967086,0.398389610678925
"cmixup",1,143,FALSE,0.208978517276253,0.431830458399301
"cmixup",1,144,TRUE,0.506505032404872,0.464715469891493
"cmixup",1,145,FALSE,0.390935107103379,0.411149346409712
"cmixup",1,146,FALSE,0.442479769064449,0.493650794450517
"cmixup",1,147,FALSE,0.417139409727326,0.443620984476285
"cmixup",1,148,FALSE,0.260071387985075,0.320428878436133
"cmixup",1,149,TRUE,0.308777773664721,0.468278245523676
"cmixup",1,150,FALSE,0.583198773968623,0.446446841935728
"cmixup",1,151,TRUE,0.456062224454951,0.409393746255162
"cmixup",1,152,FALSE,0.370698092575577,0.378321722871142
"cmixup",1,153,FALSE,0.639486489268586,0.669368484283851
"cmixup",1,154,FALSE,0.777412321496744,0.431567751481758
"cmixup",1,155,TRUE,0.590284403718162,0.475248819494774
"cmixup",1,156,FALSE,0.618215503279417,0.523443131206359
"cmixup",1,157,FALSE,0.224533062606086,0.526681604035284
"cmixup",1,158,FALSE,0.234010817587179,0.274205195854818
"cmixup",1,159,FALSE,0.595826777073223,0.44197882434091
"cmixup",1,160,TRUE,0.612783856719735,0.578947084886905
"cmixup",1,161,FALSE,0.581266805273671,0.580666783134269
"cmixup",1,162,FALSE,0.588383768378728,0.62328449856292
"cmixup",1,163,FALSE,0.108226656374928,0.326069647356531
"cmixup",1,164,TRUE,0.381115080709851,0.365528990160511
"cmixup",1,165,FALSE,0.255272505103306,0.570966476874508
"cmixup",1,166,FALSE,0.680879174426811,0.516674710207435
"cmixup",1,167,FALSE,0.564784384503987,0.520975574822421
"cmixup",1,168,TRUE,0.526339277389844,0.348053058188967
"cmixup",1,169,FALSE,0.294466226161593,0.437321099869713
"cmixup",1,170,FALSE,0.612783856719735,0.441079047964531
"cmixup",1,171,FALSE,0.5182506513085,0.579687965759501
"cmixup",1,172,FALSE,0.442949869577862,0.310810823018897
"cmixup",1,173,FALSE,0.505149978319906,0.490497606051664
"cmixup",1,174,FALSE,0.305995882770805,0.430251191633609
"cmixup",1,175,TRUE,0.612783856719735,0.467900207373452
"cmixup",1,176,TRUE,0.204119982655925,0.381726717300965
"cmixup",1,177,FALSE,0.677333151419902,0.377164807488061
"cmixup",1,178,FALSE,0.345961541813141,0.446157848444894
"cmixup",1,179,FALSE,0.361160995195026,0.475038242299777
"cmixup",1,180,TRUE,0.127104798364808,0.157936354559075
"cmixup",1,181,FALSE,0.514547752660286,0.297084353404129
"cmixup",1,182,FALSE,0.362350507594848,0.546312988406799
"cmixup",1,183,FALSE,0.662757831681574,0.491579409184783
"cmixup",1,184,FALSE,0.313867220369153,0.414913132699203
"cmixup",1,185,FALSE,0.839666556882433,0.480685940874707
"cmixup",1,186,FALSE,0.16999753706657,0.358017880281476
"cmixup",1,187,FALSE,0.129367595722986,-0.0322349519072633
"cmixup",1,188,FALSE,0.36078268987328,0.34826797053884
"cmixup",1,189,FALSE,0.429106008332697,0.484147143060109
"cmixup",1,190,FALSE,0.702602841340427,0.620560508421383
"cmixup",1,191,FALSE,0.571708831808688,0.495578922320988
"cmixup",1,192,FALSE,0.343920385393226,0.289958385404921
"cmixup",1,193,FALSE,0.695131297704026,0.565025551416171
"cmixup",1,194,FALSE,0.629409599102719,0.565578783586274
"cmixup",1,195,FALSE,0.414973347970818,0.405103024678769
"cmixup",1,196,FALSE,0.276231957921834,0.374926451890429
"cmixup",1,197,FALSE,0.531478917042255,0.528050691253764
"cmixup",1,198,FALSE,0.236789099409293,0.381188827480688
"cmixup",1,199,FALSE,0.756407872548958,0.797261689985921
"cmixup",1,200,FALSE,0.718750734739665,0.64531370353692
"cmixup",1,201,FALSE,0.515211304327802,0.454801601030846
"cmixup",1,202,TRUE,0.3654879848909,0.25827037762184
"cmixup",1,203,TRUE,0.344392273685111,0.408353598720036
"cmixup",1,204,FALSE,0.196728722623287,0.482788666176012
"cmixup",1,205,FALSE,0.392696953259666,0.325857271927444
"cmixup",1,206,FALSE,0.365394376854778,0.460431263833321
"cmixup",1,207,TRUE,0.389166084364532,0.425266157801039
"cmixup",1,208,FALSE,0.653212513775344,0.481564509430206
"cmixup",1,209,FALSE,0.440594261839831,0.348371950873643
"cmixup",1,210,TRUE,0.202215775801131,0.485934684266434
"cmixup",1,211,FALSE,0.48572142648158,0.374391878315042
"cmixup",1,212,FALSE,0.244277120801843,0.45305553917435
"cmixup",1,213,FALSE,0.372727940885595,0.465593883615643
"cmixup",1,214,FALSE,0.52244423350632,0.516567488176483
"cmixup",1,215,FALSE,0.257678574869184,0.418690244442934
"cmixup",1,216,FALSE,0.384353414137506,0.602788347721296
"cmixup",1,217,FALSE,0.335858911319818,0.507304900713947
"cmixup",1,218,FALSE,0.555094448578319,0.516256135773672
"cmixup",1,219,FALSE,0.271841606536499,0.507474956465573
"cmixup",1,220,FALSE,0.471291711058939,0.461826736458816
"cmixup",1,221,TRUE,0.294906910605192,0.435148343451923
"cmixup",1,222,FALSE,0.655138434811382,0.637318054771965
"cmixup",1,223,FALSE,0.528916700277655,0.458660176624129
"cmixup",1,224,FALSE,0.777426822389311,0.544877848563211
"cmixup",1,225,TRUE,0.191730393362856,0.448170712930824
"cmixup",1,226,FALSE,0.239549720840473,0.468232038220866
"cmixup",1,227,TRUE,0.582404298019028,0.569726358702824
"cmixup",1,228,TRUE,0.569373909615046,0.29496757845183
"cmixup",1,229,FALSE,0.334252642334231,0.33538344253439
"cmixup",1,230,FALSE,0.406369835469268,0.484570345161178
"cmixup",1,231,FALSE,0.0597526942092988,0.287065761500058
"cmixup",1,232,TRUE,0.472463896606989,0.517137668226784
"cmixup",1,233,FALSE,0.666985718329661,0.458295499443187
"cmixup",1,234,FALSE,0.65417654187796,0.494649952556616
"cmixup",1,235,FALSE,0.259593878885949,0.460392589897641
"cmixup",1,236,FALSE,0.527114111639805,0.629069000414334
"cmixup",1,237,TRUE,0.367169488534681,0.33542902666844
"cmixup",1,238,TRUE,0.19228861256812,0.307884661687846
"cmixup",1,239,FALSE,0.478566495593843,0.318370197408907
"cmixup",1,240,FALSE,0.253580289562183,0.350945274704596
"cmixup",1,241,FALSE,0.27554168840131,0.346870687325372
"cmixup",1,242,FALSE,0.532627001228891,0.317148583762596
"cmixup",1,243,TRUE,0.542451947375977,0.422891348316202
"cmixup",1,244,FALSE,0.381836799998343,0.405268219604174
"cmixup",1,245,TRUE,0.511616020569138,0.574504429856209
"cmixup",1,246,FALSE,0.476831628512261,0.600045064861553
"cmixup",1,247,FALSE,0.301029995663981,0.481824696546144
"cmixup",1,248,FALSE,0.325823419002744,0.351384095515725
"cmixup",1,249,FALSE,0.586024382386976,0.524341398698292
"cmixup",1,250,FALSE,0.218535505216528,0.327180451933024
"cmixup",1,251,FALSE,0.0480531731156091,0.145751588417796
"cmixup",1,252,FALSE,0.378397900948138,0.537203349422129
"cmixup",1,253,FALSE,0.595275711802099,0.392409227598915
"cmixup",1,254,FALSE,0.398807730203264,0.445524348951475
"cmixup",1,255,TRUE,0.161368002234975,0.28830671676297
"cmixup",1,256,FALSE,0.456214155357989,0.427492568123087
"cmixup",1,257,FALSE,0.641126932803509,0.463335418667007
"cmixup",1,258,FALSE,0.54020429984206,0.314543088608476
"cmixup",1,259,FALSE,0.0328201494385639,0.0455232366892023
"cmixup",1,260,FALSE,0.434888120867316,0.552411197191994
"cmixup",1,261,FALSE,0.332034277027518,0.467106646051547
"cmixup",1,262,FALSE,0.391816923613249,0.626948389691393
"cmixup",1,263,TRUE,0.347427598618541,0.239320494191794
"cmixup",1,264,FALSE,0.352182518111362,0.217297416793238
"cmixup",1,265,TRUE,0.154119525515847,0.0518133368535636
"cmixup",1,266,FALSE,0.591398551281249,0.439627338350347
"cmixup",1,267,TRUE,0.315970345456918,0.376694298933414
"cmixup",1,268,FALSE,0.470410490975931,0.446823841626616
"cmixup",1,269,FALSE,0.826074802700826,0.86306307034261
"cmixup",1,270,FALSE,0.234264124378789,0.39503449770405
"cmixup",1,271,FALSE,0.504878459410216,0.456674274785114
"cmixup",1,272,FALSE,0.582744965691277,0.352910109821573
"cmixup",1,273,FALSE,0.542327382773974,0.55598304553127
"cmixup",1,274,FALSE,0.657055852857104,0.463231706742999
"cmixup",1,275,FALSE,0.328379603438738,0.354762358540064
"cmixup",1,276,FALSE,0.4679039465228,0.210877142909157
"cmixup",1,277,FALSE,0.331427296520743,0.471511478267855
"cmixup",1,278,FALSE,0.352664799651101,0.423254197211432
"cmixup",1,279,FALSE,0.437116093048079,0.287993458706057
"cmixup",1,280,FALSE,0.325043347403704,0.37481255197314
"cmixup",1,281,FALSE,0.749581734865559,0.444599093544819
"cmixup",1,282,FALSE,0.775319121829478,0.520814266454203
"cmixup",1,283,FALSE,0.817565369559781,0.530091066056356
"cmixup",1,284,FALSE,0.526442668529935,0.288425148548834
"cmixup",1,285,FALSE,0.682145076373832,0.566634496593512
"cmixup",1,286,FALSE,0.425534220498263,0.510326700254135
"cmixup",1,287,FALSE,0.659726095237792,0.518890386268681
"cmixup",1,288,FALSE,0.672097857935718,0.38936484735461
"cmixup",1,289,FALSE,0.534026106056135,0.451702382473146
"cmixup",1,290,FALSE,0.615950051656401,0.546803707417802
"cmixup",1,291,TRUE,0.262451089730429,0.355184267663933
"cmixup",2,1,TRUE,0.482873583608754,0.499185306863217
"cmixup",2,2,TRUE,0.496929648073215,0.482239987445549
"cmixup",2,3,TRUE,0.623042434246382,0.560317576271351
"cmixup",2,4,TRUE,0.523746466811564,0.354295264015142
"cmixup",2,5,TRUE,0.47567118832443,0.459832274043879
"cmixup",2,6,FALSE,0.469674772551798,0.28516134269926
"cmixup",2,7,FALSE,0.387389826338729,0.505096164345271
"cmixup",2,8,FALSE,0.627365856592733,0.346874241359992
"cmixup",2,9,FALSE,0.591064607026499,0.423373958621492
"cmixup",2,10,FALSE,0.218220304175545,0.278869113220843
"cmixup",2,11,TRUE,0.680335513414563,0.376603880957965
"cmixup",2,12,TRUE,0.680607428991788,0.345477348070682
"cmixup",2,13,FALSE,0.721810615212547,0.591885814957834
"cmixup",2,14,TRUE,0.20682587603185,0.347386486273083
"cmixup",2,15,TRUE,0.582063362911709,0.3678996958129
"cmixup",2,16,FALSE,0.696094159995223,0.518891264245525
"cmixup",2,17,TRUE,0.40823996531185,0.303963734298434
"cmixup",2,18,FALSE,0.433001340945038,0.444150916637827
"cmixup",2,19,FALSE,0.653212513775344,0.439432333293803
"cmixup",2,20,FALSE,0.558072259099146,0.39859005761064
"cmixup",2,21,FALSE,0.261928672990642,0.14662846337793
"cmixup",2,22,TRUE,0.637489729512511,0.470057516130332
"cmixup",2,23,FALSE,0.504878459410216,0.395201366624615
"cmixup",2,24,FALSE,0.286995073968852,0.380746334426418
"cmixup",2,25,TRUE,0.662757831681574,0.45310931764953
"cmixup",2,26,FALSE,0.524525936626376,0.451154865311451
"cmixup",2,27,TRUE,0.406540180433955,0.486237451115898
"cmixup",2,28,FALSE,0.656098202012832,0.558276650724704
"cmixup",2,29,FALSE,0.517987203025078,0.352431321937371
"cmixup",2,30,FALSE,0.703119346236078,0.578850363162222
"cmixup",2,31,FALSE,0.691081492122968,0.571009280920252
"cmixup",2,32,FALSE,0.0141423615450058,0.347183816706717
"cmixup",2,33,FALSE,0.733197265106569,0.748743489877756
"cmixup",2,34,FALSE,0.408070285887185,0.449929362767055
"cmixup",2,35,FALSE,0.396024896608593,0.473726810493311
"cmixup",2,36,FALSE,0.398391440229475,0.483491714016197
"cmixup",2,37,FALSE,0.770852011642144,0.609306052474183
"cmixup",2,38,TRUE,0.15836249209525,0.268401371662067
"cmixup",2,39,FALSE,0.625415352154408,0.559280284907725
"cmixup",2,40,FALSE,0.496334505996816,0.496745983613891
"cmixup",2,41,FALSE,0.679427896612119,0.641175307114157
"cmixup",2,42,FALSE,0.610116955411928,0.560485418035965
"cmixup",2,43,FALSE,0.645913275033844,0.480875393505931
"cmixup",2,44,FALSE,0.465382851448418,0.427039403795298
"cmixup",2,45,FALSE,0.569490954348783,0.544147729866921
"cmixup",2,46,FALSE,0.187520720836463,0.216666547424185
"cmixup",2,47,FALSE,0.465813957269479,0.493021412808989
"cmixup",2,48,FALSE,0.231214647962601,0.519087978939609
"cmixup",2,49,FALSE,0.670802284260944,0.667927803121983
"cmixup",2,50,FALSE,0.459935016851525,0.537228413835049
"cmixup",2,51,FALSE,0.287129620719111,0.425714963075931
"cmixup",2,52,FALSE,0.6232492903979,0.583666127098003
"cmixup",2,53,FALSE,0.8109042806687,0.689622128119863
"cmixup",2,54,TRUE,0.354108439147401,0.504430382131852
"cmixup",2,55,FALSE,0.129141845792285,0.385512530021665
"cmixup",2,56,FALSE,0.244969460136198,0.333753701258076
"cmixup",2,57,FALSE,0.364363354615731,0.406513329307038
"cmixup",2,58,TRUE,0.334212409393176,0.412571723770536
"cmixup",2,59,FALSE,0.489677291663699,0.551723564575758
"cmixup",2,60,FALSE,0.525304009958239,0.433744218774813
"cmixup",2,61,TRUE,0.406540180433955,0.346610084966495
"cmixup",2,62,FALSE,0.335457900689384,0.567913997927038
"cmixup",2,63,FALSE,0.419873175149476,0.558804227492384
"cmixup",2,64,FALSE,0.397227181043161,0.550588627114106
"cmixup",2,65,TRUE,0.59659709562646,0.644346932363907
"cmixup",2,66,FALSE,0.260071387985075,0.441557157330109
"cmixup",2,67,FALSE,0.489466281303128,0.60302371047042
"cmixup",2,68,FALSE,0.544018407858776,0.750751647643403
"cmixup",2,69,FALSE,0.665205628434601,0.66987292528155
"cmixup",2,70,FALSE,0.537819095073274,0.608243330556868
"cmixup",2,71,FALSE,0.501059262217751,0.57605257403734
"cmixup",2,72,FALSE,0.415699348887829,0.474177304528132
"cmixup",2,73,TRUE,0.298853076409707,0.420695512729124
"cmixup",2,74,TRUE,0.289365951520032,0.368398617515419
"cmixup",2,75,FALSE,0.497620649781288,0.355002688746935
"cmixup",2,76,TRUE,0.778151250383644,0.556194924177606
"cmixup",2,77,TRUE,0.260071387985075,0.391415042618642
"cmixup",2,78,FALSE,0.367542273520577,0.485273219854254
"cmixup",2,79,FALSE,0.534026106056135,0.499908870388372
"cmixup",2,80,FALSE,0.287129620719111,0.247524190837733
"cmixup",2,81,FALSE,0.469822015978163,0.388167737595264
"cmixup",2,82,TRUE,0.399673721481038,0.332453126106109
"cmixup",2,83,FALSE,0.307496037913213,0.258658700877194
"cmixup",2,84,TRUE,0.322219294733919,0.385658401211081
"cmixup",2,85,FALSE,0.247236549506764,0.383716729330351
"cmixup",2,86,FALSE,0.6232492903979,0.445056475652087
"cmixup",2,87,TRUE,0.429752280002408,0.335436714997327
"cmixup",2,88,TRUE,0.566943971856554,0.420496811339047
"cmixup",2,89,FALSE,0.605951157564873,0.581340019047672
"cmixup",2,90,FALSE,0.265996370495079,0.513687167625341
"cmixup",2,91,FALSE,0.555215405126073,0.387086329766646
"cmixup",2,92,FALSE,0.638489256954637,0.503619446655365
"cmixup",2,93,FALSE,0.528145078253106,0.555062547478764
"cmixup",2,94,FALSE,0.227552503379865,0.553304250317691
"cmixup",2,95,FALSE,0.430075055551939,0.581807694238586
"cmixup",2,96,FALSE,0.184549481320698,0.331435469483627
"cmixup",2,97,FALSE,0.472537053262077,0.517229979778399
"cmixup",2,98,FALSE,0.60616631460762,0.401904700270814
"cmixup",2,99,FALSE,0.685553652846326,0.663220442206129
"cmixup",2,100,TRUE,0.296665190261531,0.568005966018246
"cmixup",2,101,FALSE,0.491361693834273,0.607295628322727
"cmixup",2,102,FALSE,0.513217600067939,0.342999409418354
"cmixup",2,103,TRUE,0.64738297011462,0.413848857267117
"cmixup",2,104,FALSE,0.491361693834273,0.518306923344886
"cmixup",2,105,FALSE,0.406028944963615,0.482002484907207
"cmixup",2,106,FALSE,0.752025387323213,0.52808140292884
"cmixup",2,107,TRUE,0.6414741105041,0.486822878755923
"cmixup",2,108,FALSE,0.416307587059883,0.575584679971596
"cmixup",2,109,FALSE,0.966610986681934,0.798737693029748
"cmixup",2,110,FALSE,0.188647295999717,0.283355987270464
"cmixup",2,111,FALSE,0.708335902682263,0.51519352391101
"cmixup",2,112,FALSE,0.685741738602264,0.924552000214868
"cmixup",2,113,FALSE,0.559308010907013,0.553025499643755
"cmixup",2,114,FALSE,0.355259905527378,0.427321797947213
"cmixup",2,115,FALSE,0.187520720836463,0.348416501412259
"cmixup",2,116,TRUE,0.569373909615046,0.431456241147134
"cmixup",2,117,FALSE,0.572523097849638,0.607148255362763
"cmixup",2,118,FALSE,0.538070787043172,0.540425707713361
"cmixup",2,119,FALSE,0.374748346010104,0.395307614192268
"cmixup",2,120,FALSE,0.294686624279443,0.296769014457744
"cmixup",2,121,FALSE,0.432969290874406,0.442930475156322
"cmixup",2,122,TRUE,0.320146286111054,0.590051074932925
"cmixup",2,123,FALSE,0.574262829707027,0.427714750496395
"cmixup",2,124,FALSE,0.610234175334389,0.638239452635322
"cmixup",2,125,FALSE,0.173186268412274,0.232813431391325
"cmixup",2,126,FALSE,0.314499227973151,0.405643356050605
"cmixup",2,127,FALSE,0.753330221324521,0.610873815021523
"cmixup",2,128,FALSE,0.338456493604605,0.517248690967003
"cmixup",2,129,TRUE,0.0253058652647703,0.171847329923099
"cmixup",2,130,FALSE,0.21045229296202,0.343305874116882
"cmixup",2,131,FALSE,0.440121603187804,0.533051539523947
"cmixup",2,132,TRUE,0.181872159010334,0.414303380012025
"cmixup",2,133,FALSE,0.761326322421457,0.660260315268357
"cmixup",2,134,FALSE,0.188084373714938,0.434497554502674
"cmixup",2,135,FALSE,0.662757831681574,0.417384966375189
"cmixup",2,136,FALSE,0.409425868671443,0.49827422002319
"cmixup",2,137,FALSE,0.387389826338729,0.277635639461881
"cmixup",2,138,FALSE,0.256236533205923,0.41691303162637
"cmixup",2,139,FALSE,0.381656482585787,0.393481619549966
"cmixup",2,140,FALSE,0.43568513794163,0.507146311252805
"cmixup",2,141,FALSE,0.190331698170291,0.40671252319811
"cmixup",2,142,TRUE,0.123851640967086,0.412779377903297
"cmixup",2,143,FALSE,0.208978517276253,0.422829276442407
"cmixup",2,144,TRUE,0.506505032404872,0.470126039240311
"cmixup",2,145,FALSE,0.390935107103379,0.398113873862104
"cmixup",2,146,FALSE,0.442479769064449,0.497754913467547
"cmixup",2,147,FALSE,0.417139409727326,0.451489397381785
"cmixup",2,148,FALSE,0.260071387985075,0.315619062279111
"cmixup",2,149,TRUE,0.308777773664721,0.415130468432611
"cmixup",2,150,FALSE,0.583198773968623,0.446632674553633
"cmixup",2,151,TRUE,0.456062224454951,0.408286711545988
"cmixup",2,152,FALSE,0.370698092575577,0.312625850665983
"cmixup",2,153,FALSE,0.639486489268586,0.6827838242153
"cmixup",2,154,FALSE,0.777412321496744,0.44018148010536
"cmixup",2,155,TRUE,0.590284403718162,0.50920736787329
"cmixup",2,156,FALSE,0.618215503279417,0.55555935909793
"cmixup",2,157,FALSE,0.224533062606086,0.525293502230045
"cmixup",2,158,FALSE,0.234010817587179,0.303528581753278
"cmixup",2,159,FALSE,0.595826777073223,0.425608795511663
"cmixup",2,160,TRUE,0.612783856719735,0.537059773708823
"cmixup",2,161,FALSE,0.581266805273671,0.581713351024638
"cmixup",2,162,FALSE,0.588383768378728,0.633970232059737
"cmixup",2,163,FALSE,0.108226656374928,0.426439877522786
"cmixup",2,164,TRUE,0.381115080709851,0.397131790546671
"cmixup",2,165,FALSE,0.255272505103306,0.596472198719743
"cmixup",2,166,FALSE,0.680879174426811,0.518123103830758
"cmixup",2,167,FALSE,0.564784384503987,0.526161558818174
"cmixup",2,168,TRUE,0.526339277389844,0.35128925994016
"cmixup",2,169,FALSE,0.294466226161593,0.439613553236438
"cmixup",2,170,FALSE,0.612783856719735,0.454420480406801
"cmixup",2,171,FALSE,0.5182506513085,0.587695988456027
"cmixup",2,172,FALSE,0.442949869577862,0.357006460461776
"cmixup",2,173,FALSE,0.505149978319906,0.475971116467583
"cmixup",2,174,FALSE,0.305995882770805,0.401630303169415
"cmixup",2,175,TRUE,0.612783856719735,0.458352530287253
"cmixup",2,176,TRUE,0.204119982655925,0.374785438166722
"cmixup",2,177,FALSE,0.677333151419902,0.40233467943907
"cmixup",2,178,FALSE,0.345961541813141,0.516084302857681
"cmixup",2,179,FALSE,0.361160995195026,0.477693513941673
"cmixup",2,180,TRUE,0.127104798364808,0.10663042536104
"cmixup",2,181,FALSE,0.514547752660286,0.303909113618329
"cmixup",2,182,FALSE,0.362350507594848,0.550221209600421
"cmixup",2,183,FALSE,0.662757831681574,0.520573872441214
"cmixup",2,184,FALSE,0.313867220369153,0.408281586065274
"cmixup",2,185,FALSE,0.839666556882433,0.512295891021407
"cmixup",2,186,FALSE,0.16999753706657,0.349535637811512
"cmixup",2,187,FALSE,0.129367595722986,-0.0801527859515116
"cmixup",2,188,FALSE,0.36078268987328,0.319304755305177
"cmixup",2,189,FALSE,0.429106008332697,0.483465789795805
"cmixup",2,190,FALSE,0.702602841340427,0.572326940295702
"cmixup",2,191,FALSE,0.571708831808688,0.465828080660977
"cmixup",2,192,FALSE,0.343920385393226,0.266157857711638
"cmixup",2,193,FALSE,0.695131297704026,0.537177603758844
"cmixup",2,194,FALSE,0.629409599102719,0.560478677225847
"cmixup",2,195,FALSE,0.414973347970818,0.3985608691823
"cmixup",2,196,FALSE,0.276231957921834,0.36675039595268
"cmixup",2,197,FALSE,0.531478917042255,0.554363861136847
"cmixup",2,198,FALSE,0.236789099409293,0.385003949858818
"cmixup",2,199,FALSE,0.756407872548958,0.852622243573608
"cmixup",2,200,FALSE,0.718750734739665,0.636423259349073
"cmixup",2,201,FALSE,0.515211304327802,0.440905378679509
"cmixup",2,202,TRUE,0.3654879848909,0.27944004994192
"cmixup",2,203,TRUE,0.344392273685111,0.395109573992533
"cmixup",2,204,FALSE,0.196728722623287,0.464643817407361
"cmixup",2,205,FALSE,0.392696953259666,0.386092119574869
"cmixup",2,206,FALSE,0.365394376854778,0.481287980591527
"cmixup",2,207,TRUE,0.389166084364532,0.456041703530031
"cmixup",2,208,FALSE,0.653212513775344,0.480239080398677
"cmixup",2,209,FALSE,0.440594261839831,0.3861174581727
"cmixup",2,210,TRUE,0.202215775801131,0.466886323690988
"cmixup",2,211,FALSE,0.48572142648158,0.359518388793912
"cmixup",2,212,FALSE,0.244277120801843,0.496961704772903
"cmixup",2,213,FALSE,0.372727940885595,0.52025936736451
"cmixup",2,214,FALSE,0.52244423350632,0.500232657662069
"cmixup",2,215,FALSE,0.257678574869184,0.400022946730623
"cmixup",2,216,FALSE,0.384353414137506,0.598685494635309
"cmixup",2,217,FALSE,0.335858911319818,0.5076917155871
"cmixup",2,218,FALSE,0.555094448578319,0.565077985394498
"cmixup",2,219,FALSE,0.271841606536499,0.516980882457406
"cmixup",2,220,FALSE,0.471291711058939,0.402621701310253
"cmixup",2,221,TRUE,0.294906910605192,0.459750353713461
"cmixup",2,222,FALSE,0.655138434811382,0.642011937545555
"cmixup",2,223,FALSE,0.528916700277655,0.479444730300664
"cmixup",2,224,FALSE,0.777426822389311,0.548737999278692
"cmixup",2,225,TRUE,0.191730393362856,0.463174088660924
"cmixup",2,226,FALSE,0.239549720840473,0.439930609448682
"cmixup",2,227,TRUE,0.582404298019028,0.543831004538856
"cmixup",2,228,TRUE,0.569373909615046,0.298456596765577
"cmixup",2,229,FALSE,0.334252642334231,0.368277704803956
"cmixup",2,230,FALSE,0.406369835469268,0.507361554294327
"cmixup",2,231,FALSE,0.0597526942092988,0.275740558360543
"cmixup",2,232,TRUE,0.472463896606989,0.458484723609704
"cmixup",2,233,FALSE,0.666985718329661,0.456408903505758
"cmixup",2,234,FALSE,0.65417654187796,0.515366501713586
"cmixup",2,235,FALSE,0.259593878885949,0.446661512311203
"cmixup",2,236,FALSE,0.527114111639805,0.643651638341287
"cmixup",2,237,TRUE,0.367169488534681,0.338049314340866
"cmixup",2,238,TRUE,0.19228861256812,0.319123582979462
"cmixup",2,239,FALSE,0.478566495593843,0.287724429787824
"cmixup",2,240,FALSE,0.253580289562183,0.351275620899665
"cmixup",2,241,FALSE,0.27554168840131,0.348397897703029
"cmixup",2,242,FALSE,0.532627001228891,0.248576166995745
"cmixup",2,243,TRUE,0.542451947375977,0.392143492208958
"cmixup",2,244,FALSE,0.381836799998343,0.409529831706713
"cmixup",2,245,TRUE,0.511616020569138,0.556098208480424
"cmixup",2,246,FALSE,0.476831628512261,0.618793061859775
"cmixup",2,247,FALSE,0.301029995663981,0.53240653468872
"cmixup",2,248,FALSE,0.325823419002744,0.321779332179302
"cmixup",2,249,FALSE,0.586024382386976,0.526474302554015
"cmixup",2,250,FALSE,0.218535505216528,0.25976938621136
"cmixup",2,251,FALSE,0.0480531731156091,0.152325099579498
"cmixup",2,252,FALSE,0.378397900948138,0.54978339565284
"cmixup",2,253,FALSE,0.595275711802099,0.361827897441017
"cmixup",2,254,FALSE,0.398807730203264,0.461175517613368
"cmixup",2,255,TRUE,0.161368002234975,0.281360490694834
"cmixup",2,256,FALSE,0.456214155357989,0.398887766634264
"cmixup",2,257,FALSE,0.641126932803509,0.462133700620194
"cmixup",2,258,FALSE,0.54020429984206,0.338201948810082
"cmixup",2,259,FALSE,0.0328201494385639,-0.0248450365392253
"cmixup",2,260,FALSE,0.434888120867316,0.563307646405902
"cmixup",2,261,FALSE,0.332034277027518,0.556479699208461
"cmixup",2,262,FALSE,0.391816923613249,0.629890510595623
"cmixup",2,263,TRUE,0.347427598618541,0.302074304564834
"cmixup",2,264,FALSE,0.352182518111362,0.254945274393064
"cmixup",2,265,TRUE,0.154119525515847,0.173118519719421
"cmixup",2,266,FALSE,0.591398551281249,0.455766275670681
"cmixup",2,267,TRUE,0.315970345456918,0.391811334043373
"cmixup",2,268,FALSE,0.470410490975931,0.445604440069811
"cmixup",2,269,FALSE,0.826074802700826,0.807628855632401
"cmixup",2,270,FALSE,0.234264124378789,0.361917278577799
"cmixup",2,271,FALSE,0.504878459410216,0.428333117422464
"cmixup",2,272,FALSE,0.582744965691277,0.35822786290449
"cmixup",2,273,FALSE,0.542327382773974,0.544467945568719
"cmixup",2,274,FALSE,0.657055852857104,0.464153460024935
"cmixup",2,275,FALSE,0.328379603438738,0.354974803969996
"cmixup",2,276,FALSE,0.4679039465228,0.205891230048867
"cmixup",2,277,FALSE,0.331427296520743,0.478759528685556
"cmixup",2,278,FALSE,0.352664799651101,0.451977478039873
"cmixup",2,279,FALSE,0.437116093048079,0.259070478549931
"cmixup",2,280,FALSE,0.325043347403704,0.325211514120303
"cmixup",2,281,FALSE,0.749581734865559,0.431597373607198
"cmixup",2,282,FALSE,0.775319121829478,0.506992095384414
"cmixup",2,283,FALSE,0.817565369559781,0.528421539657
"cmixup",2,284,FALSE,0.526442668529935,0.306076690886223
"cmixup",2,285,FALSE,0.682145076373832,0.577018064297818
"cmixup",2,286,FALSE,0.425534220498263,0.510469420784425
"cmixup",2,287,FALSE,0.659726095237792,0.491681441976615
"cmixup",2,288,FALSE,0.672097857935718,0.390730374799895
"cmixup",2,289,FALSE,0.534026106056135,0.443088459557739
"cmixup",2,290,FALSE,0.615950051656401,0.57794239779261
"cmixup",2,291,TRUE,0.262451089730429,0.315625708796417
"cmixup",3,1,TRUE,0.482873583608754,0.488182673734598
"cmixup",3,2,TRUE,0.496929648073215,0.482516567968617
"cmixup",3,3,TRUE,0.623042434246382,0.553310038648853
"cmixup",3,4,TRUE,0.523746466811564,0.381184581721025
"cmixup",3,5,TRUE,0.47567118832443,0.484784474128695
"cmixup",3,6,FALSE,0.469674772551798,0.297377600425929
"cmixup",3,7,FALSE,0.387389826338729,0.479275892666211
"cmixup",3,8,FALSE,0.627365856592733,0.361442399646782
"cmixup",3,9,FALSE,0.591064607026499,0.44225692786311
"cmixup",3,10,FALSE,0.218220304175545,0.326323718909073
"cmixup",3,11,TRUE,0.680335513414563,0.382909017683901
"cmixup",3,12,TRUE,0.680607428991788,0.390322179414752
"cmixup",3,13,FALSE,0.721810615212547,0.584638376397237
"cmixup",3,14,TRUE,0.20682587603185,0.323830107785486
"cmixup",3,15,TRUE,0.582063362911709,0.38160792474583
"cmixup",3,16,FALSE,0.696094159995223,0.551020700108413
"cmixup",3,17,TRUE,0.40823996531185,0.365961180726135
"cmixup",3,18,FALSE,0.433001340945038,0.458465627365315
"cmixup",3,19,FALSE,0.653212513775344,0.470400431546968
"cmixup",3,20,FALSE,0.558072259099146,0.421575941974245
"cmixup",3,21,FALSE,0.261928672990642,0.150818779272037
"cmixup",3,22,TRUE,0.637489729512511,0.489990262240582
"cmixup",3,23,FALSE,0.504878459410216,0.36274010429158
"cmixup",3,24,FALSE,0.286995073968852,0.383318690792139
"cmixup",3,25,TRUE,0.662757831681574,0.463895854030871
"cmixup",3,26,FALSE,0.524525936626376,0.48743895495821
"cmixup",3,27,TRUE,0.406540180433955,0.491687921507822
"cmixup",3,28,FALSE,0.656098202012832,0.565395926352788
"cmixup",3,29,FALSE,0.517987203025078,0.378219687294931
"cmixup",3,30,FALSE,0.703119346236078,0.517096221191989
"cmixup",3,31,FALSE,0.691081492122968,0.56103311526168
"cmixup",3,32,FALSE,0.0141423615450058,0.391721666538224
"cmixup",3,33,FALSE,0.733197265106569,0.718368952371048
"cmixup",3,34,FALSE,0.408070285887185,0.429340735653722
"cmixup",3,35,FALSE,0.396024896608593,0.481345580701932
"cmixup",3,36,FALSE,0.398391440229475,0.474609499942736
"cmixup",3,37,FALSE,0.770852011642144,0.640067043666456
"cmixup",3,38,TRUE,0.15836249209525,0.297988290739273
"cmixup",3,39,FALSE,0.625415352154408,0.549267768722649
"cmixup",3,40,FALSE,0.496334505996816,0.506092190244919
"cmixup",3,41,FALSE,0.679427896612119,0.634058605370083
"cmixup",3,42,FALSE,0.610116955411928,0.542658190512269
"cmixup",3,43,FALSE,0.645913275033844,0.43100993897668
"cmixup",3,44,FALSE,0.465382851448418,0.445033422125297
"cmixup",3,45,FALSE,0.569490954348783,0.555206084650323
"cmixup",3,46,FALSE,0.187520720836463,0.181281860801042
"cmixup",3,47,FALSE,0.465813957269479,0.496685361176881
"cmixup",3,48,FALSE,0.231214647962601,0.554613402844327
"cmixup",3,49,FALSE,0.670802284260944,0.676349564061396
"cmixup",3,50,FALSE,0.459935016851525,0.547277391175592
"cmixup",3,51,FALSE,0.287129620719111,0.445509756879974
"cmixup",3,52,FALSE,0.6232492903979,0.515561938429029
"cmixup",3,53,FALSE,0.8109042806687,0.700574209182971
"cmixup",3,54,TRUE,0.354108439147401,0.469407682060592
"cmixup",3,55,FALSE,0.129141845792285,0.419186561527229
"cmixup",3,56,FALSE,0.244969460136198,0.361868634400667
"cmixup",3,57,FALSE,0.364363354615731,0.386506280175893
"cmixup",3,58,TRUE,0.334212409393176,0.387210963990711
"cmixup",3,59,FALSE,0.489677291663699,0.592294898924449
"cmixup",3,60,FALSE,0.525304009958239,0.455143810848663
"cmixup",3,61,TRUE,0.406540180433955,0.337729816622986
"cmixup",3,62,FALSE,0.335457900689384,0.541073308790941
"cmixup",3,63,FALSE,0.419873175149476,0.567284839396645
"cmixup",3,64,FALSE,0.397227181043161,0.557376828131267
"cmixup",3,65,TRUE,0.59659709562646,0.66511051329961
"cmixup",3,66,FALSE,0.260071387985075,0.459391204907938
"cmixup",3,67,FALSE,0.489466281303128,0.593581300147214
"cmixup",3,68,FALSE,0.544018407858776,0.764720968490099
"cmixup",3,69,FALSE,0.665205628434601,0.701168222894498
"cmixup",3,70,FALSE,0.537819095073274,0.625782485935782
"cmixup",3,71,FALSE,0.501059262217751,0.536975097394391
"cmixup",3,72,FALSE,0.415699348887829,0.446896417736502
"cmixup",3,73,TRUE,0.298853076409707,0.450563782127953
"cmixup",3,74,TRUE,0.289365951520032,0.355981447592251
"cmixup",3,75,FALSE,0.497620649781288,0.280809380603373
"cmixup",3,76,TRUE,0.778151250383644,0.511396682192758
"cmixup",3,77,TRUE,0.260071387985075,0.408171708312168
"cmixup",3,78,FALSE,0.367542273520577,0.495429574675121
"cmixup",3,79,FALSE,0.534026106056135,0.48565058011614
"cmixup",3,80,FALSE,0.287129620719111,0.320544574270919
"cmixup",3,81,FALSE,0.469822015978163,0.354962696280177
"cmixup",3,82,TRUE,0.399673721481038,0.307416142232622
"cmixup",3,83,FALSE,0.307496037913213,0.241727074348686
"cmixup",3,84,TRUE,0.322219294733919,0.331535805800847
"cmixup",3,85,FALSE,0.247236549506764,0.394531918700928
"cmixup",3,86,FALSE,0.6232492903979,0.46023268588969
"cmixup",3,87,TRUE,0.429752280002408,0.334994444673051
"cmixup",3,88,TRUE,0.566943971856554,0.433986530347136
"cmixup",3,89,FALSE,0.605951157564873,0.539581835314658
"cmixup",3,90,FALSE,0.265996370495079,0.523249453220641
"cmixup",3,91,FALSE,0.555215405126073,0.353701785720583
"cmixup",3,92,FALSE,0.638489256954637,0.517091824790148
"cmixup",3,93,FALSE,0.528145078253106,0.623063608265397
"cmixup",3,94,FALSE,0.227552503379865,0.556901880560651
"cmixup",3,95,FALSE,0.430075055551939,0.565995764197178
"cmixup",3,96,FALSE,0.184549481320698,0.319987005612349
"cmixup",3,97,FALSE,0.472537053262077,0.516162350697574
"cmixup",3,98,FALSE,0.60616631460762,0.458511109621014
"cmixup",3,99,FALSE,0.685553652846326,0.677102413543538
"cmixup",3,100,TRUE,0.296665190261531,0.531200756573201
"cmixup",3,101,FALSE,0.491361693834273,0.616617821882501
"cmixup",3,102,FALSE,0.513217600067939,0.402910090807743
"cmixup",3,103,TRUE,0.64738297011462,0.49845670515444
"cmixup",3,104,FALSE,0.491361693834273,0.526276256782315
"cmixup",3,105,FALSE,0.406028944963615,0.40665778946295
"cmixup",3,106,FALSE,0.752025387323213,0.531371733318306
"cmixup",3,107,TRUE,0.6414741105041,0.482618698095722
"cmixup",3,108,FALSE,0.416307587059883,0.556742819026551
"cmixup",3,109,FALSE,0.966610986681934,0.819243573422593
"cmixup",3,110,FALSE,0.188647295999717,0.274096076156429
"cmixup",3,111,FALSE,0.708335902682263,0.534481381107662
"cmixup",3,112,FALSE,0.685741738602264,0.925627922063212
"cmixup",3,113,FALSE,0.559308010907013,0.57596978174917
"cmixup",3,114,FALSE,0.355259905527378,0.447925911306448
"cmixup",3,115,FALSE,0.187520720836463,0.356450444948714
"cmixup",3,116,TRUE,0.569373909615046,0.439444712466561
"cmixup",3,117,FALSE,0.572523097849638,0.536070021226788
"cmixup",3,118,FALSE,0.538070787043172,0.560405719883772
"cmixup",3,119,FALSE,0.374748346010104,0.429969024800198
"cmixup",3,120,FALSE,0.294686624279443,0.300869623281697
"cmixup",3,121,FALSE,0.432969290874406,0.471537975738467
"cmixup",3,122,TRUE,0.320146286111054,0.570872892346971
"cmixup",3,123,FALSE,0.574262829707027,0.453236179563358
"cmixup",3,124,FALSE,0.610234175334389,0.648444468472535
"cmixup",3,125,FALSE,0.173186268412274,0.211623889594765
"cmixup",3,126,FALSE,0.314499227973151,0.430825270053281
"cmixup",3,127,FALSE,0.753330221324521,0.638949864754772
"cmixup",3,128,FALSE,0.338456493604605,0.473380780510202
"cmixup",3,129,TRUE,0.0253058652647703,0.155254101691075
"cmixup",3,130,FALSE,0.21045229296202,0.289405162367125
"cmixup",3,131,FALSE,0.440121603187804,0.516428319254457
"cmixup",3,132,TRUE,0.181872159010334,0.465774273213544
"cmixup",3,133,FALSE,0.761326322421457,0.654982435292753
"cmixup",3,134,FALSE,0.188084373714938,0.418851059611584
"cmixup",3,135,FALSE,0.662757831681574,0.390356517678371
"cmixup",3,136,FALSE,0.409425868671443,0.497201190038842
"cmixup",3,137,FALSE,0.387389826338729,0.294814585082876
"cmixup",3,138,FALSE,0.256236533205923,0.467270650249946
"cmixup",3,139,FALSE,0.381656482585787,0.414980714782197
"cmixup",3,140,FALSE,0.43568513794163,0.507296974923787
"cmixup",3,141,FALSE,0.190331698170291,0.442089785979491
"cmixup",3,142,TRUE,0.123851640967086,0.468149961039861
"cmixup",3,143,FALSE,0.208978517276253,0.436071758546033
"cmixup",3,144,TRUE,0.506505032404872,0.455662704076799
"cmixup",3,145,FALSE,0.390935107103379,0.429972563674026
"cmixup",3,146,FALSE,0.442479769064449,0.532230744429598
"cmixup",3,147,FALSE,0.417139409727326,0.424752440010758
"cmixup",3,148,FALSE,0.260071387985075,0.316965744658608
"cmixup",3,149,TRUE,0.308777773664721,0.439802860686391
"cmixup",3,150,FALSE,0.583198773968623,0.428508814448905
"cmixup",3,151,TRUE,0.456062224454951,0.418204084381804
"cmixup",3,152,FALSE,0.370698092575577,0.409082257523949
"cmixup",3,153,FALSE,0.639486489268586,0.695046197363687
"cmixup",3,154,FALSE,0.777412321496744,0.459207647331329
"cmixup",3,155,TRUE,0.590284403718162,0.447611819361827
"cmixup",3,156,FALSE,0.618215503279417,0.538853343900507
"cmixup",3,157,FALSE,0.224533062606086,0.479856254535955
"cmixup",3,158,FALSE,0.234010817587179,0.280217408902436
"cmixup",3,159,FALSE,0.595826777073223,0.433510447686801
"cmixup",3,160,TRUE,0.612783856719735,0.543949147393776
"cmixup",3,161,FALSE,0.581266805273671,0.606210703914406
"cmixup",3,162,FALSE,0.588383768378728,0.615751425212299
"cmixup",3,163,FALSE,0.108226656374928,0.340884917095661
"cmixup",3,164,TRUE,0.381115080709851,0.345322672644679
"cmixup",3,165,FALSE,0.255272505103306,0.5938855595012
"cmixup",3,166,FALSE,0.680879174426811,0.512830469495214
"cmixup",3,167,FALSE,0.564784384503987,0.493370717112819
"cmixup",3,168,TRUE,0.526339277389844,0.319584027162456
"cmixup",3,169,FALSE,0.294466226161593,0.417757968753132
"cmixup",3,170,FALSE,0.612783856719735,0.438160769302407
"cmixup",3,171,FALSE,0.5182506513085,0.573713181624635
"cmixup",3,172,FALSE,0.442949869577862,0.333082574354632
"cmixup",3,173,FALSE,0.505149978319906,0.484473788882736
"cmixup",3,174,FALSE,0.305995882770805,0.414616032688572
"cmixup",3,175,TRUE,0.612783856719735,0.495277822105177
"cmixup",3,176,TRUE,0.204119982655925,0.355039980709713
"cmixup",3,177,FALSE,0.677333151419902,0.374149320750886
"cmixup",3,178,FALSE,0.345961541813141,0.449233834172433
"cmixup",3,179,FALSE,0.361160995195026,0.502267864425251
"cmixup",3,180,TRUE,0.127104798364808,0.182155463748224
"cmixup",3,181,FALSE,0.514547752660286,0.259060922055554
"cmixup",3,182,FALSE,0.362350507594848,0.525131790872117
"cmixup",3,183,FALSE,0.662757831681574,0.475102641168323
"cmixup",3,184,FALSE,0.313867220369153,0.400093436070059
"cmixup",3,185,FALSE,0.839666556882433,0.49279965240638
"cmixup",3,186,FALSE,0.16999753706657,0.356734567501894
"cmixup",3,187,FALSE,0.129367595722986,-0.0467586572379316
"cmixup",3,188,FALSE,0.36078268987328,0.273527919542444
"cmixup",3,189,FALSE,0.429106008332697,0.485919591321681
"cmixup",3,190,FALSE,0.702602841340427,0.544279242152967
"cmixup",3,191,FALSE,0.571708831808688,0.496851099620156
"cmixup",3,192,FALSE,0.343920385393226,0.288813077349829
"cmixup",3,193,FALSE,0.695131297704026,0.530220981998563
"cmixup",3,194,FALSE,0.629409599102719,0.571786321266492
"cmixup",3,195,FALSE,0.414973347970818,0.422982990629475
"cmixup",3,196,FALSE,0.276231957921834,0.36542684656277
"cmixup",3,197,FALSE,0.531478917042255,0.556245721986928
"cmixup",3,198,FALSE,0.236789099409293,0.395008656031745
"cmixup",3,199,FALSE,0.756407872548958,0.822237975303236
"cmixup",3,200,FALSE,0.718750734739665,0.6200479696102
"cmixup",3,201,FALSE,0.515211304327802,0.435703751136383
"cmixup",3,202,TRUE,0.3654879848909,0.267725589153847
"cmixup",3,203,TRUE,0.344392273685111,0.417608703752451
"cmixup",3,204,FALSE,0.196728722623287,0.479498221202306
"cmixup",3,205,FALSE,0.392696953259666,0.392121881415474
"cmixup",3,206,FALSE,0.365394376854778,0.488900730629003
"cmixup",3,207,TRUE,0.389166084364532,0.468902273466368
"cmixup",3,208,FALSE,0.653212513775344,0.482580693582824
"cmixup",3,209,FALSE,0.440594261839831,0.343621453541006
"cmixup",3,210,TRUE,0.202215775801131,0.458265882412023
"cmixup",3,211,FALSE,0.48572142648158,0.403193086479903
"cmixup",3,212,FALSE,0.244277120801843,0.517226391890272
"cmixup",3,213,FALSE,0.372727940885595,0.481732255788965
"cmixup",3,214,FALSE,0.52244423350632,0.509632849130122
"cmixup",3,215,FALSE,0.257678574869184,0.416861501412057
"cmixup",3,216,FALSE,0.384353414137506,0.554600682953539
"cmixup",3,217,FALSE,0.335858911319818,0.485572729937501
"cmixup",3,218,FALSE,0.555094448578319,0.54144858049378
"cmixup",3,219,FALSE,0.271841606536499,0.468578730845234
"cmixup",3,220,FALSE,0.471291711058939,0.415625923816916
"cmixup",3,221,TRUE,0.294906910605192,0.442565177707617
"cmixup",3,222,FALSE,0.655138434811382,0.605894239484247
"cmixup",3,223,FALSE,0.528916700277655,0.437221599334261
"cmixup",3,224,FALSE,0.777426822389311,0.536424030311191
"cmixup",3,225,TRUE,0.191730393362856,0.438648695969267
"cmixup",3,226,FALSE,0.239549720840473,0.456330056755089
"cmixup",3,227,TRUE,0.582404298019028,0.562816311225057
"cmixup",3,228,TRUE,0.569373909615046,0.305573849541526
"cmixup",3,229,FALSE,0.334252642334231,0.324882276113017
"cmixup",3,230,FALSE,0.406369835469268,0.467232610445493
"cmixup",3,231,FALSE,0.0597526942092988,0.289279861289216
"cmixup",3,232,TRUE,0.472463896606989,0.481037812354754
"cmixup",3,233,FALSE,0.666985718329661,0.446015274654887
"cmixup",3,234,FALSE,0.65417654187796,0.538872385249449
"cmixup",3,235,FALSE,0.259593878885949,0.461739755922415
"cmixup",3,236,FALSE,0.527114111639805,0.632874279117695
"cmixup",3,237,TRUE,0.367169488534681,0.374717431159792
"cmixup",3,238,TRUE,0.19228861256812,0.324260021187903
"cmixup",3,239,FALSE,0.478566495593843,0.301941614199275
"cmixup",3,240,FALSE,0.253580289562183,0.358051004486003
"cmixup",3,241,FALSE,0.27554168840131,0.358807368411561
"cmixup",3,242,FALSE,0.532627001228891,0.295611996707964
"cmixup",3,243,TRUE,0.542451947375977,0.373202830954633
"cmixup",3,244,FALSE,0.381836799998343,0.411524330960535
"cmixup",3,245,TRUE,0.511616020569138,0.565971560899403
"cmixup",3,246,FALSE,0.476831628512261,0.607922914023626
"cmixup",3,247,FALSE,0.301029995663981,0.532415433282498
"cmixup",3,248,FALSE,0.325823419002744,0.341531575352271
"cmixup",3,249,FALSE,0.586024382386976,0.490121290841297
"cmixup",3,250,FALSE,0.218535505216528,0.252555058387915
"cmixup",3,251,FALSE,0.0480531731156091,0.171347335823803
"cmixup",3,252,FALSE,0.378397900948138,0.510849689186438
"cmixup",3,253,FALSE,0.595275711802099,0.404333151394201
"cmixup",3,254,FALSE,0.398807730203264,0.463461304764758
"cmixup",3,255,TRUE,0.161368002234975,0.270570326718575
"cmixup",3,256,FALSE,0.456214155357989,0.392899026942147
"cmixup",3,257,FALSE,0.641126932803509,0.451678280447536
"cmixup",3,258,FALSE,0.54020429984206,0.350634933027228
"cmixup",3,259,FALSE,0.0328201494385639,0.0751927595508658
"cmixup",3,260,FALSE,0.434888120867316,0.558787626734302
"cmixup",3,261,FALSE,0.332034277027518,0.458766057837623
"cmixup",3,262,FALSE,0.391816923613249,0.64535511770344
"cmixup",3,263,TRUE,0.347427598618541,0.318284392320922
"cmixup",3,264,FALSE,0.352182518111362,0.211322161236762
"cmixup",3,265,TRUE,0.154119525515847,0.106179990318597
"cmixup",3,266,FALSE,0.591398551281249,0.424611848614447
"cmixup",3,267,TRUE,0.315970345456918,0.36537282899254
"cmixup",3,268,FALSE,0.470410490975931,0.463185014236728
"cmixup",3,269,FALSE,0.826074802700826,0.840785115549119
"cmixup",3,270,FALSE,0.234264124378789,0.379100595831518
"cmixup",3,271,FALSE,0.504878459410216,0.446221436066898
"cmixup",3,272,FALSE,0.582744965691277,0.356146004681595
"cmixup",3,273,FALSE,0.542327382773974,0.535653257184558
"cmixup",3,274,FALSE,0.657055852857104,0.484206428750391
"cmixup",3,275,FALSE,0.328379603438738,0.368237801086057
"cmixup",3,276,FALSE,0.4679039465228,0.202845275412808
"cmixup",3,277,FALSE,0.331427296520743,0.458589049570324
"cmixup",3,278,FALSE,0.352664799651101,0.416945354242695
"cmixup",3,279,FALSE,0.437116093048079,0.279349617469657
"cmixup",3,280,FALSE,0.325043347403704,0.360565863037322
"cmixup",3,281,FALSE,0.749581734865559,0.425353238028238
"cmixup",3,282,FALSE,0.775319121829478,0.525474252436657
"cmixup",3,283,FALSE,0.817565369559781,0.558245770749288
"cmixup",3,284,FALSE,0.526442668529935,0.297223377795026
"cmixup",3,285,FALSE,0.682145076373832,0.575996224573889
"cmixup",3,286,FALSE,0.425534220498263,0.501836819185185
"cmixup",3,287,FALSE,0.659726095237792,0.524456362881611
"cmixup",3,288,FALSE,0.672097857935718,0.413893943118921
"cmixup",3,289,FALSE,0.534026106056135,0.427085531805922
"cmixup",3,290,FALSE,0.615950051656401,0.565744160297234
"cmixup",3,291,TRUE,0.262451089730429,0.285962008723053
"rankgauss",1,1,TRUE,0.482873583608754,0.552870172617041
"rankgauss",1,2,TRUE,0.496929648073215,0.471867464530612
"rankgauss",1,3,TRUE,0.623042434246382,0.526654146205334
"rankgauss",1,4,TRUE,0.523746466811564,0.404709936653473
"rankgauss",1,5,TRUE,0.47567118832443,0.518785792196148
"rankgauss",1,6,FALSE,0.469674772551798,0.368061983533438
"rankgauss",1,7,FALSE,0.387389826338729,0.487497815505838
"rankgauss",1,8,FALSE,0.627365856592733,0.381581540596826
"rankgauss",1,9,FALSE,0.591064607026499,0.409154069108441
"rankgauss",1,10,FALSE,0.218220304175545,0.309983995251089
"rankgauss",1,11,TRUE,0.680335513414563,0.408095730886073
"rankgauss",1,12,TRUE,0.680607428991788,0.432008541077199
"rankgauss",1,13,FALSE,0.721810615212547,0.571813043293526
"rankgauss",1,14,TRUE,0.20682587603185,0.318899915679749
"rankgauss",1,15,TRUE,0.582063362911709,0.346498100190086
"rankgauss",1,16,FALSE,0.696094159995223,0.50508081194735
"rankgauss",1,17,TRUE,0.40823996531185,0.372062424113078
"rankgauss",1,18,FALSE,0.433001340945038,0.463769680691515
"rankgauss",1,19,FALSE,0.653212513775344,0.466781738534992
"rankgauss",1,20,FALSE,0.558072259099146,0.415453067354094
"rankgauss",1,21,FALSE,0.261928672990642,0.231065580278425
"rankgauss",1,22,TRUE,0.637489729512511,0.473432528671825
"rankgauss",1,23,FALSE,0.504878459410216,0.365620986290643
"rankgauss",1,24,FALSE,0.286995073968852,0.401648341795993
"rankgauss",1,25,TRUE,0.662757831681574,0.446631992059079
"rankgauss",1,26,FALSE,0.524525936626376,0.476060247517132
"rankgauss",1,27,TRUE,0.406540180433955,0.490799800873853
"rankgauss",1,28,FALSE,0.656098202012832,0.541356683443395
"rankgauss",1,29,FALSE,0.517987203025078,0.388909342940821
"rankgauss",1,30,FALSE,0.703119346236078,0.555118972154999
"rankgauss",1,31,FALSE,0.691081492122968,0.537847193587552
"rankgauss",1,32,FALSE,0.0141423615450058,0.339638374031058
"rankgauss",1,33,FALSE,0.733197265106569,0.680692865520057
"rankgauss",1,34,FALSE,0.408070285887185,0.420319031262542
"rankgauss",1,35,FALSE,0.396024896608593,0.435152031598839
"rankgauss",1,36,FALSE,0.398391440229475,0.497119209341145
"rankgauss",1,37,FALSE,0.770852011642144,0.569213803206701
"rankgauss",1,38,TRUE,0.15836249209525,0.344448392981871
"rankgauss",1,39,FALSE,0.625415352154408,0.534906585755733
"rankgauss",1,40,FALSE,0.496334505996816,0.502237996432472
"rankgauss",1,41,FALSE,0.679427896612119,0.617752737259205
"rankgauss",1,42,FALSE,0.610116955411928,0.548446813900337
"rankgauss",1,43,FALSE,0.645913275033844,0.447118328746303
"rankgauss",1,44,FALSE,0.465382851448418,0.43489585759581
"rankgauss",1,45,FALSE,0.569490954348783,0.557328806843289
"rankgauss",1,46,FALSE,0.187520720836463,0.260529789240951
"rankgauss",1,47,FALSE,0.465813957269479,0.497676025344736
"rankgauss",1,48,FALSE,0.231214647962601,0.514887149723826
"rankgauss",1,49,FALSE,0.670802284260944,0.643410075409121
"rankgauss",1,50,FALSE,0.459935016851525,0.534466713354305
"rankgauss",1,51,FALSE,0.287129620719111,0.407141245816696
"rankgauss",1,52,FALSE,0.6232492903979,0.525489961347579
"rankgauss",1,53,FALSE,0.8109042806687,0.665047861320794
"rankgauss",1,54,TRUE,0.354108439147401,0.456146343483501
"rankgauss",1,55,FALSE,0.129141845792285,0.398088320462725
"rankgauss",1,56,FALSE,0.244969460136198,0.366183214059827
"rankgauss",1,57,FALSE,0.364363354615731,0.393015565881164
"rankgauss",1,58,TRUE,0.334212409393176,0.413961877301912
"rankgauss",1,59,FALSE,0.489677291663699,0.524704949555754
"rankgauss",1,60,FALSE,0.525304009958239,0.465549846760257
"rankgauss",1,61,TRUE,0.406540180433955,0.364198332370333
"rankgauss",1,62,FALSE,0.335457900689384,0.581970334182977
"rankgauss",1,63,FALSE,0.419873175149476,0.497287747435208
"rankgauss",1,64,FALSE,0.397227181043161,0.528294735309552
"rankgauss",1,65,TRUE,0.59659709562646,0.640916739875497
"rankgauss",1,66,FALSE,0.260071387985075,0.441276306400197
"rankgauss",1,67,FALSE,0.489466281303128,0.591110204642561
"rankgauss",1,68,FALSE,0.544018407858776,0.680577639269898
"rankgauss",1,69,FALSE,0.665205628434601,0.656708120069245
"rankgauss",1,70,FALSE,0.537819095073274,0.618120533735907
"rankgauss",1,71,FALSE,0.501059262217751,0.582465663966224
"rankgauss",1,72,FALSE,0.415699348887829,0.429216649083034
"rankgauss",1,73,TRUE,0.298853076409707,0.408351074358494
"rankgauss",1,74,TRUE,0.289365951520032,0.353915264172144
"rankgauss",1,75,FALSE,0.497620649781288,0.336505117094142
"rankgauss",1,76,TRUE,0.778151250383644,0.557070381807509
"rankgauss",1,77,TRUE,0.260071387985075,0.416502160922914
"rankgauss",1,78,FALSE,0.367542273520577,0.497991848848904
"rankgauss",1,79,FALSE,0.534026106056135,0.471699972080906
"rankgauss",1,80,FALSE,0.287129620719111,0.276224143516477
"rankgauss",1,81,FALSE,0.469822015978163,0.397940320113055
"rankgauss",1,82,TRUE,0.399673721481038,0.346286594706264
"rankgauss",1,83,FALSE,0.307496037913213,0.23450076814789
"rankgauss",1,84,TRUE,0.322219294733919,0.354681013853698
"rankgauss",1,85,FALSE,0.247236549506764,0.385813651121945
"rankgauss",1,86,FALSE,0.6232492903979,0.43956879290114
"rankgauss",1,87,TRUE,0.429752280002408,0.374696788169982
"rankgauss",1,88,TRUE,0.566943971856554,0.427280896986115
"rankgauss",1,89,FALSE,0.605951157564873,0.531878471046245
"rankgauss",1,90,FALSE,0.265996370495079,0.497372290395103
"rankgauss",1,91,FALSE,0.555215405126073,0.396943293343736
"rankgauss",1,92,FALSE,0.638489256954637,0.491338378194839
"rankgauss",1,93,FALSE,0.528145078253106,0.571656484950831
"rankgauss",1,94,FALSE,0.227552503379865,0.568042329909677
"rankgauss",1,95,FALSE,0.430075055551939,0.538623762680964
"rankgauss",1,96,FALSE,0.184549481320698,0.334843612614129
"rankgauss",1,97,FALSE,0.472537053262077,0.523793445227765
"rankgauss",1,98,FALSE,0.60616631460762,0.463207027095467
"rankgauss",1,99,FALSE,0.685553652846326,0.622710430533472
"rankgauss",1,100,TRUE,0.296665190261531,0.555124118826218
"rankgauss",1,101,FALSE,0.491361693834273,0.530958026323312
"rankgauss",1,102,FALSE,0.513217600067939,0.36547177212346
"rankgauss",1,103,TRUE,0.64738297011462,0.480146099640836
"rankgauss",1,104,FALSE,0.491361693834273,0.524264100034707
"rankgauss",1,105,FALSE,0.406028944963615,0.46983767925381
"rankgauss",1,106,FALSE,0.752025387323213,0.505200424628696
"rankgauss",1,107,TRUE,0.6414741105041,0.442558135934482
"rankgauss",1,108,FALSE,0.416307587059883,0.583169053823466
"rankgauss",1,109,FALSE,0.966610986681934,0.755784952759185
"rankgauss",1,110,FALSE,0.188647295999717,0.324840109762736
"rankgauss",1,111,FALSE,0.708335902682263,0.524210231114017
"rankgauss",1,112,FALSE,0.685741738602264,0.7775998241853
"rankgauss",1,113,FALSE,0.559308010907013,0.555173149684586
"rankgauss",1,114,FALSE,0.355259905527378,0.456211540507681
"rankgauss",1,115,FALSE,0.187520720836463,0.324461379621175
"rankgauss",1,116,TRUE,0.569373909615046,0.435444622970046
"rankgauss",1,117,FALSE,0.572523097849638,0.558281045779916
"rankgauss",1,118,FALSE,0.538070787043172,0.542429860111662
"rankgauss",1,119,FALSE,0.374748346010104,0.357182363638517
"rankgauss",1,120,FALSE,0.294686624279443,0.38139293473091
"rankgauss",1,121,FALSE,0.432969290874406,0.471570585067623
"rankgauss",1,122,TRUE,0.320146286111054,0.599496843729204
"rankgauss",1,123,FALSE,0.574262829707027,0.437301733476853
"rankgauss",1,124,FALSE,0.610234175334389,0.637578242481659
"rankgauss",1,125,FALSE,0.173186268412274,0.296829158762488
"rankgauss",1,126,FALSE,0.314499227973151,0.437673138516078
"rankgauss",1,127,FALSE,0.753330221324521,0.55922338692502
"rankgauss",1,128,FALSE,0.338456493604605,0.516918909064266
"rankgauss",1,129,TRUE,0.0253058652647703,0.261723009360471
"rankgauss",1,130,FALSE,0.21045229296202,0.374501956111402
"rankgauss",1,131,FALSE,0.440121603187804,0.520232558324016
"rankgauss",1,132,TRUE,0.181872159010334,0.432984449420343
"rankgauss",1,133,FALSE,0.761326322421457,0.611579791460729
"rankgauss",1,134,FALSE,0.188084373714938,0.386681060290098
"rankgauss",1,135,FALSE,0.662757831681574,0.396632420357597
"rankgauss",1,136,FALSE,0.409425868671443,0.471679679333229
"rankgauss",1,137,FALSE,0.387389826338729,0.325079566977498
"rankgauss",1,138,FALSE,0.256236533205923,0.391145671359646
"rankgauss",1,139,FALSE,0.381656482585787,0.407993535932129
"rankgauss",1,140,FALSE,0.43568513794163,0.513925430822039
"rankgauss",1,141,FALSE,0.190331698170291,0.408766522375706
"rankgauss",1,142,TRUE,0.123851640967086,0.39716500904731
"rankgauss",1,143,FALSE,0.208978517276253,0.443438074615727
"rankgauss",1,144,TRUE,0.506505032404872,0.469960051106023
"rankgauss",1,145,FALSE,0.390935107103379,0.423955548501717
"rankgauss",1,146,FALSE,0.442479769064449,0.490735390812467
"rankgauss",1,147,FALSE,0.417139409727326,0.461202423896985
"rankgauss",1,148,FALSE,0.260071387985075,0.334517337508857
"rankgauss",1,149,TRUE,0.308777773664721,0.429860719531703
"rankgauss",1,150,FALSE,0.583198773968623,0.49118216242863
"rankgauss",1,151,TRUE,0.456062224454951,0.4177848256964
"rankgauss",1,152,FALSE,0.370698092575577,0.335761620982232
"rankgauss",1,153,FALSE,0.639486489268586,0.64290382251027
"rankgauss",1,154,FALSE,0.777412321496744,0.421256664867476
"rankgauss",1,155,TRUE,0.590284403718162,0.495043527907487
"rankgauss",1,156,FALSE,0.618215503279417,0.501617861962736
"rankgauss",1,157,FALSE,0.224533062606086,0.529822308250011
"rankgauss",1,158,FALSE,0.234010817587179,0.257913950254396
"rankgauss",1,159,FALSE,0.595826777073223,0.436644249463614
"rankgauss",1,160,TRUE,0.612783856719735,0.534489480689296
"rankgauss",1,161,FALSE,0.581266805273671,0.58230108654284
"rankgauss",1,162,FALSE,0.588383768378728,0.617180707515588
"rankgauss",1,163,FALSE,0.108226656374928,0.362675626284987
"rankgauss",1,164,TRUE,0.381115080709851,0.38404801911897
"rankgauss",1,165,FALSE,0.255272505103306,0.569461650567529
"rankgauss",1,166,FALSE,0.680879174426811,0.518206230565724
"rankgauss",1,167,FALSE,0.564784384503987,0.515811299112054
"rankgauss",1,168,TRUE,0.526339277389844,0.390735759667331
"rankgauss",1,169,FALSE,0.294466226161593,0.440401826717609
"rankgauss",1,170,FALSE,0.612783856719735,0.442894184966094
"rankgauss",1,171,FALSE,0.5182506513085,0.591235356749991
"rankgauss",1,172,FALSE,0.442949869577862,0.352613352714042
"rankgauss",1,173,FALSE,0.505149978319906,0.490611120032447
"rankgauss",1,174,FALSE,0.305995882770805,0.406240415390273
"rankgauss",1,175,TRUE,0.612783856719735,0.408666722370866
"rankgauss",1,176,TRUE,0.204119982655925,0.406427178969175
"rankgauss",1,177,FALSE,0.677333151419902,0.417497654149251
"rankgauss",1,178,FALSE,0.345961541813141,0.486447109120734
"rankgauss",1,179,FALSE,0.361160995195026,0.487544074904084
"rankgauss",1,180,TRUE,0.127104798364808,0.188323322914
"rankgauss",1,181,FALSE,0.514547752660286,0.29465906426278
"rankgauss",1,182,FALSE,0.362350507594848,0.507685270959663
"rankgauss",1,183,FALSE,0.662757831681574,0.504987454483706
"rankgauss",1,184,FALSE,0.313867220369153,0.43444599285329
"rankgauss",1,185,FALSE,0.839666556882433,0.468275973743526
"rankgauss",1,186,FALSE,0.16999753706657,0.33559005325137
"rankgauss",1,187,FALSE,0.129367595722986,0.128040916160514
"rankgauss",1,188,FALSE,0.36078268987328,0.335968650155015
"rankgauss",1,189,FALSE,0.429106008332697,0.472471559858896
"rankgauss",1,190,FALSE,0.702602841340427,0.587609583942836
"rankgauss",1,191,FALSE,0.571708831808688,0.475870152240746
"rankgauss",1,192,FALSE,0.343920385393226,0.294598095662452
"rankgauss",1,193,FALSE,0.695131297704026,0.54534642830295
"rankgauss",1,194,FALSE,0.629409599102719,0.564325254772137
"rankgauss",1,195,FALSE,0.414973347970818,0.396544001607213
"rankgauss",1,196,FALSE,0.276231957921834,0.36794331222673
"rankgauss",1,197,FALSE,0.531478917042255,0.572559718278157
"rankgauss",1,198,FALSE,0.236789099409293,0.365437928836594
"rankgauss",1,199,FALSE,0.756407872548958,0.749873086924072
"rankgauss",1,200,FALSE,0.718750734739665,0.582116711669756
"rankgauss",1,201,FALSE,0.515211304327802,0.465902699209768
"rankgauss",1,202,TRUE,0.3654879848909,0.260615251184907
"rankgauss",1,203,TRUE,0.344392273685111,0.408386331504841
"rankgauss",1,204,FALSE,0.196728722623287,0.442905186526044
"rankgauss",1,205,FALSE,0.392696953259666,0.361153798216034
"rankgauss",1,206,FALSE,0.365394376854778,0.465383921168699
"rankgauss",1,207,TRUE,0.389166084364532,0.416914359365329
"rankgauss",1,208,FALSE,0.653212513775344,0.503287031341362
"rankgauss",1,209,FALSE,0.440594261839831,0.397736751778896
"rankgauss",1,210,TRUE,0.202215775801131,0.476675254624981
"rankgauss",1,211,FALSE,0.48572142648158,0.406532768169308
"rankgauss",1,212,FALSE,0.244277120801843,0.471077331884126
"rankgauss",1,213,FALSE,0.372727940885595,0.454386300252269
"rankgauss",1,214,FALSE,0.52244423350632,0.516480818990848
"rankgauss",1,215,FALSE,0.257678574869184,0.397335302859375
"rankgauss",1,216,FALSE,0.384353414137506,0.573093896088259
"rankgauss",1,217,FALSE,0.335858911319818,0.505296283528993
"rankgauss",1,218,FALSE,0.555094448578319,0.573519882826372
"rankgauss",1,219,FALSE,0.271841606536499,0.469674297059344
"rankgauss",1,220,FALSE,0.471291711058939,0.409352820473623
"rankgauss",1,221,TRUE,0.294906910605192,0.420834649069846
"rankgauss",1,222,FALSE,0.655138434811382,0.623267290912559
"rankgauss",1,223,FALSE,0.528916700277655,0.440009683653231
"rankgauss",1,224,FALSE,0.777426822389311,0.519326890779073
"rankgauss",1,225,TRUE,0.191730393362856,0.499253238701707
"rankgauss",1,226,FALSE,0.239549720840473,0.419362409362908
"rankgauss",1,227,TRUE,0.582404298019028,0.587219396869305
"rankgauss",1,228,TRUE,0.569373909615046,0.325488210202233
"rankgauss",1,229,FALSE,0.334252642334231,0.361328667128404
"rankgauss",1,230,FALSE,0.406369835469268,0.488369043611587
"rankgauss",1,231,FALSE,0.0597526942092988,0.294727275429431
"rankgauss",1,232,TRUE,0.472463896606989,0.513323422962489
"rankgauss",1,233,FALSE,0.666985718329661,0.434385836721935
"rankgauss",1,234,FALSE,0.65417654187796,0.481265745859799
"rankgauss",1,235,FALSE,0.259593878885949,0.486968994509857
"rankgauss",1,236,FALSE,0.527114111639805,0.611740562416725
"rankgauss",1,237,TRUE,0.367169488534681,0.363789286726668
"rankgauss",1,238,TRUE,0.19228861256812,0.327842165371101
"rankgauss",1,239,FALSE,0.478566495593843,0.288051764346023
"rankgauss",1,240,FALSE,0.253580289562183,0.294492079233404
"rankgauss",1,241,FALSE,0.27554168840131,0.389775338423314
"rankgauss",1,242,FALSE,0.532627001228891,0.387224648526782
"rankgauss",1,243,TRUE,0.542451947375977,0.410065422567183
"rankgauss",1,244,FALSE,0.381836799998343,0.415037379994617
"rankgauss",1,245,TRUE,0.511616020569138,0.583674126193198
"rankgauss",1,246,FALSE,0.476831628512261,0.590945534763316
"rankgauss",1,247,FALSE,0.301029995663981,0.471934183673804
"rankgauss",1,248,FALSE,0.325823419002744,0.34708520256992
"rankgauss",1,249,FALSE,0.586024382386976,0.497256210416903
"rankgauss",1,250,FALSE,0.218535505216528,0.328331366561952
"rankgauss",1,251,FALSE,0.0480531731156091,0.193441644858319
"rankgauss",1,252,FALSE,0.378397900948138,0.56530348470298
"rankgauss",1,253,FALSE,0.595275711802099,0.432093117968843
"rankgauss",1,254,FALSE,0.398807730203264,0.470604518738249
"rankgauss",1,255,TRUE,0.161368002234975,0.294852787329366
"rankgauss",1,256,FALSE,0.456214155357989,0.471201452389528
"rankgauss",1,257,FALSE,0.641126932803509,0.465312773025881
"rankgauss",1,258,FALSE,0.54020429984206,0.345648842062165
"rankgauss",1,259,FALSE,0.0328201494385639,0.183977917450153
"rankgauss",1,260,FALSE,0.434888120867316,0.533546403529297
"rankgauss",1,261,FALSE,0.332034277027518,0.490420844393488
"rankgauss",1,262,FALSE,0.391816923613249,0.617952278115285
"rankgauss",1,263,TRUE,0.347427598618541,0.361870773152173
"rankgauss",1,264,FALSE,0.352182518111362,0.23423523661995
"rankgauss",1,265,TRUE,0.154119525515847,0.245373765821195
"rankgauss",1,266,FALSE,0.591398551281249,0.424003471656842
"rankgauss",1,267,TRUE,0.315970345456918,0.406745470054357
"rankgauss",1,268,FALSE,0.470410490975931,0.465799140660287
"rankgauss",1,269,FALSE,0.826074802700826,0.695409172435052
"rankgauss",1,270,FALSE,0.234264124378789,0.375584801847476
"rankgauss",1,271,FALSE,0.504878459410216,0.478236085127621
"rankgauss",1,272,FALSE,0.582744965691277,0.391168466257604
"rankgauss",1,273,FALSE,0.542327382773974,0.523262203966581
"rankgauss",1,274,FALSE,0.657055852857104,0.465428741311071
"rankgauss",1,275,FALSE,0.328379603438738,0.360849029981496
"rankgauss",1,276,FALSE,0.4679039465228,0.254940983571636
"rankgauss",1,277,FALSE,0.331427296520743,0.498752629143287
"rankgauss",1,278,FALSE,0.352664799651101,0.469585763350172
"rankgauss",1,279,FALSE,0.437116093048079,0.330934007349774
"rankgauss",1,280,FALSE,0.325043347403704,0.391524950900255
"rankgauss",1,281,FALSE,0.749581734865559,0.456181636414194
"rankgauss",1,282,FALSE,0.775319121829478,0.521597359934137
"rankgauss",1,283,FALSE,0.817565369559781,0.525708550471458
"rankgauss",1,284,FALSE,0.526442668529935,0.353874684306261
"rankgauss",1,285,FALSE,0.682145076373832,0.569445713306473
"rankgauss",1,286,FALSE,0.425534220498263,0.54266767058415
"rankgauss",1,287,FALSE,0.659726095237792,0.527955692086168
"rankgauss",1,288,FALSE,0.672097857935718,0.397436905014959
"rankgauss",1,289,FALSE,0.534026106056135,0.399251104837668
"rankgauss",1,290,FALSE,0.615950051656401,0.571500807618735
"rankgauss",1,291,TRUE,0.262451089730429,0.398903017869445
"rankgauss",2,1,TRUE,0.482873583608754,0.530650727491841
"rankgauss",2,2,TRUE,0.496929648073215,0.429886102079857
"rankgauss",2,3,TRUE,0.623042434246382,0.524968052226863
"rankgauss",2,4,TRUE,0.523746466811564,0.39055564997339
"rankgauss",2,5,TRUE,0.47567118832443,0.484170708762935
"rankgauss",2,6,FALSE,0.469674772551798,0.336469985095191
"rankgauss",2,7,FALSE,0.387389826338729,0.499176950951542
"rankgauss",2,8,FALSE,0.627365856592733,0.435995472426581
"rankgauss",2,9,FALSE,0.591064607026499,0.392434301777848
"rankgauss",2,10,FALSE,0.218220304175545,0.362047291883273
"rankgauss",2,11,TRUE,0.680335513414563,0.395969244687245
"rankgauss",2,12,TRUE,0.680607428991788,0.397629518233209
"rankgauss",2,13,FALSE,0.721810615212547,0.582415342653611
"rankgauss",2,14,TRUE,0.20682587603185,0.409054508797613
"rankgauss",2,15,TRUE,0.582063362911709,0.366349868240092
"rankgauss",2,16,FALSE,0.696094159995223,0.528198917965459
"rankgauss",2,17,TRUE,0.40823996531185,0.359889943715796
"rankgauss",2,18,FALSE,0.433001340945038,0.46938498120107
"rankgauss",2,19,FALSE,0.653212513775344,0.432994337278829
"rankgauss",2,20,FALSE,0.558072259099146,0.409987506948008
"rankgauss",2,21,FALSE,0.261928672990642,0.204510460479578
"rankgauss",2,22,TRUE,0.637489729512511,0.505572220259297
"rankgauss",2,23,FALSE,0.504878459410216,0.394039528202148
"rankgauss",2,24,FALSE,0.286995073968852,0.386594925665822
"rankgauss",2,25,TRUE,0.662757831681574,0.440287310375874
"rankgauss",2,26,FALSE,0.524525936626376,0.496539397898413
"rankgauss",2,27,TRUE,0.406540180433955,0.490930105328611
"rankgauss",2,28,FALSE,0.656098202012832,0.529601438685525
"rankgauss",2,29,FALSE,0.517987203025078,0.436687600434571
"rankgauss",2,30,FALSE,0.703119346236078,0.563826508865925
"rankgauss",2,31,FALSE,0.691081492122968,0.558625042634461
"rankgauss",2,32,FALSE,0.0141423615450058,0.35260412812373
"rankgauss",2,33,FALSE,0.733197265106569,0.679560102174102
"rankgauss",2,34,FALSE,0.408070285887185,0.422161995375355
"rankgauss",2,35,FALSE,0.396024896608593,0.430780964005789
"rankgauss",2,36,FALSE,0.398391440229475,0.505028912046151
"rankgauss",2,37,FALSE,0.770852011642144,0.555530911270333
"rankgauss",2,38,TRUE,0.15836249209525,0.335239845602201
"rankgauss",2,39,FALSE,0.625415352154408,0.555572958041318
"rankgauss",2,40,FALSE,0.496334505996816,0.507932961877653
"rankgauss",2,41,FALSE,0.679427896612119,0.59066093473877
"rankgauss",2,42,FALSE,0.610116955411928,0.568937021827663
"rankgauss",2,43,FALSE,0.645913275033844,0.476682552182284
"rankgauss",2,44,FALSE,0.465382851448418,0.441205055371042
"rankgauss",2,45,FALSE,0.569490954348783,0.54297753097259
"rankgauss",2,46,FALSE,0.187520720836463,0.260653458474211
"rankgauss",2,47,FALSE,0.465813957269479,0.512529330578105
"rankgauss",2,48,FALSE,0.231214647962601,0.524251265706843
"rankgauss",2,49,FALSE,0.670802284260944,0.644832260087419
"rankgauss",2,50,FALSE,0.459935016851525,0.537889820547499
"rankgauss",2,51,FALSE,0.287129620719111,0.439326002033834
"rankgauss",2,52,FALSE,0.6232492903979,0.504998776714814
"rankgauss",2,53,FALSE,0.8109042806687,0.675666395466229
"rankgauss",2,54,TRUE,0.354108439147401,0.460926318606407
"rankgauss",2,55,FALSE,0.129141845792285,0.434049602524801
"rankgauss",2,56,FALSE,0.244969460136198,0.41817236151756
"rankgauss",2,57,FALSE,0.364363354615731,0.406483945105219
"rankgauss",2,58,TRUE,0.334212409393176,0.392619481726574
"rankgauss",2,59,FALSE,0.489677291663699,0.52593610210451
"rankgauss",2,60,FALSE,0.525304009958239,0.429728016272929
"rankgauss",2,61,TRUE,0.406540180433955,0.344285766152463
"rankgauss",2,62,FALSE,0.335457900689384,0.57028301198885
"rankgauss",2,63,FALSE,0.419873175149476,0.527089088403813
"rankgauss",2,64,FALSE,0.397227181043161,0.481981540637448
"rankgauss",2,65,TRUE,0.59659709562646,0.61766822958663
"rankgauss",2,66,FALSE,0.260071387985075,0.44292404583437
"rankgauss",2,67,FALSE,0.489466281303128,0.596217967278346
"rankgauss",2,68,FALSE,0.544018407858776,0.687490863388512
"rankgauss",2,69,FALSE,0.665205628434601,0.675770808023766
"rankgauss",2,70,FALSE,0.537819095073274,0.496406457984697
"rankgauss",2,71,FALSE,0.501059262217751,0.566798877145696
"rankgauss",2,72,FALSE,0.415699348887829,0.45959434665991
"rankgauss",2,73,TRUE,0.298853076409707,0.401657831380085
"rankgauss",2,74,TRUE,0.289365951520032,0.356693413549591
"rankgauss",2,75,FALSE,0.497620649781288,0.428315413551135
"rankgauss",2,76,TRUE,0.778151250383644,0.475133420011987
"rankgauss",2,77,TRUE,0.260071387985075,0.391779333833323
"rankgauss",2,78,FALSE,0.367542273520577,0.47023381193421
"rankgauss",2,79,FALSE,0.534026106056135,0.472488799165893
"rankgauss",2,80,FALSE,0.287129620719111,0.322279998327668
"rankgauss",2,81,FALSE,0.469822015978163,0.406102312023566
"rankgauss",2,82,TRUE,0.399673721481038,0.325221231522217
"rankgauss",2,83,FALSE,0.307496037913213,0.255716058172104
"rankgauss",2,84,TRUE,0.322219294733919,0.43626901180037
"rankgauss",2,85,FALSE,0.247236549506764,0.381376822943607
"rankgauss",2,86,FALSE,0.6232492903979,0.472500389156421
"rankgauss",2,87,TRUE,0.429752280002408,0.424192577577939
"rankgauss",2,88,TRUE,0.566943971856554,0.395584918111391
"rankgauss",2,89,FALSE,0.605951157564873,0.568544043764043
"rankgauss",2,90,FALSE,0.265996370495079,0.469766513833086
"rankgauss",2,91,FALSE,0.555215405126073,0.407299909844018
"rankgauss",2,92,FALSE,0.638489256954637,0.491076945284969
"rankgauss",2,93,FALSE,0.528145078253106,0.555124879022275
"rankgauss",2,94,FALSE,0.227552503379865,0.565580739651656
"rankgauss",2,95,FALSE,0.430075055551939,0.57010272652561
"rankgauss",2,96,FALSE,0.184549481320698,0.355796296528196
"rankgauss",2,97,FALSE,0.472537053262077,0.518191927668217
"rankgauss",2,98,FALSE,0.60616631460762,0.398120403572002
"rankgauss",2,99,FALSE,0.685553652846326,0.615251473021285
"rankgauss",2,100,TRUE,0.296665190261531,0.474402005784384
"rankgauss",2,101,FALSE,0.491361693834273,0.573576078582542
"rankgauss",2,102,FALSE,0.513217600067939,0.356361517411345
"rankgauss",2,103,TRUE,0.64738297011462,0.415284375309689
"rankgauss",2,104,FALSE,0.491361693834273,0.494345264972278
"rankgauss",2,105,FALSE,0.406028944963615,0.436029848418029
"rankgauss",2,106,FALSE,0.752025387323213,0.518175354869256
"rankgauss",2,107,TRUE,0.6414741105041,0.496883083324453
"rankgauss",2,108,FALSE,0.416307587059883,0.582742066077432
"rankgauss",2,109,FALSE,0.966610986681934,0.754725432026787
"rankgauss",2,110,FALSE,0.188647295999717,0.303053710675064
"rankgauss",2,111,FALSE,0.708335902682263,0.49759173541875
"rankgauss",2,112,FALSE,0.685741738602264,0.777962741098165
"rankgauss",2,113,FALSE,0.559308010907013,0.540467635981087
"rankgauss",2,114,FALSE,0.355259905527378,0.442668744568139
"rankgauss",2,115,FALSE,0.187520720836463,0.341628271821734
"rankgauss",2,116,TRUE,0.569373909615046,0.456438671644867
"rankgauss",2,117,FALSE,0.572523097849638,0.595517714234462
"rankgauss",2,118,FALSE,0.538070787043172,0.538481692639667
"rankgauss",2,119,FALSE,0.374748346010104,0.384558000953649
"rankgauss",2,120,FALSE,0.294686624279443,0.31559203977883
"rankgauss",2,121,FALSE,0.432969290874406,0.469485870588983
"rankgauss",2,122,TRUE,0.320146286111054,0.595318000998069
"rankgauss",2,123,FALSE,0.574262829707027,0.435089090884111
"rankgauss",2,124,FALSE,0.610234175334389,0.652476904188475
"rankgauss",2,125,FALSE,0.173186268412274,0.260028273788002
"rankgauss",2,126,FALSE,0.314499227973151,0.419063773321172
"rankgauss",2,127,FALSE,0.753330221324521,0.491151370580993
"rankgauss",2,128,FALSE,0.338456493604605,0.512741573294177
"rankgauss",2,129,TRUE,0.0253058652647703,0.221076166974347
"rankgauss",2,130,FALSE,0.21045229296202,0.382242709799655
"rankgauss",2,131,FALSE,0.440121603187804,0.559815980427061
"rankgauss",2,132,TRUE,0.181872159010334,0.409313904317541
"rankgauss",2,133,FALSE,0.761326322421457,0.630103221767661
"rankgauss",2,134,FALSE,0.188084373714938,0.406205926524414
"rankgauss",2,135,FALSE,0.662757831681574,0.400282878182745
"rankgauss",2,136,FALSE,0.409425868671443,0.496536101336296
"rankgauss",2,137,FALSE,0.387389826338729,0.300819280783212
"rankgauss",2,138,FALSE,0.256236533205923,0.386879469324114
"rankgauss",2,139,FALSE,0.381656482585787,0.441389421999899
"rankgauss",2,140,FALSE,0.43568513794163,0.523993707865407
"rankgauss",2,141,FALSE,0.190331698170291,0.392971646120556
"rankgauss",2,142,TRUE,0.123851640967086,0.43329401676539
"rankgauss",2,143,FALSE,0.208978517276253,0.440350938322661
"rankgauss",2,144,TRUE,0.506505032404872,0.47091200347568
"rankgauss",2,145,FALSE,0.390935107103379,0.415326002274981
"rankgauss",2,146,FALSE,0.442479769064449,0.50494127433743
"rankgauss",2,147,FALSE,0.417139409727326,0.457210763689504
"rankgauss",2,148,FALSE,0.260071387985075,0.334239141992072
"rankgauss",2,149,TRUE,0.308777773664721,0.412821391795451
"rankgauss",2,150,FALSE,0.583198773968623,0.470671713584612
"rankgauss",2,151,TRUE,0.456062224454951,0.434190938811379
"rankgauss",2,152,FALSE,0.370698092575577,0.300535320009757
"rankgauss",2,153,FALSE,0.639486489268586,0.654579923544675
"rankgauss",2,154,FALSE,0.777412321496744,0.457648922575875
"rankgauss",2,155,TRUE,0.590284403718162,0.513155048437825
"rankgauss",2,156,FALSE,0.618215503279417,0.532396698036309
"rankgauss",2,157,FALSE,0.224533062606086,0.525445845622156
"rankgauss",2,158,FALSE,0.234010817587179,0.318786330597125
"rankgauss",2,159,FALSE,0.595826777073223,0.435427869552419
"rankgauss",2,160,TRUE,0.612783856719735,0.524570089152572
"rankgauss",2,161,FALSE,0.581266805273671,0.572130879180051
"rankgauss",2,162,FALSE,0.588383768378728,0.62349117860304
"rankgauss",2,163,FALSE,0.108226656374928,0.411920859532651
"rankgauss",2,164,TRUE,0.381115080709851,0.381834941073118
"rankgauss",2,165,FALSE,0.255272505103306,0.591233105918877
"rankgauss",2,166,FALSE,0.680879174426811,0.54238959312725
"rankgauss",2,167,FALSE,0.564784384503987,0.52921717536288
"rankgauss",2,168,TRUE,0.526339277389844,0.362327533861081
"rankgauss",2,169,FALSE,0.294466226161593,0.450403660178606
"rankgauss",2,170,FALSE,0.612783856719735,0.474524076862185
"rankgauss",2,171,FALSE,0.5182506513085,0.591173513104066
"rankgauss",2,172,FALSE,0.442949869577862,0.39626649609675
"rankgauss",2,173,FALSE,0.505149978319906,0.497157284309019
"rankgauss",2,174,FALSE,0.305995882770805,0.397873461264027
"rankgauss",2,175,TRUE,0.612783856719735,0.490525568975247
"rankgauss",2,176,TRUE,0.204119982655925,0.397686564722113
"rankgauss",2,177,FALSE,0.677333151419902,0.468550502015286
"rankgauss",2,178,FALSE,0.345961541813141,0.517855224248979
"rankgauss",2,179,FALSE,0.361160995195026,0.478549280663919
"rankgauss",2,180,TRUE,0.127104798364808,0.191547059575262
"rankgauss",2,181,FALSE,0.514547752660286,0.287891456663705
"rankgauss",2,182,FALSE,0.362350507594848,0.518128115129744
"rankgauss",2,183,FALSE,0.662757831681574,0.514546523697781
"rankgauss",2,184,FALSE,0.313867220369153,0.416661403393711
"rankgauss",2,185,FALSE,0.839666556882433,0.50612890771606
"rankgauss",2,186,FALSE,0.16999753706657,0.334243016520786
"rankgauss",2,187,FALSE,0.129367595722986,0.0493933308704136
"rankgauss",2,188,FALSE,0.36078268987328,0.344485353526631
"rankgauss",2,189,FALSE,0.429106008332697,0.468794374805675
"rankgauss",2,190,FALSE,0.702602841340427,0.569471626804823
"rankgauss",2,191,FALSE,0.571708831808688,0.440797042517003
"rankgauss",2,192,FALSE,0.343920385393226,0.408225771125899
"rankgauss",2,193,FALSE,0.695131297704026,0.531690188662415
"rankgauss",2,194,FALSE,0.629409599102719,0.558689611206652
"rankgauss",2,195,FALSE,0.414973347970818,0.389243057360653
"rankgauss",2,196,FALSE,0.276231957921834,0.395212755542779
"rankgauss",2,197,FALSE,0.531478917042255,0.578768831974122
"rankgauss",2,198,FALSE,0.236789099409293,0.376028165656953
"rankgauss",2,199,FALSE,0.756407872548958,0.751683290435023
"rankgauss",2,200,FALSE,0.718750734739665,0.49157214139926
"rankgauss",2,201,FALSE,0.515211304327802,0.467202385127613
"rankgauss",2,202,TRUE,0.3654879848909,0.287073841264228
"rankgauss",2,203,TRUE,0.344392273685111,0.43543183549241
"rankgauss",2,204,FALSE,0.196728722623287,0.45705837543229
"rankgauss",2,205,FALSE,0.392696953259666,0.474402832521982
"rankgauss",2,206,FALSE,0.365394376854778,0.4966786966631
"rankgauss",2,207,TRUE,0.389166084364532,0.456064022229021
"rankgauss",2,208,FALSE,0.653212513775344,0.477472240334104
"rankgauss",2,209,FALSE,0.440594261839831,0.392413467124058
"rankgauss",2,210,TRUE,0.202215775801131,0.472110029285005
"rankgauss",2,211,FALSE,0.48572142648158,0.381783902865342
"rankgauss",2,212,FALSE,0.244277120801843,0.496842083794396
"rankgauss",2,213,FALSE,0.372727940885595,0.497166259677087
"rankgauss",2,214,FALSE,0.52244423350632,0.47252751754686
"rankgauss",2,215,FALSE,0.257678574869184,0.39245344064036
"rankgauss",2,216,FALSE,0.384353414137506,0.601290728317329
"rankgauss",2,217,FALSE,0.335858911319818,0.476747811422243
"rankgauss",2,218,FALSE,0.555094448578319,0.48558225137457
"rankgauss",2,219,FALSE,0.271841606536499,0.51660572786346
"rankgauss",2,220,FALSE,0.471291711058939,0.410078236227006
"rankgauss",2,221,TRUE,0.294906910605192,0.409637845649213
"rankgauss",2,222,FALSE,0.655138434811382,0.626681718312404
"rankgauss",2,223,FALSE,0.528916700277655,0.48657888319398
"rankgauss",2,224,FALSE,0.777426822389311,0.526919612439982
"rankgauss",2,225,TRUE,0.191730393362856,0.524353002549265
"rankgauss",2,226,FALSE,0.239549720840473,0.404973720521295
"rankgauss",2,227,TRUE,0.582404298019028,0.569466245217854
"rankgauss",2,228,TRUE,0.569373909615046,0.328449601910129
"rankgauss",2,229,FALSE,0.334252642334231,0.384888991934201
"rankgauss",2,230,FALSE,0.406369835469268,0.511644682451095
"rankgauss",2,231,FALSE,0.0597526942092988,0.313368361601509
"rankgauss",2,232,TRUE,0.472463896606989,0.48970630192799
"rankgauss",2,233,FALSE,0.666985718329661,0.440867254875264
"rankgauss",2,234,FALSE,0.65417654187796,0.524171435658533
"rankgauss",2,235,FALSE,0.259593878885949,0.465187977971537
"rankgauss",2,236,FALSE,0.527114111639805,0.612177263628477
"rankgauss",2,237,TRUE,0.367169488534681,0.360850036001813
"rankgauss",2,238,TRUE,0.19228861256812,0.314153414212929
"rankgauss",2,239,FALSE,0.478566495593843,0.409086441071199
"rankgauss",2,240,FALSE,0.253580289562183,0.416105950109662
"rankgauss",2,241,FALSE,0.27554168840131,0.357129498767016
"rankgauss",2,242,FALSE,0.532627001228891,0.293897113218789
"rankgauss",2,243,TRUE,0.542451947375977,0.39524423115215
"rankgauss",2,244,FALSE,0.381836799998343,0.429186007181587
"rankgauss",2,245,TRUE,0.511616020569138,0.571847061469938
"rankgauss",2,246,FALSE,0.476831628512261,0.589848244480768
"rankgauss",2,247,FALSE,0.301029995663981,0.52250436449232
"rankgauss",2,248,FALSE,0.325823419002744,0.364162338463606
"rankgauss",2,249,FALSE,0.586024382386976,0.49674400285976
"rankgauss",2,250,FALSE,0.218535505216528,0.292587314216599
"rankgauss",2,251,FALSE,0.0480531731156091,0.205566680872469
"rankgauss",2,252,FALSE,0.378397900948138,0.559100900430917
"rankgauss",2,253,FALSE,0.595275711802099,0.408391654193115
"rankgauss",2,254,FALSE,0.398807730203264,0.481201008317804
"rankgauss",2,255,TRUE,0.161368002234975,0.294836670260378
"rankgauss",2,256,FALSE,0.456214155357989,0.453772308282953
"rankgauss",2,257,FALSE,0.641126932803509,0.472491280974238
"rankgauss",2,258,FALSE,0.54020429984206,0.374697188298387
"rankgauss",2,259,FALSE,0.0328201494385639,0.364709360585616
"rankgauss",2,260,FALSE,0.434888120867316,0.552962426135608
"rankgauss",2,261,FALSE,0.332034277027518,0.555203108247464
"rankgauss",2,262,FALSE,0.391816923613249,0.621784084069441
"rankgauss",2,263,TRUE,0.347427598618541,0.279063491693722
"rankgauss",2,264,FALSE,0.352182518111362,0.287087312324302
"rankgauss",2,265,TRUE,0.154119525515847,0.218439727991515
"rankgauss",2,266,FALSE,0.591398551281249,0.440419389194158
"rankgauss",2,267,TRUE,0.315970345456918,0.384359044241197
"rankgauss",2,268,FALSE,0.470410490975931,0.47218167726232
"rankgauss",2,269,FALSE,0.826074802700826,0.744006842095435
"rankgauss",2,270,FALSE,0.234264124378789,0.432978384075961
"rankgauss",2,271,FALSE,0.504878459410216,0.458052595675751
"rankgauss",2,272,FALSE,0.582744965691277,0.380740685840943
"rankgauss",2,273,FALSE,0.542327382773974,0.522660730002196
"rankgauss",2,274,FALSE,0.657055852857104,0.457004342752271
"rankgauss",2,275,FALSE,0.328379603438738,0.364636171593256
"rankgauss",2,276,FALSE,0.4679039465228,0.255777010433981
"rankgauss",2,277,FALSE,0.331427296520743,0.471877989815054
"rankgauss",2,278,FALSE,0.352664799651101,0.423042376595029
"rankgauss",2,279,FALSE,0.437116093048079,0.311779826527959
"rankgauss",2,280,FALSE,0.325043347403704,0.369550420986459
"rankgauss",2,281,FALSE,0.749581734865559,0.465087117260164
"rankgauss",2,282,FALSE,0.775319121829478,0.470293188645782
"rankgauss",2,283,FALSE,0.817565369559781,0.538636216090875
"rankgauss",2,284,FALSE,0.526442668529935,0.36341306077726
"rankgauss",2,285,FALSE,0.682145076373832,0.564828731694062
"rankgauss",2,286,FALSE,0.425534220498263,0.531679143637898
"rankgauss",2,287,FALSE,0.659726095237792,0.512142889196727
"rankgauss",2,288,FALSE,0.672097857935718,0.391492305994044
"rankgauss",2,289,FALSE,0.534026106056135,0.431727488294253
"rankgauss",2,290,FALSE,0.615950051656401,0.581707908136407
"rankgauss",2,291,TRUE,0.262451089730429,0.385466284609525
"rankgauss",3,1,TRUE,0.482873583608754,0.524252401421856
"rankgauss",3,2,TRUE,0.496929648073215,0.429472837089291
"rankgauss",3,3,TRUE,0.623042434246382,0.548379197601309
"rankgauss",3,4,TRUE,0.523746466811564,0.381676737103713
"rankgauss",3,5,TRUE,0.47567118832443,0.469753754944596
"rankgauss",3,6,FALSE,0.469674772551798,0.33053159356062
"rankgauss",3,7,FALSE,0.387389826338729,0.486039444980717
"rankgauss",3,8,FALSE,0.627365856592733,0.374097089925613
"rankgauss",3,9,FALSE,0.591064607026499,0.435217700444984
"rankgauss",3,10,FALSE,0.218220304175545,0.323112450287724
"rankgauss",3,11,TRUE,0.680335513414563,0.415510581761278
"rankgauss",3,12,TRUE,0.680607428991788,0.406408987783438
"rankgauss",3,13,FALSE,0.721810615212547,0.58762583277806
"rankgauss",3,14,TRUE,0.20682587603185,0.322041740020699
"rankgauss",3,15,TRUE,0.582063362911709,0.36547910562005
"rankgauss",3,16,FALSE,0.696094159995223,0.542416330033967
"rankgauss",3,17,TRUE,0.40823996531185,0.38122818912696
"rankgauss",3,18,FALSE,0.433001340945038,0.460480705080478
"rankgauss",3,19,FALSE,0.653212513775344,0.465456103632749
"rankgauss",3,20,FALSE,0.558072259099146,0.437538924717608
"rankgauss",3,21,FALSE,0.261928672990642,0.235416993955791
"rankgauss",3,22,TRUE,0.637489729512511,0.526834389486283
"rankgauss",3,23,FALSE,0.504878459410216,0.377602271301844
"rankgauss",3,24,FALSE,0.286995073968852,0.393153865243455
"rankgauss",3,25,TRUE,0.662757831681574,0.441434255805608
"rankgauss",3,26,FALSE,0.524525936626376,0.505282371408564
"rankgauss",3,27,TRUE,0.406540180433955,0.49525493654223
"rankgauss",3,28,FALSE,0.656098202012832,0.526180704677696
"rankgauss",3,29,FALSE,0.517987203025078,0.398690500100086
"rankgauss",3,30,FALSE,0.703119346236078,0.536267337496459
"rankgauss",3,31,FALSE,0.691081492122968,0.542368971330285
"rankgauss",3,32,FALSE,0.0141423615450058,0.384635993411304
"rankgauss",3,33,FALSE,0.733197265106569,0.668486080714929
"rankgauss",3,34,FALSE,0.408070285887185,0.42349252788536
"rankgauss",3,35,FALSE,0.396024896608593,0.438596175500106
"rankgauss",3,36,FALSE,0.398391440229475,0.490018667268323
"rankgauss",3,37,FALSE,0.770852011642144,0.572170893648953
"rankgauss",3,38,TRUE,0.15836249209525,0.299834109901658
"rankgauss",3,39,FALSE,0.625415352154408,0.537966809907674
"rankgauss",3,40,FALSE,0.496334505996816,0.528815370774711
"rankgauss",3,41,FALSE,0.679427896612119,0.60600079277377
"rankgauss",3,42,FALSE,0.610116955411928,0.569406911950027
"rankgauss",3,43,FALSE,0.645913275033844,0.472749732072864
"rankgauss",3,44,FALSE,0.465382851448418,0.447242469918828
"rankgauss",3,45,FALSE,0.569490954348783,0.558924680415602
"rankgauss",3,46,FALSE,0.187520720836463,0.292565628382349
"rankgauss",3,47,FALSE,0.465813957269479,0.524361459462806
"rankgauss",3,48,FALSE,0.231214647962601,0.56429791211068
"rankgauss",3,49,FALSE,0.670802284260944,0.627597881841247
"rankgauss",3,50,FALSE,0.459935016851525,0.540744187529535
"rankgauss",3,51,FALSE,0.287129620719111,0.41707028624574
"rankgauss",3,52,FALSE,0.6232492903979,0.512703394079962
"rankgauss",3,53,FALSE,0.8109042806687,0.666391061599762
"rankgauss",3,54,TRUE,0.354108439147401,0.440839621524208
"rankgauss",3,55,FALSE,0.129141845792285,0.406468018114419
"rankgauss",3,56,FALSE,0.244969460136198,0.406490027911043
"rankgauss",3,57,FALSE,0.364363354615731,0.40618932561093
"rankgauss",3,58,TRUE,0.334212409393176,0.398388659745615
"rankgauss",3,59,FALSE,0.489677291663699,0.565689189640135
"rankgauss",3,60,FALSE,0.525304009958239,0.468182830234099
"rankgauss",3,61,TRUE,0.406540180433955,0.355005090942965
"rankgauss",3,62,FALSE,0.335457900689384,0.572498158752981
"rankgauss",3,63,FALSE,0.419873175149476,0.512525552848058
"rankgauss",3,64,FALSE,0.397227181043161,0.534422376558259
"rankgauss",3,65,TRUE,0.59659709562646,0.629277142009195
"rankgauss",3,66,FALSE,0.260071387985075,0.472689222351804
"rankgauss",3,67,FALSE,0.489466281303128,0.590815278325603
"rankgauss",3,68,FALSE,0.544018407858776,0.681554112271375
"rankgauss",3,69,FALSE,0.665205628434601,0.671843577311401
"rankgauss",3,70,FALSE,0.537819095073274,0.618197618176501
"rankgauss",3,71,FALSE,0.501059262217751,0.543409759631417
"rankgauss",3,72,FALSE,0.415699348887829,0.440588843516385
"rankgauss",3,73,TRUE,0.298853076409707,0.412541213357878
"rankgauss",3,74,TRUE,0.289365951520032,0.334109846809738
"rankgauss",3,75,FALSE,0.497620649781288,0.317619082743629
"rankgauss",3,76,TRUE,0.778151250383644,0.514838985520084
"rankgauss",3,77,TRUE,0.260071387985075,0.365432854485307
"rankgauss",3,78,FALSE,0.367542273520577,0.494475433724434
"rankgauss",3,79,FALSE,0.534026106056135,0.490444339951109
"rankgauss",3,80,FALSE,0.287129620719111,0.325406024772625
"rankgauss",3,81,FALSE,0.469822015978163,0.418245132951748
"rankgauss",3,82,TRUE,0.399673721481038,0.286288660503405
"rankgauss",3,83,FALSE,0.307496037913213,0.256385977004492
"rankgauss",3,84,TRUE,0.322219294733919,0.340782841949452
"rankgauss",3,85,FALSE,0.247236549506764,0.392305433708634
"rankgauss",3,86,FALSE,0.6232492903979,0.472487884425446
"rankgauss",3,87,TRUE,0.429752280002408,0.346514411483215
"rankgauss",3,88,TRUE,0.566943971856554,0.432987825783211
"rankgauss",3,89,FALSE,0.605951157564873,0.524867552351594
"rankgauss",3,90,FALSE,0.265996370495079,0.526440637038147
"rankgauss",3,91,FALSE,0.555215405126073,0.397664694736808
"rankgauss",3,92,FALSE,0.638489256954637,0.517699447577251
"rankgauss",3,93,FALSE,0.528145078253106,0.615741321626487
"rankgauss",3,94,FALSE,0.227552503379865,0.569392357826849
"rankgauss",3,95,FALSE,0.430075055551939,0.537857753385367
"rankgauss",3,96,FALSE,0.184549481320698,0.334700217745704
"rankgauss",3,97,FALSE,0.472537053262077,0.507811783884311
"rankgauss",3,98,FALSE,0.60616631460762,0.440383294336577
"rankgauss",3,99,FALSE,0.685553652846326,0.617687241047308
"rankgauss",3,100,TRUE,0.296665190261531,0.53523767508496
"rankgauss",3,101,FALSE,0.491361693834273,0.57355357156398
"rankgauss",3,102,FALSE,0.513217600067939,0.394670175499119
"rankgauss",3,103,TRUE,0.64738297011462,0.507956678252579
"rankgauss",3,104,FALSE,0.491361693834273,0.52670850198205
"rankgauss",3,105,FALSE,0.406028944963615,0.427582869527177
"rankgauss",3,106,FALSE,0.752025387323213,0.532178743895001
"rankgauss",3,107,TRUE,0.6414741105041,0.512570414032905
"rankgauss",3,108,FALSE,0.416307587059883,0.581861326129808
"rankgauss",3,109,FALSE,0.966610986681934,0.727419775537828
"rankgauss",3,110,FALSE,0.188647295999717,0.294824277394396
"rankgauss",3,111,FALSE,0.708335902682263,0.526349480983892
"rankgauss",3,112,FALSE,0.685741738602264,0.755897179347877
"rankgauss",3,113,FALSE,0.559308010907013,0.535349521013944
"rankgauss",3,114,FALSE,0.355259905527378,0.438412201150715
"rankgauss",3,115,FALSE,0.187520720836463,0.33160240591859
"rankgauss",3,116,TRUE,0.569373909615046,0.469794042816565
"rankgauss",3,117,FALSE,0.572523097849638,0.542381320016119
"rankgauss",3,118,FALSE,0.538070787043172,0.569387112030195
"rankgauss",3,119,FALSE,0.374748346010104,0.406519169025576
"rankgauss",3,120,FALSE,0.294686624279443,0.346261796193665
"rankgauss",3,121,FALSE,0.432969290874406,0.472505147429166
"rankgauss",3,122,TRUE,0.320146286111054,0.582871499382368
"rankgauss",3,123,FALSE,0.574262829707027,0.457203068900257
"rankgauss",3,124,FALSE,0.610234175334389,0.631975622835947
"rankgauss",3,125,FALSE,0.173186268412274,0.24182869147898
"rankgauss",3,126,FALSE,0.314499227973151,0.43871015345833
"rankgauss",3,127,FALSE,0.753330221324521,0.621312301743747
"rankgauss",3,128,FALSE,0.338456493604605,0.483843925776107
"rankgauss",3,129,TRUE,0.0253058652647703,0.243579791413206
"rankgauss",3,130,FALSE,0.21045229296202,0.391768196000582
"rankgauss",3,131,FALSE,0.440121603187804,0.4895881450782
"rankgauss",3,132,TRUE,0.181872159010334,0.440278850371667
"rankgauss",3,133,FALSE,0.761326322421457,0.623125947241996
"rankgauss",3,134,FALSE,0.188084373714938,0.425048877374458
"rankgauss",3,135,FALSE,0.662757831681574,0.400996225734337
"rankgauss",3,136,FALSE,0.409425868671443,0.475883413345845
"rankgauss",3,137,FALSE,0.387389826338729,0.310041222895976
"rankgauss",3,138,FALSE,0.256236533205923,0.399136565004785
"rankgauss",3,139,FALSE,0.381656482585787,0.430059866828698
"rankgauss",3,140,FALSE,0.43568513794163,0.51253109739767
"rankgauss",3,141,FALSE,0.190331698170291,0.406446486345409
"rankgauss",3,142,TRUE,0.123851640967086,0.464683678213922
"rankgauss",3,143,FALSE,0.208978517276253,0.470180699261571
"rankgauss",3,144,TRUE,0.506505032404872,0.470356188662629
"rankgauss",3,145,FALSE,0.390935107103379,0.416404830530609
"rankgauss",3,146,FALSE,0.442479769064449,0.541638437088612
"rankgauss",3,147,FALSE,0.417139409727326,0.408108152059726
"rankgauss",3,148,FALSE,0.260071387985075,0.364975041804035
"rankgauss",3,149,TRUE,0.308777773664721,0.42985291073812
"rankgauss",3,150,FALSE,0.583198773968623,0.435240658285349
"rankgauss",3,151,TRUE,0.456062224454951,0.440402910941093
"rankgauss",3,152,FALSE,0.370698092575577,0.397465677179583
"rankgauss",3,153,FALSE,0.639486489268586,0.653987945462416
"rankgauss",3,154,FALSE,0.777412321496744,0.440133019524633
"rankgauss",3,155,TRUE,0.590284403718162,0.472520110678586
"rankgauss",3,156,FALSE,0.618215503279417,0.480582540512425
"rankgauss",3,157,FALSE,0.224533062606086,0.434123129794391
"rankgauss",3,158,FALSE,0.234010817587179,0.294802443530403
"rankgauss",3,159,FALSE,0.595826777073223,0.442578596534177
"rankgauss",3,160,TRUE,0.612783856719735,0.525976441640679
"rankgauss",3,161,FALSE,0.581266805273671,0.593404352510569
"rankgauss",3,162,FALSE,0.588383768378728,0.593198684292786
"rankgauss",3,163,FALSE,0.108226656374928,0.354978311147613
"rankgauss",3,164,TRUE,0.381115080709851,0.33578642669799
"rankgauss",3,165,FALSE,0.255272505103306,0.546440634013328
"rankgauss",3,166,FALSE,0.680879174426811,0.514173962815641
"rankgauss",3,167,FALSE,0.564784384503987,0.514891179873668
"rankgauss",3,168,TRUE,0.526339277389844,0.381710771366534
"rankgauss",3,169,FALSE,0.294466226161593,0.434468439364248
"rankgauss",3,170,FALSE,0.612783856719735,0.450022715579377
"rankgauss",3,171,FALSE,0.5182506513085,0.584591068367396
"rankgauss",3,172,FALSE,0.442949869577862,0.36093648587611
"rankgauss",3,173,FALSE,0.505149978319906,0.503091266793021
"rankgauss",3,174,FALSE,0.305995882770805,0.416572299020363
"rankgauss",3,175,TRUE,0.612783856719735,0.469698178601621
"rankgauss",3,176,TRUE,0.204119982655925,0.381502322486162
"rankgauss",3,177,FALSE,0.677333151419902,0.435831052424665
"rankgauss",3,178,FALSE,0.345961541813141,0.491894002960665
"rankgauss",3,179,FALSE,0.361160995195026,0.472514016218519
"rankgauss",3,180,TRUE,0.127104798364808,0.251656769952809
"rankgauss",3,181,FALSE,0.514547752660286,0.300613804906525
"rankgauss",3,182,FALSE,0.362350507594848,0.525852757423181
"rankgauss",3,183,FALSE,0.662757831681574,0.47233875903667
"rankgauss",3,184,FALSE,0.313867220369153,0.43551318433258
"rankgauss",3,185,FALSE,0.839666556882433,0.490031999049751
"rankgauss",3,186,FALSE,0.16999753706657,0.360250106700745
"rankgauss",3,187,FALSE,0.129367595722986,0.156308820901218
"rankgauss",3,188,FALSE,0.36078268987328,0.306105284183057
"rankgauss",3,189,FALSE,0.429106008332697,0.470818878551875
"rankgauss",3,190,FALSE,0.702602841340427,0.541535120229195
"rankgauss",3,191,FALSE,0.571708831808688,0.500108458305545
"rankgauss",3,192,FALSE,0.343920385393226,0.292970276645969
"rankgauss",3,193,FALSE,0.695131297704026,0.527789847092358
"rankgauss",3,194,FALSE,0.629409599102719,0.569604558514262
"rankgauss",3,195,FALSE,0.414973347970818,0.40037940938482
"rankgauss",3,196,FALSE,0.276231957921834,0.40426436508149
"rankgauss",3,197,FALSE,0.531478917042255,0.582196682140388
"rankgauss",3,198,FALSE,0.236789099409293,0.397977952098702
"rankgauss",3,199,FALSE,0.756407872548958,0.755235954034894
"rankgauss",3,200,FALSE,0.718750734739665,0.582695697814716
"rankgauss",3,201,FALSE,0.515211304327802,0.435669510683029
"rankgauss",3,202,TRUE,0.3654879848909,0.272581674401441
"rankgauss",3,203,TRUE,0.344392273685111,0.40644105262193
"rankgauss",3,204,FALSE,0.196728722623287,0.47709363622971
"rankgauss",3,205,FALSE,0.392696953259666,0.387221575252517
"rankgauss",3,206,FALSE,0.365394376854778,0.469051057432989
"rankgauss",3,207,TRUE,0.389166084364532,0.44260735048922
"rankgauss",3,208,FALSE,0.653212513775344,0.495323488875834
"rankgauss",3,209,FALSE,0.440594261839831,0.365454166121726
"rankgauss",3,210,TRUE,0.202215775801131,0.471179127330708
"rankgauss",3,211,FALSE,0.48572142648158,0.391776274150372
"rankgauss",3,212,FALSE,0.244277120801843,0.499314756931961
"rankgauss",3,213,FALSE,0.372727940885595,0.492083446049854
"rankgauss",3,214,FALSE,0.52244423350632,0.489901589973782
"rankgauss",3,215,FALSE,0.257678574869184,0.398708999589128
"rankgauss",3,216,FALSE,0.384353414137506,0.589279756817694
"rankgauss",3,217,FALSE,0.335858911319818,0.512293719496261
"rankgauss",3,218,FALSE,0.555094448578319,0.533869308031059
"rankgauss",3,219,FALSE,0.271841606536499,0.430393244513244
"rankgauss",3,220,FALSE,0.471291711058939,0.430320358287638
"rankgauss",3,221,TRUE,0.294906910605192,0.440180764344032
"rankgauss",3,222,FALSE,0.655138434811382,0.605958668648141
"rankgauss",3,223,FALSE,0.528916700277655,0.436779727030512
"rankgauss",3,224,FALSE,0.777426822389311,0.532673919414227
"rankgauss",3,225,TRUE,0.191730393362856,0.505893644404274
"rankgauss",3,226,FALSE,0.239549720840473,0.430169521358409
"rankgauss",3,227,TRUE,0.582404298019028,0.581536445157785
"rankgauss",3,228,TRUE,0.569373909615046,0.348328381911801
"rankgauss",3,229,FALSE,0.334252642334231,0.364760311947214
"rankgauss",3,230,FALSE,0.406369835469268,0.473908765248039
"rankgauss",3,231,FALSE,0.0597526942092988,0.318025305443975
"rankgauss",3,232,TRUE,0.472463896606989,0.471008998542685
"rankgauss",3,233,FALSE,0.666985718329661,0.460275675289282
"rankgauss",3,234,FALSE,0.65417654187796,0.563349334261343
"rankgauss",3,235,FALSE,0.259593878885949,0.468358974229017
"rankgauss",3,236,FALSE,0.527114111639805,0.607340808813213
"rankgauss",3,237,TRUE,0.367169488534681,0.374047372959373
"rankgauss",3,238,TRUE,0.19228861256812,0.358970360429064
"rankgauss",3,239,FALSE,0.478566495593843,0.30906243855808
"rankgauss",3,240,FALSE,0.253580289562183,0.35224198672179
"rankgauss",3,241,FALSE,0.27554168840131,0.396132284267116
"rankgauss",3,242,FALSE,0.532627001228891,0.332728469020506
"rankgauss",3,243,TRUE,0.542451947375977,0.368117355880609
"rankgauss",3,244,FALSE,0.381836799998343,0.417361355952855
"rankgauss",3,245,TRUE,0.511616020569138,0.57089522921809
"rankgauss",3,246,FALSE,0.476831628512261,0.596437938316139
"rankgauss",3,247,FALSE,0.301029995663981,0.505145211882332
"rankgauss",3,248,FALSE,0.325823419002744,0.335625580235947
"rankgauss",3,249,FALSE,0.586024382386976,0.47368672656944
"rankgauss",3,250,FALSE,0.218535505216528,0.252390558582591
"rankgauss",3,251,FALSE,0.0480531731156091,0.190365653787148
"rankgauss",3,252,FALSE,0.378397900948138,0.531796377583901
"rankgauss",3,253,FALSE,0.595275711802099,0.429857321024109
"rankgauss",3,254,FALSE,0.398807730203264,0.473162256925791
"rankgauss",3,255,TRUE,0.161368002234975,0.314731032561055
"rankgauss",3,256,FALSE,0.456214155357989,0.442003333921104
"rankgauss",3,257,FALSE,0.641126932803509,0.457794205169321
"rankgauss",3,258,FALSE,0.54020429984206,0.367446703705611
"rankgauss",3,259,FALSE,0.0328201494385639,0.191842543622446
"rankgauss",3,260,FALSE,0.434888120867316,0.526399789472151
"rankgauss",3,261,FALSE,0.332034277027518,0.513422425827349
"rankgauss",3,262,FALSE,0.391816923613249,0.619870748292609
"rankgauss",3,263,TRUE,0.347427598618541,0.293985379339459
"rankgauss",3,264,FALSE,0.352182518111362,0.275291782642493
"rankgauss",3,265,TRUE,0.154119525515847,0.193587849016522
"rankgauss",3,266,FALSE,0.591398551281249,0.447608900201539
"rankgauss",3,267,TRUE,0.315970345456918,0.37755548045058
"rankgauss",3,268,FALSE,0.470410490975931,0.486243338673602
"rankgauss",3,269,FALSE,0.826074802700826,0.680553040716562
"rankgauss",3,270,FALSE,0.234264124378789,0.391500526647998
"rankgauss",3,271,FALSE,0.504878459410216,0.474968020917702
"rankgauss",3,272,FALSE,0.582744965691277,0.375574193429139
"rankgauss",3,273,FALSE,0.542327382773974,0.537361171074452
"rankgauss",3,274,FALSE,0.657055852857104,0.469723541934443
"rankgauss",3,275,FALSE,0.328379603438738,0.385194696663345
"rankgauss",3,276,FALSE,0.4679039465228,0.237373810009653
"rankgauss",3,277,FALSE,0.331427296520743,0.498087325090839
"rankgauss",3,278,FALSE,0.352664799651101,0.411206724386965
"rankgauss",3,279,FALSE,0.437116093048079,0.306226973347973
"rankgauss",3,280,FALSE,0.325043347403704,0.388181825635095
"rankgauss",3,281,FALSE,0.749581734865559,0.430617026957832
"rankgauss",3,282,FALSE,0.775319121829478,0.511776223455781
"rankgauss",3,283,FALSE,0.817565369559781,0.538202648178543
"rankgauss",3,284,FALSE,0.526442668529935,0.313104289988972
"rankgauss",3,285,FALSE,0.682145076373832,0.559499226194949
"rankgauss",3,286,FALSE,0.425534220498263,0.532270805424542
"rankgauss",3,287,FALSE,0.659726095237792,0.525961447939276
"rankgauss",3,288,FALSE,0.672097857935718,0.406531468344099
"rankgauss",3,289,FALSE,0.534026106056135,0.426878874581166
"rankgauss",3,290,FALSE,0.615950051656401,0.576616526157754
"rankgauss",3,291,TRUE,0.262451089730429,0.432814520119288
