"rep","fr","set","row","pred"
1,1,"cv",1,0.380310076446258
1,1,"cv",2,0.411651922733316
1,1,"cv",7,0.371488336714558
1,1,"cv",8,0.405873575225737
1,1,"cv",9,0.398510879840634
1,1,"cv",10,0.448011422409941
1,1,"cv",11,0.325443046400303
1,1,"cv",12,0.437575690387804
1,1,"cv",13,0.436622415161115
1,1,"cv",14,0.595611870474623
1,1,"cv",15,0.356007995169433
1,1,"cv",16,0.328845185860537
1,1,"cv",17,0.491835432332687
1,1,"cv",18,0.360564792099491
1,1,"cv",19,0.42112147547106
1,1,"cv",21,0.446036052212559
1,1,"cv",22,0.237393123904172
1,1,"cv",23,0.666955880515844
1,1,"cv",25,0.3986438442439
1,1,"cv",26,0.390174815167227
1,1,"cv",28,0.498076478224828
1,1,"cv",29,0.455381042425978
1,1,"cv",30,0.555623254170287
1,1,"cv",31,0.437317571974988
1,1,"cv",32,0.594610495169069
1,1,"cv",33,0.562249871142555
1,1,"cv",34,0.676329779765842
1,1,"cv",35,0.418838886025728
1,1,"cv",37,0.47361803471396
1,1,"cv",38,0.661847276577366
1,1,"cv",39,0.393638007400523
1,1,"cv",40,0.491479973526694
1,1,"cv",41,0.611742655885152
1,1,"cv",44,0.247298724620767
1,1,"cv",45,0.520134264635446
1,1,"cv",46,0.436056298717152
1,1,"cv",47,0.549119096372196
1,1,"cv",48,0.360981133058194
1,1,"cv",50,0.466477679138187
1,1,"cv",51,0.600922623890266
1,1,"cv",52,0.552239795313675
1,1,"cv",53,0.379518229313818
1,1,"cv",54,0.573941749573076
1,1,"cv",55,0.649222610922776
1,1,"cv",56,0.37358853855505
1,1,"cv",57,0.361199722248998
1,1,"cv",59,0.367754405538608
1,1,"cv",60,0.513902561084948
1,1,"cv",61,0.512498862991553
1,1,"cv",62,0.336672284061127
1,1,"cv",63,0.599041444284239
1,1,"cv",64,0.574288838699672
1,1,"cv",65,0.56256113702004
1,1,"cv",66,0.630168491391195
1,1,"cv",67,0.433486771931318
1,1,"cv",69,0.67024034210192
1,1,"cv",70,0.457531488200569
1,1,"cv",71,0.55744956167607
1,1,"cv",72,0.620532609390471
1,1,"cv",73,0.540995252317791
1,1,"cv",75,0.478424209003325
1,1,"cv",76,0.344926668647632
1,1,"cv",77,0.343302056088875
1,1,"cv",78,0.463534224292121
1,1,"cv",79,0.337966252074838
1,1,"cv",80,0.472211073635092
1,1,"cv",81,0.452847637729211
1,1,"cv",82,0.21410616442793
1,1,"cv",83,0.527119771382849
1,1,"cv",84,0.411729794335223
1,1,"cv",85,0.239718512776163
1,1,"cv",86,0.304941970177849
1,1,"cv",87,0.577506821183742
1,1,"cv",88,0.37097040063624
1,1,"cv",90,0.531202269797258
1,1,"cv",91,0.48881363123364
1,1,"cv",93,0.52600155482996
1,1,"cv",94,0.536702446554652
1,1,"cv",95,0.522677747878014
1,1,"cv",96,0.372357885072564
1,1,"cv",97,0.477896438498883
1,1,"cv",98,0.439972300445523
1,1,"cv",100,0.518612145178685
1,1,"cv",101,0.397236609375457
1,1,"cv",102,0.481205297312894
1,1,"cv",103,0.419329808380751
1,1,"cv",105,0.554403577464222
1,1,"cv",106,0.51858064800085
1,1,"cv",107,0.552047862823317
1,1,"cv",108,0.733248610447153
1,1,"cv",111,0.745386242238462
1,1,"cv",112,0.46332710669793
1,1,"cv",113,0.441831139653026
1,1,"cv",115,0.539106399282598
1,1,"cv",116,0.596839084295309
1,1,"cv",117,0.468213024889186
1,1,"cv",118,0.35773503121638
1,1,"cv",119,0.334312985124316
1,1,"cv",120,0.459112129589631
1,1,"cv",121,0.577191226820063
1,1,"cv",123,0.627829045691269
1,1,"cv",124,0.140768653293905
1,1,"cv",125,0.3994149713106
1,1,"cv",126,0.629454771613251
1,1,"cv",127,0.459841290395123
1,1,"cv",129,0.430540195028146
1,1,"cv",131,0.67883186000452
1,1,"cv",132,0.287749016313055
1,1,"cv",133,0.440443246892488
1,1,"cv",135,0.332887416052178
1,1,"cv",137,0.49963254579957
1,1,"cv",138,0.439430385733504
1,1,"cv",139,0.386102206617495
1,1,"cv",140,0.406240805314227
1,1,"cv",141,0.45964174088346
1,1,"cv",142,0.475433929219752
1,1,"cv",144,0.384303901752312
1,1,"cv",145,0.416784302753178
1,1,"cv",147,0.509180742633742
1,1,"cv",148,0.616235763086944
1,1,"cv",149,0.494572062513581
1,1,"cv",151,0.450808979239199
1,1,"cv",152,0.276933513624319
1,1,"cv",155,0.514590532246815
1,1,"cv",156,0.532668371078024
1,1,"cv",157,0.404756901999143
1,1,"cv",159,0.578446442362769
1,1,"cv",160,0.476973805196951
1,1,"cv",161,0.394588595555687
1,1,"cv",163,0.46003920836701
1,1,"cv",166,0.470299007156802
1,1,"cv",167,0.46791230983697
1,1,"cv",168,0.437351914471849
1,1,"cv",169,0.424834966025961
1,1,"cv",170,0.415571731386985
1,1,"cv",171,0.406896830788611
1,1,"cv",172,0.0908318617978035
1,1,"cv",173,0.476142635527476
1,1,"cv",174,0.410650033235696
1,1,"cv",175,0.514079417141729
1,1,"cv",176,0.289571103135905
1,1,"cv",179,0.44416940106613
1,1,"cv",180,0.58181873568307
1,1,"cv",181,0.440194052551185
1,1,"cv",182,0.222979627993308
1,1,"cv",183,0.497072921059231
1,1,"cv",184,0.534012794037544
1,1,"cv",185,0.463125560113074
1,1,"cv",186,0.419783174362141
1,1,"cv",187,0.44911701462432
1,1,"cv",188,0.369860044054378
1,1,"cv",189,0.803391794892573
1,1,"cv",190,0.657302396448403
1,1,"cv",191,0.440126999296796
1,1,"cv",192,0.30518585826908
1,1,"cv",193,0.42406764966944
1,1,"cv",194,0.434058869834886
1,1,"cv",195,0.479187437180009
1,1,"cv",196,0.53768282565034
1,1,"cv",198,0.512894977057245
1,1,"cv",199,0.370732348168111
1,1,"cv",200,0.433291454567218
1,1,"cv",201,0.36546284962761
1,1,"cv",202,0.383208860809871
1,1,"cv",203,0.510127452691887
1,1,"cv",204,0.385048804759148
1,1,"cv",205,0.529129558469053
1,1,"cv",206,0.430777468663672
1,1,"cv",207,0.452538253215631
1,1,"cv",208,0.392234309147389
1,1,"cv",209,0.536531250341234
1,1,"cv",210,0.505444660988626
1,1,"cv",211,0.531379239300528
1,1,"cv",213,0.444227766164568
1,1,"cv",217,0.565583093949236
1,1,"cv",218,0.506525890745343
1,1,"cv",219,0.315860963234353
1,1,"cv",220,0.507345189761886
1,1,"cv",221,0.45658223792309
1,1,"cv",222,0.493869887810746
1,1,"cv",224,0.538801978741106
1,1,"cv",227,0.583304870308678
1,1,"cv",230,0.380290904268448
1,1,"cv",231,0.439175948717274
1,1,"cv",232,0.551958609693557
1,1,"cv",233,0.557159510569938
1,1,"cv",234,0.379854389018624
1,1,"cv",235,0.481249156943548
1,1,"cv",236,0.269207070849573
1,1,"cv",237,0.159682116963788
1,1,"cv",238,0.573093260794827
1,1,"cv",239,0.363345470787998
1,1,"cv",240,0.251158683850754
1,1,"cv",241,0.518489834877036
1,1,"cv",242,0.276456338714902
1,1,"cv",243,0.230330909300359
1,1,"cv",244,0.534350047760352
1,1,"cv",246,0.488618545989285
1,1,"cv",247,0.317831609424379
1,1,"cv",249,0.507409633962519
1,1,"cv",250,0.291643219107977
1,1,"cv",251,0.37311431207443
1,1,"cv",253,0.318058209609299
1,1,"cv",254,0.353126513525603
1,1,"cv",255,0.385607936794711
1,1,"cv",256,0.435793967310431
1,1,"cv",257,0.341957535565139
1,1,"cv",258,0.273483653060592
1,1,"cv",259,0.369708032744342
1,1,"cv",260,0.325600630495402
1,1,"cv",263,0.52256397923188
1,1,"cv",264,0.597282423590873
1,1,"cv",265,0.528664454678757
1,1,"cv",267,0.378562064318468
1,1,"cv",268,0.415897170375298
1,1,"cv",269,0.527308056003528
1,1,"holdout",49,0.478313202038947
1,1,"holdout",153,0.448927895495472
1,1,"holdout",74,0.352020490065205
1,1,"holdout",228,0.400148808887226
1,1,"holdout",146,0.445575059292846
1,1,"holdout",122,0.477766202081401
1,1,"holdout",270,0.307345489486919
1,1,"holdout",128,0.342967017859136
1,1,"holdout",24,0.513281200099355
1,1,"holdout",89,0.405546211207636
1,1,"holdout",165,0.487257952819789
1,1,"holdout",110,0.417935461850128
1,1,"holdout",20,0.500068979446928
1,1,"holdout",261,0.409694292536109
1,1,"holdout",27,0.409297117244748
1,1,"holdout",164,0.585583584556697
1,1,"holdout",229,0.291760603165159
1,1,"holdout",223,0.492283152534831
1,1,"holdout",109,0.358589983226434
1,1,"holdout",5,0.406894432445646
1,1,"holdout",212,0.476337569732851
1,1,"holdout",162,0.401235354099851
1,1,"holdout",92,0.497817465804365
1,1,"holdout",104,0.426492909946337
1,1,"holdout",3,0.435498602118753
1,1,"holdout",58,0.410471000974002
1,1,"holdout",225,0.247281616032465
1,1,"holdout",42,0.618093469451498
1,1,"holdout",262,0.545314996520123
1,1,"holdout",158,0.457419407037507
1,1,"holdout",43,0.515361203021343
1,1,"holdout",143,0.399575513822312
1,1,"holdout",150,0.504806751856151
1,1,"holdout",245,0.452920917288631
1,1,"holdout",136,0.460894248404194
1,1,"holdout",36,0.442998969048372
1,1,"holdout",68,0.563989966442226
1,1,"holdout",214,0.545483467827648
1,1,"holdout",266,0.351489010153633
1,1,"holdout",252,0.424177949101605
1,1,"holdout",248,0.292655985739495
1,1,"holdout",197,0.403263861404217
1,1,"holdout",4,0.348586290523578
1,1,"holdout",226,0.294816431394214
1,1,"holdout",178,0.294731188303525
1,1,"holdout",99,0.601921154022086
1,1,"holdout",216,0.404510774659799
1,1,"holdout",215,0.33499605609066
1,1,"holdout",177,0.351442169803632
1,1,"holdout",154,0.502296324654206
1,1,"holdout",114,0.320641908519768
1,1,"holdout",6,0.226364707354981
1,1,"holdout",134,0.455040590785084
1,1,"holdout",130,0.434846503809163
2,1,"cv",1,0.367377418930464
2,1,"cv",2,0.412252230103387
2,1,"cv",7,0.380255005797603
2,1,"cv",8,0.399446600834557
2,1,"cv",9,0.395993591010205
2,1,"cv",10,0.455322455241232
2,1,"cv",11,0.332166453663986
2,1,"cv",12,0.427156646238055
2,1,"cv",13,0.437186519797617
2,1,"cv",14,0.591565150810085
2,1,"cv",15,0.342396343458689
2,1,"cv",16,0.348170415575262
2,1,"cv",17,0.481584266763576
2,1,"cv",18,0.383337460508347
2,1,"cv",19,0.416469392234599
2,1,"cv",21,0.436601645365744
2,1,"cv",22,0.268904203145713
2,1,"cv",23,0.662055696468325
2,1,"cv",25,0.391499867566623
2,1,"cv",26,0.376246618155242
2,1,"cv",28,0.501005508652883
2,1,"cv",29,0.479346029833382
2,1,"cv",30,0.561667385512505
2,1,"cv",31,0.472933953742674
2,1,"cv",32,0.597942729552063
2,1,"cv",33,0.573464855674948
2,1,"cv",34,0.671049492238494
2,1,"cv",35,0.42113435558988
2,1,"cv",37,0.484993015446677
2,1,"cv",38,0.635403647631895
2,1,"cv",39,0.40728081701407
2,1,"cv",40,0.482636420369535
2,1,"cv",41,0.596046850057149
2,1,"cv",44,0.251335960961724
2,1,"cv",45,0.515407396128984
2,1,"cv",46,0.435691587516244
2,1,"cv",47,0.562579011659865
2,1,"cv",48,0.335116563150357
2,1,"cv",50,0.475124666243451
2,1,"cv",51,0.597330766970838
2,1,"cv",52,0.551622216539934
2,1,"cv",53,0.384137258179922
2,1,"cv",54,0.567368825917665
2,1,"cv",55,0.639820480667779
2,1,"cv",56,0.400325621198498
2,1,"cv",57,0.367729577405131
2,1,"cv",59,0.378698271188345
2,1,"cv",60,0.516642794410217
2,1,"cv",61,0.507825743223027
2,1,"cv",62,0.350245650834887
2,1,"cv",63,0.592123105886821
2,1,"cv",64,0.551119689252399
2,1,"cv",65,0.555940905649535
2,1,"cv",66,0.614101067268994
2,1,"cv",67,0.432935177151938
2,1,"cv",69,0.667239933736163
2,1,"cv",70,0.423077231829922
2,1,"cv",71,0.601051630680664
2,1,"cv",72,0.620281863920142
2,1,"cv",73,0.532356918448454
2,1,"cv",75,0.510977167159568
2,1,"cv",76,0.327891184087422
2,1,"cv",77,0.315472860307577
2,1,"cv",78,0.467942319314582
2,1,"cv",79,0.302145449362053
2,1,"cv",80,0.469043511517995
2,1,"cv",81,0.453462889994018
2,1,"cv",82,0.260362411633945
2,1,"cv",83,0.502285261296238
2,1,"cv",84,0.404331656757866
2,1,"cv",85,0.251706948614401
2,1,"cv",86,0.344397546821304
2,1,"cv",87,0.554118417967467
2,1,"cv",88,0.398420433869715
2,1,"cv",90,0.522889556558616
2,1,"cv",91,0.489831783473312
2,1,"cv",93,0.543782641613428
2,1,"cv",94,0.53363167058351
2,1,"cv",95,0.513512599564373
2,1,"cv",96,0.356382232157947
2,1,"cv",97,0.474494905963778
2,1,"cv",98,0.436147143564901
2,1,"cv",100,0.518969242240183
2,1,"cv",101,0.381999868596203
2,1,"cv",102,0.49681809317684
2,1,"cv",103,0.400491865980827
2,1,"cv",105,0.549310167060884
2,1,"cv",106,0.508937415503727
2,1,"cv",107,0.549047900435924
2,1,"cv",108,0.768841121702635
2,1,"cv",111,0.777473915709605
2,1,"cv",112,0.477094318173153
2,1,"cv",113,0.431038229883464
2,1,"cv",115,0.523561658266362
2,1,"cv",116,0.576120592382774
2,1,"cv",117,0.477539489363717
2,1,"cv",118,0.359400845582325
2,1,"cv",119,0.337759717772799
2,1,"cv",120,0.460443289188875
2,1,"cv",121,0.577287846003023
2,1,"cv",123,0.630778572112561
2,1,"cv",124,0.127524672837532
2,1,"cv",125,0.40440931469536
2,1,"cv",126,0.633895872792255
2,1,"cv",127,0.466197080341006
2,1,"cv",129,0.439365260152653
2,1,"cv",131,0.667863639586301
2,1,"cv",132,0.307389102214121
2,1,"cv",133,0.439364904881324
2,1,"cv",135,0.354023676571609
2,1,"cv",137,0.499052889659559
2,1,"cv",138,0.447852552154887
2,1,"cv",139,0.371119188388837
2,1,"cv",140,0.438848980729708
2,1,"cv",141,0.44276941739893
2,1,"cv",142,0.469964673442867
2,1,"cv",144,0.371509665995679
2,1,"cv",145,0.40558667620769
2,1,"cv",147,0.494529255166089
2,1,"cv",148,0.611798661524255
2,1,"cv",149,0.517847298077402
2,1,"cv",151,0.415766390714011
2,1,"cv",152,0.26539903409803
2,1,"cv",155,0.52123497777852
2,1,"cv",156,0.529510691630355
2,1,"cv",157,0.402185976827108
2,1,"cv",159,0.571394085497309
2,1,"cv",160,0.482678912163896
2,1,"cv",161,0.376115911720201
2,1,"cv",163,0.454645156781544
2,1,"cv",166,0.471658460366549
2,1,"cv",167,0.474550826806812
2,1,"cv",168,0.462509614387131
2,1,"cv",169,0.409854125373593
2,1,"cv",170,0.433341788966851
2,1,"cv",171,0.404582464783661
2,1,"cv",172,0.176256810405124
2,1,"cv",173,0.474125421099203
2,1,"cv",174,0.410312517332821
2,1,"cv",175,0.518966159589724
2,1,"cv",176,0.301853972274839
2,1,"cv",179,0.447714828790679
2,1,"cv",180,0.589993434015738
2,1,"cv",181,0.443459297671685
2,1,"cv",182,0.237974375548697
2,1,"cv",183,0.495030889396645
2,1,"cv",184,0.535984153923577
2,1,"cv",185,0.461182152885892
2,1,"cv",186,0.424838506604993
2,1,"cv",187,0.456222959794827
2,1,"cv",188,0.371900455751303
2,1,"cv",189,0.786499188090301
2,1,"cv",190,0.637513026579306
2,1,"cv",191,0.450019361663718
2,1,"cv",192,0.311857214155336
2,1,"cv",193,0.407210527891114
2,1,"cv",194,0.450681410387597
2,1,"cv",195,0.454639475923489
2,1,"cv",196,0.539676606295449
2,1,"cv",198,0.512292998854888
2,1,"cv",199,0.371282303401527
2,1,"cv",200,0.465519214849361
2,1,"cv",201,0.349183999741395
2,1,"cv",202,0.386970817196402
2,1,"cv",203,0.501240477272424
2,1,"cv",204,0.391067511217643
2,1,"cv",205,0.526042898460955
2,1,"cv",206,0.43973714268517
2,1,"cv",207,0.453084571173496
2,1,"cv",208,0.397804374912365
2,1,"cv",209,0.541861641784416
2,1,"cv",210,0.507093443087059
2,1,"cv",211,0.514388335821928
2,1,"cv",213,0.434093159028008
2,1,"cv",217,0.548735173494489
2,1,"cv",218,0.521803075398995
2,1,"cv",219,0.320413973972206
2,1,"cv",220,0.526014359897249
2,1,"cv",221,0.460655829384427
2,1,"cv",222,0.497232868859318
2,1,"cv",224,0.553942992921407
2,1,"cv",227,0.588345347489819
2,1,"cv",230,0.398707512028943
2,1,"cv",231,0.436473207624979
2,1,"cv",232,0.547260027608783
2,1,"cv",233,0.532856304125594
2,1,"cv",234,0.381936122825183
2,1,"cv",235,0.468602998782606
2,1,"cv",236,0.299929498780542
2,1,"cv",237,0.151168054665682
2,1,"cv",238,0.597152269119628
2,1,"cv",239,0.353672179918195
2,1,"cv",240,0.245589440598088
2,1,"cv",241,0.51776239826563
2,1,"cv",242,0.279302417469225
2,1,"cv",243,0.167864235250379
2,1,"cv",244,0.523875409738617
2,1,"cv",246,0.513765528860557
2,1,"cv",247,0.360750943380527
2,1,"cv",249,0.478316003741697
2,1,"cv",250,0.270758131808451
2,1,"cv",251,0.372475187349961
2,1,"cv",253,0.333086005423954
2,1,"cv",254,0.348297836787007
2,1,"cv",255,0.402198782954159
2,1,"cv",256,0.434360819478236
2,1,"cv",257,0.348814149952704
2,1,"cv",258,0.27840829080884
2,1,"cv",259,0.3581259845723
2,1,"cv",260,0.33209971602329
2,1,"cv",263,0.493751534503806
2,1,"cv",264,0.580025951916341
2,1,"cv",265,0.546209604004997
2,1,"cv",267,0.376308376236548
2,1,"cv",268,0.417151209597019
2,1,"cv",269,0.531489626457267
2,1,"holdout",49,0.480301932254185
2,1,"holdout",153,0.443906664608972
2,1,"holdout",74,0.360674811866448
2,1,"holdout",228,0.400911676226235
2,1,"holdout",146,0.444087569389998
2,1,"holdout",122,0.479792777595524
2,1,"holdout",270,0.304102852587134
2,1,"holdout",128,0.342328564229171
2,1,"holdout",24,0.510879499660659
2,1,"holdout",89,0.41056704663631
2,1,"holdout",165,0.477582032023435
2,1,"holdout",110,0.41649183675687
2,1,"holdout",20,0.501769670154695
2,1,"holdout",261,0.402826710816167
2,1,"holdout",27,0.412374098852976
2,1,"holdout",164,0.586964909438631
2,1,"holdout",229,0.29131532407612
2,1,"holdout",223,0.490382332383419
2,1,"holdout",109,0.356177011130797
2,1,"holdout",5,0.408368133682781
2,1,"holdout",212,0.467174257380356
2,1,"holdout",162,0.400413100869243
2,1,"holdout",92,0.504325867157727
2,1,"holdout",104,0.427291438324527
2,1,"holdout",3,0.441962985254432
2,1,"holdout",58,0.410069563473253
2,1,"holdout",225,0.250503231376647
2,1,"holdout",42,0.621671591321936
2,1,"holdout",262,0.546786052341707
2,1,"holdout",158,0.46391979493327
2,1,"holdout",43,0.512427903453897
2,1,"holdout",143,0.403990716765348
2,1,"holdout",150,0.506564944193492
2,1,"holdout",245,0.44872421774499
2,1,"holdout",136,0.461544212999911
2,1,"holdout",36,0.448229200495023
2,1,"holdout",68,0.563750513370884
2,1,"holdout",214,0.548678943334625
2,1,"holdout",266,0.356103964009338
2,1,"holdout",252,0.421894546869676
2,1,"holdout",248,0.281184648441986
2,1,"holdout",197,0.402062505941138
2,1,"holdout",4,0.352627335343589
2,1,"holdout",226,0.294191397538954
2,1,"holdout",178,0.291621734222119
2,1,"holdout",99,0.610550522412946
2,1,"holdout",216,0.405666644817262
2,1,"holdout",215,0.340800067272132
2,1,"holdout",177,0.355436358364523
2,1,"holdout",154,0.494876966211835
2,1,"holdout",114,0.320688485887334
2,1,"holdout",6,0.233092132123484
2,1,"holdout",134,0.454246184839025
2,1,"holdout",130,0.443294601969269
3,1,"cv",1,0.356342331407849
3,1,"cv",2,0.422663467195053
3,1,"cv",7,0.355179247513906
3,1,"cv",8,0.405095386964172
3,1,"cv",9,0.391662749755895
3,1,"cv",10,0.439264093736045
3,1,"cv",11,0.344059533447425
3,1,"cv",12,0.422886696574593
3,1,"cv",13,0.456672094964621
3,1,"cv",14,0.587357495001036
3,1,"cv",15,0.340229696121226
3,1,"cv",16,0.323923947024168
3,1,"cv",17,0.491331395417463
3,1,"cv",18,0.347861548126541
3,1,"cv",19,0.425777296595675
3,1,"cv",21,0.444519590881483
3,1,"cv",22,0.260251307296108
3,1,"cv",23,0.706171402300349
3,1,"cv",25,0.426453462577329
3,1,"cv",26,0.383261928652729
3,1,"cv",28,0.520048724924705
3,1,"cv",29,0.460700412176607
3,1,"cv",30,0.569215205363116
3,1,"cv",31,0.470564294751819
3,1,"cv",32,0.577525023647552
3,1,"cv",33,0.548390105482482
3,1,"cv",34,0.665572722934581
3,1,"cv",35,0.43226027435394
3,1,"cv",37,0.50101322887392
3,1,"cv",38,0.649989480115297
3,1,"cv",39,0.416239931281285
3,1,"cv",40,0.486209796811629
3,1,"cv",41,0.614581942438729
3,1,"cv",44,0.245012510619806
3,1,"cv",45,0.502196840673789
3,1,"cv",46,0.411188612670743
3,1,"cv",47,0.557043143060728
3,1,"cv",48,0.355831406583166
3,1,"cv",50,0.46316981422465
3,1,"cv",51,0.619168206895406
3,1,"cv",52,0.561877053052265
3,1,"cv",53,0.39231291169401
3,1,"cv",54,0.557047640017628
3,1,"cv",55,0.650648792998036
3,1,"cv",56,0.395118280920665
3,1,"cv",57,0.383548748243759
3,1,"cv",59,0.399060131204015
3,1,"cv",60,0.531071088049129
3,1,"cv",61,0.512231327416601
3,1,"cv",62,0.352915094219241
3,1,"cv",63,0.609392872113702
3,1,"cv",64,0.551516797447808
3,1,"cv",65,0.593018537711623
3,1,"cv",66,0.627350396734846
3,1,"cv",67,0.42552090149287
3,1,"cv",69,0.677532707108528
3,1,"cv",70,0.445966697328151
3,1,"cv",71,0.591859064106947
3,1,"cv",72,0.620409785293493
3,1,"cv",73,0.53943139384444
3,1,"cv",75,0.507444743695078
3,1,"cv",76,0.311629084208053
3,1,"cv",77,0.313310877496258
3,1,"cv",78,0.459303559523322
3,1,"cv",79,0.336272101702774
3,1,"cv",80,0.479279726326823
3,1,"cv",81,0.449952485903287
3,1,"cv",82,0.241571907653993
3,1,"cv",83,0.553252110915927
3,1,"cv",84,0.402065192515662
3,1,"cv",85,0.258913653443874
3,1,"cv",86,0.33753400526694
3,1,"cv",87,0.525484905022645
3,1,"cv",88,0.366330986022419
3,1,"cv",90,0.522052747824539
3,1,"cv",91,0.504403074678791
3,1,"cv",93,0.52679299122477
3,1,"cv",94,0.561986516213987
3,1,"cv",95,0.529033758732546
3,1,"cv",96,0.355865830218003
3,1,"cv",97,0.493491417357049
3,1,"cv",98,0.432610848010265
3,1,"cv",100,0.535153956945473
3,1,"cv",101,0.402143881923003
3,1,"cv",102,0.447823465700473
3,1,"cv",103,0.409595774835408
3,1,"cv",105,0.561446866501707
3,1,"cv",106,0.510678214483639
3,1,"cv",107,0.557526882568832
3,1,"cv",108,0.784152062457132
3,1,"cv",111,0.765601359698261
3,1,"cv",112,0.47497648484458
3,1,"cv",113,0.449732379309624
3,1,"cv",115,0.515589367121944
3,1,"cv",116,0.592205332554282
3,1,"cv",117,0.471458642899764
3,1,"cv",118,0.382389532901552
3,1,"cv",119,0.299617670087651
3,1,"cv",120,0.465546609389594
3,1,"cv",121,0.58957361938507
3,1,"cv",123,0.602645709445364
3,1,"cv",124,0.145474857113284
3,1,"cv",125,0.409462237107382
3,1,"cv",126,0.640569412517425
3,1,"cv",127,0.486273582040687
3,1,"cv",129,0.459475424929483
3,1,"cv",131,0.675678808055546
3,1,"cv",132,0.309489594389369
3,1,"cv",133,0.441113592776517
3,1,"cv",135,0.32997887116715
3,1,"cv",137,0.496633022265343
3,1,"cv",138,0.434815221671675
3,1,"cv",139,0.396047157101331
3,1,"cv",140,0.39687040182707
3,1,"cv",141,0.461255105023046
3,1,"cv",142,0.470755516369824
3,1,"cv",144,0.393447239701181
3,1,"cv",145,0.408621226448765
3,1,"cv",147,0.474059235414336
3,1,"cv",148,0.608912855276915
3,1,"cv",149,0.511001879061282
3,1,"cv",151,0.453132257106244
3,1,"cv",152,0.29376347268126
3,1,"cv",155,0.523410001821542
3,1,"cv",156,0.540876896366103
3,1,"cv",157,0.429125900163764
3,1,"cv",159,0.5782685223942
3,1,"cv",160,0.474006228621802
3,1,"cv",161,0.380030029163582
3,1,"cv",163,0.440442769992221
3,1,"cv",166,0.470854964401747
3,1,"cv",167,0.471480291048826
3,1,"cv",168,0.445444854538911
3,1,"cv",169,0.414537041851154
3,1,"cv",170,0.416289534970793
3,1,"cv",171,0.444762200484105
3,1,"cv",172,0.126225508846167
3,1,"cv",173,0.465450667288143
3,1,"cv",174,0.411518594709887
3,1,"cv",175,0.500311692237364
3,1,"cv",176,0.290570172649233
3,1,"cv",179,0.46676416767152
3,1,"cv",180,0.598445080590657
3,1,"cv",181,0.428826796609809
3,1,"cv",182,0.236608950140433
3,1,"cv",183,0.489252437765097
3,1,"cv",184,0.531713236126884
3,1,"cv",185,0.463112065085257
3,1,"cv",186,0.406393257933251
3,1,"cv",187,0.455128435481488
3,1,"cv",188,0.376480710975037
3,1,"cv",189,0.777726265457454
3,1,"cv",190,0.649462234199321
3,1,"cv",191,0.45916508439519
3,1,"cv",192,0.295673133243079
3,1,"cv",193,0.431646635445538
3,1,"cv",194,0.454092667770181
3,1,"cv",195,0.452675198174916
3,1,"cv",196,0.535318589024728
3,1,"cv",198,0.528345846304192
3,1,"cv",199,0.36973921912501
3,1,"cv",200,0.467037516443939
3,1,"cv",201,0.360324348449216
3,1,"cv",202,0.385074833705093
3,1,"cv",203,0.515198919755386
3,1,"cv",204,0.389737604763984
3,1,"cv",205,0.513109423014944
3,1,"cv",206,0.441998923249369
3,1,"cv",207,0.444432762694439
3,1,"cv",208,0.380202940094135
3,1,"cv",209,0.570965100692963
3,1,"cv",210,0.515436245634384
3,1,"cv",211,0.524704481655138
3,1,"cv",213,0.430723016371479
3,1,"cv",217,0.535978907465017
3,1,"cv",218,0.506789460519878
3,1,"cv",219,0.317261658227125
3,1,"cv",220,0.485274205443607
3,1,"cv",221,0.469717117225808
3,1,"cv",222,0.493057729745576
3,1,"cv",224,0.549488886280555
3,1,"cv",227,0.593246276932441
3,1,"cv",230,0.376337163489802
3,1,"cv",231,0.444969600793448
3,1,"cv",232,0.504720247741207
3,1,"cv",233,0.559163384965817
3,1,"cv",234,0.397132793148593
3,1,"cv",235,0.463707780219695
3,1,"cv",236,0.347088152450573
3,1,"cv",237,0.148961714029683
3,1,"cv",238,0.587945857369855
3,1,"cv",239,0.379924734411569
3,1,"cv",240,0.247820171632362
3,1,"cv",241,0.508006569285945
3,1,"cv",242,0.296034322748563
3,1,"cv",243,0.186111998585245
3,1,"cv",244,0.533205098159796
3,1,"cv",246,0.499284871364396
3,1,"cv",247,0.327089098509181
3,1,"cv",249,0.497645999647996
3,1,"cv",250,0.325760109010528
3,1,"cv",251,0.390892375281829
3,1,"cv",253,0.317593716448049
3,1,"cv",254,0.35418795331829
3,1,"cv",255,0.403192747110879
3,1,"cv",256,0.439511576656513
3,1,"cv",257,0.374169423593486
3,1,"cv",258,0.284414601665755
3,1,"cv",259,0.368291142753969
3,1,"cv",260,0.321892654932747
3,1,"cv",263,0.492162534422629
3,1,"cv",264,0.592871233332886
3,1,"cv",265,0.541922860662308
3,1,"cv",267,0.365750588827731
3,1,"cv",268,0.395030556984947
3,1,"cv",269,0.520554684746787
3,1,"holdout",49,0.481768847003981
3,1,"holdout",153,0.442131990127141
3,1,"holdout",74,0.366187600371575
3,1,"holdout",228,0.400389934078574
3,1,"holdout",146,0.443083599265464
3,1,"holdout",122,0.479070693315981
3,1,"holdout",270,0.304333116038528
3,1,"holdout",128,0.346165362322777
3,1,"holdout",24,0.513352559807112
3,1,"holdout",89,0.409143338706219
3,1,"holdout",165,0.475847231115727
3,1,"holdout",110,0.417814198955273
3,1,"holdout",20,0.505372772147212
3,1,"holdout",261,0.399454527884794
3,1,"holdout",27,0.421741671694516
3,1,"holdout",164,0.585789471557176
3,1,"holdout",229,0.29445056295596
3,1,"holdout",223,0.491488159231224
3,1,"holdout",109,0.355812137413938
3,1,"holdout",5,0.409135765048394
3,1,"holdout",212,0.4643534796172
3,1,"holdout",162,0.399369371605077
3,1,"holdout",92,0.505559293674532
3,1,"holdout",104,0.428953235336603
3,1,"holdout",3,0.449350458005138
3,1,"holdout",58,0.4131495645728
3,1,"holdout",225,0.255612636782335
3,1,"holdout",42,0.625533301070868
3,1,"holdout",262,0.545750714947982
3,1,"holdout",158,0.46518401465154
3,1,"holdout",43,0.511118254515406
3,1,"holdout",143,0.405934830485912
3,1,"holdout",150,0.50920873214444
3,1,"holdout",245,0.448396970175056
3,1,"holdout",136,0.462616706985172
3,1,"holdout",36,0.451758414054036
3,1,"holdout",68,0.562715575240434
3,1,"holdout",214,0.550395453947165
3,1,"holdout",266,0.358804544620965
3,1,"holdout",252,0.422008082122215
3,1,"holdout",248,0.274939772100271
3,1,"holdout",197,0.39712485483023
3,1,"holdout",4,0.351402965176636
3,1,"holdout",226,0.295196855650826
3,1,"holdout",178,0.287622316235335
3,1,"holdout",99,0.616311310862339
3,1,"holdout",216,0.407152628053217
3,1,"holdout",215,0.341648463197149
3,1,"holdout",177,0.357419982122194
3,1,"holdout",154,0.491293267853224
3,1,"holdout",114,0.31727303780086
3,1,"holdout",6,0.231281864397834
3,1,"holdout",134,0.45307699938206
3,1,"holdout",130,0.447838295291417
1,2,"cv",1,0.353033646986839
1,2,"cv",2,0.389495440830687
1,2,"cv",7,0.389711369178958
1,2,"cv",8,0.417905335196862
1,2,"cv",9,0.400743419737714
1,2,"cv",10,0.448865028355241
1,2,"cv",11,0.325430720959323
1,2,"cv",12,0.436607896372164
1,2,"cv",13,0.437181946398054
1,2,"cv",14,0.595214466387646
1,2,"cv",15,0.362680505167331
1,2,"cv",16,0.315315437386841
1,2,"cv",17,0.488742271178366
1,2,"cv",18,0.370511250128307
1,2,"cv",19,0.427172727730166
1,2,"cv",21,0.446447135324677
1,2,"cv",22,0.265700483701861
1,2,"cv",23,0.625709239735932
1,2,"cv",25,0.397825866509942
1,2,"cv",26,0.407227646889488
1,2,"cv",28,0.501744206111192
1,2,"cv",29,0.471176881237269
1,2,"cv",30,0.561967491354695
1,2,"cv",31,0.455394331439643
1,2,"cv",32,0.588269755857759
1,2,"cv",33,0.554804208268405
1,2,"cv",34,0.674893258664521
1,2,"cv",35,0.421295345930903
1,2,"cv",37,0.474533019707637
1,2,"cv",38,0.651731529054534
1,2,"cv",39,0.400938345963951
1,2,"cv",40,0.499404029994103
1,2,"cv",41,0.608697931667765
1,2,"cv",44,0.257707069932134
1,2,"cv",45,0.510848116456703
1,2,"cv",46,0.435166809111836
1,2,"cv",47,0.554779591353156
1,2,"cv",48,0.361336025653135
1,2,"cv",50,0.462833231368677
1,2,"cv",51,0.610381928549296
1,2,"cv",52,0.547016470611194
1,2,"cv",53,0.373103082992879
1,2,"cv",54,0.580824721445743
1,2,"cv",55,0.651689243719396
1,2,"cv",56,0.379658797637046
1,2,"cv",57,0.363742168100047
1,2,"cv",59,0.360525523141271
1,2,"cv",60,0.509743680694656
1,2,"cv",61,0.511068910949655
1,2,"cv",62,0.314508299892265
1,2,"cv",63,0.599041404934931
1,2,"cv",64,0.569293369674466
1,2,"cv",65,0.563603206849281
1,2,"cv",66,0.62654105781181
1,2,"cv",67,0.431095468435977
1,2,"cv",69,0.668450837406764
1,2,"cv",70,0.42187982594379
1,2,"cv",71,0.564514566134077
1,2,"cv",72,0.621553433793593
1,2,"cv",73,0.54365781860404
1,2,"cv",75,0.450818244453916
1,2,"cv",76,0.361937827533362
1,2,"cv",77,0.328433992889712
1,2,"cv",78,0.477295713409521
1,2,"cv",79,0.356757372785581
1,2,"cv",80,0.480773172876709
1,2,"cv",81,0.461123551432431
1,2,"cv",82,0.208700999488494
1,2,"cv",83,0.523395396817385
1,2,"cv",84,0.41701278338744
1,2,"cv",85,0.242804876660861
1,2,"cv",86,0.279822609859425
1,2,"cv",87,0.575934970868258
1,2,"cv",88,0.363256038132054
1,2,"cv",90,0.532818500390952
1,2,"cv",91,0.498148433056352
1,2,"cv",93,0.523179830642119
1,2,"cv",94,0.5398426286075
1,2,"cv",95,0.529224757179805
1,2,"cv",96,0.382731664487438
1,2,"cv",97,0.492395210607055
1,2,"cv",98,0.45773987368517
1,2,"cv",100,0.529855955353861
1,2,"cv",101,0.391601513245626
1,2,"cv",102,0.47509938805976
1,2,"cv",103,0.420250156312347
1,2,"cv",105,0.555365200049348
1,2,"cv",106,0.521148560429719
1,2,"cv",107,0.552537026681835
1,2,"cv",108,0.72546623144489
1,2,"cv",111,0.746522476019035
1,2,"cv",112,0.468156372713215
1,2,"cv",113,0.450075112810679
1,2,"cv",115,0.536592688637531
1,2,"cv",116,0.592584497459477
1,2,"cv",117,0.47053079630238
1,2,"cv",118,0.353766590995168
1,2,"cv",119,0.338036965473189
1,2,"cv",120,0.462500805996602
1,2,"cv",121,0.564027048339298
1,2,"cv",123,0.626496640055802
1,2,"cv",124,0.141930427855957
1,2,"cv",125,0.405005230443155
1,2,"cv",126,0.632420967523915
1,2,"cv",127,0.463726193684437
1,2,"cv",129,0.42322051577676
1,2,"cv",131,0.682584488600501
1,2,"cv",132,0.298832688295231
1,2,"cv",133,0.444027927249135
1,2,"cv",135,0.331066298901034
1,2,"cv",137,0.495730347123779
1,2,"cv",138,0.447174290464955
1,2,"cv",139,0.384038063746671
1,2,"cv",140,0.38514486283859
1,2,"cv",141,0.473581996786826
1,2,"cv",142,0.464853999718165
1,2,"cv",144,0.385955032981715
1,2,"cv",145,0.41747689611374
1,2,"cv",147,0.497761461696313
1,2,"cv",148,0.622223315771303
1,2,"cv",149,0.499724689513942
1,2,"cv",151,0.43655393815744
1,2,"cv",152,0.283963222069145
1,2,"cv",155,0.519124025144291
1,2,"cv",156,0.539464554690094
1,2,"cv",157,0.384430647555469
1,2,"cv",159,0.576201743264248
1,2,"cv",160,0.481446801281199
1,2,"cv",161,0.390845483201138
1,2,"cv",163,0.462258067310823
1,2,"cv",166,0.469394268668389
1,2,"cv",167,0.469768709894006
1,2,"cv",168,0.411579244653708
1,2,"cv",169,0.398305552026543
1,2,"cv",170,0.418133197405271
1,2,"cv",171,0.420584597294913
1,2,"cv",172,0.0935713840939919
1,2,"cv",173,0.474125321005058
1,2,"cv",174,0.425930645926509
1,2,"cv",175,0.515121854154988
1,2,"cv",176,0.261791275131278
1,2,"cv",179,0.446563793784383
1,2,"cv",180,0.577262893572923
1,2,"cv",181,0.434520505918867
1,2,"cv",182,0.230305708591766
1,2,"cv",183,0.49491207564746
1,2,"cv",184,0.536908989706872
1,2,"cv",185,0.467371008018555
1,2,"cv",186,0.425289838125357
1,2,"cv",187,0.455796730874741
1,2,"cv",188,0.368407017794103
1,2,"cv",189,0.79986885733429
1,2,"cv",190,0.674180938301938
1,2,"cv",191,0.444513737995246
1,2,"cv",192,0.301480800174618
1,2,"cv",193,0.416165362674238
1,2,"cv",194,0.44728510209896
1,2,"cv",195,0.479757321225407
1,2,"cv",196,0.525556583708394
1,2,"cv",198,0.512754994490908
1,2,"cv",199,0.369032633716456
1,2,"cv",200,0.442496079450893
1,2,"cv",201,0.356004769735481
1,2,"cv",202,0.400119758775982
1,2,"cv",203,0.506311474702079
1,2,"cv",204,0.387285109413341
1,2,"cv",205,0.526950257754577
1,2,"cv",206,0.421383627676991
1,2,"cv",207,0.457993762184491
1,2,"cv",208,0.394415857941438
1,2,"cv",209,0.547653315356239
1,2,"cv",210,0.491312359473296
1,2,"cv",211,0.541785077338011
1,2,"cv",213,0.441338736080951
1,2,"cv",217,0.548959528590659
1,2,"cv",218,0.516894128397509
1,2,"cv",219,0.297925749974802
1,2,"cv",220,0.520496805147566
1,2,"cv",221,0.461279045986412
1,2,"cv",222,0.498245356885936
1,2,"cv",224,0.549380779672478
1,2,"cv",227,0.567274219912415
1,2,"cv",230,0.397517111257608
1,2,"cv",231,0.440938625828193
1,2,"cv",232,0.544798566220839
1,2,"cv",233,0.556814592798759
1,2,"cv",234,0.37762082141943
1,2,"cv",235,0.485992037103512
1,2,"cv",236,0.25113258155658
1,2,"cv",237,0.159229119114863
1,2,"cv",238,0.563265321025343
1,2,"cv",239,0.360232329968066
1,2,"cv",240,0.242538343222043
1,2,"cv",241,0.52756796139552
1,2,"cv",242,0.271378264058523
1,2,"cv",243,0.247068670872702
1,2,"cv",244,0.532930792444798
1,2,"cv",246,0.49979673978612
1,2,"cv",247,0.270099993556595
1,2,"cv",249,0.466587600243631
1,2,"cv",250,0.262989873288252
1,2,"cv",251,0.383680535246152
1,2,"cv",253,0.287673126039377
1,2,"cv",254,0.353042024929511
1,2,"cv",255,0.385399007732222
1,2,"cv",256,0.428296671409592
1,2,"cv",257,0.338681199643965
1,2,"cv",258,0.269044754120309
1,2,"cv",259,0.380240822831934
1,2,"cv",260,0.32552300435028
1,2,"cv",263,0.529808520189163
1,2,"cv",264,0.599610938753913
1,2,"cv",265,0.531414072420129
1,2,"cv",267,0.383114305683122
1,2,"cv",268,0.422013584656875
1,2,"cv",269,0.524506961374071
1,2,"holdout",49,0.47739617494596
1,2,"holdout",153,0.449185873640379
1,2,"holdout",74,0.35761169723446
1,2,"holdout",228,0.404575536198483
1,2,"holdout",146,0.43209810066738
1,2,"holdout",122,0.476481318853351
1,2,"holdout",270,0.254581118411996
1,2,"holdout",128,0.369263348099424
1,2,"holdout",24,0.515062192859035
1,2,"holdout",89,0.398082855027806
1,2,"holdout",165,0.490694411888462
1,2,"holdout",110,0.426380615074518
1,2,"holdout",20,0.500899305571188
1,2,"holdout",261,0.410068481579334
1,2,"holdout",27,0.391989202928562
1,2,"holdout",164,0.583340280349426
1,2,"holdout",229,0.290665856612871
1,2,"holdout",223,0.489820703969573
1,2,"holdout",109,0.354549310118814
1,2,"holdout",5,0.376505694131872
1,2,"holdout",212,0.471644846620211
1,2,"holdout",162,0.397325476873729
1,2,"holdout",92,0.502333643313202
1,2,"holdout",104,0.422215216215901
1,2,"holdout",3,0.412711339312475
1,2,"holdout",58,0.406669372655554
1,2,"holdout",225,0.238049274618646
1,2,"holdout",42,0.625219798714221
1,2,"holdout",262,0.547032753603684
1,2,"holdout",158,0.470210417131043
1,2,"holdout",43,0.514854405233072
1,2,"holdout",143,0.397237393952096
1,2,"holdout",150,0.516868179541483
1,2,"holdout",245,0.452666226523847
1,2,"holdout",136,0.459933614028117
1,2,"holdout",36,0.449315416683066
1,2,"holdout",68,0.559083409328896
1,2,"holdout",214,0.539264304423305
1,2,"holdout",266,0.352976640737647
1,2,"holdout",252,0.423041745717314
1,2,"holdout",248,0.279523557023033
1,2,"holdout",197,0.413031522408499
1,2,"holdout",4,0.321384157144296
1,2,"holdout",226,0.29613858501016
1,2,"holdout",178,0.299041528811616
1,2,"holdout",99,0.620555109360517
1,2,"holdout",216,0.405326953180222
1,2,"holdout",215,0.320853837067351
1,2,"holdout",177,0.358832719784734
1,2,"holdout",154,0.50570683921283
1,2,"holdout",114,0.31755082211486
1,2,"holdout",6,0.206967793423825
1,2,"holdout",134,0.452026897284437
1,2,"holdout",130,0.430150064596924
2,2,"cv",1,0.338533106391098
2,2,"cv",2,0.375721703241523
2,2,"cv",7,0.392856233610746
2,2,"cv",8,0.404994690917134
2,2,"cv",9,0.402885625487472
2,2,"cv",10,0.449513150338857
2,2,"cv",11,0.334731731154987
2,2,"cv",12,0.43295792178385
2,2,"cv",13,0.4312968945632
2,2,"cv",14,0.590510081407857
2,2,"cv",15,0.364174793459817
2,2,"cv",16,0.339668458199014
2,2,"cv",17,0.479493173552227
2,2,"cv",18,0.394487658087051
2,2,"cv",19,0.416832971944295
2,2,"cv",21,0.436929587718549
2,2,"cv",22,0.296590711760414
2,2,"cv",23,0.630140033810435
2,2,"cv",25,0.389906482419344
2,2,"cv",26,0.368882798608264
2,2,"cv",28,0.502916809090925
2,2,"cv",29,0.491126017910091
2,2,"cv",30,0.568443675801117
2,2,"cv",31,0.474950525079474
2,2,"cv",32,0.601062200693806
2,2,"cv",33,0.562599884147729
2,2,"cv",34,0.66852382898156
2,2,"cv",35,0.427263421405338
2,2,"cv",37,0.483670873052832
2,2,"cv",38,0.6413874611482
2,2,"cv",39,0.406583286157101
2,2,"cv",40,0.486313358621225
2,2,"cv",41,0.593552962772258
2,2,"cv",44,0.265589006512574
2,2,"cv",45,0.519494917293501
2,2,"cv",46,0.432969705177087
2,2,"cv",47,0.568075909272911
2,2,"cv",48,0.336448545305111
2,2,"cv",50,0.468183108915897
2,2,"cv",51,0.613745604439662
2,2,"cv",52,0.556836540953484
2,2,"cv",53,0.387899185269315
2,2,"cv",54,0.569333610434678
2,2,"cv",55,0.640262362394852
2,2,"cv",56,0.415354974443957
2,2,"cv",57,0.371804374482949
2,2,"cv",59,0.38281661382296
2,2,"cv",60,0.506610898338626
2,2,"cv",61,0.508130578356994
2,2,"cv",62,0.326339869205475
2,2,"cv",63,0.600447307446729
2,2,"cv",64,0.550959029776429
2,2,"cv",65,0.550442337129459
2,2,"cv",66,0.617005033820719
2,2,"cv",67,0.428334570627212
2,2,"cv",69,0.66462749638981
2,2,"cv",70,0.38082214174947
2,2,"cv",71,0.601924930517255
2,2,"cv",72,0.619692607515261
2,2,"cv",73,0.539024258213916
2,2,"cv",75,0.492674170549758
2,2,"cv",76,0.353326200975674
2,2,"cv",77,0.312534746497828
2,2,"cv",78,0.475437287694844
2,2,"cv",79,0.319724286457115
2,2,"cv",80,0.47065344465703
2,2,"cv",81,0.464977759514137
2,2,"cv",82,0.247289606517086
2,2,"cv",83,0.516894363636679
2,2,"cv",84,0.398371003310848
2,2,"cv",85,0.24972279500656
2,2,"cv",86,0.319866491280761
2,2,"cv",87,0.560031143763689
2,2,"cv",88,0.393893215040263
2,2,"cv",90,0.52319936518509
2,2,"cv",91,0.503716826615761
2,2,"cv",93,0.553610289276926
2,2,"cv",94,0.537904487332287
2,2,"cv",95,0.516681550559176
2,2,"cv",96,0.358444246761843
2,2,"cv",97,0.489814831579204
2,2,"cv",98,0.448594660256398
2,2,"cv",100,0.532000235112434
2,2,"cv",101,0.384725055099605
2,2,"cv",102,0.494736452255925
2,2,"cv",103,0.404877471644917
2,2,"cv",105,0.555298764883329
2,2,"cv",106,0.532410903742152
2,2,"cv",107,0.551645739938718
2,2,"cv",108,0.761987581041959
2,2,"cv",111,0.775497585546828
2,2,"cv",112,0.483558086470304
2,2,"cv",113,0.423857286083425
2,2,"cv",115,0.515823914426852
2,2,"cv",116,0.58797639104731
2,2,"cv",117,0.476668258945289
2,2,"cv",118,0.362160657866753
2,2,"cv",119,0.340531191180568
2,2,"cv",120,0.464878690848312
2,2,"cv",121,0.574917620002484
2,2,"cv",123,0.633882764645827
2,2,"cv",124,0.126108997860408
2,2,"cv",125,0.410393773078509
2,2,"cv",126,0.635134449085359
2,2,"cv",127,0.467728454665233
2,2,"cv",129,0.422398383523628
2,2,"cv",131,0.659500105052079
2,2,"cv",132,0.325976594660293
2,2,"cv",133,0.438970913286377
2,2,"cv",135,0.36128737610547
2,2,"cv",137,0.49639656685212
2,2,"cv",138,0.45590838724056
2,2,"cv",139,0.362476661041057
2,2,"cv",140,0.416433003118649
2,2,"cv",141,0.450163520747636
2,2,"cv",142,0.458346287808518
2,2,"cv",144,0.374859721528585
2,2,"cv",145,0.413529287742756
2,2,"cv",147,0.498346569953699
2,2,"cv",148,0.619668847699793
2,2,"cv",149,0.528766418210088
2,2,"cv",151,0.419237539093121
2,2,"cv",152,0.277947146291497
2,2,"cv",155,0.522747487610019
2,2,"cv",156,0.546569539291504
2,2,"cv",157,0.384342460108019
2,2,"cv",159,0.571201522687816
2,2,"cv",160,0.48453241560912
2,2,"cv",161,0.376497097386816
2,2,"cv",163,0.460499664123043
2,2,"cv",166,0.472328063949545
2,2,"cv",167,0.475903890317276
2,2,"cv",168,0.461461863830352
2,2,"cv",169,0.381764162925996
2,2,"cv",170,0.438907075260319
2,2,"cv",171,0.414206628344281
2,2,"cv",172,0.187196119629594
2,2,"cv",173,0.472898011553518
2,2,"cv",174,0.402665487416038
2,2,"cv",175,0.516377518471669
2,2,"cv",176,0.281921893420647
2,2,"cv",179,0.453750980574459
2,2,"cv",180,0.581802684066065
2,2,"cv",181,0.435958136981772
2,2,"cv",182,0.239990985894846
2,2,"cv",183,0.489137124207126
2,2,"cv",184,0.539643923180213
2,2,"cv",185,0.464594368927377
2,2,"cv",186,0.42597403651952
2,2,"cv",187,0.452285194450501
2,2,"cv",188,0.373672644388162
2,2,"cv",189,0.798099822598013
2,2,"cv",190,0.657557239367426
2,2,"cv",191,0.454527275561867
2,2,"cv",192,0.284158635414641
2,2,"cv",193,0.396217953476478
2,2,"cv",194,0.45462229674421
2,2,"cv",195,0.485616788464001
2,2,"cv",196,0.548567806859993
2,2,"cv",198,0.520121390537545
2,2,"cv",199,0.370577915613793
2,2,"cv",200,0.471692842944992
2,2,"cv",201,0.34416471574016
2,2,"cv",202,0.409728722828281
2,2,"cv",203,0.50244655838734
2,2,"cv",204,0.390509789548829
2,2,"cv",205,0.521824397546714
2,2,"cv",206,0.439773015968087
2,2,"cv",207,0.454555584551972
2,2,"cv",208,0.388857667109723
2,2,"cv",209,0.540496291780797
2,2,"cv",210,0.493305817344001
2,2,"cv",211,0.527461763650805
2,2,"cv",213,0.435343578079185
2,2,"cv",217,0.539850966227609
2,2,"cv",218,0.535415616591158
2,2,"cv",219,0.302574737885282
2,2,"cv",220,0.542120723894272
2,2,"cv",221,0.469283569768969
2,2,"cv",222,0.507364577220952
2,2,"cv",224,0.556398268390566
2,2,"cv",227,0.568264516279221
2,2,"cv",230,0.411650835093148
2,2,"cv",231,0.436542253827699
2,2,"cv",232,0.539951056970593
2,2,"cv",233,0.534615361285073
2,2,"cv",234,0.373790580755947
2,2,"cv",235,0.463408834348153
2,2,"cv",236,0.244340647709086
2,2,"cv",237,0.16046392564104
2,2,"cv",238,0.590911694377768
2,2,"cv",239,0.353447392258017
2,2,"cv",240,0.222477460414742
2,2,"cv",241,0.521427626527828
2,2,"cv",242,0.270774224956397
2,2,"cv",243,0.181979844660898
2,2,"cv",244,0.525275342101009
2,2,"cv",246,0.521776451320629
2,2,"cv",247,0.33086935422095
2,2,"cv",249,0.412394301077094
2,2,"cv",250,0.225341159151489
2,2,"cv",251,0.37592205053635
2,2,"cv",253,0.319512377406002
2,2,"cv",254,0.356119256723773
2,2,"cv",255,0.39738736876055
2,2,"cv",256,0.436626966231288
2,2,"cv",257,0.345729950515478
2,2,"cv",258,0.255813215228116
2,2,"cv",259,0.362293042595693
2,2,"cv",260,0.327300825731616
2,2,"cv",263,0.496065876577499
2,2,"cv",264,0.587770657709015
2,2,"cv",265,0.549310186928484
2,2,"cv",267,0.376838985423279
2,2,"cv",268,0.420377856916989
2,2,"cv",269,0.524849281414256
2,2,"holdout",49,0.481555058237683
2,2,"holdout",153,0.444754563488568
2,2,"holdout",74,0.368650496027995
2,2,"holdout",228,0.407454106070468
2,2,"holdout",146,0.434026984132472
2,2,"holdout",122,0.477723424236106
2,2,"holdout",270,0.265116722199804
2,2,"holdout",128,0.371893228130509
2,2,"holdout",24,0.516926457871283
2,2,"holdout",89,0.400991656825061
2,2,"holdout",165,0.483754837828826
2,2,"holdout",110,0.428293006705921
2,2,"holdout",20,0.502755569787544
2,2,"holdout",261,0.400539136296163
2,2,"holdout",27,0.411868107481795
2,2,"holdout",164,0.584917897957279
2,2,"holdout",229,0.298014064036062
2,2,"holdout",223,0.487889054754483
2,2,"holdout",109,0.351158223050573
2,2,"holdout",5,0.384931879426685
2,2,"holdout",212,0.465894045212979
2,2,"holdout",162,0.397200843431251
2,2,"holdout",92,0.504438385356211
2,2,"holdout",104,0.428968723921733
2,2,"holdout",3,0.428082673003738
2,2,"holdout",58,0.407652287536743
2,2,"holdout",225,0.249771858911247
2,2,"holdout",42,0.626558292728046
2,2,"holdout",262,0.54696114254341
2,2,"holdout",158,0.470375641684066
2,2,"holdout",43,0.512677862918253
2,2,"holdout",143,0.407968286625604
2,2,"holdout",150,0.514798199423504
2,2,"holdout",245,0.4502448097376
2,2,"holdout",136,0.457420579318955
2,2,"holdout",36,0.453843715576749
2,2,"holdout",68,0.557867543068501
2,2,"holdout",214,0.547787967233571
2,2,"holdout",266,0.353710282579743
2,2,"holdout",252,0.423571836803444
2,2,"holdout",248,0.264644546856482
2,2,"holdout",197,0.406494147880997
2,2,"holdout",4,0.331022533395911
2,2,"holdout",226,0.292282830407279
2,2,"holdout",178,0.290149432290064
2,2,"holdout",99,0.621601350773929
2,2,"holdout",216,0.408873393791898
2,2,"holdout",215,0.329799232490961
2,2,"holdout",177,0.361236750988505
2,2,"holdout",154,0.49642995963398
2,2,"holdout",114,0.312224457560462
2,2,"holdout",6,0.210730403939413
2,2,"holdout",134,0.447362776180521
2,2,"holdout",130,0.447648752036707
3,2,"cv",1,0.346587272053543
3,2,"cv",2,0.387508845566151
3,2,"cv",7,0.378445048854488
3,2,"cv",8,0.404682439523781
3,2,"cv",9,0.414922766306571
3,2,"cv",10,0.438043683627759
3,2,"cv",11,0.323862070857746
3,2,"cv",12,0.426884928661418
3,2,"cv",13,0.437348609771439
3,2,"cv",14,0.589974383112369
3,2,"cv",15,0.354386148683762
3,2,"cv",16,0.333446228495332
3,2,"cv",17,0.491330595424646
3,2,"cv",18,0.361620893299123
3,2,"cv",19,0.425071957673514
3,2,"cv",21,0.442335053035034
3,2,"cv",22,0.276459976319266
3,2,"cv",23,0.65806128109415
3,2,"cv",25,0.415566139527306
3,2,"cv",26,0.392010698141542
3,2,"cv",28,0.512961012857418
3,2,"cv",29,0.466696851994364
3,2,"cv",30,0.57769286569759
3,2,"cv",31,0.479208220700208
3,2,"cv",32,0.586014915469352
3,2,"cv",33,0.544935066571085
3,2,"cv",34,0.66788009775883
3,2,"cv",35,0.432694795789356
3,2,"cv",37,0.497508954966671
3,2,"cv",38,0.645496736129812
3,2,"cv",39,0.41721161635119
3,2,"cv",40,0.485889927714059
3,2,"cv",41,0.619342507426361
3,2,"cv",44,0.245967593193079
3,2,"cv",45,0.504499564325569
3,2,"cv",46,0.409395081195717
3,2,"cv",47,0.558201356018911
3,2,"cv",48,0.358329213238829
3,2,"cv",50,0.460723540938813
3,2,"cv",51,0.625648850110297
3,2,"cv",52,0.558574760152635
3,2,"cv",53,0.377777953887734
3,2,"cv",54,0.56246056884851
3,2,"cv",55,0.652720542227184
3,2,"cv",56,0.388929529038089
3,2,"cv",57,0.383815059788661
3,2,"cv",59,0.39950910376207
3,2,"cv",60,0.514909252989807
3,2,"cv",61,0.513473874582836
3,2,"cv",62,0.324854934201895
3,2,"cv",63,0.615706786072285
3,2,"cv",64,0.552361928145411
3,2,"cv",65,0.585914955743165
3,2,"cv",66,0.617976893394904
3,2,"cv",67,0.423706363718955
3,2,"cv",69,0.676989231391724
3,2,"cv",70,0.42512513798004
3,2,"cv",71,0.603703261425652
3,2,"cv",72,0.622510921598419
3,2,"cv",73,0.541042638344076
3,2,"cv",75,0.474003666526994
3,2,"cv",76,0.335111287558608
3,2,"cv",77,0.313312697675534
3,2,"cv",78,0.471232548212999
3,2,"cv",79,0.354014944958244
3,2,"cv",80,0.487010984159743
3,2,"cv",81,0.457299794412351
3,2,"cv",82,0.248008017561035
3,2,"cv",83,0.54621184549086
3,2,"cv",84,0.386264228877331
3,2,"cv",85,0.253495076077998
3,2,"cv",86,0.326141548654111
3,2,"cv",87,0.536302821727206
3,2,"cv",88,0.379927775888785
3,2,"cv",90,0.53313720770399
3,2,"cv",91,0.502288419022703
3,2,"cv",93,0.524635038413829
3,2,"cv",94,0.560457093772658
3,2,"cv",95,0.539372921276079
3,2,"cv",96,0.361090872801101
3,2,"cv",97,0.493761045727595
3,2,"cv",98,0.444967810680353
3,2,"cv",100,0.544274806720044
3,2,"cv",101,0.407450732880768
3,2,"cv",102,0.446173240436946
3,2,"cv",103,0.405384223357586
3,2,"cv",105,0.564124545564333
3,2,"cv",106,0.521239533341423
3,2,"cv",107,0.556386980657111
3,2,"cv",108,0.771657992346942
3,2,"cv",111,0.774482231183691
3,2,"cv",112,0.475534543615204
3,2,"cv",113,0.451516378013127
3,2,"cv",115,0.514086618192117
3,2,"cv",116,0.590013954622767
3,2,"cv",117,0.473352991820495
3,2,"cv",118,0.383904889138896
3,2,"cv",119,0.299057407875662
3,2,"cv",120,0.465152301111383
3,2,"cv",121,0.570859439632494
3,2,"cv",123,0.609403485093194
3,2,"cv",124,0.148361807306039
3,2,"cv",125,0.416714140036725
3,2,"cv",126,0.649364396064827
3,2,"cv",127,0.49265076920608
3,2,"cv",129,0.456713672107676
3,2,"cv",131,0.677326458097467
3,2,"cv",132,0.320942656418573
3,2,"cv",133,0.4473656178354
3,2,"cv",135,0.328222246960677
3,2,"cv",137,0.491165281577407
3,2,"cv",138,0.430028716362232
3,2,"cv",139,0.387024523393078
3,2,"cv",140,0.385663913298309
3,2,"cv",141,0.463941651950193
3,2,"cv",142,0.457862113775099
3,2,"cv",144,0.395832170783058
3,2,"cv",145,0.40413265861595
3,2,"cv",147,0.470508355384778
3,2,"cv",148,0.61253109293842
3,2,"cv",149,0.518607627345946
3,2,"cv",151,0.461697817504908
3,2,"cv",152,0.303149077734335
3,2,"cv",155,0.528604710996489
3,2,"cv",156,0.555417475320247
3,2,"cv",157,0.408636579365674
3,2,"cv",159,0.579229303831845
3,2,"cv",160,0.4706488162335
3,2,"cv",161,0.378870682260936
3,2,"cv",163,0.449529810120843
3,2,"cv",166,0.46698819604253
3,2,"cv",167,0.474842568221846
3,2,"cv",168,0.443124515526251
3,2,"cv",169,0.376100466192688
3,2,"cv",170,0.432724579681552
3,2,"cv",171,0.451263874628704
3,2,"cv",172,0.170194037570552
3,2,"cv",173,0.462714117850898
3,2,"cv",174,0.421826536003459
3,2,"cv",175,0.517186099810138
3,2,"cv",176,0.268169487869041
3,2,"cv",179,0.466009008999284
3,2,"cv",180,0.587126947540146
3,2,"cv",181,0.424455324686626
3,2,"cv",182,0.248150273625221
3,2,"cv",183,0.48340323043511
3,2,"cv",184,0.533866375685375
3,2,"cv",185,0.460801415600487
3,2,"cv",186,0.410910131256448
3,2,"cv",187,0.45825967769899
3,2,"cv",188,0.368503498596486
3,2,"cv",189,0.774651386956541
3,2,"cv",190,0.661957738310916
3,2,"cv",191,0.457657400898868
3,2,"cv",192,0.273586244808297
3,2,"cv",193,0.418895599203895
3,2,"cv",194,0.463364327959452
3,2,"cv",195,0.462599589920511
3,2,"cv",196,0.535463979714061
3,2,"cv",198,0.527044566832429
3,2,"cv",199,0.367420243792637
3,2,"cv",200,0.46027908227516
3,2,"cv",201,0.356755453055148
3,2,"cv",202,0.397735588380302
3,2,"cv",203,0.514222887201259
3,2,"cv",204,0.391387618587653
3,2,"cv",205,0.513452844160495
3,2,"cv",206,0.442466341781395
3,2,"cv",207,0.4531484957452
3,2,"cv",208,0.366249792659555
3,2,"cv",209,0.571633743898413
3,2,"cv",210,0.496458967832763
3,2,"cv",211,0.534198610452535
3,2,"cv",213,0.432364836503813
3,2,"cv",217,0.535615068450905
3,2,"cv",218,0.514139676712537
3,2,"cv",219,0.30385768144128
3,2,"cv",220,0.490547448379678
3,2,"cv",221,0.475376909081222
3,2,"cv",222,0.497500827872926
3,2,"cv",224,0.561744415235035
3,2,"cv",227,0.56078965468894
3,2,"cv",230,0.386760745097583
3,2,"cv",231,0.441129917805011
3,2,"cv",232,0.515962887269323
3,2,"cv",233,0.569152061105582
3,2,"cv",234,0.380974746823681
3,2,"cv",235,0.461404814446495
3,2,"cv",236,0.308243938952854
3,2,"cv",237,0.162880216545154
3,2,"cv",238,0.583772589962811
3,2,"cv",239,0.367242044092295
3,2,"cv",240,0.229048815679509
3,2,"cv",241,0.517994650977665
3,2,"cv",242,0.300553096601752
3,2,"cv",243,0.184915915056954
3,2,"cv",244,0.533600247752219
3,2,"cv",246,0.490760384626312
3,2,"cv",247,0.289081440964572
3,2,"cv",249,0.442322563470127
3,2,"cv",250,0.301607984583913
3,2,"cv",251,0.393459784449852
3,2,"cv",253,0.315606656736828
3,2,"cv",254,0.355331483282154
3,2,"cv",255,0.406274081286016
3,2,"cv",256,0.439178422976063
3,2,"cv",257,0.378030709645124
3,2,"cv",258,0.286089230827814
3,2,"cv",259,0.379163519375787
3,2,"cv",260,0.326222983719486
3,2,"cv",263,0.494270965790149
3,2,"cv",264,0.598415722760014
3,2,"cv",265,0.540747239800346
3,2,"cv",267,0.365757850311363
3,2,"cv",268,0.398097686113441
3,2,"cv",269,0.518288026881823
3,2,"holdout",49,0.478548680261461
3,2,"holdout",153,0.451144948571096
3,2,"holdout",74,0.360655790831239
3,2,"holdout",228,0.411180602966673
3,2,"holdout",146,0.435901326831438
3,2,"holdout",122,0.476794175699218
3,2,"holdout",270,0.269228477896713
3,2,"holdout",128,0.381564674417782
3,2,"holdout",24,0.508455178545443
3,2,"holdout",89,0.40263525501098
3,2,"holdout",165,0.492294416760052
3,2,"holdout",110,0.429438072842949
3,2,"holdout",20,0.498430616340648
3,2,"holdout",261,0.40582904155785
3,2,"holdout",27,0.391090034259071
3,2,"holdout",164,0.581246366495677
3,2,"holdout",229,0.294517699869403
3,2,"holdout",223,0.485170939272606
3,2,"holdout",109,0.347637143686509
3,2,"holdout",5,0.377509876283711
3,2,"holdout",212,0.474907271911593
3,2,"holdout",162,0.395673233704808
3,2,"holdout",92,0.5024887362979
3,2,"holdout",104,0.424779125401762
3,2,"holdout",3,0.408707011014366
3,2,"holdout",58,0.404573740389277
3,2,"holdout",225,0.245299503890018
3,2,"holdout",42,0.621352230249947
3,2,"holdout",262,0.546158802442075
3,2,"holdout",158,0.468376002913836
3,2,"holdout",43,0.520383509150549
3,2,"holdout",143,0.411734595364221
3,2,"holdout",150,0.512771739934395
3,2,"holdout",245,0.455099429705146
3,2,"holdout",136,0.45606138034823
3,2,"holdout",36,0.446437047582817
3,2,"holdout",68,0.553641539192083
3,2,"holdout",214,0.539565697466062
3,2,"holdout",266,0.350579916401693
3,2,"holdout",252,0.427270421274389
3,2,"holdout",248,0.266798983836543
3,2,"holdout",197,0.417780647202957
3,2,"holdout",4,0.332191921445112
3,2,"holdout",226,0.292604149843771
3,2,"holdout",178,0.294248486268229
3,2,"holdout",99,0.613531613295693
3,2,"holdout",216,0.409762627186138
3,2,"holdout",215,0.331247088216814
3,2,"holdout",177,0.357683683959379
3,2,"holdout",154,0.498876706166683
3,2,"holdout",114,0.310712397254902
3,2,"holdout",6,0.224292598239063
3,2,"holdout",134,0.444551076178273
3,2,"holdout",130,0.441849276204473
1,3,"cv",1,0.356035760280238
1,3,"cv",2,0.395633263281612
1,3,"cv",7,0.391771527279055
1,3,"cv",8,0.411551782294736
1,3,"cv",9,0.389871897492145
1,3,"cv",10,0.447021842878746
1,3,"cv",11,0.323311694192021
1,3,"cv",12,0.427725662198512
1,3,"cv",13,0.444407820438246
1,3,"cv",14,0.594848421966791
1,3,"cv",15,0.358372569759115
1,3,"cv",16,0.326906750426514
1,3,"cv",17,0.49597851586076
1,3,"cv",18,0.374942085987414
1,3,"cv",19,0.423422638246564
1,3,"cv",21,0.445445789823992
1,3,"cv",22,0.257801751642908
1,3,"cv",23,0.640145690121553
1,3,"cv",25,0.399617964213571
1,3,"cv",26,0.408057481859407
1,3,"cv",28,0.50272024270729
1,3,"cv",29,0.474632533786578
1,3,"cv",30,0.550178840449685
1,3,"cv",31,0.455632736916451
1,3,"cv",32,0.594612935320125
1,3,"cv",33,0.551162238859271
1,3,"cv",34,0.669516376924685
1,3,"cv",35,0.418649251494102
1,3,"cv",37,0.472927698997876
1,3,"cv",38,0.648428746658683
1,3,"cv",39,0.405767077510613
1,3,"cv",40,0.494930037884485
1,3,"cv",41,0.607650892095917
1,3,"cv",44,0.259435169028554
1,3,"cv",45,0.515862372305192
1,3,"cv",46,0.434614114488214
1,3,"cv",47,0.552141983870768
1,3,"cv",48,0.357873662695623
1,3,"cv",50,0.465995705359882
1,3,"cv",51,0.607990723927043
1,3,"cv",52,0.547022668514199
1,3,"cv",53,0.380778477757842
1,3,"cv",54,0.569078890058405
1,3,"cv",55,0.641537944763637
1,3,"cv",56,0.363534566949911
1,3,"cv",57,0.355995586975221
1,3,"cv",59,0.374756787748994
1,3,"cv",60,0.508026893776825
1,3,"cv",61,0.511669540163734
1,3,"cv",62,0.314952511583846
1,3,"cv",63,0.593264400448828
1,3,"cv",64,0.557612087898239
1,3,"cv",65,0.5777593343915
1,3,"cv",66,0.61955555794828
1,3,"cv",67,0.431303203153786
1,3,"cv",69,0.667432202897483
1,3,"cv",70,0.428617550585287
1,3,"cv",71,0.569795858239066
1,3,"cv",72,0.620596870236185
1,3,"cv",73,0.539481631820204
1,3,"cv",75,0.470557129762187
1,3,"cv",76,0.354922776490768
1,3,"cv",77,0.332370664137357
1,3,"cv",78,0.471118240524006
1,3,"cv",79,0.352586737105431
1,3,"cv",80,0.475701516174965
1,3,"cv",81,0.455485262838257
1,3,"cv",82,0.212561561930189
1,3,"cv",83,0.52844726445892
1,3,"cv",84,0.418274250101232
1,3,"cv",85,0.238501362478446
1,3,"cv",86,0.291882247880422
1,3,"cv",87,0.576878104060594
1,3,"cv",88,0.367672884766402
1,3,"cv",90,0.526548013174716
1,3,"cv",91,0.498889667880434
1,3,"cv",93,0.536564178599784
1,3,"cv",94,0.537369591462927
1,3,"cv",95,0.526569586488774
1,3,"cv",96,0.382208960467652
1,3,"cv",97,0.487496704143596
1,3,"cv",98,0.451142321719922
1,3,"cv",100,0.525763882228401
1,3,"cv",101,0.392542337658445
1,3,"cv",102,0.490533553982084
1,3,"cv",103,0.422435446792211
1,3,"cv",105,0.557551733776599
1,3,"cv",106,0.530239758442161
1,3,"cv",107,0.550172898088142
1,3,"cv",108,0.723013724536533
1,3,"cv",111,0.737575108905098
1,3,"cv",112,0.473170891242956
1,3,"cv",113,0.445649583177837
1,3,"cv",115,0.5288836772056
1,3,"cv",116,0.59705106268825
1,3,"cv",117,0.470628389627895
1,3,"cv",118,0.351285136354348
1,3,"cv",119,0.333301017793484
1,3,"cv",120,0.459605641021065
1,3,"cv",121,0.57115121178186
1,3,"cv",123,0.61744036030121
1,3,"cv",124,0.142553073659713
1,3,"cv",125,0.403745607197843
1,3,"cv",126,0.632596294358663
1,3,"cv",127,0.464059567537913
1,3,"cv",129,0.447542486604994
1,3,"cv",131,0.68214744924845
1,3,"cv",132,0.305337358491237
1,3,"cv",133,0.440200483223661
1,3,"cv",135,0.328806112658126
1,3,"cv",137,0.493852387368699
1,3,"cv",138,0.445515103043941
1,3,"cv",139,0.377501837414234
1,3,"cv",140,0.389961994851129
1,3,"cv",141,0.46470918959083
1,3,"cv",142,0.47724195729272
1,3,"cv",144,0.381266892872804
1,3,"cv",145,0.425735773288072
1,3,"cv",147,0.491585829269597
1,3,"cv",148,0.614612439151857
1,3,"cv",149,0.508522826832569
1,3,"cv",151,0.430565714875115
1,3,"cv",152,0.277551135794591
1,3,"cv",155,0.51524953088099
1,3,"cv",156,0.539527348173115
1,3,"cv",157,0.389904553103687
1,3,"cv",159,0.570006661610475
1,3,"cv",160,0.480877338444023
1,3,"cv",161,0.404080877855931
1,3,"cv",163,0.461525816784377
1,3,"cv",166,0.465377321441076
1,3,"cv",167,0.467818607054511
1,3,"cv",168,0.448504960706296
1,3,"cv",169,0.375075096289811
1,3,"cv",170,0.426327267627132
1,3,"cv",171,0.417934825945833
1,3,"cv",172,0.108772059926513
1,3,"cv",173,0.47521884419618
1,3,"cv",174,0.423502679578565
1,3,"cv",175,0.502396989174448
1,3,"cv",176,0.263758499475108
1,3,"cv",179,0.444252005413646
1,3,"cv",180,0.576863139866341
1,3,"cv",181,0.437547732487981
1,3,"cv",182,0.224957397065508
1,3,"cv",183,0.496874033424662
1,3,"cv",184,0.533577642897726
1,3,"cv",185,0.464657740993822
1,3,"cv",186,0.422065845412903
1,3,"cv",187,0.456817786508263
1,3,"cv",188,0.368598041411825
1,3,"cv",189,0.788712003279866
1,3,"cv",190,0.680175849885494
1,3,"cv",191,0.43651418250924
1,3,"cv",192,0.300391789440075
1,3,"cv",193,0.413315750982378
1,3,"cv",194,0.446664876840638
1,3,"cv",195,0.482738049237315
1,3,"cv",196,0.508064440786786
1,3,"cv",198,0.519160576334004
1,3,"cv",199,0.369213044921404
1,3,"cv",200,0.447327466894822
1,3,"cv",201,0.355615877763945
1,3,"cv",202,0.398791007969039
1,3,"cv",203,0.497088262773959
1,3,"cv",204,0.381626115394103
1,3,"cv",205,0.530570498767392
1,3,"cv",206,0.417494191316556
1,3,"cv",207,0.455993118824933
1,3,"cv",208,0.404661282611681
1,3,"cv",209,0.556408286875711
1,3,"cv",210,0.490504078738327
1,3,"cv",211,0.53769172734049
1,3,"cv",213,0.437984752118857
1,3,"cv",217,0.541342481796678
1,3,"cv",218,0.517042339848531
1,3,"cv",219,0.300056833223226
1,3,"cv",220,0.522479638338297
1,3,"cv",221,0.456190183110621
1,3,"cv",222,0.486051619584857
1,3,"cv",224,0.543074279484832
1,3,"cv",227,0.576010718364188
1,3,"cv",230,0.405188767994332
1,3,"cv",231,0.441838969435352
1,3,"cv",232,0.542898891299144
1,3,"cv",233,0.545225257146086
1,3,"cv",234,0.375039918773686
1,3,"cv",235,0.479824962278457
1,3,"cv",236,0.263494653577561
1,3,"cv",237,0.157260642258136
1,3,"cv",238,0.563000276229523
1,3,"cv",239,0.362461814641179
1,3,"cv",240,0.238488141346055
1,3,"cv",241,0.522836970918524
1,3,"cv",242,0.27020968549751
1,3,"cv",243,0.240061630879698
1,3,"cv",244,0.534698372323477
1,3,"cv",246,0.500250656860653
1,3,"cv",247,0.286858597536425
1,3,"cv",249,0.483746098496141
1,3,"cv",250,0.26789273620374
1,3,"cv",251,0.381808673694656
1,3,"cv",253,0.296892411611473
1,3,"cv",254,0.347991887766977
1,3,"cv",255,0.386015780973271
1,3,"cv",256,0.43179615794171
1,3,"cv",257,0.338226587594451
1,3,"cv",258,0.272775143754172
1,3,"cv",259,0.377164597752779
1,3,"cv",260,0.329606849456751
1,3,"cv",263,0.527674132118239
1,3,"cv",264,0.58480801562716
1,3,"cv",265,0.52954605526992
1,3,"cv",267,0.381239947730683
1,3,"cv",268,0.420266179553726
1,3,"cv",269,0.527770839414701
1,3,"holdout",49,0.477521947344557
1,3,"holdout",153,0.450844794951806
1,3,"holdout",74,0.359304439708443
1,3,"holdout",228,0.404885391060136
1,3,"holdout",146,0.442830558488863
1,3,"holdout",122,0.478340502253047
1,3,"holdout",270,0.264589689562758
1,3,"holdout",128,0.371873593678717
1,3,"holdout",24,0.51050765937894
1,3,"holdout",89,0.41178899536318
1,3,"holdout",165,0.492346084563691
1,3,"holdout",110,0.426637161591364
1,3,"holdout",20,0.498684724238406
1,3,"holdout",261,0.400840287402007
1,3,"holdout",27,0.400424666156152
1,3,"holdout",164,0.582713576247989
1,3,"holdout",229,0.290868261903251
1,3,"holdout",223,0.488163066301721
1,3,"holdout",109,0.348123029940541
1,3,"holdout",5,0.38780276618499
1,3,"holdout",212,0.479129495812629
1,3,"holdout",162,0.398472607717293
1,3,"holdout",92,0.499051557330087
1,3,"holdout",104,0.424321455106204
1,3,"holdout",3,0.418002170431885
1,3,"holdout",58,0.402173586323436
1,3,"holdout",225,0.247301491420312
1,3,"holdout",42,0.618532913534735
1,3,"holdout",262,0.54512714739242
1,3,"holdout",158,0.467945256910331
1,3,"holdout",43,0.519027575541944
1,3,"holdout",143,0.411475275215072
1,3,"holdout",150,0.508204611770368
1,3,"holdout",245,0.452194658062937
1,3,"holdout",136,0.454012326475397
1,3,"holdout",36,0.446389777172389
1,3,"holdout",68,0.557372522812551
1,3,"holdout",214,0.54540156988104
1,3,"holdout",266,0.350914358722903
1,3,"holdout",252,0.425106997134957
1,3,"holdout",248,0.27304182842051
1,3,"holdout",197,0.422428754207505
1,3,"holdout",4,0.332226766440945
1,3,"holdout",226,0.293220512901267
1,3,"holdout",178,0.291964687901428
1,3,"holdout",99,0.61474765846959
1,3,"holdout",216,0.405585165566779
1,3,"holdout",215,0.334522584944514
1,3,"holdout",177,0.35475981227118
1,3,"holdout",154,0.503010903161653
1,3,"holdout",114,0.311130906269177
1,3,"holdout",6,0.226042314294114
1,3,"holdout",134,0.444235377234533
1,3,"holdout",130,0.44740321215541
2,3,"cv",1,0.344167236373306
2,3,"cv",2,0.382561198014201
2,3,"cv",7,0.388293815026233
2,3,"cv",8,0.406179245491109
2,3,"cv",9,0.398847385284003
2,3,"cv",10,0.449693248558324
2,3,"cv",11,0.330384780606036
2,3,"cv",12,0.426638535774254
2,3,"cv",13,0.433732196296082
2,3,"cv",14,0.592582103064289
2,3,"cv",15,0.357889873795089
2,3,"cv",16,0.346334282921672
2,3,"cv",17,0.480324222141203
2,3,"cv",18,0.401311471273952
2,3,"cv",19,0.416582778549856
2,3,"cv",21,0.436725731355431
2,3,"cv",22,0.295965736799646
2,3,"cv",23,0.643803804337485
2,3,"cv",25,0.39240050602292
2,3,"cv",26,0.377212544137411
2,3,"cv",28,0.500956265187808
2,3,"cv",29,0.495440598078886
2,3,"cv",30,0.559269920048019
2,3,"cv",31,0.472679649221864
2,3,"cv",32,0.590703394927956
2,3,"cv",33,0.566572607256731
2,3,"cv",34,0.661229224658547
2,3,"cv",35,0.425156745246277
2,3,"cv",37,0.484142543584832
2,3,"cv",38,0.631070107350789
2,3,"cv",39,0.410417652787775
2,3,"cv",40,0.484298179988573
2,3,"cv",41,0.591060527627918
2,3,"cv",44,0.268702094833189
2,3,"cv",45,0.517489708563642
2,3,"cv",46,0.432270752173841
2,3,"cv",47,0.561657210800047
2,3,"cv",48,0.332713916858781
2,3,"cv",50,0.474809362869558
2,3,"cv",51,0.619220735510576
2,3,"cv",52,0.55167618638031
2,3,"cv",53,0.382358333687665
2,3,"cv",54,0.566852412483201
2,3,"cv",55,0.632986156937873
2,3,"cv",56,0.382927792530241
2,3,"cv",57,0.367143759206494
2,3,"cv",59,0.391499966859624
2,3,"cv",60,0.504999754354288
2,3,"cv",61,0.504583685928281
2,3,"cv",62,0.33126004455445
2,3,"cv",63,0.595562684521819
2,3,"cv",64,0.545615266971916
2,3,"cv",65,0.555407911692727
2,3,"cv",66,0.622682408772179
2,3,"cv",67,0.431097051330403
2,3,"cv",69,0.662863194209002
2,3,"cv",70,0.394368306478902
2,3,"cv",71,0.604431143719574
2,3,"cv",72,0.617315844570011
2,3,"cv",73,0.542989402962602
2,3,"cv",75,0.487327406520273
2,3,"cv",76,0.340672615521794
2,3,"cv",77,0.317598711101954
2,3,"cv",78,0.48117636398494
2,3,"cv",79,0.321560922064629
2,3,"cv",80,0.47323074062169
2,3,"cv",81,0.462552142366144
2,3,"cv",82,0.256427176655379
2,3,"cv",83,0.516030680588798
2,3,"cv",84,0.4070220612706
2,3,"cv",85,0.256049734941687
2,3,"cv",86,0.326936119267588
2,3,"cv",87,0.548990727439403
2,3,"cv",88,0.400654929720846
2,3,"cv",90,0.518522256234631
2,3,"cv",91,0.500800487510362
2,3,"cv",93,0.554418951700454
2,3,"cv",94,0.533314203674627
2,3,"cv",95,0.515206198467355
2,3,"cv",96,0.354195447424282
2,3,"cv",97,0.485598665812726
2,3,"cv",98,0.446395095604259
2,3,"cv",100,0.530123703171771
2,3,"cv",101,0.38080543467413
2,3,"cv",102,0.477313536529596
2,3,"cv",103,0.400642067784113
2,3,"cv",105,0.552754330565688
2,3,"cv",106,0.529002165444255
2,3,"cv",107,0.549393322903682
2,3,"cv",108,0.75790588991533
2,3,"cv",111,0.772070035765956
2,3,"cv",112,0.487796047054825
2,3,"cv",113,0.428760297676572
2,3,"cv",115,0.526890847186843
2,3,"cv",116,0.583199003946866
2,3,"cv",117,0.476783732010717
2,3,"cv",118,0.360259165218894
2,3,"cv",119,0.337627334978646
2,3,"cv",120,0.461373381589184
2,3,"cv",121,0.581924002376982
2,3,"cv",123,0.631477986112516
2,3,"cv",124,0.131078098720036
2,3,"cv",125,0.40788181603645
2,3,"cv",126,0.637294496140077
2,3,"cv",127,0.469959704628969
2,3,"cv",129,0.430327672803182
2,3,"cv",131,0.658081721786769
2,3,"cv",132,0.324133898064141
2,3,"cv",133,0.437379206330028
2,3,"cv",135,0.35131503993951
2,3,"cv",137,0.491503503118326
2,3,"cv",138,0.455467874072586
2,3,"cv",139,0.367749446175123
2,3,"cv",140,0.414994680430664
2,3,"cv",141,0.447329438262276
2,3,"cv",142,0.462805363755907
2,3,"cv",144,0.377234298828875
2,3,"cv",145,0.416902403684607
2,3,"cv",147,0.496478341434699
2,3,"cv",148,0.612986379261961
2,3,"cv",149,0.527832523275378
2,3,"cv",151,0.40820752750904
2,3,"cv",152,0.272650883989809
2,3,"cv",155,0.522480930215483
2,3,"cv",156,0.540615619312617
2,3,"cv",157,0.390492016531831
2,3,"cv",159,0.569450458763741
2,3,"cv",160,0.481494457877367
2,3,"cv",161,0.386269612262742
2,3,"cv",163,0.461617998214828
2,3,"cv",166,0.468600399693363
2,3,"cv",167,0.474145472260613
2,3,"cv",168,0.475917792829735
2,3,"cv",169,0.386915281783891
2,3,"cv",170,0.441369530772491
2,3,"cv",171,0.408823206634299
2,3,"cv",172,0.168194855971676
2,3,"cv",173,0.473861403984896
2,3,"cv",174,0.405836273411431
2,3,"cv",175,0.51068720753143
2,3,"cv",176,0.286378377686017
2,3,"cv",179,0.446875383459096
2,3,"cv",180,0.583526094901757
2,3,"cv",181,0.438931018601383
2,3,"cv",182,0.239501601421277
2,3,"cv",183,0.490794596972968
2,3,"cv",184,0.536456799066151
2,3,"cv",185,0.461954551411834
2,3,"cv",186,0.421835852356311
2,3,"cv",187,0.45527013745248
2,3,"cv",188,0.370353562635565
2,3,"cv",189,0.790602209197261
2,3,"cv",190,0.656031946847366
2,3,"cv",191,0.452484442716012
2,3,"cv",192,0.294835006556175
2,3,"cv",193,0.402548875558502
2,3,"cv",194,0.452555249821841
2,3,"cv",195,0.476508775615525
2,3,"cv",196,0.542893017005966
2,3,"cv",198,0.51576243053192
2,3,"cv",199,0.371509304284631
2,3,"cv",200,0.468757224123906
2,3,"cv",201,0.344724428944512
2,3,"cv",202,0.403009050488979
2,3,"cv",203,0.494504681355149
2,3,"cv",204,0.392650083524317
2,3,"cv",205,0.517317233690595
2,3,"cv",206,0.444526767778606
2,3,"cv",207,0.448965419522837
2,3,"cv",208,0.405168836962399
2,3,"cv",209,0.545256783953974
2,3,"cv",210,0.494378242946161
2,3,"cv",211,0.52551905128206
2,3,"cv",213,0.432743231123642
2,3,"cv",217,0.545106109762002
2,3,"cv",218,0.536998770050615
2,3,"cv",219,0.308363037364459
2,3,"cv",220,0.540057765314091
2,3,"cv",221,0.464551942805597
2,3,"cv",222,0.506489210248864
2,3,"cv",224,0.555053746775668
2,3,"cv",227,0.549812679909523
2,3,"cv",230,0.407498054524272
2,3,"cv",231,0.434563758737658
2,3,"cv",232,0.537606493327464
2,3,"cv",233,0.525402223368812
2,3,"cv",234,0.379411245542329
2,3,"cv",235,0.467271961065092
2,3,"cv",236,0.257757008357839
2,3,"cv",237,0.160455956166552
2,3,"cv",238,0.592175728827649
2,3,"cv",239,0.353007126635626
2,3,"cv",240,0.225384940910011
2,3,"cv",241,0.521890142741069
2,3,"cv",242,0.269988472440573
2,3,"cv",243,0.175148543758425
2,3,"cv",244,0.52607991280513
2,3,"cv",246,0.517627804071861
2,3,"cv",247,0.334438048418022
2,3,"cv",249,0.427367712569162
2,3,"cv",250,0.244555285607394
2,3,"cv",251,0.381080164768144
2,3,"cv",253,0.323719876141878
2,3,"cv",254,0.344049017328654
2,3,"cv",255,0.391540192223085
2,3,"cv",256,0.437180006190396
2,3,"cv",257,0.341799518668762
2,3,"cv",258,0.261339638213935
2,3,"cv",259,0.352174251427452
2,3,"cv",260,0.329967560774916
2,3,"cv",263,0.490850743892147
2,3,"cv",264,0.584010753749323
2,3,"cv",265,0.542170756952036
2,3,"cv",267,0.377003219292384
2,3,"cv",268,0.416046929277322
2,3,"cv",269,0.531496058689209
2,3,"holdout",49,0.479970644796306
2,3,"holdout",153,0.44858349975903
2,3,"holdout",74,0.364867786768705
2,3,"holdout",228,0.403342455271873
2,3,"holdout",146,0.44384886119494
2,3,"holdout",122,0.477918877447137
2,3,"holdout",270,0.26120238399211
2,3,"holdout",128,0.366023154792838
2,3,"holdout",24,0.512163077360868
2,3,"holdout",89,0.407024301512469
2,3,"holdout",165,0.487251781039224
2,3,"holdout",110,0.428933025007776
2,3,"holdout",20,0.498369253456309
2,3,"holdout",261,0.399439215074506
2,3,"holdout",27,0.411630724830457
2,3,"holdout",164,0.583477638410269
2,3,"holdout",229,0.292760281888797
2,3,"holdout",223,0.490364049960379
2,3,"holdout",109,0.350706584766096
2,3,"holdout",5,0.390471299542445
2,3,"holdout",212,0.473931687941337
2,3,"holdout",162,0.398636298910137
2,3,"holdout",92,0.500553246959205
2,3,"holdout",104,0.423309956001056
2,3,"holdout",3,0.427008311324014
2,3,"holdout",58,0.406198252497104
2,3,"holdout",225,0.24949867578435
2,3,"holdout",42,0.620863986419461
2,3,"holdout",262,0.544780960767318
2,3,"holdout",158,0.467931165463881
2,3,"holdout",43,0.515355014273158
2,3,"holdout",143,0.406115661386069
2,3,"holdout",150,0.50976767262629
2,3,"holdout",245,0.446874646021802
2,3,"holdout",136,0.452224458844796
2,3,"holdout",36,0.447341847038487
2,3,"holdout",68,0.559026613747546
2,3,"holdout",214,0.550202788948642
2,3,"holdout",266,0.3523540567137
2,3,"holdout",252,0.423492141508014
2,3,"holdout",248,0.272502744003427
2,3,"holdout",197,0.414866362569287
2,3,"holdout",4,0.330259686528219
2,3,"holdout",226,0.294917742745672
2,3,"holdout",178,0.292673349348107
2,3,"holdout",99,0.616394476237297
2,3,"holdout",216,0.403149093172447
2,3,"holdout",215,0.332053421259742
2,3,"holdout",177,0.357106882290232
2,3,"holdout",154,0.499589943835328
2,3,"holdout",114,0.314743400106391
2,3,"holdout",6,0.216997610169023
2,3,"holdout",134,0.446059304564692
2,3,"holdout",130,0.448399823643484
3,3,"cv",1,0.341734970634805
3,3,"cv",2,0.394384571842001
3,3,"cv",7,0.374714911145764
3,3,"cv",8,0.403498910789123
3,3,"cv",9,0.399934347738821
3,3,"cv",10,0.438638282382523
3,3,"cv",11,0.33921082110774
3,3,"cv",12,0.424315528271498
3,3,"cv",13,0.453771279126726
3,3,"cv",14,0.588737392708117
3,3,"cv",15,0.349769295144435
3,3,"cv",16,0.343744716244423
3,3,"cv",17,0.485131678596625
3,3,"cv",18,0.366553893304277
3,3,"cv",19,0.426029497077367
3,3,"cv",21,0.43943288885612
3,3,"cv",22,0.265375550587732
3,3,"cv",23,0.68244657622144
3,3,"cv",25,0.412315612258303
3,3,"cv",26,0.395970824311336
3,3,"cv",28,0.517585837665739
3,3,"cv",29,0.470413773219451
3,3,"cv",30,0.572192508218619
3,3,"cv",31,0.478032713290536
3,3,"cv",32,0.581374781031466
3,3,"cv",33,0.545187545654953
3,3,"cv",34,0.664006020515887
3,3,"cv",35,0.435173850058593
3,3,"cv",37,0.495560310709894
3,3,"cv",38,0.646731146998234
3,3,"cv",39,0.423079431806025
3,3,"cv",40,0.484325433309408
3,3,"cv",41,0.614952624942786
3,3,"cv",44,0.253614529961035
3,3,"cv",45,0.504175574655441
3,3,"cv",46,0.407122608703627
3,3,"cv",47,0.560003735567649
3,3,"cv",48,0.357779048635346
3,3,"cv",50,0.465914976690616
3,3,"cv",51,0.62456793575956
3,3,"cv",52,0.558305936194245
3,3,"cv",53,0.375958874898214
3,3,"cv",54,0.557547212338093
3,3,"cv",55,0.649844648295899
3,3,"cv",56,0.39493028098283
3,3,"cv",57,0.381913732511998
3,3,"cv",59,0.399545185100061
3,3,"cv",60,0.524366628756671
3,3,"cv",61,0.509651310391147
3,3,"cv",62,0.330248796414475
3,3,"cv",63,0.612751404447275
3,3,"cv",64,0.549928705410232
3,3,"cv",65,0.598422995414881
3,3,"cv",66,0.640274362613669
3,3,"cv",67,0.422740576775178
3,3,"cv",69,0.676684287447202
3,3,"cv",70,0.42356862508254
3,3,"cv",71,0.598378910593526
3,3,"cv",72,0.62223580747255
3,3,"cv",73,0.54334860454083
3,3,"cv",75,0.493364609180445
3,3,"cv",76,0.338502663641414
3,3,"cv",77,0.311883097142745
3,3,"cv",78,0.468587371693656
3,3,"cv",79,0.360333537838082
3,3,"cv",80,0.488981696810466
3,3,"cv",81,0.457188544134671
3,3,"cv",82,0.25172883536275
3,3,"cv",83,0.564161302721086
3,3,"cv",84,0.388134131290776
3,3,"cv",85,0.258617081327942
3,3,"cv",86,0.329783709067062
3,3,"cv",87,0.526570346450984
3,3,"cv",88,0.38923872685143
3,3,"cv",90,0.521422319649609
3,3,"cv",91,0.50111947203241
3,3,"cv",93,0.532032631470616
3,3,"cv",94,0.558078662292992
3,3,"cv",95,0.536513662043489
3,3,"cv",96,0.360399172684136
3,3,"cv",97,0.491710644454163
3,3,"cv",98,0.432295316037561
3,3,"cv",100,0.541234291326922
3,3,"cv",101,0.403179235393687
3,3,"cv",102,0.445795926915991
3,3,"cv",103,0.406653951251476
3,3,"cv",105,0.562661009278832
3,3,"cv",106,0.524641096068903
3,3,"cv",107,0.555032358834446
3,3,"cv",108,0.766891342654503
3,3,"cv",111,0.756588080215753
3,3,"cv",112,0.468545004541111
3,3,"cv",113,0.452476044466884
3,3,"cv",115,0.529118247714094
3,3,"cv",116,0.589987642347064
3,3,"cv",117,0.474469200574289
3,3,"cv",118,0.38945655904648
3,3,"cv",119,0.298890332112552
3,3,"cv",120,0.464302302696924
3,3,"cv",121,0.579665687267588
3,3,"cv",123,0.603234289349597
3,3,"cv",124,0.154838264184364
3,3,"cv",125,0.419310351761228
3,3,"cv",126,0.651949071038626
3,3,"cv",127,0.492405631539551
3,3,"cv",129,0.459597701369005
3,3,"cv",131,0.668276181475222
3,3,"cv",132,0.324042458594668
3,3,"cv",133,0.442189955894893
3,3,"cv",135,0.325809982016146
3,3,"cv",137,0.490528337407905
3,3,"cv",138,0.435006902936139
3,3,"cv",139,0.394070033635119
3,3,"cv",140,0.380825862686609
3,3,"cv",141,0.454608452352513
3,3,"cv",142,0.464150761572412
3,3,"cv",144,0.398033674586108
3,3,"cv",145,0.409949540331062
3,3,"cv",147,0.460919487675295
3,3,"cv",148,0.61081269985773
3,3,"cv",149,0.521661107199635
3,3,"cv",151,0.45765614340101
3,3,"cv",152,0.297682743517086
3,3,"cv",155,0.527977379864051
3,3,"cv",156,0.549131548009133
3,3,"cv",157,0.419255549278343
3,3,"cv",159,0.572015696262215
3,3,"cv",160,0.470419959512828
3,3,"cv",161,0.380630560526971
3,3,"cv",163,0.443932371195013
3,3,"cv",166,0.468290892778891
3,3,"cv",167,0.472234323621443
3,3,"cv",168,0.434357743623223
3,3,"cv",169,0.385619806028278
3,3,"cv",170,0.416983449950553
3,3,"cv",171,0.448009963325523
3,3,"cv",172,0.169846766124787
3,3,"cv",173,0.469020792854934
3,3,"cv",174,0.417089387596678
3,3,"cv",175,0.507861129081208
3,3,"cv",176,0.273318372593509
3,3,"cv",179,0.462868799384136
3,3,"cv",180,0.585990139072234
3,3,"cv",181,0.428414361774975
3,3,"cv",182,0.244846182714164
3,3,"cv",183,0.485641280758312
3,3,"cv",184,0.531511956910809
3,3,"cv",185,0.462098161539657
3,3,"cv",186,0.404404522691443
3,3,"cv",187,0.460076437638464
3,3,"cv",188,0.367944132335652
3,3,"cv",189,0.768730787710031
3,3,"cv",190,0.632438286528206
3,3,"cv",191,0.458982538591632
3,3,"cv",192,0.288064121746278
3,3,"cv",193,0.431570455192524
3,3,"cv",194,0.457647220961183
3,3,"cv",195,0.460212477762749
3,3,"cv",196,0.534674388913415
3,3,"cv",198,0.52672920620272
3,3,"cv",199,0.368173454715518
3,3,"cv",200,0.472660268875822
3,3,"cv",201,0.361363085590941
3,3,"cv",202,0.399184419340222
3,3,"cv",203,0.513207118586224
3,3,"cv",204,0.390187539763376
3,3,"cv",205,0.511146267301572
3,3,"cv",206,0.431491483433107
3,3,"cv",207,0.445018662122807
3,3,"cv",208,0.369097884173754
3,3,"cv",209,0.576235296218057
3,3,"cv",210,0.504919972674106
3,3,"cv",211,0.528382484147025
3,3,"cv",213,0.431085215075241
3,3,"cv",217,0.530227690905452
3,3,"cv",218,0.509054190062166
3,3,"cv",219,0.302416573680068
3,3,"cv",220,0.500988935279685
3,3,"cv",221,0.47157460356616
3,3,"cv",222,0.488684303721566
3,3,"cv",224,0.557235294627214
3,3,"cv",227,0.580283961512929
3,3,"cv",230,0.39476827468429
3,3,"cv",231,0.440755617476389
3,3,"cv",232,0.524292074563548
3,3,"cv",233,0.567435786634368
3,3,"cv",234,0.378863556897383
3,3,"cv",235,0.464750347032247
3,3,"cv",236,0.328090166641276
3,3,"cv",237,0.1613869198902
3,3,"cv",238,0.586361890774559
3,3,"cv",239,0.366904731123514
3,3,"cv",240,0.237747260381106
3,3,"cv",241,0.51474591827529
3,3,"cv",242,0.300768478859027
3,3,"cv",243,0.198684266677379
3,3,"cv",244,0.532134991068791
3,3,"cv",246,0.49417002898317
3,3,"cv",247,0.294062490105523
3,3,"cv",249,0.458284393281178
3,3,"cv",250,0.30224470592763
3,3,"cv",251,0.397615346557767
3,3,"cv",253,0.3196598229451
3,3,"cv",254,0.354712328618093
3,3,"cv",255,0.400743537399578
3,3,"cv",256,0.444259134244803
3,3,"cv",257,0.373005537478839
3,3,"cv",258,0.281438003350991
3,3,"cv",259,0.375183124396555
3,3,"cv",260,0.325631719090689
3,3,"cv",263,0.494778361666772
3,3,"cv",264,0.597530770912375
3,3,"cv",265,0.545931208839581
3,3,"cv",267,0.36723941833587
3,3,"cv",268,0.395365163840146
3,3,"cv",269,0.517161750696262
3,3,"holdout",49,0.478579163460337
3,3,"holdout",153,0.451143223156308
3,3,"holdout",74,0.36203274226427
3,3,"holdout",228,0.406584908528887
3,3,"holdout",146,0.443180202014153
3,3,"holdout",122,0.479014393631781
3,3,"holdout",270,0.267401548365283
3,3,"holdout",128,0.370325274726507
3,3,"holdout",24,0.512398824860745
3,3,"holdout",89,0.405247341844663
3,3,"holdout",165,0.491400329646049
3,3,"holdout",110,0.429808769653519
3,3,"holdout",20,0.496507247831385
3,3,"holdout",261,0.402952979552356
3,3,"holdout",27,0.41345046523644
3,3,"holdout",164,0.583888014855029
3,3,"holdout",229,0.294576250885552
3,3,"holdout",223,0.487907313446427
3,3,"holdout",109,0.350155170646869
3,3,"holdout",5,0.391359372976526
3,3,"holdout",212,0.479172000212298
3,3,"holdout",162,0.398608296983026
3,3,"holdout",92,0.498191374281801
3,3,"holdout",104,0.426487655252955
3,3,"holdout",3,0.427602694747992
3,3,"holdout",58,0.404937334672707
3,3,"holdout",225,0.252848859601672
3,3,"holdout",42,0.617455347565836
3,3,"holdout",262,0.542134643827816
3,3,"holdout",158,0.464616291299944
3,3,"holdout",43,0.51767099334595
3,3,"holdout",143,0.408692150672783
3,3,"holdout",150,0.504633894775589
3,3,"holdout",245,0.448733043571589
3,3,"holdout",136,0.450925706708791
3,3,"holdout",36,0.442611710877372
3,3,"holdout",68,0.558055783683194
3,3,"holdout",214,0.551590997178211
3,3,"holdout",266,0.349078005170984
3,3,"holdout",252,0.425228354196879
3,3,"holdout",248,0.273901276784139
3,3,"holdout",197,0.415828041471846
3,3,"holdout",4,0.334256611973676
3,3,"holdout",226,0.292088290593001
3,3,"holdout",178,0.293592936822292
3,3,"holdout",99,0.606101378329343
3,3,"holdout",216,0.40338062794927
3,3,"holdout",215,0.333772639565944
3,3,"holdout",177,0.352664432515506
3,3,"holdout",154,0.500574054901933
3,3,"holdout",114,0.311463548475775
3,3,"holdout",6,0.217990713020805
3,3,"holdout",134,0.441899291186775
3,3,"holdout",130,0.447073313818529
1,4,"cv",1,0.366687106913324
1,4,"cv",2,0.405878126233609
1,4,"cv",7,0.386394738037972
1,4,"cv",8,0.407683889622315
1,4,"cv",9,0.406910598338045
1,4,"cv",10,0.447816622694399
1,4,"cv",11,0.327624778921889
1,4,"cv",12,0.430288265890889
1,4,"cv",13,0.443108405818215
1,4,"cv",14,0.587024292903175
1,4,"cv",15,0.365836763663962
1,4,"cv",16,0.32161324456711
1,4,"cv",17,0.485436281017111
1,4,"cv",18,0.357880745500391
1,4,"cv",19,0.427833898979253
1,4,"cv",21,0.445359230880482
1,4,"cv",22,0.253372677577441
1,4,"cv",23,0.666069273887081
1,4,"cv",25,0.404633126638542
1,4,"cv",26,0.396116717997324
1,4,"cv",28,0.498436055118103
1,4,"cv",29,0.475005681432996
1,4,"cv",30,0.560170375695901
1,4,"cv",31,0.445819427061968
1,4,"cv",32,0.586985595435345
1,4,"cv",33,0.553880493879067
1,4,"cv",34,0.676632513969499
1,4,"cv",35,0.420395021591707
1,4,"cv",37,0.48030497295173
1,4,"cv",38,0.662049994912578
1,4,"cv",39,0.405515060740595
1,4,"cv",40,0.494070918469262
1,4,"cv",41,0.608290188170956
1,4,"cv",44,0.252496535525002
1,4,"cv",45,0.504113444022118
1,4,"cv",46,0.433684460742497
1,4,"cv",47,0.550346669634356
1,4,"cv",48,0.358568765758216
1,4,"cv",50,0.46600573407694
1,4,"cv",51,0.604719606126702
1,4,"cv",52,0.549742852255398
1,4,"cv",53,0.376168801763812
1,4,"cv",54,0.5734749872491
1,4,"cv",55,0.640536192616947
1,4,"cv",56,0.377585028867267
1,4,"cv",57,0.359925977763539
1,4,"cv",59,0.360855224885667
1,4,"cv",60,0.509364952511266
1,4,"cv",61,0.509019180273195
1,4,"cv",62,0.322838135495786
1,4,"cv",63,0.593361059014195
1,4,"cv",64,0.567653671660727
1,4,"cv",65,0.558654594259043
1,4,"cv",66,0.643476390569928
1,4,"cv",67,0.434654463395911
1,4,"cv",69,0.66066979467149
1,4,"cv",70,0.440495108573614
1,4,"cv",71,0.55702774457357
1,4,"cv",72,0.618828019122188
1,4,"cv",73,0.541977135430945
1,4,"cv",75,0.475426815407093
1,4,"cv",76,0.358522893781604
1,4,"cv",77,0.334797379864979
1,4,"cv",78,0.47732406253422
1,4,"cv",79,0.359116134388535
1,4,"cv",80,0.469878582908996
1,4,"cv",81,0.455179589192345
1,4,"cv",82,0.217408732028343
1,4,"cv",83,0.529508442314894
1,4,"cv",84,0.420176999873819
1,4,"cv",85,0.242191632350463
1,4,"cv",86,0.288526493608764
1,4,"cv",87,0.570770152778356
1,4,"cv",88,0.38261198185435
1,4,"cv",90,0.530946649712181
1,4,"cv",91,0.489312293059413
1,4,"cv",93,0.531694182926751
1,4,"cv",94,0.540525475366677
1,4,"cv",95,0.51762743063246
1,4,"cv",96,0.378166120468417
1,4,"cv",97,0.483888841080916
1,4,"cv",98,0.441278208367814
1,4,"cv",100,0.518941916631315
1,4,"cv",101,0.390283553350273
1,4,"cv",102,0.47332949965313
1,4,"cv",103,0.421667491960172
1,4,"cv",105,0.556322162716191
1,4,"cv",106,0.54015827962046
1,4,"cv",107,0.551812443862293
1,4,"cv",108,0.708309377332158
1,4,"cv",111,0.755671439626155
1,4,"cv",112,0.467817456207915
1,4,"cv",113,0.452870059731551
1,4,"cv",115,0.53651966371543
1,4,"cv",116,0.593289232527353
1,4,"cv",117,0.472277718721732
1,4,"cv",118,0.360614269765032
1,4,"cv",119,0.330894382382418
1,4,"cv",120,0.459626135186368
1,4,"cv",121,0.578314666959947
1,4,"cv",123,0.617654219187205
1,4,"cv",124,0.147532048302135
1,4,"cv",125,0.400210650287175
1,4,"cv",126,0.622610733260592
1,4,"cv",127,0.462737983201741
1,4,"cv",129,0.431584839000737
1,4,"cv",131,0.677879533596146
1,4,"cv",132,0.307406502436449
1,4,"cv",133,0.444749414859184
1,4,"cv",135,0.327551218196329
1,4,"cv",137,0.494286964632154
1,4,"cv",138,0.436789500999454
1,4,"cv",139,0.387730129420773
1,4,"cv",140,0.392111792749662
1,4,"cv",141,0.460938900463061
1,4,"cv",142,0.466064896313288
1,4,"cv",144,0.390082829009062
1,4,"cv",145,0.412485731688304
1,4,"cv",147,0.49918087758948
1,4,"cv",148,0.610815689568918
1,4,"cv",149,0.505375330477994
1,4,"cv",151,0.430965200083794
1,4,"cv",152,0.272302525719014
1,4,"cv",155,0.514825937612853
1,4,"cv",156,0.53659036305048
1,4,"cv",157,0.385192063874531
1,4,"cv",159,0.57832607375396
1,4,"cv",160,0.482405131632272
1,4,"cv",161,0.415854157515795
1,4,"cv",163,0.458792104152261
1,4,"cv",166,0.465609705001732
1,4,"cv",167,0.463153113003819
1,4,"cv",168,0.419451061585337
1,4,"cv",169,0.404488300531102
1,4,"cv",170,0.418978980205109
1,4,"cv",171,0.416036827294761
1,4,"cv",172,0.0912355285692583
1,4,"cv",173,0.473464118864431
1,4,"cv",174,0.418619217989328
1,4,"cv",175,0.515329977384702
1,4,"cv",176,0.280707404292806
1,4,"cv",179,0.451890957124994
1,4,"cv",180,0.58526346882833
1,4,"cv",181,0.439383989330759
1,4,"cv",182,0.235184402129063
1,4,"cv",183,0.496585367820318
1,4,"cv",184,0.532353942374283
1,4,"cv",185,0.461094964001908
1,4,"cv",186,0.426084371072617
1,4,"cv",187,0.461520110408653
1,4,"cv",188,0.368702643326803
1,4,"cv",189,0.787991970313228
1,4,"cv",190,0.638487126520917
1,4,"cv",191,0.438748096894081
1,4,"cv",192,0.293180937097366
1,4,"cv",193,0.419441679039319
1,4,"cv",194,0.431202629967517
1,4,"cv",195,0.484176449078169
1,4,"cv",196,0.52923374731031
1,4,"cv",198,0.512144607265993
1,4,"cv",199,0.376566399742893
1,4,"cv",200,0.439718970484807
1,4,"cv",201,0.366582072041004
1,4,"cv",202,0.388966113801105
1,4,"cv",203,0.497406290784717
1,4,"cv",204,0.381330515568802
1,4,"cv",205,0.524979960643042
1,4,"cv",206,0.427336863624273
1,4,"cv",207,0.453035606958154
1,4,"cv",208,0.407243312309717
1,4,"cv",209,0.544051227007782
1,4,"cv",210,0.497686107697206
1,4,"cv",211,0.538002418474743
1,4,"cv",213,0.453382441625766
1,4,"cv",217,0.548277480989856
1,4,"cv",218,0.511606554458573
1,4,"cv",219,0.31101754047483
1,4,"cv",220,0.516658718859604
1,4,"cv",221,0.458014173297078
1,4,"cv",222,0.495839900539332
1,4,"cv",224,0.546379819642152
1,4,"cv",227,0.559972135741104
1,4,"cv",230,0.396606604002893
1,4,"cv",231,0.43877383263692
1,4,"cv",232,0.547043354921393
1,4,"cv",233,0.54832236263067
1,4,"cv",234,0.374807081448217
1,4,"cv",235,0.472650794332827
1,4,"cv",236,0.282393121704328
1,4,"cv",237,0.160886117484106
1,4,"cv",238,0.571467806458671
1,4,"cv",239,0.35744589089895
1,4,"cv",240,0.246668932730731
1,4,"cv",241,0.521593352675165
1,4,"cv",242,0.264914149230956
1,4,"cv",243,0.238328657747199
1,4,"cv",244,0.529702214636002
1,4,"cv",246,0.490379594688829
1,4,"cv",247,0.291577326441166
1,4,"cv",249,0.496854598052027
1,4,"cv",250,0.275188814521519
1,4,"cv",251,0.373765213779666
1,4,"cv",253,0.305336614489987
1,4,"cv",254,0.343865178194624
1,4,"cv",255,0.387376294775008
1,4,"cv",256,0.430801082932771
1,4,"cv",257,0.342935154569818
1,4,"cv",258,0.284622442679759
1,4,"cv",259,0.370466621430531
1,4,"cv",260,0.335765111583115
1,4,"cv",263,0.525284157341566
1,4,"cv",264,0.595762769949404
1,4,"cv",265,0.527993167472597
1,4,"cv",267,0.378675567541416
1,4,"cv",268,0.414380356807951
1,4,"cv",269,0.524330400836165
1,4,"holdout",49,0.477026007926334
1,4,"holdout",153,0.442577303601623
1,4,"holdout",74,0.362622446515875
1,4,"holdout",228,0.398864775193846
1,4,"holdout",146,0.442426994904095
1,4,"holdout",122,0.475748683276934
1,4,"holdout",270,0.279533514568631
1,4,"holdout",128,0.353873962279642
1,4,"holdout",24,0.522413425203402
1,4,"holdout",89,0.409402962225033
1,4,"holdout",165,0.476182996719787
1,4,"holdout",110,0.42218061959264
1,4,"holdout",20,0.499193973964605
1,4,"holdout",261,0.400778611409039
1,4,"holdout",27,0.410278518977372
1,4,"holdout",164,0.583491799757591
1,4,"holdout",229,0.293046546778634
1,4,"holdout",223,0.485755504068374
1,4,"holdout",109,0.352381020847959
1,4,"holdout",5,0.392894177089753
1,4,"holdout",212,0.468925246388036
1,4,"holdout",162,0.395295184561785
1,4,"holdout",92,0.504315810616105
1,4,"holdout",104,0.427299668840747
1,4,"holdout",3,0.432875171743437
1,4,"holdout",58,0.402614916586801
1,4,"holdout",225,0.252192522180492
1,4,"holdout",42,0.62244878438727
1,4,"holdout",262,0.545278362962484
1,4,"holdout",158,0.468173619939562
1,4,"holdout",43,0.518793488313396
1,4,"holdout",143,0.408779743868726
1,4,"holdout",150,0.510440266280179
1,4,"holdout",245,0.451589070400264
1,4,"holdout",136,0.45883953053651
1,4,"holdout",36,0.449043832465137
1,4,"holdout",68,0.558354002059003
1,4,"holdout",214,0.553388982445808
1,4,"holdout",266,0.354717967297832
1,4,"holdout",252,0.423741044622931
1,4,"holdout",248,0.273614004918481
1,4,"holdout",197,0.40855416209842
1,4,"holdout",4,0.338071162118575
1,4,"holdout",226,0.296122250333915
1,4,"holdout",178,0.292530808110122
1,4,"holdout",99,0.61915291915301
1,4,"holdout",216,0.404082623222046
1,4,"holdout",215,0.336243494115367
1,4,"holdout",177,0.356025559548251
1,4,"holdout",154,0.499594261553553
1,4,"holdout",114,0.314957520344177
1,4,"holdout",6,0.221179204187435
1,4,"holdout",134,0.445339589527313
1,4,"holdout",130,0.446569325099514
2,4,"cv",1,0.351084529707241
2,4,"cv",2,0.388317009295026
2,4,"cv",7,0.363127326994061
2,4,"cv",8,0.401836395817497
2,4,"cv",9,0.382592797531227
2,4,"cv",10,0.468499695356566
2,4,"cv",11,0.324301068299365
2,4,"cv",12,0.428303063800976
2,4,"cv",13,0.445444057422537
2,4,"cv",14,0.588261197928939
2,4,"cv",15,0.351716487095787
2,4,"cv",16,0.349603840672633
2,4,"cv",17,0.478513243496119
2,4,"cv",18,0.376946182235596
2,4,"cv",19,0.416251155740256
2,4,"cv",21,0.435427839293259
2,4,"cv",22,0.285817194349562
2,4,"cv",23,0.667685916427146
2,4,"cv",25,0.392082285099494
2,4,"cv",26,0.371714237866773
2,4,"cv",28,0.501585442826705
2,4,"cv",29,0.474966521639218
2,4,"cv",30,0.565085250452733
2,4,"cv",31,0.460614198264444
2,4,"cv",32,0.589830352592875
2,4,"cv",33,0.566632810275269
2,4,"cv",34,0.668081297500546
2,4,"cv",35,0.433919219198244
2,4,"cv",37,0.4843908592153
2,4,"cv",38,0.630235190072207
2,4,"cv",39,0.413016453639744
2,4,"cv",40,0.482595635455196
2,4,"cv",41,0.591164066225237
2,4,"cv",44,0.258091336548326
2,4,"cv",45,0.528708175885492
2,4,"cv",46,0.434271522240318
2,4,"cv",47,0.562576772883193
2,4,"cv",48,0.322133319547896
2,4,"cv",50,0.465578513790402
2,4,"cv",51,0.607146030312216
2,4,"cv",52,0.554119318084481
2,4,"cv",53,0.38083757710631
2,4,"cv",54,0.559700272727833
2,4,"cv",55,0.637918693518793
2,4,"cv",56,0.40151306793898
2,4,"cv",57,0.37432738893513
2,4,"cv",59,0.389653815799669
2,4,"cv",60,0.513190629673953
2,4,"cv",61,0.504061691886115
2,4,"cv",62,0.336795118873339
2,4,"cv",63,0.593015237130026
2,4,"cv",64,0.551630853422721
2,4,"cv",65,0.549701511683948
2,4,"cv",66,0.626042318791547
2,4,"cv",67,0.433375866216946
2,4,"cv",69,0.674229552890618
2,4,"cv",70,0.40180847792641
2,4,"cv",71,0.609217319676767
2,4,"cv",72,0.617041965671086
2,4,"cv",73,0.534804073820707
2,4,"cv",75,0.499123173597045
2,4,"cv",76,0.339774723568785
2,4,"cv",77,0.31931213926289
2,4,"cv",78,0.473854608613254
2,4,"cv",79,0.313202706508993
2,4,"cv",80,0.467105195281467
2,4,"cv",81,0.457117136291552
2,4,"cv",82,0.25428465507975
2,4,"cv",83,0.51250991061402
2,4,"cv",84,0.390628171361775
2,4,"cv",85,0.248526188499923
2,4,"cv",86,0.338225290341388
2,4,"cv",87,0.543797562734531
2,4,"cv",88,0.381413397277168
2,4,"cv",90,0.526799421548395
2,4,"cv",91,0.498643693871548
2,4,"cv",93,0.553752496627959
2,4,"cv",94,0.531420788019017
2,4,"cv",95,0.513266120335442
2,4,"cv",96,0.356285584396326
2,4,"cv",97,0.486954738780596
2,4,"cv",98,0.442926280237166
2,4,"cv",100,0.525008147623978
2,4,"cv",101,0.386306226318932
2,4,"cv",102,0.495569195148127
2,4,"cv",103,0.400772463719765
2,4,"cv",105,0.549714086855667
2,4,"cv",106,0.524314801217614
2,4,"cv",107,0.5499874530339
2,4,"cv",108,0.751280284457833
2,4,"cv",111,0.771670262039026
2,4,"cv",112,0.4825357412169
2,4,"cv",113,0.43809975176148
2,4,"cv",115,0.527783172309844
2,4,"cv",116,0.566032818596356
2,4,"cv",117,0.47417181801112
2,4,"cv",118,0.361775922448474
2,4,"cv",119,0.337368608976714
2,4,"cv",120,0.46224676415277
2,4,"cv",121,0.580068009811384
2,4,"cv",123,0.62976705249319
2,4,"cv",124,0.129389329079115
2,4,"cv",125,0.414776199617145
2,4,"cv",126,0.6425567061663
2,4,"cv",127,0.467027331937012
2,4,"cv",129,0.442247721258207
2,4,"cv",131,0.667385860566344
2,4,"cv",132,0.311795136964787
2,4,"cv",133,0.440401532521319
2,4,"cv",135,0.346464488915726
2,4,"cv",137,0.496197301666037
2,4,"cv",138,0.45903996232114
2,4,"cv",139,0.370019540792388
2,4,"cv",140,0.426341410839109
2,4,"cv",141,0.446859756079632
2,4,"cv",142,0.460579665581271
2,4,"cv",144,0.380291924861883
2,4,"cv",145,0.414879643554558
2,4,"cv",147,0.491085959950069
2,4,"cv",148,0.615292348152822
2,4,"cv",149,0.530418874687744
2,4,"cv",151,0.412529172823162
2,4,"cv",152,0.265800458500578
2,4,"cv",155,0.521788752769889
2,4,"cv",156,0.538379828231316
2,4,"cv",157,0.391936517072561
2,4,"cv",159,0.573337471203441
2,4,"cv",160,0.484672465686129
2,4,"cv",161,0.388753899347031
2,4,"cv",163,0.459141833797889
2,4,"cv",166,0.46765772489575
2,4,"cv",167,0.471798377713617
2,4,"cv",168,0.475508266980728
2,4,"cv",169,0.402941560059237
2,4,"cv",170,0.43832520800116
2,4,"cv",171,0.410733534344926
2,4,"cv",172,0.17079927658795
2,4,"cv",173,0.478810886290675
2,4,"cv",174,0.41303628803248
2,4,"cv",175,0.510666311689021
2,4,"cv",176,0.291965895590985
2,4,"cv",179,0.449171918271539
2,4,"cv",180,0.583690182698509
2,4,"cv",181,0.440460154898321
2,4,"cv",182,0.242275645197336
2,4,"cv",183,0.490014201231007
2,4,"cv",184,0.534335972293456
2,4,"cv",185,0.462548067645478
2,4,"cv",186,0.425206882509498
2,4,"cv",187,0.458464660512229
2,4,"cv",188,0.373899719692771
2,4,"cv",189,0.786431967610764
2,4,"cv",190,0.645744359229943
2,4,"cv",191,0.454823272672799
2,4,"cv",192,0.301005184848035
2,4,"cv",193,0.404853371839527
2,4,"cv",194,0.465769632404569
2,4,"cv",195,0.454368005131494
2,4,"cv",196,0.534019709185008
2,4,"cv",198,0.50941815161934
2,4,"cv",199,0.372535160858858
2,4,"cv",200,0.475528513338474
2,4,"cv",201,0.345872196338016
2,4,"cv",202,0.3951772320155
2,4,"cv",203,0.497847401431865
2,4,"cv",204,0.388034866868302
2,4,"cv",205,0.518552566690821
2,4,"cv",206,0.440586157677385
2,4,"cv",207,0.453562377564763
2,4,"cv",208,0.399921967119547
2,4,"cv",209,0.551876925872662
2,4,"cv",210,0.497865221761316
2,4,"cv",211,0.530452731118376
2,4,"cv",213,0.450683533081497
2,4,"cv",217,0.542986561261294
2,4,"cv",218,0.526397420278816
2,4,"cv",219,0.309379061600055
2,4,"cv",220,0.536050211199434
2,4,"cv",221,0.462572255064229
2,4,"cv",222,0.504680000731628
2,4,"cv",224,0.553040158669506
2,4,"cv",227,0.57744525129047
2,4,"cv",230,0.400928808306682
2,4,"cv",231,0.433408137551848
2,4,"cv",232,0.54692854178796
2,4,"cv",233,0.531741880427659
2,4,"cv",234,0.37774105790137
2,4,"cv",235,0.471137665480699
2,4,"cv",236,0.289668808934565
2,4,"cv",237,0.158025870933863
2,4,"cv",238,0.596028540084808
2,4,"cv",239,0.350961919648138
2,4,"cv",240,0.231599320761837
2,4,"cv",241,0.516665533225502
2,4,"cv",242,0.272792822614046
2,4,"cv",243,0.170357126327826
2,4,"cv",244,0.521372516671935
2,4,"cv",246,0.518315214393287
2,4,"cv",247,0.342081197071503
2,4,"cv",249,0.459720032142332
2,4,"cv",250,0.253036641816275
2,4,"cv",251,0.375335957467973
2,4,"cv",253,0.329694252745157
2,4,"cv",254,0.345287440463805
2,4,"cv",255,0.394201577221516
2,4,"cv",256,0.436143097366207
2,4,"cv",257,0.34727042277394
2,4,"cv",258,0.275873283222703
2,4,"cv",259,0.356983540981328
2,4,"cv",260,0.335322861802111
2,4,"cv",263,0.488212890674727
2,4,"cv",264,0.584517893115845
2,4,"cv",265,0.545540469230017
2,4,"cv",267,0.376323897847129
2,4,"cv",268,0.416888515615921
2,4,"cv",269,0.533781675128546
2,4,"holdout",49,0.48150024199066
2,4,"holdout",153,0.443069736164267
2,4,"holdout",74,0.375190620095693
2,4,"holdout",228,0.398451195416965
2,4,"holdout",146,0.431794148594672
2,4,"holdout",122,0.478448897018795
2,4,"holdout",270,0.274406966041333
2,4,"holdout",128,0.339572428792198
2,4,"holdout",24,0.516572350129931
2,4,"holdout",89,0.403199048069714
2,4,"holdout",165,0.463873432068705
2,4,"holdout",110,0.424134745395926
2,4,"holdout",20,0.503340261211961
2,4,"holdout",261,0.392882397237771
2,4,"holdout",27,0.402591480979254
2,4,"holdout",164,0.587237692184164
2,4,"holdout",229,0.28847771462675
2,4,"holdout",223,0.491270386634534
2,4,"holdout",109,0.361417413908704
2,4,"holdout",5,0.39013605152236
2,4,"holdout",212,0.443917236556371
2,4,"holdout",162,0.396835623766709
2,4,"holdout",92,0.509566072614623
2,4,"holdout",104,0.418327461159384
2,4,"holdout",3,0.423154285529065
2,4,"holdout",58,0.410299500762863
2,4,"holdout",225,0.232478359464779
2,4,"holdout",42,0.62941045350634
2,4,"holdout",262,0.550615131690241
2,4,"holdout",158,0.473357377998247
2,4,"holdout",43,0.517916175754226
2,4,"holdout",143,0.400162314521224
2,4,"holdout",150,0.515665826549623
2,4,"holdout",245,0.446966484826744
2,4,"holdout",136,0.45997222024124
2,4,"holdout",36,0.453718479538247
2,4,"holdout",68,0.55859611166287
2,4,"holdout",214,0.543669983092473
2,4,"holdout",266,0.357739986087187
2,4,"holdout",252,0.4219355252943
2,4,"holdout",248,0.273647391563814
2,4,"holdout",197,0.406133063907167
2,4,"holdout",4,0.328634220159844
2,4,"holdout",226,0.29600476674999
2,4,"holdout",178,0.29405261691395
2,4,"holdout",99,0.635141231249515
2,4,"holdout",216,0.405674028492167
2,4,"holdout",215,0.325308471349358
2,4,"holdout",177,0.360996029951827
2,4,"holdout",154,0.483939868047496
2,4,"holdout",114,0.32441723111824
2,4,"holdout",6,0.209964902804484
2,4,"holdout",134,0.454825309029214
2,4,"holdout",130,0.460505879091769
3,4,"cv",1,0.359845881709097
3,4,"cv",2,0.406855138324576
3,4,"cv",7,0.401769800826738
3,4,"cv",8,0.397912129902849
3,4,"cv",9,0.418645925337444
3,4,"cv",10,0.431684039049236
3,4,"cv",11,0.321148015806384
3,4,"cv",12,0.425949969506548
3,4,"cv",13,0.450502407091708
3,4,"cv",14,0.583107583969265
3,4,"cv",15,0.341354520712068
3,4,"cv",16,0.326099340243647
3,4,"cv",17,0.49137858922587
3,4,"cv",18,0.367087481529224
3,4,"cv",19,0.42725849650862
3,4,"cv",21,0.440193368048382
3,4,"cv",22,0.279418571093644
3,4,"cv",23,0.664991983114269
3,4,"cv",25,0.417313024390997
3,4,"cv",26,0.384098062267537
3,4,"cv",28,0.514273556391593
3,4,"cv",29,0.461393766307872
3,4,"cv",30,0.567179013998767
3,4,"cv",31,0.465791087561856
3,4,"cv",32,0.580141371722452
3,4,"cv",33,0.549991732447567
3,4,"cv",34,0.669160944369586
3,4,"cv",35,0.431097882577233
3,4,"cv",37,0.500045938310857
3,4,"cv",38,0.626552619656961
3,4,"cv",39,0.428625824929659
3,4,"cv",40,0.485402247448446
3,4,"cv",41,0.609405088916672
3,4,"cv",44,0.241506891871877
3,4,"cv",45,0.497505743391131
3,4,"cv",46,0.407801001488349
3,4,"cv",47,0.556455737343124
3,4,"cv",48,0.351431214381741
3,4,"cv",50,0.467258658431945
3,4,"cv",51,0.617978085642877
3,4,"cv",52,0.561483156543224
3,4,"cv",53,0.386173111188318
3,4,"cv",54,0.55378329861274
3,4,"cv",55,0.6450853784336
3,4,"cv",56,0.399674374018735
3,4,"cv",57,0.38342190368519
3,4,"cv",59,0.397401039804476
3,4,"cv",60,0.522593967939936
3,4,"cv",61,0.510906783060082
3,4,"cv",62,0.341099530805985
3,4,"cv",63,0.603726352081185
3,4,"cv",64,0.547370520885825
3,4,"cv",65,0.577525909530788
3,4,"cv",66,0.622954438490408
3,4,"cv",67,0.424873389037125
3,4,"cv",69,0.672854293525202
3,4,"cv",70,0.434955409850155
3,4,"cv",71,0.590653894792728
3,4,"cv",72,0.621755038313279
3,4,"cv",73,0.53641788960437
3,4,"cv",75,0.495489320287753
3,4,"cv",76,0.328799854952098
3,4,"cv",77,0.312179490634069
3,4,"cv",78,0.46944044438742
3,4,"cv",79,0.344622668133585
3,4,"cv",80,0.487316329532389
3,4,"cv",81,0.453653843813129
3,4,"cv",82,0.24607813549338
3,4,"cv",83,0.539263899159998
3,4,"cv",84,0.411308212291371
3,4,"cv",85,0.251686517387136
3,4,"cv",86,0.334688600529325
3,4,"cv",87,0.528853035366381
3,4,"cv",88,0.378259865256824
3,4,"cv",90,0.535610029400013
3,4,"cv",91,0.495278354026137
3,4,"cv",93,0.534011076803152
3,4,"cv",94,0.5554993844906
3,4,"cv",95,0.535065051576654
3,4,"cv",96,0.362570067923354
3,4,"cv",97,0.485831220007289
3,4,"cv",98,0.43848101620973
3,4,"cv",100,0.535296116983506
3,4,"cv",101,0.399325378587777
3,4,"cv",102,0.45345657867159
3,4,"cv",103,0.41186599713862
3,4,"cv",105,0.562518402218865
3,4,"cv",106,0.518346445521228
3,4,"cv",107,0.556285399231504
3,4,"cv",108,0.754432275161638
3,4,"cv",111,0.764987597545998
3,4,"cv",112,0.476270090742595
3,4,"cv",113,0.454142825325663
3,4,"cv",115,0.523663676221455
3,4,"cv",116,0.582855824584697
3,4,"cv",117,0.471048579871826
3,4,"cv",118,0.385936565224232
3,4,"cv",119,0.297916751150104
3,4,"cv",120,0.465848077672885
3,4,"cv",121,0.594174177682349
3,4,"cv",123,0.608723789598139
3,4,"cv",124,0.144013567840463
3,4,"cv",125,0.419783598006479
3,4,"cv",126,0.642323590433758
3,4,"cv",127,0.489079343581311
3,4,"cv",129,0.45187737454749
3,4,"cv",131,0.674397855866748
3,4,"cv",132,0.322818254856787
3,4,"cv",133,0.437606656326151
3,4,"cv",135,0.331862485422022
3,4,"cv",137,0.4853135269353
3,4,"cv",138,0.427214141017988
3,4,"cv",139,0.393165740334579
3,4,"cv",140,0.386298665933376
3,4,"cv",141,0.463894598528103
3,4,"cv",142,0.465632808106825
3,4,"cv",144,0.402339841841257
3,4,"cv",145,0.404268028093474
3,4,"cv",147,0.463302683112736
3,4,"cv",148,0.606600775536187
3,4,"cv",149,0.518718405800763
3,4,"cv",151,0.456905595617269
3,4,"cv",152,0.298172058737269
3,4,"cv",155,0.533162406668519
3,4,"cv",156,0.548152586007765
3,4,"cv",157,0.423983684852987
3,4,"cv",159,0.576163220121326
3,4,"cv",160,0.481524590266791
3,4,"cv",161,0.397642609834162
3,4,"cv",163,0.445167453540106
3,4,"cv",166,0.465176063070309
3,4,"cv",167,0.474806565805151
3,4,"cv",168,0.451887619976368
3,4,"cv",169,0.401751363417534
3,4,"cv",170,0.437449704619521
3,4,"cv",171,0.445460984655356
3,4,"cv",172,0.156391996697532
3,4,"cv",173,0.465110927281929
3,4,"cv",174,0.41984448835182
3,4,"cv",175,0.499318223413418
3,4,"cv",176,0.287288474983137
3,4,"cv",179,0.459113130878904
3,4,"cv",180,0.587437475275371
3,4,"cv",181,0.426817978575225
3,4,"cv",182,0.246897308916092
3,4,"cv",183,0.485744142594365
3,4,"cv",184,0.533217303279971
3,4,"cv",185,0.461382504650937
3,4,"cv",186,0.414409594941477
3,4,"cv",187,0.457297671788375
3,4,"cv",188,0.373638110154064
3,4,"cv",189,0.767216110789985
3,4,"cv",190,0.649807827159163
3,4,"cv",191,0.45869095251796
3,4,"cv",192,0.288415289931774
3,4,"cv",193,0.426726056395571
3,4,"cv",194,0.453324076061896
3,4,"cv",195,0.446878194415128
3,4,"cv",196,0.532024008321507
3,4,"cv",198,0.522610139391154
3,4,"cv",199,0.378687391304147
3,4,"cv",200,0.457781094836436
3,4,"cv",201,0.359733882220846
3,4,"cv",202,0.398076661886728
3,4,"cv",203,0.510700930087911
3,4,"cv",204,0.382175191190568
3,4,"cv",205,0.510053410435911
3,4,"cv",206,0.439680112738426
3,4,"cv",207,0.452406605396525
3,4,"cv",208,0.375750262067747
3,4,"cv",209,0.573560019897971
3,4,"cv",210,0.505542101761943
3,4,"cv",211,0.531691108204336
3,4,"cv",213,0.42924502454989
3,4,"cv",217,0.520305780254729
3,4,"cv",218,0.51196733196689
3,4,"cv",219,0.307700488835382
3,4,"cv",220,0.486757912274162
3,4,"cv",221,0.472209852230283
3,4,"cv",222,0.499125691685379
3,4,"cv",224,0.553331206121693
3,4,"cv",227,0.570793592221948
3,4,"cv",230,0.380492361252627
3,4,"cv",231,0.448787524289958
3,4,"cv",232,0.51201897046261
3,4,"cv",233,0.563226758846623
3,4,"cv",234,0.391771780274505
3,4,"cv",235,0.464420021365238
3,4,"cv",236,0.321342677760749
3,4,"cv",237,0.165712840860335
3,4,"cv",238,0.583330723503085
3,4,"cv",239,0.375468999224941
3,4,"cv",240,0.252149541125228
3,4,"cv",241,0.511621835065749
3,4,"cv",242,0.292595713825218
3,4,"cv",243,0.170352771806639
3,4,"cv",244,0.524015321517486
3,4,"cv",246,0.490107728658271
3,4,"cv",247,0.320495709362043
3,4,"cv",249,0.476390693594551
3,4,"cv",250,0.320415775536565
3,4,"cv",251,0.389849638420293
3,4,"cv",253,0.316867098532781
3,4,"cv",254,0.345926228756974
3,4,"cv",255,0.394959281048377
3,4,"cv",256,0.441743771726301
3,4,"cv",257,0.380600806903124
3,4,"cv",258,0.285674115735093
3,4,"cv",259,0.375974775400819
3,4,"cv",260,0.328956137418286
3,4,"cv",263,0.492495989072556
3,4,"cv",264,0.589916474610145
3,4,"cv",265,0.53873392382739
3,4,"cv",267,0.370426572779478
3,4,"cv",268,0.389223785199289
3,4,"cv",269,0.517459377941729
3,4,"holdout",49,0.476993998052303
3,4,"holdout",153,0.443860582426644
3,4,"holdout",74,0.361201211222401
3,4,"holdout",228,0.399813241399372
3,4,"holdout",146,0.445424579026531
3,4,"holdout",122,0.475065149949893
3,4,"holdout",270,0.282472470334263
3,4,"holdout",128,0.353909070301457
3,4,"holdout",24,0.519859256450892
3,4,"holdout",89,0.412120895119262
3,4,"holdout",165,0.476769822504923
3,4,"holdout",110,0.423368895048162
3,4,"holdout",20,0.49833608997767
3,4,"holdout",261,0.400797547663637
3,4,"holdout",27,0.406354776813194
3,4,"holdout",164,0.584522343444809
3,4,"holdout",229,0.294300105909348
3,4,"holdout",223,0.486784355538864
3,4,"holdout",109,0.352565749385274
3,4,"holdout",5,0.393149221387289
3,4,"holdout",212,0.473140772741206
3,4,"holdout",162,0.395920952693893
3,4,"holdout",92,0.503248757771122
3,4,"holdout",104,0.427245565206585
3,4,"holdout",3,0.429643818526701
3,4,"holdout",58,0.40358660775206
3,4,"holdout",225,0.250787760245233
3,4,"holdout",42,0.620953500131628
3,4,"holdout",262,0.543820583288131
3,4,"holdout",158,0.46658291766383
3,4,"holdout",43,0.524946090881067
3,4,"holdout",143,0.410580748477425
3,4,"holdout",150,0.509721616902935
3,4,"holdout",245,0.4534752607811
3,4,"holdout",136,0.459753959173864
3,4,"holdout",36,0.448581755900492
3,4,"holdout",68,0.556794503080992
3,4,"holdout",214,0.55601727084549
3,4,"holdout",266,0.353646481229563
3,4,"holdout",252,0.425447101122669
3,4,"holdout",248,0.271511086298168
3,4,"holdout",197,0.412515684798581
3,4,"holdout",4,0.341987315966716
3,4,"holdout",226,0.296542963915763
3,4,"holdout",178,0.290517409520602
3,4,"holdout",99,0.615640938542899
3,4,"holdout",216,0.404913478099737
3,4,"holdout",215,0.338846375806782
3,4,"holdout",177,0.35482189428899
3,4,"holdout",154,0.499562532985569
3,4,"holdout",114,0.314165426255048
3,4,"holdout",6,0.230196422362428
3,4,"holdout",134,0.44517822130297
3,4,"holdout",130,0.451017313550744
1,5,"cv",1,0.383179563438642
1,5,"cv",2,0.404995192850847
1,5,"cv",7,0.386849803347533
1,5,"cv",8,0.412546249446877
1,5,"cv",9,0.418324229834325
1,5,"cv",10,0.456059292450896
1,5,"cv",11,0.326177551779866
1,5,"cv",12,0.417770338084468
1,5,"cv",13,0.429321125907061
1,5,"cv",14,0.593673945115738
1,5,"cv",15,0.368837625955237
1,5,"cv",16,0.32458799417972
1,5,"cv",17,0.482019812012538
1,5,"cv",18,0.334337118363813
1,5,"cv",19,0.419407687988609
1,5,"cv",21,0.448342040240455
1,5,"cv",22,0.260071608102545
1,5,"cv",23,0.638721610022506
1,5,"cv",25,0.397454727614328
1,5,"cv",26,0.404102270121666
1,5,"cv",28,0.500787408630582
1,5,"cv",29,0.458406402838192
1,5,"cv",30,0.559110856680426
1,5,"cv",31,0.455135813080408
1,5,"cv",32,0.597877800444054
1,5,"cv",33,0.556665177611228
1,5,"cv",34,0.678065759212871
1,5,"cv",35,0.422492805233837
1,5,"cv",37,0.474208401224482
1,5,"cv",38,0.641226184632047
1,5,"cv",39,0.388260344850197
1,5,"cv",40,0.486095298911492
1,5,"cv",41,0.617307570791314
1,5,"cv",44,0.250830011142124
1,5,"cv",45,0.499283832340773
1,5,"cv",46,0.438995829802147
1,5,"cv",47,0.550592178101868
1,5,"cv",48,0.377978368195592
1,5,"cv",50,0.46372222889488
1,5,"cv",51,0.597089798906143
1,5,"cv",52,0.548747016249335
1,5,"cv",53,0.373735373204196
1,5,"cv",54,0.582397365564385
1,5,"cv",55,0.647985384430448
1,5,"cv",56,0.370743541731033
1,5,"cv",57,0.362112398992612
1,5,"cv",59,0.362022450726686
1,5,"cv",60,0.509372781999746
1,5,"cv",61,0.516604008282791
1,5,"cv",62,0.334761640984045
1,5,"cv",63,0.598749714211989
1,5,"cv",64,0.56394998794465
1,5,"cv",65,0.577996861212194
1,5,"cv",66,0.621315400319293
1,5,"cv",67,0.433483096528542
1,5,"cv",69,0.679033437332329
1,5,"cv",70,0.45978117987116
1,5,"cv",71,0.552892526734466
1,5,"cv",72,0.620686073533973
1,5,"cv",73,0.544209940447689
1,5,"cv",75,0.479003683328007
1,5,"cv",76,0.358620391602056
1,5,"cv",77,0.335024473444659
1,5,"cv",78,0.461013654246391
1,5,"cv",79,0.343005899410029
1,5,"cv",80,0.470429542503486
1,5,"cv",81,0.451837186521896
1,5,"cv",82,0.216744559301752
1,5,"cv",83,0.52332005765061
1,5,"cv",84,0.393566837701239
1,5,"cv",85,0.249789929914229
1,5,"cv",86,0.304454049547314
1,5,"cv",87,0.582486861876692
1,5,"cv",88,0.380894833368591
1,5,"cv",90,0.537627673045474
1,5,"cv",91,0.504859985016727
1,5,"cv",93,0.53040184056786
1,5,"cv",94,0.540967792097716
1,5,"cv",95,0.529769407856249
1,5,"cv",96,0.388466802630679
1,5,"cv",97,0.477452760047567
1,5,"cv",98,0.452335025703048
1,5,"cv",100,0.525698347473116
1,5,"cv",101,0.39475139400107
1,5,"cv",102,0.458504039467201
1,5,"cv",103,0.418154644935716
1,5,"cv",105,0.558411277785407
1,5,"cv",106,0.516418745397848
1,5,"cv",107,0.551759492244003
1,5,"cv",108,0.718762287306866
1,5,"cv",111,0.7313355724261
1,5,"cv",112,0.465070548243302
1,5,"cv",113,0.449012406043458
1,5,"cv",115,0.524156797734672
1,5,"cv",116,0.594292105235185
1,5,"cv",117,0.467876243424565
1,5,"cv",118,0.36655860126017
1,5,"cv",119,0.342137301129199
1,5,"cv",120,0.461653971859006
1,5,"cv",121,0.563166596235045
1,5,"cv",123,0.628883958157156
1,5,"cv",124,0.147564771076183
1,5,"cv",125,0.405956780547393
1,5,"cv",126,0.63131241651344
1,5,"cv",127,0.460844148304819
1,5,"cv",129,0.4268171620004
1,5,"cv",131,0.683588880997019
1,5,"cv",132,0.299278797723371
1,5,"cv",133,0.440328063955022
1,5,"cv",135,0.337980138524931
1,5,"cv",137,0.507614779336493
1,5,"cv",138,0.443921322184591
1,5,"cv",139,0.395467843297754
1,5,"cv",140,0.396407839821721
1,5,"cv",141,0.46661483466347
1,5,"cv",142,0.463781976630012
1,5,"cv",144,0.389212249434825
1,5,"cv",145,0.410214361151022
1,5,"cv",147,0.506852355404205
1,5,"cv",148,0.607032549820378
1,5,"cv",149,0.495691645421041
1,5,"cv",151,0.437909857557293
1,5,"cv",152,0.280636811280387
1,5,"cv",155,0.508000487083211
1,5,"cv",156,0.535943952742988
1,5,"cv",157,0.396896909249136
1,5,"cv",159,0.578658451024889
1,5,"cv",160,0.484195026883033
1,5,"cv",161,0.384621508268381
1,5,"cv",163,0.456616899540863
1,5,"cv",166,0.467156604853288
1,5,"cv",167,0.460802792263119
1,5,"cv",168,0.422182476826994
1,5,"cv",169,0.427055432754143
1,5,"cv",170,0.415659639127934
1,5,"cv",171,0.411755646263588
1,5,"cv",172,0.100205674506933
1,5,"cv",173,0.473686496809634
1,5,"cv",174,0.423090993824276
1,5,"cv",175,0.507136962554448
1,5,"cv",176,0.277321334226447
1,5,"cv",179,0.443908921142389
1,5,"cv",180,0.578286742885882
1,5,"cv",181,0.436835523120894
1,5,"cv",182,0.235240377337139
1,5,"cv",183,0.493627053649301
1,5,"cv",184,0.534748024008575
1,5,"cv",185,0.461678168869605
1,5,"cv",186,0.422264207260979
1,5,"cv",187,0.455203536300077
1,5,"cv",188,0.371444724608463
1,5,"cv",189,0.793217654127318
1,5,"cv",190,0.625813596172552
1,5,"cv",191,0.442658849043802
1,5,"cv",192,0.314920367011765
1,5,"cv",193,0.422053690730945
1,5,"cv",194,0.435879240895598
1,5,"cv",195,0.476869438368785
1,5,"cv",196,0.520846806791501
1,5,"cv",198,0.511554410617754
1,5,"cv",199,0.372520267169042
1,5,"cv",200,0.434179235863415
1,5,"cv",201,0.370090706741875
1,5,"cv",202,0.375546818121721
1,5,"cv",203,0.51177224934767
1,5,"cv",204,0.385650064921551
1,5,"cv",205,0.534350437058191
1,5,"cv",206,0.409930315779516
1,5,"cv",207,0.460195040190238
1,5,"cv",208,0.416662891909902
1,5,"cv",209,0.546761969042031
1,5,"cv",210,0.49180587668827
1,5,"cv",211,0.519505169832752
1,5,"cv",213,0.437506020865633
1,5,"cv",217,0.560477556103438
1,5,"cv",218,0.510402756238427
1,5,"cv",219,0.306343810664831
1,5,"cv",220,0.503102847835219
1,5,"cv",221,0.458422484594566
1,5,"cv",222,0.481675811965099
1,5,"cv",224,0.537902469831417
1,5,"cv",227,0.594503991512784
1,5,"cv",230,0.375658274169068
1,5,"cv",231,0.442497182701144
1,5,"cv",232,0.544096727010274
1,5,"cv",233,0.558627349458357
1,5,"cv",234,0.384907086613402
1,5,"cv",235,0.468211953181388
1,5,"cv",236,0.253645678188137
1,5,"cv",237,0.151239715421507
1,5,"cv",238,0.563040216670804
1,5,"cv",239,0.361107827530881
1,5,"cv",240,0.258748476796213
1,5,"cv",241,0.527713124010325
1,5,"cv",242,0.278840637207183
1,5,"cv",243,0.260114233737477
1,5,"cv",244,0.534267738158782
1,5,"cv",246,0.498565913505133
1,5,"cv",247,0.319829099393036
1,5,"cv",249,0.503486069101435
1,5,"cv",250,0.291037953241972
1,5,"cv",251,0.357918088574031
1,5,"cv",253,0.305782588233566
1,5,"cv",254,0.358993078851869
1,5,"cv",255,0.393490066471331
1,5,"cv",256,0.429101980477565
1,5,"cv",257,0.337364738501168
1,5,"cv",258,0.267671015847047
1,5,"cv",259,0.373805711391185
1,5,"cv",260,0.313488484463936
1,5,"cv",263,0.529295969908429
1,5,"cv",264,0.580707099358594
1,5,"cv",265,0.522038308222135
1,5,"cv",267,0.381465880088452
1,5,"cv",268,0.415893120386915
1,5,"cv",269,0.522172291608938
1,5,"holdout",49,0.480518181637553
1,5,"holdout",153,0.442658842983221
1,5,"holdout",74,0.363934150271475
1,5,"holdout",228,0.40344397430825
1,5,"holdout",146,0.439428889155907
1,5,"holdout",122,0.480821622994911
1,5,"holdout",270,0.300178117534088
1,5,"holdout",128,0.352258806656991
1,5,"holdout",24,0.519651809630578
1,5,"holdout",89,0.399719592425842
1,5,"holdout",165,0.480369470565402
1,5,"holdout",110,0.418383761023786
1,5,"holdout",20,0.507827562873812
1,5,"holdout",261,0.406242653759324
1,5,"holdout",27,0.423225928763456
1,5,"holdout",164,0.587000668280011
1,5,"holdout",229,0.297721549776788
1,5,"holdout",223,0.492056961669844
1,5,"holdout",109,0.357714802099098
1,5,"holdout",5,0.400689884683127
1,5,"holdout",212,0.466776936138039
1,5,"holdout",162,0.397575306246628
1,5,"holdout",92,0.506990385218548
1,5,"holdout",104,0.428489664166387
1,5,"holdout",3,0.448838283260503
1,5,"holdout",58,0.40875514481767
1,5,"holdout",225,0.257530251975721
1,5,"holdout",42,0.625536191094198
1,5,"holdout",262,0.548386673133307
1,5,"holdout",158,0.46499431559998
1,5,"holdout",43,0.505833187159889
1,5,"holdout",143,0.400114565053196
1,5,"holdout",150,0.514075712178983
1,5,"holdout",245,0.450696621042308
1,5,"holdout",136,0.46245894555491
1,5,"holdout",36,0.452206432438565
1,5,"holdout",68,0.560979357864461
1,5,"holdout",214,0.54516884902579
1,5,"holdout",266,0.357269130307369
1,5,"holdout",252,0.422330937434607
1,5,"holdout",248,0.274438197131268
1,5,"holdout",197,0.380968735286643
1,5,"holdout",4,0.349432675044056
1,5,"holdout",226,0.293475706809874
1,5,"holdout",178,0.292334890832667
1,5,"holdout",99,0.616829392682846
1,5,"holdout",216,0.408308939317679
1,5,"holdout",215,0.335489293020832
1,5,"holdout",177,0.359514997454378
1,5,"holdout",154,0.493901771854561
1,5,"holdout",114,0.315054418075096
1,5,"holdout",6,0.220704955301947
1,5,"holdout",134,0.45076350173771
1,5,"holdout",130,0.437970736766085
2,5,"cv",1,0.37298631478187
2,5,"cv",2,0.40300181481366
2,5,"cv",7,0.38425582805981
2,5,"cv",8,0.404761514402903
2,5,"cv",9,0.405568034856402
2,5,"cv",10,0.45217870716007
2,5,"cv",11,0.325851888694817
2,5,"cv",12,0.420655650282202
2,5,"cv",13,0.436546764467509
2,5,"cv",14,0.594083933336539
2,5,"cv",15,0.343048341914691
2,5,"cv",16,0.355928676170121
2,5,"cv",17,0.481679064404664
2,5,"cv",18,0.359250057480856
2,5,"cv",19,0.417891370083456
2,5,"cv",21,0.436474778786692
2,5,"cv",22,0.292022094489458
2,5,"cv",23,0.671218381210932
2,5,"cv",25,0.390055450955657
2,5,"cv",26,0.37592260298508
2,5,"cv",28,0.502806676172736
2,5,"cv",29,0.474130063602651
2,5,"cv",30,0.56845097471419
2,5,"cv",31,0.467606796247247
2,5,"cv",32,0.594702309269132
2,5,"cv",33,0.5676610764152
2,5,"cv",34,0.674586067607647
2,5,"cv",35,0.421279350943214
2,5,"cv",37,0.487232320966154
2,5,"cv",38,0.638917955932698
2,5,"cv",39,0.39706637610934
2,5,"cv",40,0.479805563638219
2,5,"cv",41,0.594453148532924
2,5,"cv",44,0.24240321511356
2,5,"cv",45,0.51742217982057
2,5,"cv",46,0.437057289534341
2,5,"cv",47,0.565943030021994
2,5,"cv",48,0.337465512554604
2,5,"cv",50,0.471323238677415
2,5,"cv",51,0.608329759814679
2,5,"cv",52,0.552967402242772
2,5,"cv",53,0.38151387193269
2,5,"cv",54,0.569083905967424
2,5,"cv",55,0.643512666147472
2,5,"cv",56,0.374397733227827
2,5,"cv",57,0.372526843189305
2,5,"cv",59,0.380483124987379
2,5,"cv",60,0.510735193885281
2,5,"cv",61,0.509752631210671
2,5,"cv",62,0.346413199054427
2,5,"cv",63,0.59727898565778
2,5,"cv",64,0.555044270141508
2,5,"cv",65,0.550349076949068
2,5,"cv",66,0.606629657498418
2,5,"cv",67,0.427173221030405
2,5,"cv",69,0.668958165494109
2,5,"cv",70,0.428111733790617
2,5,"cv",71,0.600070461741142
2,5,"cv",72,0.612800345000515
2,5,"cv",73,0.531814313757689
2,5,"cv",75,0.514814059752905
2,5,"cv",76,0.3293659260184
2,5,"cv",77,0.310650719210421
2,5,"cv",78,0.460842106151934
2,5,"cv",79,0.291764178062401
2,5,"cv",80,0.47028200119638
2,5,"cv",81,0.453201183706853
2,5,"cv",82,0.256301529480374
2,5,"cv",83,0.503191648289355
2,5,"cv",84,0.376936833499533
2,5,"cv",85,0.242645928694409
2,5,"cv",86,0.358714557195347
2,5,"cv",87,0.557878928805429
2,5,"cv",88,0.391024915316712
2,5,"cv",90,0.528644665706022
2,5,"cv",91,0.49466777804225
2,5,"cv",93,0.549568053235734
2,5,"cv",94,0.537625572486761
2,5,"cv",95,0.519555316395557
2,5,"cv",96,0.357182125747056
2,5,"cv",97,0.474780986571447
2,5,"cv",98,0.44228114637894
2,5,"cv",100,0.522463062083778
2,5,"cv",101,0.381694782785287
2,5,"cv",102,0.460857248714779
2,5,"cv",103,0.397162797180335
2,5,"cv",105,0.552248755189556
2,5,"cv",106,0.52170202342823
2,5,"cv",107,0.550367895268577
2,5,"cv",108,0.756455255795846
2,5,"cv",111,0.781530559674429
2,5,"cv",112,0.473707665915777
2,5,"cv",113,0.431291804328468
2,5,"cv",115,0.497864770652413
2,5,"cv",116,0.579085486525188
2,5,"cv",117,0.471759201495837
2,5,"cv",118,0.358788248985518
2,5,"cv",119,0.339143543907802
2,5,"cv",120,0.464510603188677
2,5,"cv",121,0.56717751086405
2,5,"cv",123,0.631204505823539
2,5,"cv",124,0.134624539012746
2,5,"cv",125,0.405231898703284
2,5,"cv",126,0.617717127645965
2,5,"cv",127,0.468611047774929
2,5,"cv",129,0.427611249389493
2,5,"cv",131,0.670481245303384
2,5,"cv",132,0.311530990145046
2,5,"cv",133,0.444296190295388
2,5,"cv",135,0.35398883607799
2,5,"cv",137,0.497816044089411
2,5,"cv",138,0.445891887528934
2,5,"cv",139,0.368388786549606
2,5,"cv",140,0.431056567026811
2,5,"cv",141,0.445882511189193
2,5,"cv",142,0.458101763319776
2,5,"cv",144,0.378906841643751
2,5,"cv",145,0.408877292659305
2,5,"cv",147,0.496141126897059
2,5,"cv",148,0.617326322531839
2,5,"cv",149,0.520912181723468
2,5,"cv",151,0.415973278540288
2,5,"cv",152,0.270400722346963
2,5,"cv",155,0.519791471748284
2,5,"cv",156,0.532374732807405
2,5,"cv",157,0.398790926078143
2,5,"cv",159,0.57752192682695
2,5,"cv",160,0.483304313739698
2,5,"cv",161,0.374483615986919
2,5,"cv",163,0.460932827116172
2,5,"cv",166,0.471779494594257
2,5,"cv",167,0.476495280693294
2,5,"cv",168,0.470016697773652
2,5,"cv",169,0.41650542819023
2,5,"cv",170,0.441515562067863
2,5,"cv",171,0.41015451957248
2,5,"cv",172,0.192464233042474
2,5,"cv",173,0.47569960939761
2,5,"cv",174,0.408463907898762
2,5,"cv",175,0.518628050768352
2,5,"cv",176,0.294477050806358
2,5,"cv",179,0.44554138455465
2,5,"cv",180,0.58633199410614
2,5,"cv",181,0.436724834367151
2,5,"cv",182,0.240308362655078
2,5,"cv",183,0.488960605806203
2,5,"cv",184,0.535440102380841
2,5,"cv",185,0.466037109043581
2,5,"cv",186,0.427411155998278
2,5,"cv",187,0.450232401094333
2,5,"cv",188,0.374772661269379
2,5,"cv",189,0.790558786495431
2,5,"cv",190,0.645576577924514
2,5,"cv",191,0.455657270354846
2,5,"cv",192,0.307070976449912
2,5,"cv",193,0.40712193105716
2,5,"cv",194,0.454263568438725
2,5,"cv",195,0.459030524512411
2,5,"cv",196,0.543165903062075
2,5,"cv",198,0.514072679832806
2,5,"cv",199,0.369359204831914
2,5,"cv",200,0.465383308086838
2,5,"cv",201,0.34492813459143
2,5,"cv",202,0.381735018253565
2,5,"cv",203,0.510816610245858
2,5,"cv",204,0.393469671585461
2,5,"cv",205,0.523189743749734
2,5,"cv",206,0.437645184823214
2,5,"cv",207,0.448630333703993
2,5,"cv",208,0.407675959604729
2,5,"cv",209,0.547983072119697
2,5,"cv",210,0.506850889930717
2,5,"cv",211,0.516922984980532
2,5,"cv",213,0.43155553492214
2,5,"cv",217,0.542122302049228
2,5,"cv",218,0.529351444651354
2,5,"cv",219,0.304950726231347
2,5,"cv",220,0.544152540625327
2,5,"cv",221,0.462338367098311
2,5,"cv",222,0.501684764009187
2,5,"cv",224,0.554207566877392
2,5,"cv",227,0.577387951732635
2,5,"cv",230,0.399952936371746
2,5,"cv",231,0.436486622078484
2,5,"cv",232,0.547309664758171
2,5,"cv",233,0.534028981965516
2,5,"cv",234,0.379134819676165
2,5,"cv",235,0.464589533309617
2,5,"cv",236,0.270490838553439
2,5,"cv",237,0.157794347161406
2,5,"cv",238,0.595479892992978
2,5,"cv",239,0.353891288205437
2,5,"cv",240,0.238331878059692
2,5,"cv",241,0.522271864882919
2,5,"cv",242,0.280490132456962
2,5,"cv",243,0.163220967001657
2,5,"cv",244,0.52358744895313
2,5,"cv",246,0.521583036809339
2,5,"cv",247,0.357733753313463
2,5,"cv",249,0.469982297870834
2,5,"cv",250,0.258973192584488
2,5,"cv",251,0.368577992432781
2,5,"cv",253,0.335966791744826
2,5,"cv",254,0.358133595285005
2,5,"cv",255,0.400579100920347
2,5,"cv",256,0.432067563245007
2,5,"cv",257,0.347902298355225
2,5,"cv",258,0.262847304042176
2,5,"cv",259,0.362910884445859
2,5,"cv",260,0.331794936901531
2,5,"cv",263,0.495838814223884
2,5,"cv",264,0.582732322127833
2,5,"cv",265,0.551900233490466
2,5,"cv",267,0.379471000956762
2,5,"cv",268,0.41690537978087
2,5,"cv",269,0.530165662952081
2,5,"holdout",49,0.483229010334912
2,5,"holdout",153,0.448660260448764
2,5,"holdout",74,0.360867934837138
2,5,"holdout",228,0.400501598021759
2,5,"holdout",146,0.434352738713294
2,5,"holdout",122,0.482554620181572
2,5,"holdout",270,0.291152864579031
2,5,"holdout",128,0.337304542550553
2,5,"holdout",24,0.524248898513784
2,5,"holdout",89,0.394850116985426
2,5,"holdout",165,0.478345076192197
2,5,"holdout",110,0.421822205378569
2,5,"holdout",20,0.508050290205906
2,5,"holdout",261,0.408782766049001
2,5,"holdout",27,0.408627551247883
2,5,"holdout",164,0.586345129981574
2,5,"holdout",229,0.287612677126543
2,5,"holdout",223,0.494149709697652
2,5,"holdout",109,0.366012920735853
2,5,"holdout",5,0.396999054128577
2,5,"holdout",212,0.45582500903644
2,5,"holdout",162,0.400133883825147
2,5,"holdout",92,0.503332343580416
2,5,"holdout",104,0.420721062371127
2,5,"holdout",3,0.434902251887325
2,5,"holdout",58,0.415775893297795
2,5,"holdout",225,0.237805268884274
2,5,"holdout",42,0.622935383485814
2,5,"holdout",262,0.546103990421103
2,5,"holdout",158,0.466440121281258
2,5,"holdout",43,0.502342892495832
2,5,"holdout",143,0.378080577954102
2,5,"holdout",150,0.515541190169938
2,5,"holdout",245,0.432256636321633
2,5,"holdout",136,0.463867170677255
2,5,"holdout",36,0.451498077181417
2,5,"holdout",68,0.562504904722021
2,5,"holdout",214,0.536741912529809
2,5,"holdout",266,0.3637303556361
2,5,"holdout",252,0.417127115482051
2,5,"holdout",248,0.295995644760512
2,5,"holdout",197,0.390650078887975
2,5,"holdout",4,0.337641696887511
2,5,"holdout",226,0.301802483434499
2,5,"holdout",178,0.306133380897671
2,5,"holdout",99,0.615276202340523
2,5,"holdout",216,0.408268295132866
2,5,"holdout",215,0.31878827480162
2,5,"holdout",177,0.360356439221699
2,5,"holdout",154,0.491393103271158
2,5,"holdout",114,0.332320254140252
2,5,"holdout",6,0.204601849786597
2,5,"holdout",134,0.461888718711809
2,5,"holdout",130,0.427575677207786
3,5,"cv",1,0.358115559199094
3,5,"cv",2,0.412708911360791
3,5,"cv",7,0.387522525460612
3,5,"cv",8,0.401015939231103
3,5,"cv",9,0.402955672231136
3,5,"cv",10,0.436554926354835
3,5,"cv",11,0.333461070974051
3,5,"cv",12,0.419826270766553
3,5,"cv",13,0.441265522599671
3,5,"cv",14,0.587000431877391
3,5,"cv",15,0.349568146863375
3,5,"cv",16,0.34514200932979
3,5,"cv",17,0.487306637820148
3,5,"cv",18,0.343759218763529
3,5,"cv",19,0.42484533058132
3,5,"cv",21,0.441427560962775
3,5,"cv",22,0.277660404764177
3,5,"cv",23,0.693316045805792
3,5,"cv",25,0.41850545062006
3,5,"cv",26,0.388387091106687
3,5,"cv",28,0.517593439430341
3,5,"cv",29,0.459101183044474
3,5,"cv",30,0.563686950726639
3,5,"cv",31,0.475200327102373
3,5,"cv",32,0.575269805705796
3,5,"cv",33,0.550294223076353
3,5,"cv",34,0.676079548139474
3,5,"cv",35,0.435144582790094
3,5,"cv",37,0.499514857855791
3,5,"cv",38,0.642515589417334
3,5,"cv",39,0.408326250028497
3,5,"cv",40,0.478389082632829
3,5,"cv",41,0.617462145993887
3,5,"cv",44,0.244835219515012
3,5,"cv",45,0.498009296098952
3,5,"cv",46,0.412472944536725
3,5,"cv",47,0.558813911037272
3,5,"cv",48,0.365004446383497
3,5,"cv",50,0.464660394594644
3,5,"cv",51,0.619298303309376
3,5,"cv",52,0.560697248310492
3,5,"cv",53,0.381889564538899
3,5,"cv",54,0.562139324098569
3,5,"cv",55,0.650125161152632
3,5,"cv",56,0.409604812938066
3,5,"cv",57,0.38216087706724
3,5,"cv",59,0.390345830031232
3,5,"cv",60,0.511229316833014
3,5,"cv",61,0.516898854180082
3,5,"cv",62,0.352634148952306
3,5,"cv",63,0.61561382075881
3,5,"cv",64,0.554553106214386
3,5,"cv",65,0.585285544290603
3,5,"cv",66,0.60951307181957
3,5,"cv",67,0.42195803004829
3,5,"cv",69,0.670944413170344
3,5,"cv",70,0.445825953322768
3,5,"cv",71,0.587885497223612
3,5,"cv",72,0.615490765872883
3,5,"cv",73,0.544847267925624
3,5,"cv",75,0.499844713681286
3,5,"cv",76,0.32420958878407
3,5,"cv",77,0.313069301171292
3,5,"cv",78,0.459007055660067
3,5,"cv",79,0.322625984594926
3,5,"cv",80,0.484759801447997
3,5,"cv",81,0.44943068042065
3,5,"cv",82,0.245525173987722
3,5,"cv",83,0.530652316664916
3,5,"cv",84,0.371203553880485
3,5,"cv",85,0.257313551438195
3,5,"cv",86,0.337762361054114
3,5,"cv",87,0.532160210389389
3,5,"cv",88,0.380051653317851
3,5,"cv",90,0.519051675580315
3,5,"cv",91,0.500331568831794
3,5,"cv",93,0.519741667347499
3,5,"cv",94,0.566292939780621
3,5,"cv",95,0.537617506719078
3,5,"cv",96,0.3591291480124
3,5,"cv",97,0.491210228791433
3,5,"cv",98,0.43479722456489
3,5,"cv",100,0.543169114927911
3,5,"cv",101,0.405989258362822
3,5,"cv",102,0.435295572571918
3,5,"cv",103,0.410749642317637
3,5,"cv",105,0.566158860126946
3,5,"cv",106,0.523773586125007
3,5,"cv",107,0.555723750678671
3,5,"cv",108,0.755969648674042
3,5,"cv",111,0.770828287424801
3,5,"cv",112,0.471008372588459
3,5,"cv",113,0.448683442462328
3,5,"cv",115,0.509904003519094
3,5,"cv",116,0.588756174344238
3,5,"cv",117,0.466761344803271
3,5,"cv",118,0.383522242237306
3,5,"cv",119,0.3035272121858
3,5,"cv",120,0.467843609645779
3,5,"cv",121,0.569809453139138
3,5,"cv",123,0.602156567692691
3,5,"cv",124,0.151326086697131
3,5,"cv",125,0.417244347802765
3,5,"cv",126,0.655214373073894
3,5,"cv",127,0.493723830955812
3,5,"cv",129,0.447641859438804
3,5,"cv",131,0.673327768768621
3,5,"cv",132,0.306597948780929
3,5,"cv",133,0.435339846995542
3,5,"cv",135,0.330678910100498
3,5,"cv",137,0.495004736041344
3,5,"cv",138,0.435510417372216
3,5,"cv",139,0.390436498439525
3,5,"cv",140,0.396725773126049
3,5,"cv",141,0.460885492264205
3,5,"cv",142,0.461404866271618
3,5,"cv",144,0.400052923263099
3,5,"cv",145,0.412510554643626
3,5,"cv",147,0.464641472000509
3,5,"cv",148,0.609924416000914
3,5,"cv",149,0.506111719850565
3,5,"cv",151,0.454120921913108
3,5,"cv",152,0.298328483004871
3,5,"cv",155,0.526026450225466
3,5,"cv",156,0.550488234349176
3,5,"cv",157,0.416974759792972
3,5,"cv",159,0.582839472947893
3,5,"cv",160,0.471745642603027
3,5,"cv",161,0.364998854986877
3,5,"cv",163,0.444434034156691
3,5,"cv",166,0.470252549205548
3,5,"cv",167,0.475479246064965
3,5,"cv",168,0.425081436541445
3,5,"cv",169,0.419153094292505
3,5,"cv",170,0.411574334662314
3,5,"cv",171,0.452931238375182
3,5,"cv",172,0.176916438579278
3,5,"cv",173,0.473593109020518
3,5,"cv",174,0.415356682430932
3,5,"cv",175,0.506877717545417
3,5,"cv",176,0.282343543261717
3,5,"cv",179,0.466677419878787
3,5,"cv",180,0.597461371994317
3,5,"cv",181,0.427276944070394
3,5,"cv",182,0.2433417657576
3,5,"cv",183,0.483769087268909
3,5,"cv",184,0.53042716398834
3,5,"cv",185,0.463603577997341
3,5,"cv",186,0.405852027838832
3,5,"cv",187,0.459168604630713
3,5,"cv",188,0.370632485513905
3,5,"cv",189,0.774622575354789
3,5,"cv",190,0.654374625338015
3,5,"cv",191,0.461682989492679
3,5,"cv",192,0.294259177574785
3,5,"cv",193,0.423866044083702
3,5,"cv",194,0.464541390236398
3,5,"cv",195,0.457673806746347
3,5,"cv",196,0.542277955442611
3,5,"cv",198,0.527771381233967
3,5,"cv",199,0.370678799866386
3,5,"cv",200,0.462287667491648
3,5,"cv",201,0.359469310112176
3,5,"cv",202,0.376643403935751
3,5,"cv",203,0.518041735755139
3,5,"cv",204,0.388319132547913
3,5,"cv",205,0.513855192655365
3,5,"cv",206,0.441107088944559
3,5,"cv",207,0.450847151938762
3,5,"cv",208,0.370352696429714
3,5,"cv",209,0.572123406682227
3,5,"cv",210,0.510405298336083
3,5,"cv",211,0.52954146931564
3,5,"cv",213,0.429049818283346
3,5,"cv",217,0.530203986976078
3,5,"cv",218,0.503541463387092
3,5,"cv",219,0.310013626854857
3,5,"cv",220,0.494101862351726
3,5,"cv",221,0.475210811788422
3,5,"cv",222,0.489357189463922
3,5,"cv",224,0.550105987271056
3,5,"cv",227,0.575340561150569
3,5,"cv",230,0.377288141035209
3,5,"cv",231,0.44341681122162
3,5,"cv",232,0.511705428321654
3,5,"cv",233,0.57073073834952
3,5,"cv",234,0.386154193607869
3,5,"cv",235,0.458582241359025
3,5,"cv",236,0.339301842746055
3,5,"cv",237,0.151102910469564
3,5,"cv",238,0.589816139653177
3,5,"cv",239,0.364277020216991
3,5,"cv",240,0.247748770535254
3,5,"cv",241,0.51744128276011
3,5,"cv",242,0.296028456685451
3,5,"cv",243,0.188410087275655
3,5,"cv",244,0.528914350851068
3,5,"cv",246,0.485536528732807
3,5,"cv",247,0.338898816830773
3,5,"cv",249,0.493628943275537
3,5,"cv",250,0.334853922920822
3,5,"cv",251,0.385212661060681
3,5,"cv",253,0.336570271714758
3,5,"cv",254,0.358867627541084
3,5,"cv",255,0.403690769197401
3,5,"cv",256,0.434587318139305
3,5,"cv",257,0.372449887796532
3,5,"cv",258,0.281461468175213
3,5,"cv",259,0.373184149870436
3,5,"cv",260,0.330853249312565
3,5,"cv",263,0.495773291379456
3,5,"cv",264,0.588738057949166
3,5,"cv",265,0.542512610817185
3,5,"cv",267,0.369826497498003
3,5,"cv",268,0.393506694020625
3,5,"cv",269,0.515594304419689
3,5,"holdout",49,0.475822933403732
3,5,"holdout",153,0.451515833277557
3,5,"holdout",74,0.356129995776313
3,5,"holdout",228,0.411014763633794
3,5,"holdout",146,0.441426170037235
3,5,"holdout",122,0.48191927946165
3,5,"holdout",270,0.323947281424722
3,5,"holdout",128,0.366576485919395
3,5,"holdout",24,0.511778721348292
3,5,"holdout",89,0.400595119707351
3,5,"holdout",165,0.49221441101342
3,5,"holdout",110,0.421450447958621
3,5,"holdout",20,0.501366315656977
3,5,"holdout",261,0.411317594251549
3,5,"holdout",27,0.408234890807021
3,5,"holdout",164,0.585242152106951
3,5,"holdout",229,0.296611227078983
3,5,"holdout",223,0.489287107297769
3,5,"holdout",109,0.355574329945746
3,5,"holdout",5,0.402250351359573
3,5,"holdout",212,0.477120555643161
3,5,"holdout",162,0.398560311683138
3,5,"holdout",92,0.498321831493375
3,5,"holdout",104,0.429298560027869
3,5,"holdout",3,0.433925500036051
3,5,"holdout",58,0.40402100264062
3,5,"holdout",225,0.253923891139872
3,5,"holdout",42,0.615174306639352
3,5,"holdout",262,0.546021838226515
3,5,"holdout",158,0.45471687731641
3,5,"holdout",43,0.511219688386557
3,5,"holdout",143,0.408845874900034
3,5,"holdout",150,0.505556617795071
3,5,"holdout",245,0.45930220034829
3,5,"holdout",136,0.454134798943038
3,5,"holdout",36,0.440187005070857
3,5,"holdout",68,0.553349388886975
3,5,"holdout",214,0.536305114018478
3,5,"holdout",266,0.350822274733175
3,5,"holdout",252,0.430570564745986
3,5,"holdout",248,0.279657718644234
3,5,"holdout",197,0.388698994213137
3,5,"holdout",4,0.364294736894752
3,5,"holdout",226,0.29386660796274
3,5,"holdout",178,0.293164828233673
3,5,"holdout",99,0.595880828430277
3,5,"holdout",216,0.413675213794259
3,5,"holdout",215,0.340025675620397
3,5,"holdout",177,0.352655624442228
3,5,"holdout",154,0.490059513583266
3,5,"holdout",114,0.311802166093453
3,5,"holdout",6,0.245276882458122
3,5,"holdout",134,0.445735789968315
3,5,"holdout",130,0.440171792117578
1,6,"cv",1,0.365701637824376
1,6,"cv",2,0.410996082043015
1,6,"cv",7,0.387660173931375
1,6,"cv",8,0.404893618424169
1,6,"cv",9,0.398823084399831
1,6,"cv",10,0.447899860501604
1,6,"cv",11,0.320228167464436
1,6,"cv",12,0.426947063651051
1,6,"cv",13,0.438574624911707
1,6,"cv",14,0.59297820461475
1,6,"cv",15,0.366138089531289
1,6,"cv",16,0.318882795506669
1,6,"cv",17,0.480324465736568
1,6,"cv",18,0.338838332336695
1,6,"cv",19,0.422614075856716
1,6,"cv",21,0.443229295125887
1,6,"cv",22,0.252238000406683
1,6,"cv",23,0.668403557555523
1,6,"cv",25,0.403232778183976
1,6,"cv",26,0.397721823990799
1,6,"cv",28,0.501607673716416
1,6,"cv",29,0.440235684506072
1,6,"cv",30,0.564680256195612
1,6,"cv",31,0.448585735455982
1,6,"cv",32,0.591608143737497
1,6,"cv",33,0.554864397522462
1,6,"cv",34,0.675756019897931
1,6,"cv",35,0.423892603296392
1,6,"cv",37,0.475933818902126
1,6,"cv",38,0.660105733395765
1,6,"cv",39,0.40561906238657
1,6,"cv",40,0.481491582317082
1,6,"cv",41,0.609405972078358
1,6,"cv",44,0.240564296976463
1,6,"cv",45,0.523592885256827
1,6,"cv",46,0.433481234781111
1,6,"cv",47,0.553909698552135
1,6,"cv",48,0.358526808980294
1,6,"cv",50,0.461991546784898
1,6,"cv",51,0.608149968172162
1,6,"cv",52,0.545689776359627
1,6,"cv",53,0.374314917702019
1,6,"cv",54,0.580141218404851
1,6,"cv",55,0.651742187948762
1,6,"cv",56,0.320946405954114
1,6,"cv",57,0.362166523778959
1,6,"cv",59,0.364811629475172
1,6,"cv",60,0.50727687304986
1,6,"cv",61,0.510236800649608
1,6,"cv",62,0.334657400204756
1,6,"cv",63,0.596340797500288
1,6,"cv",64,0.560656767699361
1,6,"cv",65,0.579117864825985
1,6,"cv",66,0.624343654568977
1,6,"cv",67,0.432636665301529
1,6,"cv",69,0.662458119176212
1,6,"cv",70,0.424112799749099
1,6,"cv",71,0.558152668729908
1,6,"cv",72,0.618167622823154
1,6,"cv",73,0.544755655687869
1,6,"cv",75,0.485830165894776
1,6,"cv",76,0.357113375216255
1,6,"cv",77,0.335600941412826
1,6,"cv",78,0.457595556766281
1,6,"cv",79,0.350608156061063
1,6,"cv",80,0.476842197942218
1,6,"cv",81,0.452628510069791
1,6,"cv",82,0.222295850679619
1,6,"cv",83,0.524031560764286
1,6,"cv",84,0.39455761607035
1,6,"cv",85,0.240388225096729
1,6,"cv",86,0.30572321001418
1,6,"cv",87,0.581270886083628
1,6,"cv",88,0.372205105317521
1,6,"cv",90,0.536745372978455
1,6,"cv",91,0.501522942190113
1,6,"cv",93,0.538207785686397
1,6,"cv",94,0.539836897249143
1,6,"cv",95,0.532159523924988
1,6,"cv",96,0.375358274294314
1,6,"cv",97,0.483440752699885
1,6,"cv",98,0.448696000179175
1,6,"cv",100,0.516212639581013
1,6,"cv",101,0.394807334152362
1,6,"cv",102,0.459635978012513
1,6,"cv",103,0.415640994290414
1,6,"cv",105,0.55127487704507
1,6,"cv",106,0.517474618159451
1,6,"cv",107,0.557248739245833
1,6,"cv",108,0.727067875793122
1,6,"cv",111,0.751911671982747
1,6,"cv",112,0.47100170861602
1,6,"cv",113,0.445704772003131
1,6,"cv",115,0.524275802350818
1,6,"cv",116,0.592649571916125
1,6,"cv",117,0.47075647570356
1,6,"cv",118,0.360454278357815
1,6,"cv",119,0.337841954094
1,6,"cv",120,0.460334880738379
1,6,"cv",121,0.55175159918625
1,6,"cv",123,0.628110685373083
1,6,"cv",124,0.126760737658276
1,6,"cv",125,0.405865084853276
1,6,"cv",126,0.605686326651795
1,6,"cv",127,0.463896200392891
1,6,"cv",129,0.430726015215839
1,6,"cv",131,0.682611444271773
1,6,"cv",132,0.308059775080505
1,6,"cv",133,0.439213911760945
1,6,"cv",135,0.33230067311775
1,6,"cv",137,0.493294862369992
1,6,"cv",138,0.447858247063874
1,6,"cv",139,0.384630985984574
1,6,"cv",140,0.392463606307731
1,6,"cv",141,0.458178984417582
1,6,"cv",142,0.466576789756242
1,6,"cv",144,0.385790983265788
1,6,"cv",145,0.427731688546007
1,6,"cv",147,0.493030830827921
1,6,"cv",148,0.619555032427023
1,6,"cv",149,0.508164269210675
1,6,"cv",151,0.420582708371649
1,6,"cv",152,0.287290221070887
1,6,"cv",155,0.517779792646711
1,6,"cv",156,0.538574805964041
1,6,"cv",157,0.391776504321434
1,6,"cv",159,0.579987756263122
1,6,"cv",160,0.481123456995062
1,6,"cv",161,0.393217127862262
1,6,"cv",163,0.457635909109061
1,6,"cv",166,0.46667161613642
1,6,"cv",167,0.465053893844146
1,6,"cv",168,0.429934388243513
1,6,"cv",169,0.408989335962298
1,6,"cv",170,0.422979362268021
1,6,"cv",171,0.410173677519128
1,6,"cv",172,0.087748891248116
1,6,"cv",173,0.484824036550109
1,6,"cv",174,0.418666431653649
1,6,"cv",175,0.503711279920245
1,6,"cv",176,0.268001351690109
1,6,"cv",179,0.443992292650639
1,6,"cv",180,0.58033529406186
1,6,"cv",181,0.434458772618204
1,6,"cv",182,0.226092836746379
1,6,"cv",183,0.492046514789131
1,6,"cv",184,0.536970447240208
1,6,"cv",185,0.464394388728267
1,6,"cv",186,0.422803870843968
1,6,"cv",187,0.453855903201786
1,6,"cv",188,0.367124411754568
1,6,"cv",189,0.793832321115505
1,6,"cv",190,0.66162262576076
1,6,"cv",191,0.443042185038767
1,6,"cv",192,0.306554149427924
1,6,"cv",193,0.419147988560449
1,6,"cv",194,0.436761712170104
1,6,"cv",195,0.480283678245272
1,6,"cv",196,0.513688810050376
1,6,"cv",198,0.512697087882122
1,6,"cv",199,0.372021961157117
1,6,"cv",200,0.452238783834223
1,6,"cv",201,0.356497292645215
1,6,"cv",202,0.374547219446058
1,6,"cv",203,0.509185398757632
1,6,"cv",204,0.382390002966537
1,6,"cv",205,0.53056914648028
1,6,"cv",206,0.408935110313389
1,6,"cv",207,0.454019880546797
1,6,"cv",208,0.386613548711401
1,6,"cv",209,0.555390545944462
1,6,"cv",210,0.484762913971927
1,6,"cv",211,0.536179385315597
1,6,"cv",213,0.444547406952488
1,6,"cv",217,0.549220593659148
1,6,"cv",218,0.513725934881159
1,6,"cv",219,0.295699763081026
1,6,"cv",220,0.526875480452211
1,6,"cv",221,0.457405576637272
1,6,"cv",222,0.485515532207857
1,6,"cv",224,0.539311643790335
1,6,"cv",227,0.590923007753743
1,6,"cv",230,0.385029614126084
1,6,"cv",231,0.442204772688049
1,6,"cv",232,0.553817978574024
1,6,"cv",233,0.55285662811763
1,6,"cv",234,0.377192000541511
1,6,"cv",235,0.480499453467901
1,6,"cv",236,0.231158558753552
1,6,"cv",237,0.157752415499948
1,6,"cv",238,0.564862797517128
1,6,"cv",239,0.354904014617319
1,6,"cv",240,0.24662648173864
1,6,"cv",241,0.522284339902218
1,6,"cv",242,0.271771291379488
1,6,"cv",243,0.235152335431362
1,6,"cv",244,0.532445069986864
1,6,"cv",246,0.499474590971017
1,6,"cv",247,0.308619229610585
1,6,"cv",249,0.513076834914578
1,6,"cv",250,0.292631869383244
1,6,"cv",251,0.359952525816274
1,6,"cv",253,0.298363199814243
1,6,"cv",254,0.345805911363608
1,6,"cv",255,0.387778914858643
1,6,"cv",256,0.42981713659531
1,6,"cv",257,0.340116268491872
1,6,"cv",258,0.272741868041649
1,6,"cv",259,0.366737519772361
1,6,"cv",260,0.329972201353614
1,6,"cv",263,0.529480529727075
1,6,"cv",264,0.587214892772786
1,6,"cv",265,0.531107103225174
1,6,"cv",267,0.379871245814952
1,6,"cv",268,0.415690960335738
1,6,"cv",269,0.524579568632248
1,6,"holdout",49,0.477856179708164
1,6,"holdout",153,0.449987808942292
1,6,"holdout",74,0.358477269760982
1,6,"holdout",228,0.407901143916764
1,6,"holdout",146,0.433848896023385
1,6,"holdout",122,0.47838517842014
1,6,"holdout",270,0.311792401196272
1,6,"holdout",128,0.37534562353647
1,6,"holdout",24,0.507341742522864
1,6,"holdout",89,0.408689199995625
1,6,"holdout",165,0.490190838944765
1,6,"holdout",110,0.424880638845973
1,6,"holdout",20,0.499534429901156
1,6,"holdout",261,0.401351612884958
1,6,"holdout",27,0.405905466006045
1,6,"holdout",164,0.582856715059187
1,6,"holdout",229,0.291598903251097
1,6,"holdout",223,0.484194337782009
1,6,"holdout",109,0.346173045723627
1,6,"holdout",5,0.394007917233911
1,6,"holdout",212,0.481956950875779
1,6,"holdout",162,0.398101788561451
1,6,"holdout",92,0.500470018024809
1,6,"holdout",104,0.425148813684411
1,6,"holdout",3,0.419609228857031
1,6,"holdout",58,0.40301980297724
1,6,"holdout",225,0.254270739928947
1,6,"holdout",42,0.616434863900372
1,6,"holdout",262,0.550174884977016
1,6,"holdout",158,0.463892893834268
1,6,"holdout",43,0.515257879985012
1,6,"holdout",143,0.419036070825448
1,6,"holdout",150,0.509528790908744
1,6,"holdout",245,0.462051499949947
1,6,"holdout",136,0.462240457967605
1,6,"holdout",36,0.448934672582556
1,6,"holdout",68,0.553927899956891
1,6,"holdout",214,0.549621737411145
1,6,"holdout",266,0.35149363967461
1,6,"holdout",252,0.428650438262292
1,6,"holdout",248,0.261813800551456
1,6,"holdout",197,0.402003530473399
1,6,"holdout",4,0.357442756428188
1,6,"holdout",226,0.293528741704983
1,6,"holdout",178,0.290994541491533
1,6,"holdout",99,0.608937688904234
1,6,"holdout",216,0.407201703066609
1,6,"holdout",215,0.338718123283962
1,6,"holdout",177,0.359382640073886
1,6,"holdout",154,0.495041083564821
1,6,"holdout",114,0.309594820396506
1,6,"holdout",6,0.244219392967075
1,6,"holdout",134,0.445649583591432
1,6,"holdout",130,0.457705154866513
2,6,"cv",1,0.354481925453299
2,6,"cv",2,0.404455443511586
2,6,"cv",7,0.398022515253664
2,6,"cv",8,0.409549998466353
2,6,"cv",9,0.416351228136208
2,6,"cv",10,0.44130894516087
2,6,"cv",11,0.329502943423329
2,6,"cv",12,0.421396630686949
2,6,"cv",13,0.439629098217923
2,6,"cv",14,0.586608158130243
2,6,"cv",15,0.354019699649522
2,6,"cv",16,0.342124228621811
2,6,"cv",17,0.482843778866222
2,6,"cv",18,0.360832868881373
2,6,"cv",19,0.415628501154822
2,6,"cv",21,0.435834838621718
2,6,"cv",22,0.295603024288245
2,6,"cv",23,0.649253022514783
2,6,"cv",25,0.389162266996592
2,6,"cv",26,0.370195006465349
2,6,"cv",28,0.502862760141499
2,6,"cv",29,0.468759834765138
2,6,"cv",30,0.554111270520018
2,6,"cv",31,0.479740337133324
2,6,"cv",32,0.591628913841869
2,6,"cv",33,0.566629406457271
2,6,"cv",34,0.664270464755791
2,6,"cv",35,0.422801968712444
2,6,"cv",37,0.485981130048102
2,6,"cv",38,0.62635476922932
2,6,"cv",39,0.406765613786474
2,6,"cv",40,0.487248423696962
2,6,"cv",41,0.591822938046655
2,6,"cv",44,0.260367791173371
2,6,"cv",45,0.506005150270524
2,6,"cv",46,0.434155862604256
2,6,"cv",47,0.564995620423186
2,6,"cv",48,0.336537252229683
2,6,"cv",50,0.468680197162405
2,6,"cv",51,0.611977977306764
2,6,"cv",52,0.54641066291859
2,6,"cv",53,0.39390113680971
2,6,"cv",54,0.565236491626386
2,6,"cv",55,0.63397873370136
2,6,"cv",56,0.373203428484744
2,6,"cv",57,0.371719175592042
2,6,"cv",59,0.394851886527266
2,6,"cv",60,0.497435759789827
2,6,"cv",61,0.502673409303905
2,6,"cv",62,0.335564027169202
2,6,"cv",63,0.595943206763431
2,6,"cv",64,0.54695609565801
2,6,"cv",65,0.554767109975928
2,6,"cv",66,0.61130498661426
2,6,"cv",67,0.430597538184507
2,6,"cv",69,0.662467292013438
2,6,"cv",70,0.412937971802865
2,6,"cv",71,0.601602738929805
2,6,"cv",72,0.61956715781568
2,6,"cv",73,0.539255048013601
2,6,"cv",75,0.50590701731215
2,6,"cv",76,0.347318049910757
2,6,"cv",77,0.311665678650227
2,6,"cv",78,0.482240172154417
2,6,"cv",79,0.306118959282084
2,6,"cv",80,0.469396570132153
2,6,"cv",81,0.454616701097865
2,6,"cv",82,0.260279460335683
2,6,"cv",83,0.50845543272632
2,6,"cv",84,0.393044949161536
2,6,"cv",85,0.24692633748794
2,6,"cv",86,0.348414322564755
2,6,"cv",87,0.55308670341722
2,6,"cv",88,0.403258456329342
2,6,"cv",90,0.519042902127856
2,6,"cv",91,0.495639084094049
2,6,"cv",93,0.552009735632172
2,6,"cv",94,0.536044873560712
2,6,"cv",95,0.517310428850616
2,6,"cv",96,0.359982172395735
2,6,"cv",97,0.478535928409922
2,6,"cv",98,0.44559122430496
2,6,"cv",100,0.520111144216153
2,6,"cv",101,0.385967943854259
2,6,"cv",102,0.488191378262882
2,6,"cv",103,0.401609128319108
2,6,"cv",105,0.551852604036398
2,6,"cv",106,0.496198855745435
2,6,"cv",107,0.554533715233433
2,6,"cv",108,0.763787604369329
2,6,"cv",111,0.795688442818927
2,6,"cv",112,0.481996424201915
2,6,"cv",113,0.419252604000581
2,6,"cv",115,0.512154120712538
2,6,"cv",116,0.58028721263206
2,6,"cv",117,0.475082754821209
2,6,"cv",118,0.350707199571387
2,6,"cv",119,0.338456067228798
2,6,"cv",120,0.464465603948419
2,6,"cv",121,0.553818915606352
2,6,"cv",123,0.633886108461134
2,6,"cv",124,0.144088103702783
2,6,"cv",125,0.408245148335284
2,6,"cv",126,0.62351336387258
2,6,"cv",127,0.473562727700077
2,6,"cv",129,0.42226540316142
2,6,"cv",131,0.658220134900819
2,6,"cv",132,0.325214081586499
2,6,"cv",133,0.443244833202781
2,6,"cv",135,0.354957445952154
2,6,"cv",137,0.4897018009288
2,6,"cv",138,0.451510750129408
2,6,"cv",139,0.373918611311691
2,6,"cv",140,0.42754240060771
2,6,"cv",141,0.444023612132105
2,6,"cv",142,0.461199628942895
2,6,"cv",144,0.373252243639797
2,6,"cv",145,0.417635685869842
2,6,"cv",147,0.495641142762313
2,6,"cv",148,0.617473993447393
2,6,"cv",149,0.529447405770755
2,6,"cv",151,0.427837543978001
2,6,"cv",152,0.275361854246918
2,6,"cv",155,0.529033429546619
2,6,"cv",156,0.53834573438734
2,6,"cv",157,0.399002111630849
2,6,"cv",159,0.571525395981099
2,6,"cv",160,0.487760815935917
2,6,"cv",161,0.388222178328962
2,6,"cv",163,0.46270031671097
2,6,"cv",166,0.468237934610264
2,6,"cv",167,0.476165871133802
2,6,"cv",168,0.492485437086672
2,6,"cv",169,0.401366634478445
2,6,"cv",170,0.453079487987001
2,6,"cv",171,0.417477886506012
2,6,"cv",172,0.199607585964602
2,6,"cv",173,0.475832290587776
2,6,"cv",174,0.399937595678033
2,6,"cv",175,0.517116308079412
2,6,"cv",176,0.299153786277886
2,6,"cv",179,0.443558932437841
2,6,"cv",180,0.587186168209039
2,6,"cv",181,0.434972950457723
2,6,"cv",182,0.245386724829731
2,6,"cv",183,0.485197615268624
2,6,"cv",184,0.536968498962761
2,6,"cv",185,0.465131109425311
2,6,"cv",186,0.427326374722003
2,6,"cv",187,0.446572411294306
2,6,"cv",188,0.371857313438635
2,6,"cv",189,0.787513155632171
2,6,"cv",190,0.641540263986953
2,6,"cv",191,0.452238938581424
2,6,"cv",192,0.306235102803987
2,6,"cv",193,0.400005439754064
2,6,"cv",194,0.44110400510275
2,6,"cv",195,0.48011972927452
2,6,"cv",196,0.554458773103799
2,6,"cv",198,0.513441954596896
2,6,"cv",199,0.375115226780522
2,6,"cv",200,0.478333357448396
2,6,"cv",201,0.351845461970958
2,6,"cv",202,0.38370353642967
2,6,"cv",203,0.496531290744306
2,6,"cv",204,0.3880376342587
2,6,"cv",205,0.520743511798441
2,6,"cv",206,0.443210751798352
2,6,"cv",207,0.450192802031552
2,6,"cv",208,0.402197858365006
2,6,"cv",209,0.543339933319367
2,6,"cv",210,0.496567399684773
2,6,"cv",211,0.523221733867112
2,6,"cv",213,0.426544258925684
2,6,"cv",217,0.54574886657534
2,6,"cv",218,0.528443805917073
2,6,"cv",219,0.305334014991423
2,6,"cv",220,0.53984086313171
2,6,"cv",221,0.467557973975096
2,6,"cv",222,0.501352005690877
2,6,"cv",224,0.56072720249431
2,6,"cv",227,0.573719627690115
2,6,"cv",230,0.393569222319725
2,6,"cv",231,0.438261429434167
2,6,"cv",232,0.533869152611769
2,6,"cv",233,0.519941639778064
2,6,"cv",234,0.381526986360869
2,6,"cv",235,0.46642849233625
2,6,"cv",236,0.262149442715995
2,6,"cv",237,0.172523770699147
2,6,"cv",238,0.588085405848927
2,6,"cv",239,0.350102847973392
2,6,"cv",240,0.235311471864059
2,6,"cv",241,0.528115803824145
2,6,"cv",242,0.272743524168495
2,6,"cv",243,0.131475396853498
2,6,"cv",244,0.524087340023701
2,6,"cv",246,0.512225243241311
2,6,"cv",247,0.347324288596416
2,6,"cv",249,0.466454432572992
2,6,"cv",250,0.256169438504628
2,6,"cv",251,0.366011011726956
2,6,"cv",253,0.32429151026988
2,6,"cv",254,0.345920398026876
2,6,"cv",255,0.398041193025578
2,6,"cv",256,0.435961170153015
2,6,"cv",257,0.341448988422922
2,6,"cv",258,0.251809879153243
2,6,"cv",259,0.359266414447555
2,6,"cv",260,0.337801789346817
2,6,"cv",263,0.491132724329075
2,6,"cv",264,0.587639895397807
2,6,"cv",265,0.550557160504056
2,6,"cv",267,0.376413220995968
2,6,"cv",268,0.410632321681617
2,6,"cv",269,0.529733432831821
2,6,"holdout",49,0.480682504670496
2,6,"holdout",153,0.447429630256682
2,6,"holdout",74,0.368554029920989
2,6,"holdout",228,0.404220474256031
2,6,"holdout",146,0.429689492491262
2,6,"holdout",122,0.477155302546668
2,6,"holdout",270,0.300929461740349
2,6,"holdout",128,0.360542087252436
2,6,"holdout",24,0.514092077426259
2,6,"holdout",89,0.403352978221496
2,6,"holdout",165,0.478180662372662
2,6,"holdout",110,0.42709665904725
2,6,"holdout",20,0.502971330066803
2,6,"holdout",261,0.399329119287309
2,6,"holdout",27,0.425526843576281
2,6,"holdout",164,0.585871617233874
2,6,"holdout",229,0.296831086298306
2,6,"holdout",223,0.489667086955187
2,6,"holdout",109,0.351061857462274
2,6,"holdout",5,0.400496376071002
2,6,"holdout",212,0.47109520311875
2,6,"holdout",162,0.39883600738767
2,6,"holdout",92,0.505266506524274
2,6,"holdout",104,0.429030480483618
2,6,"holdout",3,0.4369982930151
2,6,"holdout",58,0.408254483368084
2,6,"holdout",225,0.258435121489196
2,6,"holdout",42,0.623756158440214
2,6,"holdout",262,0.551263070067112
2,6,"holdout",158,0.469693017249476
2,6,"holdout",43,0.505810047621637
2,6,"holdout",143,0.412923395835418
2,6,"holdout",150,0.50992146371273
2,6,"holdout",245,0.453190148190458
2,6,"holdout",136,0.459045288116589
2,6,"holdout",36,0.455632981831439
2,6,"holdout",68,0.557589738268255
2,6,"holdout",214,0.555324703762257
2,6,"holdout",266,0.35358754481673
2,6,"holdout",252,0.423823556571456
2,6,"holdout",248,0.264458808600139
2,6,"holdout",197,0.391034087139901
2,6,"holdout",4,0.349124575328556
2,6,"holdout",226,0.293578769648235
2,6,"holdout",178,0.291240539014337
2,6,"holdout",99,0.619021153973903
2,6,"holdout",216,0.406432359706742
2,6,"holdout",215,0.333263581969768
2,6,"holdout",177,0.361787281547175
2,6,"holdout",154,0.493052169275045
2,6,"holdout",114,0.309052124872442
2,6,"holdout",6,0.219374423100525
2,6,"holdout",134,0.444941938224458
2,6,"holdout",130,0.457151580949622
3,6,"cv",1,0.362626033805127
3,6,"cv",2,0.408768411402545
3,6,"cv",7,0.367802188930399
3,6,"cv",8,0.403548093030434
3,6,"cv",9,0.400312226518867
3,6,"cv",10,0.442158841230737
3,6,"cv",11,0.324167192123574
3,6,"cv",12,0.420542104870437
3,6,"cv",13,0.45140716637643
3,6,"cv",14,0.584364711470711
3,6,"cv",15,0.343627515424285
3,6,"cv",16,0.34043487881032
3,6,"cv",17,0.4907724303199
3,6,"cv",18,0.341521816136698
3,6,"cv",19,0.423488821094224
3,6,"cv",21,0.440647778607017
3,6,"cv",22,0.269540495484142
3,6,"cv",23,0.686467625494402
3,6,"cv",25,0.415264291224526
3,6,"cv",26,0.381669384710222
3,6,"cv",28,0.507923707052223
3,6,"cv",29,0.452109315496776
3,6,"cv",30,0.567401311349574
3,6,"cv",31,0.464857756396504
3,6,"cv",32,0.576309512098082
3,6,"cv",33,0.543178008114328
3,6,"cv",34,0.671437274833962
3,6,"cv",35,0.43543619910534
3,6,"cv",37,0.497173710342669
3,6,"cv",38,0.63526747730897
3,6,"cv",39,0.417604936683125
3,6,"cv",40,0.481937434865886
3,6,"cv",41,0.610038637027792
3,6,"cv",44,0.251274946519191
3,6,"cv",45,0.501617081768251
3,6,"cv",46,0.411180979222275
3,6,"cv",47,0.561741767750078
3,6,"cv",48,0.356273300407506
3,6,"cv",50,0.461592095725999
3,6,"cv",51,0.627175140131685
3,6,"cv",52,0.5512189509997
3,6,"cv",53,0.379653372484136
3,6,"cv",54,0.558369203046915
3,6,"cv",55,0.652389521808632
3,6,"cv",56,0.383009277957275
3,6,"cv",57,0.383185283803789
3,6,"cv",59,0.405883112494462
3,6,"cv",60,0.511314648525875
3,6,"cv",61,0.505708496868754
3,6,"cv",62,0.345018585534536
3,6,"cv",63,0.610624230020868
3,6,"cv",64,0.550273015930324
3,6,"cv",65,0.574314887053137
3,6,"cv",66,0.620589377358733
3,6,"cv",67,0.424457840930665
3,6,"cv",69,0.672763548622561
3,6,"cv",70,0.431503574989825
3,6,"cv",71,0.591082977297468
3,6,"cv",72,0.615697877284738
3,6,"cv",73,0.542076742700114
3,6,"cv",75,0.494135251926231
3,6,"cv",76,0.338841502974005
3,6,"cv",77,0.313237649408941
3,6,"cv",78,0.468928216358082
3,6,"cv",79,0.341449440001469
3,6,"cv",80,0.486181751618043
3,6,"cv",81,0.451067202230023
3,6,"cv",82,0.254344175293363
3,6,"cv",83,0.539725985347692
3,6,"cv",84,0.374383955613749
3,6,"cv",85,0.254308456848453
3,6,"cv",86,0.33913247611022
3,6,"cv",87,0.526615027315081
3,6,"cv",88,0.386892275635951
3,6,"cv",90,0.538101604707247
3,6,"cv",91,0.500820966926038
3,6,"cv",93,0.529266062890484
3,6,"cv",94,0.56439352726735
3,6,"cv",95,0.532598319396179
3,6,"cv",96,0.362036275700641
3,6,"cv",97,0.494818912343431
3,6,"cv",98,0.440115083342735
3,6,"cv",100,0.537270295716634
3,6,"cv",101,0.403713795550303
3,6,"cv",102,0.444847436431489
3,6,"cv",103,0.411229442438566
3,6,"cv",105,0.560590540075107
3,6,"cv",106,0.50783879100014
3,6,"cv",107,0.55910066604745
3,6,"cv",108,0.770574486351479
3,6,"cv",111,0.76951705054057
3,6,"cv",112,0.474142508874216
3,6,"cv",113,0.456318028495748
3,6,"cv",115,0.505910792967622
3,6,"cv",116,0.59004078997123
3,6,"cv",117,0.473343599117416
3,6,"cv",118,0.389143711892621
3,6,"cv",119,0.301935333075932
3,6,"cv",120,0.46627541196463
3,6,"cv",121,0.556769609886972
3,6,"cv",123,0.611200338415799
3,6,"cv",124,0.152493560895895
3,6,"cv",125,0.417639189547537
3,6,"cv",126,0.63464727803595
3,6,"cv",127,0.48760896042181
3,6,"cv",129,0.447299581178983
3,6,"cv",131,0.676800241813727
3,6,"cv",132,0.316144185796263
3,6,"cv",133,0.437679136022665
3,6,"cv",135,0.324040594460623
3,6,"cv",137,0.488383244479394
3,6,"cv",138,0.436403321093441
3,6,"cv",139,0.390928129043384
3,6,"cv",140,0.388090948044201
3,6,"cv",141,0.453092411243116
3,6,"cv",142,0.459438456233636
3,6,"cv",144,0.39800317500948
3,6,"cv",145,0.413869604115059
3,6,"cv",147,0.466693629107376
3,6,"cv",148,0.613860404536358
3,6,"cv",149,0.518273151032949
3,6,"cv",151,0.450192146770407
3,6,"cv",152,0.300398984926978
3,6,"cv",155,0.526956644140059
3,6,"cv",156,0.548325859596744
3,6,"cv",157,0.424099361351761
3,6,"cv",159,0.581362032479934
3,6,"cv",160,0.47844541290238
3,6,"cv",161,0.374285940524851
3,6,"cv",163,0.443261953976533
3,6,"cv",166,0.469361986631709
3,6,"cv",167,0.474460813159555
3,6,"cv",168,0.454087590102056
3,6,"cv",169,0.400066601915889
3,6,"cv",170,0.428770108753893
3,6,"cv",171,0.456393864050729
3,6,"cv",172,0.181508143455691
3,6,"cv",173,0.47251970885171
3,6,"cv",174,0.423603814532036
3,6,"cv",175,0.503516883490473
3,6,"cv",176,0.280558198478516
3,6,"cv",179,0.461744333163681
3,6,"cv",180,0.588506889599462
3,6,"cv",181,0.427061269573516
3,6,"cv",182,0.242268459459684
3,6,"cv",183,0.484631835680201
3,6,"cv",184,0.535050412529749
3,6,"cv",185,0.462175638004886
3,6,"cv",186,0.414950617923524
3,6,"cv",187,0.459990487802019
3,6,"cv",188,0.366341264042615
3,6,"cv",189,0.772843001725206
3,6,"cv",190,0.643974254427995
3,6,"cv",191,0.461622514409768
3,6,"cv",192,0.292510025501411
3,6,"cv",193,0.424578236410674
3,6,"cv",194,0.456328257926742
3,6,"cv",195,0.453897809634597
3,6,"cv",196,0.53742128730612
3,6,"cv",198,0.52720272126795
3,6,"cv",199,0.375510465344939
3,6,"cv",200,0.470919057152222
3,6,"cv",201,0.361782369037158
3,6,"cv",202,0.383357687769285
3,6,"cv",203,0.515831556955914
3,6,"cv",204,0.384870233458153
3,6,"cv",205,0.513583832439259
3,6,"cv",206,0.436850901230492
3,6,"cv",207,0.449360980868346
3,6,"cv",208,0.372718094585643
3,6,"cv",209,0.578757056493583
3,6,"cv",210,0.50252888663068
3,6,"cv",211,0.530077442103719
3,6,"cv",213,0.433191497541177
3,6,"cv",217,0.522562770606383
3,6,"cv",218,0.509410581808918
3,6,"cv",219,0.307499916632351
3,6,"cv",220,0.505195462712829
3,6,"cv",221,0.472158011087586
3,6,"cv",222,0.492143587178016
3,6,"cv",224,0.553550393165654
3,6,"cv",227,0.57171182684993
3,6,"cv",230,0.37355027729324
3,6,"cv",231,0.440607813493562
3,6,"cv",232,0.525620311155456
3,6,"cv",233,0.563339742898504
3,6,"cv",234,0.375376779495224
3,6,"cv",235,0.461022092564122
3,6,"cv",236,0.301608450008641
3,6,"cv",237,0.156388310079252
3,6,"cv",238,0.580906506357579
3,6,"cv",239,0.368745528745094
3,6,"cv",240,0.255040106093875
3,6,"cv",241,0.516729384923982
3,6,"cv",242,0.29647177784946
3,6,"cv",243,0.179829295006713
3,6,"cv",244,0.531187944542515
3,6,"cv",246,0.489406207965449
3,6,"cv",247,0.335453290715365
3,6,"cv",249,0.489878409271436
3,6,"cv",250,0.322007028991727
3,6,"cv",251,0.384047907464155
3,6,"cv",253,0.323501421388702
3,6,"cv",254,0.356917774147846
3,6,"cv",255,0.39899407262095
3,6,"cv",256,0.441280266966909
3,6,"cv",257,0.377166034472732
3,6,"cv",258,0.288755326386422
3,6,"cv",259,0.374204923432835
3,6,"cv",260,0.333619006446853
3,6,"cv",263,0.498914587583861
3,6,"cv",264,0.596606445586102
3,6,"cv",265,0.548560867170725
3,6,"cv",267,0.369936944728943
3,6,"cv",268,0.39584980965045
3,6,"cv",269,0.513065270445245
3,6,"holdout",49,0.481540799283851
3,6,"holdout",153,0.443824646689132
3,6,"holdout",74,0.364069378582898
3,6,"holdout",228,0.39994434875863
3,6,"holdout",146,0.432448374645878
3,6,"holdout",122,0.477219848740607
3,6,"holdout",270,0.288009651692527
3,6,"holdout",128,0.359627687477219
3,6,"holdout",24,0.515607306260941
3,6,"holdout",89,0.40619586580595
3,6,"holdout",165,0.477683764675466
3,6,"holdout",110,0.42182584253542
3,6,"holdout",20,0.505163556818091
3,6,"holdout",261,0.399152545420881
3,6,"holdout",27,0.412557147468363
3,6,"holdout",164,0.583993321580967
3,6,"holdout",229,0.289569351350116
3,6,"holdout",223,0.488125439007034
3,6,"holdout",109,0.350269676457466
3,6,"holdout",5,0.392413625162501
3,6,"holdout",212,0.470858010199805
3,6,"holdout",162,0.398122204130952
3,6,"holdout",92,0.505162610169561
3,6,"holdout",104,0.425971343699489
3,6,"holdout",3,0.429413697311527
3,6,"holdout",58,0.40518572621658
3,6,"holdout",225,0.250280190900262
3,6,"holdout",42,0.626816703682931
3,6,"holdout",262,0.550104609138529
3,6,"holdout",158,0.471819748375921
3,6,"holdout",43,0.50782257901043
3,6,"holdout",143,0.408825530147478
3,6,"holdout",150,0.516543937601126
3,6,"holdout",245,0.455714378880551
3,6,"holdout",136,0.465974710638462
3,6,"holdout",36,0.457313449698293
3,6,"holdout",68,0.560745144875691
3,6,"holdout",214,0.549949233133493
3,6,"holdout",266,0.355052090024331
3,6,"holdout",252,0.421687558147773
3,6,"holdout",248,0.267420469683587
3,6,"holdout",197,0.396854042182292
3,6,"holdout",4,0.343096686958373
3,6,"holdout",226,0.294228896548577
3,6,"holdout",178,0.292678148524738
3,6,"holdout",99,0.625708441439039
3,6,"holdout",216,0.404981660919142
3,6,"holdout",215,0.331272481849434
3,6,"holdout",177,0.361905366045211
3,6,"holdout",154,0.498630086759352
3,6,"holdout",114,0.313311034183926
3,6,"holdout",6,0.222096638744655
3,6,"holdout",134,0.451118987783453
3,6,"holdout",130,0.451459633289607
1,7,"cv",1,0.371603377163277
1,7,"cv",2,0.409797513585685
1,7,"cv",7,0.356702267399733
1,7,"cv",8,0.414195889352155
1,7,"cv",9,0.397696439727606
1,7,"cv",10,0.450021819795076
1,7,"cv",11,0.330919458045616
1,7,"cv",12,0.418201627301283
1,7,"cv",13,0.417664326643567
1,7,"cv",14,0.597703764750847
1,7,"cv",15,0.370976800134243
1,7,"cv",16,0.338239833437482
1,7,"cv",17,0.484309286669736
1,7,"cv",18,0.349978328327367
1,7,"cv",19,0.425952044080565
1,7,"cv",21,0.448739743966688
1,7,"cv",22,0.254770893900261
1,7,"cv",23,0.647754788247329
1,7,"cv",25,0.397891051073743
1,7,"cv",26,0.403819700115887
1,7,"cv",28,0.492094254840975
1,7,"cv",29,0.462358187073056
1,7,"cv",30,0.567836811326659
1,7,"cv",31,0.431561075567188
1,7,"cv",32,0.586875012930239
1,7,"cv",33,0.555617014276885
1,7,"cv",34,0.673437603112874
1,7,"cv",35,0.420134449448667
1,7,"cv",37,0.481100138318625
1,7,"cv",38,0.649340968396952
1,7,"cv",39,0.391807893026778
1,7,"cv",40,0.492161037266182
1,7,"cv",41,0.615041332873251
1,7,"cv",44,0.254552917881359
1,7,"cv",45,0.512347927744023
1,7,"cv",46,0.438871707251038
1,7,"cv",47,0.550494535463333
1,7,"cv",48,0.36559574520052
1,7,"cv",50,0.464664807506723
1,7,"cv",51,0.603037050585243
1,7,"cv",52,0.546101135098519
1,7,"cv",53,0.375104744704104
1,7,"cv",54,0.588585403719317
1,7,"cv",55,0.653582042050902
1,7,"cv",56,0.364544285791399
1,7,"cv",57,0.357482214439369
1,7,"cv",59,0.375532408531153
1,7,"cv",60,0.507774775578446
1,7,"cv",61,0.510390792165176
1,7,"cv",62,0.340092853882233
1,7,"cv",63,0.60301110953304
1,7,"cv",64,0.573300348475421
1,7,"cv",65,0.572035319325851
1,7,"cv",66,0.64784174120354
1,7,"cv",67,0.430731531121426
1,7,"cv",69,0.672053915779154
1,7,"cv",70,0.455166545291253
1,7,"cv",71,0.556293166894523
1,7,"cv",72,0.621689110943495
1,7,"cv",73,0.54492747838953
1,7,"cv",75,0.466840952642429
1,7,"cv",76,0.344012077928008
1,7,"cv",77,0.338066455101317
1,7,"cv",78,0.448344896673899
1,7,"cv",79,0.375345489688882
1,7,"cv",80,0.476545645571591
1,7,"cv",81,0.455687848402482
1,7,"cv",82,0.208776353990646
1,7,"cv",83,0.520621696196041
1,7,"cv",84,0.412008564124234
1,7,"cv",85,0.239520584879575
1,7,"cv",86,0.309214805346193
1,7,"cv",87,0.571100579343243
1,7,"cv",88,0.369678412601358
1,7,"cv",90,0.531246825472169
1,7,"cv",91,0.492240124719979
1,7,"cv",93,0.530933789994018
1,7,"cv",94,0.538233040784532
1,7,"cv",95,0.524203797307217
1,7,"cv",96,0.384668632016621
1,7,"cv",97,0.474612221691431
1,7,"cv",98,0.438161245825947
1,7,"cv",100,0.524148541958897
1,7,"cv",101,0.397131988957114
1,7,"cv",102,0.484812656951479
1,7,"cv",103,0.420225861823207
1,7,"cv",105,0.556430874206594
1,7,"cv",106,0.513473215110222
1,7,"cv",107,0.549220679864765
1,7,"cv",108,0.725859842739461
1,7,"cv",111,0.736007038651765
1,7,"cv",112,0.466927524459873
1,7,"cv",113,0.447504237630351
1,7,"cv",115,0.51621363299836
1,7,"cv",116,0.599851011888962
1,7,"cv",117,0.473029904044556
1,7,"cv",118,0.357077677876393
1,7,"cv",119,0.335760557608482
1,7,"cv",120,0.460066517454489
1,7,"cv",121,0.565625630675112
1,7,"cv",123,0.634127857359693
1,7,"cv",124,0.14875998071322
1,7,"cv",125,0.402275422666067
1,7,"cv",126,0.629659549594455
1,7,"cv",127,0.465639319952303
1,7,"cv",129,0.43629831560366
1,7,"cv",131,0.677688309300266
1,7,"cv",132,0.286942263490859
1,7,"cv",133,0.440193597650705
1,7,"cv",135,0.329791583670307
1,7,"cv",137,0.49486026482533
1,7,"cv",138,0.442826570902222
1,7,"cv",139,0.387975510839088
1,7,"cv",140,0.406219637761327
1,7,"cv",141,0.460861100508695
1,7,"cv",142,0.468841582148147
1,7,"cv",144,0.386400349881523
1,7,"cv",145,0.424247768341046
1,7,"cv",147,0.503219081788064
1,7,"cv",148,0.622518774820881
1,7,"cv",149,0.4971434933054
1,7,"cv",151,0.432024458601228
1,7,"cv",152,0.284512080220844
1,7,"cv",155,0.517896731838908
1,7,"cv",156,0.537840475869199
1,7,"cv",157,0.399752656406855
1,7,"cv",159,0.576945934345984
1,7,"cv",160,0.483427457591701
1,7,"cv",161,0.387931562013238
1,7,"cv",163,0.459733712042332
1,7,"cv",166,0.465386321275567
1,7,"cv",167,0.468604822870696
1,7,"cv",168,0.448157945337645
1,7,"cv",169,0.399617133503286
1,7,"cv",170,0.430622220555557
1,7,"cv",171,0.41322363583665
1,7,"cv",172,0.107401869516415
1,7,"cv",173,0.478760869155371
1,7,"cv",174,0.422548786456304
1,7,"cv",175,0.514123943496482
1,7,"cv",176,0.277164340216487
1,7,"cv",179,0.444574635789053
1,7,"cv",180,0.587914623345751
1,7,"cv",181,0.430838272782865
1,7,"cv",182,0.226863746316489
1,7,"cv",183,0.495470671059037
1,7,"cv",184,0.529069568867488
1,7,"cv",185,0.468500504440334
1,7,"cv",186,0.415501954390829
1,7,"cv",187,0.458321485713999
1,7,"cv",188,0.368040437415358
1,7,"cv",189,0.80744924391017
1,7,"cv",190,0.662889956110565
1,7,"cv",191,0.443693480937498
1,7,"cv",192,0.309851834184138
1,7,"cv",193,0.416278886149491
1,7,"cv",194,0.443557061563382
1,7,"cv",195,0.476120563714305
1,7,"cv",196,0.523608164417372
1,7,"cv",198,0.515029326926445
1,7,"cv",199,0.368993695598338
1,7,"cv",200,0.44037924693198
1,7,"cv",201,0.357563083275689
1,7,"cv",202,0.386792875621811
1,7,"cv",203,0.512897091777374
1,7,"cv",204,0.383324787505906
1,7,"cv",205,0.535124469261047
1,7,"cv",206,0.417322019904419
1,7,"cv",207,0.459664269383294
1,7,"cv",208,0.386152113199493
1,7,"cv",209,0.542830857286893
1,7,"cv",210,0.493515997380971
1,7,"cv",211,0.526999573018129
1,7,"cv",213,0.437819501001916
1,7,"cv",217,0.553388185300337
1,7,"cv",218,0.511200648247319
1,7,"cv",219,0.311891883119705
1,7,"cv",220,0.51012030255029
1,7,"cv",221,0.457585970485929
1,7,"cv",222,0.489693067455076
1,7,"cv",224,0.539752647513109
1,7,"cv",227,0.570414572434378
1,7,"cv",230,0.403806333756043
1,7,"cv",231,0.442648377484609
1,7,"cv",232,0.556944036761851
1,7,"cv",233,0.563137008895248
1,7,"cv",234,0.380346753356077
1,7,"cv",235,0.487436998458637
1,7,"cv",236,0.260824055824552
1,7,"cv",237,0.159274991669973
1,7,"cv",238,0.562846054764326
1,7,"cv",239,0.353411205440613
1,7,"cv",240,0.243109625927591
1,7,"cv",241,0.523321216335023
1,7,"cv",242,0.270407177386199
1,7,"cv",243,0.248608292888892
1,7,"cv",244,0.536940632356373
1,7,"cv",246,0.489334860020021
1,7,"cv",247,0.323476728705831
1,7,"cv",249,0.484329251516821
1,7,"cv",250,0.259203754883656
1,7,"cv",251,0.367972252514162
1,7,"cv",253,0.31654588883984
1,7,"cv",254,0.355368169246921
1,7,"cv",255,0.385209470658943
1,7,"cv",256,0.423376046503872
1,7,"cv",257,0.336788031243388
1,7,"cv",258,0.272981093529186
1,7,"cv",259,0.380203398161786
1,7,"cv",260,0.320632425229065
1,7,"cv",263,0.529117361181514
1,7,"cv",264,0.594752520239299
1,7,"cv",265,0.531083357839154
1,7,"cv",267,0.379801103910996
1,7,"cv",268,0.411695033100443
1,7,"cv",269,0.523445877490041
1,7,"holdout",49,0.481023087447955
1,7,"holdout",153,0.443587585241939
1,7,"holdout",74,0.365921789020584
1,7,"holdout",228,0.401687701204472
1,7,"holdout",146,0.444168085014659
1,7,"holdout",122,0.479170498570882
1,7,"holdout",270,0.287852558003725
1,7,"holdout",128,0.350234081262413
1,7,"holdout",24,0.514976083204992
1,7,"holdout",89,0.40425445967944
1,7,"holdout",165,0.476337389010241
1,7,"holdout",110,0.422475813767924
1,7,"holdout",20,0.506375416737894
1,7,"holdout",261,0.398797221815251
1,7,"holdout",27,0.419733734060375
1,7,"holdout",164,0.585911538244879
1,7,"holdout",229,0.29405298450738
1,7,"holdout",223,0.492235234755618
1,7,"holdout",109,0.354253501103736
1,7,"holdout",5,0.399775476425187
1,7,"holdout",212,0.462432581133007
1,7,"holdout",162,0.401355869358767
1,7,"holdout",92,0.505768387591478
1,7,"holdout",104,0.422837927499612
1,7,"holdout",3,0.445255569074597
1,7,"holdout",58,0.408928130498938
1,7,"holdout",225,0.252082166514962
1,7,"holdout",42,0.628889541431707
1,7,"holdout",262,0.553034884652191
1,7,"holdout",158,0.469303255710441
1,7,"holdout",43,0.511128847785673
1,7,"holdout",143,0.405311239760054
1,7,"holdout",150,0.510202600924929
1,7,"holdout",245,0.455455348672768
1,7,"holdout",136,0.460795763204417
1,7,"holdout",36,0.454423430660603
1,7,"holdout",68,0.5595079725429
1,7,"holdout",214,0.546137608135619
1,7,"holdout",266,0.353580389043309
1,7,"holdout",252,0.42171961979305
1,7,"holdout",248,0.268434782347186
1,7,"holdout",197,0.395582356004969
1,7,"holdout",4,0.341955532380757
1,7,"holdout",226,0.290145722448799
1,7,"holdout",178,0.286596983868602
1,7,"holdout",99,0.623694420261586
1,7,"holdout",216,0.405095279090544
1,7,"holdout",215,0.336387336882778
1,7,"holdout",177,0.359767733903024
1,7,"holdout",154,0.493659873622031
1,7,"holdout",114,0.315761188787266
1,7,"holdout",6,0.220222058365573
1,7,"holdout",134,0.450684961046199
1,7,"holdout",130,0.449839967914729
2,7,"cv",1,0.365472626564314
2,7,"cv",2,0.399450855889433
2,7,"cv",7,0.390786241552104
2,7,"cv",8,0.405557457297714
2,7,"cv",9,0.4053704426025
2,7,"cv",10,0.445896564162429
2,7,"cv",11,0.339984327701365
2,7,"cv",12,0.426844798396096
2,7,"cv",13,0.428814713336285
2,7,"cv",14,0.596570272190616
2,7,"cv",15,0.349112787476642
2,7,"cv",16,0.351398434407892
2,7,"cv",17,0.480688133536198
2,7,"cv",18,0.382645512981685
2,7,"cv",19,0.419248792890186
2,7,"cv",21,0.436710971783374
2,7,"cv",22,0.290948098641001
2,7,"cv",23,0.677628118052502
2,7,"cv",25,0.391160894766844
2,7,"cv",26,0.376383705914393
2,7,"cv",28,0.503694343917071
2,7,"cv",29,0.477945783943776
2,7,"cv",30,0.559076115154851
2,7,"cv",31,0.460056446359647
2,7,"cv",32,0.590004094716073
2,7,"cv",33,0.568312281829482
2,7,"cv",34,0.668821380511892
2,7,"cv",35,0.418290792665621
2,7,"cv",37,0.491748454279504
2,7,"cv",38,0.643566674631009
2,7,"cv",39,0.398118661424909
2,7,"cv",40,0.482484093745715
2,7,"cv",41,0.59341418099891
2,7,"cv",44,0.255383391243745
2,7,"cv",45,0.51054837253265
2,7,"cv",46,0.437052084007447
2,7,"cv",47,0.563625882442325
2,7,"cv",48,0.32614335237469
2,7,"cv",50,0.467233972923798
2,7,"cv",51,0.614224063925569
2,7,"cv",52,0.555493393181988
2,7,"cv",53,0.387990829448216
2,7,"cv",54,0.571882300310634
2,7,"cv",55,0.636817788271906
2,7,"cv",56,0.40971476247442
2,7,"cv",57,0.366744694561541
2,7,"cv",59,0.380989917436253
2,7,"cv",60,0.509955248523335
2,7,"cv",61,0.50928867483755
2,7,"cv",62,0.339000441947824
2,7,"cv",63,0.596188838267576
2,7,"cv",64,0.551850223669337
2,7,"cv",65,0.548419063467447
2,7,"cv",66,0.61635165628895
2,7,"cv",67,0.42596917244456
2,7,"cv",69,0.65801167183692
2,7,"cv",70,0.405805158259475
2,7,"cv",71,0.599289148685421
2,7,"cv",72,0.619976507706924
2,7,"cv",73,0.535829541115404
2,7,"cv",75,0.494849500853027
2,7,"cv",76,0.339332419603102
2,7,"cv",77,0.314089008463988
2,7,"cv",78,0.470516961648482
2,7,"cv",79,0.307916731841899
2,7,"cv",80,0.471080231257072
2,7,"cv",81,0.459397660056059
2,7,"cv",82,0.258034506982574
2,7,"cv",83,0.510098489468253
2,7,"cv",84,0.395688243660775
2,7,"cv",85,0.248038781697155
2,7,"cv",86,0.354422547447515
2,7,"cv",87,0.559112214105426
2,7,"cv",88,0.385885385470725
2,7,"cv",90,0.530529253012494
2,7,"cv",91,0.504433890697165
2,7,"cv",93,0.555590444599509
2,7,"cv",94,0.532097960221512
2,7,"cv",95,0.516756677654936
2,7,"cv",96,0.354297259269502
2,7,"cv",97,0.477303876246048
2,7,"cv",98,0.445544867594245
2,7,"cv",100,0.531612844141339
2,7,"cv",101,0.387813820681906
2,7,"cv",102,0.478928973015141
2,7,"cv",103,0.402671675300052
2,7,"cv",105,0.551592750213117
2,7,"cv",106,0.511508355050672
2,7,"cv",107,0.54952352629155
2,7,"cv",108,0.764936216439018
2,7,"cv",111,0.778939601496628
2,7,"cv",112,0.483084530179975
2,7,"cv",113,0.42458358676791
2,7,"cv",115,0.511321365357049
2,7,"cv",116,0.580589677894257
2,7,"cv",117,0.474448179630976
2,7,"cv",118,0.354734968214677
2,7,"cv",119,0.341605256375078
2,7,"cv",120,0.46377834967624
2,7,"cv",121,0.572504081870375
2,7,"cv",123,0.637464765135458
2,7,"cv",124,0.133865975298137
2,7,"cv",125,0.405846566858481
2,7,"cv",126,0.64340274450133
2,7,"cv",127,0.469161397836057
2,7,"cv",129,0.444644606210151
2,7,"cv",131,0.675466357480476
2,7,"cv",132,0.305860750618746
2,7,"cv",133,0.440572089804212
2,7,"cv",135,0.346956072393162
2,7,"cv",137,0.496744915007923
2,7,"cv",138,0.444440664754138
2,7,"cv",139,0.373857243920011
2,7,"cv",140,0.440118034823152
2,7,"cv",141,0.442171646705966
2,7,"cv",142,0.456500233184923
2,7,"cv",144,0.375606434204834
2,7,"cv",145,0.421004711351746
2,7,"cv",147,0.492589164382243
2,7,"cv",148,0.616956645956107
2,7,"cv",149,0.520160908085494
2,7,"cv",151,0.411548377858364
2,7,"cv",152,0.27728017604467
2,7,"cv",155,0.518512674154471
2,7,"cv",156,0.537570882370205
2,7,"cv",157,0.392365213322444
2,7,"cv",159,0.577942308678967
2,7,"cv",160,0.482051718037344
2,7,"cv",161,0.367814969750425
2,7,"cv",163,0.463310390101256
2,7,"cv",166,0.475001112873722
2,7,"cv",167,0.475843923686804
2,7,"cv",168,0.4525089009195
2,7,"cv",169,0.409916362491124
2,7,"cv",170,0.442171883273014
2,7,"cv",171,0.411425384583113
2,7,"cv",172,0.170734128363906
2,7,"cv",173,0.478858755660774
2,7,"cv",174,0.406393651994328
2,7,"cv",175,0.51166088980682
2,7,"cv",176,0.283621569926782
2,7,"cv",179,0.449463628952541
2,7,"cv",180,0.590702237622398
2,7,"cv",181,0.436496079377368
2,7,"cv",182,0.235771462919064
2,7,"cv",183,0.486961858892472
2,7,"cv",184,0.533992508366762
2,7,"cv",185,0.467170576226503
2,7,"cv",186,0.427713543480245
2,7,"cv",187,0.450613563550016
2,7,"cv",188,0.37194956508044
2,7,"cv",189,0.791754882950983
2,7,"cv",190,0.647119639569391
2,7,"cv",191,0.454583028294832
2,7,"cv",192,0.299339257280588
2,7,"cv",193,0.40162972576153
2,7,"cv",194,0.448623371304439
2,7,"cv",195,0.463637795774409
2,7,"cv",196,0.544763405561713
2,7,"cv",198,0.515596942800347
2,7,"cv",199,0.365010169497543
2,7,"cv",200,0.455288783583154
2,7,"cv",201,0.347427516462126
2,7,"cv",202,0.382139152931735
2,7,"cv",203,0.502101746838995
2,7,"cv",204,0.392481607397795
2,7,"cv",205,0.5206532944528
2,7,"cv",206,0.446817925661484
2,7,"cv",207,0.452614667085586
2,7,"cv",208,0.396443754611577
2,7,"cv",209,0.546061187538419
2,7,"cv",210,0.503512957279159
2,7,"cv",211,0.514141948929442
2,7,"cv",213,0.429919527689576
2,7,"cv",217,0.549707770476427
2,7,"cv",218,0.527100591124442
2,7,"cv",219,0.312835898360413
2,7,"cv",220,0.536842431733748
2,7,"cv",221,0.461539920308081
2,7,"cv",222,0.503781520157796
2,7,"cv",224,0.555490859256016
2,7,"cv",227,0.582833763366376
2,7,"cv",230,0.39718967200529
2,7,"cv",231,0.436153859875887
2,7,"cv",232,0.540295341153444
2,7,"cv",233,0.530228027452087
2,7,"cv",234,0.379522761092152
2,7,"cv",235,0.471921217511667
2,7,"cv",236,0.262632421193281
2,7,"cv",237,0.15849460646502
2,7,"cv",238,0.594332467106769
2,7,"cv",239,0.357620163342299
2,7,"cv",240,0.235466985815811
2,7,"cv",241,0.521865712984295
2,7,"cv",242,0.277054330588964
2,7,"cv",243,0.141429493860861
2,7,"cv",244,0.52740920480195
2,7,"cv",246,0.516156690342085
2,7,"cv",247,0.348647068698506
2,7,"cv",249,0.453022067131706
2,7,"cv",250,0.252776603659536
2,7,"cv",251,0.370021270268959
2,7,"cv",253,0.338918966379096
2,7,"cv",254,0.352880288823272
2,7,"cv",255,0.394950441779581
2,7,"cv",256,0.435424903960564
2,7,"cv",257,0.342530152551951
2,7,"cv",258,0.255951812286238
2,7,"cv",259,0.354970639816166
2,7,"cv",260,0.329474544346517
2,7,"cv",263,0.494393109133847
2,7,"cv",264,0.583380863030761
2,7,"cv",265,0.543811113645416
2,7,"cv",267,0.377630809566305
2,7,"cv",268,0.414228157408184
2,7,"cv",269,0.529266970526145
2,7,"holdout",49,0.48358203369193
2,7,"holdout",153,0.446928564599304
2,7,"holdout",74,0.367057977586379
2,7,"holdout",228,0.399810722500479
2,7,"holdout",146,0.438753941524023
2,7,"holdout",122,0.479644032333634
2,7,"holdout",270,0.286957188089202
2,7,"holdout",128,0.34355724743428
2,7,"holdout",24,0.517787199166201
2,7,"holdout",89,0.39892030358583
2,7,"holdout",165,0.474236350530953
2,7,"holdout",110,0.423107927770689
2,7,"holdout",20,0.50415295964611
2,7,"holdout",261,0.398334814435488
2,7,"holdout",27,0.430174910009419
2,7,"holdout",164,0.58839892388148
2,7,"holdout",229,0.296681113391548
2,7,"holdout",223,0.49501834634257
2,7,"holdout",109,0.35816101011081
2,7,"holdout",5,0.404310389338834
2,7,"holdout",212,0.462699221585761
2,7,"holdout",162,0.401584778654116
2,7,"holdout",92,0.504548500024503
2,7,"holdout",104,0.424032749941052
2,7,"holdout",3,0.455470116893477
2,7,"holdout",58,0.412975017913136
2,7,"holdout",225,0.255015801764791
2,7,"holdout",42,0.629619683773727
2,7,"holdout",262,0.551396863330576
2,7,"holdout",158,0.468828460231419
2,7,"holdout",43,0.507983657349472
2,7,"holdout",143,0.397870186611167
2,7,"holdout",150,0.507190107997583
2,7,"holdout",245,0.446498292513978
2,7,"holdout",136,0.456394338283537
2,7,"holdout",36,0.454050872078218
2,7,"holdout",68,0.561657661950456
2,7,"holdout",214,0.552539387530801
2,7,"holdout",266,0.352765684056381
2,7,"holdout",252,0.417432462922702
2,7,"holdout",248,0.274229203234759
2,7,"holdout",197,0.390544199393859
2,7,"holdout",4,0.340083871453345
2,7,"holdout",226,0.292952590356008
2,7,"holdout",178,0.290216414387199
2,7,"holdout",99,0.618851737217173
2,7,"holdout",216,0.405835938343875
2,7,"holdout",215,0.333233008711369
2,7,"holdout",177,0.358594592982165
2,7,"holdout",154,0.492985715129881
2,7,"holdout",114,0.317959225050674
2,7,"holdout",6,0.205725966377281
2,7,"holdout",134,0.448689517928816
2,7,"holdout",130,0.447832996773411
3,7,"cv",1,0.367656249754265
3,7,"cv",2,0.412670214939858
3,7,"cv",7,0.385028782144824
3,7,"cv",8,0.409619635033079
3,7,"cv",9,0.400086004960657
3,7,"cv",10,0.440822603893296
3,7,"cv",11,0.339034682927341
3,7,"cv",12,0.415371495471572
3,7,"cv",13,0.429186886987708
3,7,"cv",14,0.58871829461081
3,7,"cv",15,0.340946836566352
3,7,"cv",16,0.352781949299299
3,7,"cv",17,0.478501079457337
3,7,"cv",18,0.364341741984785
3,7,"cv",19,0.426595508856658
3,7,"cv",21,0.440625904448165
3,7,"cv",22,0.258136313778714
3,7,"cv",23,0.669683196951149
3,7,"cv",25,0.414158351530453
3,7,"cv",26,0.387629667338223
3,7,"cv",28,0.521714688683153
3,7,"cv",29,0.462788495983658
3,7,"cv",30,0.564271369808221
3,7,"cv",31,0.470233354759108
3,7,"cv",32,0.585159135416276
3,7,"cv",33,0.547364714349592
3,7,"cv",34,0.66528259624173
3,7,"cv",35,0.436141943328661
3,7,"cv",37,0.503477334656967
3,7,"cv",38,0.637105651968411
3,7,"cv",39,0.406809225166518
3,7,"cv",40,0.486403555525831
3,7,"cv",41,0.61281992088435
3,7,"cv",44,0.235526907718072
3,7,"cv",45,0.514756069608674
3,7,"cv",46,0.412435654473803
3,7,"cv",47,0.557899146655404
3,7,"cv",48,0.351994497167619
3,7,"cv",50,0.46831612778773
3,7,"cv",51,0.624401158858745
3,7,"cv",52,0.562942925736594
3,7,"cv",53,0.381188942037576
3,7,"cv",54,0.561689856309207
3,7,"cv",55,0.645791585500266
3,7,"cv",56,0.395663268628017
3,7,"cv",57,0.384679342657814
3,7,"cv",59,0.393869925072523
3,7,"cv",60,0.517158305908316
3,7,"cv",61,0.519834245928244
3,7,"cv",62,0.345951829294349
3,7,"cv",63,0.61316333618814
3,7,"cv",64,0.550692519009909
3,7,"cv",65,0.59880229683565
3,7,"cv",66,0.616146169529148
3,7,"cv",67,0.419166954942865
3,7,"cv",69,0.673581831447361
3,7,"cv",70,0.441571859472382
3,7,"cv",71,0.592982638502034
3,7,"cv",72,0.620771717242771
3,7,"cv",73,0.552427499895538
3,7,"cv",75,0.506238886773606
3,7,"cv",76,0.328337242166236
3,7,"cv",77,0.315748142434019
3,7,"cv",78,0.456378348629541
3,7,"cv",79,0.340086693320393
3,7,"cv",80,0.48838235478675
3,7,"cv",81,0.449990553567188
3,7,"cv",82,0.252324834734027
3,7,"cv",83,0.540530892458483
3,7,"cv",84,0.391784896749341
3,7,"cv",85,0.259264321549012
3,7,"cv",86,0.335200962749249
3,7,"cv",87,0.536400160860474
3,7,"cv",88,0.381438068967558
3,7,"cv",90,0.518869577706036
3,7,"cv",91,0.495943343660313
3,7,"cv",93,0.533994839845676
3,7,"cv",94,0.558846420641827
3,7,"cv",95,0.535545566942747
3,7,"cv",96,0.364604753757773
3,7,"cv",97,0.481706349378854
3,7,"cv",98,0.436815563358681
3,7,"cv",100,0.539818208469314
3,7,"cv",101,0.402184234979142
3,7,"cv",102,0.442955803700334
3,7,"cv",103,0.404966972925965
3,7,"cv",105,0.560104242853516
3,7,"cv",106,0.522990413345934
3,7,"cv",107,0.555767756606307
3,7,"cv",108,0.760188443254364
3,7,"cv",111,0.783561132104243
3,7,"cv",112,0.463319732236527
3,7,"cv",113,0.445499412666513
3,7,"cv",115,0.518515962370977
3,7,"cv",116,0.584344225693229
3,7,"cv",117,0.471917841650925
3,7,"cv",118,0.379050616941642
3,7,"cv",119,0.306510771108005
3,7,"cv",120,0.466631179214861
3,7,"cv",121,0.572457312803826
3,7,"cv",123,0.598999029752938
3,7,"cv",124,0.137563479010013
3,7,"cv",125,0.419288258092559
3,7,"cv",126,0.639380251522067
3,7,"cv",127,0.489360916708602
3,7,"cv",129,0.463691196864932
3,7,"cv",131,0.663509579425306
3,7,"cv",132,0.308434644601357
3,7,"cv",133,0.445078260785004
3,7,"cv",135,0.324286076974218
3,7,"cv",137,0.488676304671696
3,7,"cv",138,0.430336845694524
3,7,"cv",139,0.390833016371129
3,7,"cv",140,0.397637311244122
3,7,"cv",141,0.453674441228132
3,7,"cv",142,0.459535303310391
3,7,"cv",144,0.399067938258902
3,7,"cv",145,0.412244214286999
3,7,"cv",147,0.466752480305838
3,7,"cv",148,0.609738491926371
3,7,"cv",149,0.509899378329203
3,7,"cv",151,0.441549273141715
3,7,"cv",152,0.303872879640651
3,7,"cv",155,0.52837791139074
3,7,"cv",156,0.546431903338401
3,7,"cv",157,0.431591295374102
3,7,"cv",159,0.578827088102764
3,7,"cv",160,0.474833545767497
3,7,"cv",161,0.377480233025252
3,7,"cv",163,0.449004123344546
3,7,"cv",166,0.466038157927637
3,7,"cv",167,0.474223683882087
3,7,"cv",168,0.431084108384146
3,7,"cv",169,0.407075853781427
3,7,"cv",170,0.417352120430415
3,7,"cv",171,0.443511206338421
3,7,"cv",172,0.183272210331616
3,7,"cv",173,0.471642990551437
3,7,"cv",174,0.417973738838872
3,7,"cv",175,0.511811762169131
3,7,"cv",176,0.281203477534989
3,7,"cv",179,0.464195440824864
3,7,"cv",180,0.587679796417709
3,7,"cv",181,0.425984156523001
3,7,"cv",182,0.242375768324572
3,7,"cv",183,0.48297818927464
3,7,"cv",184,0.533349051105402
3,7,"cv",185,0.464353310991285
3,7,"cv",186,0.405891825385453
3,7,"cv",187,0.460785223174644
3,7,"cv",188,0.365501148124619
3,7,"cv",189,0.774033523759562
3,7,"cv",190,0.667189768879556
3,7,"cv",191,0.458100858548026
3,7,"cv",192,0.283823968480393
3,7,"cv",193,0.426453540941448
3,7,"cv",194,0.459653354921769
3,7,"cv",195,0.452961064290152
3,7,"cv",196,0.532474678990882
3,7,"cv",198,0.525513590621847
3,7,"cv",199,0.368683605624819
3,7,"cv",200,0.455565162619366
3,7,"cv",201,0.351814634866699
3,7,"cv",202,0.395647928526935
3,7,"cv",203,0.524239952418154
3,7,"cv",204,0.384280718906499
3,7,"cv",205,0.516345568135381
3,7,"cv",206,0.442670921752732
3,7,"cv",207,0.451954170160112
3,7,"cv",208,0.368004869455641
3,7,"cv",209,0.564334812145472
3,7,"cv",210,0.507972480377914
3,7,"cv",211,0.52221222696924
3,7,"cv",213,0.435200164147702
3,7,"cv",217,0.533917436587133
3,7,"cv",218,0.501019123510544
3,7,"cv",219,0.31222436245471
3,7,"cv",220,0.499648229779434
3,7,"cv",221,0.47255804817406
3,7,"cv",222,0.498677234819432
3,7,"cv",224,0.555165100348468
3,7,"cv",227,0.583870528821696
3,7,"cv",230,0.382207173418145
3,7,"cv",231,0.443696582146199
3,7,"cv",232,0.517759814984759
3,7,"cv",233,0.56710175394382
3,7,"cv",234,0.378067223493833
3,7,"cv",235,0.467258659876668
3,7,"cv",236,0.31241935024501
3,7,"cv",237,0.167111913653786
3,7,"cv",238,0.58955919809226
3,7,"cv",239,0.361219008476882
3,7,"cv",240,0.24528613951334
3,7,"cv",241,0.516325965069898
3,7,"cv",242,0.297749765375085
3,7,"cv",243,0.19187953789123
3,7,"cv",244,0.532167528074001
3,7,"cv",246,0.488076348252149
3,7,"cv",247,0.322756651852743
3,7,"cv",249,0.478320470736087
3,7,"cv",250,0.323538603295295
3,7,"cv",251,0.3881457087686
3,7,"cv",253,0.333895804612385
3,7,"cv",254,0.35668583309978
3,7,"cv",255,0.405139256351993
3,7,"cv",256,0.44129247452104
3,7,"cv",257,0.377076419492614
3,7,"cv",258,0.270540854890635
3,7,"cv",259,0.376583062487208
3,7,"cv",260,0.326422529772656
3,7,"cv",263,0.498847258488125
3,7,"cv",264,0.595414854308536
3,7,"cv",265,0.536586938896829
3,7,"cv",267,0.366055054013486
3,7,"cv",268,0.403122971416189
3,7,"cv",269,0.514879385106185
3,7,"holdout",49,0.480560059508541
3,7,"holdout",153,0.448921860001826
3,7,"holdout",74,0.361374735501809
3,7,"holdout",228,0.405126692498572
3,7,"holdout",146,0.445980319039176
3,7,"holdout",122,0.479863876840981
3,7,"holdout",270,0.296697185755694
3,7,"holdout",128,0.359459526351185
3,7,"holdout",24,0.50920824825926
3,7,"holdout",89,0.403709622743517
3,7,"holdout",165,0.489567074167084
3,7,"holdout",110,0.421759205562928
3,7,"holdout",20,0.502494732828057
3,7,"holdout",261,0.400637280492871
3,7,"holdout",27,0.411561477288421
3,7,"holdout",164,0.583489051854934
3,7,"holdout",229,0.296538075292566
3,7,"holdout",223,0.489963239258627
3,7,"holdout",109,0.352057477001151
3,7,"holdout",5,0.402281861189704
3,7,"holdout",212,0.471820590950539
3,7,"holdout",162,0.402032594230552
3,7,"holdout",92,0.500255412153776
3,7,"holdout",104,0.424115707115816
3,7,"holdout",3,0.441912578737508
3,7,"holdout",58,0.407251253933037
3,7,"holdout",225,0.25507479342583
3,7,"holdout",42,0.618823271812654
3,7,"holdout",262,0.548274051551775
3,7,"holdout",158,0.464112555344769
3,7,"holdout",43,0.513218922746151
3,7,"holdout",143,0.407332894603684
3,7,"holdout",150,0.506890370857855
3,7,"holdout",245,0.454343303332425
3,7,"holdout",136,0.45586578563377
3,7,"holdout",36,0.447165889569859
3,7,"holdout",68,0.557540682773125
3,7,"holdout",214,0.543606615716731
3,7,"holdout",266,0.353600706133547
3,7,"holdout",252,0.424466637764862
3,7,"holdout",248,0.274603228937628
3,7,"holdout",197,0.398701698682365
3,7,"holdout",4,0.348789323075086
3,7,"holdout",226,0.294064687720399
3,7,"holdout",178,0.291710930557754
3,7,"holdout",99,0.609025270758659
3,7,"holdout",216,0.4092063220969
3,7,"holdout",215,0.337659838684865
3,7,"holdout",177,0.356762447875487
3,7,"holdout",154,0.497483721027229
3,7,"holdout",114,0.311677426568975
3,7,"holdout",6,0.226635205796979
3,7,"holdout",134,0.4467053033172
3,7,"holdout",130,0.44106605712366
1,8,"cv",1,0.354212098117272
1,8,"cv",2,0.386641869032801
1,8,"cv",7,0.387286025730286
1,8,"cv",8,0.412067001082008
1,8,"cv",9,0.373446757567756
1,8,"cv",10,0.448398368929097
1,8,"cv",11,0.305374289865611
1,8,"cv",12,0.423494393193138
1,8,"cv",13,0.448482335022548
1,8,"cv",14,0.598213373685584
1,8,"cv",15,0.361031330014401
1,8,"cv",16,0.32101552540211
1,8,"cv",17,0.495909098904063
1,8,"cv",18,0.390872282882126
1,8,"cv",19,0.424009805584308
1,8,"cv",21,0.45076438388581
1,8,"cv",22,0.246381816969019
1,8,"cv",23,0.613109729085452
1,8,"cv",25,0.395013747455495
1,8,"cv",26,0.404983993492427
1,8,"cv",28,0.502015642821247
1,8,"cv",29,0.466338979309487
1,8,"cv",30,0.564554569507814
1,8,"cv",31,0.451048579345835
1,8,"cv",32,0.599489772221164
1,8,"cv",33,0.556309868975685
1,8,"cv",34,0.666888642730749
1,8,"cv",35,0.414861056030684
1,8,"cv",37,0.474891887001361
1,8,"cv",38,0.644894091575099
1,8,"cv",39,0.400510517661774
1,8,"cv",40,0.489924866265931
1,8,"cv",41,0.610871857868161
1,8,"cv",44,0.250658536970948
1,8,"cv",45,0.52033029770149
1,8,"cv",46,0.435794099930222
1,8,"cv",47,0.548645006779091
1,8,"cv",48,0.361106160131837
1,8,"cv",50,0.470126677309391
1,8,"cv",51,0.610274532481077
1,8,"cv",52,0.548831842169247
1,8,"cv",53,0.372117325522338
1,8,"cv",54,0.578719151595994
1,8,"cv",55,0.641357320379595
1,8,"cv",56,0.389992569788595
1,8,"cv",57,0.355132425145244
1,8,"cv",59,0.367843886203148
1,8,"cv",60,0.51509977038475
1,8,"cv",61,0.515386963469735
1,8,"cv",62,0.308691702409122
1,8,"cv",63,0.594261117500201
1,8,"cv",64,0.565903744536801
1,8,"cv",65,0.570912774536667
1,8,"cv",66,0.643861275613587
1,8,"cv",67,0.43482295919798
1,8,"cv",69,0.665621009454529
1,8,"cv",70,0.416718932499634
1,8,"cv",71,0.562814196219027
1,8,"cv",72,0.61737835540641
1,8,"cv",73,0.539334008716593
1,8,"cv",75,0.453678510268864
1,8,"cv",76,0.364462726341349
1,8,"cv",77,0.332830166911587
1,8,"cv",78,0.478302477906085
1,8,"cv",79,0.368469982438239
1,8,"cv",80,0.473757708399797
1,8,"cv",81,0.456622590426102
1,8,"cv",82,0.209726505377652
1,8,"cv",83,0.527932011854805
1,8,"cv",84,0.416685803632336
1,8,"cv",85,0.236883235432828
1,8,"cv",86,0.274222895309212
1,8,"cv",87,0.574038299544855
1,8,"cv",88,0.357579618208012
1,8,"cv",90,0.530425237066427
1,8,"cv",91,0.495247892130585
1,8,"cv",93,0.530745737150297
1,8,"cv",94,0.533953362240386
1,8,"cv",95,0.525720485470267
1,8,"cv",96,0.379480747534205
1,8,"cv",97,0.482915576474015
1,8,"cv",98,0.444874326511955
1,8,"cv",100,0.525196871418244
1,8,"cv",101,0.39199614382146
1,8,"cv",102,0.506257233612173
1,8,"cv",103,0.417392152558488
1,8,"cv",105,0.558105142429678
1,8,"cv",106,0.55910251535191
1,8,"cv",107,0.553731573833183
1,8,"cv",108,0.712238664087571
1,8,"cv",111,0.728636276365264
1,8,"cv",112,0.465553950009632
1,8,"cv",113,0.449950330250227
1,8,"cv",115,0.540110000869583
1,8,"cv",116,0.598330728772369
1,8,"cv",117,0.471878695043534
1,8,"cv",118,0.344457161908494
1,8,"cv",119,0.331403741312815
1,8,"cv",120,0.456381525699539
1,8,"cv",121,0.582021120339745
1,8,"cv",123,0.623585389482133
1,8,"cv",124,0.134829620590678
1,8,"cv",125,0.39856431196721
1,8,"cv",126,0.641778221071435
1,8,"cv",127,0.462589617729618
1,8,"cv",129,0.444160722073801
1,8,"cv",131,0.677275212216867
1,8,"cv",132,0.307884151166488
1,8,"cv",133,0.439066051237331
1,8,"cv",135,0.337218097278734
1,8,"cv",137,0.500509200225143
1,8,"cv",138,0.440629839492007
1,8,"cv",139,0.38883422355019
1,8,"cv",140,0.389392106143641
1,8,"cv",141,0.463664855319647
1,8,"cv",142,0.476639580562295
1,8,"cv",144,0.381193068245334
1,8,"cv",145,0.415733396974835
1,8,"cv",147,0.496762455966261
1,8,"cv",148,0.611737946722613
1,8,"cv",149,0.507580819437987
1,8,"cv",151,0.422704506688268
1,8,"cv",152,0.275559594898085
1,8,"cv",155,0.513778368032996
1,8,"cv",156,0.536894874890037
1,8,"cv",157,0.389880968459769
1,8,"cv",159,0.567378837979763
1,8,"cv",160,0.481392853077103
1,8,"cv",161,0.410890422284766
1,8,"cv",163,0.457887572161815
1,8,"cv",166,0.471022864194905
1,8,"cv",167,0.466075606945817
1,8,"cv",168,0.437198189468293
1,8,"cv",169,0.363441352718407
1,8,"cv",170,0.416157748401599
1,8,"cv",171,0.411212929819531
1,8,"cv",172,0.0864546077981316
1,8,"cv",173,0.47181501210418
1,8,"cv",174,0.422495719333936
1,8,"cv",175,0.510008148045545
1,8,"cv",176,0.26196095562899
1,8,"cv",179,0.445338719828575
1,8,"cv",180,0.576732925242884
1,8,"cv",181,0.441573209667045
1,8,"cv",182,0.220495029894236
1,8,"cv",183,0.498466159700915
1,8,"cv",184,0.531529572707969
1,8,"cv",185,0.466385162792427
1,8,"cv",186,0.421497138481598
1,8,"cv",187,0.458898901374601
1,8,"cv",188,0.369856937501281
1,8,"cv",189,0.788930526370795
1,8,"cv",190,0.706664082176619
1,8,"cv",191,0.437700845177128
1,8,"cv",192,0.309472586369513
1,8,"cv",193,0.416992560462132
1,8,"cv",194,0.454453295440264
1,8,"cv",195,0.480803908566301
1,8,"cv",196,0.523292125543267
1,8,"cv",198,0.517379574602822
1,8,"cv",199,0.373631141398286
1,8,"cv",200,0.452063068785838
1,8,"cv",201,0.355977147985912
1,8,"cv",202,0.415856475615445
1,8,"cv",203,0.508434616896847
1,8,"cv",204,0.38693205335128
1,8,"cv",205,0.524692514383992
1,8,"cv",206,0.420477412531346
1,8,"cv",207,0.455950620334152
1,8,"cv",208,0.410608454342993
1,8,"cv",209,0.543545699172773
1,8,"cv",210,0.503256116698547
1,8,"cv",211,0.53727508389889
1,8,"cv",213,0.440803255960209
1,8,"cv",217,0.55027690752698
1,8,"cv",218,0.510637712153201
1,8,"cv",219,0.308912752020822
1,8,"cv",220,0.528760860632278
1,8,"cv",221,0.457329547406681
1,8,"cv",222,0.491205293694445
1,8,"cv",224,0.542245524392681
1,8,"cv",227,0.576383940703137
1,8,"cv",230,0.417246751567475
1,8,"cv",231,0.438332390510792
1,8,"cv",232,0.548601864274213
1,8,"cv",233,0.55407059389655
1,8,"cv",234,0.376907453366126
1,8,"cv",235,0.480225551703392
1,8,"cv",236,0.265703762189727
1,8,"cv",237,0.161012623906063
1,8,"cv",238,0.573337795845694
1,8,"cv",239,0.365634166122279
1,8,"cv",240,0.244693368867669
1,8,"cv",241,0.519902312621682
1,8,"cv",242,0.275656664015087
1,8,"cv",243,0.252702130992884
1,8,"cv",244,0.526208918866526
1,8,"cv",246,0.495610236369684
1,8,"cv",247,0.282135794556284
1,8,"cv",249,0.471279995147178
1,8,"cv",250,0.285050599692072
1,8,"cv",251,0.400436943815629
1,8,"cv",253,0.30167531399218
1,8,"cv",254,0.352957142706545
1,8,"cv",255,0.384015436192145
1,8,"cv",256,0.423155366500077
1,8,"cv",257,0.338388619370855
1,8,"cv",258,0.27034873656683
1,8,"cv",259,0.368742056255918
1,8,"cv",260,0.318290978152173
1,8,"cv",263,0.524580774976876
1,8,"cv",264,0.594223165786266
1,8,"cv",265,0.524589520526991
1,8,"cv",267,0.379575198736358
1,8,"cv",268,0.416126002414059
1,8,"cv",269,0.529697010822314
1,8,"holdout",49,0.481469034661498
1,8,"holdout",153,0.441784680886203
1,8,"holdout",74,0.362590153373702
1,8,"holdout",228,0.402821658487551
1,8,"holdout",146,0.454303983133016
1,8,"holdout",122,0.477635406350814
1,8,"holdout",270,0.244667334472645
1,8,"holdout",128,0.358839746173858
1,8,"holdout",24,0.525049872068443
1,8,"holdout",89,0.408017621039598
1,8,"holdout",165,0.487830809613528
1,8,"holdout",110,0.419870986392459
1,8,"holdout",20,0.504387515213597
1,8,"holdout",261,0.401525076260819
1,8,"holdout",27,0.412454090372075
1,8,"holdout",164,0.585294630477558
1,8,"holdout",229,0.293012270944769
1,8,"holdout",223,0.489244103719128
1,8,"holdout",109,0.351995760263966
1,8,"holdout",5,0.383285714088654
1,8,"holdout",212,0.477070050647188
1,8,"holdout",162,0.393598545035984
1,8,"holdout",92,0.503324500306132
1,8,"holdout",104,0.427996646271148
1,8,"holdout",3,0.43351766950981
1,8,"holdout",58,0.407960042396168
1,8,"holdout",225,0.252504575291057
1,8,"holdout",42,0.623832370174061
1,8,"holdout",262,0.548753481780232
1,8,"holdout",158,0.466674220273471
1,8,"holdout",43,0.525429434903794
1,8,"holdout",143,0.405700567140868
1,8,"holdout",150,0.509451801832394
1,8,"holdout",245,0.450420324759402
1,8,"holdout",136,0.45997706700765
1,8,"holdout",36,0.449455288174732
1,8,"holdout",68,0.564951247524351
1,8,"holdout",214,0.552671013627421
1,8,"holdout",266,0.353878633952637
1,8,"holdout",252,0.41989155127801
1,8,"holdout",248,0.275163409778113
1,8,"holdout",197,0.4165768568069
1,8,"holdout",4,0.324551516688654
1,8,"holdout",226,0.290777795273846
1,8,"holdout",178,0.286711548398513
1,8,"holdout",99,0.618354101297277
1,8,"holdout",216,0.406929613778576
1,8,"holdout",215,0.335703401256566
1,8,"holdout",177,0.356747086043462
1,8,"holdout",154,0.503394539547405
1,8,"holdout",114,0.316746839475826
1,8,"holdout",6,0.213805270283097
1,8,"holdout",134,0.454267333808792
1,8,"holdout",130,0.445127008343994
2,8,"cv",1,0.343349679587428
2,8,"cv",2,0.370812610428076
2,8,"cv",7,0.362552819993163
2,8,"cv",8,0.409037807890206
2,8,"cv",9,0.395159826945932
2,8,"cv",10,0.457150991839451
2,8,"cv",11,0.328259363108902
2,8,"cv",12,0.430889388695225
2,8,"cv",13,0.42722845707006
2,8,"cv",14,0.593270168294914
2,8,"cv",15,0.352235070813085
2,8,"cv",16,0.345225284012412
2,8,"cv",17,0.482533528104326
2,8,"cv",18,0.410097853678252
2,8,"cv",19,0.4183544897179
2,8,"cv",21,0.437587469489056
2,8,"cv",22,0.28929351559186
2,8,"cv",23,0.639102012747801
2,8,"cv",25,0.388428542804729
2,8,"cv",26,0.372749069612085
2,8,"cv",28,0.504580944192933
2,8,"cv",29,0.494303186568947
2,8,"cv",30,0.55733288996615
2,8,"cv",31,0.480998587379467
2,8,"cv",32,0.589037825432322
2,8,"cv",33,0.571393053267691
2,8,"cv",34,0.65570659282774
2,8,"cv",35,0.422972157374083
2,8,"cv",37,0.485881336201744
2,8,"cv",38,0.627164733121861
2,8,"cv",39,0.414283082952651
2,8,"cv",40,0.478611311680849
2,8,"cv",41,0.595123308021563
2,8,"cv",44,0.259829156279871
2,8,"cv",45,0.495968845519915
2,8,"cv",46,0.433964295581328
2,8,"cv",47,0.56184511750851
2,8,"cv",48,0.334624878659865
2,8,"cv",50,0.473782045613432
2,8,"cv",51,0.602954265441252
2,8,"cv",52,0.551308450461255
2,8,"cv",53,0.379006144396685
2,8,"cv",54,0.566975523276361
2,8,"cv",55,0.629818886325934
2,8,"cv",56,0.438562522306512
2,8,"cv",57,0.36939578986442
2,8,"cv",59,0.378117438805428
2,8,"cv",60,0.515113464671456
2,8,"cv",61,0.508951441352287
2,8,"cv",62,0.325709001137274
2,8,"cv",63,0.595657177262558
2,8,"cv",64,0.550984689423909
2,8,"cv",65,0.563429562469417
2,8,"cv",66,0.624732041402023
2,8,"cv",67,0.433514151660127
2,8,"cv",69,0.654192253599782
2,8,"cv",70,0.397092221401257
2,8,"cv",71,0.616492943734582
2,8,"cv",72,0.618069634426232
2,8,"cv",73,0.532815666664159
2,8,"cv",75,0.491076428970713
2,8,"cv",76,0.346953616131358
2,8,"cv",77,0.313557663896387
2,8,"cv",78,0.477469512385579
2,8,"cv",79,0.31675485670009
2,8,"cv",80,0.469120179700414
2,8,"cv",81,0.459302976948574
2,8,"cv",82,0.263213824594831
2,8,"cv",83,0.518788002886541
2,8,"cv",84,0.406237349923836
2,8,"cv",85,0.253679264999426
2,8,"cv",86,0.33652411534205
2,8,"cv",87,0.549822049439657
2,8,"cv",88,0.385930608400594
2,8,"cv",90,0.519875899404366
2,8,"cv",91,0.496102829872867
2,8,"cv",93,0.555667984285291
2,8,"cv",94,0.529843690905814
2,8,"cv",95,0.514502028818274
2,8,"cv",96,0.359368240204769
2,8,"cv",97,0.484564610118711
2,8,"cv",98,0.446790275051623
2,8,"cv",100,0.525087891194204
2,8,"cv",101,0.378331010168547
2,8,"cv",102,0.52393072392731
2,8,"cv",103,0.399389362378382
2,8,"cv",105,0.551294314702715
2,8,"cv",106,0.53170244170544
2,8,"cv",107,0.549309969153393
2,8,"cv",108,0.776322126520596
2,8,"cv",111,0.766256296385484
2,8,"cv",112,0.48323011409471
2,8,"cv",113,0.424634968107933
2,8,"cv",115,0.537894799295538
2,8,"cv",116,0.580862724860176
2,8,"cv",117,0.473437054113546
2,8,"cv",118,0.352428193897704
2,8,"cv",119,0.337369973596665
2,8,"cv",120,0.452779302661416
2,8,"cv",121,0.589963396489204
2,8,"cv",123,0.633117259020584
2,8,"cv",124,0.131209934321112
2,8,"cv",125,0.400821303004384
2,8,"cv",126,0.65996282978546
2,8,"cv",127,0.466859133461439
2,8,"cv",129,0.43064551795099
2,8,"cv",131,0.661153661456763
2,8,"cv",132,0.312886913986067
2,8,"cv",133,0.436573438795871
2,8,"cv",135,0.349923563513537
2,8,"cv",137,0.495778874960691
2,8,"cv",138,0.451434380076736
2,8,"cv",139,0.373582078339426
2,8,"cv",140,0.423761116753581
2,8,"cv",141,0.449020124197177
2,8,"cv",142,0.468454093916362
2,8,"cv",144,0.372235966354534
2,8,"cv",145,0.417923115554673
2,8,"cv",147,0.497189470278385
2,8,"cv",148,0.609603903532377
2,8,"cv",149,0.529363393590119
2,8,"cv",151,0.424026559968577
2,8,"cv",152,0.270839066893888
2,8,"cv",155,0.522235941657559
2,8,"cv",156,0.536347624577906
2,8,"cv",157,0.387191674232661
2,8,"cv",159,0.566757886905886
2,8,"cv",160,0.482633186725372
2,8,"cv",161,0.383615880794908
2,8,"cv",163,0.453969659593589
2,8,"cv",166,0.474796864965337
2,8,"cv",167,0.473703259001274
2,8,"cv",168,0.455057418113911
2,8,"cv",169,0.381181807249708
2,8,"cv",170,0.427542528268215
2,8,"cv",171,0.408794264333941
2,8,"cv",172,0.162928421572842
2,8,"cv",173,0.473113470343024
2,8,"cv",174,0.4054838851894
2,8,"cv",175,0.507788578062178
2,8,"cv",176,0.290922273882655
2,8,"cv",179,0.447396768376629
2,8,"cv",180,0.589207868284913
2,8,"cv",181,0.442811303178567
2,8,"cv",182,0.240625175870151
2,8,"cv",183,0.490767270563865
2,8,"cv",184,0.533975695781599
2,8,"cv",185,0.464663401387052
2,8,"cv",186,0.426042402645778
2,8,"cv",187,0.44830659931741
2,8,"cv",188,0.37391348174329
2,8,"cv",189,0.780806702525565
2,8,"cv",190,0.665090993615113
2,8,"cv",191,0.450489628605156
2,8,"cv",192,0.298808427320688
2,8,"cv",193,0.407690702145277
2,8,"cv",194,0.459999689243298
2,8,"cv",195,0.464544136084522
2,8,"cv",196,0.536163987728576
2,8,"cv",198,0.512636790606416
2,8,"cv",199,0.373305886508383
2,8,"cv",200,0.478757423936443
2,8,"cv",201,0.350000024863333
2,8,"cv",202,0.413376679219516
2,8,"cv",203,0.502606092242141
2,8,"cv",204,0.396962644514904
2,8,"cv",205,0.514426659499487
2,8,"cv",206,0.443378568269884
2,8,"cv",207,0.44943437000535
2,8,"cv",208,0.396723119933108
2,8,"cv",209,0.542912169862889
2,8,"cv",210,0.499596550293725
2,8,"cv",211,0.530084657985541
2,8,"cv",213,0.437197414222744
2,8,"cv",217,0.554246851736751
2,8,"cv",218,0.524673294425653
2,8,"cv",219,0.321570913016645
2,8,"cv",220,0.530824277996094
2,8,"cv",221,0.459400751294673
2,8,"cv",222,0.504924794244216
2,8,"cv",224,0.560051928632605
2,8,"cv",227,0.581396681060804
2,8,"cv",230,0.422323047655669
2,8,"cv",231,0.435966895786021
2,8,"cv",232,0.539892151439489
2,8,"cv",233,0.528396751963735
2,8,"cv",234,0.38504327806703
2,8,"cv",235,0.468853193347419
2,8,"cv",236,0.299916095970892
2,8,"cv",237,0.167076984221045
2,8,"cv",238,0.597750842065289
2,8,"cv",239,0.355741099572643
2,8,"cv",240,0.231539679120312
2,8,"cv",241,0.516921443020003
2,8,"cv",242,0.27577898841021
2,8,"cv",243,0.147609848592614
2,8,"cv",244,0.520132829401285
2,8,"cv",246,0.516353431058764
2,8,"cv",247,0.32444843400608
2,8,"cv",249,0.42684916116201
2,8,"cv",250,0.245501264121406
2,8,"cv",251,0.389493908955259
2,8,"cv",253,0.329663972416641
2,8,"cv",254,0.351070815139229
2,8,"cv",255,0.39671175448065
2,8,"cv",256,0.433296126525799
2,8,"cv",257,0.346392586590381
2,8,"cv",258,0.271886771384257
2,8,"cv",259,0.35305183682834
2,8,"cv",260,0.33677848340215
2,8,"cv",263,0.48953240246626
2,8,"cv",264,0.583099162439974
2,8,"cv",265,0.541991377021352
2,8,"cv",267,0.37186059829261
2,8,"cv",268,0.413240826067877
2,8,"cv",269,0.530900982919792
2,8,"holdout",49,0.483395787225981
2,8,"holdout",153,0.439073513244811
2,8,"holdout",74,0.369154218964128
2,8,"holdout",228,0.403348335986993
2,8,"holdout",146,0.452506087438301
2,8,"holdout",122,0.477883164261645
2,8,"holdout",270,0.243401906081008
2,8,"holdout",128,0.357494803140866
2,8,"holdout",24,0.522190976629225
2,8,"holdout",89,0.4101050471725
2,8,"holdout",165,0.481281354736132
2,8,"holdout",110,0.420466676595789
2,8,"holdout",20,0.507526086070485
2,8,"holdout",261,0.397716316536207
2,8,"holdout",27,0.419642684029104
2,8,"holdout",164,0.58602665753878
2,8,"holdout",229,0.294234209389305
2,8,"holdout",223,0.490874878687267
2,8,"holdout",109,0.352337196309206
2,8,"holdout",5,0.386057175947538
2,8,"holdout",212,0.47139973402617
2,8,"holdout",162,0.394255509700853
2,8,"holdout",92,0.506660948583879
2,8,"holdout",104,0.428447389827297
2,8,"holdout",3,0.440285679522221
2,8,"holdout",58,0.410292384355608
2,8,"holdout",225,0.257701234474081
2,8,"holdout",42,0.626560605447095
2,8,"holdout",262,0.549991369235919
2,8,"holdout",158,0.469234097779391
2,8,"holdout",43,0.522985636823892
2,8,"holdout",143,0.407587608982279
2,8,"holdout",150,0.512112083797684
2,8,"holdout",245,0.446484988119449
2,8,"holdout",136,0.459446021708084
2,8,"holdout",36,0.452394164943426
2,8,"holdout",68,0.564387677120119
2,8,"holdout",214,0.554276549662015
2,8,"holdout",266,0.356119873810296
2,8,"holdout",252,0.419197774592514
2,8,"holdout",248,0.268366508537606
2,8,"holdout",197,0.413369703320981
2,8,"holdout",4,0.325208942039943
2,8,"holdout",226,0.290080549346301
2,8,"holdout",178,0.283181832733173
2,8,"holdout",99,0.622519247980217
2,8,"holdout",216,0.406755888276295
2,8,"holdout",215,0.33848568488828
2,8,"holdout",177,0.358630637708447
2,8,"holdout",154,0.498359134594797
2,8,"holdout",114,0.315182593020761
2,8,"holdout",6,0.211997947347916
2,8,"holdout",134,0.452516366195713
2,8,"holdout",130,0.450793155576451
3,8,"cv",1,0.354158902273524
3,8,"cv",2,0.385133447936086
3,8,"cv",7,0.37441986724652
3,8,"cv",8,0.40114228525951
3,8,"cv",9,0.397162803502731
3,8,"cv",10,0.443519951581972
3,8,"cv",11,0.318104989377299
3,8,"cv",12,0.424557603979289
3,8,"cv",13,0.442370900321061
3,8,"cv",14,0.590465092595896
3,8,"cv",15,0.337416618520034
3,8,"cv",16,0.338436064090025
3,8,"cv",17,0.502671478529922
3,8,"cv",18,0.383800962090396
3,8,"cv",19,0.427959371140697
3,8,"cv",21,0.444670059439408
3,8,"cv",22,0.259286633391884
3,8,"cv",23,0.6739622214833
3,8,"cv",25,0.4140844203562
3,8,"cv",26,0.404303107101221
3,8,"cv",28,0.512664568535045
3,8,"cv",29,0.474257475844647
3,8,"cv",30,0.563732107235817
3,8,"cv",31,0.497818119084653
3,8,"cv",32,0.576980947736054
3,8,"cv",33,0.548947376148228
3,8,"cv",34,0.655830306346335
3,8,"cv",35,0.428825481175596
3,8,"cv",37,0.50253397634855
3,8,"cv",38,0.640710243134723
3,8,"cv",39,0.422892015424989
3,8,"cv",40,0.48316279535728
3,8,"cv",41,0.61146903914561
3,8,"cv",44,0.243515740237489
3,8,"cv",45,0.500066728695256
3,8,"cv",46,0.406467820526782
3,8,"cv",47,0.555716412032915
3,8,"cv",48,0.353553781548342
3,8,"cv",50,0.477607310162878
3,8,"cv",51,0.621745369913902
3,8,"cv",52,0.558967175532738
3,8,"cv",53,0.374820163957251
3,8,"cv",54,0.561443019754777
3,8,"cv",55,0.64186576376705
3,8,"cv",56,0.410949462124415
3,8,"cv",57,0.384624239751814
3,8,"cv",59,0.402675197036777
3,8,"cv",60,0.52838599903967
3,8,"cv",61,0.518696523052454
3,8,"cv",62,0.327080703375281
3,8,"cv",63,0.605342357588026
3,8,"cv",64,0.554942222148605
3,8,"cv",65,0.584962015638196
3,8,"cv",66,0.639881919648706
3,8,"cv",67,0.423963950208717
3,8,"cv",69,0.667744918350589
3,8,"cv",70,0.42771584741016
3,8,"cv",71,0.594699949783539
3,8,"cv",72,0.621238622947785
3,8,"cv",73,0.534264059038188
3,8,"cv",75,0.466254270191073
3,8,"cv",76,0.334117993094553
3,8,"cv",77,0.312594021250335
3,8,"cv",78,0.455592863597946
3,8,"cv",79,0.351646894081436
3,8,"cv",80,0.481131559145147
3,8,"cv",81,0.457425425098006
3,8,"cv",82,0.24844614806398
3,8,"cv",83,0.557384480839221
3,8,"cv",84,0.404959285302191
3,8,"cv",85,0.279213762724692
3,8,"cv",86,0.331268085658447
3,8,"cv",87,0.5320793549632
3,8,"cv",88,0.384688179130622
3,8,"cv",90,0.536426225459674
3,8,"cv",91,0.503658626472323
3,8,"cv",93,0.514078720983589
3,8,"cv",94,0.559171886582711
3,8,"cv",95,0.536629013758024
3,8,"cv",96,0.352347404588284
3,8,"cv",97,0.487833903713539
3,8,"cv",98,0.438358208933189
3,8,"cv",100,0.547764328705923
3,8,"cv",101,0.398059430154663
3,8,"cv",102,0.454285349723401
3,8,"cv",103,0.407487230915396
3,8,"cv",105,0.564879974780493
3,8,"cv",106,0.5433650099896
3,8,"cv",107,0.5581861210649
3,8,"cv",108,0.776866717087794
3,8,"cv",111,0.74922808632609
3,8,"cv",112,0.478975015559694
3,8,"cv",113,0.44926607641467
3,8,"cv",115,0.522962535464298
3,8,"cv",116,0.603088353374669
3,8,"cv",117,0.470797511935166
3,8,"cv",118,0.384050028379599
3,8,"cv",119,0.30125360405857
3,8,"cv",120,0.465344211671506
3,8,"cv",121,0.595008463991712
3,8,"cv",123,0.608302599298069
3,8,"cv",124,0.13518514902427
3,8,"cv",125,0.409661266523856
3,8,"cv",126,0.651310634229332
3,8,"cv",127,0.485259344216385
3,8,"cv",129,0.457540843331284
3,8,"cv",131,0.675190525623585
3,8,"cv",132,0.31261940762373
3,8,"cv",133,0.440682742735338
3,8,"cv",135,0.333077460581935
3,8,"cv",137,0.497752637083572
3,8,"cv",138,0.434290757031101
3,8,"cv",139,0.391794404711997
3,8,"cv",140,0.379069566176663
3,8,"cv",141,0.462960804684443
3,8,"cv",142,0.47079882230844
3,8,"cv",144,0.391729259172067
3,8,"cv",145,0.406829647532448
3,8,"cv",147,0.474042100683351
3,8,"cv",148,0.60698987335135
3,8,"cv",149,0.523464052483005
3,8,"cv",151,0.463220808024348
3,8,"cv",152,0.298450756153499
3,8,"cv",155,0.522895039260242
3,8,"cv",156,0.550722215246618
3,8,"cv",157,0.416739511457129
3,8,"cv",159,0.569404979760716
3,8,"cv",160,0.473100548485902
3,8,"cv",161,0.391865947461146
3,8,"cv",163,0.442370835245272
3,8,"cv",166,0.468945271327876
3,8,"cv",167,0.473073293859503
3,8,"cv",168,0.474393800688527
3,8,"cv",169,0.369461285836915
3,8,"cv",170,0.414659462515204
3,8,"cv",171,0.445290017260245
3,8,"cv",172,0.162320411035533
3,8,"cv",173,0.457985671294873
3,8,"cv",174,0.412230581402244
3,8,"cv",175,0.501913210317576
3,8,"cv",176,0.267484838945104
3,8,"cv",179,0.467444864383721
3,8,"cv",180,0.584031430854206
3,8,"cv",181,0.432031589585843
3,8,"cv",182,0.241248412949148
3,8,"cv",183,0.487735421152914
3,8,"cv",184,0.532215150603935
3,8,"cv",185,0.463742972084016
3,8,"cv",186,0.414496990515157
3,8,"cv",187,0.453079582558115
3,8,"cv",188,0.367743291815203
3,8,"cv",189,0.77566924443351
3,8,"cv",190,0.642435028672835
3,8,"cv",191,0.454471157001768
3,8,"cv",192,0.306810220745862
3,8,"cv",193,0.42749696358916
3,8,"cv",194,0.464948716262157
3,8,"cv",195,0.458283738936311
3,8,"cv",196,0.536001323387977
3,8,"cv",198,0.526289578715579
3,8,"cv",199,0.374757553364006
3,8,"cv",200,0.468774982052092
3,8,"cv",201,0.363776995128334
3,8,"cv",202,0.403827759219363
3,8,"cv",203,0.507000985199142
3,8,"cv",204,0.391362487294736
3,8,"cv",205,0.500052378538764
3,8,"cv",206,0.437397069540311
3,8,"cv",207,0.445661999870925
3,8,"cv",208,0.403087193824339
3,8,"cv",209,0.564829503371757
3,8,"cv",210,0.513294125860845
3,8,"cv",211,0.543058462525526
3,8,"cv",213,0.434563336012976
3,8,"cv",217,0.531716522008142
3,8,"cv",218,0.502093035610052
3,8,"cv",219,0.314796889172693
3,8,"cv",220,0.499196600234286
3,8,"cv",221,0.474905942042661
3,8,"cv",222,0.492558332819959
3,8,"cv",224,0.551917940514182
3,8,"cv",227,0.57491179307099
3,8,"cv",230,0.401768615501385
3,8,"cv",231,0.44096692858491
3,8,"cv",232,0.514672644779294
3,8,"cv",233,0.564165322727416
3,8,"cv",234,0.383853470124405
3,8,"cv",235,0.464484910348547
3,8,"cv",236,0.313811593836728
3,8,"cv",237,0.142708556965033
3,8,"cv",238,0.586492803644863
3,8,"cv",239,0.368796605575725
3,8,"cv",240,0.248567189529405
3,8,"cv",241,0.510793594309363
3,8,"cv",242,0.29972908988703
3,8,"cv",243,0.234035831526831
3,8,"cv",244,0.52927174222941
3,8,"cv",246,0.492968766340337
3,8,"cv",247,0.301426961190446
3,8,"cv",249,0.44079078799412
3,8,"cv",250,0.315550108046018
3,8,"cv",251,0.407639645756601
3,8,"cv",253,0.322106217712075
3,8,"cv",254,0.35214209852523
3,8,"cv",255,0.399129142623729
3,8,"cv",256,0.438925762001203
3,8,"cv",257,0.379979065525471
3,8,"cv",258,0.283252814188438
3,8,"cv",259,0.364671637125917
3,8,"cv",260,0.3247752924116
3,8,"cv",263,0.483076610573783
3,8,"cv",264,0.598218435066914
3,8,"cv",265,0.542193708040282
3,8,"cv",267,0.366294099550067
3,8,"cv",268,0.392782676708505
3,8,"cv",269,0.52045015885743
3,8,"holdout",49,0.482680442399593
3,8,"holdout",153,0.440329470170088
3,8,"holdout",74,0.370169442491611
3,8,"holdout",228,0.401040828856061
3,8,"holdout",146,0.451000315380828
3,8,"holdout",122,0.477854437302938
3,8,"holdout",270,0.241769064199463
3,8,"holdout",128,0.351794171567789
3,8,"holdout",24,0.522788251227085
3,8,"holdout",89,0.407083825002041
3,8,"holdout",165,0.480025935707852
3,8,"holdout",110,0.420040971951621
3,8,"holdout",20,0.507105277125762
3,8,"holdout",261,0.398531501444437
3,8,"holdout",27,0.420492462546468
3,8,"holdout",164,0.585999605651393
3,8,"holdout",229,0.293706419249933
3,8,"holdout",223,0.491792573077264
3,8,"holdout",109,0.353945172345976
3,8,"holdout",5,0.386047362568334
3,8,"holdout",212,0.468843749218853
3,8,"holdout",162,0.395009386577388
3,8,"holdout",92,0.506960361975842
3,8,"holdout",104,0.427176207275833
3,8,"holdout",3,0.440808897860938
3,8,"holdout",58,0.41035619563996
3,8,"holdout",225,0.25492795167992
3,8,"holdout",42,0.627917608555551
3,8,"holdout",262,0.550260955269321
3,8,"holdout",158,0.471236138830175
3,8,"holdout",43,0.519775919223039
3,8,"holdout",143,0.4051144207308
3,8,"holdout",150,0.512530303514444
3,8,"holdout",245,0.44873237446689
3,8,"holdout",136,0.458662404805643
3,8,"holdout",36,0.453383701784332
3,8,"holdout",68,0.566275245326974
3,8,"holdout",214,0.553682383463177
3,8,"holdout",266,0.356284205730987
3,8,"holdout",252,0.417098049223272
3,8,"holdout",248,0.270546934070488
3,8,"holdout",197,0.410198203620174
3,8,"holdout",4,0.320960116593228
3,8,"holdout",226,0.289747218823147
3,8,"holdout",178,0.283729623230639
3,8,"holdout",99,0.62708188613709
3,8,"holdout",216,0.405910359690322
3,8,"holdout",215,0.334506008028546
3,8,"holdout",177,0.356949029360036
3,8,"holdout",154,0.500973064856905
3,8,"holdout",114,0.316646908396103
3,8,"holdout",6,0.203397056977028
3,8,"holdout",134,0.455156353021822
3,8,"holdout",130,0.450816318044045
