"rep","fr","set","row","pred"
1,1,"cv",1,0.332134400948326
1,1,"cv",2,0.445801820415245
1,1,"cv",7,0.392372655631999
1,1,"cv",8,0.378243886152809
1,1,"cv",9,0.394771574160259
1,1,"cv",10,0.426343359897916
1,1,"cv",11,0.26274469573568
1,1,"cv",12,0.430760313985086
1,1,"cv",13,0.430764482734196
1,1,"cv",14,0.594747921085393
1,1,"cv",15,0.331032325256187
1,1,"cv",16,0.327016483306204
1,1,"cv",17,0.531965341963584
1,1,"cv",18,0.35423356837807
1,1,"cv",19,0.411925389809261
1,1,"cv",21,0.434642880426517
1,1,"cv",22,0.272419853045134
1,1,"cv",23,0.669758523561273
1,1,"cv",25,0.416737017589967
1,1,"cv",26,0.389038749520121
1,1,"cv",28,0.501441219362873
1,1,"cv",29,0.476404200789222
1,1,"cv",30,0.587918747512072
1,1,"cv",31,0.474682161632561
1,1,"cv",32,0.582384903684579
1,1,"cv",33,0.550913610026874
1,1,"cv",34,0.662027455960716
1,1,"cv",35,0.429807806502507
1,1,"cv",37,0.488718211132327
1,1,"cv",38,0.625542907779962
1,1,"cv",39,0.401402820404205
1,1,"cv",40,0.492035181656266
1,1,"cv",41,0.599953732449933
1,1,"cv",44,0.234776191894146
1,1,"cv",45,0.510639223591592
1,1,"cv",46,0.422649959237009
1,1,"cv",47,0.548284776792029
1,1,"cv",48,0.334951827810549
1,1,"cv",50,0.470405008118398
1,1,"cv",51,0.626222822345678
1,1,"cv",52,0.563710511665652
1,1,"cv",53,0.410635389734688
1,1,"cv",54,0.556436610918635
1,1,"cv",55,0.647697098242393
1,1,"cv",56,0.359910882071588
1,1,"cv",57,0.370593143387267
1,1,"cv",59,0.40537766259477
1,1,"cv",60,0.506149768307965
1,1,"cv",61,0.500317797664572
1,1,"cv",62,0.353584345766013
1,1,"cv",63,0.590734196934566
1,1,"cv",64,0.542512050353566
1,1,"cv",65,0.588158451479438
1,1,"cv",66,0.625586341721575
1,1,"cv",67,0.435006171830932
1,1,"cv",69,0.6543605024499
1,1,"cv",70,0.454724057762391
1,1,"cv",71,0.592474981803587
1,1,"cv",72,0.615542173145027
1,1,"cv",73,0.523369160815341
1,1,"cv",75,0.519020349190869
1,1,"cv",76,0.344248528898546
1,1,"cv",77,0.35135401972416
1,1,"cv",79,0.343699590804525
1,1,"cv",80,0.472060117470884
1,1,"cv",81,0.437517246179351
1,1,"cv",82,0.251866657399565
1,1,"cv",83,0.506378018859974
1,1,"cv",84,0.39296246350554
1,1,"cv",85,0.275000889878008
1,1,"cv",86,0.343179190497512
1,1,"cv",87,0.537275931200774
1,1,"cv",88,0.368404697134
1,1,"cv",90,0.524876460829423
1,1,"cv",91,0.498940827465862
1,1,"cv",93,0.553943869285974
1,1,"cv",95,0.519894134539468
1,1,"cv",96,0.362429688255794
1,1,"cv",97,0.483100736036892
1,1,"cv",98,0.42452758596795
1,1,"cv",100,0.516401636985092
1,1,"cv",101,0.326527973477514
1,1,"cv",102,0.469327973963025
1,1,"cv",103,0.38828431850172
1,1,"cv",105,0.543130909050023
1,1,"cv",106,0.528260985685999
1,1,"cv",107,0.562614454449766
1,1,"cv",108,0.73743896897957
1,1,"cv",111,0.7946680239804
1,1,"cv",112,0.469423171408944
1,1,"cv",113,0.447080839546257
1,1,"cv",115,0.51277496537145
1,1,"cv",116,0.568519434470726
1,1,"cv",117,0.498026500235614
1,1,"cv",118,0.340585695948205
1,1,"cv",119,0.321257104548629
1,1,"cv",120,0.466932748449426
1,1,"cv",121,0.624454088427369
1,1,"cv",123,0.626755192835277
1,1,"cv",124,0.096476028889146
1,1,"cv",125,0.400928816272789
1,1,"cv",126,0.647217928079646
1,1,"cv",127,0.431999730160546
1,1,"cv",129,0.39055253096046
1,1,"cv",131,0.659475024723659
1,1,"cv",132,0.309663643821012
1,1,"cv",133,0.444175991137213
1,1,"cv",135,0.342095126564743
1,1,"cv",137,0.518522662335254
1,1,"cv",138,0.428007396186471
1,1,"cv",139,0.399035830942516
1,1,"cv",140,0.377065288033694
1,1,"cv",141,0.457870253637338
1,1,"cv",142,0.4721806279711
1,1,"cv",144,0.401872245033136
1,1,"cv",145,0.404636385103161
1,1,"cv",147,0.46272730833241
1,1,"cv",148,0.623403371447305
1,1,"cv",149,0.504641494039052
1,1,"cv",151,0.468122442227959
1,1,"cv",152,0.268711518546965
1,1,"cv",155,0.529264406135808
1,1,"cv",156,0.548044306939319
1,1,"cv",157,0.407171392984904
1,1,"cv",159,0.607605552127402
1,1,"cv",160,0.482789248554569
1,1,"cv",161,0.391899671676511
1,1,"cv",163,0.457868846443171
1,1,"cv",166,0.469960382832223
1,1,"cv",167,0.460665191888415
1,1,"cv",168,0.457543809483287
1,1,"cv",169,0.395384833216562
1,1,"cv",170,0.40297960622049
1,1,"cv",171,0.423607789278521
1,1,"cv",172,0.191675687649519
1,1,"cv",173,0.496660254885117
1,1,"cv",174,0.401722059704789
1,1,"cv",175,0.522727471961607
1,1,"cv",176,0.292290964116087
1,1,"cv",179,0.441464864745421
1,1,"cv",180,0.572423621815263
1,1,"cv",181,0.445395845583345
1,1,"cv",182,0.228922372054955
1,1,"cv",183,0.50627807558031
1,1,"cv",184,0.536822102421495
1,1,"cv",185,0.45014272471081
1,1,"cv",186,0.427336376681841
1,1,"cv",187,0.438695985866521
1,1,"cv",188,0.3936176347277
1,1,"cv",189,0.789756599294574
1,1,"cv",190,0.664646421010081
1,1,"cv",191,0.441042047607498
1,1,"cv",192,0.306866333798402
1,1,"cv",193,0.408843636199165
1,1,"cv",194,0.440171873549374
1,1,"cv",195,0.537856814985064
1,1,"cv",196,0.504474784601129
1,1,"cv",198,0.520652858641513
1,1,"cv",199,0.371844237588847
1,1,"cv",200,0.459270279368218
1,1,"cv",201,0.376455620648342
1,1,"cv",202,0.41205545540361
1,1,"cv",203,0.493270854237127
1,1,"cv",204,0.394563646416124
1,1,"cv",205,0.526077113964059
1,1,"cv",206,0.456797826293259
1,1,"cv",207,0.447191723312351
1,1,"cv",208,0.387006208118124
1,1,"cv",209,0.545978926204756
1,1,"cv",210,0.541297784164592
1,1,"cv",213,0.437571898394476
1,1,"cv",217,0.549883500998475
1,1,"cv",219,0.338319496517061
1,1,"cv",220,0.586656447416546
1,1,"cv",221,0.454180564761209
1,1,"cv",222,0.518967009981164
1,1,"cv",224,0.558269154401471
1,1,"cv",230,0.411217998351068
1,1,"cv",231,0.432600336052992
1,1,"cv",232,0.545011137190208
1,1,"cv",233,0.583868753650172
1,1,"cv",234,0.416324158938772
1,1,"cv",235,0.464901534752907
1,1,"cv",236,0.3871483122307
1,1,"cv",237,0.168130740653869
1,1,"cv",238,0.627677837943134
1,1,"cv",239,0.344798670457628
1,1,"cv",240,0.249084805631882
1,1,"cv",241,0.517838609978211
1,1,"cv",242,0.286009688608085
1,1,"cv",243,0.152372436965385
1,1,"cv",244,0.543013646254387
1,1,"cv",246,0.507439342538999
1,1,"cv",247,0.355368378107413
1,1,"cv",249,0.532439002391115
1,1,"cv",250,0.258581360619622
1,1,"cv",251,0.410824504390502
1,1,"cv",253,0.340456217415914
1,1,"cv",254,0.358472602346833
1,1,"cv",255,0.372277401326168
1,1,"cv",256,0.432779262647212
1,1,"cv",257,0.372780952758495
1,1,"cv",258,0.269630563315507
1,1,"cv",259,0.39009145691715
1,1,"cv",260,0.325873828841678
1,1,"cv",264,0.607812842915839
1,1,"cv",265,0.540085657814643
1,1,"cv",268,0.413290457909025
1,1,"cv",269,0.508554114953536
1,1,"holdout",49,0.480196105971378
1,1,"holdout",153,0.431540563778797
1,1,"holdout",74,0.362794865382481
1,1,"holdout",228,0.387510365764525
1,1,"holdout",146,0.446088919732201
1,1,"holdout",122,0.470488858023916
1,1,"holdout",270,0.291978816320617
1,1,"holdout",128,0.3233943385888
1,1,"holdout",24,0.510617333357883
1,1,"holdout",89,0.418348810837335
1,1,"holdout",165,0.45905828283714
1,1,"holdout",110,0.415203499918992
1,1,"holdout",20,0.503192696455145
1,1,"holdout",261,0.393502002332209
1,1,"holdout",27,0.427797815805468
1,1,"holdout",164,0.59024690532265
1,1,"holdout",229,0.276846562138008
1,1,"holdout",223,0.491748932853932
1,1,"holdout",109,0.358249299302435
1,1,"holdout",5,0.412181669062253
1,1,"holdout",212,0.44516515526392
1,1,"holdout",162,0.406023665206612
1,1,"holdout",92,0.505968231734595
1,1,"holdout",104,0.436586379917564
1,1,"holdout",3,0.4441556598135
1,1,"holdout",58,0.418274382241233
1,1,"holdout",225,0.234688085521396
1,1,"holdout",42,0.634948806632308
1,1,"holdout",262,0.539255195972756
1,1,"holdout",158,0.479656734807389
1,1,"holdout",43,0.525863247325541
1,1,"holdout",143,0.413785957069586
1,1,"holdout",150,0.493821287316116
1,1,"holdout",245,0.436998265720004
1,1,"holdout",136,0.466412638722306
1,1,"holdout",36,0.447753467221767
1,1,"holdout",68,0.56889748972536
1,1,"holdout",214,0.552766561028846
1,1,"holdout",266,0.361150396387044
1,1,"holdout",252,0.432256353801673
1,1,"holdout",248,0.284612063021935
1,1,"holdout",197,0.389580828195941
1,1,"holdout",4,0.343432910932057
1,1,"holdout",226,0.296735060131773
1,1,"holdout",178,0.283714540344828
1,1,"holdout",99,0.629495668542105
1,1,"holdout",216,0.404183467796633
1,1,"holdout",215,0.334366096271337
1,1,"holdout",177,0.351264364890537
1,1,"holdout",154,0.490347658849538
1,1,"holdout",114,0.322139400119152
1,1,"holdout",6,0.210357189532744
1,1,"holdout",134,0.463326040545131
1,1,"holdout",130,0.486089012676474
2,1,"cv",1,0.350744007489422
2,1,"cv",2,0.44944515523195
2,1,"cv",7,0.401701293724649
2,1,"cv",8,0.39135777253655
2,1,"cv",9,0.400326910789347
2,1,"cv",10,0.454700427921897
2,1,"cv",11,0.304852463839888
2,1,"cv",12,0.423597820123871
2,1,"cv",13,0.44864338071635
2,1,"cv",14,0.584465079584618
2,1,"cv",15,0.312228853193139
2,1,"cv",16,0.321390023913439
2,1,"cv",17,0.551136355868325
2,1,"cv",18,0.349134205118766
2,1,"cv",19,0.427489188011089
2,1,"cv",21,0.452964960995538
2,1,"cv",22,0.20260772170344
2,1,"cv",23,0.684901998491185
2,1,"cv",25,0.404897218353923
2,1,"cv",26,0.364725097083051
2,1,"cv",28,0.506879312177111
2,1,"cv",29,0.453683355412795
2,1,"cv",30,0.559659546758133
2,1,"cv",31,0.422948710830781
2,1,"cv",32,0.563384476061598
2,1,"cv",33,0.55912917704897
2,1,"cv",34,0.68201444515882
2,1,"cv",35,0.401777439129126
2,1,"cv",37,0.483956297938516
2,1,"cv",38,0.654222319878957
2,1,"cv",39,0.462774195109613
2,1,"cv",40,0.479980877081954
2,1,"cv",41,0.585593774014612
2,1,"cv",44,0.231813414245503
2,1,"cv",45,0.508339084119016
2,1,"cv",46,0.428021155980338
2,1,"cv",47,0.544022368984326
2,1,"cv",48,0.305059180584544
2,1,"cv",50,0.478528861985036
2,1,"cv",51,0.581819308796584
2,1,"cv",52,0.58610909274276
2,1,"cv",53,0.395442350316977
2,1,"cv",54,0.548425423777047
2,1,"cv",55,0.660725307784143
2,1,"cv",56,0.402109655762493
2,1,"cv",57,0.377596278272342
2,1,"cv",59,0.393792705479076
2,1,"cv",60,0.530098309589494
2,1,"cv",61,0.493899793014725
2,1,"cv",62,0.337832692598899
2,1,"cv",63,0.607092812687621
2,1,"cv",64,0.53077019827386
2,1,"cv",65,0.565906730624663
2,1,"cv",66,0.658622161397176
2,1,"cv",67,0.43470079756634
2,1,"cv",69,0.667031607166253
2,1,"cv",70,0.453185403153765
2,1,"cv",71,0.602872075211017
2,1,"cv",72,0.621651871693405
2,1,"cv",73,0.524032287894293
2,1,"cv",75,0.573790618854522
2,1,"cv",76,0.321309600649292
2,1,"cv",77,0.332800708231193
2,1,"cv",79,0.344910782960691
2,1,"cv",80,0.467637997634562
2,1,"cv",81,0.447470797305065
2,1,"cv",82,0.223916513512843
2,1,"cv",83,0.559736761097823
2,1,"cv",84,0.406886310507857
2,1,"cv",85,0.247229013359126
2,1,"cv",86,0.351373123071587
2,1,"cv",87,0.52144825859983
2,1,"cv",88,0.371487982188518
2,1,"cv",90,0.520754359208558
2,1,"cv",91,0.499960328739714
2,1,"cv",93,0.583461386159807
2,1,"cv",95,0.522351953113899
2,1,"cv",96,0.348074192717822
2,1,"cv",97,0.488758740368794
2,1,"cv",98,0.368881316762263
2,1,"cv",100,0.534487646854142
2,1,"cv",101,0.374114181046518
2,1,"cv",102,0.529989894372793
2,1,"cv",103,0.415014270607472
2,1,"cv",105,0.548021238534367
2,1,"cv",106,0.535289732350626
2,1,"cv",107,0.557692649324655
2,1,"cv",108,0.709983475397125
2,1,"cv",111,0.815155528117358
2,1,"cv",112,0.465024866981119
2,1,"cv",113,0.432907004190001
2,1,"cv",115,0.523833326009593
2,1,"cv",116,0.59649966857443
2,1,"cv",117,0.50230761468061
2,1,"cv",118,0.344972530167363
2,1,"cv",119,0.310200596906666
2,1,"cv",120,0.465370457473118
2,1,"cv",121,0.615838559228396
2,1,"cv",123,0.631007564720205
2,1,"cv",124,0.123317916179778
2,1,"cv",125,0.394707035480739
2,1,"cv",126,0.664167898126699
2,1,"cv",127,0.472862409103444
2,1,"cv",129,0.409149194709839
2,1,"cv",131,0.678813120681547
2,1,"cv",132,0.333278071701853
2,1,"cv",133,0.451924545394407
2,1,"cv",135,0.316222838182364
2,1,"cv",137,0.521279554442589
2,1,"cv",138,0.432379103105204
2,1,"cv",139,0.363408780126074
2,1,"cv",140,0.392091085007906
2,1,"cv",141,0.458369405550567
2,1,"cv",142,0.511196519132776
2,1,"cv",144,0.381512686073609
2,1,"cv",145,0.40092569128295
2,1,"cv",147,0.453018559961268
2,1,"cv",148,0.620737727418941
2,1,"cv",149,0.540474789386469
2,1,"cv",151,0.409523610842989
2,1,"cv",152,0.260153038326341
2,1,"cv",155,0.527654469957258
2,1,"cv",156,0.543954446951034
2,1,"cv",157,0.38845358519395
2,1,"cv",159,0.599450226830399
2,1,"cv",160,0.494715116168679
2,1,"cv",161,0.369596217886391
2,1,"cv",163,0.457144508034574
2,1,"cv",166,0.474817643491487
2,1,"cv",167,0.468529321248891
2,1,"cv",168,0.424753893721751
2,1,"cv",169,0.396279473212525
2,1,"cv",170,0.414728958166331
2,1,"cv",171,0.438673602301298
2,1,"cv",172,0.210567245992504
2,1,"cv",173,0.45961349855984
2,1,"cv",174,0.406454720089294
2,1,"cv",175,0.527669347661347
2,1,"cv",176,0.28356484441513
2,1,"cv",179,0.449779456537731
2,1,"cv",180,0.566736443399523
2,1,"cv",181,0.464431527730452
2,1,"cv",182,0.227330393426552
2,1,"cv",183,0.501474324436925
2,1,"cv",184,0.538506915514776
2,1,"cv",185,0.451940812857439
2,1,"cv",186,0.437226903091494
2,1,"cv",187,0.448505218742034
2,1,"cv",188,0.38570867497016
2,1,"cv",189,0.800273890378152
2,1,"cv",190,0.68428821691097
2,1,"cv",191,0.450688383500653
2,1,"cv",192,0.296982878488964
2,1,"cv",193,0.410155437509128
2,1,"cv",194,0.430670326304338
2,1,"cv",195,0.436993272063656
2,1,"cv",196,0.53146173944455
2,1,"cv",198,0.496261058691736
2,1,"cv",199,0.394398038506729
2,1,"cv",200,0.453072354247735
2,1,"cv",201,0.359726943824466
2,1,"cv",202,0.399544657498212
2,1,"cv",203,0.514902073457153
2,1,"cv",204,0.404995382263539
2,1,"cv",205,0.528709913162663
2,1,"cv",206,0.464070639702319
2,1,"cv",207,0.452441548515157
2,1,"cv",208,0.391882859468536
2,1,"cv",209,0.534753367567856
2,1,"cv",210,0.524463907996184
2,1,"cv",213,0.442178995592316
2,1,"cv",217,0.546996513157352
2,1,"cv",219,0.295541443940211
2,1,"cv",220,0.550365136198569
2,1,"cv",221,0.4563264861051
2,1,"cv",222,0.516188266587172
2,1,"cv",224,0.547187440829848
2,1,"cv",230,0.395960254296269
2,1,"cv",231,0.428127166794615
2,1,"cv",232,0.548403878504802
2,1,"cv",233,0.571342428240164
2,1,"cv",234,0.388258248152001
2,1,"cv",235,0.465201758396088
2,1,"cv",236,0.284657423112545
2,1,"cv",237,0.132087095619445
2,1,"cv",238,0.592487242612135
2,1,"cv",239,0.398371382726209
2,1,"cv",240,0.22439093689897
2,1,"cv",241,0.521008121537994
2,1,"cv",242,0.282695768957809
2,1,"cv",243,0.201393375405701
2,1,"cv",244,0.515007027608581
2,1,"cv",246,0.514245491349618
2,1,"cv",247,0.33521670558287
2,1,"cv",249,0.492071129371396
2,1,"cv",250,0.257835025301501
2,1,"cv",251,0.394780253912988
2,1,"cv",253,0.33565319564929
2,1,"cv",254,0.367932901155155
2,1,"cv",255,0.383306240609983
2,1,"cv",256,0.45532366386375
2,1,"cv",257,0.327375018811588
2,1,"cv",258,0.263949689909566
2,1,"cv",259,0.386784220392989
2,1,"cv",260,0.338244110625065
2,1,"cv",264,0.616708764359867
2,1,"cv",265,0.524891029025675
2,1,"cv",268,0.405943395431039
2,1,"cv",269,0.530985043208491
2,1,"holdout",49,0.478199168812087
2,1,"holdout",153,0.433422853537315
2,1,"holdout",74,0.360707828233032
2,1,"holdout",228,0.392969393985384
2,1,"holdout",146,0.448224924819268
2,1,"holdout",122,0.467722697118671
2,1,"holdout",270,0.294759128149749
2,1,"holdout",128,0.331135627068577
2,1,"holdout",24,0.506630811474367
2,1,"holdout",89,0.419649253876669
2,1,"holdout",165,0.465832215129272
2,1,"holdout",110,0.41799750582202
2,1,"holdout",20,0.498332774396137
2,1,"holdout",261,0.397075887440518
2,1,"holdout",27,0.430731898816251
2,1,"holdout",164,0.589912284051339
2,1,"holdout",229,0.279244941669583
2,1,"holdout",223,0.489851036583692
2,1,"holdout",109,0.35872100729506
2,1,"holdout",5,0.412341375623439
2,1,"holdout",212,0.451718596192996
2,1,"holdout",162,0.406458531342848
2,1,"holdout",92,0.502064120157022
2,1,"holdout",104,0.435387974721358
2,1,"holdout",3,0.445989709000956
2,1,"holdout",58,0.417662136807087
2,1,"holdout",225,0.23906093416836
2,1,"holdout",42,0.632978711684046
2,1,"holdout",262,0.538009274358104
2,1,"holdout",158,0.477854776495449
2,1,"holdout",43,0.526189737056282
2,1,"holdout",143,0.418510605351083
2,1,"holdout",150,0.491439440138498
2,1,"holdout",245,0.438632510074124
2,1,"holdout",136,0.46116378880314
2,1,"holdout",36,0.442011604944976
2,1,"holdout",68,0.567241712213746
2,1,"holdout",214,0.553791747617965
2,1,"holdout",266,0.359832018860937
2,1,"holdout",252,0.434377688977355
2,1,"holdout",248,0.287110680123001
2,1,"holdout",197,0.389313229287645
2,1,"holdout",4,0.345438836450897
2,1,"holdout",226,0.296494570930466
2,1,"holdout",178,0.28597135508124
2,1,"holdout",99,0.61982928856111
2,1,"holdout",216,0.404666563028476
2,1,"holdout",215,0.339739813060936
2,1,"holdout",177,0.34859146990264
2,1,"holdout",154,0.490720120962162
2,1,"holdout",114,0.319650858172701
2,1,"holdout",6,0.211314172652057
2,1,"holdout",134,0.459015666926918
2,1,"holdout",130,0.485209601234932
3,1,"cv",1,0.350690439168354
3,1,"cv",2,0.428332457892358
3,1,"cv",7,0.379120907552765
3,1,"cv",8,0.387643119058718
3,1,"cv",9,0.38850656179426
3,1,"cv",10,0.450141699777546
3,1,"cv",11,0.314558850018585
3,1,"cv",12,0.423546387438675
3,1,"cv",13,0.443965482960523
3,1,"cv",14,0.599204165067994
3,1,"cv",15,0.326825250023833
3,1,"cv",16,0.319225611962178
3,1,"cv",17,0.493104113280489
3,1,"cv",18,0.353905858766471
3,1,"cv",19,0.42687581131964
3,1,"cv",21,0.442672319693663
3,1,"cv",22,0.215853742924181
3,1,"cv",23,0.687820254263669
3,1,"cv",25,0.399041115406177
3,1,"cv",26,0.386780950428899
3,1,"cv",28,0.495288099775139
3,1,"cv",29,0.448095425924721
3,1,"cv",30,0.585877470623704
3,1,"cv",31,0.45723989589013
3,1,"cv",32,0.569359823658043
3,1,"cv",33,0.556874060205676
3,1,"cv",34,0.675190081213334
3,1,"cv",35,0.408444849588731
3,1,"cv",37,0.486708082730995
3,1,"cv",38,0.639088822682725
3,1,"cv",39,0.396788549478869
3,1,"cv",40,0.506605979781509
3,1,"cv",41,0.592251269866645
3,1,"cv",44,0.227469317343943
3,1,"cv",45,0.545949017639208
3,1,"cv",46,0.416571547970926
3,1,"cv",47,0.5560111184553
3,1,"cv",48,0.311022302942211
3,1,"cv",50,0.479829241373913
3,1,"cv",51,0.582536253090672
3,1,"cv",52,0.539855013231721
3,1,"cv",53,0.38630853062494
3,1,"cv",54,0.541165986166539
3,1,"cv",55,0.644025542453361
3,1,"cv",56,0.338613767126143
3,1,"cv",57,0.364980570980749
3,1,"cv",59,0.377412022145819
3,1,"cv",60,0.526836859746834
3,1,"cv",61,0.502449175598537
3,1,"cv",62,0.337507417315901
3,1,"cv",63,0.588702444451987
3,1,"cv",64,0.554176501611927
3,1,"cv",65,0.568599540779419
3,1,"cv",66,0.628631898246065
3,1,"cv",67,0.43969075599446
3,1,"cv",69,0.665456505660069
3,1,"cv",70,0.43367348821855
3,1,"cv",71,0.571124230273449
3,1,"cv",72,0.609625741275474
3,1,"cv",73,0.511089516356769
3,1,"cv",75,0.5078926262696
3,1,"cv",76,0.337041559941084
3,1,"cv",77,0.349908847332814
3,1,"cv",79,0.322644265575982
3,1,"cv",80,0.454490976672848
3,1,"cv",81,0.445206991061891
3,1,"cv",82,0.21514296684599
3,1,"cv",83,0.559840684322225
3,1,"cv",84,0.376309737041092
3,1,"cv",85,0.272562218727601
3,1,"cv",86,0.303505270099083
3,1,"cv",87,0.531118017650865
3,1,"cv",88,0.366735625799252
3,1,"cv",90,0.540485405766865
3,1,"cv",91,0.502764295396888
3,1,"cv",93,0.573483271018785
3,1,"cv",95,0.497966473571738
3,1,"cv",96,0.361592075944037
3,1,"cv",97,0.475794626171544
3,1,"cv",98,0.397373661681764
3,1,"cv",100,0.528278695473384
3,1,"cv",101,0.376034597490858
3,1,"cv",102,0.51309200827032
3,1,"cv",103,0.400634661263381
3,1,"cv",105,0.557066063172537
3,1,"cv",106,0.507597859111895
3,1,"cv",107,0.541012331994134
3,1,"cv",108,0.737685487484711
3,1,"cv",111,0.821882145528718
3,1,"cv",112,0.498123864223057
3,1,"cv",113,0.4382795727642
3,1,"cv",115,0.530138349174228
3,1,"cv",116,0.583641024295596
3,1,"cv",117,0.492927318674039
3,1,"cv",118,0.373580370853732
3,1,"cv",119,0.31158455193486
3,1,"cv",120,0.474115913028319
3,1,"cv",121,0.586978967853869
3,1,"cv",123,0.632009012194332
3,1,"cv",124,0.091269386976548
3,1,"cv",125,0.391496712470466
3,1,"cv",126,0.69859657478774
3,1,"cv",127,0.458654816084086
3,1,"cv",129,0.392948376061517
3,1,"cv",131,0.676959213664398
3,1,"cv",132,0.32101363562203
3,1,"cv",133,0.457111114851489
3,1,"cv",135,0.330811668534122
3,1,"cv",137,0.511437364093446
3,1,"cv",138,0.425141723301834
3,1,"cv",139,0.393649092419033
3,1,"cv",140,0.391018851477285
3,1,"cv",141,0.442108717079322
3,1,"cv",142,0.500821540299969
3,1,"cv",144,0.395264266504657
3,1,"cv",145,0.430794235079464
3,1,"cv",147,0.451695576513105
3,1,"cv",148,0.623924878172661
3,1,"cv",149,0.521416940731476
3,1,"cv",151,0.466513039212749
3,1,"cv",152,0.251813499952276
3,1,"cv",155,0.523182059536443
3,1,"cv",156,0.535875892534868
3,1,"cv",157,0.410799155168159
3,1,"cv",159,0.582656924905111
3,1,"cv",160,0.496533787497772
3,1,"cv",161,0.365487852268423
3,1,"cv",163,0.473225858819624
3,1,"cv",166,0.476540442757502
3,1,"cv",167,0.453448064868837
3,1,"cv",168,0.461099503534895
3,1,"cv",169,0.408084933374134
3,1,"cv",170,0.470983284146877
3,1,"cv",171,0.414727372506049
3,1,"cv",172,0.218842618453842
3,1,"cv",173,0.494793530452972
3,1,"cv",174,0.437872064616169
3,1,"cv",175,0.523733186747863
3,1,"cv",176,0.269378276343078
3,1,"cv",179,0.449283915203397
3,1,"cv",180,0.588332149379133
3,1,"cv",181,0.474257233590895
3,1,"cv",182,0.241658965339544
3,1,"cv",183,0.496658582537912
3,1,"cv",184,0.542036062670151
3,1,"cv",185,0.46610390729406
3,1,"cv",186,0.411894015206501
3,1,"cv",187,0.451042508961973
3,1,"cv",188,0.387896113480305
3,1,"cv",189,0.809705659130111
3,1,"cv",190,0.67546831782458
3,1,"cv",191,0.460080300825164
3,1,"cv",192,0.322845655655503
3,1,"cv",193,0.411270868995643
3,1,"cv",194,0.428610235308902
3,1,"cv",195,0.470692122197623
3,1,"cv",196,0.508684051746589
3,1,"cv",198,0.511095792130741
3,1,"cv",199,0.374659681801598
3,1,"cv",200,0.444094220013898
3,1,"cv",201,0.349598305898114
3,1,"cv",202,0.398911666104786
3,1,"cv",203,0.498065478633922
3,1,"cv",204,0.389257545910916
3,1,"cv",205,0.533130561514312
3,1,"cv",206,0.468884974216177
3,1,"cv",207,0.449757372837893
3,1,"cv",208,0.397524111710372
3,1,"cv",209,0.571779175136304
3,1,"cv",210,0.529734816798265
3,1,"cv",213,0.444192453797797
3,1,"cv",217,0.551892406665142
3,1,"cv",219,0.340333523341483
3,1,"cv",220,0.561687187772879
3,1,"cv",221,0.452229378351972
3,1,"cv",222,0.521242064878272
3,1,"cv",224,0.559288825914283
3,1,"cv",230,0.408378349531422
3,1,"cv",231,0.429359845421214
3,1,"cv",232,0.536279798146985
3,1,"cv",233,0.560380707312337
3,1,"cv",234,0.380727112578733
3,1,"cv",235,0.463241870305965
3,1,"cv",236,0.290565017940584
3,1,"cv",237,0.173769955845753
3,1,"cv",238,0.599919780296375
3,1,"cv",239,0.339927511723679
3,1,"cv",240,0.25365890559329
3,1,"cv",241,0.523478261719745
3,1,"cv",242,0.279406689028322
3,1,"cv",243,0.199683028115263
3,1,"cv",244,0.52617642812627
3,1,"cv",246,0.486931307809006
3,1,"cv",247,0.347464609269328
3,1,"cv",249,0.490167118609247
3,1,"cv",250,0.267465337503126
3,1,"cv",251,0.378669587299915
3,1,"cv",253,0.343782394121569
3,1,"cv",254,0.350690569994835
3,1,"cv",255,0.384906774156056
3,1,"cv",256,0.442525063966555
3,1,"cv",257,0.336542234800929
3,1,"cv",258,0.258686011042043
3,1,"cv",259,0.369263965476671
3,1,"cv",260,0.335636954802117
3,1,"cv",264,0.608397504829421
3,1,"cv",265,0.522902783628208
3,1,"cv",268,0.38999501353272
3,1,"cv",269,0.532607094105879
3,1,"holdout",49,0.484856382149235
3,1,"holdout",153,0.4314778896549
3,1,"holdout",74,0.367694531530153
3,1,"holdout",228,0.38340890292423
3,1,"holdout",146,0.4425343292519
3,1,"holdout",122,0.470776464119611
3,1,"holdout",270,0.286748856283237
3,1,"holdout",128,0.302425924328886
3,1,"holdout",24,0.511755206065521
3,1,"holdout",89,0.417212804136406
3,1,"holdout",165,0.445251886950238
3,1,"holdout",110,0.415050854384645
3,1,"holdout",20,0.504347770665735
3,1,"holdout",261,0.387613581770284
3,1,"holdout",27,0.420172761245859
3,1,"holdout",164,0.592441368938191
3,1,"holdout",229,0.264888230202859
3,1,"holdout",223,0.494440137927536
3,1,"holdout",109,0.361169815136985
3,1,"holdout",5,0.408056285061951
3,1,"holdout",212,0.432591035719829
3,1,"holdout",162,0.408808360485106
3,1,"holdout",92,0.508954281348012
3,1,"holdout",104,0.434700231715014
3,1,"holdout",3,0.440478272228682
3,1,"holdout",58,0.422112551165533
3,1,"holdout",225,0.225472420011194
3,1,"holdout",42,0.639417280990341
3,1,"holdout",262,0.542486193869877
3,1,"holdout",158,0.4850466447741
3,1,"holdout",43,0.527239096086175
3,1,"holdout",143,0.399752053238939
3,1,"holdout",150,0.495620402205841
3,1,"holdout",245,0.422290878968123
3,1,"holdout",136,0.47113859713261
3,1,"holdout",36,0.456450840586433
3,1,"holdout",68,0.574257098803017
3,1,"holdout",214,0.552701542751267
3,1,"holdout",266,0.367733649511223
3,1,"holdout",252,0.426829794135524
3,1,"holdout",248,0.29063038696498
3,1,"holdout",197,0.392804507082503
3,1,"holdout",4,0.340618194526549
3,1,"holdout",226,0.30105515173139
3,1,"holdout",178,0.285868529552929
3,1,"holdout",99,0.635777156574785
3,1,"holdout",216,0.398440219738243
3,1,"holdout",215,0.330428510342061
3,1,"holdout",177,0.355149345583105
3,1,"holdout",154,0.486559994123486
3,1,"holdout",114,0.331820452128758
3,1,"holdout",6,0.211881134054971
3,1,"holdout",134,0.470098435433778
3,1,"holdout",130,0.489775940278731
1,2,"cv",1,0.314169780338183
1,2,"cv",2,0.420890343085702
1,2,"cv",7,0.39871527632101
1,2,"cv",8,0.383344476499594
1,2,"cv",9,0.403258728729265
1,2,"cv",10,0.420656544677094
1,2,"cv",11,0.278962268237591
1,2,"cv",12,0.430734695562468
1,2,"cv",13,0.424898186498034
1,2,"cv",14,0.595673670363348
1,2,"cv",15,0.339722198362796
1,2,"cv",16,0.329704319248959
1,2,"cv",17,0.523686642748433
1,2,"cv",18,0.364425608022881
1,2,"cv",19,0.415129254792315
1,2,"cv",21,0.436183061352547
1,2,"cv",22,0.289930245529838
1,2,"cv",23,0.623116812084362
1,2,"cv",25,0.417092879892041
1,2,"cv",26,0.396333127481628
1,2,"cv",28,0.504307298494782
1,2,"cv",29,0.474118741752055
1,2,"cv",30,0.583377852816923
1,2,"cv",31,0.483233463943662
1,2,"cv",32,0.576978254570451
1,2,"cv",33,0.543902642045486
1,2,"cv",34,0.658152086697391
1,2,"cv",35,0.428639734024562
1,2,"cv",37,0.487442573869913
1,2,"cv",38,0.615706179600342
1,2,"cv",39,0.390613299081186
1,2,"cv",40,0.499798212901131
1,2,"cv",41,0.601623662956377
1,2,"cv",44,0.244432802611015
1,2,"cv",45,0.503181144545713
1,2,"cv",46,0.41919099760005
1,2,"cv",47,0.552285687444224
1,2,"cv",48,0.340038315778672
1,2,"cv",50,0.473643605483685
1,2,"cv",51,0.636074899281021
1,2,"cv",52,0.567266268624189
1,2,"cv",53,0.411428075428361
1,2,"cv",54,0.561202120390473
1,2,"cv",55,0.653720859437224
1,2,"cv",56,0.386593683148326
1,2,"cv",57,0.371572409870138
1,2,"cv",59,0.414701513547339
1,2,"cv",60,0.497872278336716
1,2,"cv",61,0.493143247583731
1,2,"cv",62,0.331279515958265
1,2,"cv",63,0.59030917705674
1,2,"cv",64,0.534702118834229
1,2,"cv",65,0.593831475931089
1,2,"cv",66,0.625141249449595
1,2,"cv",67,0.436685830731885
1,2,"cv",69,0.659570267927746
1,2,"cv",70,0.450460319782064
1,2,"cv",71,0.591823094413178
1,2,"cv",72,0.614466195352287
1,2,"cv",73,0.530299494882067
1,2,"cv",75,0.504053578126096
1,2,"cv",76,0.354278640218544
1,2,"cv",77,0.340145772965362
1,2,"cv",79,0.365808871224042
1,2,"cv",80,0.473843330384059
1,2,"cv",81,0.444114481225713
1,2,"cv",82,0.242233260422083
1,2,"cv",83,0.513879063597559
1,2,"cv",84,0.394757667629245
1,2,"cv",85,0.260350219559812
1,2,"cv",86,0.334340826003506
1,2,"cv",87,0.543498316189178
1,2,"cv",88,0.36699320814245
1,2,"cv",90,0.532120862307225
1,2,"cv",91,0.499632090561265
1,2,"cv",93,0.557431198037206
1,2,"cv",95,0.522480290177242
1,2,"cv",96,0.368181741257242
1,2,"cv",97,0.506101227855007
1,2,"cv",98,0.442439102472149
1,2,"cv",100,0.522094640185146
1,2,"cv",101,0.332740249609416
1,2,"cv",102,0.482775016137674
1,2,"cv",103,0.395134666191265
1,2,"cv",105,0.546017024644956
1,2,"cv",106,0.52725729544385
1,2,"cv",107,0.564180273600229
1,2,"cv",108,0.747735829308125
1,2,"cv",111,0.819699416908981
1,2,"cv",112,0.46915119190841
1,2,"cv",113,0.459948468038972
1,2,"cv",115,0.511793819398795
1,2,"cv",116,0.57903880652856
1,2,"cv",117,0.496659342309768
1,2,"cv",118,0.342877378822097
1,2,"cv",119,0.323739349295521
1,2,"cv",120,0.467339025247073
1,2,"cv",121,0.624522643264354
1,2,"cv",123,0.631086258811678
1,2,"cv",124,0.113106730985547
1,2,"cv",125,0.406979158758441
1,2,"cv",126,0.646910874939342
1,2,"cv",127,0.439625005460435
1,2,"cv",129,0.394476238851343
1,2,"cv",131,0.650925095476902
1,2,"cv",132,0.320156826064698
1,2,"cv",133,0.446640122999963
1,2,"cv",135,0.342768077583364
1,2,"cv",137,0.515498731893534
1,2,"cv",138,0.435235782086644
1,2,"cv",139,0.401655655569496
1,2,"cv",140,0.361225538275615
1,2,"cv",141,0.470180951267449
1,2,"cv",142,0.473006630076414
1,2,"cv",144,0.404324691919996
1,2,"cv",145,0.406392589557959
1,2,"cv",147,0.458038051000079
1,2,"cv",148,0.631148021862772
1,2,"cv",149,0.518831786912016
1,2,"cv",151,0.499512365381731
1,2,"cv",152,0.276813316594838
1,2,"cv",155,0.527317554343342
1,2,"cv",156,0.557504067035501
1,2,"cv",157,0.385878848251227
1,2,"cv",159,0.611962257278115
1,2,"cv",160,0.483958288542445
1,2,"cv",161,0.393767239216692
1,2,"cv",163,0.460187090258279
1,2,"cv",166,0.470741062447144
1,2,"cv",167,0.461776744515952
1,2,"cv",168,0.46783184430101
1,2,"cv",169,0.369529652130348
1,2,"cv",170,0.41415029318612
1,2,"cv",171,0.43000079383976
1,2,"cv",172,0.211175139479111
1,2,"cv",173,0.488270216424299
1,2,"cv",174,0.411740872076545
1,2,"cv",175,0.520256456863539
1,2,"cv",176,0.269923212783985
1,2,"cv",179,0.444797972523017
1,2,"cv",180,0.566467776441534
1,2,"cv",181,0.434407161977584
1,2,"cv",182,0.236234552217814
1,2,"cv",183,0.501103813425922
1,2,"cv",184,0.541292704841513
1,2,"cv",185,0.447792890280665
1,2,"cv",186,0.423674165978349
1,2,"cv",187,0.443063091783365
1,2,"cv",188,0.391981898022658
1,2,"cv",189,0.794394255910514
1,2,"cv",190,0.64678667439968
1,2,"cv",191,0.446308421089915
1,2,"cv",192,0.293683658598178
1,2,"cv",193,0.392141714997486
1,2,"cv",194,0.441507418034117
1,2,"cv",195,0.542245914606893
1,2,"cv",196,0.495797565433826
1,2,"cv",198,0.516867529383721
1,2,"cv",199,0.375653890193613
1,2,"cv",200,0.464758329267165
1,2,"cv",201,0.367764749103854
1,2,"cv",202,0.415802137573401
1,2,"cv",203,0.488269996741248
1,2,"cv",204,0.397692251460008
1,2,"cv",205,0.520760626626696
1,2,"cv",206,0.457734840990524
1,2,"cv",207,0.455000781682738
1,2,"cv",208,0.386635010110587
1,2,"cv",209,0.555866190140419
1,2,"cv",210,0.533569434722924
1,2,"cv",213,0.433113018420549
1,2,"cv",217,0.540903400978461
1,2,"cv",219,0.321173285718701
1,2,"cv",220,0.590162954467417
1,2,"cv",221,0.465371981749171
1,2,"cv",222,0.522601609285122
1,2,"cv",224,0.557237772562254
1,2,"cv",230,0.419168982507342
1,2,"cv",231,0.43601297823031
1,2,"cv",232,0.542286089190065
1,2,"cv",233,0.594763187365488
1,2,"cv",234,0.417383127964608
1,2,"cv",235,0.461299231106878
1,2,"cv",236,0.378695830718706
1,2,"cv",237,0.17351104216751
1,2,"cv",238,0.618958720368637
1,2,"cv",239,0.346599558884526
1,2,"cv",240,0.237062352332805
1,2,"cv",241,0.535814526135486
1,2,"cv",242,0.283687449367601
1,2,"cv",243,0.152745747607954
1,2,"cv",244,0.544899089399778
1,2,"cv",246,0.505379965533222
1,2,"cv",247,0.346447213006299
1,2,"cv",249,0.465991265998146
1,2,"cv",250,0.229177289732837
1,2,"cv",251,0.42436116024515
1,2,"cv",253,0.317377818884008
1,2,"cv",254,0.356946918202433
1,2,"cv",255,0.37413559827215
1,2,"cv",256,0.430411619624501
1,2,"cv",257,0.37294721033718
1,2,"cv",258,0.272803084426822
1,2,"cv",259,0.38936451667116
1,2,"cv",260,0.325442339559282
1,2,"cv",264,0.610685751360537
1,2,"cv",265,0.5441850791128
1,2,"cv",268,0.420584896021677
1,2,"cv",269,0.499729144517476
1,2,"holdout",49,0.478098918353676
1,2,"holdout",153,0.439802454540251
1,2,"holdout",74,0.364713039860944
1,2,"holdout",228,0.394226884031809
1,2,"holdout",146,0.433225498616866
1,2,"holdout",122,0.467335538034898
1,2,"holdout",270,0.259419260953683
1,2,"holdout",128,0.347692575696243
1,2,"holdout",24,0.516701984544017
1,2,"holdout",89,0.403526932928516
1,2,"holdout",165,0.469184192521238
1,2,"holdout",110,0.4241502427242
1,2,"holdout",20,0.496395947182827
1,2,"holdout",261,0.401280431925357
1,2,"holdout",27,0.42204134348238
1,2,"holdout",164,0.588849131907567
1,2,"holdout",229,0.282867172284953
1,2,"holdout",223,0.488581727108781
1,2,"holdout",109,0.35602349612194
1,2,"holdout",5,0.390004108308952
1,2,"holdout",212,0.45120796377409
1,2,"holdout",162,0.40497615270446
1,2,"holdout",92,0.502193343449181
1,2,"holdout",104,0.435214499780796
1,2,"holdout",3,0.429709429193543
1,2,"holdout",58,0.413405405041651
1,2,"holdout",225,0.23681069724299
1,2,"holdout",42,0.633436917457877
1,2,"holdout",262,0.54125167977961
1,2,"holdout",158,0.483041964605133
1,2,"holdout",43,0.526758849920235
1,2,"holdout",143,0.41487990754625
1,2,"holdout",150,0.498271491260171
1,2,"holdout",245,0.440432361799272
1,2,"holdout",136,0.458354332958767
1,2,"holdout",36,0.444942371257887
1,2,"holdout",68,0.561563269460038
1,2,"holdout",214,0.551671308357823
1,2,"holdout",266,0.355835862262339
1,2,"holdout",252,0.435612234139278
1,2,"holdout",248,0.277513715015622
1,2,"holdout",197,0.399362653673547
1,2,"holdout",4,0.324286280375833
1,2,"holdout",226,0.292668398662333
1,2,"holdout",178,0.291315075788303
1,2,"holdout",99,0.630590758329266
1,2,"holdout",216,0.404777451474298
1,2,"holdout",215,0.320928937352514
1,2,"holdout",177,0.351853549919297
1,2,"holdout",154,0.496711833543829
1,2,"holdout",114,0.315525666592373
1,2,"holdout",6,0.187827021684413
1,2,"holdout",134,0.455819774268788
1,2,"holdout",130,0.479876419214908
2,2,"cv",1,0.329324198505306
2,2,"cv",2,0.424756349437631
2,2,"cv",7,0.409178399086547
2,2,"cv",8,0.384200682135358
2,2,"cv",9,0.415208588757172
2,2,"cv",10,0.442768260456027
2,2,"cv",11,0.311778269368686
2,2,"cv",12,0.434745657441128
2,2,"cv",13,0.45578455389307
2,2,"cv",14,0.586993944688356
2,2,"cv",15,0.325724088171373
2,2,"cv",16,0.327782749297909
2,2,"cv",17,0.547016156206613
2,2,"cv",18,0.356276462669969
2,2,"cv",19,0.427332268750053
2,2,"cv",21,0.450315059939659
2,2,"cv",22,0.2463887593035
2,2,"cv",23,0.651281872854795
2,2,"cv",25,0.403028278230364
2,2,"cv",26,0.385124005733821
2,2,"cv",28,0.510947161403036
2,2,"cv",29,0.474126909935497
2,2,"cv",30,0.565311200256113
2,2,"cv",31,0.44337894885016
2,2,"cv",32,0.566257836904781
2,2,"cv",33,0.546429295308153
2,2,"cv",34,0.678328367022873
2,2,"cv",35,0.412838869293297
2,2,"cv",37,0.48407315175158
2,2,"cv",38,0.64089078308208
2,2,"cv",39,0.447952820797454
2,2,"cv",40,0.489352723761693
2,2,"cv",41,0.586367461389459
2,2,"cv",44,0.245270447137976
2,2,"cv",45,0.517155195359319
2,2,"cv",46,0.432147218438171
2,2,"cv",47,0.552002454684894
2,2,"cv",48,0.312762742876239
2,2,"cv",50,0.477212644905016
2,2,"cv",51,0.58312017181137
2,2,"cv",52,0.585314825477262
2,2,"cv",53,0.392934263168751
2,2,"cv",54,0.553075718372717
2,2,"cv",55,0.668313494288739
2,2,"cv",56,0.410101398069053
2,2,"cv",57,0.377561206715172
2,2,"cv",59,0.399032093913304
2,2,"cv",60,0.518962086294118
2,2,"cv",61,0.485185830517154
2,2,"cv",62,0.321482495053026
2,2,"cv",63,0.604998342289968
2,2,"cv",64,0.52303788341962
2,2,"cv",65,0.572494484037031
2,2,"cv",66,0.642054451396105
2,2,"cv",67,0.433575105373171
2,2,"cv",69,0.671827590321023
2,2,"cv",70,0.422867294920664
2,2,"cv",71,0.606772567831177
2,2,"cv",72,0.612512001971566
2,2,"cv",73,0.527641408861966
2,2,"cv",75,0.536517670529244
2,2,"cv",76,0.324250942892333
2,2,"cv",77,0.323851520053595
2,2,"cv",79,0.360615485281467
2,2,"cv",80,0.474469499237008
2,2,"cv",81,0.456470679447855
2,2,"cv",82,0.225666046495004
2,2,"cv",83,0.547069962779893
2,2,"cv",84,0.393446744070081
2,2,"cv",85,0.243796087811155
2,2,"cv",86,0.342151091185436
2,2,"cv",87,0.521850051906403
2,2,"cv",88,0.364110782857129
2,2,"cv",90,0.522853785994619
2,2,"cv",91,0.501780561217234
2,2,"cv",93,0.584892485098044
2,2,"cv",95,0.520347895779751
2,2,"cv",96,0.358230981245957
2,2,"cv",97,0.499792897861483
2,2,"cv",98,0.38628045384748
2,2,"cv",100,0.533563793720176
2,2,"cv",101,0.380255234636212
2,2,"cv",102,0.522121351861156
2,2,"cv",103,0.419854263601234
2,2,"cv",105,0.554196850033804
2,2,"cv",106,0.532397565383356
2,2,"cv",107,0.562036712292081
2,2,"cv",108,0.731197790360235
2,2,"cv",111,0.823972430255775
2,2,"cv",112,0.470349240706432
2,2,"cv",113,0.444692480659933
2,2,"cv",115,0.524028518037832
2,2,"cv",116,0.585333200006592
2,2,"cv",117,0.500961580751469
2,2,"cv",118,0.343254697558295
2,2,"cv",119,0.309650859280975
2,2,"cv",120,0.468502123850003
2,2,"cv",121,0.618627097225253
2,2,"cv",123,0.629198157150398
2,2,"cv",124,0.129244463068247
2,2,"cv",125,0.406317194239894
2,2,"cv",126,0.680637451167813
2,2,"cv",127,0.475192564868173
2,2,"cv",129,0.410584621604005
2,2,"cv",131,0.662624090822117
2,2,"cv",132,0.347336885161419
2,2,"cv",133,0.454746553605558
2,2,"cv",135,0.320439413990965
2,2,"cv",137,0.511835083276632
2,2,"cv",138,0.432917125606591
2,2,"cv",139,0.361354400966941
2,2,"cv",140,0.372514484211111
2,2,"cv",141,0.466036660316003
2,2,"cv",142,0.486434235598124
2,2,"cv",144,0.388089568067529
2,2,"cv",145,0.410620339535053
2,2,"cv",147,0.454246214975166
2,2,"cv",148,0.63039924488572
2,2,"cv",149,0.54487296614427
2,2,"cv",151,0.425092552609934
2,2,"cv",152,0.278239110495086
2,2,"cv",155,0.525205321412545
2,2,"cv",156,0.555007447409514
2,2,"cv",157,0.37851088368678
2,2,"cv",159,0.602256968015122
2,2,"cv",160,0.496609548507077
2,2,"cv",161,0.379097752022997
2,2,"cv",163,0.457528103991814
2,2,"cv",166,0.471464227648614
2,2,"cv",167,0.469295215175214
2,2,"cv",168,0.468582860541651
2,2,"cv",169,0.388068410707409
2,2,"cv",170,0.452146480576655
2,2,"cv",171,0.442070554252175
2,2,"cv",172,0.213732791304654
2,2,"cv",173,0.456117300738103
2,2,"cv",174,0.420786043370793
2,2,"cv",175,0.540130810715799
2,2,"cv",176,0.263720304085232
2,2,"cv",179,0.449687212702384
2,2,"cv",180,0.565202002743131
2,2,"cv",181,0.460179540631266
2,2,"cv",182,0.234162948579942
2,2,"cv",183,0.496956008442558
2,2,"cv",184,0.537855464313002
2,2,"cv",185,0.452521980999265
2,2,"cv",186,0.434032708297698
2,2,"cv",187,0.450376281554659
2,2,"cv",188,0.381943466193264
2,2,"cv",189,0.784878170904028
2,2,"cv",190,0.668034200960307
2,2,"cv",191,0.454347129713246
2,2,"cv",192,0.29684348393037
2,2,"cv",193,0.396694888620002
2,2,"cv",194,0.447001530642178
2,2,"cv",195,0.444120796650918
2,2,"cv",196,0.518445909044633
2,2,"cv",198,0.496593331095656
2,2,"cv",199,0.396961997688141
2,2,"cv",200,0.458515129685486
2,2,"cv",201,0.356754539572658
2,2,"cv",202,0.414936170670503
2,2,"cv",203,0.514868104616377
2,2,"cv",204,0.401812295699174
2,2,"cv",205,0.521799157419551
2,2,"cv",206,0.464089972501035
2,2,"cv",207,0.459885328086651
2,2,"cv",208,0.385848237923158
2,2,"cv",209,0.540590750584592
2,2,"cv",210,0.513239380436505
2,2,"cv",213,0.435582335372263
2,2,"cv",217,0.535765333915684
2,2,"cv",219,0.290587156836672
2,2,"cv",220,0.535751907386456
2,2,"cv",221,0.461091347049516
2,2,"cv",222,0.517238616243528
2,2,"cv",224,0.552731798418353
2,2,"cv",230,0.407016128179337
2,2,"cv",231,0.433244279525997
2,2,"cv",232,0.546484941587134
2,2,"cv",233,0.568896082828215
2,2,"cv",234,0.387027531350654
2,2,"cv",235,0.458382955659615
2,2,"cv",236,0.281639933817501
2,2,"cv",237,0.144005061684101
2,2,"cv",238,0.584710914784939
2,2,"cv",239,0.40177797990943
2,2,"cv",240,0.226285713981856
2,2,"cv",241,0.52790050108034
2,2,"cv",242,0.282587429795087
2,2,"cv",243,0.219595798273188
2,2,"cv",244,0.517794180816108
2,2,"cv",246,0.513387602343239
2,2,"cv",247,0.320110798596302
2,2,"cv",249,0.46989219477585
2,2,"cv",250,0.250116049341363
2,2,"cv",251,0.415343937910678
2,2,"cv",253,0.323438821243301
2,2,"cv",254,0.36387263533508
2,2,"cv",255,0.381293595894471
2,2,"cv",256,0.444046943945164
2,2,"cv",257,0.324257442092621
2,2,"cv",258,0.270935298277832
2,2,"cv",259,0.390192224806004
2,2,"cv",260,0.339825699332641
2,2,"cv",264,0.615745587040804
2,2,"cv",265,0.539528721757447
2,2,"cv",268,0.403329774285111
2,2,"cv",269,0.524289735764864
2,2,"holdout",49,0.478403651897588
2,2,"holdout",153,0.435880104123062
2,2,"holdout",74,0.363852816995948
2,2,"holdout",228,0.389423364706466
2,2,"holdout",146,0.43191385902285
2,2,"holdout",122,0.467229062841392
2,2,"holdout",270,0.248192640099227
2,2,"holdout",128,0.337231204491887
2,2,"holdout",24,0.518893976877321
2,2,"holdout",89,0.40811600978963
2,2,"holdout",165,0.46346721370054
2,2,"holdout",110,0.423550147658462
2,2,"holdout",20,0.500045833995827
2,2,"holdout",261,0.402729337271879
2,2,"holdout",27,0.413036740078602
2,2,"holdout",164,0.589162335858255
2,2,"holdout",229,0.27693790665224
2,2,"holdout",223,0.49227485769402
2,2,"holdout",109,0.357995079162764
2,2,"holdout",5,0.386842244699289
2,2,"holdout",212,0.445171406095454
2,2,"holdout",162,0.403870324307973
2,2,"holdout",92,0.50618279469272
2,2,"holdout",104,0.434463152063102
2,2,"holdout",3,0.425435527093627
2,2,"holdout",58,0.413654031961568
2,2,"holdout",225,0.22931327109339
2,2,"holdout",42,0.638596656085819
2,2,"holdout",262,0.543705464008744
2,2,"holdout",158,0.48791206459963
2,2,"holdout",43,0.528678108424241
2,2,"holdout",143,0.403202959093189
2,2,"holdout",150,0.500985787404138
2,2,"holdout",245,0.435243880308547
2,2,"holdout",136,0.462814544881096
2,2,"holdout",36,0.452749295983241
2,2,"holdout",68,0.563220034207526
2,2,"holdout",214,0.552090236510216
2,2,"holdout",266,0.357421806866618
2,2,"holdout",252,0.430280039077315
2,2,"holdout",248,0.281477632869044
2,2,"holdout",197,0.402032669115507
2,2,"holdout",4,0.318354433834751
2,2,"holdout",226,0.296244459536675
2,2,"holdout",178,0.290462116745749
2,2,"holdout",99,0.638598661419593
2,2,"holdout",216,0.402762027914258
2,2,"holdout",215,0.318611539489911
2,2,"holdout",177,0.353240253480273
2,2,"holdout",154,0.501395953699756
2,2,"holdout",114,0.320053355930589
2,2,"holdout",6,0.184502328881621
2,2,"holdout",134,0.458312619404867
2,2,"holdout",130,0.477226036573495
3,2,"cv",1,0.323652243391266
3,2,"cv",2,0.399527164806003
3,2,"cv",7,0.392541350992285
3,2,"cv",8,0.391965592671476
3,2,"cv",9,0.399597637456082
3,2,"cv",10,0.451892538615786
3,2,"cv",11,0.319134429388095
3,2,"cv",12,0.429082545077534
3,2,"cv",13,0.441014231450824
3,2,"cv",14,0.597795465562231
3,2,"cv",15,0.335302002372359
3,2,"cv",16,0.310599084501237
3,2,"cv",17,0.485997124672617
3,2,"cv",18,0.359145931703721
3,2,"cv",19,0.426464128416704
3,2,"cv",21,0.439668588373468
3,2,"cv",22,0.260879234426982
3,2,"cv",23,0.66891323441046
3,2,"cv",25,0.400237500040969
3,2,"cv",26,0.403576214759549
3,2,"cv",28,0.499136219419488
3,2,"cv",29,0.471880156269972
3,2,"cv",30,0.583947380107527
3,2,"cv",31,0.456086034032502
3,2,"cv",32,0.558903433605651
3,2,"cv",33,0.55355019825771
3,2,"cv",34,0.659119625807965
3,2,"cv",35,0.414208345107996
3,2,"cv",37,0.488265091283139
3,2,"cv",38,0.636270444602881
3,2,"cv",39,0.394857174855385
3,2,"cv",40,0.510251130831955
3,2,"cv",41,0.598199948630896
3,2,"cv",44,0.232997784442173
3,2,"cv",45,0.549818805530856
3,2,"cv",46,0.416649605551855
3,2,"cv",47,0.564641106943422
3,2,"cv",48,0.32162302027165
3,2,"cv",50,0.472094837181839
3,2,"cv",51,0.590510771331263
3,2,"cv",52,0.536831497103478
3,2,"cv",53,0.392507638467655
3,2,"cv",54,0.549704291942525
3,2,"cv",55,0.646324412136822
3,2,"cv",56,0.338381143162926
3,2,"cv",57,0.364794742490357
3,2,"cv",59,0.385070672134734
3,2,"cv",60,0.51683881480708
3,2,"cv",61,0.493372706088885
3,2,"cv",62,0.307711223379783
3,2,"cv",63,0.590698841116111
3,2,"cv",64,0.54357245687193
3,2,"cv",65,0.573539724804864
3,2,"cv",66,0.61627915409581
3,2,"cv",67,0.438538242150675
3,2,"cv",69,0.668502558134368
3,2,"cv",70,0.419930422073936
3,2,"cv",71,0.558397344078579
3,2,"cv",72,0.60942458097745
3,2,"cv",73,0.513338434811165
3,2,"cv",75,0.491553226113607
3,2,"cv",76,0.349679340727511
3,2,"cv",77,0.345628126890817
3,2,"cv",79,0.336356271410669
3,2,"cv",80,0.461129988545213
3,2,"cv",81,0.45578652578383
3,2,"cv",82,0.215843321258369
3,2,"cv",83,0.549489901779341
3,2,"cv",84,0.379247962954578
3,2,"cv",85,0.273391484777328
3,2,"cv",86,0.279076851998765
3,2,"cv",87,0.542475586521808
3,2,"cv",88,0.368642886994744
3,2,"cv",90,0.528400903885853
3,2,"cv",91,0.510552463995905
3,2,"cv",93,0.573296570565135
3,2,"cv",95,0.500554263419689
3,2,"cv",96,0.367363703915671
3,2,"cv",97,0.491705385830931
3,2,"cv",98,0.414375549183053
3,2,"cv",100,0.535174901147583
3,2,"cv",101,0.383092903554231
3,2,"cv",102,0.502672259320709
3,2,"cv",103,0.400000132595007
3,2,"cv",105,0.560135212687974
3,2,"cv",106,0.512503624758501
3,2,"cv",107,0.540979936115277
3,2,"cv",108,0.728699720099038
3,2,"cv",111,0.832131235035495
3,2,"cv",112,0.495377127656418
3,2,"cv",113,0.443570399676608
3,2,"cv",115,0.532148364439115
3,2,"cv",116,0.587771139665205
3,2,"cv",117,0.490726074264395
3,2,"cv",118,0.368567271502833
3,2,"cv",119,0.315362290816162
3,2,"cv",120,0.476285695558923
3,2,"cv",121,0.582374714959336
3,2,"cv",123,0.62665177336157
3,2,"cv",124,0.105416613711925
3,2,"cv",125,0.398739325208828
3,2,"cv",126,0.701651538171185
3,2,"cv",127,0.465935637740442
3,2,"cv",129,0.394789658737248
3,2,"cv",131,0.679371470850996
3,2,"cv",132,0.327248507923967
3,2,"cv",133,0.458883552170676
3,2,"cv",135,0.33454251327283
3,2,"cv",137,0.505334103725879
3,2,"cv",138,0.431870640744621
3,2,"cv",139,0.393855374539763
3,2,"cv",140,0.369742173960162
3,2,"cv",141,0.453694404201716
3,2,"cv",142,0.483895202592461
3,2,"cv",144,0.393860861428175
3,2,"cv",145,0.430642430633361
3,2,"cv",147,0.45327597397565
3,2,"cv",148,0.62962940606925
3,2,"cv",149,0.524995263161065
3,2,"cv",151,0.46768301161088
3,2,"cv",152,0.261793972312717
3,2,"cv",155,0.523917732483158
3,2,"cv",156,0.549231314341037
3,2,"cv",157,0.392474077355816
3,2,"cv",159,0.583717637776217
3,2,"cv",160,0.499471774384189
3,2,"cv",161,0.368446095792314
3,2,"cv",163,0.473881176809962
3,2,"cv",166,0.478382618394479
3,2,"cv",167,0.454560387086467
3,2,"cv",168,0.468540247071245
3,2,"cv",169,0.382221068550741
3,2,"cv",170,0.484723343640211
3,2,"cv",171,0.419288934893012
3,2,"cv",172,0.247325224479391
3,2,"cv",173,0.488851235959422
3,2,"cv",174,0.449193535497622
3,2,"cv",175,0.514836663991957
3,2,"cv",176,0.247650065372206
3,2,"cv",179,0.453492669620765
3,2,"cv",180,0.581976332983672
3,2,"cv",181,0.466424918467956
3,2,"cv",182,0.249390576391331
3,2,"cv",183,0.496258301974388
3,2,"cv",184,0.545617420736845
3,2,"cv",185,0.459244073762715
3,2,"cv",186,0.408297678508607
3,2,"cv",187,0.455446542214817
3,2,"cv",188,0.3853475828064
3,2,"cv",189,0.810251046904035
3,2,"cv",190,0.678864373284426
3,2,"cv",191,0.465822660890906
3,2,"cv",192,0.303897410395654
3,2,"cv",193,0.398769174602946
3,2,"cv",194,0.436943918224783
3,2,"cv",195,0.477257385264733
3,2,"cv",196,0.510328435331329
3,2,"cv",198,0.515469883601954
3,2,"cv",199,0.375282406313561
3,2,"cv",200,0.448015391410086
3,2,"cv",201,0.33898740390989
3,2,"cv",202,0.407794665359873
3,2,"cv",203,0.497588281532763
3,2,"cv",204,0.386510827514404
3,2,"cv",205,0.53442649115755
3,2,"cv",206,0.467884798287826
3,2,"cv",207,0.451823651112869
3,2,"cv",208,0.399906802194144
3,2,"cv",209,0.577928723165656
3,2,"cv",210,0.51767927788575
3,2,"cv",213,0.437569926726669
3,2,"cv",217,0.538842135974871
3,2,"cv",219,0.32391439410729
3,2,"cv",220,0.548441621513416
3,2,"cv",221,0.463009041129644
3,2,"cv",222,0.524521886415183
3,2,"cv",224,0.56118793646575
3,2,"cv",230,0.409391122819356
3,2,"cv",231,0.431574102813399
3,2,"cv",232,0.540232920905547
3,2,"cv",233,0.550241341427396
3,2,"cv",234,0.376701850213328
3,2,"cv",235,0.471088879174753
3,2,"cv",236,0.270917547858758
3,2,"cv",237,0.189285138957594
3,2,"cv",238,0.592341191474911
3,2,"cv",239,0.341332863299937
3,2,"cv",240,0.235716063122284
3,2,"cv",241,0.532381120558934
3,2,"cv",242,0.281035538184235
3,2,"cv",243,0.213852225444992
3,2,"cv",244,0.527917782136294
3,2,"cv",246,0.487374173492161
3,2,"cv",247,0.332283382246996
3,2,"cv",249,0.445879343681868
3,2,"cv",250,0.25472827492816
3,2,"cv",251,0.385774935470404
3,2,"cv",253,0.324476336847651
3,2,"cv",254,0.351450007849781
3,2,"cv",255,0.381237561019845
3,2,"cv",256,0.444533098611536
3,2,"cv",257,0.332072505232478
3,2,"cv",258,0.250493929681356
3,2,"cv",259,0.377536701218215
3,2,"cv",260,0.334692174453044
3,2,"cv",264,0.605179219989929
3,2,"cv",265,0.526495541618841
3,2,"cv",268,0.389553743650229
3,2,"cv",269,0.524113696886726
3,2,"holdout",49,0.477721450372833
3,2,"holdout",153,0.452562340605598
3,2,"holdout",74,0.359670838822478
3,2,"holdout",228,0.405241690198656
3,2,"holdout",146,0.421956548620688
3,2,"holdout",122,0.46314307371016
3,2,"holdout",270,0.281679781358832
3,2,"holdout",128,0.357263539077667
3,2,"holdout",24,0.518715069977732
3,2,"holdout",89,0.395097698818245
3,2,"holdout",165,0.484383540073495
3,2,"holdout",110,0.434493344977146
3,2,"holdout",20,0.486167747561377
3,2,"holdout",261,0.408024623282907
3,2,"holdout",27,0.408397278221506
3,2,"holdout",164,0.585710976042886
3,2,"holdout",229,0.287906933587484
3,2,"holdout",223,0.485192558297503
3,2,"holdout",109,0.362725831115403
3,2,"holdout",5,0.392243148212954
3,2,"holdout",212,0.460095075996006
3,2,"holdout",162,0.411138882310855
3,2,"holdout",92,0.492466447828407
3,2,"holdout",104,0.434276658263934
3,2,"holdout",3,0.417744728545138
3,2,"holdout",58,0.419021052275947
3,2,"holdout",225,0.236022130106476
3,2,"holdout",42,0.620282200611017
3,2,"holdout",262,0.53355010236516
3,2,"holdout",158,0.474729928559949
3,2,"holdout",43,0.528757165611092
3,2,"holdout",143,0.408051683439382
3,2,"holdout",150,0.492051272006471
3,2,"holdout",245,0.441312351638333
3,2,"holdout",136,0.445596521034739
3,2,"holdout",36,0.432320758924917
3,2,"holdout",68,0.551232641249941
3,2,"holdout",214,0.547515517319906
3,2,"holdout",266,0.350860230096821
3,2,"holdout",252,0.442836593749937
3,2,"holdout",248,0.28644768415022
3,2,"holdout",197,0.41257841722898
3,2,"holdout",4,0.335919523115924
3,2,"holdout",226,0.299224920531872
3,2,"holdout",178,0.301781503755579
3,2,"holdout",99,0.597715541830264
3,2,"holdout",216,0.402149400649386
3,2,"holdout",215,0.320247174261286
3,2,"holdout",177,0.34599602832495
3,2,"holdout",154,0.489081137248759
3,2,"holdout",114,0.318911069635861
3,2,"holdout",6,0.194127946171376
3,2,"holdout",134,0.450195077863389
3,2,"holdout",130,0.46700643921609
1,3,"cv",1,0.322992876637544
1,3,"cv",2,0.419209348261135
1,3,"cv",7,0.390127981816829
1,3,"cv",8,0.38128074308634
1,3,"cv",9,0.407225808548317
1,3,"cv",10,0.422526076919296
1,3,"cv",11,0.292034234825984
1,3,"cv",12,0.434491111469664
1,3,"cv",13,0.42533870372399
1,3,"cv",14,0.597835183301547
1,3,"cv",15,0.351384973515576
1,3,"cv",16,0.331435788794375
1,3,"cv",17,0.532433981199609
1,3,"cv",18,0.37112218980975
1,3,"cv",19,0.412527273527416
1,3,"cv",21,0.434953738781597
1,3,"cv",22,0.281194215921778
1,3,"cv",23,0.644961236216635
1,3,"cv",25,0.419344331984015
1,3,"cv",26,0.400686275976161
1,3,"cv",28,0.503003223718767
1,3,"cv",29,0.476708105311462
1,3,"cv",30,0.584997491745025
1,3,"cv",31,0.480531747767151
1,3,"cv",32,0.580110259730523
1,3,"cv",33,0.545622934596028
1,3,"cv",34,0.662752757251603
1,3,"cv",35,0.431141588007807
1,3,"cv",37,0.482570490796687
1,3,"cv",38,0.614214964442692
1,3,"cv",39,0.394870563813676
1,3,"cv",40,0.486706975418933
1,3,"cv",41,0.59998379135119
1,3,"cv",44,0.241603540171772
1,3,"cv",45,0.512163961008795
1,3,"cv",46,0.429215243506684
1,3,"cv",47,0.552886235664797
1,3,"cv",48,0.33560710223022
1,3,"cv",50,0.462602427281388
1,3,"cv",51,0.630269839620714
1,3,"cv",52,0.559775433203573
1,3,"cv",53,0.417571183586581
1,3,"cv",54,0.56772564844421
1,3,"cv",55,0.647418687341272
1,3,"cv",56,0.395480628866234
1,3,"cv",57,0.370180300678307
1,3,"cv",59,0.410181892453228
1,3,"cv",60,0.496131160173378
1,3,"cv",61,0.496694675315
1,3,"cv",62,0.342331493137754
1,3,"cv",63,0.591475796587949
1,3,"cv",64,0.5423972520904
1,3,"cv",65,0.593123339484952
1,3,"cv",66,0.619188662338295
1,3,"cv",67,0.435582058476075
1,3,"cv",69,0.65007836588736
1,3,"cv",70,0.450155948138031
1,3,"cv",71,0.594609781737383
1,3,"cv",72,0.619500872492773
1,3,"cv",73,0.527942546733461
1,3,"cv",75,0.50189082534418
1,3,"cv",76,0.358598531902779
1,3,"cv",77,0.341432077542407
1,3,"cv",79,0.3674913725235
1,3,"cv",80,0.47688702007106
1,3,"cv",81,0.445365680495749
1,3,"cv",82,0.266282091883922
1,3,"cv",83,0.527287954695541
1,3,"cv",84,0.386276732501863
1,3,"cv",85,0.263840735410235
1,3,"cv",86,0.338735304211189
1,3,"cv",87,0.545069395823347
1,3,"cv",88,0.38743282828861
1,3,"cv",90,0.50967543160088
1,3,"cv",91,0.487572449535646
1,3,"cv",93,0.549595090065795
1,3,"cv",95,0.524880972224276
1,3,"cv",96,0.385167430752099
1,3,"cv",97,0.495016827126458
1,3,"cv",98,0.432433803548147
1,3,"cv",100,0.521849573207018
1,3,"cv",101,0.325864883206737
1,3,"cv",102,0.483365057137087
1,3,"cv",103,0.388048598879816
1,3,"cv",105,0.545109968179881
1,3,"cv",106,0.531027909153134
1,3,"cv",107,0.562703130091019
1,3,"cv",108,0.752172482637018
1,3,"cv",111,0.784365836242492
1,3,"cv",112,0.470130955765247
1,3,"cv",113,0.453351871208288
1,3,"cv",115,0.519522426714772
1,3,"cv",116,0.581291333995256
1,3,"cv",117,0.505608580304149
1,3,"cv",118,0.336121169440532
1,3,"cv",119,0.328724544953303
1,3,"cv",120,0.471120089710166
1,3,"cv",121,0.628337818528026
1,3,"cv",123,0.628408647277508
1,3,"cv",124,0.094235910249395
1,3,"cv",125,0.40111379073244
1,3,"cv",126,0.632422698371557
1,3,"cv",127,0.434827671693379
1,3,"cv",129,0.402387893842123
1,3,"cv",131,0.649696974805821
1,3,"cv",132,0.312182585092289
1,3,"cv",133,0.444802164910454
1,3,"cv",135,0.338673807536669
1,3,"cv",137,0.5168911276872
1,3,"cv",138,0.419351364877082
1,3,"cv",139,0.399564763759539
1,3,"cv",140,0.365436260180775
1,3,"cv",141,0.458641791723874
1,3,"cv",142,0.477921400363764
1,3,"cv",144,0.400015108774512
1,3,"cv",145,0.418378570663752
1,3,"cv",147,0.450051927963146
1,3,"cv",148,0.624116772523854
1,3,"cv",149,0.521919252076111
1,3,"cv",151,0.488157552612524
1,3,"cv",152,0.266883635746644
1,3,"cv",155,0.531454021939275
1,3,"cv",156,0.548421435958452
1,3,"cv",157,0.39034978901155
1,3,"cv",159,0.601071186399472
1,3,"cv",160,0.486360509853723
1,3,"cv",161,0.403304948689318
1,3,"cv",163,0.45175302220076
1,3,"cv",166,0.468451813806784
1,3,"cv",167,0.464186981587505
1,3,"cv",168,0.476948176200908
1,3,"cv",169,0.372332582544793
1,3,"cv",170,0.413930854979251
1,3,"cv",171,0.428249843734022
1,3,"cv",172,0.221047410665797
1,3,"cv",173,0.500864598526162
1,3,"cv",174,0.41282839475284
1,3,"cv",175,0.527962772622085
1,3,"cv",176,0.273023299717768
1,3,"cv",179,0.434856777660544
1,3,"cv",180,0.563588658583067
1,3,"cv",181,0.437494049477591
1,3,"cv",182,0.228219140704336
1,3,"cv",183,0.502742043990078
1,3,"cv",184,0.535628711502375
1,3,"cv",185,0.452094265043152
1,3,"cv",186,0.422321023723642
1,3,"cv",187,0.443590094292934
1,3,"cv",188,0.382519903733339
1,3,"cv",189,0.783127956842727
1,3,"cv",190,0.652563242512519
1,3,"cv",191,0.447390316941489
1,3,"cv",192,0.300584683815038
1,3,"cv",193,0.399971308245464
1,3,"cv",194,0.443159317768029
1,3,"cv",195,0.54226569600212
1,3,"cv",196,0.49069841342705
1,3,"cv",198,0.525272670152042
1,3,"cv",199,0.373526164694881
1,3,"cv",200,0.464021657759856
1,3,"cv",201,0.385655671176803
1,3,"cv",202,0.422306010208788
1,3,"cv",203,0.491732446229313
1,3,"cv",204,0.392179490628333
1,3,"cv",205,0.524717104806169
1,3,"cv",206,0.438892669985788
1,3,"cv",207,0.446248518230947
1,3,"cv",208,0.393578862593063
1,3,"cv",209,0.551571739809526
1,3,"cv",210,0.534240372847227
1,3,"cv",213,0.435414954616066
1,3,"cv",217,0.53560607414089
1,3,"cv",219,0.324668528414737
1,3,"cv",220,0.598499351724505
1,3,"cv",221,0.457828697212066
1,3,"cv",222,0.520524383303413
1,3,"cv",224,0.55100677624072
1,3,"cv",230,0.422450645388856
1,3,"cv",231,0.442275130368531
1,3,"cv",232,0.549542976077377
1,3,"cv",233,0.578135152713632
1,3,"cv",234,0.415634105870692
1,3,"cv",235,0.468115758312652
1,3,"cv",236,0.381759769559604
1,3,"cv",237,0.201135551643573
1,3,"cv",238,0.620626548726662
1,3,"cv",239,0.337995479918931
1,3,"cv",240,0.239596895080748
1,3,"cv",241,0.525652987014561
1,3,"cv",242,0.285170105238952
1,3,"cv",243,0.195761181146945
1,3,"cv",244,0.544673470971154
1,3,"cv",246,0.508927053200282
1,3,"cv",247,0.344830899656189
1,3,"cv",249,0.469926739088241
1,3,"cv",250,0.263476524060004
1,3,"cv",251,0.43136848793018
1,3,"cv",253,0.319017534700116
1,3,"cv",254,0.356313380765754
1,3,"cv",255,0.373854062215168
1,3,"cv",256,0.434333474853142
1,3,"cv",257,0.365281411532196
1,3,"cv",258,0.264631847763754
1,3,"cv",259,0.391750867020554
1,3,"cv",260,0.32403851229047
1,3,"cv",264,0.61173510203232
1,3,"cv",265,0.546628045708507
1,3,"cv",268,0.399935127551877
1,3,"cv",269,0.508431618568569
1,3,"holdout",49,0.478403883123938
1,3,"holdout",153,0.43609855437913
1,3,"holdout",74,0.369029208870158
1,3,"holdout",228,0.389070319121589
1,3,"holdout",146,0.44273278562669
1,3,"holdout",122,0.467912365933488
1,3,"holdout",270,0.250405095544016
1,3,"holdout",128,0.337815811640642
1,3,"holdout",24,0.51823295275298
1,3,"holdout",89,0.413074745096287
1,3,"holdout",165,0.462527330314178
1,3,"holdout",110,0.423313406577095
1,3,"holdout",20,0.499221004182348
1,3,"holdout",261,0.391471767147068
1,3,"holdout",27,0.425191842400519
1,3,"holdout",164,0.588258428895323
1,3,"holdout",229,0.277814150616086
1,3,"holdout",223,0.490447190154254
1,3,"holdout",109,0.352385622038439
1,3,"holdout",5,0.392927148496612
1,3,"holdout",212,0.44959420244641
1,3,"holdout",162,0.404261353956945
1,3,"holdout",92,0.504042970102796
1,3,"holdout",104,0.434221240996154
1,3,"holdout",3,0.4323241468601
1,3,"holdout",58,0.412394157079512
1,3,"holdout",225,0.231428269692866
1,3,"holdout",42,0.635331907949836
1,3,"holdout",262,0.541083134503201
1,3,"holdout",158,0.485607613390224
1,3,"holdout",43,0.530401238399647
1,3,"holdout",143,0.411675758216566
1,3,"holdout",150,0.498745280146315
1,3,"holdout",245,0.433113991630105
1,3,"holdout",136,0.459842773017783
1,3,"holdout",36,0.448821325900038
1,3,"holdout",68,0.564194480614506
1,3,"holdout",214,0.557133122343322
1,3,"holdout",266,0.356783526858131
1,3,"holdout",252,0.431496861885657
1,3,"holdout",248,0.275861184776858
1,3,"holdout",197,0.404347824214748
1,3,"holdout",4,0.322706257225699
1,3,"holdout",226,0.293563132990166
1,3,"holdout",178,0.283802725650965
1,3,"holdout",99,0.637476144166986
1,3,"holdout",216,0.401597393453051
1,3,"holdout",215,0.32389074258813
1,3,"holdout",177,0.35179633523251
1,3,"holdout",154,0.497634611428451
1,3,"holdout",114,0.318148185811914
1,3,"holdout",6,0.192036351312591
1,3,"holdout",134,0.457132011075731
1,3,"holdout",130,0.491538790840822
2,3,"cv",1,0.330449205591976
2,3,"cv",2,0.42969463049025
2,3,"cv",7,0.415886057677746
2,3,"cv",8,0.385048867316334
2,3,"cv",9,0.405070005033427
2,3,"cv",10,0.447704735066257
2,3,"cv",11,0.302511632466604
2,3,"cv",12,0.438456890721283
2,3,"cv",13,0.450437993750187
2,3,"cv",14,0.586039911292562
2,3,"cv",15,0.330517870492895
2,3,"cv",16,0.333772392819046
2,3,"cv",17,0.555631718286667
2,3,"cv",18,0.361976242968337
2,3,"cv",19,0.429062165423217
2,3,"cv",21,0.447400941366364
2,3,"cv",22,0.233878025997983
2,3,"cv",23,0.676825876329027
2,3,"cv",25,0.404910609381137
2,3,"cv",26,0.379747482882926
2,3,"cv",28,0.503858806841588
2,3,"cv",29,0.465525835257385
2,3,"cv",30,0.571109931737021
2,3,"cv",31,0.439105386999669
2,3,"cv",32,0.563827907426224
2,3,"cv",33,0.549001689174495
2,3,"cv",34,0.682765331118586
2,3,"cv",35,0.410295443892346
2,3,"cv",37,0.479167636876678
2,3,"cv",38,0.663480051501838
2,3,"cv",39,0.45278740092323
2,3,"cv",40,0.487388408841276
2,3,"cv",41,0.58529073679505
2,3,"cv",44,0.246398962230442
2,3,"cv",45,0.509223114892527
2,3,"cv",46,0.425408636615056
2,3,"cv",47,0.550182577162692
2,3,"cv",48,0.297872483547411
2,3,"cv",50,0.479475184166726
2,3,"cv",51,0.591163652674964
2,3,"cv",52,0.581799319712113
2,3,"cv",53,0.393761703474992
2,3,"cv",54,0.546386729340041
2,3,"cv",55,0.664476926560377
2,3,"cv",56,0.408138152178284
2,3,"cv",57,0.370515128705498
2,3,"cv",59,0.403080715951807
2,3,"cv",60,0.523517144286456
2,3,"cv",61,0.498078906210999
2,3,"cv",62,0.316333923789617
2,3,"cv",63,0.603949277623712
2,3,"cv",64,0.537677663114421
2,3,"cv",65,0.577582696524032
2,3,"cv",66,0.652737729749622
2,3,"cv",67,0.427858820096138
2,3,"cv",69,0.6671566588767
2,3,"cv",70,0.425249440250843
2,3,"cv",71,0.606849860935312
2,3,"cv",72,0.620119695946989
2,3,"cv",73,0.529344707900791
2,3,"cv",75,0.543977852814293
2,3,"cv",76,0.325737125641083
2,3,"cv",77,0.319948496125761
2,3,"cv",79,0.363845402112352
2,3,"cv",80,0.470734081755148
2,3,"cv",81,0.453774966828368
2,3,"cv",82,0.221666687937835
2,3,"cv",83,0.577701428474765
2,3,"cv",84,0.413250210978056
2,3,"cv",85,0.236948513161023
2,3,"cv",86,0.350505984535276
2,3,"cv",87,0.51784541927476
2,3,"cv",88,0.380651212146659
2,3,"cv",90,0.533271535838558
2,3,"cv",91,0.494480562582886
2,3,"cv",93,0.580385275954138
2,3,"cv",95,0.515339284690414
2,3,"cv",96,0.356331143630402
2,3,"cv",97,0.497229272657352
2,3,"cv",98,0.374186780623997
2,3,"cv",100,0.535834538819916
2,3,"cv",101,0.374666797783263
2,3,"cv",102,0.541537764223277
2,3,"cv",103,0.419381118439807
2,3,"cv",105,0.553634654927781
2,3,"cv",106,0.541300817365605
2,3,"cv",107,0.557471492963051
2,3,"cv",108,0.724288770441998
2,3,"cv",111,0.817606319293585
2,3,"cv",112,0.468153477691915
2,3,"cv",113,0.438110478123442
2,3,"cv",115,0.527876596317931
2,3,"cv",116,0.595604703224462
2,3,"cv",117,0.50186172894089
2,3,"cv",118,0.34608166609044
2,3,"cv",119,0.306289979720814
2,3,"cv",120,0.46081582561573
2,3,"cv",121,0.614511464583014
2,3,"cv",123,0.624100798441867
2,3,"cv",124,0.110226095807675
2,3,"cv",125,0.400326012713591
2,3,"cv",126,0.6828922618563
2,3,"cv",127,0.472835722088207
2,3,"cv",129,0.42649276516077
2,3,"cv",131,0.668424802535879
2,3,"cv",132,0.329039694072025
2,3,"cv",133,0.451397536512715
2,3,"cv",135,0.316319109297725
2,3,"cv",137,0.510968170891169
2,3,"cv",138,0.428186401575555
2,3,"cv",139,0.348698622152258
2,3,"cv",140,0.376553401931694
2,3,"cv",141,0.460259581348238
2,3,"cv",142,0.500669284866471
2,3,"cv",144,0.3869283672944
2,3,"cv",145,0.413102284903129
2,3,"cv",147,0.455371228828232
2,3,"cv",148,0.625996320242037
2,3,"cv",149,0.542315278012201
2,3,"cv",151,0.409544876876672
2,3,"cv",152,0.262021647774317
2,3,"cv",155,0.524549107434667
2,3,"cv",156,0.555038694854961
2,3,"cv",157,0.37707111197886
2,3,"cv",159,0.598957405330639
2,3,"cv",160,0.496752929390026
2,3,"cv",161,0.390602046769305
2,3,"cv",163,0.457251226622996
2,3,"cv",166,0.468766015987739
2,3,"cv",167,0.467987823247865
2,3,"cv",168,0.456464283689755
2,3,"cv",169,0.379155710947005
2,3,"cv",170,0.437315621820018
2,3,"cv",171,0.438888778302752
2,3,"cv",172,0.210695981546473
2,3,"cv",173,0.456103578114987
2,3,"cv",174,0.423385107714853
2,3,"cv",175,0.534672949593505
2,3,"cv",176,0.271292200418224
2,3,"cv",179,0.44830423043573
2,3,"cv",180,0.566618043653782
2,3,"cv",181,0.466541298943433
2,3,"cv",182,0.232070964743134
2,3,"cv",183,0.499286980134323
2,3,"cv",184,0.536988078895649
2,3,"cv",185,0.448201321093853
2,3,"cv",186,0.442625974018068
2,3,"cv",187,0.450624856394212
2,3,"cv",188,0.388206113607019
2,3,"cv",189,0.796197589054415
2,3,"cv",190,0.707560525761222
2,3,"cv",191,0.449568385075987
2,3,"cv",192,0.29498618546227
2,3,"cv",193,0.399312664342143
2,3,"cv",194,0.442430321532105
2,3,"cv",195,0.447833000871698
2,3,"cv",196,0.531014548741043
2,3,"cv",198,0.496025365012579
2,3,"cv",199,0.39772724990127
2,3,"cv",200,0.461254994875193
2,3,"cv",201,0.35636713293287
2,3,"cv",202,0.416892119734159
2,3,"cv",203,0.509235483158343
2,3,"cv",204,0.401400601190845
2,3,"cv",205,0.525187178202368
2,3,"cv",206,0.464109771776088
2,3,"cv",207,0.453045323104461
2,3,"cv",208,0.39364593770859
2,3,"cv",209,0.543469185306337
2,3,"cv",210,0.517122999665015
2,3,"cv",213,0.432031848531686
2,3,"cv",217,0.532855420233671
2,3,"cv",219,0.298847993441585
2,3,"cv",220,0.547094295919143
2,3,"cv",221,0.456362973873752
2,3,"cv",222,0.523030410889277
2,3,"cv",224,0.553810791969475
2,3,"cv",230,0.40420810836289
2,3,"cv",231,0.430403105971298
2,3,"cv",232,0.558492746523499
2,3,"cv",233,0.565775240207183
2,3,"cv",234,0.384102160168366
2,3,"cv",235,0.464417242950537
2,3,"cv",236,0.293842711201518
2,3,"cv",237,0.147885077378998
2,3,"cv",238,0.581274278355688
2,3,"cv",239,0.394139261367791
2,3,"cv",240,0.212078173066026
2,3,"cv",241,0.527587849261345
2,3,"cv",242,0.281499257313439
2,3,"cv",243,0.200798352917861
2,3,"cv",244,0.517451833177183
2,3,"cv",246,0.513301985436102
2,3,"cv",247,0.291290810684244
2,3,"cv",249,0.465670272741129
2,3,"cv",250,0.246796260913338
2,3,"cv",251,0.423163161137453
2,3,"cv",253,0.309123005518363
2,3,"cv",254,0.361484415829049
2,3,"cv",255,0.380087900028219
2,3,"cv",256,0.447118832850052
2,3,"cv",257,0.323302027435147
2,3,"cv",258,0.263084723658208
2,3,"cv",259,0.385335224776481
2,3,"cv",260,0.336273209803009
2,3,"cv",264,0.613693241989627
2,3,"cv",265,0.525249896003774
2,3,"cv",268,0.400309361973483
2,3,"cv",269,0.524822025132684
2,3,"holdout",49,0.477582319189831
2,3,"holdout",153,0.439212571106774
2,3,"holdout",74,0.369425118819572
2,3,"holdout",228,0.395745635650755
2,3,"holdout",146,0.440417386082757
2,3,"holdout",122,0.465837350774901
2,3,"holdout",270,0.256798718226405
2,3,"holdout",128,0.347695445121148
2,3,"holdout",24,0.515687640288076
2,3,"holdout",89,0.414523959456999
2,3,"holdout",165,0.466780656189725
2,3,"holdout",110,0.426232677335424
2,3,"holdout",20,0.49757233990013
2,3,"holdout",261,0.39385509607962
2,3,"holdout",27,0.416409459639174
2,3,"holdout",164,0.586805445632688
2,3,"holdout",229,0.28025450286461
2,3,"holdout",223,0.489587236379524
2,3,"holdout",109,0.351025937970833
2,3,"holdout",5,0.391425866346379
2,3,"holdout",212,0.451231867311859
2,3,"holdout",162,0.404007448924374
2,3,"holdout",92,0.501807853614445
2,3,"holdout",104,0.434239788223416
2,3,"holdout",3,0.424153491909529
2,3,"holdout",58,0.411610851310371
2,3,"holdout",225,0.232717297508759
2,3,"holdout",42,0.629434019168213
2,3,"holdout",262,0.539979902645106
2,3,"holdout",158,0.482573897592168
2,3,"holdout",43,0.530149819799189
2,3,"holdout",143,0.41777189584434
2,3,"holdout",150,0.495116641917315
2,3,"holdout",245,0.438842466595254
2,3,"holdout",136,0.454463780735325
2,3,"holdout",36,0.443686469376031
2,3,"holdout",68,0.561841405944855
2,3,"holdout",214,0.552124852355589
2,3,"holdout",266,0.354071359596673
2,3,"holdout",252,0.436686818671051
2,3,"holdout",248,0.275829198875218
2,3,"holdout",197,0.407783213225743
2,3,"holdout",4,0.3263438167724
2,3,"holdout",226,0.293702322116865
2,3,"holdout",178,0.288174292230281
2,3,"holdout",99,0.625439801806076
2,3,"holdout",216,0.403976704587094
2,3,"holdout",215,0.327085089717011
2,3,"holdout",177,0.349870540663388
2,3,"holdout",154,0.495837343667427
2,3,"holdout",114,0.315783931772738
2,3,"holdout",6,0.202042566642387
2,3,"holdout",134,0.451047378946113
2,3,"holdout",130,0.490799316962188
3,3,"cv",1,0.32367118497382
3,3,"cv",2,0.396828824343365
3,3,"cv",7,0.397954882540471
3,3,"cv",8,0.396604140454162
3,3,"cv",9,0.396113710180988
3,3,"cv",10,0.451479861180748
3,3,"cv",11,0.313765517327695
3,3,"cv",12,0.435015728002915
3,3,"cv",13,0.441362866902834
3,3,"cv",14,0.600940445341322
3,3,"cv",15,0.336718798762297
3,3,"cv",16,0.309092341632372
3,3,"cv",17,0.493924855597339
3,3,"cv",18,0.359828859644778
3,3,"cv",19,0.423812472777626
3,3,"cv",21,0.437029442144798
3,3,"cv",22,0.250427710522455
3,3,"cv",23,0.671776566066631
3,3,"cv",25,0.400444861885854
3,3,"cv",26,0.395476372330516
3,3,"cv",28,0.502044825416709
3,3,"cv",29,0.467599285206009
3,3,"cv",30,0.577697399772014
3,3,"cv",31,0.45896441685215
3,3,"cv",32,0.559921011570393
3,3,"cv",33,0.548901743954015
3,3,"cv",34,0.662681425188081
3,3,"cv",35,0.423289273057567
3,3,"cv",37,0.481545513200089
3,3,"cv",38,0.631824023868656
3,3,"cv",39,0.410303176110922
3,3,"cv",40,0.50742818143993
3,3,"cv",41,0.59758804962524
3,3,"cv",44,0.230367668217614
3,3,"cv",45,0.549493095081164
3,3,"cv",46,0.420776388056733
3,3,"cv",47,0.558894077144379
3,3,"cv",48,0.302506749878431
3,3,"cv",50,0.478501419514544
3,3,"cv",51,0.602578277631552
3,3,"cv",52,0.542251472530189
3,3,"cv",53,0.393724008844588
3,3,"cv",54,0.547049799910531
3,3,"cv",55,0.640780298156134
3,3,"cv",56,0.345948449933986
3,3,"cv",57,0.362658293038682
3,3,"cv",59,0.397079720464323
3,3,"cv",60,0.519205391085893
3,3,"cv",61,0.497239773272168
3,3,"cv",62,0.313039186770604
3,3,"cv",63,0.587182523521632
3,3,"cv",64,0.545325291049862
3,3,"cv",65,0.574140111905032
3,3,"cv",66,0.630722666806709
3,3,"cv",67,0.437253407637676
3,3,"cv",69,0.658720759506842
3,3,"cv",70,0.443220017621366
3,3,"cv",71,0.566019504324537
3,3,"cv",72,0.610718352939984
3,3,"cv",73,0.514848586131452
3,3,"cv",75,0.483608808295463
3,3,"cv",76,0.346518879592877
3,3,"cv",77,0.346480506412293
3,3,"cv",79,0.334033063192273
3,3,"cv",80,0.458040161912922
3,3,"cv",81,0.456605497859236
3,3,"cv",82,0.213150354352311
3,3,"cv",83,0.56000882760698
3,3,"cv",84,0.405835321751933
3,3,"cv",85,0.272753931301193
3,3,"cv",86,0.281116047806271
3,3,"cv",87,0.536537019478543
3,3,"cv",88,0.37244331755282
3,3,"cv",90,0.539609841583193
3,3,"cv",91,0.503678860723031
3,3,"cv",93,0.573793918060108
3,3,"cv",95,0.5032080753581
3,3,"cv",96,0.364446591185187
3,3,"cv",97,0.484263317753761
3,3,"cv",98,0.407627879697694
3,3,"cv",100,0.52726155614836
3,3,"cv",101,0.375096144021268
3,3,"cv",102,0.515066818427698
3,3,"cv",103,0.394147227588059
3,3,"cv",105,0.560828814770725
3,3,"cv",106,0.515413681120152
3,3,"cv",107,0.539399573519481
3,3,"cv",108,0.728764933960132
3,3,"cv",111,0.835721435659751
3,3,"cv",112,0.500209962492803
3,3,"cv",113,0.443150582271941
3,3,"cv",115,0.53473438088451
3,3,"cv",116,0.596556312900134
3,3,"cv",117,0.490996854115769
3,3,"cv",118,0.370466299923883
3,3,"cv",119,0.311896051281407
3,3,"cv",120,0.47468670227688
3,3,"cv",121,0.592548453954492
3,3,"cv",123,0.629980974782489
3,3,"cv",124,0.0946807188067524
3,3,"cv",125,0.393242102200827
3,3,"cv",126,0.6717136536961
3,3,"cv",127,0.465219247642887
3,3,"cv",129,0.410576565408786
3,3,"cv",131,0.673934370371996
3,3,"cv",132,0.332327871470857
3,3,"cv",133,0.452470608983699
3,3,"cv",135,0.328462539138671
3,3,"cv",137,0.503858238979191
3,3,"cv",138,0.427735144013346
3,3,"cv",139,0.388222131132481
3,3,"cv",140,0.380464253311787
3,3,"cv",141,0.438397802273429
3,3,"cv",142,0.500233185777399
3,3,"cv",144,0.388249705955135
3,3,"cv",145,0.442741687472255
3,3,"cv",147,0.461218779256633
3,3,"cv",148,0.626168835572811
3,3,"cv",149,0.525469529888089
3,3,"cv",151,0.472652262101045
3,3,"cv",152,0.26046379575476
3,3,"cv",155,0.521657347379967
3,3,"cv",156,0.545362146025009
3,3,"cv",157,0.404131700058142
3,3,"cv",159,0.579410261145561
3,3,"cv",160,0.496446131736648
3,3,"cv",161,0.381028507363945
3,3,"cv",163,0.468742269225181
3,3,"cv",166,0.474012457826063
3,3,"cv",167,0.457054323988143
3,3,"cv",168,0.483955973384752
3,3,"cv",169,0.387165499712663
3,3,"cv",170,0.467536002581991
3,3,"cv",171,0.422590280200646
3,3,"cv",172,0.239788307616329
3,3,"cv",173,0.494352724552657
3,3,"cv",174,0.443959778188685
3,3,"cv",175,0.518037015236
3,3,"cv",176,0.256917484624964
3,3,"cv",179,0.451725266278992
3,3,"cv",180,0.578007707476537
3,3,"cv",181,0.467291757435058
3,3,"cv",182,0.243126545388738
3,3,"cv",183,0.496345273350767
3,3,"cv",184,0.539718282269652
3,3,"cv",185,0.462607546339272
3,3,"cv",186,0.40605491326028
3,3,"cv",187,0.451430344723016
3,3,"cv",188,0.382739985988788
3,3,"cv",189,0.807058636489361
3,3,"cv",190,0.684387138064695
3,3,"cv",191,0.465396468322961
3,3,"cv",192,0.310020323700227
3,3,"cv",193,0.402692566451983
3,3,"cv",194,0.430628874567234
3,3,"cv",195,0.472875169825707
3,3,"cv",196,0.513507411953684
3,3,"cv",198,0.517271044808408
3,3,"cv",199,0.374022155507796
3,3,"cv",200,0.448047397805389
3,3,"cv",201,0.337228604348189
3,3,"cv",202,0.408898129382936
3,3,"cv",203,0.499286161563821
3,3,"cv",204,0.387960192229589
3,3,"cv",205,0.536491414036954
3,3,"cv",206,0.450964427743412
3,3,"cv",207,0.44885391482971
3,3,"cv",208,0.396272197916202
3,3,"cv",209,0.578797410775788
3,3,"cv",210,0.5228873759716
3,3,"cv",213,0.439008810421802
3,3,"cv",217,0.537418339960536
3,3,"cv",219,0.329799518688943
3,3,"cv",220,0.559151433634666
3,3,"cv",221,0.460131505915211
3,3,"cv",222,0.529630389941898
3,3,"cv",224,0.560668369591584
3,3,"cv",230,0.401865728803666
3,3,"cv",231,0.429594625803283
3,3,"cv",232,0.547696391484443
3,3,"cv",233,0.546884393010422
3,3,"cv",234,0.368522556899429
3,3,"cv",235,0.467860706301717
3,3,"cv",236,0.263144114523527
3,3,"cv",237,0.169394150614502
3,3,"cv",238,0.59442365019899
3,3,"cv",239,0.341956054528499
3,3,"cv",240,0.24688510453397
3,3,"cv",241,0.520064765886334
3,3,"cv",242,0.278656296648147
3,3,"cv",243,0.202093544064069
3,3,"cv",244,0.531161926511284
3,3,"cv",246,0.484537634553235
3,3,"cv",247,0.323700762807567
3,3,"cv",249,0.457167830336426
3,3,"cv",250,0.261629380497808
3,3,"cv",251,0.376867324849388
3,3,"cv",253,0.331919107345396
3,3,"cv",254,0.352845596872004
3,3,"cv",255,0.381174165721155
3,3,"cv",256,0.444724910149993
3,3,"cv",257,0.332516375421615
3,3,"cv",258,0.240927179617978
3,3,"cv",259,0.373399225241871
3,3,"cv",260,0.332627788624934
3,3,"cv",264,0.607985688467004
3,3,"cv",265,0.515709743606588
3,3,"cv",268,0.394367426982139
3,3,"cv",269,0.529481353611164
3,3,"holdout",49,0.47473817975071
3,3,"holdout",153,0.439549812727426
3,3,"holdout",74,0.360334039078858
3,3,"holdout",228,0.397269360642119
3,3,"holdout",146,0.439858118821096
3,3,"holdout",122,0.465065020529588
3,3,"holdout",270,0.261965427356487
3,3,"holdout",128,0.358126166801581
3,3,"holdout",24,0.515542502906318
3,3,"holdout",89,0.413097271726372
3,3,"holdout",165,0.479270721370649
3,3,"holdout",110,0.425735710235991
3,3,"holdout",20,0.495364368632583
3,3,"holdout",261,0.399660852275583
3,3,"holdout",27,0.421700543470239
3,3,"holdout",164,0.585279824697792
3,3,"holdout",229,0.282540934716662
3,3,"holdout",223,0.488038508546215
3,3,"holdout",109,0.353026485008504
3,3,"holdout",5,0.392788327294516
3,3,"holdout",212,0.464920760054374
3,3,"holdout",162,0.40518380061963
3,3,"holdout",92,0.497184612529639
3,3,"holdout",104,0.438372307748352
3,3,"holdout",3,0.426644958323803
3,3,"holdout",58,0.409246738024
3,3,"holdout",225,0.238526129761114
3,3,"holdout",42,0.625649820638378
3,3,"holdout",262,0.535133169219387
3,3,"holdout",158,0.477266434573049
3,3,"holdout",43,0.527885175122826
3,3,"holdout",143,0.418369240759161
3,3,"holdout",150,0.495194145222888
3,3,"holdout",245,0.439298473760084
3,3,"holdout",136,0.451119258868088
3,3,"holdout",36,0.435504105350626
3,3,"holdout",68,0.558895122953767
3,3,"holdout",214,0.553316567585145
3,3,"holdout",266,0.35375347077865
3,3,"holdout",252,0.440342513390858
3,3,"holdout",248,0.285612813883174
3,3,"holdout",197,0.406990372993373
3,3,"holdout",4,0.331648871789741
3,3,"holdout",226,0.293927017758938
3,3,"holdout",178,0.291618696098524
3,3,"holdout",99,0.618803885034054
3,3,"holdout",216,0.406200167462466
3,3,"holdout",215,0.328928017094559
3,3,"holdout",177,0.347028011936122
3,3,"holdout",154,0.500297477044439
3,3,"holdout",114,0.315751861057841
3,3,"holdout",6,0.204069751283616
3,3,"holdout",134,0.449017577458367
3,3,"holdout",130,0.477248793897862
1,4,"cv",1,0.325214797799412
1,4,"cv",2,0.435228546433239
1,4,"cv",7,0.391974780738463
1,4,"cv",8,0.377681308018803
1,4,"cv",9,0.391709034530139
1,4,"cv",10,0.434821682953559
1,4,"cv",11,0.261030574418551
1,4,"cv",12,0.427169166603551
1,4,"cv",13,0.427157469925237
1,4,"cv",14,0.590902601690092
1,4,"cv",15,0.319996421424108
1,4,"cv",16,0.327904138489059
1,4,"cv",17,0.531197595389141
1,4,"cv",18,0.359112602363057
1,4,"cv",19,0.414919736892347
1,4,"cv",21,0.431835278966785
1,4,"cv",22,0.287783483874122
1,4,"cv",23,0.66264965804277
1,4,"cv",25,0.423238741071287
1,4,"cv",26,0.391858065499198
1,4,"cv",28,0.499066539944582
1,4,"cv",29,0.486242739751163
1,4,"cv",30,0.599080226605023
1,4,"cv",31,0.479355847259659
1,4,"cv",32,0.581243770495226
1,4,"cv",33,0.547776183755175
1,4,"cv",34,0.665940919876111
1,4,"cv",35,0.43410955081553
1,4,"cv",37,0.49219760325065
1,4,"cv",38,0.611864558804596
1,4,"cv",39,0.403928015064834
1,4,"cv",40,0.494487580948649
1,4,"cv",41,0.599330841098952
1,4,"cv",44,0.231690601395364
1,4,"cv",45,0.516494191599393
1,4,"cv",46,0.423472989517309
1,4,"cv",47,0.547841321836482
1,4,"cv",48,0.336091519968066
1,4,"cv",50,0.478662061257695
1,4,"cv",51,0.624776205831763
1,4,"cv",52,0.565418495977339
1,4,"cv",53,0.417889102028524
1,4,"cv",54,0.556288560342984
1,4,"cv",55,0.648176932629623
1,4,"cv",56,0.360254349121493
1,4,"cv",57,0.373699361637401
1,4,"cv",59,0.413081492891275
1,4,"cv",60,0.502872745039494
1,4,"cv",61,0.50082274721335
1,4,"cv",62,0.330791219852346
1,4,"cv",63,0.591550731270353
1,4,"cv",64,0.543665145118835
1,4,"cv",65,0.579309718254118
1,4,"cv",66,0.645754221926547
1,4,"cv",67,0.437446010823949
1,4,"cv",69,0.658045529130123
1,4,"cv",70,0.441974653235959
1,4,"cv",71,0.596569128679879
1,4,"cv",72,0.616482470512707
1,4,"cv",73,0.527146029912505
1,4,"cv",75,0.499519520610926
1,4,"cv",76,0.34458181726612
1,4,"cv",77,0.349365214000102
1,4,"cv",79,0.356915097750594
1,4,"cv",80,0.469104326797463
1,4,"cv",81,0.442284343932498
1,4,"cv",82,0.247815305439208
1,4,"cv",83,0.531826594551215
1,4,"cv",84,0.403622559414982
1,4,"cv",85,0.27175545306874
1,4,"cv",86,0.341972375333013
1,4,"cv",87,0.53304688302178
1,4,"cv",88,0.374071468333318
1,4,"cv",90,0.525409445636755
1,4,"cv",91,0.505610114425726
1,4,"cv",93,0.557675107835095
1,4,"cv",95,0.523515992034858
1,4,"cv",96,0.368970537520388
1,4,"cv",97,0.491353737397166
1,4,"cv",98,0.426667253443286
1,4,"cv",100,0.525181037889339
1,4,"cv",101,0.329395495854838
1,4,"cv",102,0.497872330156067
1,4,"cv",103,0.392306785978847
1,4,"cv",105,0.542794951667166
1,4,"cv",106,0.546732586973416
1,4,"cv",107,0.561846823922527
1,4,"cv",108,0.757110541871722
1,4,"cv",111,0.781305714368931
1,4,"cv",112,0.473788289476198
1,4,"cv",113,0.452249877961971
1,4,"cv",115,0.519550940530016
1,4,"cv",116,0.582020956121187
1,4,"cv",117,0.497245598636177
1,4,"cv",118,0.342214628208198
1,4,"cv",119,0.321479521340716
1,4,"cv",120,0.467902563629883
1,4,"cv",121,0.634583513044884
1,4,"cv",123,0.633351551571835
1,4,"cv",124,0.0867250682799111
1,4,"cv",125,0.403695983077032
1,4,"cv",126,0.668498877747531
1,4,"cv",127,0.433663319140123
1,4,"cv",129,0.402254962373494
1,4,"cv",131,0.651098009660455
1,4,"cv",132,0.303891265035163
1,4,"cv",133,0.448773849850695
1,4,"cv",135,0.341594222429029
1,4,"cv",137,0.51300359806689
1,4,"cv",138,0.424766725379147
1,4,"cv",139,0.399602416974392
1,4,"cv",140,0.371725454739986
1,4,"cv",141,0.459095301606486
1,4,"cv",142,0.48031373307109
1,4,"cv",144,0.406397540724321
1,4,"cv",145,0.401199953624209
1,4,"cv",147,0.467298709629382
1,4,"cv",148,0.616859893074358
1,4,"cv",149,0.522685158714265
1,4,"cv",151,0.47605327731111
1,4,"cv",152,0.265546770678221
1,4,"cv",155,0.528257415378617
1,4,"cv",156,0.553973508136874
1,4,"cv",157,0.396247062157504
1,4,"cv",159,0.601013413916056
1,4,"cv",160,0.48904849251428
1,4,"cv",161,0.393028038681168
1,4,"cv",163,0.457557689748217
1,4,"cv",166,0.471765701877599
1,4,"cv",167,0.46058193450847
1,4,"cv",168,0.47417256075568
1,4,"cv",169,0.370688339281416
1,4,"cv",170,0.40925306540385
1,4,"cv",171,0.42798359788318
1,4,"cv",172,0.193595351452228
1,4,"cv",173,0.502941750429396
1,4,"cv",174,0.40032571389198
1,4,"cv",175,0.535402194789512
1,4,"cv",176,0.277276444601521
1,4,"cv",179,0.43874803981898
1,4,"cv",180,0.570266417356471
1,4,"cv",181,0.447824564328965
1,4,"cv",182,0.230049902818469
1,4,"cv",183,0.504422129574927
1,4,"cv",184,0.534252162293073
1,4,"cv",185,0.449719144175384
1,4,"cv",186,0.4236452715179
1,4,"cv",187,0.441559003357675
1,4,"cv",188,0.38611661958751
1,4,"cv",189,0.791780964063911
1,4,"cv",190,0.663425711452552
1,4,"cv",191,0.448864537617105
1,4,"cv",192,0.289272724883873
1,4,"cv",193,0.399667979366634
1,4,"cv",194,0.444102341339544
1,4,"cv",195,0.53704575917535
1,4,"cv",196,0.491133096011072
1,4,"cv",198,0.515002475355098
1,4,"cv",199,0.377988467941459
1,4,"cv",200,0.455846610478013
1,4,"cv",201,0.374760624886384
1,4,"cv",202,0.414968037615692
1,4,"cv",203,0.490978221044197
1,4,"cv",204,0.392877470278811
1,4,"cv",205,0.525744683693971
1,4,"cv",206,0.453002844442657
1,4,"cv",207,0.449604645532792
1,4,"cv",208,0.405504311022095
1,4,"cv",209,0.550988077211831
1,4,"cv",210,0.537729260942889
1,4,"cv",213,0.442426150775135
1,4,"cv",217,0.540079531950537
1,4,"cv",219,0.336614330247813
1,4,"cv",220,0.584145786133495
1,4,"cv",221,0.458319806535734
1,4,"cv",222,0.521098848484052
1,4,"cv",224,0.560170210761576
1,4,"cv",230,0.423216567989176
1,4,"cv",231,0.437045812969297
1,4,"cv",232,0.546855610225994
1,4,"cv",233,0.571649440158885
1,4,"cv",234,0.41318404588194
1,4,"cv",235,0.467474055745807
1,4,"cv",236,0.375952169399087
1,4,"cv",237,0.170649371434462
1,4,"cv",238,0.622041887992464
1,4,"cv",239,0.333800996791391
1,4,"cv",240,0.250718150166599
1,4,"cv",241,0.523690765930097
1,4,"cv",242,0.288547157188901
1,4,"cv",243,0.185730932742354
1,4,"cv",244,0.538874637730662
1,4,"cv",246,0.516610124294429
1,4,"cv",247,0.341177240861342
1,4,"cv",249,0.521825310510979
1,4,"cv",250,0.259780832198501
1,4,"cv",251,0.407263119753782
1,4,"cv",253,0.322224657486771
1,4,"cv",254,0.351214848635846
1,4,"cv",255,0.37264035515668
1,4,"cv",256,0.430860085735685
1,4,"cv",257,0.369060047302374
1,4,"cv",258,0.273776129523538
1,4,"cv",259,0.387989876293496
1,4,"cv",260,0.332799804155832
1,4,"cv",264,0.610179849811723
1,4,"cv",265,0.537259753418529
1,4,"cv",268,0.407024250935037
1,4,"cv",269,0.516109336400942
1,4,"holdout",49,0.472807393827411
1,4,"holdout",153,0.436283108474951
1,4,"holdout",74,0.361443015828537
1,4,"holdout",228,0.392521488090046
1,4,"holdout",146,0.444591063526977
1,4,"holdout",122,0.465804247688083
1,4,"holdout",270,0.279688894520794
1,4,"holdout",128,0.345165705257203
1,4,"holdout",24,0.519157568566625
1,4,"holdout",89,0.417755362495912
1,4,"holdout",165,0.467806807465951
1,4,"holdout",110,0.41969132297958
1,4,"holdout",20,0.492181883535945
1,4,"holdout",261,0.397650164795779
1,4,"holdout",27,0.42561248450015
1,4,"holdout",164,0.587061209442169
1,4,"holdout",229,0.284853343202521
1,4,"holdout",223,0.485438014697624
1,4,"holdout",109,0.356867956059025
1,4,"holdout",5,0.398844478142305
1,4,"holdout",212,0.459959015961129
1,4,"holdout",162,0.403412588682966
1,4,"holdout",92,0.500152684651069
1,4,"holdout",104,0.43995842710754
1,4,"holdout",3,0.433428426034524
1,4,"holdout",58,0.409725943283494
1,4,"holdout",225,0.241960972599045
1,4,"holdout",42,0.628297728835562
1,4,"holdout",262,0.53710233349014
1,4,"holdout",158,0.477889680816706
1,4,"holdout",43,0.533035590975723
1,4,"holdout",143,0.422709724587511
1,4,"holdout",150,0.490465472627642
1,4,"holdout",245,0.441860279074701
1,4,"holdout",136,0.457629277129454
1,4,"holdout",36,0.439841716437979
1,4,"holdout",68,0.55900713157451
1,4,"holdout",214,0.55936540605748
1,4,"holdout",266,0.356967771548164
1,4,"holdout",252,0.439902612726447
1,4,"holdout",248,0.281300112633455
1,4,"holdout",197,0.397954072821955
1,4,"holdout",4,0.337687573236785
1,4,"holdout",226,0.29674241592232
1,4,"holdout",178,0.289085874472887
1,4,"holdout",99,0.619599320668336
1,4,"holdout",216,0.403916231767483
1,4,"holdout",215,0.334712540314278
1,4,"holdout",177,0.346535969905923
1,4,"holdout",154,0.497386937572554
1,4,"holdout",114,0.314197001180489
1,4,"holdout",6,0.207326084011761
1,4,"holdout",134,0.44909498202379
1,4,"holdout",130,0.48230965031184
2,4,"cv",1,0.339313497768012
2,4,"cv",2,0.422250845990536
2,4,"cv",7,0.39703580151876
2,4,"cv",8,0.387641579475145
2,4,"cv",9,0.402189498476863
2,4,"cv",10,0.451291339155686
2,4,"cv",11,0.30854283162651
2,4,"cv",12,0.430329810147468
2,4,"cv",13,0.461465651716638
2,4,"cv",14,0.58291203387774
2,4,"cv",15,0.329208886059252
2,4,"cv",16,0.327628636804945
2,4,"cv",17,0.5484705786156
2,4,"cv",18,0.350748759219674
2,4,"cv",19,0.430317052543314
2,4,"cv",21,0.453347718284864
2,4,"cv",22,0.241522141454809
2,4,"cv",23,0.67749495261733
2,4,"cv",25,0.404718286078079
2,4,"cv",26,0.377045810451225
2,4,"cv",28,0.506250420224069
2,4,"cv",29,0.449884961660849
2,4,"cv",30,0.560289031497692
2,4,"cv",31,0.434547046952287
2,4,"cv",32,0.562450583570629
2,4,"cv",33,0.555543114343901
2,4,"cv",34,0.686536126475183
2,4,"cv",35,0.40673874883969
2,4,"cv",37,0.482646687782088
2,4,"cv",38,0.635030827593323
2,4,"cv",39,0.458654689335474
2,4,"cv",40,0.488099193667722
2,4,"cv",41,0.583228482848467
2,4,"cv",44,0.237335779198401
2,4,"cv",45,0.510325311408868
2,4,"cv",46,0.43662755392234
2,4,"cv",47,0.546466466582518
2,4,"cv",48,0.305963530656699
2,4,"cv",50,0.486188763821338
2,4,"cv",51,0.58698761841101
2,4,"cv",52,0.586342779715428
2,4,"cv",53,0.394480734022912
2,4,"cv",54,0.544931053579863
2,4,"cv",55,0.657180713686752
2,4,"cv",56,0.405574150639744
2,4,"cv",57,0.376028581586185
2,4,"cv",59,0.401361244489819
2,4,"cv",60,0.522376096994933
2,4,"cv",61,0.484678960886335
2,4,"cv",62,0.333575693964094
2,4,"cv",63,0.605761065882938
2,4,"cv",64,0.525305843050397
2,4,"cv",65,0.5624447363899
2,4,"cv",66,0.658696720586748
2,4,"cv",67,0.428088442913481
2,4,"cv",69,0.675190425435042
2,4,"cv",70,0.432065790740005
2,4,"cv",71,0.606451952081299
2,4,"cv",72,0.615476017247708
2,4,"cv",73,0.522146398707757
2,4,"cv",75,0.551039921804757
2,4,"cv",76,0.324733047524248
2,4,"cv",77,0.326099742037984
2,4,"cv",79,0.351485137643986
2,4,"cv",80,0.469658839602293
2,4,"cv",81,0.450934704988373
2,4,"cv",82,0.223449032405704
2,4,"cv",83,0.551374054658991
2,4,"cv",84,0.415485879118541
2,4,"cv",85,0.239881249282256
2,4,"cv",86,0.355344331652109
2,4,"cv",87,0.516220585065792
2,4,"cv",88,0.371123750985847
2,4,"cv",90,0.519334124864839
2,4,"cv",91,0.496698109695118
2,4,"cv",93,0.584720834919237
2,4,"cv",95,0.513307210405944
2,4,"cv",96,0.35230771531741
2,4,"cv",97,0.49335971396498
2,4,"cv",98,0.378419116651804
2,4,"cv",100,0.533573418517087
2,4,"cv",101,0.371484591275818
2,4,"cv",102,0.503209752046663
2,4,"cv",103,0.416810362865575
2,4,"cv",105,0.548097522662958
2,4,"cv",106,0.551182868143112
2,4,"cv",107,0.559639364613423
2,4,"cv",108,0.703891227122975
2,4,"cv",111,0.823613390884
2,4,"cv",112,0.47246188067592
2,4,"cv",113,0.441848223738055
2,4,"cv",115,0.526827553282485
2,4,"cv",116,0.590483450447046
2,4,"cv",117,0.499035966405574
2,4,"cv",118,0.35384997553425
2,4,"cv",119,0.308549748045425
2,4,"cv",120,0.468704609935737
2,4,"cv",121,0.632387508775017
2,4,"cv",123,0.624992880977334
2,4,"cv",124,0.119788981296151
2,4,"cv",125,0.407015440805231
2,4,"cv",126,0.684136550252061
2,4,"cv",127,0.470015442600966
2,4,"cv",129,0.417708369972949
2,4,"cv",131,0.666859142827013
2,4,"cv",132,0.336754885450829
2,4,"cv",133,0.451410988270823
2,4,"cv",135,0.314263538409519
2,4,"cv",137,0.517972608122025
2,4,"cv",138,0.42993539582419
2,4,"cv",139,0.368432191633701
2,4,"cv",140,0.37944686941658
2,4,"cv",141,0.462693699964651
2,4,"cv",142,0.489770948257285
2,4,"cv",144,0.392042366282283
2,4,"cv",145,0.399055132288189
2,4,"cv",147,0.453497677747182
2,4,"cv",148,0.624703147511752
2,4,"cv",149,0.547918335089363
2,4,"cv",151,0.409144201089901
2,4,"cv",152,0.266818147918406
2,4,"cv",155,0.525505069272515
2,4,"cv",156,0.550904623685701
2,4,"cv",157,0.379219712008346
2,4,"cv",159,0.599972196665773
2,4,"cv",160,0.497933757032346
2,4,"cv",161,0.390480912497844
2,4,"cv",163,0.456506315558415
2,4,"cv",166,0.470216474438784
2,4,"cv",167,0.468657714742528
2,4,"cv",168,0.449631696039496
2,4,"cv",169,0.398743292240123
2,4,"cv",170,0.419136003277741
2,4,"cv",171,0.436933695582441
2,4,"cv",172,0.232111147322814
2,4,"cv",173,0.464369469647905
2,4,"cv",174,0.414392506724611
2,4,"cv",175,0.538499797748468
2,4,"cv",176,0.263208160354588
2,4,"cv",179,0.445631603386869
2,4,"cv",180,0.571094630153441
2,4,"cv",181,0.465885073393592
2,4,"cv",182,0.232988518507214
2,4,"cv",183,0.496769300212286
2,4,"cv",184,0.539112974802879
2,4,"cv",185,0.45011602896852
2,4,"cv",186,0.435199322141573
2,4,"cv",187,0.454946220523532
2,4,"cv",188,0.381579354371673
2,4,"cv",189,0.780474935254153
2,4,"cv",190,0.663156963466909
2,4,"cv",191,0.454858542919439
2,4,"cv",192,0.296845938970961
2,4,"cv",193,0.40319679445691
2,4,"cv",194,0.437169936333391
2,4,"cv",195,0.437602948854104
2,4,"cv",196,0.531090499569935
2,4,"cv",198,0.495881511966921
2,4,"cv",199,0.398855105816397
2,4,"cv",200,0.461618926768004
2,4,"cv",201,0.361720705972742
2,4,"cv",202,0.394144472982417
2,4,"cv",203,0.511974193209621
2,4,"cv",204,0.399164706412015
2,4,"cv",205,0.520134641054724
2,4,"cv",206,0.465943024890322
2,4,"cv",207,0.456907320500972
2,4,"cv",208,0.393536429932661
2,4,"cv",209,0.538397735691123
2,4,"cv",210,0.522656591250682
2,4,"cv",213,0.442193366009345
2,4,"cv",217,0.548052015546152
2,4,"cv",219,0.296138043795876
2,4,"cv",220,0.542418645260528
2,4,"cv",221,0.458100484651141
2,4,"cv",222,0.519170834711441
2,4,"cv",224,0.549469557508939
2,4,"cv",230,0.408089799769955
2,4,"cv",231,0.429648504473543
2,4,"cv",232,0.544346102071347
2,4,"cv",233,0.575992805003481
2,4,"cv",234,0.385390774161789
2,4,"cv",235,0.459713241273338
2,4,"cv",236,0.281197320571547
2,4,"cv",237,0.134232491856494
2,4,"cv",238,0.591387296269336
2,4,"cv",239,0.393759383907734
2,4,"cv",240,0.234412837404066
2,4,"cv",241,0.520804638992232
2,4,"cv",242,0.273777518216798
2,4,"cv",243,0.203199004067258
2,4,"cv",244,0.511279146046822
2,4,"cv",246,0.513300231783938
2,4,"cv",247,0.336533926060711
2,4,"cv",249,0.494747129417542
2,4,"cv",250,0.248657681862516
2,4,"cv",251,0.394871270125492
2,4,"cv",253,0.326451909465654
2,4,"cv",254,0.357764536729251
2,4,"cv",255,0.379215178150413
2,4,"cv",256,0.445513183607343
2,4,"cv",257,0.330868793515558
2,4,"cv",258,0.268709162984988
2,4,"cv",259,0.380801374818834
2,4,"cv",260,0.340739408100825
2,4,"cv",264,0.614636869250631
2,4,"cv",265,0.528965966806579
2,4,"cv",268,0.402001321885222
2,4,"cv",269,0.530960351313127
2,4,"holdout",49,0.472445188871624
2,4,"holdout",153,0.437413237788482
2,4,"holdout",74,0.361882282700187
2,4,"holdout",228,0.395358433723522
2,4,"holdout",146,0.441019387434963
2,4,"holdout",122,0.46710455442983
2,4,"holdout",270,0.283366955081876
2,4,"holdout",128,0.34463016938951
2,4,"holdout",24,0.518438015279484
2,4,"holdout",89,0.415505246987315
2,4,"holdout",165,0.469133567563144
2,4,"holdout",110,0.41881398877072
2,4,"holdout",20,0.490858921694311
2,4,"holdout",261,0.39759216981506
2,4,"holdout",27,0.419744624358646
2,4,"holdout",164,0.587970787404663
2,4,"holdout",229,0.287023741469346
2,4,"holdout",223,0.48348093775418
2,4,"holdout",109,0.355419474223313
2,4,"holdout",5,0.3963872966183
2,4,"holdout",212,0.45368517624291
2,4,"holdout",162,0.403400426647288
2,4,"holdout",92,0.499502111163209
2,4,"holdout",104,0.438423519116505
2,4,"holdout",3,0.426929203695267
2,4,"holdout",58,0.407632509436794
2,4,"holdout",225,0.238849270000095
2,4,"holdout",42,0.626701480151091
2,4,"holdout",262,0.537882731844075
2,4,"holdout",158,0.477630190861933
2,4,"holdout",43,0.535689203949666
2,4,"holdout",143,0.420509109500147
2,4,"holdout",150,0.490154477137397
2,4,"holdout",245,0.446900299087595
2,4,"holdout",136,0.454961087418702
2,4,"holdout",36,0.436971277769338
2,4,"holdout",68,0.558069797138731
2,4,"holdout",214,0.55519999031165
2,4,"holdout",266,0.356459829216809
2,4,"holdout",252,0.441030660259824
2,4,"holdout",248,0.279372857428489
2,4,"holdout",197,0.400797874113455
2,4,"holdout",4,0.338067763196033
2,4,"holdout",226,0.29736127015345
2,4,"holdout",178,0.289673087213759
2,4,"holdout",99,0.619108611109941
2,4,"holdout",216,0.402701100492904
2,4,"holdout",215,0.33305157890004
2,4,"holdout",177,0.343853092183192
2,4,"holdout",154,0.492352137506717
2,4,"holdout",114,0.315459950470979
2,4,"holdout",6,0.207723259715328
2,4,"holdout",134,0.445630010992412
2,4,"holdout",130,0.488399866564342
3,4,"cv",1,0.334772795786256
3,4,"cv",2,0.41281829618982
3,4,"cv",7,0.407659697468043
3,4,"cv",8,0.392299613432771
3,4,"cv",9,0.390477400187936
3,4,"cv",10,0.453519416714117
3,4,"cv",11,0.310144417221003
3,4,"cv",12,0.418558186781996
3,4,"cv",13,0.445044305887545
3,4,"cv",14,0.595681261322299
3,4,"cv",15,0.342661321273081
3,4,"cv",16,0.318493531696753
3,4,"cv",17,0.492671054318791
3,4,"cv",18,0.354576955659423
3,4,"cv",19,0.428050930838727
3,4,"cv",21,0.445849847295382
3,4,"cv",22,0.241947219068374
3,4,"cv",23,0.695937155375033
3,4,"cv",25,0.400452112103145
3,4,"cv",26,0.393414422330171
3,4,"cv",28,0.505746928207089
3,4,"cv",29,0.472904543106298
3,4,"cv",30,0.578455513560853
3,4,"cv",31,0.459111278608394
3,4,"cv",32,0.560917572702629
3,4,"cv",33,0.555934227939615
3,4,"cv",34,0.666627393511921
3,4,"cv",35,0.396716897056652
3,4,"cv",37,0.488088000822634
3,4,"cv",38,0.630669964005314
3,4,"cv",39,0.400157519958149
3,4,"cv",40,0.506657049911229
3,4,"cv",41,0.595678446256229
3,4,"cv",44,0.231925256377842
3,4,"cv",45,0.536657598143461
3,4,"cv",46,0.415663325312908
3,4,"cv",47,0.554790169910021
3,4,"cv",48,0.311726695736471
3,4,"cv",50,0.472012715489551
3,4,"cv",51,0.592002315371229
3,4,"cv",52,0.541252779271377
3,4,"cv",53,0.394903028503752
3,4,"cv",54,0.541986039618196
3,4,"cv",55,0.63401095319273
3,4,"cv",56,0.349347545474369
3,4,"cv",57,0.364061690862174
3,4,"cv",59,0.392186488530878
3,4,"cv",60,0.522518013385903
3,4,"cv",61,0.492499817762664
3,4,"cv",62,0.326395943855526
3,4,"cv",63,0.586345015790288
3,4,"cv",64,0.548781378835706
3,4,"cv",65,0.56237510338427
3,4,"cv",66,0.622419233327147
3,4,"cv",67,0.435841629544491
3,4,"cv",69,0.656749732454623
3,4,"cv",70,0.427228776741421
3,4,"cv",71,0.563864706801491
3,4,"cv",72,0.609568742087151
3,4,"cv",73,0.51130211988355
3,4,"cv",75,0.493788752810996
3,4,"cv",76,0.359202924246517
3,4,"cv",77,0.345413355005125
3,4,"cv",79,0.327436218373463
3,4,"cv",80,0.457595225878867
3,4,"cv",81,0.449231066400905
3,4,"cv",82,0.210753481759489
3,4,"cv",83,0.547747276944967
3,4,"cv",84,0.384414494612552
3,4,"cv",85,0.265703079065671
3,4,"cv",86,0.292589291070576
3,4,"cv",87,0.535181483854035
3,4,"cv",88,0.369645057931572
3,4,"cv",90,0.529174787775722
3,4,"cv",91,0.499366212942838
3,4,"cv",93,0.573473308476671
3,4,"cv",95,0.499060102229168
3,4,"cv",96,0.36317240488539
3,4,"cv",97,0.483859736754848
3,4,"cv",98,0.406174755794069
3,4,"cv",100,0.531323754451999
3,4,"cv",101,0.379484727690974
3,4,"cv",102,0.498178826498451
3,4,"cv",103,0.403777629869747
3,4,"cv",105,0.561358714208897
3,4,"cv",106,0.527347941642356
3,4,"cv",107,0.542856146857806
3,4,"cv",108,0.72992812940111
3,4,"cv",111,0.814817346274133
3,4,"cv",112,0.503213835872838
3,4,"cv",113,0.44275673575589
3,4,"cv",115,0.53485848849906
3,4,"cv",116,0.586868516286408
3,4,"cv",117,0.494095017372154
3,4,"cv",118,0.373763646702437
3,4,"cv",119,0.31123284484612
3,4,"cv",120,0.475724568250614
3,4,"cv",121,0.590783261456435
3,4,"cv",123,0.62815755061225
3,4,"cv",124,0.0925073808627805
3,4,"cv",125,0.390593094459813
3,4,"cv",126,0.712838231217399
3,4,"cv",127,0.463716849334324
3,4,"cv",129,0.38654584881542
3,4,"cv",131,0.673121498099494
3,4,"cv",132,0.32999381019232
3,4,"cv",133,0.455601112744886
3,4,"cv",135,0.328694919688086
3,4,"cv",137,0.505321523810777
3,4,"cv",138,0.419779582181809
3,4,"cv",139,0.387272720855351
3,4,"cv",140,0.380202592076217
3,4,"cv",141,0.444722732649249
3,4,"cv",142,0.496675637120177
3,4,"cv",144,0.392574615466613
3,4,"cv",145,0.427688538035879
3,4,"cv",147,0.451432407564333
3,4,"cv",148,0.622222819156861
3,4,"cv",149,0.531075377310554
3,4,"cv",151,0.464962749996918
3,4,"cv",152,0.2579726477078
3,4,"cv",155,0.522236306396112
3,4,"cv",156,0.542487123448012
3,4,"cv",157,0.401536627933242
3,4,"cv",159,0.578886418754044
3,4,"cv",160,0.497490132871583
3,4,"cv",161,0.387409167272178
3,4,"cv",163,0.470347161872457
3,4,"cv",166,0.47013909866503
3,4,"cv",167,0.456350675943287
3,4,"cv",168,0.489766501221474
3,4,"cv",169,0.401845306558111
3,4,"cv",170,0.4713159306153
3,4,"cv",171,0.420462991974281
3,4,"cv",172,0.224802045262187
3,4,"cv",173,0.495828944647713
3,4,"cv",174,0.443757056493259
3,4,"cv",175,0.51754237255192
3,4,"cv",176,0.269228355751859
3,4,"cv",179,0.450295445212166
3,4,"cv",180,0.574386524982985
3,4,"cv",181,0.463396959093447
3,4,"cv",182,0.244295657313218
3,4,"cv",183,0.497304677471312
3,4,"cv",184,0.541280703520037
3,4,"cv",185,0.46298990443388
3,4,"cv",186,0.407038630398145
3,4,"cv",187,0.448794588907548
3,4,"cv",188,0.38703411156479
3,4,"cv",189,0.806808883690709
3,4,"cv",190,0.681841950232755
3,4,"cv",191,0.464203005598521
3,4,"cv",192,0.304319413616495
3,4,"cv",193,0.404168893677147
3,4,"cv",194,0.425885516458596
3,4,"cv",195,0.470445806296195
3,4,"cv",196,0.502012007722672
3,4,"cv",198,0.505587325027016
3,4,"cv",199,0.381256657386162
3,4,"cv",200,0.439753871219082
3,4,"cv",201,0.358078298217268
3,4,"cv",202,0.404628197576544
3,4,"cv",203,0.498766846200772
3,4,"cv",204,0.38476857190132
3,4,"cv",205,0.529079003534006
3,4,"cv",206,0.453480373429061
3,4,"cv",207,0.452683364711152
3,4,"cv",208,0.406669432888917
3,4,"cv",209,0.576040779456247
3,4,"cv",210,0.523166537730999
3,4,"cv",213,0.439478625735412
3,4,"cv",217,0.538458274384989
3,4,"cv",219,0.34078926533964
3,4,"cv",220,0.56289050913515
3,4,"cv",221,0.458752715096642
3,4,"cv",222,0.518652258181521
3,4,"cv",224,0.558446812872051
3,4,"cv",230,0.408488319413032
3,4,"cv",231,0.430929231535531
3,4,"cv",232,0.538507683561709
3,4,"cv",233,0.546064998951148
3,4,"cv",234,0.38807523138402
3,4,"cv",235,0.463685329221513
3,4,"cv",236,0.312759300883594
3,4,"cv",237,0.17465155385086
3,4,"cv",238,0.597898621933345
3,4,"cv",239,0.333039439863576
3,4,"cv",240,0.247270489793364
3,4,"cv",241,0.533511950024771
3,4,"cv",242,0.275773420411152
3,4,"cv",243,0.19305186372865
3,4,"cv",244,0.523170470213768
3,4,"cv",246,0.4822528086399
3,4,"cv",247,0.343091060241707
3,4,"cv",249,0.481072590679577
3,4,"cv",250,0.272011473609028
3,4,"cv",251,0.379733095883513
3,4,"cv",253,0.330966343206128
3,4,"cv",254,0.345879314225005
3,4,"cv",255,0.382384717109639
3,4,"cv",256,0.444759703009319
3,4,"cv",257,0.338656184264101
3,4,"cv",258,0.278859117781152
3,4,"cv",259,0.369081926448233
3,4,"cv",260,0.336301268303222
3,4,"cv",264,0.607218454042615
3,4,"cv",265,0.527093327556364
3,4,"cv",268,0.391336581354678
3,4,"cv",269,0.533635709631807
3,4,"holdout",49,0.478313784549841
3,4,"holdout",153,0.437097392252147
3,4,"holdout",74,0.367583440946308
3,4,"holdout",228,0.385452280999252
3,4,"holdout",146,0.424151279856297
3,4,"holdout",122,0.465875844815479
3,4,"holdout",270,0.26891777533128
3,4,"holdout",128,0.324149525946193
3,4,"holdout",24,0.528121247633663
3,4,"holdout",89,0.405691604235747
3,4,"holdout",165,0.459134151376504
3,4,"holdout",110,0.423759491705582
3,4,"holdout",20,0.493866576437961
3,4,"holdout",261,0.396765716402529
3,4,"holdout",27,0.415944404093283
3,4,"holdout",164,0.589533691816558
3,4,"holdout",229,0.280107603960238
3,4,"holdout",223,0.489647376121857
3,4,"holdout",109,0.370637306271117
3,4,"holdout",5,0.39305050005055
3,4,"holdout",212,0.433860408429556
3,4,"holdout",162,0.405975050839054
3,4,"holdout",92,0.503404310687415
3,4,"holdout",104,0.430619906960788
3,4,"holdout",3,0.422622266461105
3,4,"holdout",58,0.419340994716812
3,4,"holdout",225,0.21816164247233
3,4,"holdout",42,0.633377375092704
3,4,"holdout",262,0.542421865077656
3,4,"holdout",158,0.48292406882583
3,4,"holdout",43,0.528452501810222
3,4,"holdout",143,0.396596497368324
3,4,"holdout",150,0.496660265814867
3,4,"holdout",245,0.431245185044943
3,4,"holdout",136,0.454478951495895
3,4,"holdout",36,0.440881091651211
3,4,"holdout",68,0.55927088893642
3,4,"holdout",214,0.548065313256395
3,4,"holdout",266,0.357346699854071
3,4,"holdout",252,0.432194538549199
3,4,"holdout",248,0.29747328423972
3,4,"holdout",197,0.401575669307384
3,4,"holdout",4,0.321522441917985
3,4,"holdout",226,0.299589698249979
3,4,"holdout",178,0.297745235283183
3,4,"holdout",99,0.630672495136483
3,4,"holdout",216,0.398595463395053
3,4,"holdout",215,0.311838451854646
3,4,"holdout",177,0.346369116669217
3,4,"holdout",154,0.489077246313914
3,4,"holdout",114,0.331494761685578
3,4,"holdout",6,0.179925098533937
3,4,"holdout",134,0.460043851459483
3,4,"holdout",130,0.488728057784621
1,5,"cv",1,0.332250138403286
1,5,"cv",2,0.431216783298402
1,5,"cv",7,0.392030372328396
1,5,"cv",8,0.377329456713669
1,5,"cv",9,0.408175507246647
1,5,"cv",10,0.422901019407346
1,5,"cv",11,0.270268023484457
1,5,"cv",12,0.437746819257181
1,5,"cv",13,0.427882596780175
1,5,"cv",14,0.594871483877877
1,5,"cv",15,0.332722319589882
1,5,"cv",16,0.329868929398178
1,5,"cv",17,0.526948119145917
1,5,"cv",18,0.348884524270374
1,5,"cv",19,0.413913119281152
1,5,"cv",21,0.430544517124627
1,5,"cv",22,0.283606462643688
1,5,"cv",23,0.653573379746061
1,5,"cv",25,0.420209668356443
1,5,"cv",26,0.390866562399287
1,5,"cv",28,0.503357634339262
1,5,"cv",29,0.472677237113513
1,5,"cv",30,0.59588081437035
1,5,"cv",31,0.482134035076505
1,5,"cv",32,0.583548620578934
1,5,"cv",33,0.550262413225237
1,5,"cv",34,0.6674004952228
1,5,"cv",35,0.434660544125264
1,5,"cv",37,0.492796532341066
1,5,"cv",38,0.620276913666833
1,5,"cv",39,0.397484260069075
1,5,"cv",40,0.497140338874379
1,5,"cv",41,0.603654952325559
1,5,"cv",44,0.238843051117171
1,5,"cv",45,0.513586313652626
1,5,"cv",46,0.426610522890836
1,5,"cv",47,0.547549564929209
1,5,"cv",48,0.341010124831729
1,5,"cv",50,0.472664483055682
1,5,"cv",51,0.632225077943313
1,5,"cv",52,0.557366559658559
1,5,"cv",53,0.415179754224296
1,5,"cv",54,0.56754771333649
1,5,"cv",55,0.651856550467032
1,5,"cv",56,0.358061872736848
1,5,"cv",57,0.374186869866748
1,5,"cv",59,0.406541396718379
1,5,"cv",60,0.499952941028802
1,5,"cv",61,0.504429484000935
1,5,"cv",62,0.345203126243695
1,5,"cv",63,0.595351400081674
1,5,"cv",64,0.536981242706372
1,5,"cv",65,0.589611510767915
1,5,"cv",66,0.622433628156674
1,5,"cv",67,0.437744529030983
1,5,"cv",69,0.661428761177569
1,5,"cv",70,0.449555001147112
1,5,"cv",71,0.594010984768576
1,5,"cv",72,0.612481343658971
1,5,"cv",73,0.526751514081603
1,5,"cv",75,0.504790391400026
1,5,"cv",76,0.329745891809136
1,5,"cv",77,0.346509547264026
1,5,"cv",79,0.343754311346826
1,5,"cv",80,0.471953972673845
1,5,"cv",81,0.4398393635697
1,5,"cv",82,0.240069894432781
1,5,"cv",83,0.512864308985481
1,5,"cv",84,0.379313476653905
1,5,"cv",85,0.265972539926832
1,5,"cv",86,0.345172460183373
1,5,"cv",87,0.544566179268787
1,5,"cv",88,0.36234202234406
1,5,"cv",90,0.536166527751043
1,5,"cv",91,0.492258248519834
1,5,"cv",93,0.553403153056647
1,5,"cv",95,0.524328031179506
1,5,"cv",96,0.362017022019358
1,5,"cv",97,0.487036193538097
1,5,"cv",98,0.429473883935222
1,5,"cv",100,0.51609039586565
1,5,"cv",101,0.328274837774198
1,5,"cv",102,0.481628322316284
1,5,"cv",103,0.387673306201268
1,5,"cv",105,0.544696541900748
1,5,"cv",106,0.528482772621302
1,5,"cv",107,0.560778114925298
1,5,"cv",108,0.756034260153657
1,5,"cv",111,0.808803762579178
1,5,"cv",112,0.467182449044452
1,5,"cv",113,0.456214088942299
1,5,"cv",115,0.502390353357796
1,5,"cv",116,0.582507793711621
1,5,"cv",117,0.495626188787587
1,5,"cv",118,0.342181931307924
1,5,"cv",119,0.329610058083819
1,5,"cv",120,0.464748684308
1,5,"cv",121,0.62003407437713
1,5,"cv",123,0.63620970517556
1,5,"cv",124,0.09800332856164
1,5,"cv",125,0.410549986302551
1,5,"cv",126,0.641440218841199
1,5,"cv",127,0.432697990176676
1,5,"cv",129,0.376484134365458
1,5,"cv",131,0.658159590088592
1,5,"cv",132,0.295719371654318
1,5,"cv",133,0.446471238289048
1,5,"cv",135,0.345052374773313
1,5,"cv",137,0.52248541724478
1,5,"cv",138,0.432128322451432
1,5,"cv",139,0.401398039867826
1,5,"cv",140,0.366660037127068
1,5,"cv",141,0.459530213588607
1,5,"cv",142,0.472264818769173
1,5,"cv",144,0.415107691090097
1,5,"cv",145,0.400659251303269
1,5,"cv",147,0.46299170014266
1,5,"cv",148,0.624083175404279
1,5,"cv",149,0.505187160451669
1,5,"cv",151,0.478720311677292
1,5,"cv",152,0.270130097479426
1,5,"cv",155,0.525292914513293
1,5,"cv",156,0.553432743984574
1,5,"cv",157,0.40753734883934
1,5,"cv",159,0.615149915812463
1,5,"cv",160,0.483808307448343
1,5,"cv",161,0.381086373659504
1,5,"cv",163,0.462640484533883
1,5,"cv",166,0.470594237766626
1,5,"cv",167,0.464872880234469
1,5,"cv",168,0.446673089486047
1,5,"cv",169,0.398160793681405
1,5,"cv",170,0.381795362379184
1,5,"cv",171,0.425184604741756
1,5,"cv",172,0.195127722006043
1,5,"cv",173,0.488777040307015
1,5,"cv",174,0.41115723671791
1,5,"cv",175,0.539664823662956
1,5,"cv",176,0.285947382023115
1,5,"cv",179,0.443214440362016
1,5,"cv",180,0.566980930966218
1,5,"cv",181,0.443900737642541
1,5,"cv",182,0.231715973115351
1,5,"cv",183,0.504011986869757
1,5,"cv",184,0.537337175023085
1,5,"cv",185,0.447618581894806
1,5,"cv",186,0.431147485580368
1,5,"cv",187,0.443221921186894
1,5,"cv",188,0.395255348009664
1,5,"cv",189,0.804201105933178
1,5,"cv",190,0.657893339087673
1,5,"cv",191,0.44420047550841
1,5,"cv",192,0.309549358816649
1,5,"cv",193,0.400574492446606
1,5,"cv",194,0.446211179772947
1,5,"cv",195,0.547935217837895
1,5,"cv",196,0.499885431061002
1,5,"cv",198,0.525098052802424
1,5,"cv",199,0.371604963645832
1,5,"cv",200,0.467864089826609
1,5,"cv",201,0.373297999897789
1,5,"cv",202,0.401368376350109
1,5,"cv",203,0.502256017177839
1,5,"cv",204,0.395606046205215
1,5,"cv",205,0.529005328442482
1,5,"cv",206,0.454121027677801
1,5,"cv",207,0.444536500867542
1,5,"cv",208,0.398532405215177
1,5,"cv",209,0.544160214885236
1,5,"cv",210,0.536230100564211
1,5,"cv",213,0.442574910316568
1,5,"cv",217,0.553158075198906
1,5,"cv",219,0.335327228132121
1,5,"cv",220,0.590958138142071
1,5,"cv",221,0.460705354699641
1,5,"cv",222,0.519172267541085
1,5,"cv",224,0.552577358883312
1,5,"cv",230,0.410101928128454
1,5,"cv",231,0.436871368611121
1,5,"cv",232,0.547878681893645
1,5,"cv",233,0.590626510210283
1,5,"cv",234,0.412405018886291
1,5,"cv",235,0.464216624318139
1,5,"cv",236,0.359315883296019
1,5,"cv",237,0.175730913610333
1,5,"cv",238,0.625916681217012
1,5,"cv",239,0.344402585898169
1,5,"cv",240,0.247819286913995
1,5,"cv",241,0.524419586940274
1,5,"cv",242,0.288777898829177
1,5,"cv",243,0.161238650505099
1,5,"cv",244,0.542714874791058
1,5,"cv",246,0.513430471671552
1,5,"cv",247,0.368086968901865
1,5,"cv",249,0.541148720460819
1,5,"cv",250,0.259760402507083
1,5,"cv",251,0.399900814889845
1,5,"cv",253,0.326551860131335
1,5,"cv",254,0.361188406228124
1,5,"cv",255,0.369779929421743
1,5,"cv",256,0.424477537294828
1,5,"cv",257,0.373454090488099
1,5,"cv",258,0.267692076688153
1,5,"cv",259,0.389347098895714
1,5,"cv",260,0.326910062974134
1,5,"cv",264,0.607014370871903
1,5,"cv",265,0.547216262342358
1,5,"cv",268,0.419896705653902
1,5,"cv",269,0.509420140254873
1,5,"holdout",49,0.476413600739855
1,5,"holdout",153,0.442268322483857
1,5,"holdout",74,0.354470059048138
1,5,"holdout",228,0.39607793568074
1,5,"holdout",146,0.436337679412992
1,5,"holdout",122,0.46594215179871
1,5,"holdout",270,0.310520697138904
1,5,"holdout",128,0.343238283924923
1,5,"holdout",24,0.512732789258049
1,5,"holdout",89,0.410256171002678
1,5,"holdout",165,0.474183166362285
1,5,"holdout",110,0.419612018476109
1,5,"holdout",20,0.494296857278744
1,5,"holdout",261,0.40842402089045
1,5,"holdout",27,0.426908627501852
1,5,"holdout",164,0.588873709845752
1,5,"holdout",229,0.283778410483536
1,5,"holdout",223,0.489235063218535
1,5,"holdout",109,0.360959673445563
1,5,"holdout",5,0.409316996658856
1,5,"holdout",212,0.455389565120931
1,5,"holdout",162,0.405640785981593
1,5,"holdout",92,0.498050913856543
1,5,"holdout",104,0.439680021866187
1,5,"holdout",3,0.438516487649934
1,5,"holdout",58,0.412272926533223
1,5,"holdout",225,0.245088836024268
1,5,"holdout",42,0.625360117295337
1,5,"holdout",262,0.540493274810085
1,5,"holdout",158,0.472459114853142
1,5,"holdout",43,0.52308322923712
1,5,"holdout",143,0.408413410444835
1,5,"holdout",150,0.490834298356262
1,5,"holdout",245,0.4450001073357
1,5,"holdout",136,0.454910768882199
1,5,"holdout",36,0.436694538568628
1,5,"holdout",68,0.558211286117218
1,5,"holdout",214,0.545219619555241
1,5,"holdout",266,0.356407604270353
1,5,"holdout",252,0.438692501489094
1,5,"holdout",248,0.288352663918541
1,5,"holdout",197,0.383196344515439
1,5,"holdout",4,0.35286706886125
1,5,"holdout",226,0.295106767157023
1,5,"holdout",178,0.293633705857029
1,5,"holdout",99,0.607215606569783
1,5,"holdout",216,0.403068948398873
1,5,"holdout",215,0.334565046367674
1,5,"holdout",177,0.344929038542064
1,5,"holdout",154,0.49172181529814
1,5,"holdout",114,0.315656051203432
1,5,"holdout",6,0.212151278515955
1,5,"holdout",134,0.449921619203195
1,5,"holdout",130,0.476838208060403
2,5,"cv",1,0.355464304819188
2,5,"cv",2,0.421378179318281
2,5,"cv",7,0.393829787981474
2,5,"cv",8,0.388547263032833
2,5,"cv",9,0.413300206859847
2,5,"cv",10,0.442569246362352
2,5,"cv",11,0.293808217015722
2,5,"cv",12,0.437233632402639
2,5,"cv",13,0.463029353001612
2,5,"cv",14,0.586555356486954
2,5,"cv",15,0.337205830876919
2,5,"cv",16,0.330731830807479
2,5,"cv",17,0.549418155926734
2,5,"cv",18,0.346839676639067
2,5,"cv",19,0.427392263518105
2,5,"cv",21,0.453268839749574
2,5,"cv",22,0.226620014731739
2,5,"cv",23,0.665883138591858
2,5,"cv",25,0.403113497411881
2,5,"cv",26,0.383043518672656
2,5,"cv",28,0.509725650806803
2,5,"cv",29,0.45651978924375
2,5,"cv",30,0.575422966547531
2,5,"cv",31,0.444221037746737
2,5,"cv",32,0.566719109689805
2,5,"cv",33,0.556192163460588
2,5,"cv",34,0.680165007686998
2,5,"cv",35,0.406059564513191
2,5,"cv",37,0.482870036213536
2,5,"cv",38,0.645539113064651
2,5,"cv",39,0.454324362078045
2,5,"cv",40,0.479835214432812
2,5,"cv",41,0.585463281963613
2,5,"cv",44,0.236947281316855
2,5,"cv",45,0.512251553334528
2,5,"cv",46,0.439515666978998
2,5,"cv",47,0.551115390886767
2,5,"cv",48,0.311304593023219
2,5,"cv",50,0.483446122927475
2,5,"cv",51,0.578895593806809
2,5,"cv",52,0.582752264512274
2,5,"cv",53,0.385395555463414
2,5,"cv",54,0.554090059778976
2,5,"cv",55,0.665895174853032
2,5,"cv",56,0.402135475263145
2,5,"cv",57,0.37204734151541
2,5,"cv",59,0.39261101994601
2,5,"cv",60,0.517187533730608
2,5,"cv",61,0.494548940779576
2,5,"cv",62,0.342636749079018
2,5,"cv",63,0.60756502376612
2,5,"cv",64,0.530316195142557
2,5,"cv",65,0.56262975059113
2,5,"cv",66,0.62668742923271
2,5,"cv",67,0.433038546315175
2,5,"cv",69,0.66584549540761
2,5,"cv",70,0.436568208840276
2,5,"cv",71,0.608258659299806
2,5,"cv",72,0.615084066319093
2,5,"cv",73,0.526343903051212
2,5,"cv",75,0.562281549283806
2,5,"cv",76,0.313834586387976
2,5,"cv",77,0.32365418162862
2,5,"cv",79,0.353529422373148
2,5,"cv",80,0.473299148863748
2,5,"cv",81,0.450981158192548
2,5,"cv",82,0.225804284468305
2,5,"cv",83,0.561114909259422
2,5,"cv",84,0.376173022021055
2,5,"cv",85,0.245807447747467
2,5,"cv",86,0.369952925497292
2,5,"cv",87,0.525879104160547
2,5,"cv",88,0.371229331620469
2,5,"cv",90,0.526613990448441
2,5,"cv",91,0.49137727875796
2,5,"cv",93,0.583390682404557
2,5,"cv",95,0.513752607130564
2,5,"cv",96,0.35153947353398
2,5,"cv",97,0.489361040691016
2,5,"cv",98,0.385334471362845
2,5,"cv",100,0.529957228478479
2,5,"cv",101,0.382010833982815
2,5,"cv",102,0.509665937862108
2,5,"cv",103,0.418151239591061
2,5,"cv",105,0.547241249015638
2,5,"cv",106,0.534417016723679
2,5,"cv",107,0.558489634974609
2,5,"cv",108,0.710059737369445
2,5,"cv",111,0.805975395413622
2,5,"cv",112,0.465251424353235
2,5,"cv",113,0.448997829990918
2,5,"cv",115,0.518075208737526
2,5,"cv",116,0.592719632237195
2,5,"cv",117,0.500310723675928
2,5,"cv",118,0.360576326059458
2,5,"cv",119,0.315138941884183
2,5,"cv",120,0.469096875538953
2,5,"cv",121,0.610569028309714
2,5,"cv",123,0.621922835897294
2,5,"cv",124,0.136522753613031
2,5,"cv",125,0.406389654815554
2,5,"cv",126,0.671885035011212
2,5,"cv",127,0.473537059751172
2,5,"cv",129,0.407904512895115
2,5,"cv",131,0.665215102875119
2,5,"cv",132,0.339920680294747
2,5,"cv",133,0.456370037567974
2,5,"cv",135,0.319984210443822
2,5,"cv",137,0.51948071066086
2,5,"cv",138,0.429955079222195
2,5,"cv",139,0.349366193657229
2,5,"cv",140,0.386945827497798
2,5,"cv",141,0.458034050636608
2,5,"cv",142,0.487254879236441
2,5,"cv",144,0.387113983576579
2,5,"cv",145,0.406621423255826
2,5,"cv",147,0.452985563558149
2,5,"cv",148,0.621259362774187
2,5,"cv",149,0.537239944675258
2,5,"cv",151,0.423025065231057
2,5,"cv",152,0.2687227799429
2,5,"cv",155,0.528043469279731
2,5,"cv",156,0.54638317389337
2,5,"cv",157,0.39294718045178
2,5,"cv",159,0.603883014811481
2,5,"cv",160,0.496402005467498
2,5,"cv",161,0.375542596542863
2,5,"cv",163,0.45598175126504
2,5,"cv",166,0.468649524860948
2,5,"cv",167,0.468658987631938
2,5,"cv",168,0.444509766090742
2,5,"cv",169,0.415702286184106
2,5,"cv",170,0.432441111738667
2,5,"cv",171,0.443295047939525
2,5,"cv",172,0.215190307897561
2,5,"cv",173,0.45325847514031
2,5,"cv",174,0.411076851576023
2,5,"cv",175,0.550113338053735
2,5,"cv",176,0.274914792383136
2,5,"cv",179,0.449032010238864
2,5,"cv",180,0.571578789284341
2,5,"cv",181,0.463375482769645
2,5,"cv",182,0.231319877700236
2,5,"cv",183,0.494724889654131
2,5,"cv",184,0.536023332444295
2,5,"cv",185,0.457112432393246
2,5,"cv",186,0.444463229926374
2,5,"cv",187,0.441201354910285
2,5,"cv",188,0.383503345326059
2,5,"cv",189,0.793195092704094
2,5,"cv",190,0.679867422399269
2,5,"cv",191,0.454714630572772
2,5,"cv",192,0.318675882801355
2,5,"cv",193,0.405567341349613
2,5,"cv",194,0.436900737357351
2,5,"cv",195,0.445956380768845
2,5,"cv",196,0.523747550106067
2,5,"cv",198,0.494356001346144
2,5,"cv",199,0.395821607821608
2,5,"cv",200,0.454116736949814
2,5,"cv",201,0.361296996975839
2,5,"cv",202,0.38651108097428
2,5,"cv",203,0.506950014740695
2,5,"cv",204,0.399865162905868
2,5,"cv",205,0.529624507429491
2,5,"cv",206,0.460747611899027
2,5,"cv",207,0.455044541402842
2,5,"cv",208,0.396930996867158
2,5,"cv",209,0.536575387474758
2,5,"cv",210,0.51942954258322
2,5,"cv",213,0.438536015895065
2,5,"cv",217,0.549955217734312
2,5,"cv",219,0.290563796481962
2,5,"cv",220,0.539535353311951
2,5,"cv",221,0.46436996560789
2,5,"cv",222,0.514378482952843
2,5,"cv",224,0.547884482145367
2,5,"cv",230,0.397460873750174
2,5,"cv",231,0.434979645823515
2,5,"cv",232,0.554820052730631
2,5,"cv",233,0.569767702220078
2,5,"cv",234,0.391319648263962
2,5,"cv",235,0.451937161630963
2,5,"cv",236,0.299876774282409
2,5,"cv",237,0.137866057118761
2,5,"cv",238,0.585845579260073
2,5,"cv",239,0.401333487815154
2,5,"cv",240,0.236914680915658
2,5,"cv",241,0.534025550647209
2,5,"cv",242,0.280249145464698
2,5,"cv",243,0.225000470421945
2,5,"cv",244,0.515095098345562
2,5,"cv",246,0.509152305831658
2,5,"cv",247,0.326132777964814
2,5,"cv",249,0.489158865085855
2,5,"cv",250,0.289205272481682
2,5,"cv",251,0.38802801261312
2,5,"cv",253,0.326380420163899
2,5,"cv",254,0.367397314762589
2,5,"cv",255,0.384862827394064
2,5,"cv",256,0.44535474543147
2,5,"cv",257,0.322392766295513
2,5,"cv",258,0.270469233727997
2,5,"cv",259,0.386526001418717
2,5,"cv",260,0.346915598697363
2,5,"cv",264,0.60435848260276
2,5,"cv",265,0.537348110695845
2,5,"cv",268,0.396668982677755
2,5,"cv",269,0.52764661408023
2,5,"holdout",49,0.478753449019828
2,5,"holdout",153,0.437147037565754
2,5,"holdout",74,0.361297927130706
2,5,"holdout",228,0.394563319799811
2,5,"holdout",146,0.433665283666759
2,5,"holdout",122,0.468875380641999
2,5,"holdout",270,0.306879132088829
2,5,"holdout",128,0.337342042750736
2,5,"holdout",24,0.516486726284427
2,5,"holdout",89,0.408604041387705
2,5,"holdout",165,0.467728626029062
2,5,"holdout",110,0.420011429967635
2,5,"holdout",20,0.499171043772308
2,5,"holdout",261,0.400706662165929
2,5,"holdout",27,0.433428091113257
2,5,"holdout",164,0.588848495931978
2,5,"holdout",229,0.283423152438688
2,5,"holdout",223,0.491675957590475
2,5,"holdout",109,0.360764480766824
2,5,"holdout",5,0.4120767674302
2,5,"holdout",212,0.448414150076302
2,5,"holdout",162,0.407428409125504
2,5,"holdout",92,0.503244272163679
2,5,"holdout",104,0.441077910201225
2,5,"holdout",3,0.442582805254937
2,5,"holdout",58,0.41539687507903
2,5,"holdout",225,0.24092059264196
2,5,"holdout",42,0.629590710552207
2,5,"holdout",262,0.542072770410944
2,5,"holdout",158,0.47568505543589
2,5,"holdout",43,0.52193971748391
2,5,"holdout",143,0.409949438027196
2,5,"holdout",150,0.49289870476728
2,5,"holdout",245,0.442908978910209
2,5,"holdout",136,0.455683140846709
2,5,"holdout",36,0.444564933394937
2,5,"holdout",68,0.560771981377501
2,5,"holdout",214,0.548952883091849
2,5,"holdout",266,0.356021128068963
2,5,"holdout",252,0.43786619201127
2,5,"holdout",248,0.283769580981382
2,5,"holdout",197,0.380333249832007
2,5,"holdout",4,0.348231425144739
2,5,"holdout",226,0.294246636181767
2,5,"holdout",178,0.289803708934175
2,5,"holdout",99,0.617439321051692
2,5,"holdout",216,0.404789681732615
2,5,"holdout",215,0.331225776558689
2,5,"holdout",177,0.350526349462873
2,5,"holdout",154,0.487661882736706
2,5,"holdout",114,0.318904849645139
2,5,"holdout",6,0.204225609543667
2,5,"holdout",134,0.454414187262959
2,5,"holdout",130,0.483503227624573
3,5,"cv",1,0.358717432489242
3,5,"cv",2,0.426145580237935
3,5,"cv",7,0.381843266693316
3,5,"cv",8,0.388495972718212
3,5,"cv",9,0.39216344036379
3,5,"cv",10,0.45331734841253
3,5,"cv",11,0.306712503647816
3,5,"cv",12,0.429200744628211
3,5,"cv",13,0.435035670808747
3,5,"cv",14,0.602093219421255
3,5,"cv",15,0.342608941286004
3,5,"cv",16,0.313574766106305
3,5,"cv",17,0.50399379289267
3,5,"cv",18,0.345423146467139
3,5,"cv",19,0.425803645532845
3,5,"cv",21,0.442502088084585
3,5,"cv",22,0.216983588368766
3,5,"cv",23,0.679595195039969
3,5,"cv",25,0.403388085496084
3,5,"cv",26,0.399656872269657
3,5,"cv",28,0.497940582860471
3,5,"cv",29,0.445689483361475
3,5,"cv",30,0.588275444423685
3,5,"cv",31,0.47045825560217
3,5,"cv",32,0.563363090836091
3,5,"cv",33,0.55378429275805
3,5,"cv",34,0.670290454041242
3,5,"cv",35,0.412297058924299
3,5,"cv",37,0.486533879771
3,5,"cv",38,0.639620282773471
3,5,"cv",39,0.387793265603741
3,5,"cv",40,0.501155550450623
3,5,"cv",41,0.597370050141801
3,5,"cv",44,0.226600177079383
3,5,"cv",45,0.536109818367664
3,5,"cv",46,0.416516100273678
3,5,"cv",47,0.564671324021382
3,5,"cv",48,0.319067337289105
3,5,"cv",50,0.477804786687096
3,5,"cv",51,0.586458056741972
3,5,"cv",52,0.541254000624456
3,5,"cv",53,0.38906846786284
3,5,"cv",54,0.548534910836226
3,5,"cv",55,0.644310488411265
3,5,"cv",56,0.349858638839989
3,5,"cv",57,0.364056457933468
3,5,"cv",59,0.381772055336302
3,5,"cv",60,0.519751639335489
3,5,"cv",61,0.50188812624626
3,5,"cv",62,0.336682331915056
3,5,"cv",63,0.592011930700277
3,5,"cv",64,0.563724540754951
3,5,"cv",65,0.578722919655513
3,5,"cv",66,0.614475814595702
3,5,"cv",67,0.433501016550886
3,5,"cv",69,0.65861770214896
3,5,"cv",70,0.430580472870637
3,5,"cv",71,0.578893379461718
3,5,"cv",72,0.606882998548847
3,5,"cv",73,0.510162780975219
3,5,"cv",75,0.505214064405717
3,5,"cv",76,0.338334931761854
3,5,"cv",77,0.342260827370826
3,5,"cv",79,0.315913985544928
3,5,"cv",80,0.457895465507116
3,5,"cv",81,0.444920119826183
3,5,"cv",82,0.20749397794594
3,5,"cv",83,0.549381166463831
3,5,"cv",84,0.357351655044432
3,5,"cv",85,0.257581901492383
3,5,"cv",86,0.300933611798894
3,5,"cv",87,0.534616994354932
3,5,"cv",88,0.361573056864395
3,5,"cv",90,0.528839953080991
3,5,"cv",91,0.500860314809193
3,5,"cv",93,0.572626387860165
3,5,"cv",95,0.502053976287971
3,5,"cv",96,0.366577996024927
3,5,"cv",97,0.475567311335302
3,5,"cv",98,0.402657524092387
3,5,"cv",100,0.532927134236451
3,5,"cv",101,0.381225911030341
3,5,"cv",102,0.501813039786896
3,5,"cv",103,0.398239219880617
3,5,"cv",105,0.558139313788313
3,5,"cv",106,0.51186805122945
3,5,"cv",107,0.54173677708071
3,5,"cv",108,0.728534605214785
3,5,"cv",111,0.822531781046872
3,5,"cv",112,0.490459807918202
3,5,"cv",113,0.439034030263712
3,5,"cv",115,0.522192039568516
3,5,"cv",116,0.591658657543951
3,5,"cv",117,0.489548367987369
3,5,"cv",118,0.378024166203064
3,5,"cv",119,0.316021873754486
3,5,"cv",120,0.478463443635197
3,5,"cv",121,0.578679269135231
3,5,"cv",123,0.624273071045344
3,5,"cv",124,0.0998302512665003
3,5,"cv",125,0.387181873807713
3,5,"cv",126,0.704904242347567
3,5,"cv",127,0.476960539045684
3,5,"cv",129,0.384189133477048
3,5,"cv",131,0.674663998215238
3,5,"cv",132,0.323848829165044
3,5,"cv",133,0.45853680657321
3,5,"cv",135,0.33397445789704
3,5,"cv",137,0.511910291427462
3,5,"cv",138,0.422356214235458
3,5,"cv",139,0.392765659009149
3,5,"cv",140,0.386453397631654
3,5,"cv",141,0.447637378594907
3,5,"cv",142,0.502188552523444
3,5,"cv",144,0.397064749599295
3,5,"cv",145,0.427373688214005
3,5,"cv",147,0.454790938143042
3,5,"cv",148,0.628354156974565
3,5,"cv",149,0.525185857739794
3,5,"cv",151,0.471752021571879
3,5,"cv",152,0.25429464020574
3,5,"cv",155,0.518908362620855
3,5,"cv",156,0.535832466082045
3,5,"cv",157,0.407508036296726
3,5,"cv",159,0.584933461631475
3,5,"cv",160,0.49676621039303
3,5,"cv",161,0.357766266480662
3,5,"cv",163,0.472154446542969
3,5,"cv",166,0.473981774853415
3,5,"cv",167,0.454210250972686
3,5,"cv",168,0.452215060376098
3,5,"cv",169,0.416490237353267
3,5,"cv",170,0.489952795082449
3,5,"cv",171,0.41835242914061
3,5,"cv",172,0.185957372457017
3,5,"cv",173,0.487630788387754
3,5,"cv",174,0.443877456536032
3,5,"cv",175,0.543204455890371
3,5,"cv",176,0.259879799948355
3,5,"cv",179,0.452650915783308
3,5,"cv",180,0.586371340820474
3,5,"cv",181,0.469585406726922
3,5,"cv",182,0.254396308024389
3,5,"cv",183,0.492207377382256
3,5,"cv",184,0.540685624173
3,5,"cv",185,0.464565611811544
3,5,"cv",186,0.412033369363714
3,5,"cv",187,0.449258086738451
3,5,"cv",188,0.385978657947986
3,5,"cv",189,0.811936574439323
3,5,"cv",190,0.683072724769885
3,5,"cv",191,0.466869193193427
3,5,"cv",192,0.319536288581636
3,5,"cv",193,0.406985241405612
3,5,"cv",194,0.429555250051915
3,5,"cv",195,0.471097892674261
3,5,"cv",196,0.498017601842122
3,5,"cv",198,0.510090311428545
3,5,"cv",199,0.370082847987024
3,5,"cv",200,0.438795037309276
3,5,"cv",201,0.343693142390354
3,5,"cv",202,0.395559938001711
3,5,"cv",203,0.503701823534548
3,5,"cv",204,0.390513457867641
3,5,"cv",205,0.533081835516027
3,5,"cv",206,0.456363592175506
3,5,"cv",207,0.447630420279345
3,5,"cv",208,0.395842479536231
3,5,"cv",209,0.563569657348836
3,5,"cv",210,0.525168486710597
3,5,"cv",213,0.436927556755747
3,5,"cv",217,0.563559436123011
3,5,"cv",219,0.340116859354634
3,5,"cv",220,0.559007776359455
3,5,"cv",221,0.455003766366847
3,5,"cv",222,0.519753115101767
3,5,"cv",224,0.56401788341166
3,5,"cv",230,0.397839832166816
3,5,"cv",231,0.433154892159737
3,5,"cv",232,0.548032592266451
3,5,"cv",233,0.560186307292086
3,5,"cv",234,0.377069177551914
3,5,"cv",235,0.457353971278125
3,5,"cv",236,0.260199365365123
3,5,"cv",237,0.181471266160682
3,5,"cv",238,0.602139410852759
3,5,"cv",239,0.342676861399634
3,5,"cv",240,0.247903610923083
3,5,"cv",241,0.526083529737357
3,5,"cv",242,0.279610589512583
3,5,"cv",243,0.199611693021062
3,5,"cv",244,0.523668964875073
3,5,"cv",246,0.487248493072163
3,5,"cv",247,0.352195499615733
3,5,"cv",249,0.496726602901874
3,5,"cv",250,0.287675067672328
3,5,"cv",251,0.366846356255331
3,5,"cv",253,0.347652345443121
3,5,"cv",254,0.35486115072991
3,5,"cv",255,0.386709629186065
3,5,"cv",256,0.439475122090228
3,5,"cv",257,0.337807765928897
3,5,"cv",258,0.252617606398143
3,5,"cv",259,0.359656998969806
3,5,"cv",260,0.334031984905197
3,5,"cv",264,0.596761566122797
3,5,"cv",265,0.529155785487103
3,5,"cv",268,0.392654120982124
3,5,"cv",269,0.51900705332345
3,5,"holdout",49,0.479741488169851
3,5,"holdout",153,0.435659910044904
3,5,"holdout",74,0.365379824034432
3,5,"holdout",228,0.394464177295042
3,5,"holdout",146,0.438137329216292
3,5,"holdout",122,0.469234872574057
3,5,"holdout",270,0.302306090596255
3,5,"holdout",128,0.331980143326866
3,5,"holdout",24,0.518282878252133
3,5,"holdout",89,0.408993505535521
3,5,"holdout",165,0.462373723878507
3,5,"holdout",110,0.41857338545987
3,5,"holdout",20,0.500313516457193
3,5,"holdout",261,0.397274393590929
3,5,"holdout",27,0.438562531275453
3,5,"holdout",164,0.58951081189071
3,5,"holdout",229,0.282283547459308
3,5,"holdout",223,0.492588753053966
3,5,"holdout",109,0.359767505771079
3,5,"holdout",5,0.411289918154702
3,5,"holdout",212,0.442050333180148
3,5,"holdout",162,0.405990975672142
3,5,"holdout",92,0.506725382887273
3,5,"holdout",104,0.440141763184579
3,5,"holdout",3,0.447413131073741
3,5,"holdout",58,0.416532878650923
3,5,"holdout",225,0.242105092240241
3,5,"holdout",42,0.631979739307458
3,5,"holdout",262,0.542700471622934
3,5,"holdout",158,0.478524889585111
3,5,"holdout",43,0.520553011168144
3,5,"holdout",143,0.410692390942192
3,5,"holdout",150,0.494313207232
3,5,"holdout",245,0.440662182602011
3,5,"holdout",136,0.458561944789469
3,5,"holdout",36,0.447803108312817
3,5,"holdout",68,0.56214598457294
3,5,"holdout",214,0.549673603887962
3,5,"holdout",266,0.359923594652437
3,5,"holdout",252,0.436737828531067
3,5,"holdout",248,0.278554515577103
3,5,"holdout",197,0.371805379025739
3,5,"holdout",4,0.346600658302653
3,5,"holdout",226,0.29286591175051
3,5,"holdout",178,0.286864133357624
3,5,"holdout",99,0.624192881731667
3,5,"holdout",216,0.404520672023411
3,5,"holdout",215,0.330997976191925
3,5,"holdout",177,0.351375690222798
3,5,"holdout",154,0.482991558327981
3,5,"holdout",114,0.318057368453411
3,5,"holdout",6,0.204316604563083
3,5,"holdout",134,0.455463060876125
3,5,"holdout",130,0.487693381295823
1,6,"cv",1,0.332048911170192
1,6,"cv",2,0.433937611154493
1,6,"cv",7,0.397011762280992
1,6,"cv",8,0.382108925385759
1,6,"cv",9,0.409566149881243
1,6,"cv",10,0.432032821781906
1,6,"cv",11,0.278987785602184
1,6,"cv",12,0.434433239603931
1,6,"cv",13,0.435401154911502
1,6,"cv",14,0.590900782674489
1,6,"cv",15,0.321798397559514
1,6,"cv",16,0.334757405940129
1,6,"cv",17,0.528944229083327
1,6,"cv",18,0.348803069220218
1,6,"cv",19,0.414344422056431
1,6,"cv",21,0.433280542759011
1,6,"cv",22,0.312893270402373
1,6,"cv",23,0.676280211825963
1,6,"cv",25,0.419125992659006
1,6,"cv",26,0.38985054571154
1,6,"cv",28,0.499455574021957
1,6,"cv",29,0.44441452921528
1,6,"cv",30,0.588988839103378
1,6,"cv",31,0.479906713491293
1,6,"cv",32,0.588862704111721
1,6,"cv",33,0.550603291308378
1,6,"cv",34,0.662043353925651
1,6,"cv",35,0.431314753643929
1,6,"cv",37,0.488130584022163
1,6,"cv",38,0.589220139268003
1,6,"cv",39,0.400741384180479
1,6,"cv",40,0.491873462226375
1,6,"cv",41,0.598676999255405
1,6,"cv",44,0.238018928218919
1,6,"cv",45,0.505405463670001
1,6,"cv",46,0.424724978193767
1,6,"cv",47,0.55543075134398
1,6,"cv",48,0.356535571457558
1,6,"cv",50,0.480966090956816
1,6,"cv",51,0.636124082147268
1,6,"cv",52,0.552058552269807
1,6,"cv",53,0.411219400811715
1,6,"cv",54,0.560559272101645
1,6,"cv",55,0.654183475529678
1,6,"cv",56,0.348356254644234
1,6,"cv",57,0.369278917311625
1,6,"cv",59,0.415683793548681
1,6,"cv",60,0.494287219918906
1,6,"cv",61,0.499267427809183
1,6,"cv",62,0.353886928615213
1,6,"cv",63,0.594363037701569
1,6,"cv",64,0.543433699208103
1,6,"cv",65,0.586271383861073
1,6,"cv",66,0.612016729133719
1,6,"cv",67,0.435720474654784
1,6,"cv",69,0.665632697445163
1,6,"cv",70,0.441780922516111
1,6,"cv",71,0.598409796595371
1,6,"cv",72,0.613714228905323
1,6,"cv",73,0.521167909765652
1,6,"cv",75,0.508566336833454
1,6,"cv",76,0.354624456014773
1,6,"cv",77,0.361399496869626
1,6,"cv",79,0.34852031709759
1,6,"cv",80,0.478471659420899
1,6,"cv",81,0.441322324687464
1,6,"cv",82,0.252589247624806
1,6,"cv",83,0.523646360782503
1,6,"cv",84,0.378063149034703
1,6,"cv",85,0.2566839946491
1,6,"cv",86,0.348224035126502
1,6,"cv",87,0.541595678258168
1,6,"cv",88,0.371492816009729
1,6,"cv",90,0.523074282528283
1,6,"cv",91,0.494044204855378
1,6,"cv",93,0.55894572186323
1,6,"cv",95,0.523519797462469
1,6,"cv",96,0.368103219363178
1,6,"cv",97,0.4928629545411
1,6,"cv",98,0.431704337388327
1,6,"cv",100,0.529211185632955
1,6,"cv",101,0.354871956147932
1,6,"cv",102,0.465131446621214
1,6,"cv",103,0.391624422952922
1,6,"cv",105,0.541179164667904
1,6,"cv",106,0.522558454338297
1,6,"cv",107,0.549631396495981
1,6,"cv",108,0.752821758971475
1,6,"cv",111,0.806015230836706
1,6,"cv",112,0.465678309353655
1,6,"cv",113,0.452080615481321
1,6,"cv",115,0.506766666866009
1,6,"cv",116,0.576224047555756
1,6,"cv",117,0.500910933387027
1,6,"cv",118,0.339481974765047
1,6,"cv",119,0.323005090423364
1,6,"cv",120,0.466955155529087
1,6,"cv",121,0.59354893589749
1,6,"cv",123,0.630867075973424
1,6,"cv",124,0.098253132785723
1,6,"cv",125,0.406440137119729
1,6,"cv",126,0.663686235827069
1,6,"cv",127,0.4332709186008
1,6,"cv",129,0.403261379803433
1,6,"cv",131,0.621657105749346
1,6,"cv",132,0.307615872970671
1,6,"cv",133,0.449557802577026
1,6,"cv",135,0.33593381449869
1,6,"cv",137,0.511935983244883
1,6,"cv",138,0.426249569545978
1,6,"cv",139,0.407811435357562
1,6,"cv",140,0.359187383769649
1,6,"cv",141,0.455267186795681
1,6,"cv",142,0.47545880877309
1,6,"cv",144,0.401233081516071
1,6,"cv",145,0.416211301557407
1,6,"cv",147,0.44751108966257
1,6,"cv",148,0.633139494386665
1,6,"cv",149,0.51647316864784
1,6,"cv",151,0.485252841894026
1,6,"cv",152,0.272676001232279
1,6,"cv",155,0.529604881984175
1,6,"cv",156,0.550811509553215
1,6,"cv",157,0.404821841226476
1,6,"cv",159,0.607187010725206
1,6,"cv",160,0.490639184427569
1,6,"cv",161,0.383349470549429
1,6,"cv",163,0.462069689565252
1,6,"cv",166,0.474924788627586
1,6,"cv",167,0.462031739157004
1,6,"cv",168,0.478959687311594
1,6,"cv",169,0.3889735297633
1,6,"cv",170,0.422510704465458
1,6,"cv",171,0.421444769876608
1,6,"cv",172,0.203518487286378
1,6,"cv",173,0.500672022668489
1,6,"cv",174,0.416066957589513
1,6,"cv",175,0.532757024819795
1,6,"cv",176,0.288168490566081
1,6,"cv",179,0.436714092876897
1,6,"cv",180,0.567516998611506
1,6,"cv",181,0.434801384045061
1,6,"cv",182,0.23100686529852
1,6,"cv",183,0.498161910450383
1,6,"cv",184,0.524214577636794
1,6,"cv",185,0.45139700772078
1,6,"cv",186,0.426117285105844
1,6,"cv",187,0.442219739839745
1,6,"cv",188,0.383852141889151
1,6,"cv",189,0.791983474923935
1,6,"cv",190,0.657032713717083
1,6,"cv",191,0.446693842595326
1,6,"cv",192,0.308618431683006
1,6,"cv",193,0.400695248716939
1,6,"cv",194,0.437021448623591
1,6,"cv",195,0.538030675382221
1,6,"cv",196,0.480030066014921
1,6,"cv",198,0.523310323240658
1,6,"cv",199,0.371090478207465
1,6,"cv",200,0.465477112962091
1,6,"cv",201,0.366302213096797
1,6,"cv",202,0.396197983722172
1,6,"cv",203,0.493092041364285
1,6,"cv",204,0.387945424407851
1,6,"cv",205,0.528273066245988
1,6,"cv",206,0.4522209486539
1,6,"cv",207,0.444969053562744
1,6,"cv",208,0.380270321084728
1,6,"cv",209,0.548726869376888
1,6,"cv",210,0.531435816225314
1,6,"cv",213,0.434028445269445
1,6,"cv",217,0.537056297449631
1,6,"cv",219,0.317112017886736
1,6,"cv",220,0.611534306588653
1,6,"cv",221,0.464469869413419
1,6,"cv",222,0.520369049121929
1,6,"cv",224,0.556504754877425
1,6,"cv",230,0.412692489255244
1,6,"cv",231,0.434919572502276
1,6,"cv",232,0.552557836186459
1,6,"cv",233,0.585014216974125
1,6,"cv",234,0.40630669424164
1,6,"cv",235,0.469617940305667
1,6,"cv",236,0.351130284606173
1,6,"cv",237,0.166601512580922
1,6,"cv",238,0.594504561804745
1,6,"cv",239,0.351539191043381
1,6,"cv",240,0.273524141331184
1,6,"cv",241,0.524026946888675
1,6,"cv",242,0.284775935287427
1,6,"cv",243,0.16883595190453
1,6,"cv",244,0.534037595543166
1,6,"cv",246,0.508929894058575
1,6,"cv",247,0.364102731649621
1,6,"cv",249,0.520039868100993
1,6,"cv",250,0.240783680989004
1,6,"cv",251,0.410535656702153
1,6,"cv",253,0.324206742615315
1,6,"cv",254,0.356396357097529
1,6,"cv",255,0.376231371088518
1,6,"cv",256,0.435253784150388
1,6,"cv",257,0.367832838123285
1,6,"cv",258,0.274007926985886
1,6,"cv",259,0.393726722664202
1,6,"cv",260,0.349757726238978
1,6,"cv",264,0.606850971733762
1,6,"cv",265,0.548425506223304
1,6,"cv",268,0.409425894935955
1,6,"cv",269,0.517696240258525
1,6,"holdout",49,0.47982451155426
1,6,"holdout",153,0.437776993855541
1,6,"holdout",74,0.366655473605686
1,6,"holdout",228,0.395197589318672
1,6,"holdout",146,0.433096284251895
1,6,"holdout",122,0.467994421901513
1,6,"holdout",270,0.292896926164276
1,6,"holdout",128,0.345211755430893
1,6,"holdout",24,0.512374981432862
1,6,"holdout",89,0.41537638420933
1,6,"holdout",165,0.463776110340035
1,6,"holdout",110,0.423965006299803
1,6,"holdout",20,0.497832859191521
1,6,"holdout",261,0.392868777633274
1,6,"holdout",27,0.428588062437904
1,6,"holdout",164,0.589310926166389
1,6,"holdout",229,0.283813296829986
1,6,"holdout",223,0.486755182390232
1,6,"holdout",109,0.353730062247466
1,6,"holdout",5,0.401584813920634
1,6,"holdout",212,0.454398297329462
1,6,"holdout",162,0.405253501347876
1,6,"holdout",92,0.50371543401807
1,6,"holdout",104,0.435727156152126
1,6,"holdout",3,0.435320606235274
1,6,"holdout",58,0.414072697027232
1,6,"holdout",225,0.240895034817554
1,6,"holdout",42,0.632779069134695
1,6,"holdout",262,0.544650908439274
1,6,"holdout",158,0.48520561125228
1,6,"holdout",43,0.523304704220481
1,6,"holdout",143,0.423323703558278
1,6,"holdout",150,0.496153893984219
1,6,"holdout",245,0.445948364453706
1,6,"holdout",136,0.45853499362001
1,6,"holdout",36,0.45007524567558
1,6,"holdout",68,0.56355013492746
1,6,"holdout",214,0.556768120120145
1,6,"holdout",266,0.355936494072269
1,6,"holdout",252,0.436700215556066
1,6,"holdout",248,0.270568152482151
1,6,"holdout",197,0.385623459307225
1,6,"holdout",4,0.346118292519685
1,6,"holdout",226,0.296323811094941
1,6,"holdout",178,0.286882455987345
1,6,"holdout",99,0.629346679861046
1,6,"holdout",216,0.403385965516913
1,6,"holdout",215,0.331567647437831
1,6,"holdout",177,0.353921919444992
1,6,"holdout",154,0.492150207014847
1,6,"holdout",114,0.312776910399102
1,6,"holdout",6,0.205390200936875
1,6,"holdout",134,0.454588391014549
1,6,"holdout",130,0.496644821987505
2,6,"cv",1,0.343673666648568
2,6,"cv",2,0.445009565477834
2,6,"cv",7,0.401862728569139
2,6,"cv",8,0.384780050249391
2,6,"cv",9,0.417424986808091
2,6,"cv",10,0.45061554351463
2,6,"cv",11,0.313092988878877
2,6,"cv",12,0.440869135373465
2,6,"cv",13,0.455981410958858
2,6,"cv",14,0.582161413390212
2,6,"cv",15,0.324437483799716
2,6,"cv",16,0.334262307218424
2,6,"cv",17,0.530823599398354
2,6,"cv",18,0.34351965223218
2,6,"cv",19,0.42841666556961
2,6,"cv",21,0.454051216530455
2,6,"cv",22,0.220850361743804
2,6,"cv",23,0.681586516981979
2,6,"cv",25,0.404880336100762
2,6,"cv",26,0.378073911961943
2,6,"cv",28,0.495334243507131
2,6,"cv",29,0.438409624643415
2,6,"cv",30,0.566414376523018
2,6,"cv",31,0.434960808860285
2,6,"cv",32,0.567637841140377
2,6,"cv",33,0.54799935651421
2,6,"cv",34,0.639360600674293
2,6,"cv",35,0.410684644632943
2,6,"cv",37,0.484768362370194
2,6,"cv",38,0.644916421123061
2,6,"cv",39,0.449013635974687
2,6,"cv",40,0.481542404371194
2,6,"cv",41,0.584384107821445
2,6,"cv",44,0.24579991273086
2,6,"cv",45,0.518938910585618
2,6,"cv",46,0.423490699162231
2,6,"cv",47,0.551624424170271
2,6,"cv",48,0.304501783612243
2,6,"cv",50,0.476927723515871
2,6,"cv",51,0.593988494558096
2,6,"cv",52,0.577886711580433
2,6,"cv",53,0.389298648076347
2,6,"cv",54,0.548108073254291
2,6,"cv",55,0.668533221576717
2,6,"cv",56,0.39827161752569
2,6,"cv",57,0.373434386172563
2,6,"cv",59,0.399735911138544
2,6,"cv",60,0.508974237849789
2,6,"cv",61,0.486947604877444
2,6,"cv",62,0.334059835388539
2,6,"cv",63,0.606030807937248
2,6,"cv",64,0.526653922314815
2,6,"cv",65,0.570653703915664
2,6,"cv",66,0.640507723022213
2,6,"cv",67,0.430355275283612
2,6,"cv",69,0.674064437664517
2,6,"cv",70,0.425987458643978
2,6,"cv",71,0.611139992411564
2,6,"cv",72,0.61671874011453
2,6,"cv",73,0.525146351534018
2,6,"cv",75,0.554353409685858
2,6,"cv",76,0.322137718418636
2,6,"cv",77,0.320551535688529
2,6,"cv",79,0.374786836609767
2,6,"cv",80,0.476544255599378
2,6,"cv",81,0.454407847304674
2,6,"cv",82,0.230804285705145
2,6,"cv",83,0.5399703868405
2,6,"cv",84,0.386818951378601
2,6,"cv",85,0.242490837459846
2,6,"cv",86,0.356108923392445
2,6,"cv",87,0.523597001278579
2,6,"cv",88,0.382574317564941
2,6,"cv",90,0.523201757386897
2,6,"cv",91,0.499335236084876
2,6,"cv",93,0.586393741735912
2,6,"cv",95,0.521346724299082
2,6,"cv",96,0.354566533166741
2,6,"cv",97,0.492730349644926
2,6,"cv",98,0.382864526956256
2,6,"cv",100,0.531277205115229
2,6,"cv",101,0.391383903011094
2,6,"cv",102,0.5239270431453
2,6,"cv",103,0.424438004878967
2,6,"cv",105,0.552419852632128
2,6,"cv",106,0.521868769464774
2,6,"cv",107,0.54075515133712
2,6,"cv",108,0.729427277360804
2,6,"cv",111,0.806018563521162
2,6,"cv",112,0.466575167331664
2,6,"cv",113,0.441913647587572
2,6,"cv",115,0.51597803020447
2,6,"cv",116,0.591565096530368
2,6,"cv",117,0.507694637605893
2,6,"cv",118,0.341304071483511
2,6,"cv",119,0.30871663486375
2,6,"cv",120,0.466912358156014
2,6,"cv",121,0.598737430624096
2,6,"cv",123,0.626256049190538
2,6,"cv",124,0.109941930540688
2,6,"cv",125,0.407329806739455
2,6,"cv",126,0.683236485072978
2,6,"cv",127,0.473344981867688
2,6,"cv",129,0.411921517341255
2,6,"cv",131,0.670301772324433
2,6,"cv",132,0.346288179086049
2,6,"cv",133,0.457749174199576
2,6,"cv",135,0.316348382990296
2,6,"cv",137,0.507909058857029
2,6,"cv",138,0.431874301303419
2,6,"cv",139,0.384225491600309
2,6,"cv",140,0.38442821973609
2,6,"cv",141,0.45407552004884
2,6,"cv",142,0.492538052303082
2,6,"cv",144,0.388268729526144
2,6,"cv",145,0.414130714884777
2,6,"cv",147,0.44321949705429
2,6,"cv",148,0.621626004197986
2,6,"cv",149,0.544502664073403
2,6,"cv",151,0.421001245164005
2,6,"cv",152,0.271195598037859
2,6,"cv",155,0.526716824569705
2,6,"cv",156,0.554174043426663
2,6,"cv",157,0.391890436821071
2,6,"cv",159,0.605656397690368
2,6,"cv",160,0.501838694787169
2,6,"cv",161,0.382073838459149
2,6,"cv",163,0.458649116398525
2,6,"cv",166,0.469566017478018
2,6,"cv",167,0.463577722007574
2,6,"cv",168,0.456243398760203
2,6,"cv",169,0.408201826602992
2,6,"cv",170,0.441241908388029
2,6,"cv",171,0.438116986278604
2,6,"cv",172,0.287348352072181
2,6,"cv",173,0.460257141353657
2,6,"cv",174,0.419492600616351
2,6,"cv",175,0.536425949975212
2,6,"cv",176,0.2747572797731
2,6,"cv",179,0.44786610854471
2,6,"cv",180,0.570659751152327
2,6,"cv",181,0.459545144184597
2,6,"cv",182,0.228858613232383
2,6,"cv",183,0.494711044346547
2,6,"cv",184,0.536208417336727
2,6,"cv",185,0.454293094971234
2,6,"cv",186,0.434339197400818
2,6,"cv",187,0.449281471256792
2,6,"cv",188,0.377428748142158
2,6,"cv",189,0.795322608798334
2,6,"cv",190,0.676476358446581
2,6,"cv",191,0.453157161268677
2,6,"cv",192,0.310626452561636
2,6,"cv",193,0.397845061277272
2,6,"cv",194,0.427930514763232
2,6,"cv",195,0.445217262365082
2,6,"cv",196,0.510798270453977
2,6,"cv",198,0.495625239233418
2,6,"cv",199,0.396038249179832
2,6,"cv",200,0.466393384405128
2,6,"cv",201,0.355772631995356
2,6,"cv",202,0.396489838343665
2,6,"cv",203,0.50939776320923
2,6,"cv",204,0.397363472976046
2,6,"cv",205,0.527777392025305
2,6,"cv",206,0.448120546662463
2,6,"cv",207,0.455263892362545
2,6,"cv",208,0.382666397040871
2,6,"cv",209,0.547061082324334
2,6,"cv",210,0.511003252043852
2,6,"cv",213,0.433635502920306
2,6,"cv",217,0.538647397605769
2,6,"cv",219,0.289733031682476
2,6,"cv",220,0.554227394589843
2,6,"cv",221,0.46011084878654
2,6,"cv",222,0.506411840196079
2,6,"cv",224,0.533346967587814
2,6,"cv",230,0.39292549631427
2,6,"cv",231,0.436412676316632
2,6,"cv",232,0.555038407752099
2,6,"cv",233,0.566310660752623
2,6,"cv",234,0.386890438450464
2,6,"cv",235,0.459302068338518
2,6,"cv",236,0.311518844496952
2,6,"cv",237,0.146878746405575
2,6,"cv",238,0.556471319089642
2,6,"cv",239,0.392536393702663
2,6,"cv",240,0.22702347802068
2,6,"cv",241,0.531293716580728
2,6,"cv",242,0.278102117763127
2,6,"cv",243,0.222915200714186
2,6,"cv",244,0.518635095223304
2,6,"cv",246,0.511850209899318
2,6,"cv",247,0.345398583738804
2,6,"cv",249,0.484774585911685
2,6,"cv",250,0.264825938218989
2,6,"cv",251,0.401396993696738
2,6,"cv",253,0.349351360688202
2,6,"cv",254,0.362026253267334
2,6,"cv",255,0.383158912950005
2,6,"cv",256,0.446317810665193
2,6,"cv",257,0.32240869541529
2,6,"cv",258,0.305521010961467
2,6,"cv",259,0.394968404754627
2,6,"cv",260,0.338055238499533
2,6,"cv",264,0.61037150767437
2,6,"cv",265,0.533952634600844
2,6,"cv",268,0.397451857430681
2,6,"cv",269,0.525955648433449
2,6,"holdout",49,0.477861231944715
2,6,"holdout",153,0.441641368058626
2,6,"holdout",74,0.359245200653733
2,6,"holdout",228,0.394276770124657
2,6,"holdout",146,0.424160244914101
2,6,"holdout",122,0.464944991184054
2,6,"holdout",270,0.291375512141148
2,6,"holdout",128,0.342036510715688
2,6,"holdout",24,0.515830336861167
2,6,"holdout",89,0.409613081479136
2,6,"holdout",165,0.469491762633913
2,6,"holdout",110,0.425043160749288
2,6,"holdout",20,0.493479315692325
2,6,"holdout",261,0.39787000333836
2,6,"holdout",27,0.420163699259899
2,6,"holdout",164,0.588997149228496
2,6,"holdout",229,0.278556732270595
2,6,"holdout",223,0.48857388178073
2,6,"holdout",109,0.357290567363541
2,6,"holdout",5,0.398347940663897
2,6,"holdout",212,0.456977396316371
2,6,"holdout",162,0.40649753748424
2,6,"holdout",92,0.498819785151221
2,6,"holdout",104,0.434951621249071
2,6,"holdout",3,0.42509591389645
2,6,"holdout",58,0.415778414006415
2,6,"holdout",225,0.238653921177381
2,6,"holdout",42,0.627910957689151
2,6,"holdout",262,0.544524964973419
2,6,"holdout",158,0.478934985294444
2,6,"holdout",43,0.524187189263997
2,6,"holdout",143,0.40990713446136
2,6,"holdout",150,0.494923253558478
2,6,"holdout",245,0.443729248414943
2,6,"holdout",136,0.454845547963001
2,6,"holdout",36,0.44278422568488
2,6,"holdout",68,0.560035687393163
2,6,"holdout",214,0.557370423302339
2,6,"holdout",266,0.352254538393475
2,6,"holdout",252,0.436053507935737
2,6,"holdout",248,0.28442475405992
2,6,"holdout",197,0.393313526493807
2,6,"holdout",4,0.342525394751652
2,6,"holdout",226,0.29731530528468
2,6,"holdout",178,0.294683170400473
2,6,"holdout",99,0.618773807983924
2,6,"holdout",216,0.398508379916793
2,6,"holdout",215,0.326487379049678
2,6,"holdout",177,0.347596376395446
2,6,"holdout",154,0.497292206568477
2,6,"holdout",114,0.317878951769871
2,6,"holdout",6,0.204221710886877
2,6,"holdout",134,0.454406612377907
2,6,"holdout",130,0.485883103842253
3,6,"cv",1,0.33568352469225
3,6,"cv",2,0.414027801122729
3,6,"cv",7,0.392037666970694
3,6,"cv",8,0.397161869603514
3,6,"cv",9,0.400088757469357
3,6,"cv",10,0.451592606242343
3,6,"cv",11,0.302035128855821
3,6,"cv",12,0.432020293993943
3,6,"cv",13,0.442391132798041
3,6,"cv",14,0.595442738061493
3,6,"cv",15,0.336613268623849
3,6,"cv",16,0.307011137332411
3,6,"cv",17,0.49453626047477
3,6,"cv",18,0.343629071927738
3,6,"cv",19,0.428500253469962
3,6,"cv",21,0.444892600602414
3,6,"cv",22,0.243170443276561
3,6,"cv",23,0.710879620708437
3,6,"cv",25,0.401096787827407
3,6,"cv",26,0.394806103777171
3,6,"cv",28,0.498596611244083
3,6,"cv",29,0.446972935663021
3,6,"cv",30,0.581343704365293
3,6,"cv",31,0.449733448376375
3,6,"cv",32,0.555029729378697
3,6,"cv",33,0.555971478364614
3,6,"cv",34,0.663762047496595
3,6,"cv",35,0.408669979720067
3,6,"cv",37,0.486686645475862
3,6,"cv",38,0.635531544657084
3,6,"cv",39,0.402047774305177
3,6,"cv",40,0.509927317895767
3,6,"cv",41,0.591683960476488
3,6,"cv",44,0.227374902184652
3,6,"cv",45,0.552772991399503
3,6,"cv",46,0.422159041255643
3,6,"cv",47,0.559994455071015
3,6,"cv",48,0.30650231687097
3,6,"cv",50,0.476278511874015
3,6,"cv",51,0.60152505537667
3,6,"cv",52,0.539092236482658
3,6,"cv",53,0.39498243677751
3,6,"cv",54,0.545464911244863
3,6,"cv",55,0.646319105405989
3,6,"cv",56,0.303599941007036
3,6,"cv",57,0.363329783480045
3,6,"cv",59,0.385853337988167
3,6,"cv",60,0.518437427865324
3,6,"cv",61,0.491302188947103
3,6,"cv",62,0.326439656325952
3,6,"cv",63,0.590576731603862
3,6,"cv",64,0.547340115295962
3,6,"cv",65,0.567179231115574
3,6,"cv",66,0.629495064114992
3,6,"cv",67,0.435925196818008
3,6,"cv",69,0.666437777857996
3,6,"cv",70,0.412586997333739
3,6,"cv",71,0.568826445734438
3,6,"cv",72,0.609637329999379
3,6,"cv",73,0.514477588843104
3,6,"cv",75,0.498956133281248
3,6,"cv",76,0.346965849216338
3,6,"cv",77,0.349735916998175
3,6,"cv",79,0.332041689273816
3,6,"cv",80,0.457582420590242
3,6,"cv",81,0.451283879619219
3,6,"cv",82,0.217191509146116
3,6,"cv",83,0.550577727954007
3,6,"cv",84,0.358977154466697
3,6,"cv",85,0.269112364290912
3,6,"cv",86,0.297770972679153
3,6,"cv",87,0.533824319574897
3,6,"cv",88,0.372491710950584
3,6,"cv",90,0.534104027169507
3,6,"cv",91,0.509939321311895
3,6,"cv",93,0.580312542478276
3,6,"cv",95,0.505233748515179
3,6,"cv",96,0.366736255067272
3,6,"cv",97,0.482355678346462
3,6,"cv",98,0.409543876997045
3,6,"cv",100,0.529538705592925
3,6,"cv",101,0.376520213226774
3,6,"cv",102,0.508383599261384
3,6,"cv",103,0.39673941472856
3,6,"cv",105,0.559267675075662
3,6,"cv",106,0.490515434554812
3,6,"cv",107,0.547137189448116
3,6,"cv",108,0.717405651909056
3,6,"cv",111,0.815303929595327
3,6,"cv",112,0.496972002163381
3,6,"cv",113,0.442567796663432
3,6,"cv",115,0.532114323007591
3,6,"cv",116,0.588213121507611
3,6,"cv",117,0.49208273982729
3,6,"cv",118,0.36541913653082
3,6,"cv",119,0.316119996716502
3,6,"cv",120,0.47553418566262
3,6,"cv",121,0.564517589463308
3,6,"cv",123,0.628800326068468
3,6,"cv",124,0.101582767623268
3,6,"cv",125,0.394887196651801
3,6,"cv",126,0.684184131946372
3,6,"cv",127,0.4656059244908
3,6,"cv",129,0.401805470753685
3,6,"cv",131,0.682437977130836
3,6,"cv",132,0.327495135785501
3,6,"cv",133,0.454762452255884
3,6,"cv",135,0.328069155156015
3,6,"cv",137,0.504362983567784
3,6,"cv",138,0.429757864252054
3,6,"cv",139,0.386307405913334
3,6,"cv",140,0.382628967278173
3,6,"cv",141,0.437612267256734
3,6,"cv",142,0.488910036021345
3,6,"cv",144,0.395562512267846
3,6,"cv",145,0.431118729097789
3,6,"cv",147,0.44770997261478
3,6,"cv",148,0.626497729164216
3,6,"cv",149,0.525482390735255
3,6,"cv",151,0.455025467620581
3,6,"cv",152,0.257349028702755
3,6,"cv",155,0.523644629104434
3,6,"cv",156,0.546249224536367
3,6,"cv",157,0.410231468738807
3,6,"cv",159,0.583236900868361
3,6,"cv",160,0.498846696612537
3,6,"cv",161,0.371278119040758
3,6,"cv",163,0.475736743536569
3,6,"cv",166,0.475438777190183
3,6,"cv",167,0.452781555235009
3,6,"cv",168,0.468226971232244
3,6,"cv",169,0.406425206803073
3,6,"cv",170,0.462928754262802
3,6,"cv",171,0.424585341529874
3,6,"cv",172,0.236709812805673
3,6,"cv",173,0.488783864293734
3,6,"cv",174,0.44733568193021
3,6,"cv",175,0.523847133461134
3,6,"cv",176,0.262228937596891
3,6,"cv",179,0.448779105773526
3,6,"cv",180,0.5806176243791
3,6,"cv",181,0.46101608307812
3,6,"cv",182,0.246631542213471
3,6,"cv",183,0.494796472907909
3,6,"cv",184,0.540024566283941
3,6,"cv",185,0.460572529653294
3,6,"cv",186,0.413925591930191
3,6,"cv",187,0.451737076668164
3,6,"cv",188,0.387295100768932
3,6,"cv",189,0.816031259397839
3,6,"cv",190,0.670118037301952
3,6,"cv",191,0.463834825898395
3,6,"cv",192,0.319780452459315
3,6,"cv",193,0.40391952921345
3,6,"cv",194,0.432644920811128
3,6,"cv",195,0.469868494636828
3,6,"cv",196,0.512717240738286
3,6,"cv",198,0.515141710677578
3,6,"cv",199,0.375507423956977
3,6,"cv",200,0.464777593020126
3,6,"cv",201,0.348310101967147
3,6,"cv",202,0.389217237002988
3,6,"cv",203,0.50623707068501
3,6,"cv",204,0.386143746426974
3,6,"cv",205,0.535411835176934
3,6,"cv",206,0.457321020927723
3,6,"cv",207,0.449624856787137
3,6,"cv",208,0.383173459323723
3,6,"cv",209,0.577885583359335
3,6,"cv",210,0.517166453214593
3,6,"cv",213,0.438341460519443
3,6,"cv",217,0.546958411863922
3,6,"cv",219,0.325336155719882
3,6,"cv",220,0.558426342609924
3,6,"cv",221,0.462769729352177
3,6,"cv",222,0.516797173009494
3,6,"cv",224,0.562254794315468
3,6,"cv",230,0.398452221396242
3,6,"cv",231,0.434041153222261
3,6,"cv",232,0.545919992341977
3,6,"cv",233,0.549270154439178
3,6,"cv",234,0.383957243268463
3,6,"cv",235,0.4687877606257
3,6,"cv",236,0.273593606991583
3,6,"cv",237,0.170542041532742
3,6,"cv",238,0.592014403757622
3,6,"cv",239,0.337441289103548
3,6,"cv",240,0.24029458118927
3,6,"cv",241,0.534086137032356
3,6,"cv",242,0.276445222484602
3,6,"cv",243,0.198062201421452
3,6,"cv",244,0.527685738590088
3,6,"cv",246,0.484109698997339
3,6,"cv",247,0.343056145770995
3,6,"cv",249,0.498174672989578
3,6,"cv",250,0.270937511376948
3,6,"cv",251,0.369430458756389
3,6,"cv",253,0.33096834481274
3,6,"cv",254,0.348387088436886
3,6,"cv",255,0.384551206186065
3,6,"cv",256,0.448174465222709
3,6,"cv",257,0.336141047738042
3,6,"cv",258,0.262102676577373
3,6,"cv",259,0.375319352297124
3,6,"cv",260,0.348167066756392
3,6,"cv",264,0.604993364532335
3,6,"cv",265,0.534294614108385
3,6,"cv",268,0.39964082772914
3,6,"cv",269,0.527686492888851
3,6,"holdout",49,0.47888119671591
3,6,"holdout",153,0.440966610910234
3,6,"holdout",74,0.364388514137749
3,6,"holdout",228,0.39263184503068
3,6,"holdout",146,0.431413380040761
3,6,"holdout",122,0.466628528010739
3,6,"holdout",270,0.288926450055459
3,6,"holdout",128,0.341301178583215
3,6,"holdout",24,0.514630658764991
3,6,"holdout",89,0.414899699805499
3,6,"holdout",165,0.467424389645528
3,6,"holdout",110,0.422231973442428
3,6,"holdout",20,0.498040281230694
3,6,"holdout",261,0.395736193517091
3,6,"holdout",27,0.428034803478113
3,6,"holdout",164,0.590814193287568
3,6,"holdout",229,0.280043970920099
3,6,"holdout",223,0.488632072488988
3,6,"holdout",109,0.35340539403948
3,6,"holdout",5,0.402414389923907
3,6,"holdout",212,0.461377596760855
3,6,"holdout",162,0.405655601934585
3,6,"holdout",92,0.500678309580481
3,6,"holdout",104,0.433800974154229
3,6,"holdout",3,0.434865940833809
3,6,"holdout",58,0.413705444115716
3,6,"holdout",225,0.241447085254017
3,6,"holdout",42,0.630933211719469
3,6,"holdout",262,0.545325327147274
3,6,"holdout",158,0.483742027908587
3,6,"holdout",43,0.524293327322943
3,6,"holdout",143,0.415708054353224
3,6,"holdout",150,0.494386796517875
3,6,"holdout",245,0.442885588326272
3,6,"holdout",136,0.456906826886281
3,6,"holdout",36,0.447460099520752
3,6,"holdout",68,0.563288650108272
3,6,"holdout",214,0.558170373288803
3,6,"holdout",266,0.356482499433245
3,6,"holdout",252,0.434746154775201
3,6,"holdout",248,0.276280620889462
3,6,"holdout",197,0.388584873662589
3,6,"holdout",4,0.344504696834667
3,6,"holdout",226,0.294616214806928
3,6,"holdout",178,0.290096643944205
3,6,"holdout",99,0.626139919950244
3,6,"holdout",216,0.400068384344879
3,6,"holdout",215,0.330436580577463
3,6,"holdout",177,0.349971058695803
3,6,"holdout",154,0.496870728617872
3,6,"holdout",114,0.314342991733922
3,6,"holdout",6,0.203390884466606
3,6,"holdout",134,0.451093879919969
3,6,"holdout",130,0.491049674467883
1,7,"cv",1,0.331478950924751
1,7,"cv",2,0.431482804220215
1,7,"cv",7,0.39764802887964
1,7,"cv",8,0.381719407952538
1,7,"cv",9,0.399045195919955
1,7,"cv",10,0.428084924853891
1,7,"cv",11,0.275934384455576
1,7,"cv",12,0.431244002986819
1,7,"cv",13,0.425198330293897
1,7,"cv",14,0.594990300453802
1,7,"cv",15,0.326864830629926
1,7,"cv",16,0.325946045981176
1,7,"cv",17,0.533389047758851
1,7,"cv",18,0.359502661508304
1,7,"cv",19,0.41146238030791
1,7,"cv",21,0.431998435590431
1,7,"cv",22,0.273572357762105
1,7,"cv",23,0.665070576122372
1,7,"cv",25,0.416596716869408
1,7,"cv",26,0.386398179782165
1,7,"cv",28,0.505365186985221
1,7,"cv",29,0.462069308708534
1,7,"cv",30,0.584921417883267
1,7,"cv",31,0.477352181332706
1,7,"cv",32,0.584787577427948
1,7,"cv",33,0.551542556766053
1,7,"cv",34,0.665111227615275
1,7,"cv",35,0.433864598036127
1,7,"cv",37,0.501965731427731
1,7,"cv",38,0.621960338192652
1,7,"cv",39,0.386057975802103
1,7,"cv",40,0.493398280846234
1,7,"cv",41,0.604366828118521
1,7,"cv",44,0.234666660827409
1,7,"cv",45,0.513231073185775
1,7,"cv",46,0.424386209111257
1,7,"cv",47,0.551360122486567
1,7,"cv",48,0.33495366571788
1,7,"cv",50,0.479225507352239
1,7,"cv",51,0.631019255206735
1,7,"cv",52,0.559210575412937
1,7,"cv",53,0.415236049433168
1,7,"cv",54,0.565864039660514
1,7,"cv",55,0.651512632746554
1,7,"cv",56,0.349977993756171
1,7,"cv",57,0.371780207218294
1,7,"cv",59,0.413866585949134
1,7,"cv",60,0.499102284305616
1,7,"cv",61,0.501915437925422
1,7,"cv",62,0.3346419469347
1,7,"cv",63,0.594107689988048
1,7,"cv",64,0.545363745920001
1,7,"cv",65,0.591768608530294
1,7,"cv",66,0.627495794683214
1,7,"cv",67,0.43582335145206
1,7,"cv",69,0.662828615459272
1,7,"cv",70,0.448605937152781
1,7,"cv",71,0.593429906689658
1,7,"cv",72,0.615771150377826
1,7,"cv",73,0.526706367010628
1,7,"cv",75,0.506108597720346
1,7,"cv",76,0.334480908104651
1,7,"cv",77,0.350414451588999
1,7,"cv",79,0.352623811137801
1,7,"cv",80,0.476044900571827
1,7,"cv",81,0.438753991282232
1,7,"cv",82,0.253799362122595
1,7,"cv",83,0.51532478096936
1,7,"cv",84,0.38224861407832
1,7,"cv",85,0.27043686140059
1,7,"cv",86,0.344981485314768
1,7,"cv",87,0.546174372131631
1,7,"cv",88,0.372717570479576
1,7,"cv",90,0.523154674335252
1,7,"cv",91,0.497315982250004
1,7,"cv",93,0.558118215314645
1,7,"cv",95,0.527485076028223
1,7,"cv",96,0.375160953066812
1,7,"cv",97,0.488341734157107
1,7,"cv",98,0.428902916009815
1,7,"cv",100,0.529130793097796
1,7,"cv",101,0.329268102459673
1,7,"cv",102,0.488370421013431
1,7,"cv",103,0.385455407279502
1,7,"cv",105,0.540526357898753
1,7,"cv",106,0.527098552864249
1,7,"cv",107,0.563109024009501
1,7,"cv",108,0.748928315503166
1,7,"cv",111,0.785093450180654
1,7,"cv",112,0.467705483241643
1,7,"cv",113,0.449314990758722
1,7,"cv",115,0.507008845892922
1,7,"cv",116,0.574098502819654
1,7,"cv",117,0.501236589794314
1,7,"cv",118,0.343969508636395
1,7,"cv",119,0.326033153490524
1,7,"cv",120,0.470331869821143
1,7,"cv",121,0.622066893812473
1,7,"cv",123,0.634889249529872
1,7,"cv",124,0.102693629547151
1,7,"cv",125,0.405520717946033
1,7,"cv",126,0.660128497603528
1,7,"cv",127,0.430600231473403
1,7,"cv",129,0.393004357585748
1,7,"cv",131,0.65603449148627
1,7,"cv",132,0.309866336612819
1,7,"cv",133,0.441958926481669
1,7,"cv",135,0.343618288608652
1,7,"cv",137,0.520325102835986
1,7,"cv",138,0.428668253629532
1,7,"cv",139,0.403288071971934
1,7,"cv",140,0.37624604209324
1,7,"cv",141,0.462881278821069
1,7,"cv",142,0.474299428517121
1,7,"cv",144,0.401817438261272
1,7,"cv",145,0.409873945437293
1,7,"cv",147,0.466645450129399
1,7,"cv",148,0.622424727688145
1,7,"cv",149,0.502496638009151
1,7,"cv",151,0.473271984571851
1,7,"cv",152,0.270021770834596
1,7,"cv",155,0.530615263043012
1,7,"cv",156,0.549608716572773
1,7,"cv",157,0.412954450709996
1,7,"cv",159,0.606797051443418
1,7,"cv",160,0.480761236685635
1,7,"cv",161,0.382124207702688
1,7,"cv",163,0.46151138985428
1,7,"cv",166,0.473723411586336
1,7,"cv",167,0.46389899260825
1,7,"cv",168,0.467347054400014
1,7,"cv",169,0.378972116803826
1,7,"cv",170,0.400248040631528
1,7,"cv",171,0.424901615083459
1,7,"cv",172,0.186301765811162
1,7,"cv",173,0.500476949502879
1,7,"cv",174,0.406121890220683
1,7,"cv",175,0.530218497953932
1,7,"cv",176,0.285317239408323
1,7,"cv",179,0.443449448485794
1,7,"cv",180,0.566574995586051
1,7,"cv",181,0.445445132165166
1,7,"cv",182,0.226258483107623
1,7,"cv",183,0.503084172621756
1,7,"cv",184,0.539043429275949
1,7,"cv",185,0.449432458202278
1,7,"cv",186,0.426450788543021
1,7,"cv",187,0.441367086796454
1,7,"cv",188,0.385085498313001
1,7,"cv",189,0.789969941719606
1,7,"cv",190,0.658268280659951
1,7,"cv",191,0.444370923665676
1,7,"cv",192,0.307025316649589
1,7,"cv",193,0.402175103207502
1,7,"cv",194,0.443037759597011
1,7,"cv",195,0.547624229761865
1,7,"cv",196,0.503279765842913
1,7,"cv",198,0.519635662448991
1,7,"cv",199,0.368128206750464
1,7,"cv",200,0.472116914268231
1,7,"cv",201,0.374416004668536
1,7,"cv",202,0.408381115172964
1,7,"cv",203,0.498346316944115
1,7,"cv",204,0.39488143063261
1,7,"cv",205,0.524929679783484
1,7,"cv",206,0.451327323957026
1,7,"cv",207,0.44977450067258
1,7,"cv",208,0.393802729868619
1,7,"cv",209,0.550769225051098
1,7,"cv",210,0.534432205051918
1,7,"cv",213,0.435461141620724
1,7,"cv",217,0.554428645877397
1,7,"cv",219,0.328549737624787
1,7,"cv",220,0.578260528276412
1,7,"cv",221,0.457553800533722
1,7,"cv",222,0.521391229680769
1,7,"cv",224,0.553823423415363
1,7,"cv",230,0.416770039110598
1,7,"cv",231,0.442115455622404
1,7,"cv",232,0.54163210853696
1,7,"cv",233,0.575304658112225
1,7,"cv",234,0.413405033298807
1,7,"cv",235,0.465643318070049
1,7,"cv",236,0.372241106846488
1,7,"cv",237,0.180401730146561
1,7,"cv",238,0.621565122132624
1,7,"cv",239,0.343748530933592
1,7,"cv",240,0.24344241764531
1,7,"cv",241,0.527614791371351
1,7,"cv",242,0.279880539513919
1,7,"cv",243,0.194549943616958
1,7,"cv",244,0.544355293794313
1,7,"cv",246,0.505635132076659
1,7,"cv",247,0.353219169420455
1,7,"cv",249,0.50003478249735
1,7,"cv",250,0.273580621303417
1,7,"cv",251,0.402358049102871
1,7,"cv",253,0.323945795193748
1,7,"cv",254,0.361495068848461
1,7,"cv",255,0.374979887253855
1,7,"cv",256,0.4318776232779
1,7,"cv",257,0.363839283737287
1,7,"cv",258,0.271954132544553
1,7,"cv",259,0.39240428874645
1,7,"cv",260,0.325777059662989
1,7,"cv",264,0.609709519501614
1,7,"cv",265,0.542319330159328
1,7,"cv",268,0.410121793819219
1,7,"cv",269,0.509375394943248
1,7,"holdout",49,0.480682451773603
1,7,"holdout",153,0.434489314504575
1,7,"holdout",74,0.366050605777893
1,7,"holdout",228,0.390737607663407
1,7,"holdout",146,0.443347359400694
1,7,"holdout",122,0.469014248448681
1,7,"holdout",270,0.278380405158645
1,7,"holdout",128,0.330721397480456
1,7,"holdout",24,0.509797659311658
1,7,"holdout",89,0.415227516315464
1,7,"holdout",165,0.4597530246297
1,7,"holdout",110,0.419909242506523
1,7,"holdout",20,0.502430423157646
1,7,"holdout",261,0.392989894416087
1,7,"holdout",27,0.428044300607204
1,7,"holdout",164,0.589234959701538
1,7,"holdout",229,0.277704417367489
1,7,"holdout",223,0.491777593386777
1,7,"holdout",109,0.354874766054957
1,7,"holdout",5,0.405732925926192
1,7,"holdout",212,0.442891790096119
1,7,"holdout",162,0.40618163410958
1,7,"holdout",92,0.505978457352636
1,7,"holdout",104,0.433385601501073
1,7,"holdout",3,0.444145435801597
1,7,"holdout",58,0.415381937214334
1,7,"holdout",225,0.237188907572557
1,7,"holdout",42,0.637649677789434
1,7,"holdout",262,0.544775772937645
1,7,"holdout",158,0.482750379362271
1,7,"holdout",43,0.523519557567137
1,7,"holdout",143,0.413788494979233
1,7,"holdout",150,0.49656042095269
1,7,"holdout",245,0.439906484822845
1,7,"holdout",136,0.462213752578316
1,7,"holdout",36,0.450656233128276
1,7,"holdout",68,0.565402159527849
1,7,"holdout",214,0.549772562955909
1,7,"holdout",266,0.359586288952217
1,7,"holdout",252,0.433286479035712
1,7,"holdout",248,0.278513020598049
1,7,"holdout",197,0.387678445862021
1,7,"holdout",4,0.337680782045893
1,7,"holdout",226,0.295943838391877
1,7,"holdout",178,0.284755794853839
1,7,"holdout",99,0.631290843269463
1,7,"holdout",216,0.40034078879579
1,7,"holdout",215,0.332518172521785
1,7,"holdout",177,0.353676154541734
1,7,"holdout",154,0.492651656762223
1,7,"holdout",114,0.318057620814044
1,7,"holdout",6,0.203675616725847
1,7,"holdout",134,0.458226868913034
1,7,"holdout",130,0.487094582416815
2,7,"cv",1,0.348184847459382
2,7,"cv",2,0.436812732636311
2,7,"cv",7,0.409901495234767
2,7,"cv",8,0.386209854564891
2,7,"cv",9,0.404484233572724
2,7,"cv",10,0.446261440334753
2,7,"cv",11,0.307558662395567
2,7,"cv",12,0.435274784691521
2,7,"cv",13,0.445300522335687
2,7,"cv",14,0.587089881883982
2,7,"cv",15,0.320183956999049
2,7,"cv",16,0.337599548848799
2,7,"cv",17,0.547952252008467
2,7,"cv",18,0.347455557916921
2,7,"cv",19,0.429266702058312
2,7,"cv",21,0.448624744116565
2,7,"cv",22,0.224603542831801
2,7,"cv",23,0.690617963847183
2,7,"cv",25,0.40238414964274
2,7,"cv",26,0.377112890106325
2,7,"cv",28,0.511370200257953
2,7,"cv",29,0.451907849681172
2,7,"cv",30,0.560660108021495
2,7,"cv",31,0.435166917360156
2,7,"cv",32,0.572452479017932
2,7,"cv",33,0.551377791238908
2,7,"cv",34,0.67878193665943
2,7,"cv",35,0.408190149109869
2,7,"cv",37,0.480965667580463
2,7,"cv",38,0.651713294434213
2,7,"cv",39,0.442949145641683
2,7,"cv",40,0.487789901036791
2,7,"cv",41,0.577272227274467
2,7,"cv",44,0.219585945564809
2,7,"cv",45,0.51481205899149
2,7,"cv",46,0.429431563711786
2,7,"cv",47,0.540175416510149
2,7,"cv",48,0.302055080783313
2,7,"cv",50,0.477690926661305
2,7,"cv",51,0.584433182561665
2,7,"cv",52,0.584047831494617
2,7,"cv",53,0.392020026963611
2,7,"cv",54,0.552165629311175
2,7,"cv",55,0.662238995695088
2,7,"cv",56,0.411756857835395
2,7,"cv",57,0.372854796908975
2,7,"cv",59,0.404571782176376
2,7,"cv",60,0.523217687613002
2,7,"cv",61,0.491439400280542
2,7,"cv",62,0.339437276624836
2,7,"cv",63,0.610745093958351
2,7,"cv",64,0.532456563017377
2,7,"cv",65,0.575166850640771
2,7,"cv",66,0.642627975968625
2,7,"cv",67,0.430948268557326
2,7,"cv",69,0.675808729749723
2,7,"cv",70,0.444974281264589
2,7,"cv",71,0.603501168452365
2,7,"cv",72,0.616924675777366
2,7,"cv",73,0.522524515230139
2,7,"cv",75,0.54755471612022
2,7,"cv",76,0.314639381416865
2,7,"cv",77,0.32417888624363
2,7,"cv",79,0.346182791245248
2,7,"cv",80,0.475592415416387
2,7,"cv",81,0.452313560814148
2,7,"cv",82,0.217875781493955
2,7,"cv",83,0.554046323352818
2,7,"cv",84,0.399645965300875
2,7,"cv",85,0.242953461357214
2,7,"cv",86,0.354983345776526
2,7,"cv",87,0.520867999090888
2,7,"cv",88,0.365561565308029
2,7,"cv",90,0.525971342014065
2,7,"cv",91,0.502185533627367
2,7,"cv",93,0.5814543700877
2,7,"cv",95,0.522977747409938
2,7,"cv",96,0.359114405665351
2,7,"cv",97,0.488759926446458
2,7,"cv",98,0.375932459467085
2,7,"cv",100,0.533412537420127
2,7,"cv",101,0.376053101417392
2,7,"cv",102,0.512073201118842
2,7,"cv",103,0.413870564299259
2,7,"cv",105,0.552014637989469
2,7,"cv",106,0.517952645577476
2,7,"cv",107,0.559100264352074
2,7,"cv",108,0.724936724645959
2,7,"cv",111,0.836596065379009
2,7,"cv",112,0.464630339665567
2,7,"cv",113,0.438619952572327
2,7,"cv",115,0.519896248733259
2,7,"cv",116,0.592413130375722
2,7,"cv",117,0.498711337831146
2,7,"cv",118,0.347528428372717
2,7,"cv",119,0.311628509946462
2,7,"cv",120,0.464642488148374
2,7,"cv",121,0.618957865632629
2,7,"cv",123,0.628135082315513
2,7,"cv",124,0.118312452431152
2,7,"cv",125,0.406746568919103
2,7,"cv",126,0.675400559900242
2,7,"cv",127,0.477933289664618
2,7,"cv",129,0.433801389881664
2,7,"cv",131,0.668625246978247
2,7,"cv",132,0.319282466746809
2,7,"cv",133,0.459202336733434
2,7,"cv",135,0.312890829811877
2,7,"cv",137,0.514358295270407
2,7,"cv",138,0.430523691054924
2,7,"cv",139,0.362426635851351
2,7,"cv",140,0.387080285947429
2,7,"cv",141,0.457046033379823
2,7,"cv",142,0.494810049669532
2,7,"cv",144,0.374429473155524
2,7,"cv",145,0.410686547191948
2,7,"cv",147,0.462790798797256
2,7,"cv",148,0.62697716271441
2,7,"cv",149,0.532703335109262
2,7,"cv",151,0.403255499848883
2,7,"cv",152,0.271853771369871
2,7,"cv",155,0.527167949044911
2,7,"cv",156,0.547243675743049
2,7,"cv",157,0.393887562217039
2,7,"cv",159,0.602883734241971
2,7,"cv",160,0.491257558805808
2,7,"cv",161,0.371168364884385
2,7,"cv",163,0.462165894660934
2,7,"cv",166,0.470851064927956
2,7,"cv",167,0.473395120341294
2,7,"cv",168,0.44883990524573
2,7,"cv",169,0.407076149564882
2,7,"cv",170,0.43989809622691
2,7,"cv",171,0.431653967225538
2,7,"cv",172,0.219257784935345
2,7,"cv",173,0.460921531964163
2,7,"cv",174,0.416501443610589
2,7,"cv",175,0.538125064946332
2,7,"cv",176,0.275160469849579
2,7,"cv",179,0.45144788679831
2,7,"cv",180,0.566168907410804
2,7,"cv",181,0.462800085023192
2,7,"cv",182,0.231763110005438
2,7,"cv",183,0.499832195980913
2,7,"cv",184,0.538318274814905
2,7,"cv",185,0.456478319677829
2,7,"cv",186,0.441996340906196
2,7,"cv",187,0.449121579022376
2,7,"cv",188,0.38083353916823
2,7,"cv",189,0.785533840644714
2,7,"cv",190,0.684945969913927
2,7,"cv",191,0.453288012033699
2,7,"cv",192,0.306293421556229
2,7,"cv",193,0.402439374590399
2,7,"cv",194,0.448891783597163
2,7,"cv",195,0.440164101525093
2,7,"cv",196,0.521096953955923
2,7,"cv",198,0.502702244482063
2,7,"cv",199,0.385543016303324
2,7,"cv",200,0.459007029533436
2,7,"cv",201,0.36070838078013
2,7,"cv",202,0.402813430776361
2,7,"cv",203,0.513990961449304
2,7,"cv",204,0.398197906565701
2,7,"cv",205,0.526877279302367
2,7,"cv",206,0.472813684613963
2,7,"cv",207,0.454568195040059
2,7,"cv",208,0.396788186146221
2,7,"cv",209,0.53763854894841
2,7,"cv",210,0.517505409805952
2,7,"cv",213,0.436275621877273
2,7,"cv",217,0.539097262983712
2,7,"cv",219,0.3060453014563
2,7,"cv",220,0.536527081099174
2,7,"cv",221,0.457231942682296
2,7,"cv",222,0.516297940056217
2,7,"cv",224,0.548641067720826
2,7,"cv",230,0.402383411519072
2,7,"cv",231,0.437526836562265
2,7,"cv",232,0.547570478584204
2,7,"cv",233,0.570655591482826
2,7,"cv",234,0.384232461485902
2,7,"cv",235,0.462026330544082
2,7,"cv",236,0.273725011737377
2,7,"cv",237,0.138945755535313
2,7,"cv",238,0.58866934313146
2,7,"cv",239,0.397312146899368
2,7,"cv",240,0.239667030174798
2,7,"cv",241,0.525554497331974
2,7,"cv",242,0.282935212908359
2,7,"cv",243,0.190975835627949
2,7,"cv",244,0.516412918077264
2,7,"cv",246,0.507655454757854
2,7,"cv",247,0.337407911086375
2,7,"cv",249,0.470239697057206
2,7,"cv",250,0.262118245795996
2,7,"cv",251,0.407329693588075
2,7,"cv",253,0.333071049183482
2,7,"cv",254,0.366939074557913
2,7,"cv",255,0.389971746835781
2,7,"cv",256,0.444630047870225
2,7,"cv",257,0.324670737594868
2,7,"cv",258,0.264592477184439
2,7,"cv",259,0.391146481491525
2,7,"cv",260,0.335930991638844
2,7,"cv",264,0.614408108504999
2,7,"cv",265,0.535172311057204
2,7,"cv",268,0.40251688209033
2,7,"cv",269,0.526150901280807
2,7,"holdout",49,0.482096489933508
2,7,"holdout",153,0.436919886951389
2,7,"holdout",74,0.363674726055058
2,7,"holdout",228,0.391857882398698
2,7,"holdout",146,0.441050576775001
2,7,"holdout",122,0.468951535523902
2,7,"holdout",270,0.281153652545776
2,7,"holdout",128,0.334742514590891
2,7,"holdout",24,0.510621429240343
2,7,"holdout",89,0.413299490649702
2,7,"holdout",165,0.465329366351079
2,7,"holdout",110,0.420747638281944
2,7,"holdout",20,0.500043757764771
2,7,"holdout",261,0.393389950133596
2,7,"holdout",27,0.430182708690321
2,7,"holdout",164,0.588962002322758
2,7,"holdout",229,0.280145057447957
2,7,"holdout",223,0.491546980133487
2,7,"holdout",109,0.355509818651329
2,7,"holdout",5,0.406034927982517
2,7,"holdout",212,0.44529176873121
2,7,"holdout",162,0.407338905089022
2,7,"holdout",92,0.502893696694701
2,7,"holdout",104,0.434347434729289
2,7,"holdout",3,0.442288593718288
2,7,"holdout",58,0.415761993644783
2,7,"holdout",225,0.239019176693571
2,7,"holdout",42,0.634065617330458
2,7,"holdout",262,0.543860236457706
2,7,"holdout",158,0.481298684499894
2,7,"holdout",43,0.521724593914526
2,7,"holdout",143,0.413486591373991
2,7,"holdout",150,0.49397114128243
2,7,"holdout",245,0.439586957701452
2,7,"holdout",136,0.458100570118637
2,7,"holdout",36,0.446593567460667
2,7,"holdout",68,0.563533552646554
2,7,"holdout",214,0.549429548723785
2,7,"holdout",266,0.35767928138933
2,7,"holdout",252,0.435490174377268
2,7,"holdout",248,0.27818616792071
2,7,"holdout",197,0.388296837216281
2,7,"holdout",4,0.337436109732139
2,7,"holdout",226,0.296382385054536
2,7,"holdout",178,0.285612980980498
2,7,"holdout",99,0.625703194762513
2,7,"holdout",216,0.400855489772477
2,7,"holdout",215,0.334404901982814
2,7,"holdout",177,0.350930787811788
2,7,"holdout",154,0.492243644968841
2,7,"holdout",114,0.317356944480841
2,7,"holdout",6,0.199483885256752
2,7,"holdout",134,0.455286314838201
2,7,"holdout",130,0.486332222118797
3,7,"cv",1,0.344442168671293
3,7,"cv",2,0.420990557880788
3,7,"cv",7,0.391413636648986
3,7,"cv",8,0.393832459813967
3,7,"cv",9,0.3940001611259
3,7,"cv",10,0.455726064209391
3,7,"cv",11,0.300266457765095
3,7,"cv",12,0.425176611333012
3,7,"cv",13,0.434147371599357
3,7,"cv",14,0.602229216093364
3,7,"cv",15,0.33045098808083
3,7,"cv",16,0.329120319771748
3,7,"cv",17,0.496069594269902
3,7,"cv",18,0.345178490368133
3,7,"cv",19,0.42782819640718
3,7,"cv",21,0.444180575396201
3,7,"cv",22,0.236016978352806
3,7,"cv",23,0.708224492114757
3,7,"cv",25,0.40255797351248
3,7,"cv",26,0.395248807560158
3,7,"cv",28,0.501196956701951
3,7,"cv",29,0.449260904840475
3,7,"cv",30,0.584029454454759
3,7,"cv",31,0.447915221256237
3,7,"cv",32,0.565243022581235
3,7,"cv",33,0.552360392358226
3,7,"cv",34,0.668676063200955
3,7,"cv",35,0.407295448981482
3,7,"cv",37,0.494278751245836
3,7,"cv",38,0.633275675561847
3,7,"cv",39,0.390086955260558
3,7,"cv",40,0.511503259958192
3,7,"cv",41,0.595859970784062
3,7,"cv",44,0.227022472554358
3,7,"cv",45,0.550021598414116
3,7,"cv",46,0.416933621981521
3,7,"cv",47,0.561671318662997
3,7,"cv",48,0.304168614800317
3,7,"cv",50,0.479094958156731
3,7,"cv",51,0.598432689956024
3,7,"cv",52,0.542581741382524
3,7,"cv",53,0.400144568501016
3,7,"cv",54,0.552860558910832
3,7,"cv",55,0.647819943280752
3,7,"cv",56,0.327671384153894
3,7,"cv",57,0.362128384959258
3,7,"cv",59,0.385123576124913
3,7,"cv",60,0.524478304592348
3,7,"cv",61,0.50271700045843
3,7,"cv",62,0.326207655354772
3,7,"cv",63,0.591499510592822
3,7,"cv",64,0.556175221424045
3,7,"cv",65,0.572368851532611
3,7,"cv",66,0.6226972244504
3,7,"cv",67,0.434225613936115
3,7,"cv",69,0.671652974145469
3,7,"cv",70,0.438845500173583
3,7,"cv",71,0.571437987915131
3,7,"cv",72,0.614138557723407
3,7,"cv",73,0.515900055896257
3,7,"cv",75,0.490616057141282
3,7,"cv",76,0.341700042539221
3,7,"cv",77,0.348559254744601
3,7,"cv",79,0.324691607912913
3,7,"cv",80,0.46042044273383
3,7,"cv",81,0.449293837582909
3,7,"cv",82,0.216327957916037
3,7,"cv",83,0.552079017680495
3,7,"cv",84,0.375924878965469
3,7,"cv",85,0.262760820441178
3,7,"cv",86,0.306310369735736
3,7,"cv",87,0.531691678887474
3,7,"cv",88,0.357781708188099
3,7,"cv",90,0.534095106818663
3,7,"cv",91,0.512570932711261
3,7,"cv",93,0.56666278446152
3,7,"cv",95,0.507099864739782
3,7,"cv",96,0.355759346008358
3,7,"cv",97,0.478090557508423
3,7,"cv",98,0.415625610429578
3,7,"cv",100,0.533003112299605
3,7,"cv",101,0.371837385561686
3,7,"cv",102,0.505352796597714
3,7,"cv",103,0.395936633491447
3,7,"cv",105,0.563714831754289
3,7,"cv",106,0.49858006289391
3,7,"cv",107,0.541961334398847
3,7,"cv",108,0.745292177475708
3,7,"cv",111,0.820480150686355
3,7,"cv",112,0.494874476837273
3,7,"cv",113,0.438262038957762
3,7,"cv",115,0.527008910135469
3,7,"cv",116,0.589869625187156
3,7,"cv",117,0.492102485893923
3,7,"cv",118,0.364839643005893
3,7,"cv",119,0.316915414098019
3,7,"cv",120,0.474855738543738
3,7,"cv",121,0.581184249734746
3,7,"cv",123,0.632893461085656
3,7,"cv",124,0.101116379370523
3,7,"cv",125,0.395596369889955
3,7,"cv",126,0.690519153978171
3,7,"cv",127,0.46257780627286
3,7,"cv",129,0.392551675820343
3,7,"cv",131,0.689682233098537
3,7,"cv",132,0.314870944961558
3,7,"cv",133,0.452600892714127
3,7,"cv",135,0.329937458008055
3,7,"cv",137,0.50698629228277
3,7,"cv",138,0.430321237883928
3,7,"cv",139,0.387848442402231
3,7,"cv",140,0.385330883214867
3,7,"cv",141,0.439351647807459
3,7,"cv",142,0.491535635698759
3,7,"cv",144,0.391554803461788
3,7,"cv",145,0.429387866709503
3,7,"cv",147,0.456625918515313
3,7,"cv",148,0.628966284183335
3,7,"cv",149,0.512837415997767
3,7,"cv",151,0.457472453349436
3,7,"cv",152,0.256883129983512
3,7,"cv",155,0.524429436602659
3,7,"cv",156,0.540479527845267
3,7,"cv",157,0.417454194533253
3,7,"cv",159,0.586761114149907
3,7,"cv",160,0.500628964776249
3,7,"cv",161,0.369669622341214
3,7,"cv",163,0.475566364422889
3,7,"cv",166,0.477644645486272
3,7,"cv",167,0.454245223837928
3,7,"cv",168,0.473515763765585
3,7,"cv",169,0.408434140495984
3,7,"cv",170,0.449217800899045
3,7,"cv",171,0.419592504600825
3,7,"cv",172,0.23789793427095
3,7,"cv",173,0.493486843753893
3,7,"cv",174,0.439549601889544
3,7,"cv",175,0.525868418990583
3,7,"cv",176,0.25792886486163
3,7,"cv",179,0.452259596920531
3,7,"cv",180,0.579941446451743
3,7,"cv",181,0.464141035200305
3,7,"cv",182,0.239389720794459
3,7,"cv",183,0.493879889257722
3,7,"cv",184,0.544306108063327
3,7,"cv",185,0.462711774741081
3,7,"cv",186,0.411243631928878
3,7,"cv",187,0.452684052147014
3,7,"cv",188,0.388798918656746
3,7,"cv",189,0.816152325211466
3,7,"cv",190,0.697170165246482
3,7,"cv",191,0.462442474912946
3,7,"cv",192,0.313406490885299
3,7,"cv",193,0.407896685609659
3,7,"cv",194,0.4402735107223
3,7,"cv",195,0.466083993203505
3,7,"cv",196,0.512241118615519
3,7,"cv",198,0.513450569547818
3,7,"cv",199,0.375920078052808
3,7,"cv",200,0.449888561605442
3,7,"cv",201,0.342455960289269
3,7,"cv",202,0.397097201657108
3,7,"cv",203,0.511352945146291
3,7,"cv",204,0.393254608197522
3,7,"cv",205,0.536634001024294
3,7,"cv",206,0.45255784497811
3,7,"cv",207,0.44680057884061
3,7,"cv",208,0.385310681235852
3,7,"cv",209,0.569569719183798
3,7,"cv",210,0.522390505668175
3,7,"cv",213,0.438486535797546
3,7,"cv",217,0.544135058097278
3,7,"cv",219,0.334446397907466
3,7,"cv",220,0.544756507911888
3,7,"cv",221,0.458300279925363
3,7,"cv",222,0.523124272091146
3,7,"cv",224,0.561869685257328
3,7,"cv",230,0.398860921174437
3,7,"cv",231,0.427167486554381
3,7,"cv",232,0.545086547376771
3,7,"cv",233,0.562832425665536
3,7,"cv",234,0.376359878061738
3,7,"cv",235,0.472403324916359
3,7,"cv",236,0.26485083061643
3,7,"cv",237,0.161001400907691
3,7,"cv",238,0.595703775375435
3,7,"cv",239,0.343322835702201
3,7,"cv",240,0.246538880272787
3,7,"cv",241,0.528615794118918
3,7,"cv",242,0.281748742057362
3,7,"cv",243,0.197088590148182
3,7,"cv",244,0.527093517465705
3,7,"cv",246,0.491677353770195
3,7,"cv",247,0.338283470995364
3,7,"cv",249,0.493607937785858
3,7,"cv",250,0.274243312997498
3,7,"cv",251,0.36512770715228
3,7,"cv",253,0.33714305066915
3,7,"cv",254,0.353556707323153
3,7,"cv",255,0.381982714432612
3,7,"cv",256,0.451838327805802
3,7,"cv",257,0.338202586775223
3,7,"cv",258,0.247411348679825
3,7,"cv",259,0.36580097905059
3,7,"cv",260,0.331066192859501
3,7,"cv",264,0.605326836840669
3,7,"cv",265,0.525808403606952
3,7,"cv",268,0.404103010147749
3,7,"cv",269,0.526585449147871
3,7,"holdout",49,0.480057041276998
3,7,"holdout",153,0.435796813472211
3,7,"holdout",74,0.367369894564061
3,7,"holdout",228,0.391249128326848
3,7,"holdout",146,0.443226745681023
3,7,"holdout",122,0.470571607694916
3,7,"holdout",270,0.281474365640616
3,7,"holdout",128,0.332191340665646
3,7,"holdout",24,0.5086021392534
3,7,"holdout",89,0.418832410227338
3,7,"holdout",165,0.460266555243453
3,7,"holdout",110,0.421012009613886
3,7,"holdout",20,0.501799858281241
3,7,"holdout",261,0.38922041183159
3,7,"holdout",27,0.426219177011381
3,7,"holdout",164,0.590034551049131
3,7,"holdout",229,0.277291547789367
3,7,"holdout",223,0.491668867597868
3,7,"holdout",109,0.35168832656927
3,7,"holdout",5,0.406321864861455
3,7,"holdout",212,0.445079497167749
3,7,"holdout",162,0.406722544410547
3,7,"holdout",92,0.505065223201175
3,7,"holdout",104,0.433834107949835
3,7,"holdout",3,0.443781130385072
3,7,"holdout",58,0.412753343245681
3,7,"holdout",225,0.239192953845312
3,7,"holdout",42,0.637311261155562
3,7,"holdout",262,0.544439790679503
3,7,"holdout",158,0.482305155873196
3,7,"holdout",43,0.524395369179784
3,7,"holdout",143,0.417263253869845
3,7,"holdout",150,0.494970208843408
3,7,"holdout",245,0.439319427250605
3,7,"holdout",136,0.463381910149109
3,7,"holdout",36,0.450299500538312
3,7,"holdout",68,0.566363116774391
3,7,"holdout",214,0.55177989061835
3,7,"holdout",266,0.359059898763817
3,7,"holdout",252,0.433266302144468
3,7,"holdout",248,0.273171431348636
3,7,"holdout",197,0.388114753936517
3,7,"holdout",4,0.340193579725604
3,7,"holdout",226,0.294942423571481
3,7,"holdout",178,0.282039830654095
3,7,"holdout",99,0.629631319089108
3,7,"holdout",216,0.402550995611695
3,7,"holdout",215,0.337931797485637
3,7,"holdout",177,0.352275468253308
3,7,"holdout",154,0.491162809144605
3,7,"holdout",114,0.316961314657303
3,7,"holdout",6,0.210468926265783
3,7,"holdout",134,0.457640376188673
3,7,"holdout",130,0.489341616649235
1,8,"cv",1,0.312349099919656
1,8,"cv",2,0.412602856312493
1,8,"cv",7,0.409830600059958
1,8,"cv",8,0.378339288723436
1,8,"cv",9,0.399644506289064
1,8,"cv",10,0.421774481600366
1,8,"cv",11,0.282352617471188
1,8,"cv",12,0.43119946708053
1,8,"cv",13,0.426001280306562
1,8,"cv",14,0.596958809462454
1,8,"cv",15,0.324790351585
1,8,"cv",16,0.337393121586665
1,8,"cv",17,0.537093384417903
1,8,"cv",18,0.385064290885791
1,8,"cv",19,0.413013747826665
1,8,"cv",21,0.433796014702581
1,8,"cv",22,0.283077112536555
1,8,"cv",23,0.638036636821553
1,8,"cv",25,0.414789796064591
1,8,"cv",26,0.396509773990892
1,8,"cv",28,0.503211662945993
1,8,"cv",29,0.480629149452633
1,8,"cv",30,0.58591616428757
1,8,"cv",31,0.485936733650379
1,8,"cv",32,0.571036428221105
1,8,"cv",33,0.552464385413274
1,8,"cv",34,0.647426780399965
1,8,"cv",35,0.414882098855495
1,8,"cv",37,0.491120705598812
1,8,"cv",38,0.615272094838759
1,8,"cv",39,0.399975813740052
1,8,"cv",40,0.489379755416179
1,8,"cv",41,0.606193514825887
1,8,"cv",44,0.244926844786258
1,8,"cv",45,0.501007669233363
1,8,"cv",46,0.417319360956824
1,8,"cv",47,0.54637333306078
1,8,"cv",48,0.342129467835828
1,8,"cv",50,0.484736117956666
1,8,"cv",51,0.636754187870959
1,8,"cv",52,0.564971202196525
1,8,"cv",53,0.414624997301117
1,8,"cv",54,0.558279873999323
1,8,"cv",55,0.638270760670865
1,8,"cv",56,0.385899599629555
1,8,"cv",57,0.365447347231024
1,8,"cv",59,0.412536580001025
1,8,"cv",60,0.510821556945993
1,8,"cv",61,0.50199612653518
1,8,"cv",62,0.327294211533494
1,8,"cv",63,0.588998771141864
1,8,"cv",64,0.538487791998934
1,8,"cv",65,0.602624758972841
1,8,"cv",66,0.633083431667822
1,8,"cv",67,0.441233904156941
1,8,"cv",69,0.6492359606742
1,8,"cv",70,0.447317247574964
1,8,"cv",71,0.592119442122502
1,8,"cv",72,0.614865908389278
1,8,"cv",73,0.526532943856105
1,8,"cv",75,0.494184879244717
1,8,"cv",76,0.358701742134501
1,8,"cv",77,0.337153467101106
1,8,"cv",79,0.374891346739414
1,8,"cv",80,0.471544204881773
1,8,"cv",81,0.442693326084854
1,8,"cv",82,0.257743197519403
1,8,"cv",83,0.528965528560713
1,8,"cv",84,0.406902450072035
1,8,"cv",85,0.268428334560001
1,8,"cv",86,0.322667418069234
1,8,"cv",87,0.547661110482895
1,8,"cv",88,0.380565971075426
1,8,"cv",90,0.53841763189243
1,8,"cv",91,0.491363853811863
1,8,"cv",93,0.564837855402275
1,8,"cv",95,0.509650721945728
1,8,"cv",96,0.361943757956186
1,8,"cv",97,0.49179564804101
1,8,"cv",98,0.42508700354592
1,8,"cv",100,0.524095506154969
1,8,"cv",101,0.325829690972138
1,8,"cv",102,0.488913627236106
1,8,"cv",103,0.396024454461895
1,8,"cv",105,0.546296372608527
1,8,"cv",106,0.549220630016573
1,8,"cv",107,0.56652188268756
1,8,"cv",108,0.757597919137585
1,8,"cv",111,0.777592831488788
1,8,"cv",112,0.471009181515943
1,8,"cv",113,0.449628475448736
1,8,"cv",115,0.530521336806681
1,8,"cv",116,0.586395329976491
1,8,"cv",117,0.496051106215461
1,8,"cv",118,0.343037082892168
1,8,"cv",119,0.322919822584846
1,8,"cv",120,0.466158216047426
1,8,"cv",121,0.638848439402913
1,8,"cv",123,0.628232889949984
1,8,"cv",124,0.0863200754716561
1,8,"cv",125,0.407071415338227
1,8,"cv",126,0.659853332553066
1,8,"cv",127,0.437507239168596
1,8,"cv",129,0.38561741496384
1,8,"cv",131,0.651689214505915
1,8,"cv",132,0.306122882561031
1,8,"cv",133,0.444325547168999
1,8,"cv",135,0.343276862707183
1,8,"cv",137,0.523527824160844
1,8,"cv",138,0.439746924539046
1,8,"cv",139,0.398612342629591
1,8,"cv",140,0.365738130421822
1,8,"cv",141,0.463050581410163
1,8,"cv",142,0.483775097488702
1,8,"cv",144,0.406398389787676
1,8,"cv",145,0.412930558886962
1,8,"cv",147,0.466919424449314
1,8,"cv",148,0.61795558371866
1,8,"cv",149,0.516434624298868
1,8,"cv",151,0.492806979522499
1,8,"cv",152,0.272138407922687
1,8,"cv",155,0.528249065996936
1,8,"cv",156,0.552994569727844
1,8,"cv",157,0.39692956125005
1,8,"cv",159,0.596898156742575
1,8,"cv",160,0.478125134094569
1,8,"cv",161,0.406791584350526
1,8,"cv",163,0.454517176725312
1,8,"cv",166,0.472011078025761
1,8,"cv",167,0.461676880277294
1,8,"cv",168,0.447285442737306
1,8,"cv",169,0.366370646002743
1,8,"cv",170,0.384806797331132
1,8,"cv",171,0.419566863820526
1,8,"cv",172,0.214713424423603
1,8,"cv",173,0.494480405007674
1,8,"cv",174,0.401053477850658
1,8,"cv",175,0.526511005340251
1,8,"cv",176,0.278197211856872
1,8,"cv",179,0.447481329848494
1,8,"cv",180,0.570005082893083
1,8,"cv",181,0.44752424554544
1,8,"cv",182,0.228550805519481
1,8,"cv",183,0.510118996365505
1,8,"cv",184,0.533931624914712
1,8,"cv",185,0.44934962171208
1,8,"cv",186,0.422002803722973
1,8,"cv",187,0.44100040791373
1,8,"cv",188,0.388939104476233
1,8,"cv",189,0.790015032400194
1,8,"cv",190,0.651715393668572
1,8,"cv",191,0.442493777659727
1,8,"cv",192,0.301930496781771
1,8,"cv",193,0.402530550677508
1,8,"cv",194,0.450404594136867
1,8,"cv",195,0.553900911510761
1,8,"cv",196,0.487873999137623
1,8,"cv",198,0.519045704295703
1,8,"cv",199,0.373292851315486
1,8,"cv",200,0.474891490222183
1,8,"cv",201,0.373587630080784
1,8,"cv",202,0.428131864131944
1,8,"cv",203,0.490722959197317
1,8,"cv",204,0.393161454121839
1,8,"cv",205,0.520609394001365
1,8,"cv",206,0.472950753593137
1,8,"cv",207,0.445144575028395
1,8,"cv",208,0.401434614035026
1,8,"cv",209,0.546531729320323
1,8,"cv",210,0.538744423291208
1,8,"cv",213,0.441358011195937
1,8,"cv",217,0.556796616757109
1,8,"cv",219,0.338707758652471
1,8,"cv",220,0.581915032551256
1,8,"cv",221,0.453557178668607
1,8,"cv",222,0.518731054292204
1,8,"cv",224,0.552333143126955
1,8,"cv",230,0.42594556431352
1,8,"cv",231,0.429813873944986
1,8,"cv",232,0.552177879165031
1,8,"cv",233,0.571660429255947
1,8,"cv",234,0.415600883622669
1,8,"cv",235,0.466275796624003
1,8,"cv",236,0.378283909868389
1,8,"cv",237,0.173838358252298
1,8,"cv",238,0.628749909706608
1,8,"cv",239,0.338914720184637
1,8,"cv",240,0.24096745957332
1,8,"cv",241,0.521821403575629
1,8,"cv",242,0.288449845615317
1,8,"cv",243,0.179404764336175
1,8,"cv",244,0.54129082346762
1,8,"cv",246,0.512134420958635
1,8,"cv",247,0.350103547745741
1,8,"cv",249,0.480319855848176
1,8,"cv",250,0.259210620558782
1,8,"cv",251,0.42742404538539
1,8,"cv",253,0.326390191611608
1,8,"cv",254,0.352883277589545
1,8,"cv",255,0.368368652294666
1,8,"cv",256,0.427268177384889
1,8,"cv",257,0.366701476269221
1,8,"cv",258,0.275773003162524
1,8,"cv",259,0.390001216506647
1,8,"cv",260,0.316634809739514
1,8,"cv",264,0.598926664390576
1,8,"cv",265,0.541899942366136
1,8,"cv",268,0.428795351410302
1,8,"cv",269,0.513199692573602
1,8,"holdout",49,0.478480478992736
1,8,"holdout",153,0.434201639255403
1,8,"holdout",74,0.365152474154585
1,8,"holdout",228,0.39600636870638
1,8,"holdout",146,0.453846143676413
1,8,"holdout",122,0.469273282253654
1,8,"holdout",270,0.247891812225807
1,8,"holdout",128,0.343424610864292
1,8,"holdout",24,0.514475420873047
1,8,"holdout",89,0.417267472841674
1,8,"holdout",165,0.470031311001499
1,8,"holdout",110,0.421099018052656
1,8,"holdout",20,0.500042154467078
1,8,"holdout",261,0.398005619103129
1,8,"holdout",27,0.430136300226626
1,8,"holdout",164,0.589873291122615
1,8,"holdout",229,0.284647506970775
1,8,"holdout",223,0.492552583803059
1,8,"holdout",109,0.356916417073316
1,8,"holdout",5,0.391804190061672
1,8,"holdout",212,0.454071733884947
1,8,"holdout",162,0.404908664155241
1,8,"holdout",92,0.502266674211571
1,8,"holdout",104,0.433341693369319
1,8,"holdout",3,0.436164306819332
1,8,"holdout",58,0.416281479501225
1,8,"holdout",225,0.238633342089368
1,8,"holdout",42,0.633022369547823
1,8,"holdout",262,0.54025837357638
1,8,"holdout",158,0.477925572889279
1,8,"holdout",43,0.534126622398106
1,8,"holdout",143,0.417822492158808
1,8,"holdout",150,0.491526204746372
1,8,"holdout",245,0.439712211181627
1,8,"holdout",136,0.45520782500231
1,8,"holdout",36,0.442706593263379
1,8,"holdout",68,0.565289615378433
1,8,"holdout",214,0.552732008993155
1,8,"holdout",266,0.358511297801397
1,8,"holdout",252,0.435268383286747
1,8,"holdout",248,0.279699827727721
1,8,"holdout",197,0.401693835643152
1,8,"holdout",4,0.325036493542174
1,8,"holdout",226,0.291873144926577
1,8,"holdout",178,0.28388973195439
1,8,"holdout",99,0.622596806068444
1,8,"holdout",216,0.404728265131127
1,8,"holdout",215,0.333627044529335
1,8,"holdout",177,0.346657404595994
1,8,"holdout",154,0.494494318076554
1,8,"holdout",114,0.316286403213258
1,8,"holdout",6,0.191943529142601
1,8,"holdout",134,0.457781284730294
1,8,"holdout",130,0.488724488039185
2,8,"cv",1,0.331858524245528
2,8,"cv",2,0.426801258648955
2,8,"cv",7,0.408028705363687
2,8,"cv",8,0.383780899047558
2,8,"cv",9,0.400777714795194
2,8,"cv",10,0.45098393140139
2,8,"cv",11,0.302862837018412
2,8,"cv",12,0.431083061960654
2,8,"cv",13,0.464053117815294
2,8,"cv",14,0.591178017515178
2,8,"cv",15,0.320213162587546
2,8,"cv",16,0.340086186557652
2,8,"cv",17,0.556168656520604
2,8,"cv",18,0.368910701602068
2,8,"cv",19,0.429610225932372
2,8,"cv",21,0.453260373223903
2,8,"cv",22,0.228647000246903
2,8,"cv",23,0.682926664272451
2,8,"cv",25,0.403492568894065
2,8,"cv",26,0.378411819475569
2,8,"cv",28,0.510209584602647
2,8,"cv",29,0.462772796066013
2,8,"cv",30,0.557542100657849
2,8,"cv",31,0.44356260966121
2,8,"cv",32,0.576235254457554
2,8,"cv",33,0.550035130318441
2,8,"cv",34,0.674005681820942
2,8,"cv",35,0.403884524190429
2,8,"cv",37,0.483692773143975
2,8,"cv",38,0.654623962775329
2,8,"cv",39,0.453872352363448
2,8,"cv",40,0.481135337016912
2,8,"cv",41,0.580790106754904
2,8,"cv",44,0.221707035651659
2,8,"cv",45,0.51983549774733
2,8,"cv",46,0.421501797719302
2,8,"cv",47,0.53452790823515
2,8,"cv",48,0.309361274205329
2,8,"cv",50,0.49028163343149
2,8,"cv",51,0.584889561002228
2,8,"cv",52,0.587016606801446
2,8,"cv",53,0.390816153647746
2,8,"cv",54,0.544119673470236
2,8,"cv",55,0.659230129041611
2,8,"cv",56,0.420150593615071
2,8,"cv",57,0.370285742328435
2,8,"cv",59,0.403655576012489
2,8,"cv",60,0.529362224400946
2,8,"cv",61,0.495721989389723
2,8,"cv",62,0.320728507858254
2,8,"cv",63,0.603726431029557
2,8,"cv",64,0.531846073500274
2,8,"cv",65,0.579474392050791
2,8,"cv",66,0.659903701986647
2,8,"cv",67,0.431605560003782
2,8,"cv",69,0.664951520818844
2,8,"cv",70,0.430273470695894
2,8,"cv",71,0.60771522129932
2,8,"cv",72,0.616816366694326
2,8,"cv",73,0.518325101301244
2,8,"cv",75,0.533369712327889
2,8,"cv",76,0.329867046185818
2,8,"cv",77,0.324539030488805
2,8,"cv",79,0.357633817493524
2,8,"cv",80,0.47240250820701
2,8,"cv",81,0.452313014344192
2,8,"cv",82,0.215970952472419
2,8,"cv",83,0.562987872229543
2,8,"cv",84,0.41730035934874
2,8,"cv",85,0.24566753367802
2,8,"cv",86,0.340931095872358
2,8,"cv",87,0.52369401256647
2,8,"cv",88,0.359360074112293
2,8,"cv",90,0.523934401129719
2,8,"cv",91,0.498850459677713
2,8,"cv",93,0.580624852874555
2,8,"cv",95,0.518009884493524
2,8,"cv",96,0.351468028958066
2,8,"cv",97,0.49015101276889
2,8,"cv",98,0.371740295522291
2,8,"cv",100,0.535906506329861
2,8,"cv",101,0.374326548792393
2,8,"cv",102,0.537154288990978
2,8,"cv",103,0.416684041152149
2,8,"cv",105,0.553981690627217
2,8,"cv",106,0.567138720019785
2,8,"cv",107,0.561299443457523
2,8,"cv",108,0.73098909391694
2,8,"cv",111,0.840474695343412
2,8,"cv",112,0.466433119830482
2,8,"cv",113,0.433521562505472
2,8,"cv",115,0.538934871882515
2,8,"cv",116,0.597359295963935
2,8,"cv",117,0.495272729709215
2,8,"cv",118,0.343665365991115
2,8,"cv",119,0.305932519121955
2,8,"cv",120,0.46064655995341
2,8,"cv",121,0.635839391019785
2,8,"cv",123,0.62311694015714
2,8,"cv",124,0.103196480988789
2,8,"cv",125,0.401607360575058
2,8,"cv",126,0.67781078920171
2,8,"cv",127,0.470403476365649
2,8,"cv",129,0.438897304389237
2,8,"cv",131,0.661460136800383
2,8,"cv",132,0.316480618495658
2,8,"cv",133,0.450030926200247
2,8,"cv",135,0.320736995881463
2,8,"cv",137,0.517274404101773
2,8,"cv",138,0.431886145434683
2,8,"cv",139,0.364374314508049
2,8,"cv",140,0.37790405474949
2,8,"cv",141,0.460112748166166
2,8,"cv",142,0.496961575600005
2,8,"cv",144,0.374681390581957
2,8,"cv",145,0.410272139383524
2,8,"cv",147,0.465822326934529
2,8,"cv",148,0.62431901741585
2,8,"cv",149,0.548791176673191
2,8,"cv",151,0.419315727408237
2,8,"cv",152,0.269047800833148
2,8,"cv",155,0.523580179846633
2,8,"cv",156,0.548408664610273
2,8,"cv",157,0.384428076710258
2,8,"cv",159,0.591012840891043
2,8,"cv",160,0.486550184072393
2,8,"cv",161,0.391125481955774
2,8,"cv",163,0.453837314853708
2,8,"cv",166,0.471417352902477
2,8,"cv",167,0.470800040920058
2,8,"cv",168,0.457400983033141
2,8,"cv",169,0.378120551726763
2,8,"cv",170,0.433484972770595
2,8,"cv",171,0.429661478098836
2,8,"cv",172,0.231440582541728
2,8,"cv",173,0.460309134791465
2,8,"cv",174,0.411271272308165
2,8,"cv",175,0.539430522820773
2,8,"cv",176,0.270377433960242
2,8,"cv",179,0.445612595204489
2,8,"cv",180,0.562081040244603
2,8,"cv",181,0.470032959840658
2,8,"cv",182,0.227621221600232
2,8,"cv",183,0.500536691129552
2,8,"cv",184,0.533150103847594
2,8,"cv",185,0.455248993954517
2,8,"cv",186,0.438804998215639
2,8,"cv",187,0.445258548629749
2,8,"cv",188,0.38546826684672
2,8,"cv",189,0.784146493351724
2,8,"cv",190,0.687358167241012
2,8,"cv",191,0.450669876503633
2,8,"cv",192,0.295856079025249
2,8,"cv",193,0.401424694688757
2,8,"cv",194,0.451291175093012
2,8,"cv",195,0.446962022794792
2,8,"cv",196,0.524796418603784
2,8,"cv",198,0.494144026407238
2,8,"cv",199,0.38957624577075
2,8,"cv",200,0.458627028523559
2,8,"cv",201,0.363617910668165
2,8,"cv",202,0.423033610985293
2,8,"cv",203,0.5150656507169
2,8,"cv",204,0.404326797734987
2,8,"cv",205,0.52141345141351
2,8,"cv",206,0.488108175672142
2,8,"cv",207,0.455236913300133
2,8,"cv",208,0.400845877385505
2,8,"cv",209,0.535117400119639
2,8,"cv",210,0.521502068794442
2,8,"cv",213,0.433876417108368
2,8,"cv",217,0.542194392379425
2,8,"cv",219,0.293470538144881
2,8,"cv",220,0.539289967582964
2,8,"cv",221,0.453427025534605
2,8,"cv",222,0.517740582338246
2,8,"cv",224,0.54806293209981
2,8,"cv",230,0.418446135585963
2,8,"cv",231,0.430015509088252
2,8,"cv",232,0.542395876936325
2,8,"cv",233,0.566800163154233
2,8,"cv",234,0.388805430094806
2,8,"cv",235,0.460158867320255
2,8,"cv",236,0.288602629645989
2,8,"cv",237,0.139549414402606
2,8,"cv",238,0.588937326725876
2,8,"cv",239,0.400644276121901
2,8,"cv",240,0.229445837555286
2,8,"cv",241,0.522723667232834
2,8,"cv",242,0.280505437116538
2,8,"cv",243,0.182477586258728
2,8,"cv",244,0.513571663243469
2,8,"cv",246,0.510571114608928
2,8,"cv",247,0.314115640078233
2,8,"cv",249,0.455055993030172
2,8,"cv",250,0.249463037703924
2,8,"cv",251,0.424192092756116
2,8,"cv",253,0.327854725600907
2,8,"cv",254,0.365388851091235
2,8,"cv",255,0.386060645887843
2,8,"cv",256,0.441347583281462
2,8,"cv",257,0.323748775228671
2,8,"cv",258,0.267633698564329
2,8,"cv",259,0.383267152101553
2,8,"cv",260,0.336033861161964
2,8,"cv",264,0.612451981501358
2,8,"cv",265,0.532329748367403
2,8,"cv",268,0.407400865673236
2,8,"cv",269,0.530958907562254
2,8,"holdout",49,0.479336257447767
2,8,"holdout",153,0.430693570329362
2,8,"holdout",74,0.367234555568325
2,8,"holdout",228,0.390877603355926
2,8,"holdout",146,0.455474627113395
2,8,"holdout",122,0.470169104315131
2,8,"holdout",270,0.235811321732796
2,8,"holdout",128,0.335945469771724
2,8,"holdout",24,0.517454789000235
2,8,"holdout",89,0.41831733717744
2,8,"holdout",165,0.465355383483853
2,8,"holdout",110,0.417761315764906
2,8,"holdout",20,0.503943951613403
2,8,"holdout",261,0.395338821629473
2,8,"holdout",27,0.42136323387938
2,8,"holdout",164,0.589456432403437
2,8,"holdout",229,0.278838441856686
2,8,"holdout",223,0.493216494291948
2,8,"holdout",109,0.353739873129628
2,8,"holdout",5,0.386203505265424
2,8,"holdout",212,0.45380599721156
2,8,"holdout",162,0.401594673757471
2,8,"holdout",92,0.505024888937975
2,8,"holdout",104,0.43568905068111
2,8,"holdout",3,0.433476337858932
2,8,"holdout",58,0.413863676330671
2,8,"holdout",225,0.237536608375991
2,8,"holdout",42,0.634684174687293
2,8,"holdout",262,0.542632182234732
2,8,"holdout",158,0.480059945271399
2,8,"holdout",43,0.536485894667095
2,8,"holdout",143,0.418114084409575
2,8,"holdout",150,0.49666578203635
2,8,"holdout",245,0.437597048447762
2,8,"holdout",136,0.464189383052569
2,8,"holdout",36,0.448570193402
2,8,"holdout",68,0.569029996998018
2,8,"holdout",214,0.55349799524736
2,8,"holdout",266,0.362069303529379
2,8,"holdout",252,0.432534067556092
2,8,"holdout",248,0.278333640116851
2,8,"holdout",197,0.405886033879137
2,8,"holdout",4,0.321060007806749
2,8,"holdout",226,0.292716488346091
2,8,"holdout",178,0.280461081981268
2,8,"holdout",99,0.633154249970175
2,8,"holdout",216,0.405807373827714
2,8,"holdout",215,0.332317788924933
2,8,"holdout",177,0.350627359486077
2,8,"holdout",154,0.496262447737406
2,8,"holdout",114,0.318580606822112
2,8,"holdout",6,0.19981335510246
2,8,"holdout",134,0.461943087037836
2,8,"holdout",130,0.486275794520274
3,8,"cv",1,0.312929928971286
3,8,"cv",2,0.388557236711204
3,8,"cv",7,0.394296573079929
3,8,"cv",8,0.389917590911829
3,8,"cv",9,0.387325709525966
3,8,"cv",10,0.451840362694081
3,8,"cv",11,0.309248167797785
3,8,"cv",12,0.411608524141839
3,8,"cv",13,0.450947688633013
3,8,"cv",14,0.600896309458306
3,8,"cv",15,0.343711353599976
3,8,"cv",16,0.310136503520225
3,8,"cv",17,0.512343614064663
3,8,"cv",18,0.373033699979113
3,8,"cv",19,0.430686959684902
3,8,"cv",21,0.445955782999154
3,8,"cv",22,0.228000785523925
3,8,"cv",23,0.732598410852924
3,8,"cv",25,0.398139374643618
3,8,"cv",26,0.388437040430032
3,8,"cv",28,0.501719445120099
3,8,"cv",29,0.45931420478422
3,8,"cv",30,0.576664979335674
3,8,"cv",31,0.441798741288023
3,8,"cv",32,0.566312338218921
3,8,"cv",33,0.559910929753842
3,8,"cv",34,0.655665610995704
3,8,"cv",35,0.399859209400228
3,8,"cv",37,0.483275934469023
3,8,"cv",38,0.642465548062841
3,8,"cv",39,0.417674753793328
3,8,"cv",40,0.51791839023202
3,8,"cv",41,0.597954250714477
3,8,"cv",44,0.2288530505432
3,8,"cv",45,0.543427537113701
3,8,"cv",46,0.421793787751395
3,8,"cv",47,0.547714951217581
3,8,"cv",48,0.310852255550284
3,8,"cv",50,0.48264936472333
3,8,"cv",51,0.589504195395766
3,8,"cv",52,0.542578545784492
3,8,"cv",53,0.390314182306965
3,8,"cv",54,0.543605911899503
3,8,"cv",55,0.639258515855788
3,8,"cv",56,0.308026953794943
3,8,"cv",57,0.359591783394909
3,8,"cv",59,0.386927716541187
3,8,"cv",60,0.526612980677234
3,8,"cv",61,0.499020109872811
3,8,"cv",62,0.290090127121527
3,8,"cv",63,0.590316230436845
3,8,"cv",64,0.562712322696227
3,8,"cv",65,0.564511017051465
3,8,"cv",66,0.632410725158756
3,8,"cv",67,0.436413546799631
3,8,"cv",69,0.663811207713089
3,8,"cv",70,0.422306696885161
3,8,"cv",71,0.589819791132164
3,8,"cv",72,0.620529231250238
3,8,"cv",73,0.511944611275969
3,8,"cv",75,0.489876676242777
3,8,"cv",76,0.365605797515979
3,8,"cv",77,0.34951739649724
3,8,"cv",79,0.337417347359864
3,8,"cv",80,0.459228265259143
3,8,"cv",81,0.45049754964147
3,8,"cv",82,0.205572835127356
3,8,"cv",83,0.555381889411495
3,8,"cv",84,0.390074286506198
3,8,"cv",85,0.264747172395646
3,8,"cv",86,0.272683058272098
3,8,"cv",87,0.536017110122057
3,8,"cv",88,0.371520444664037
3,8,"cv",90,0.539846798707071
3,8,"cv",91,0.518004834372359
3,8,"cv",93,0.572456511669675
3,8,"cv",95,0.503015691316037
3,8,"cv",96,0.362949305711376
3,8,"cv",97,0.478817314772257
3,8,"cv",98,0.401144381994445
3,8,"cv",100,0.530025166595469
3,8,"cv",101,0.374383382505037
3,8,"cv",102,0.517067248470174
3,8,"cv",103,0.397877712015736
3,8,"cv",105,0.572785576522908
3,8,"cv",106,0.524524914235705
3,8,"cv",107,0.545407533448279
3,8,"cv",108,0.729405709576654
3,8,"cv",111,0.8092106880397
3,8,"cv",112,0.509184541647833
3,8,"cv",113,0.436599142486253
3,8,"cv",115,0.543688327072739
3,8,"cv",116,0.591851908964621
3,8,"cv",117,0.492143356615593
3,8,"cv",118,0.355788618322933
3,8,"cv",119,0.312161775606642
3,8,"cv",120,0.4727400675442
3,8,"cv",121,0.590005266229349
3,8,"cv",123,0.629364942101442
3,8,"cv",124,0.0948514541374628
3,8,"cv",125,0.384580624503753
3,8,"cv",126,0.681199308083102
3,8,"cv",127,0.458788099294782
3,8,"cv",129,0.418714020049912
3,8,"cv",131,0.693641680718784
3,8,"cv",132,0.327423096881917
3,8,"cv",133,0.452848307450692
3,8,"cv",135,0.33480780628584
3,8,"cv",137,0.512135761451299
3,8,"cv",138,0.432535813309598
3,8,"cv",139,0.37102118032441
3,8,"cv",140,0.379563762718773
3,8,"cv",141,0.444742509165659
3,8,"cv",142,0.508246340725082
3,8,"cv",144,0.393725695674712
3,8,"cv",145,0.438143054252002
3,8,"cv",147,0.461074154048222
3,8,"cv",148,0.617073983248039
3,8,"cv",149,0.523396260489691
3,8,"cv",151,0.472784554779261
3,8,"cv",152,0.247792781119753
3,8,"cv",155,0.513044331571021
3,8,"cv",156,0.540119142156544
3,8,"cv",157,0.3983012727787
3,8,"cv",159,0.580025827048819
3,8,"cv",160,0.487765600822269
3,8,"cv",161,0.391484202810111
3,8,"cv",163,0.467856691716061
3,8,"cv",166,0.479583753563138
3,8,"cv",167,0.453875806666965
3,8,"cv",168,0.478941462558464
3,8,"cv",169,0.381774301295797
3,8,"cv",170,0.460269348446423
3,8,"cv",171,0.4146700335464
3,8,"cv",172,0.229326249189792
3,8,"cv",173,0.489001092329963
3,8,"cv",174,0.441984147018635
3,8,"cv",175,0.517619310851034
3,8,"cv",176,0.224006647932022
3,8,"cv",179,0.450800782447462
3,8,"cv",180,0.579160208798461
3,8,"cv",181,0.481266651177223
3,8,"cv",182,0.232250060349551
3,8,"cv",183,0.497344224050006
3,8,"cv",184,0.538664175720264
3,8,"cv",185,0.450982572220939
3,8,"cv",186,0.408703714385722
3,8,"cv",187,0.443958949027186
3,8,"cv",188,0.396478447872861
3,8,"cv",189,0.804969008631394
3,8,"cv",190,0.678116874623567
3,8,"cv",191,0.459758320740069
3,8,"cv",192,0.310046088547053
3,8,"cv",193,0.403800275020154
3,8,"cv",194,0.448858459892058
3,8,"cv",195,0.475036820947926
3,8,"cv",196,0.511271246943079
3,8,"cv",198,0.513710051971589
3,8,"cv",199,0.378635174129381
3,8,"cv",200,0.440008077276822
3,8,"cv",201,0.352749759194498
3,8,"cv",202,0.406355105005677
3,8,"cv",203,0.502692415734672
3,8,"cv",204,0.391917811463632
3,8,"cv",205,0.532899424846068
3,8,"cv",206,0.459716729391059
3,8,"cv",207,0.451440117367564
3,8,"cv",208,0.404712014382505
3,8,"cv",209,0.55999823311529
3,8,"cv",210,0.527588443299486
3,8,"cv",213,0.445856823929933
3,8,"cv",217,0.575201155115929
3,8,"cv",219,0.3367421126272
3,8,"cv",220,0.541878042100783
3,8,"cv",221,0.458479649290093
3,8,"cv",222,0.517895233814099
3,8,"cv",224,0.557687022085416
3,8,"cv",230,0.416256457270654
3,8,"cv",231,0.42987954379946
3,8,"cv",232,0.542313123872486
3,8,"cv",233,0.549640278286521
3,8,"cv",234,0.385335424660387
3,8,"cv",235,0.478984811183361
3,8,"cv",236,0.289025699836531
3,8,"cv",237,0.172608744533913
3,8,"cv",238,0.600689875425673
3,8,"cv",239,0.346372255484858
3,8,"cv",240,0.234499578876977
3,8,"cv",241,0.528378233461406
3,8,"cv",242,0.279706291410537
3,8,"cv",243,0.206106174832971
3,8,"cv",244,0.528186361107434
3,8,"cv",246,0.488797389536478
3,8,"cv",247,0.322701079276291
3,8,"cv",249,0.452685692605164
3,8,"cv",250,0.259829444853168
3,8,"cv",251,0.391648044957185
3,8,"cv",253,0.3352266303943
3,8,"cv",254,0.349578930051539
3,8,"cv",255,0.386705347703939
3,8,"cv",256,0.444585541428461
3,8,"cv",257,0.33542805350814
3,8,"cv",258,0.261299581447899
3,8,"cv",259,0.349448849126277
3,8,"cv",260,0.330687457330044
3,8,"cv",264,0.611614208800253
3,8,"cv",265,0.525933740860065
3,8,"cv",268,0.398685801246346
3,8,"cv",269,0.53951099233103
3,8,"holdout",49,0.478074309232119
3,8,"holdout",153,0.43286061523447
3,8,"holdout",74,0.358350979967737
3,8,"holdout",228,0.393371063032201
3,8,"holdout",146,0.451968849869928
3,8,"holdout",122,0.468514465487678
3,8,"holdout",270,0.242414672351713
3,8,"holdout",128,0.34195025152548
3,8,"holdout",24,0.519347683936201
3,8,"holdout",89,0.417667487476333
3,8,"holdout",165,0.472800667334833
3,8,"holdout",110,0.417491542423204
3,8,"holdout",20,0.50049608394916
3,8,"holdout",261,0.402342964151231
3,8,"holdout",27,0.422190688009158
3,8,"holdout",164,0.589053626425267
3,8,"holdout",229,0.281644908932294
3,8,"holdout",223,0.491170521189902
3,8,"holdout",109,0.355917321013667
3,8,"holdout",5,0.386383591668735
3,8,"holdout",212,0.462855122464647
3,8,"holdout",162,0.402266262066252
3,8,"holdout",92,0.502137666950583
3,8,"holdout",104,0.436763021102633
3,8,"holdout",3,0.430617828726684
3,8,"holdout",58,0.415167818093156
3,8,"holdout",225,0.23946422108468
3,8,"holdout",42,0.63227395793313
3,8,"holdout",262,0.540751577799567
3,8,"holdout",158,0.476894226802942
3,8,"holdout",43,0.534591871914567
3,8,"holdout",143,0.4167060596923
3,8,"holdout",150,0.495225310367456
3,8,"holdout",245,0.440685965790214
3,8,"holdout",136,0.460330021076906
3,8,"holdout",36,0.440430602079143
3,8,"holdout",68,0.566874121404094
3,8,"holdout",214,0.554541113006134
3,8,"holdout",266,0.359655485794098
3,8,"holdout",252,0.432901176314702
3,8,"holdout",248,0.288336850921647
3,8,"holdout",197,0.406704224566696
3,8,"holdout",4,0.322578681996691
3,8,"holdout",226,0.293301809883515
3,8,"holdout",178,0.285908619046798
3,8,"holdout",99,0.623897619491008
3,8,"holdout",216,0.404467928380574
3,8,"holdout",215,0.330589157797865
3,8,"holdout",177,0.346163238308948
3,8,"holdout",154,0.501694173786664
3,8,"holdout",114,0.320732243674989
3,8,"holdout",6,0.195924826935624
3,8,"holdout",134,0.459347041611957
3,8,"holdout",130,0.474425156739816
