"","log10Ta","PhotonIndex","log10Fa","log10PeakFlux","Alpha","log10NH","log10T90","Beta","Gamma","log10Fluence","log10TaSqr","PhotonIndexSqr","log10FaSqr","log10PeakFluxSqr","AlphaSqr","log10NHSqr","log10T90Sqr","BetaSqr","GammaSqr","log10FluenceSqr","log10T90Err","log10FaErr","log10TaErr","AlphaErr","BetaErr","log10FluenceErr","PhotonIndexErr","log10PeakFluxErr","GRB","Redshift_crosscheck","log10z"
"050315A",4.86356,2.11,-11.3757179,0.285557309,1.10818,21.91683806,1.980457892,0.856,1.99544,-5.492144128,23.6542158736,4.4521,129.40695774038,0.0815429767233215,1.2280629124,480.347790548265,3.92221346198508,0.732736,3.9817807936,30.1636471227249,0.0636907468763651,0.03245,0.04512,0.049165,0.001,0.019691613,0.09,0.0495050700000001,"050315A",1.949,0.469674772551798
"050318A",4.132084541,1.9,-11.15490196,0.499687083,1.874408221,20.92661714,1.505149978,0.95,1.98053,-5.966576245,17.0741226539712,3.61,124.431837737212,0.249687180917049,3.51340617895238,437.923304924142,2.2654764562734,0.9025,3.9224990809,35.6000320873983,0.148833498209321,0.06181969,0.043780336,0.085906519,0.037,0.030963588,0.1,0.027486993,"050318A",1.44,0.387389826338729
"050319A",3.73997,2.02,-10.70553377,0.181843588,0.863159,20.93735437,2.183383742,0.971,2.01045,-5.882728704,13.9873756009,4.0804,114.60845330061,0.0330670904967137,0.745043459281,438.372808014958,4.76716456482992,0.942841,4.0419092025,34.6064970048655,0.0311909396976911,0.04165,0.06193,0.034558,0.009,0.049065331,0.19,0.0600012109999999,"050319A",3.24,0.627365856592733
"050401A",3.12435,1.4,-9.653647026,1.029383778,0.984108,22.12570242,1.506369717,0.9995,1.78711,-5.085128182,9.7615629225,1.96,93.1929009025986,1.05963096240955,0.968468555664,489.546707578394,2.26914972429466,0.99900025,3.1937621521,25.8585286273706,0.00846336277739286,0.019455,0.02833,0.0260615,0.0174145,0.016167167,0.07,0.037341208,"050401A",2.9,0.591064607026499
"050505A",4.270583544,1.41,-11.04817696,0.267171728,1.462094791,22.23063027,1.770115295,0.973,2.01835,-5.603800653,18.2378838062836,1.9881,122.062214139475,0.071380732242506,2.13772117786933,494.20092220144,3.13330815759294,0.946729,4.0737367225,31.4025817585632,0.0504266082569071,0.03272177,0.030067592,0.035926291,5e-04,0.031220366,0.12,0.07277367,"050505A",4.27,0.721810615212547
"050730A",4.05018,1.53,-10.09854168,-0.259637311,2.38763,21.73850309,2.194514342,0.5615,1.6177,-5.623423043,16.4039580324,2.3409,101.980544062697,0.0674115332633107,5.7007770169,472.562516593939,4.81589319724369,0.31528225,2.61695329,31.6228867205434,0.0500432094216776,0.0266,0.017795,0.0538,0.000210492,0.027736454,0.11,0.110547686,"050730A",3.967,0.696094159995223
"050802A",3.63973,1.54,-10.28650946,0.439332694,1.44729,21.25883595,1.477121255,0.8585,1.8557,-5.698970004,13.2476344729,2.3716,105.812276870669,0.193013216017298,2.0946483441,451.938105949012,2.18188720197277,0.73702225,3.44362249,32.4782591064918,0.14763173580347,0.0275,0.0326,0.03274,0.002369606,0.0340921169999999,0.13,0.069487117,"050802A",1.7102,0.433001340945038
"050803A",4.21721,1.38,-10.86012091,-0.017728767,1.52234,21.34755638,1.943988875,1.218,2.11696,-5.66756154,17.7848601841,1.9044,117.942226179819,0.000314309179340289,2.3175190756,455.718163397279,3.77909274612377,1.483524,4.4815196416,32.1212538096872,0.0515724807527089,0.0489,0.04766,0.048695,0.22485626,0.0272696540000001,0.11,0.0497629089999998,"050803A",3.5,0.653212513775344
"050824A",5.08558,2.76,-12.23882419,-0.301029996,0.954481,20.9708274,1.353723938,0.86,1.94709,-6.575118363,25.8631239364,7.6176,149.788817553729,0.09061905849176,0.911033979361,439.775601840591,1.83256850031423,0.7396,3.7911594681,43.2321814874598,0.0782985476819812,0.06855,0.12722,0.0899785,0.01,0.084899673,0.38,0.130288345,"050824A",0.8278,0.261928672990642
"060115A",3.69688,1,-11.29499204,-0.060480747,0.889919,21.43355223,2.144885418,1,2.10553,-5.76700389,13.6669217344,1,127.576845183663,0.00365792075767801,0.791955826561,459.397161196138,4.60053345634903,1,4.4332565809,33.2583338672751,0.0469357822743554,0.0812,0.123015,0.053884,0.085,0.0380960069999999,0.303030303,0.0599026869999998,"060115A",3.53,0.656098202012832
"060124A",4.47599,1.84,-10.6893,-0.050609993,1.3641,21.9172644,1.134495856,0.99,2.00895,-6.336299075,20.0344864801,3.3856,114.26113449,0.00256137139146005,1.86076881,480.366478779507,1.28708084728117,0.9801,4.0358801025,40.1486859678459,0.0416381769095578,0.04445,0.036665,0.01627,0.076380116,0.049929734,0.19,0.0878348390000001,"060124A",2.296,0.517987203025078
"060206A",3.93814,1.2,-10.63078414,0.445604203,1.17565,22.33966406,0.880241776,1.265,2.20424,-6.080398976,15.5089466596,1.44,113.013571431276,0.198563105731265,1.3821529225,499.060590313656,0.774825584215634,1.600225,4.8586739776,36.9712517073418,0.110636974360534,0.07055,0.07444,0.02867,0.013041887,0.021949902,0.181818182,0.0264623879999999,"060206A",4.048,0.703119346236078
"060210A",4.15028,1.53,-10.66756154,0.434568904,1.20511,22.3877421,2.40654018,0.979,2.08163,-5.11577123,17.2248240784,2.3409,113.796869209687,0.188850132323761,1.4522901121,501.210996336112,5.79143563795443,0.958441,4.3331834569,26.1711152776957,0.207740121229715,0.0292,0.030365,0.02297,0.083622271,0.023188831,0.09,0.0447067849999999,"060210A",3.91,0.691081492122968
"060306A",3.61496,1.8,-10.70553377,0.775974331,1.03794,21.61973178,2.13255996245349,0.76,2.28823,-5.671620397,13.0679358016,3.24,114.60845330061,0.602136162370898,1.0773194436,467.412802239142,4.54781199345963,0.5776,5.2359965329,32.1672779276664,0.0112622187283241,0.03495,0.04452,0.02498,0.01,0.01457843,0.060606061,0.0488439909307915,"060306A",1.559,0.408070285887185
"060418A",3.11887,1.7,-9.792961075,0.814247596,1.47655,21.65363309,2.158362492,0.98,1.94118,-5.079354999,9.7273500769,2.89,95.9020866164651,0.662999147591779,2.1801999025,468.879825996343,4.65852864687245,0.9604,3.7681797924,25.7998472058663,0.136485588124709,0.04904,0.057245,0.044705,0.005,0.013190457,0.06,0.023313354,"060418A",1.489,0.396024896608593
"060526A",3.8752,2.01,-11.3053948,0.222716471,1.05873,20.977989765228,2.47444938,0.93,1.90677,-5.899629455,15.01717504,4.0401,127.811951583867,0.0496026264546938,1.1209092129,440.076054590011,6.12289973418238,0.8649,3.6357718329,34.8056277063036,0.0335716198838349,0.06785,0.09216,0.0623145,0.0305,0.0568718959999999,0.24,0.046810184,"060526A",3.221,0.625415352154408
"060604A",4.45991,2.01,-11.76955108,-0.468521083,1.21596,21.99003057,1.977723605,1.02,2.1711,-6.395773947,19.8907972081,4.0401,138.522332624729,0.219512005215493,1.4785587216,483.561444469534,3.9113906577742,1.0404,4.71367521,40.905924381124,0.0777158547080599,0.04195,0.04994,0.04695,0,0.11451546,0.42,0.166053773,"060604A",2.1357,0.496334505996816
"060605A",4.04162,1.55,-11.26121944,-0.337242168,1.9179,21.77333803,2.059904056,0.835,2.02128,-6.156767222,16.3346922244,2.4025,126.815063275834,0.11373227987734,3.67834041,474.078248968644,4.24320471992525,0.697225,4.0855728384,37.9057826258936,0.132471980179598,0.05315,0.037375,0.085,0.10149311,0.056078197,0.2,0.113294213,"060605A",3.78,0.679427896612119
"060614A",5.03344,2.02,-11.78251606,1.06069784,1.9453,20.51216256,2.036229544,0.783,1.89544,-4.690369833,25.3355182336,4.0804,138.827684704158,1.12507990778067,3.78419209,420.748812887866,4.14623075585845,0.613089,3.5926927936,21.9995691703164,0.0132262962944593,0.0429,0.0289,0.05983,0.006,0.007727887,0.04,0.027945906,"060614A",0.125,0.0511525224473813
"060707A",3.5545,0.6,-10.9132,0.004321374,0.861995,21.20847898,1.820857989,1.12,2.09345,-5.795880017,12.63447025,0.36,119.09793424,1.8674273247876e-05,0.743035380025,449.799580645102,3.31552381610512,1.2544,4.3825329025,33.5922251714599,0.0414232996019404,0.07695,0.127895,0.0364485,0.035,0.0409865420000001,0.363636364,0.098898743,"060707A",3.425,0.645913275033844
"060708A",3.50569,1.68,-10.86966623,0.28780173,1.12969,20.79066861,1.008600172,1.485,2.20484,-6.306273051,12.2898623761,2.8224,118.149643951602,0.0828298357909929,1.2761994961,432.251901250839,1.01727430695843,2.205225,4.8613194256,39.7690797937688,0.153333382237578,0.06115,0.062725,0.028525,0.33410152,0.032528129,0.12,0.0313408390000001,"060708A",1.92,0.465382851448418
"060714A",3.73449,1.93,-10.86012091,0.10720997,1.20488,22.0125926,2.060660074,0.87,2.04425,-5.548213564,13.9464155601,3.7249,117.942226179819,0.0114939776674009,1.4517358144,484.554232973575,4.24631994057768,0.7569,4.1789580625,30.7826737517536,0.0344798070207195,0.0352,0.046765,0.035305,0.005,0.025627978,0.11,0.0441080329999999,"060714A",2.711,0.569490954348783
"060729A",5.1057,1.75,-11.15058059,0.068185862,1.35481,20.86562801,2.062017599,1.317,1.92492,-5.583359493,26.06817249,3.0625,124.335447494085,0.00464931177668304,1.8355101361,435.374432251696,4.25191657858572,1.734489,3.7053170064,31.1739032280732,0.127647038192483,0.0116,0.012825,0.013425,0.077392286,0.0351096309999999,0.14,0.048254942,"060729A",0.54,0.187520720836463
"060814A",4.22387,1.53,-10.91009489,0.861534411,1.29504,22.00679538,2.162265614,0.97,2.11591,-4.835647144,17.8410777769,2.3409,119.030170508804,0.742241541337117,1.6771286016,484.299042897189,4.6753925854868,0.9409,4.4770751281,23.3834833012754,0.0146412491965932,0.0353,0.034855,0.024565,0,0.00710934099999999,0.03,0.017323989,"060814A",1.9229,0.465813957269479
"060906A",4.33479,2.03,-11.8827287,0.294466226,1.71887,22.41960057,1.638489257,1.06,2.07859,-5.655607726,18.7904043441,4.1209,141.199241357804,0.0867103582546831,2.9545140769,502.638489718344,2.68464704530441,1.1236,4.3205363881,31.9858987503909,0.0815374132437055,0.08845,0.072145,0.169635,0.005,0.0267258140000001,0.11,0.0617271349999999,"060906A",3.686,0.670802284260944
"060908A",2.81918,1,-9.627087997,0.481442629,1.38309,21.80952201,1.285557309,1.185,2.13395,-5.552841969,7.9477758724,1,92.6808233019815,0.231787005018432,1.9129379481,475.655250304674,1.65265759472332,1.404225,4.5537426025,30.8340539326878,0.0299356101990356,0.045185,0.05993,0.04964,0.003474954,0.017216674,0.181818182,0.0358328779999999,"060908A",1.8836,0.459935016851525
"060926A",3.351,2.54,-10.84771166,0.037426498,1.45111,22.50004427,0.903089987,1.357,2.00443,-6.659555885,11.229201,6.4516,117.6728482585,0.001400742752544,2.1057202321,506.25199215196,0.81557152461966,1.841449,4.0177396249,44.3496845854381,0.0658325115034435,0.08245,0.09927,0.11561,0.009157091,0.049576996,0.23,0.0557809430000001,"060926A",3.2,0.6232492903979
"060927A",3.15198,0.9,-10.77728353,0.431363764,1.39098,22.10710478,1.352953912,0.83,1.94856,-5.946921557,9.9349779204,0.81,116.149840286009,0.186074696892248,1.9348253604,488.724081753899,1.8304842879961,0.6889,3.7968860736,35.3658760051113,0.0249377639674928,0.08115,0.108435,0.118785,0.178498106,0.026134535,0.242424242,0.0273444670000001,"060927A",5.47,0.8109042806687
"061021A",3.23849,1.3,-10.04095861,0.78604121,1.01707,20.87141063,1.664641976,0.785,1.99282,-5.528708289,10.4878174801,1.69,100.820849807733,0.617860783818264,1.0344313849,435.615781686077,2.77103290826118,0.616225,3.9713315524,30.5666153448573,0.0507507174713444,0.0264,0.03399,0.010415,0.016800037,0.014818832,0.06,0.019191409,"061021A",0.3463,0.129141845792285
"061121A",3.78753,1.41,-10.03011836,1.324282455,1.35185,21.75351565,1.90982337,0.9485,1.90181,-4.863279433,14.3453835009,1.9881,100.603274315609,1.75372402062083,1.8274984225,473.215443134795,3.64742530459816,0.89965225,3.6168812761,23.6514868434408,0.246558916936231,0.01265,0.01703,0.01585,0.002358211,0.006308365,0.03,0.00946803099999999,"061121A",1.314,0.364363354615731
"070110A",4.26825,1.58,-11.04866248,-0.22184875,1.42725,21.3989672,1.946550511,1.186,2.08596,-5.790484985,18.2179580625,2.4964,122.07294259696,0.0492168678765625,2.0370425625,457.915797226676,3.78905889187436,1.406596,4.3512291216,33.5297163615105,0.0711120769415451,0.05475,0.053995,0.046555,0.12166788,0.028952965,0.12,0.0868588959999997,"070110A",2.352,0.525304009958239
"070208A",3.44468,1.94,-10.86327943,-0.045757491,1.2125,21.8647258,1.806179974,1.14,2.20341,-6.351639989,11.8658203024,3.7636,118.010839974261,0.00209374798261508,1.47015625,478.066234309186,3.26228609847864,1.2996,4.8550156281,40.3433305498639,0.153546286600926,0.1619,0.14114,0.06357,0.015,0.0985702079999999,0.36,0.106160873,"070208A",1.165,0.335457900689384
"070223A",4.22335,1.85,-11.86327943,-0.161150909,0.991734,21.70173804,1.9408513687054,1.03,2.25837,-5.769551079,17.8366852225,3.4225,140.737398834261,0.0259696154715263,0.983536326756,470.965433956783,3.76690403540562,1.0609,5.1002350569,33.2877196531901,0.0402373538487879,0.16615,0.203105,0.079308,0.06,0.018572476,0.072727273,0.130844061722848,"070223A",1.6295,0.419873175149476
"070306A",4.86926,1.66,-11.2737,0.609594409,1.89982,22.44245468,2.321184027,0.831,1.94468,-5.269217724,23.7096929476,2.7556,127.09631169,0.371605343484059,3.6093160324,503.663772063854,5.38789528719994,0.690561,3.7817803024,27.7646554229157,0.134263479640872,0.0335,0.02824,0.06188,0.001,0.02308703,0.1,0.022408315,"070306A",1.4959,0.397227181043161
"070508A",3.02525,1.1,-9.161150909,1.382017043,1.37377,21.89306622,1.320146286,0.764,1.82568,-4.707743929,9.1521375625,1.21,83.9266859774715,1.90997110714246,1.8872440129,479.306348513305,1.74278621643959,0.583696,3.3331074624,22.1628529010364,0.0152922340458476,0.010795,0.01189,0.013355,5e-04,0.006049102,0.060606061,0.010992516,"070508A",0.82,0.260071387985075
"070521A",3.55243,1.1,-10.01233374,0.814913181,1.44502,22.27524914,1.57863921,0.98,2.00022,-5.096367484,12.6197589049,1.21,100.246826921142,0.664083492567539,2.0880828004,496.186724249071,2.49210175534942,0.9604,4.0008800484,25.9729615319725,0.0323072045959819,0.04901,0.04844,0.0562,0.147518075,0.00959676899999998,0.121212121,0.017957046,"070521A",2.0865,0.489466281303128
"070529A",3.09323,1.34,-10.24641694,0.155336037,1.21432,22.56252244,2.038222638,0.76,1.97999,-5.590066877,9.5680718329,1.7956,104.989060108319,0.0241292843908654,1.4745730624,509.067418855503,4.15435152205568,0.5776,3.9203604001,31.2488476893325,0.0794726286723922,0.0552,0.068045,0.03501,0.015,0.041401614,0.16,0.109332877,"070529A",2.4996,0.544018407858776
"070802A",3.92184,1.79,-11.6716204,-0.397940009,1.16348,21.91375294,1.214843848,0.78,1.99014,-6.552841969,15.3808289856,3.2041,136.226722761696,0.15835625076292,1.3536857104,480.212567915359,1.47584557502345,0.6084,3.9606572196,42.9397378706878,0.079968777148268,0.17395,0.236245,0.2088785,0.045,0.077552586,0.27,0.108573621,"070802A",2.45,0.537819095073274
"071003A",4.78411,1.36,-11.67760082,0.799340549,1.97901,20.86974084,2.170643023,0.837,1.91015,-5.080921908,22.8877084921,1.8496,136.366360911265,0.638945313275621,3.9164805801,435.546082728764,4.71169113329858,0.700569,3.6486730225,25.8157674351944,0.0131768929142836,0.1359,0.098505,0.183105,0.032,0.015697391,0.07,0.027574253,"071003A",1.60435,0.415699348887829
"071020A",2.311950854,1.11,-9.169411331,0.924279286,1.119196934,20.99642367,0.62324929,0.844,1.59788,-5.638272164,5.34511675131133,1.2321,84.0781041570712,0.85429219852867,1.252601777075,440.849806930136,0.388439677485504,0.712336,2.5532204944,31.7901129953372,0.0601790285006581,0.035099822,0.039262062,0.011153209,0.001,0.018882369,0.05,0.015510517,"071020A",2.145,0.497620649781288
"071117A",3.901990464,1.57,-11.23542972,1.053078443,1.104952391,22.04291793,0.819543936,0.94,2.0457,-5.619788758,15.2255295811469,2.4649,126.234880993059,1.1089742071113,1.22091978637662,485.890230868716,0.671652263034372,0.8836,4.18488849,31.5820256845432,0.120079755643196,0.101024385,0.117162967,0.089387802,0.01,0.018095603,0.06,0.015373256,"071117A",1.331,0.367542273520577
"080310A",4.32608056,2.32,-11.3990271,0.113943352,1.59590648,20.9708274,2.560456622,0.878,2.09352,-5.638272164,18.7149730116099,5.3824,129.937818826534,0.0129830874649959,2.54691749290599,439.775601840591,6.55593811314365,0.770884,4.3828259904,31.7901129953372,0.0207895824764161,0.04247343,0.03798676,0.065276352,0.0375,0.0377647380000001,0.16,0.0668145360000001,"080310A",2.42,0.534026106056135
"080411A",4.20932562,1.75,-10.11350927,1.635483747,1.28909841,21.57289018,1.748188027,0.91,1.97674,-4.578396073,17.7184221751884,3.0625,102.283069754376,2.67480708670116,1.66177471066453,465.38959071834,3.05616137774615,0.8281,3.9075010276,20.9617106012618,0.00776276208190557,0.06043543,0.049275581,0.010296793,0,0.001645055,0.03,0.009047802,"080411A",1.03,0.307496037913213
"080516A",3.77452827,1.82,-11.12090412,0.255272505,0.94016916,22.03528962,0.763427994,1.48,2.3315,-6.585026652,14.2470636610292,3.3124,123.674508446233,0.065164051808975,0.883918049415106,485.55398863728,0.582822302022864,2.1904,5.43589225,43.3625760075503,0.0159503209161228,0.077803665,0.111057696,0.084888358,0.03,0.066814536,0.27,0.072382414,"080516A",3.2,0.6232492903979
"080607A",3.46298403,1.31,-10.0540393,1.36361198,1.7256074,22.38386741,1.899984563,1.06,2.03418,-4.619788758,11.992258392035,1.7161,101.083706245944,1.85943763199952,2.97772089893476,501.03752022846,3.6099413396383,1.1236,4.1378882724,21.3424481685432,0.0179615292332226,0.11042072,0.069659314,0.037637388,0.02,0,0.04,0.02068069,"080607A",3.036,0.605951157564873
"080710A",4.09266933,1.47,-11.23284413,0,1.52133785,20.89722339,2.077948999,1.3,2.00149,-5.853871964,16.7499422447226,2.1609,126.176787248875,0,2.31446885384262,436.693945411563,4.3178720424451,1.69,4.0059622201,34.2678169709052,0.063286086716648,0.06269498,0.054210787,0.06401643,0.150517844,0.0620420689999999,0.23,0.0868588959999999,"080710A",0.845,0.265996370495079
"080810A",3.2687548,1.34,-9.931814138,0.301029996,1.44529526,21.45079548,2.03666881,1.079,2.11482,-5.337242168,10.684757942523,1.7956,98.6409320717767,0.09061905849176,2.08887838857847,460.136626724788,4.14801984162682,1.164241,4.4724636324,28.4861539598773,0.0173110727824034,0.031830706,0.039738688,0.036139295,0.0015,0.018882369,0.06,0.0434294480000001,"080810A",3.35,0.638489256954637
"080928A",4.08450503,1.77,-11.1260984,0.322219295,1.76031774,21.51035195,2.368584372,0.99,2.13864,-5.602059991,16.6831813400953,3.1329,123.790065606483,0.103825274070297,3.09871854575871,462.695241012869,5.61019192728263,0.9801,4.5737810496,31.3830761427629,0.0386609346233468,0.064484035,0.047916769,0.075970735,0,0.034743559,0.12,0.0206806899999999,"080928A",1.692,0.430075055551939
"081007A",3.58176278,2.51,-10.58502665,0.414973348,1.00469263,21.69605744,0.958563883,0.92,2.102,-6.148741651,12.8290246121933,6.3001,112.04278918121,0.172202879550329,1.00940728077632,470.718908439779,0.918844717792038,0.8464,4.418404,37.8070238907422,0.140327919478768,0.053161115,0.084284398,0.039134851,0.005,0.048934589,0.2,0.066814536,"081007A",0.5295,0.184549481320698
"081008A",3.85550833,1.69,-10.79317412,0.113943352,1.47398467,21.1376737,2.268297087,0.84,1.98207,-5.366531544,14.8649444826994,2.8561,116.492607584638,0.0129830874649959,2.17263080739501,446.801249447672,5.14517167489269,0.7056,3.9286014849,28.799660812747,0.0944643171466364,0.06052989,0.056285684,0.063988679,0.025,0.020199743,0.07,0.0334072679999999,"081008A",1.9685,0.472537053262077
"081029A",4.48156171,1.43,-11.86327943,-0.301029996,2.51960373,21.49704581,2.431283332,0.87,1.95818,-5.677780705,20.0843953605381,2.0449,140.737398834261,0.09061905849176,6.34840295622991,462.122978557239,5.91113864046102,0.7569,3.8344689124,32.2371937340703,0.0734942688403521,0.083250805,0.04285341,0.169198521,0.001,0.0413613789999999,0.18,0.173717793,"081029A",3.8479,0.685553652846326
"081221A",2.93195749,1.21,-9.354577731,1.260071388,1.23586126,21.57331844,1.531478917,0.991,2.4947,-4.742321425,8.5963747231671,1.4641,87.5081245253211,1.58777990285625,1.52735305396879,465.408068513644,2.34542767321549,0.982081,6.22352809,22.489612498014,0.0102431891789539,0.0249855,0.031176651,0.012861856,5e-04,0.00719825100000001,0.13,0.011931167,"081221A",2.26,0.513217600067939
"081230A",3.66959365,1.97,-11.32975415,-0.15490196,0.99376498,20.67248024,0.907209226455443,1.02,2.08621,-6.086186148,13.4659175561203,3.8809,128.363329099442,0.0239946172118416,0.9875688354744,427.35143927319,0.823028580565883,1.0404,4.3522721641,37.0416618281071,0.740704337003766,0.0701444,0.08735027,0.040381418,0.02,0.02568693,0.096969697,0.142225970771008,"081230A",2.1,0.491361693834273
"090102A",3.15380077,1.36,-9.457174573,0.740362689,1.42487631,21.72376179,1.432006687,0.667,1.76997,-7.167491087,9.94645929685259,1.8496,89.4381509041977,0.548136911263311,2.03027249879922,471.921826308664,2.05064315161272,0.444889,3.1327938009,51.3729284822244,0.0359770577590371,0.036239983,0.041590346,0.021786596,0.002673458,0.019160051,0.08,0.063170107,"090102A",1.547,0.406028944963615
"090205A",3.70655,2.15,-11.3419886,-0.301029996,1.29089,21.81792086,0.944482672,1.01,2.03416,-6.721246399,13.7385129025,4.6225,128.64070540253,0.09061905849176,1.6663969921,476.021670653223,0.89204751770826,1.0201,4.1378069056,45.1751531560705,0.0885407574117407,0.13445,0.114585,0.084185,0.025,0.0685728129999999,0.23,0.0868588959999999,"090205A",4.6497,0.752025387323213
"090423A",3.91521772,0.8,-11.2798407,0.230448921,1.43267533,22.7516324,0.989894564,0.77,1.8158,-6.229147988,15.328929795002,0.64,127.234806217376,0.0531067051900642,2.05255860119061,517.63677686473,0.97989124783675,0.5929,3.29712964,38.8022846564045,0.047195797531391,0.08569564,0.077643595,0.064053366,0.005,0.029443694,0.5,0.051093469,"090423A",8.26,0.966610986681934
"090424A",2.99599056,1.19,-9.050609993,1.851258349,1.1284106,21.63012977,1.681241237,0.924,1.96315,-4.677780705,8.97595943560911,1.4161,81.9135412453915,3.42715747474221,1.27331048219236,467.86251386704,2.82657209698929,0.853776,3.8539579225,21.8816323240703,0.0205611924585667,0.011257098,0.013394814,0.005546887,0,0,0.15,0.012233647,"090424A",0.544,0.188647295999717
"090519A",3.44619,1.02,-11.76000021,-0.22184875,1.42452,22.13069392,1.806179974,0.63,1.46604,-5.920818754,11.8762255161,1.0404,138.2976049392,0.0492168678765625,2.0292572304,489.767613380725,3.26228609847864,0.3969,2.1492732816,35.0560947177181,0.0559162050267847,0.21145,0.24029,0.3065,0.03,0.036191207,0.2,0.144764827,"090519A",3.85,0.685741738602264
"090529A",4.472757799,2,-12.1873998,-0.397940009,0.8815438,21.89306622,1.837651558,0.64,2.22623,-6.167491087,20.0055623285153,4,148.53271388504,0.15835625076292,0.77711947131844,479.306348513305,3.37696324861983,0.4096,4.9561000129,38.0379463082244,0.0664439832683159,0.11547934,0.21900534,0.113675222,0.125,0.10857362,0.3,0.108573621,"090529A",2.625,0.559308010907013
"090530A",3.6839464,1.61,-11.16052195,0.397940009,0.88610581,20.90942658,1.681241237,1.09,2.03975,-5.958607315,13.571461078073,2.5921,124.557250196432,0.15835625076292,0.785183506515756,437.204119904411,2.82657209698929,1.1881,4.1605800625,35.5050011343715,0.323703994876218,0.089175625,0.115365029,0.038514202,0.035,0.039481317,0.17,0.052115338,"090530A",1.266,0.355259905527378
"090618A",3.67275453,1.42,-9.640164518,1.589949601,1.30942861,21.39200012,2.05388479,0.8945,1.82831,-3.978810701,13.4891258376355,2.0164,92.9327719341062,2.52793973372006,1.71460328468653,457.61766913408,4.21844273059334,0.80013025,3.3427174561,15.8309345943921,0.00227692361547263,0.009695255,0.014245613,0.010591616,0.002482662,0.00413613799999999,0.08,0.008931506,"090618A",0.54,0.187520720836463
"090809A",4.56066,1.34,-11.8559,0.041392685,1.6367,21.91952315,0.73239376,0.96,1.94644,-6.468521083,20.7996196356,1.7956,140.56236481,0.00171335437150922,2.67878689,480.465495123386,0.536400619686938,0.9216,3.7886286736,41.8417650012155,0.0978170519448906,0.338,0.237865,0.319405,0.01,0.063866836,0.24,0.0789626329999999,"090809A",2.737,0.572523097849638
"090812A",3.52924,1.24,-10.16730017,0.556302501,1.37252,21.77771022,1.824125834,0.53,1.88559,-5.236572006,12.4555349776,1.5376,103.373992746882,0.309472472618855,1.8838111504,474.268662426292,3.3274350582662,0.2809,3.5554496481,27.4216863740229,0.0954430381608785,0.10615,0.13258,0.08412,0.015,0.014975672,0.05,0.024127471,"090812A",2.452,0.538070787043172
"090927A",4.20121889,1.8,-11.6716204,0.301029996,1.13087741,21.01785522,0.342422681,0.92,2.06549,-6.698970004,17.6502401616928,3.24,136.226722761696,0.09061905849176,1.27888371644831,441.750238048881,0.117253292463228,0.8464,4.2662489401,44.8761991144918,0.0791400972158072,0.076268475,0.093241949,0.074843971,0.01,0.0651441720000001,0.2,0.0434294480000001,"090927A",1.37,0.374748346010104
"091018A",2.89655535,1.77,-9.627087997,1.012837225,1.18074867,21.19187281,0.639486489,0.91,1.98015,-5.853871964,8.39003289561362,3.1329,92.6808233019815,1.0258392443457,1.39416742170677,449.095473195217,0.408942969613547,0.8281,3.9209940225,34.2678169709052,0.0598714492362227,0.024288603,0.034497878,0.016335114,0.002061639,0.031021034,0.24,0.016865805,"091018A",0.971,0.294686624279443
"091020A",2.95265011,1.53,-9.71219827,0.62324929,1.17417264,21.70587483,1.590061231,0.895,2.08587,-5.431798276,8.71814267208301,2.3409,94.326795235791,0.388439677485504,1.37868138852457,471.145002135627,2.52829471832924,0.801025,4.3508536569,29.5044325111566,0.0544128110188212,0.034480687,0.045271255,0.018244861,0.002182887,0.0117376889999999,0.07,0.031021034,"091020A",1.71,0.432969290874406
"091029A",4.30368998,1.46,-11.34678749,0.255272505,1.12123368,21.45058625,1.593286067,1.064,2.11535,-5.619788758,18.5217474439524,2.1316,128.74958634322,0.065164051808975,1.25716496516634,460.127650468689,2.53856049129633,1.132096,4.4747056225,31.5820256845432,0.0535069670717355,0.02563352,0.034224003,0.026782025,0.002,0.018095603,0.27,0.024127471,"091029A",2.752,0.574262829707027
"091127A",3.98466812,2.05,-9.844663963,1.667452953,1.39581701,20.87872913,0.84260924,0.758,1.80187,-5.045757491,15.8775800265443,4.2025,96.9174085443909,2.78039935046842,1.94830512540534,435.921330083911,0.709990331333378,0.574564,3.2467354969,25.4596686579826,0.0093822306004846,0.018562516,0.021935207,0.013587309,0.00244132,0.014476483,0.07,0.025217099,"091127A",0.49,0.173186268412274
"050416A",2.99481,3.08,-10.5559552,0.688419822,0.842217,21.75162856,0.397940009,0.9,2.06183,-6.435333936,8.9688869361,9.4864,111.428190184407,0.473921851322512,0.709329475089,473.133345012208,0.15835625076292,0.81,4.2511429489,41.4135228678333,0.0771432232434421,0.0484,0.070765,0.0149485,0.005,0.043784457,0.22,0.04271749,"050416A",0.6528,0.218220304175545
"050820A",3.750945731,1.25,-10.01818139,0.389166084,1.136499703,21.61964524,1.414973348,0.9,1.96878,-5.463441557,14.0695938769071,1.5625,100.363958362942,0.151450240935895,1.29163157491909,467.409060303455,2.00214957555033,0.81,3.8760946884,29.8491936467546,0.378773543191014,0.266741013,0.238477529,0.012525701,0.0405,0.030552112,0.12,0.040770502,"050820A",2.6147,0.558072259099146
"050922C",2.52429,1.37,-9.477555766,0.860936621,1.22035,21.44930866,0.653212514,1.064,2.2119,-5.790484985,6.3720400041,1.8769,89.8240632976399,0.741211865378898,1.4892541225,460.072841991951,0.4266865884462,1.132096,4.89250161,33.5297163615105,0.0434736058796182,0.03194,0.034305,0.013275,0.013,0.014476483,0.06,0.019142456,"050922C",2.198,0.504878459410216
"051016B",4.25742,2.4,-11.59006688,0.113943352,1.14771,21.71466751,0.602059991,0.73,1.89482,-6.769551079,18.1256250564,5.76,134.329650282873,0.0129830874649959,1.3172382441,471.52678506985,0.36247623276292,0.5329,3.5903428324,45.8268218111901,0.0509829166339321,0.04535,0.058175,0.04854,0.005,0.056202815,0.23,0.053451629,"051016B",0.9364,0.286995073968852
"051109A",3.91123,1.51,-10.51999306,0.595496222,1.22299,21.97057233,1.57054294,1.06,2.06584,-5.657577319,15.2977201129,2.2801,110.670253982448,0.354615750416273,1.4957045401,482.706048507762,2.46660512638384,1.1236,4.2676949056,32.0081811204632,0.0827679937346041,0.04815,0.04637,0.019155,0.054794381,0.05369459,0.2,0.076056648,"051109A",2.346,0.524525936626376
"060223A",2.78682,1.74,-10.9636,0.130333768,1.1892,22.49782636,1.053078443,0.81,2.01015,-6.171984936,7.7663657124,3.0276,120.20052496,0.0169868910810778,1.41419664,506.152190924711,1.1089742071113,0.6561,4.0407030225,38.0933980502109,0.042104904450281,0.1982,0.23477,0.18005,0.045,0.030974941,0.12,0.0579059310000001,"060223A",4.41,0.73319726510657
"060502A",3.3865,1.46,-10.55284197,0.227886705,0.897152,21.45692297,1.45331834,0.87,2.02719,-5.63638802,11.46838225,2.1316,111.362473643793,0.051932350315757,0.804881711104,460.399543340514,2.11213419738036,0.7569,4.1094992961,31.7688699119995,0.150287880735964,0.05675,0.075085,0.0205255,0.015,0.0191766390000001,0.08,0.0539655859999999,"060502A",1.5026,0.398391440229475
"060510B",4.43617,1.78,-12.2656,-0.244125144,1.00735,22.00215742,2.43964843,1.38,2.1317,-5.390405591,19.6796042689,3.1684,150.44494336,0.0595970859330207,1.0147540225,484.094931134461,5.95188446200147,1.9044,4.54414489,29.0564724354841,0.0335971369822932,0.2206,0.31628,0.2313695,0.03,0.018780302,0.08,0.0838112159999999,"060510B",4.9,0.770852011642144
"060912A",2.455171016,1.74,-10.1079054,0.933487288,1.045731532,21.36738202,0.698970004,0.63,1.8948,-5.869666232,6.02786471780647,3.0276,102.169751575349,0.871398516857595,1.09355443701907,456.565014388619,0.48855906649176,0.3969,3.59026704,34.4529816750811,0.0503781599397554,0.147419953,0.156564864,0.028937785,0.0785,0.019945376,0.09,0.022271512,"060912A",0.937,0.287129620719111
"061222A",3.92091,1.35,-9.954677021,0.930949031,1.35061,22.56660835,1.853698212,0.86,1.92748,-5.097453221,15.3735352281,1.8225,99.0955945924254,0.866666098319839,1.8241473721,509.25181242229,3.436197061172,0.7396,3.7151791504,25.9840293402833,0.0973208922530927,0.02311,0.024435,0.018075,0.005,0.00858805099999998,0.04,0.013237581,"061222A",2.088,0.489677291663699
"070721B",3.94739,1.34,-10.50863831,0.176091259,2.5054,21.89473409,2.531478917,0.52,1.52512,-5.443697499,15.5818878121,1.7956,110.4314791304,0.0310081314962051,6.27702916,479.379380871808,6.40838550721549,0.2704,2.3259910144,29.6338424606189,0.0272330828957319,0.3648,0.10084,0.09144,0,0.024127471,0.11,0.086858896,"070721B",3.626,0.6652056284346
"070810A",3.36583,2.04,-10.77728353,0.278753601,1.36994,21.93100401,1.041392685,1.02,2.17076,-6.161150909,11.3288115889,4.1616,116.149840286009,0.0777035700704672,1.8767356036,480.968936886636,1.08449872437151,1.0404,4.7121989776,37.9597805234715,0.197037086589132,0.06175,0.07187,0.077915,0.01,0.037764738,0.14,0.045715209,"070810A",2.17,0.501059262217751
"080319B",5.36799912,1.04,-12.15181088,1.394451681,1.42250979,20.8771334,1.68090255756894,0.73,1.81426,-4.091514981,28.8154145523208,1.0816,147.666507663286,1.94449549064373,2.02353410264584,435.854699001396,2.8254334080418,0.5329,3.2915393476,16.7404948397474,0.00162180613819455,0.097779455,0.087626454,0.075139905,0,0.00536166,0.02,0.008755937,"080319B",0.937,0.287129620719111
"080905B",3.67820615,1.78,-10.11125904,-0.301029996,1.36946226,22.33533151,2.10720997,0.375,1.86248,-5.744727495,13.5292004818978,3.1684,102.237559373982,0.09061905849176,1.87542688156431,498.867033661599,4.4403338576674,0.140625,3.4688317504,33.001893991809,0.0951998384562338,0.03236457,0.038825489,0.033301752,0.00558525,0.048254942,0.15,0.0868588959999999,"080905B",2.374,0.528145078253106
"081028A",4.75426,1.25,-11.3994,-0.301029996,2.20023,20.90308999,2.414973348,0.945,2.51,-5.431798276,22.6029881476,1.5625,129.94632036,0.09061905849176,4.8410120529,436.939171130038,5.83209627155033,0.893025,6.3001,29.5044325111566,0.0544346314312377,0.0572,0.03025,0.054715,5e-04,0.023475377,0.38,0.0868588959999999,"081028A",3.038,0.60616631460762
"081203A",4.02089,1.54,-10.9243983,0.462397998,1.86904,21.66176916,2.46834733,0.82,2.03508,-5.113509275,16.1675563921,2.3716,119.342478217043,0.213811908554408,3.4933105216,469.232243141127,6.09273854151813,0.6724,4.1415506064,26.147977105511,0.122562443871835,0.05695,0.03932,0.064395,0.0325,0.016920564,0.06,0.029951344,"081203A",2.1,0.491361693834273
"090418A",3.52813657,1.48,-10.04720756,0.278753601,1.52909667,22.02365981,1.748188027,0.98,2.03408,-5.337242168,12.4477476565714,2.1904,100.946379753721,0.0777035700704672,2.33813662620509,485.041591426609,3.05616137774615,0.9604,4.1374814464,28.4861539598773,0.0320230997079162,0.028659405,0.030759021,0.042154514,0.003531332,0.018882369,0.07,0.0685728129999999,"090418A",1.608,0.416307587059883
"090516A",4.33113504,1.84,-11.27490548,0.204119983,1.76098314,21.19589965,2.322219295,0.502,2.09,-5.045757491,18.7587307347158,3.3856,127.123493582934,0.0416649674599203,3.10106161936426,449.26616197287,5.3927024540703,0.252004,4.3681,25.4596686579826,0.132356413451328,0.03779605,0.029715315,0.053351589,0.479087085,0.028952965,0.11,0.0542868100000001,"090516A",4.109,0.708335902682263
"091109A",3.37933883,1.31,-11.14630179,0.113943352,1.06152816,21.89596701,1.681241237,0.89,1.96352,-5.795880017,11.4199309279458,1.7161,124.240043593757,0.0129830874649959,1.12684203447299,479.433371303008,2.82657209698929,0.7921,3.8554107904,33.5922251714599,0.15117163716416,0.05941034,0.074268877,0.033719571,0.03,0.0542868100000001,0.25,0.133629071,"091109A",3.076,0.610234175334389
"091208B",3.31388094,1.74,-10.18045606,1.181843588,1.1606541,21.91211094,1.173186268,0.86,2.03333,-5.48148606,10.9818068844953,3.0276,103.641685589591,1.39675426649671,1.34711793984681,480.140605846868,1.37636601942377,0.7396,4.1344308889,30.0466894259743,0.0844607534610546,0.036806415,0.052928177,0.030502454,0.034663611,0.026320878,0.11,0.028572005,"091208B",1.063,0.314499227973151
"100316B",3.5543767,2.23,-11.1481304,0.113943352,1.36246063,21.41315218,0.579783597,1.08,2.23535,-6.698970004,12.6335937255029,4.9729,124.280811415404,0.0129830874649959,1.8562989683,458.523086283839,0.336149019350258,1.1664,4.9967896225,44.8761991144918,0.0508837165764397,0.10431242,0.207348761,0.13322096,0.02,0.0434294479999999,0.18,0.0334072679999999,"100316B",1.18,0.338456493604605
"100418A",5.54363,2.16,-12.48811664,0,1.81145,20.95382587,0.84509804,0.84,2.26662,-6.468521083,30.7318335769,4.6656,155.953057214245,0,3.2813511025,439.062818590281,0.714190697211842,0.7056,5.1375662244,41.8417650012155,0.059763875267383,0.10745,0.075475,0.16786,0.01,0.063866836,0.25,0.0868588959999999,"100418A",0.6235,0.21045229296202
"100425A",3.60199415,2.42,-11.50168945,0.146128036,0.86819371,20.53466438,1.568201724,1.46,2.17077,-6.327902142,12.9743618566342,5.8564,132.288860204241,0.0213534029052173,0.753760318083564,421.672441199241,2.45925664715657,2.1316,4.7122423929,40.0423455187282,0.0442926372724909,0.070859065,0.115125536,0.055076895,0.035,0.083162773,0.32,0.062042069,"100425A",1.755,0.440121603187804
"100513A",3.74522911,1.62,-11.57186521,-0.22184875,0.96306136,22.05240534,1.924279286,1.36,2.25722,-5.853871964,14.0267410863914,2.6244,133.908064438408,0.0492168678765625,0.92748718312505,486.30858127966,3.70285077052867,1.8496,5.0950421284,34.2678169709052,0.0768849139302361,0.09817689,0.128616618,0.061569437,0.025,0.031021034,0.14,0.0723824140000001,"100513A",4.772,0.761326322421457
"100621A",3.64164386,1.9,-9.804100348,1.10720997,0.94079321,22.28454803,1.803457116,0.27,2.3024,-4.677780705,13.2615700030757,3.61,96.1203836336537,1.2259139176674,0.885091863982104,496.601080901377,3.25245756925104,0.0729,5.30104576,21.8816323240703,0.0114965181711467,0.041282476,0.060455075,0.024177265,0.150679792,0,0.03,0.010178777,"100621A",0.542,0.188084373714938
"100704A",3.62503495,1.73,-10.35163999,0.633468456,1.01294211,21.52730245,2.2955671,1.29,2.11575,-5.22184875,13.1408783887215,2.9929,107.156450482567,0.401282284747024,1.02605171821125,463.424750773776,5.26962831060241,1.6641,4.4763980625,27.2677043678766,0.0511462884983093,0.04763446,0.053639373,0.01813996,0.01,0.014476483,0.06,0.020199743,"100704A",3.6,0.662757831681574
"100728A",4.03148606,1.18,-10.17587417,0.707570176,1.5588143,21.52592288,2.297760511,0.96,1.90402,-4.420216403,16.2528798519743,1.3924,103.548415123673,0.500655553964671,2.42990202188449,463.365355835707,5.27970336591098,0.9216,3.6252921604,19.5383130493503,0.0276692267863542,0.0760751,0.053762484,0.034265796,0.005,0,0.02,0.017031156,"100728A",1.567,0.409425868671443
"100814A",5.22729477,1.47,-11.49349497,0.397940009,1.76532941,20.89608288,2.241795431,1.1425,1.89414,-5.045757491,27.3246106124694,2.1609,132.100426625415,0.15835625076292,3.11638792581095,436.646279727829,5.02564675445248,1.30530625,3.5877663396,25.4596686579826,0.0235643330529017,0.04362636,0.035347138,0.084015169,0.01745135,0.00965098799999999,0.04,0.034743559,"100814A",1.44,0.387389826338729
"100816A",3.97801299,0.73,-11.5559552,1.037426498,1.04455013,21.34783526,0.462397998,1.09,1.91138,-5.698970004,15.8245873486087,0.5329,133.540100584407,1.07625373875254,1.09108497408302,455.730070288099,0.213811908554408,1.1881,3.6533735044,32.4782591064918,0.0930248425840856,0.08674922,0.112014005,0.047175154,0.015,0.021714724,0.24,0.015937412,"100816A",0.804,0.256236533205923
"100901A",4.91124,1.52,-11.34103516,-0.096910013,1.50754,21.53188109,2.64246452,1.075,1.98285,-5.677780705,24.1202783376,2.3104,128.619078500356,0.00939155061966017,2.2726768516,463.6219032739,6.98261873945883,1.155625,3.9316941225,32.2371937340703,0.0223211438768381,0.0283,0.02425,0.036255,5e-04,0.062042069,0.21,0.10857362,"100901A",1.408,0.381656482585787
"100906A",3.94074768,1.78,-10.4698003,1.004321374,1.71220056,21.96198081,2.058426024,0.87,2.02817,-4.920818754,15.5294922774254,3.1684,109.61671832188,1.00866142227325,2.93163075766431,482.328601098808,4.23711769628045,0.7569,4.1134735489,24.2144572097181,0.00604043448603348,0.048743085,0.039933316,0.059340084,0,0,0.03,0.017199781,"100906A",1.727,0.43568513794163
"101219B",4.42003952,1.56,-11.99567863,-0.22184875,0.66918137,20.49692965,1.531478917,0.94,1.85684,-5.677780705,19.5367493583618,2.4336,143.896305794239,0.0492168678765625,0.447803705955077,420.124125077049,2.34542767321549,0.8836,3.4478547856,32.2371937340703,0.0692396240032236,0.089446275,0.166829365,0.039390628,0.105,0.082722758,0.16,0.217147241,"101219B",0.55,0.190331698170291
"110213A",3.84089,1.83,-9.896196279,0.204119983,1.8412,21.56708403,1.681241237,1.1905,1.96436,-5.229147988,14.7524359921,3.3489,97.9347007924934,0.0416649674599203,3.39001744,465.139113557081,2.82657209698929,1.41729025,3.8587102096,27.3439886804045,0.14476482742628,0.03588,0.023515,0.02785,0.226362665,0.029443694,0.12,0.162860431,"110213A",1.46,0.390935107103379
"110422A",3.50066971,0.86,-9.681936665,1.487138375,1.42239886,22.02088312,1.413299764,0.778,1.89199,-4.387216143,12.2546884185115,0.7396,93.7398975850713,2.21158054639764,2.0232185169293,484.919293384701,1.99741622292246,0.605284,3.5796261601,19.2476654853998,0.00950159657676303,0.024137407,0.029472713,0.022779716,0.005,0.010592548,0.1,0.0141464,"110422A",1.77,0.442479769064449
"110503A",2.54166555,0.88,-9.08249449,0.130333768,1.14649063,21.13638759,1,0.687,1.90907,-5,6.4600637680568,0.7744,82.4917061608804,0.0169868910810778,1.3144407646778,446.746880354706,1,0.471969,3.6445482649,25,0.147896600362852,0.028998071,0.028887961,0.006289914,0.001,0.017371779,0.25,0.019301977,"110503A",1.613,0.417139409727326
"110715A",2.61109719,1.25,-9.075720714,1.731588765,0.95853538,22.0746007,1.113943352,0.755,1.85342,-4.928117993,6.8178285356259,1.5625,82.3687064785287,2.99839965107422,0.918790074711744,487.287996064441,1.240869791465,0.570025,3.4351656964,24.2863469529303,0.133629071449258,0.02377653,0.035600881,0.009554076,0.0015,0.007360923,0.12,0.00886315299999999,"110715A",0.82,0.260071387985075
"110731A",5.08952072,1.15,-12.08512818,1.041392685,1.42351927,21.95954126,1.588831726,0.39,1.85145,-5.22184875,25.9032211593093,1.3225,146.05032312703,1.08449872437151,2.02640711206133,482.221452349642,2.52438625354414,0.1521,3.4278671025,27.2677043678766,0.130539784388153,0.097418495,0.090702815,0.110855301,0.13,0.007238241,0.05,0.011844395,"110731A",2.83,0.583198773968623
"110808A",4.50711,2.32,-12.08440021,-0.397940009,0.807091,21.99532933,1.681241237,1.4,2.33721,-6.48148606,20.3140405521,5.3824,146.032728435448,0.15835625076292,0.651395882281,483.794512335158,2.82657209698929,1.96,5.4625505841,42.0096615459743,0.204728382319217,0.0837,0.155655,0.0776,0.025,0.105283511,0.43,0.217147241,"110808A",1.348,0.370698092575577
"110818A",3.84627415,1.58,-11.28316228,0.204119983,1.37167718,22.06812647,2.012837225,0.83,1.95985,-5.397940009,14.7938248369582,2.4964,127.309751036815,0.0416649674599203,1.88149828613275,487.002205895915,4.0515136943457,0.6889,3.8410120225,29.1377563407629,0.0761271870594219,0.05514905,0.059648416,0.067338189,0.01,0.021714724,0.11,0.081430215,"110818A",3.36,0.639486489268586
"111123A",4.42202873,1.68,-11.60730305,-0.045757491,1.46723371,21.35034301,2.462397998,1.25,2.55463,-5.13667714,19.5543380889454,2.8224,134.729484094539,0.00209374798261508,2.15277475976036,455.837146644656,6.06340390055441,1.5625,6.5261344369,26.3854520405986,0.131921983937837,0.07308827,0.070655771,0.105884147,0.005,0.017847718,0.07,0.048254942,"111123A",3.1516,0.618215503279417
"111209A",4.13326,1.48,-9.057000407,-0.301029996,2.77382,21.14009932,2.505149978,0.2529,1.81212,-4.443697499,17.0838382276,2.1904,82.0292563723982,0.09061905849176,7.6940773924,446.903799259465,6.2757764122734,0.06395841,3.2837788944,19.7464474626189,0.0401068361866461,0.02099,0.010455,0.04435,5e-05,0.012063736,0.03,0.0868588959999999,"111209A",0.677,0.224533062606086
"111228A",4.10627835,2.27,-10.65757732,1.093421685,1.15297662,21.41342718,2.005180513,0.99,2.03824,-5.070581074,16.8615218876787,5.1529,113.583954331778,1.19557098122824,1.32935508626662,458.534863593163,4.02074888971494,0.9801,4.1544222976,25.710792428007,0.023242060897345,0.030118345,0.037264425,0.023299272,0,0.010218694,0.06,0.017511874,"111228A",0.714,0.234010817587179
"120118B",3.68307,2.08,-10.95467702,0.342422681,1.0241,21.451745,1.36660971,1.01,2.20884,-5.744727495,13.5650046249,4.3264,120.004948612516,0.117253292463228,1.04878081,460.177363545025,1.86762209946628,1.0201,4.8789741456,33.001893991809,0.366834332492466,0.1172,0.131765,0.077156,0.005,0.024127471,0.11,0.059221975,"120118B",2.943,0.595826777073223
"120327A",3.48517215,1.52,-10.15181088,0.591064607,1.44859414,22.16619025,1.798650645,0.63,1.75797,-5.443697499,12.1464249151356,2.3104,103.059264143286,0.349357369648064,2.09842498244234,491.339990199195,3.23514414275892,0.3969,3.0904585209,29.6338424606189,0.051933835584684,0.04362492,0.051679097,0.058002882,0.02,0.012063736,0.06,0.022271512,"120327A",2.813,0.581266805273671
"120404A",3.79948,1.85,-11.02687215,0.079181246,1.90651,21.70983536,1.587710965,0.69,1.89579,-5.795880017,14.4360482704,3.4225,121.591909412446,0.00626966971811252,3.6347803801,471.316951358306,2.52082610838123,0.4761,3.5940197241,33.5922251714599,0.179553274179706,0.11705,0.068285,0.121385,0.005,0.027143405,0.13,0.0723824139999999,"120404A",2.876,0.588383768378728
"120422A",5.23266697,1.19,-12.73992861,-0.22184875,0.86153199,21.4010765393529,0.728353782,1.1,2.32199,-6.638272164,27.380803618929,1.4161,162.305780987897,0.0492168678765625,0.74223736979336,458.006077043241,0.530499231753704,1.21,5.3916375601,44.0666573233372,0.181516258620399,0.11830242,0.217818621,0.214451933,0.035,0.0755294749999999,0.24,0.144764827,"120422A",0.283,0.108226656374928
"120729A",3.52138487,1.62,-10.29756946,0.462397998,2.26312734,21.34792103,1.854306042,0.645,1.8831,-5.619788758,12.4001514026649,2.6244,106.039936783525,0.213811908554408,5.12174535705548,455.733732303116,3.43845089739771,0.416025,3.54606561,31.5820256845432,0.223182009707008,0.06906832,0.047294772,0.130088482,0.013331067,0.018095603,0.08,0.029951344,"120729A",0.8,0.255272505103306
"120802A",3.53838419,1.21,-11.17198494,0.477121255,0.54215516,22.12127744,1.698970004,0.91,2.03526,-5.721246399,12.520162676042,1.4641,124.813247499587,0.227644691972775,0.293932217514626,489.350915577453,2.88649907449176,0.8281,4.1422832676,32.7326603580705,0.2694762542188,0.07803221,0.220557212,0.11816229,0.055,0.0685728129999999,0.47,0.028952965,"120802A",3.796,0.680879174426811
"120811C",3.15909591,1.4,-10.14327111,0.612783857,1.01613299,21.91722026,1.428134794,0.65,1.92121,-5.522878745,9.97988696857873,1.96,102.885948810961,0.375504055399796,1.03252625336634,480.364543925354,2.03956898983342,0.4225,3.6910478641,30.5021896319728,0.0598545187495629,0.05294686,0.084200302,0.03800099,0.090734018,0.043429448,0.3,0.021185097,"120811C",2.671,0.564784384503987
"120907A",3.2113827,1.73,-10.37675071,0.462397998,1.05329104,21.0438101,1.227886705,0.78,1.82021,-6.173925197,10.3129788458593,2.9929,107.676955297485,0.213811908554408,1.10942201494428,442.841943524862,1.50770576031576,0.6084,3.3131644441,38.1173523381515,0.035217186540104,0.04130341,0.062296694,0.028647271,0.005,0.0713020789999999,0.25,0.059902687,"120907A",0.97,0.294466226161593
"120922A",3.59799,1.58,-10.59516628,0.301029996,1.06622,21.0163605,2.238046103,1.17,2.06954,-5.207608311,12.9455320401,2.4964,112.257548500849,0.09061905849176,1.1368250884,441.68740866596,5.00885035915349,1.3689,4.2829958116,27.1191843207963,0.075913913084108,0.16365,0.133375,0.03563,0.005,0.049033248,0.36,0.0434294480000001,"120922A",3.1,0.612783856719735
"121024A",4.17178823,1.41,-11.31158018,0.113943352,1.30353551,21.94617755,1.838849091,0.87,2.00683,-5.958607315,17.4038170359665,1.9881,127.951846168569,0.0129830874649959,1.69920482583096,481.634709056124,3.38136597947153,0.7569,4.0273666489,35.5050011343715,0.201804932759115,0.063305895,0.065435085,0.06666149,0,0.039481317,0.22,0.0668145360000001,"121024A",2.298,0.5182506513085
"121027A",5.40919042,1.82,-11.92081875,0.113943352,1.50995764,22.07736427,1.796574333,1.16,2.37144,-5.698970004,29.2593409998198,3.3124,142.105919670352,0.0129830874649959,2.27997207459437,487.410013110273,3.22767933399439,1.3456,5.6237276736,32.4782591064918,0.03343969322178,0.041584155,0.037953731,0.058939694,0,0.021714724,0.09,0.0668145360000001,"121027A",1.773,0.442949869577862
"121128A",3.23392922,1.32,-9.617982957,1.11058971,1.54546584,22.04029767,1.367355921,0.9455,1.98504,-5.161150909,10.4582981999698,1.7424,92.5055961611425,1.23340950395788,2.38846466260691,485.774721382207,1.86966221469376,0.89397025,3.9403838016,26.6374787054715,0.0303933846890459,0.028690024,0.029795568,0.032445001,0.010337721,0.025176492,0.18,0.013466496,"121128A",2.2,0.505149978319906
"121211A",4.20933518,2.36,-11.2823295,0,1.15615612,21.66138196,2.260071388,0.95,2.0682,-5.886056648,17.7185026575856,5.5696,127.29095894657,0,1.33669697381345,469.215468417013,5.10792267885625,0.9025,4.27745124,34.645662863465,0.0937486856135703,0.054250775,0.063247159,0.074602829,0.005,0.089197405,0.26,0.130288345,"121211A",1.023,0.305995882770805
"130408A",3.58393,1.28,-10.32975415,0.69019608,1.39277,20.06405721,1.447158031,0.945,2.03183,-5.638272164,12.8445542449,1.6384,106.703820799442,0.476370628847366,1.9398082729,402.566391726153,2.0942663666878,0.893025,4.1283331489,31.7901129953372,0.202660966333188,0.077,0.070305,0.0643,0.117120218,0.0755294749999999,0.26,0.0886315269999999,"130408A",3.757,0.677333151419902
"130418A",2.59006,2.07,-9.247183569,-0.22184875,1.28449,21.12149747,2.07200023240372,0.198,1.68684,-5.744727495,6.7084108036,4.2849,85.5104039587836,0.0492168678765625,1.6499145601,446.117655375216,4.29318496308107,0.039204,2.8454291856,33.001893991809,0.169579312058566,0.06047,0.06867,0.031625,0.003,0.048254942,0.17,0.144764827,"130418A",1.218,0.345961541813141
"130420A",3.56731,1.52,-10.8728952,0.531478917,0.914676,20.79265849,2.091666958,1.17,2.29559,-5.148741651,12.7257006361,2.3104,118.219850030183,0.282469839215493,0.836632184976,432.334647081769,4.37507066318897,1.3689,5.2697334481,26.5095405887422,0.0412728533350444,0.05505,0.08535,0.0286905,0.005,0.018350471,0.25,0.025546734,"130420A",1.297,0.361160995195026
"130511A",2.65954,1.35,-10.51570016,0.113943352,1.16497,21.01365445,0.73479983,0.65,2.06879,-6.657577319,7.0731530116,1.8225,110.579949855024,0.0129830874649959,1.3571551009,441.573673344005,0.539930790168029,0.4225,4.2798920641,44.3233357584632,0.176931769551824,0.0838,0.089385,0.04916,0.01,0.078962633,0.31,0.0668145360000001,"130511A",1.3033,0.362350507594848
"130514A",3.68772,1.8,-10.7212464,0.447158031,1.17745,21.19799139,2.309630167,0.65,2.0604,-5.040958608,13.5992787984,3.24,114.945124369513,0.199950304687797,1.3863885025,449.354838970514,5.33439150831645,0.4225,4.24524816,25.4112636875693,0.0272768817014167,0.078,0.078365,0.04188,0.08,0.00954493399999999,0.05,0.046531552,"130514A",3.6,0.662757831681574
"130604A",2.071571247,1.51,-8.316052869,-0.096910013,1.742079764,21.35024026,1.57634135,0.98,2.08823,-5.853871964,4.29140743139714,2.2801,69.1567353200031,0.00939155061966017,3.0348419041383,455.832759159725,2.48485205171982,0.9604,4.3607045329,34.2678169709052,0.0525216608675702,0.166441725,0.100184013,0.041653571,0.015,0.031021034,0.12,0.10857362,"130604A",1.06,0.313867220369153
"130606A",3.30222,1.52,-10.18045606,0.414973348,1.37571,20.24962877,2.441820772,0.44,1.86465,-5.537602002,10.9046569284,2.3104,103.641685589591,0.172202879550329,1.8925780041,410.047465322812,5.96248868257068,0.1936,3.4769196225,30.6650359325544,0.0303226795160044,0.06815,0.07782,0.05186,0.045,0.029951344,0.12,0.033407268,"130606A",5.913,0.839666556882433
"130831A",3.31959,1.93,-9.89279003,1.133538908,1.28481,21.0163605,1.511883361,1.01,1.79449,-5.187086643,11.0196777681,3.7249,97.8672945776674,1.28491045594983,1.6507367361,441.68740866596,2.28579129726866,1.0201,3.2201943601,26.905867841989,0.0249128885159663,0.054815,0.089045,0.06727,0.009011148,0.001336291,0.05,0.019160051,"130831A",0.4791,0.16999753706657
"131030A",2.84594,1.3,-9.294136288,1.44870632,1.11188,20.84178667,1.613841822,0.693,2.09466,-4.537602002,8.0993744836,1.69,86.3809693399184,2.09875000160794,1.2362771344,434.38007159779,2.60448542643628,0.480249,4.3876005156,20.5898319285544,0.0427179076225292,0.025175,0.027575,0.00815,0.0075,0,0.03,0.010818724,"131030A",1.295,0.36078268987328
"131105A",3.9488,1.45,-10.91009489,0.544068044,1.19347,21.32749584,2.050379756,0.94,2.24976,-5.148741651,15.59302144,2.1025,119.030170508804,0.296010036501986,1.4243706409,454.862078805217,4.20405714381462,0.8836,5.0614200576,26.5095405887422,0.0158047698317659,0.03335,0.047885,0.04544,0.005,0.030584118,0.11,0.0744504829999999,"131105A",1.686,0.429106008332697
"131117A",2.87134,1.85,-10.838632,-0.15490196,0.951056,22.01669496,1.041392685,0.86,2.15896,-6.602059991,8.2445933956,3.4225,117.475943631424,0.0239946172118416,0.904507515136,484.734856961689,1.08449872437151,0.7396,4.6611082816,43.5871961247629,0.124850885316753,0.0823,0.12461,0.0362555,0.025,0.0694871169999999,1.41,0.0620420690000001,"131117A",4.042,0.702602841340427
"140206A",3.59073,1.04,-9.730487056,1.28780173,1.22509,22.00531353,1.971275849,0.672,1.88134,-4.795880017,12.8933419329,1.0816,94.6823783469835,1.65843329579099,1.5008455081,484.233823553601,3.88592847285067,0.451584,3.5394401956,23.0004651374599,0.063811704252879,0.012995,0.021325,0.015545,0.021902336,0.00814302200000001,0.15,0.011193157,"140206A",2.73,0.571708831808688
"140213A",3.829176603,1.8,-10.12551818,1.371067862,1.108879519,20.99187128,1.77815125,0.83,1.96657,-4.920818754,14.6625934569626,3.24,102.526118413511,1.87982708220925,1.22961378765767,440.658659836089,3.16182186787656,0.6889,3.8673975649,24.2144572097181,0.0189868108841264,0.06303582,0.068643889,0.021746292,0.005,0,0.04,0.014784493,"140213A",1.2076,0.343920385393226
"140419A",3.68383,1.21,-10.00568285,0.69019608,1.36898,22.04094236,1.976349979,0.678,1.87322,-4.795880017,13.5706034689,1.4641,100.113689294784,0.476370628847366,1.8741062404,485.803140116842,3.9059592394933,0.459684,3.5089531684,23.0004651374599,0.0175057628798656,0.023985,0.02442,0.017885,0.001,0,0.04,0.017726305,"140419A",3.956,0.695131297704026
"140423A",3.90552,1.33,-10.85078089,0.322219295,1.18974,21.81946365,2.127104798,0.77,2.06486,-5.026872146,15.2530864704,1.7689,117.739445922789,0.103825274070297,1.4154812676,476.088993973671,4.52457482167462,0.5929,4.2636468196,25.2694435722306,0.0745819195938403,0.05035,0.05495,0.045115,0.149849463,0.013860462,0.06,0.0413613789999999,"140423A",3.26,0.629409599102719
"140430A",4.14388,2,-11.36251027,0.397940009,0.875171,21.67796993,2.239549721,1.03,2.15785,-5.958607315,17.1717414544,4,129.106639635855,0.15835625076292,0.765924279241,469.934380285984,5.01558295283118,1.0609,4.6563166225,35.5050011343715,0.00923562857095551,0.0861,0.13071,0.0833725,0.035,0.0789626329999999,0.22,0.034743559,"140430A",1.6,0.414973347970818
"140506A",3.30686,1.68,-9.903089987,1.037426498,0.948932,21.81764402,2.045714059,0.9,1.74751,-5.552841969,10.9353230596,2.8224,98.0711912906197,1.07625373875254,0.900471940624,476.009590583442,4.18494601119025,0.81,3.0537912001,30.8340539326878,0.0373575732732516,0.05516,0.06882,0.01557,0.047966029,0.0465315520000001,0.16,0.035859177,"140506A",0.889,0.276231957921834
"140509A",3.58709,1.59,-11.09770006,0.204119983,1.40649,20.90144742,1.17092730333444,0.86,1.93407,-5.920818754,12.8672146681,2.5281,123.158946621724,0.0416649674599203,1.9782141201,436.870504251025,1.37107074969406,0.7396,3.7406267649,35.0560947177181,0.151511196244019,0.08395,0.088715,0.10418,0.22,0.04379136,0.121212121,0.117055576617339,"140509A",2.4,0.531478917042255
"140512A",3.53686,1.45,-9.504455662,0.832508913,1.25134,21.32824297,2.189770956,0.871,1.84304,-4.853871964,12.5093786596,2.1025,90.3346774309239,0.693071090224441,1.5658517956,454.893948187355,4.79509683974115,0.758641,3.3967964416,23.5600730429052,0.0134302087658966,0.01504,0.022285,0.02006,0.002482817,0.00930630999999999,0.04,0.019160051,"140512A",0.725,0.236789099409293
"140518A",3.77824,0.92,-11.31158018,0,1.64981,22.46148952,1.781755375,0.94,1.93772,-6,14.2750974976,0.8464,127.951846168569,0,2.7218730361,504.51851145707,3.17465221634139,0.8836,3.7547587984,36,0.0174377429302028,0.09045,0.070125,0.18819,0,0.043429448,0.61,0.043429448,"140518A",4.707,0.756407872548958
"140614A",3.70006,1.5,-10.9589,-1.4317581319867,1.35595,21.3989672,2.857332496,0.83,1.77015,-5.886056648,13.6904440036,2.25,120.09748921,2.04993134851004,1.8386004025,457.915797226676,8.16434899269759,0.6889,3.1334310225,34.645662863465,0.0965452754396361,0.1129,0.098945,0.093145,0.05,0.133629071,0.46,0.163321606984504,"140614A",4.233,0.718750734739665
"140629A",2.85608,1.86,-9.847711656,0.62324929,1.16056,21.74269921,1.62324929,0.815,1.95996,-5.619788758,8.1571929664,3.4596,96.9774248597183,0.388439677485504,1.3468995136,472.744968936535,2.6349382574855,0.664225,3.8414432016,31.5820256845432,0.119342969960682,0.042785,0.06161,0.03501,0.001678552,0.0361912069999999,0.11,0.041361379,"140629A",2.275,0.515211304327802
"141004A",3.30337,1.86,-10.61083392,0.785329835,1.54959,21.49730845,0.593286067,1.08,1.79496,-6.173925197,10.9122533569,3.4596,112.589796477823,0.616742949741127,2.4012291681,462.134270594441,0.351988357296328,1.1664,3.2218814016,38.1173523381515,0.118918281385487,0.0853,0.081935,0.09774,0.005,0.019446022,0.08,0.021358745,"141004A",0.573,0.196728722623287
"141121A",5.76634,1.73,-12.65757732,-0.045757491,2.33322,21.59590717,2.74028372,0.82,1.93447,-5.27572413,33.2506769956,2.9929,160.214263611778,0.00209374798261508,5.4439155684,466.383206495257,7.50915486609704,0.6724,3.7421741809,27.8332650958643,0.0298708467389642,0.1675,0.090095,0.2969,0.01,0.032776942,0.13,0.144764827,"141121A",1.47,0.392696953259666
"141220A",2.77561,0.62,-9.872830386,0.949390007,1.42066,21.48574413,0.857935265,1.1,1.80565,-5.585026652,7.7040108721,0.3844,97.4727798307249,0.90134138539146,2.0182748356,461.63720081983,0.73605291893062,1.21,3.2603719225,31.1925227035503,0.0285379269708387,0.042455,0.057375,0.050735,0.07,0.0167036340000001,0.38,0.034157993,"141220A",1.3195,0.365394376854778
"150120B",3.39431,2.2,-10.79048499,0.079181246,1.17705,21.52664292,2.01762288488796,0.92,2.01678,-6.26760624,11.5213403761,4.84,116.434566319415,0.00626966971811252,1.3854467025,463.396355405186,4.07080210562361,0.8464,4.0674015684,39.2828879796869,0.0141299769251024,0.0711,0.090535,0.057705,0.005,0.039006078,0.151515152,0.054210676800265,"150120B",3.5,0.653212513775344
"150314A",2.49217,1.08,-8.609064893,1.58546073,1.19079,22.01715025,1.169968174,0.73,1.84772,-4.657577319,6.2109113089,1.1664,74.1159983318851,2.51368572637213,1.4179808241,484.754905131075,1.36882552817289,0.5329,3.4140691984,21.6930264824632,0.07726686575266,0.015025,0.015855,0.009925,0,0.005922197,0.03,0.010152339,"150314A",1.758,0.440594261839831
"150403A",3.19694,1.23,-8.821023053,1.245512668,1.24471,21.79039707,1.611723308,0.679,1.70996,-4.769551079,10.2204253636,1.5129,77.8104477015574,1.55130180614848,1.5493029841,474.821404468265,2.59765202155046,0.461041,2.9239632016,22.7486174951901,0.127565659236116,0.005105,0.006975,0.00458,0,0.00766401999999999,0.04,0.014805494,"150403A",2.06,0.48572142648158
"150821A",2.95174,2.1,-8.853871964,-1.49776679460977,1.82628,22.340573,2.23578087,0.848,2.21622,-6.102372909,8.7127690276,4.41,78.3910487549052,2.24330537103562,3.3352986384,499.101201968329,4.99871609865796,0.719104,4.9116310884,37.2389551204971,0.249936990327389,0.021105,0.015485,0.027365,5e-04,0.104450572,0.37,0.188398851647282,"150821A",0.755,0.244277120801843
"151021A",3.15765,1.57,-9.642065153,0.986771734,1.33346,22.33647975,2.042181595,1.27,1.96079,-4.552841969,9.9707535225,2.4649,92.9694204146969,0.973718455021367,1.7781155716,498.91832762216,4.17050566695674,1.6129,3.8446974241,20.7283699946878,0.0143797213110485,0.06282,0.05208,0.02141,0.04,0.015510517,0.04,0.035818102,"151021A",2.33,0.52244423350632
"151027A",3.99907,1.72,-9.935542011,0.832508913,1.74508,21.65076489,2.11290649,0.9235,2.00612,-5.107905397,15.9925608649,2.9584,98.7149950523459,0.693071090224441,3.0453042064,468.755620322057,4.46437383548412,0.85285225,4.0245174544,26.0906975447017,0.0183350782696789,0.02221,0.01731,0.02499,0.002440971,0.011135756,0.05,0.038320101,"151027A",0.81,0.257678574869184
"151215A",3.06337,1.99,-10.72815839,0.204119983,1.07478,21.4099453200338,1.250420002,1.015,2.20942,-6.508638306,9.3842357569,3.9601,115.093382440927,0.0416649674599203,1.1551520484,458.385758606837,1.56355018140168,1.030225,4.8815367364,42.3623725983306,0.0244827442519859,0.093,0.11588,0.071395,0.35435971,0.098066496,0.33,0.0542868100000001,"151215A",2.59,0.555094448578319
"160117B",4.10299,1.73,-11.74958,-0.705929807788426,0.973333,20.95374423,0.697062187810827,0.64,1.83834,-6.4710833,16.8345269401,2.9929,138.0526301764,0.498336893524204,0.947377128889,439.059397256258,0.485895693675617,0.4096,3.3794939556,41.8749190755389,0.214744065864423,0.12265,0.162075,0.093958,0.015,0.005627928835757,0.0041822719666068,0.122191721784807,"160117B",0.87,0.271841606536499
"160121A",3.8244,1.77,-11.17263073,0.079181246,0.798663,21.25883595,1.079181246,1.02,2.2054,-6.214670165,14.62603536,3.1329,124.82767742894,0.00626966971811252,0.637862587569,451.938105949012,1.16463216171811,1.0404,4.86378916,38.6221252597411,0.0862757376305275,0.0694,0.120385,0.106048,0.03,0.035597908,0.13,0.0723824139999999,"160121A",1.96,0.471291711058939
"160203A",3.66139836,1.93,-11.36754271,0.113943352,1.146279559,22.0158332,1.305351369,0.61,1.75592,-5.920818754,13.4058379506107,3.7249,129.221027263674,0.0129830874649959,1.31395682738123,484.696911490222,1.70394219655017,0.3721,3.0832550464,35.0560947177181,0.0695758261024457,0.08458679,0.087010427,0.0601909,0.25,0.036191207,0.2,0.133629071,"160203A",3.52,0.655138434811382
"160227A",4.47751,0.75,-10.99567863,-0.22184875,1.10229,21.4198963,2.500373714,0.679,1.72551,-5.508638306,20.0480958001,0.5625,120.904948534239,0.0492168678765625,1.2150432441,458.811957502754,6.25186870966215,0.461041,2.9773847601,30.3450959863305,0.103418641469029,0.03055,0.03885,0.03434,0.001,0.028018999,0.51,0.0723824140000001,"160227A",2.38,0.528916700277655
"160327A",3.76407,1.84,-11.22402567,0.255272505,1.49693,20.72655851,1.447158031,0.78,1.93554,-5.853871964,14.1682229649,3.3856,125.978752240819,0.065164051808975,2.2407994249,429.590227668453,2.0942663666878,0.6084,3.7463150916,34.2678169709052,0.143091047665439,0.0673,0.06033,0.1004,0.02,0.031021034,0.11,0.048254942,"160327A",4.99,0.777426822389311
"160804A",4.38419,1.4,-11.5214335,0.462397998,0.948229,21.30214687,2.15896526,0.92,1.87827,-4.943095149,19.2211219561,1.96,132.743429894922,0.213811908554408,0.899138236441,453.781461271051,4.66113099388687,0.8464,3.5278981929,24.4341896520673,0.057915224642575,0.05875,0.095375,0.070062,0.005,0.011428802,0.23,0.0449270149999999,"160804A",0.736,0.239549720840473
"161108A",4.69106,1.85,-11.81247928,-0.22184875,0.883711,21.16074757,2.021602716,0.84,2.00325,-5.958607315,22.0060439236,3.4225,139.534666740429,0.0492168678765625,0.780945131521,447.777237721261,4.08687754133858,0.7056,4.0130105625,35.5050011343715,0.0491496346156657,0.13355,0.18179,0.0812555,0.005,0.039481317,0.17,0.0723824140000001,"161108A",1.159,0.334252642334231
"161117A",4.08464,1.19,-10.74958,0.832508913,1.141,21.87736847,2.099335278,1.375,1.92624,-4.698970004,16.6842839296,1.4161,115.5534701764,0.693071090224441,1.301881,478.61925117215,4.40720860945534,1.890625,3.7104005376,22.0803190984918,0.00378540226960351,0.03835,0.04019,0.02365,0.674290141,0,0.12,0.019160051,"161117A",1.549,0.406369835469268
"161219B",4.0135,1.29,-10.13667714,0.72427587,0.871656,21.16590877,0.84135947,0.73,1.86204,-5.823908741,16.10818225,1.6641,102.752223440599,0.524575535864257,0.759784182336,447.995694059963,0.707885757758681,0.5329,3.4671929616,33.9179130234962,0.0495608716177928,0.0277,0.03841,0.008668,0,0.028952965,0.35,0.032776942,"161219B",0.1475,0.0597526942092988
"170202A",3.77629,1.68,-10.65364703,0.672097858,1.1958,21.7153121,1.664641976,1.04,1.99768,-5.48148606,14.2603661641,2.8224,113.500195039828,0.451715530728188,1.42993764,471.554779600406,2.77103290826118,1.0816,3.9907253824,30.0466894259743,0.10761765896651,0.04485,0.068655,0.059155,0,0.013160439,0.07,0.027720924,"170202A",3.645,0.666985718329661
"170405A",3.6300738,1.59,-10.31069114,-0.0335186812736592,1.81152426,21.3473520051778,2.216693599,0.612,1.8473,-5.431798276,13.1774357934464,2.5281,106.310351784474,0.00112350199432515,3.28162014456855,455.709437632969,4.91373051184757,0.374544,3.41251729,29.5044325111566,0.0933217274509788,0.048255345,0.035670699,0.072401387,0.0475,0.035213066,0.12,0.153952769308304,"170405A",3.51,0.65417654187796
"170519A",4.1513,1.94,-11.06348626,-0.15490196,1.37345,21.33992622,2.335257256,0.975,1.97351,-5.958607315,17.23329169,3.7636,122.400728225209,0.0239946172118416,1.8863649025,455.392451075043,5.45342645170065,0.950625,3.8947417201,35.5050011343715,0.0991498519285518,0.053,0.052235,0.066745,0.224423613,0.0789626329999999,0.26,0.0620420690000001,"170519A",0.818,0.259593878885949
"170531B",3.80257,1.95,-11.39577395,-0.096910013,1.02082,22.13069392,2.215187969,0.99,2.06685,-5.698970004,14.4595386049,3.8025,129.863663919499,0.00939155061966017,1.0420734724,489.767613380725,4.90705773800235,0.9801,4.2718689225,32.4782591064918,0.0233394026693868,0.08415,0.11435,0.107427,0.035,0.0434294479999999,0.14,0.10857362,"170531B",2.366,0.527114111639805
"170705A",3.63746,1.65,-10.18641901,1.1430148,0.774169,21.08891889,2.337059726,0.66,1.89159,-5.022276395,13.2311152516,2.7225,103.763132247289,1.30648283301904,0.599337640561,444.742499948999,5.4618481628912,0.4356,3.5781127281,25.2232601877742,0.0361306862803674,0.04055,0.06603,0.027333,0.005,0.013714563,0.05,0.012497683,"170705A",2.01,0.478566495593843
"170903A",4.41384,1.94,-11.26042766,0.591064607,0.971187,21.73970839,1.465382851,1.14,2.20256,-5.619788758,19.4819835456,3.7636,126.797231086093,0.349357369648064,0.943204188969,472.614920882236,2.14734690000489,1.2996,4.8512705536,31.5820256845432,0.0534696645518069,0.04095,0.065935,0.051271,0.005,0.0361912069999999,0.12,0.05567878,"170903A",0.886,0.27554168840131
"171222A",4.78231,2.07,-12.10957898,-0.15490196,0.718496,20.02880298,2.242541428,1.34,1.99001,-5.721246399,22.8704889361,4.2849,146.641903072858,0.0239946172118416,0.516236502016,401.152948811657,5.02899205629628,1.7956,3.9601398001,32.7326603580705,0.0563106258915239,0.20975,0.378455,0.126956,0.015,0.045715209,0.17,0.124084138,"171222A",2.409,0.532627001228891
"180205A",3.21372,2.04,-10.30627305,0.531478917,1.09633,21.4933967,1.190331698,1.03,1.88733,-6,10.3279962384,4.1616,106.219264181156,0.282469839215493,1.2019394689,461.966101703571,1.41688955126356,1.0609,3.5620145289,36,0.0875106835560367,0.06455,0.088815,0.042095,0.005,0.043429448,0.13,0.0383201009999999,"180205A",1.409,0.381836799998343
"180329B",4.02296,0.97,-11.14935376,0.146128036,1.50063,21.41988474,2.322219295,0.77,1.86768,-5.48148606,16.1842071616,0.9409,124.308089265626,0.0213534029052173,2.2518903969,458.811462274885,5.3927024540703,0.5929,3.4882285824,30.0466894259743,0.091090048181127,0.04825,0.04314,0.069665,0,0.039481317,0.56,0.124084138,"180329B",1.998,0.476831628512261
"180620B",4.6659,1.3,-10.98296666,0.556302501,1.09835,21.21643247,2.29841638,0.9,1.99236,-5,21.77062281,1.69,120.625556654672,0.309472472618855,1.2063727225,450.13700675407,5.2827178558523,0.81,3.9694983696,25,0.0599542916300528,0.0437,0.067125,0.059445,0.005,0.013028834,0.2,0.024127471,"180620B",1.1175,0.325823419002744
"180624A",4.171185481,1.91,-11.54363397,0.146128036,1.243849338,21.1034582,2.686993566,0.95,2.06008,-5.236572006,17.3987883169052,3.6481,133.255485233338,0.0213534029052173,1.54716117564304,445.355947999147,7.2199344237254,0.9025,4.2439296064,27.4216863740229,0.0343795484387942,0.088149935,0.099379055,0.123366444,0,0.022463508,0.1,0.062042069,"180624A",2.855,0.586024382386976
"180720B",3.62033,1.36,-8.847711656,1.831869774,1.34127,21.24271531,3.06444019010425,0.729,1.8461,-4.065501549,13.1067893089,1.8496,78.2820015477183,3.35574686889481,1.7990052129,451.252953741708,9.39079367872617,0.531441,3.40808521,16.5283028449214,0.00138098327707093,0.004975,0.00614,0.005375,0,0.00504993600000002,0.03,0.016629833,"180720B",0.654,0.218535505216528
"180728A",3.8695,1.97,-9.42365865,2.120573931,1.1986,21.58733599,0.938519725,0.8595,1.70111,-4.528708289,14.97303025,3.8809,88.8053423517198,4.49683379683679,1.43664196,466.013075145149,0.880819274214076,0.73874025,2.8937752321,20.5091987668573,0.0148761559757772,0.009885,0.014745,0.0091,0.042486494,0.008803267,0.03,0.009541318,"180728A",0.117,0.0480531731156091
"181010A",3.15711,1.52,-9.928117993,0.146128036,1.07011,22.27837171,1.214843848,1.115,1.76613,-6.161150909,9.9673435521,2.3104,98.5675268829304,0.0213534029052173,1.1451354121,496.325846048928,1.47584557502345,1.243225,3.1192151769,37.9597805234715,0.0580681587793652,0.034615,0.057805,0.033375,0.007041969,0.04405886,0.15,0.062042069,"181010A",1.39,0.378397900948138
"181020A",4.29043,1.25,-10.42365865,0.886490725,2.64643,20.65703194,2.376576957,1.228,1.93674,-5.091514981,18.4077895849,1.5625,108.65265965172,0.785865805511026,7.0035917449,426.71296857018,5.64811803254338,1.507984,3.7509618276,25.9235248017474,0.0211468897196027,0.1418,0.047555,0.091985,0.029531206,0.016084981,0.06,0.016920564,"181020A",2.938,0.595275711802099
"190114A",3.74534,2.06,-10.75202673,-0.301029996,1.18375,21.6447605,1.823474229,0.86,1.83214,-6.096910013,14.0275717156,4.2436,115.606078802635,0.09061905849176,1.4012640625,468.49565710236,3.32505826382714,0.7396,3.3567369796,37.1723117066197,0.0664080102705681,0.03365,0.042215,0.04616,0,0.0651441719999998,0.22,0.173717793,"190114A",3.3765,0.641126932803509
"190719C",4.88123,1.64,-11.257,0.740362689,1.55953,20.95382587,2.268811904,0.915,1.5415,-5.292429824,23.8264063129,2.6896,126.720049,0.548136911263311,2.4321338209,439.062818590281,5.14750745573211,0.837225,2.37622225,28.0098134419647,0.0226602223323686,0.2175,0.1943,0.21085,0.22,0.025546734,0.09,0.02368879,"190719C",2.469,0.54020429984206
"190829A",4.0838,2.56,-9.56068,1.255272505,1.03996,22.04910001,1.764922985,1.16,2.0913,-5.193820026,16.67742244,6.5536,91.4066020624,1.57570906180898,1.0815168016,486.162811250982,3.11495314298131,1.3456,4.37353569,26.9757664624786,0.0660733687520347,0.013585,0.01916,0.009675,0.075,0.047500959,0.21,0.065144172,"190829A",0.0785,0.0328201494385639
"191011A",3.15321333,1.94,-10.8132081,0.255272505,1.30602449,21.65033473,0.867467488,0.94,1.81479,-6.48148606,9.94275430448969,3.7636,116.925469413906,0.065164051808975,1.70569996847976,468.736993921044,0.75249984273703,0.8836,3.2934627441,42.0096615459743,0.0559978453284278,0.05719327,0.06597695,0.05756962,0.19,0.052641755,0.17,0.048254942,"191011A",1.722,0.434888120867316
"191221B",1.95518066,1.24,-8.11145684,0.681241237,1.15734724,21.99532933,1.681241237,1.39,1.843,-4.721246399,3.82273141323804,1.5376,65.7957320671828,0.46408962298929,1.33945263393562,483.794512335158,2.82657209698929,1.9321,3.396649,22.2901675600705,0.14476482742628,0.06184721,0.05366691,0.00551831,0.175,0.022857604,0.05,0.063334612,"191221B",1.148,0.332034277027518
"200205B",4.53640048,1.36,-11.7337376,0.301029996,1.56884903,21.45692297,2.660865478,0.516,1.90881,-5.26760624,20.5789293149442,1.8496,137.680598065654,0.09061905849176,2.46128727893194,460.399543340514,7.08020509201217,0.266256,3.6435556161,27.7476754996869,0.0051064352834946,0.10035241,0.08886983,0.19267266,0.18,0.016084981,0.22,0.0434294480000001,"200205B",1.465,0.391816923613249
"200829A",2.97975,0.83,-8.6381,1.994317153,1.29833,21.08966848,1.115277591,0.64,1.88219,-4.292429824,8.8789100625,0.6889,74.61677161,3.97730090675002,1.6856607889,444.774116596306,1.24384410498676,0.4096,3.5426391961,18.4249537939647,0.0969169435192129,0.00955,0.00926,0.00866,0.0195,0.008515578,0.03,0.007040235,"200829A",1.25,0.352182518111362
"201104B",2.72159651,1.47,-9.38944702,0.612783857,1.19537497,21.73058526,0.937517892,0.605,1.55046,-5.744727495,7.40708756324418,2.1609,88.1617153413869,0.375504055399796,1.4289213189025,472.218335742129,0.878939797820124,0.366025,2.4039262116,33.001893991809,0.00811616012140756,0.02110237,0.02972805,0.02348264,0.175,0.024127471,0.07,0.031777645,"201104B",1.954,0.470410490975931
"210210A",3.72413045,1.53,-10.1403778,0.84509804,1.5451851,21.12319546,0.819543936,0.965,1.85188,-6.008773924,13.8691476086172,2.3409,102.827261926733,0.714190697211842,2.38759699326201,446.189386441365,0.671652263034372,0.931225,3.4294595344,36.1053640697424,0.038778433249538,0.05799791,0.08857348,0.10645081,0.15,0.035452611,0.58,0.031021034,"210210A",0.715,0.234264124378789
"210411C",2.93128506,1.6,-9.72925773,0.681241237,1.16829405,21.05996459,1.10720997,1.21,1.88408,-5.920818754,8.5924321029792,2.56,94.6584559767648,0.46408962298929,1.3649109872654,443.522108532054,1.2259139176674,1.4641,3.5497574464,35.0560947177181,0.0202577864729536,0.05048963,0.05901459,0.03209979,0.14,0.036191207,0.4,0.027143405,"210411C",2.826,0.582744965691277
"210517A",3.057651,1.85,-10.8415194,0.176091259,1.21043545,21.15768338,0.485721426,0.66,1.71079,-6.823908741,9.349229637801,3.4225,117.538542900576,0.0310081314962051,1.4651539786167,447.647566008328,0.235925303675473,0.4356,2.9268024241,46.5657305054962,0.199990220376636,0.25872455,0.32132806,0.08060357,0.22,0.0868588960000001,0.25,0.0579059310000001,"210517A",2.486,0.542327382773974
"210610B",2.89514,0.98,-9.19036,1.130333768,1.05139,21.03780485,1.841234296,0.78,1.91684,-4.443697499,8.3818356196,0.9604,84.4627169296,1.27765442708108,1.1054209321,442.589232906684,3.39014373276662,0.6084,3.6742755856,19.7464474626189,0.015836913202155,0.0226,0.02831,0.01291,0.029,0.012063736,0.11,0.022518973,"210610B",1.13,0.328379603438738
"210619B",2.91049117,1.41,-8.55006175,2.06069784,1.12578835,21.83430305,1.784617293,0.745,1.92306,-4.022276395,8.47095885064797,1.9881,73.103555928813,4.24647558778067,1.26739940899572,476.736789679239,3.18485888247465,0.555025,3.6981597636,16.1787073977742,0.00197833385726092,0.01027813,0.01099582,0.00437126,0.07,0.00457152099999999,0.02,0.00830824199999999,"210619B",1.937,0.4679039465228
"210722A",3.6504,1.62,-10.3507,0.342422681,1.43908,20.54058972,1.700703717,0.81,1.83712,-5.602059991,13.32542016,2.6244,107.13699049,0.117253292463228,2.0709512464,421.91582604537,2.89239313301762,0.6561,3.3750098944,31.3830761427629,0.0911698774157967,0.0364819,0.0395981,0.048071,0.09,0.034743559,0.14,0.098703291,"210722A",1.145,0.331427296520743
"210822A",2.4985,1.3,-8.20842,1.442479769,1.267456,21.53322281,2.257198426,0.77,1.70788,-4.698970004,6.24250225,1.69,67.3781588964,2.08074788397429,1.606444711936,463.679684585104,5.09494473433688,0.5929,2.9168540944,22.0803190984918,0.102616483810065,0.017735,0.01621,0.008455,0.026,0.00868588999999999,0.4,0.010974951,"210822A",1.736,0.437116093048079
"211024B",3.43921565,1.63,-8.56429146,-0.045757491,1.92622006,20.98677173,2.780677274,1.07,2.08,-5.167491087,11.8282042872049,2.6569,73.3470882118289,0.00209374798261508,3.7103237195464,440.444587647127,7.73216610214007,1.1449,4.3264,26.7029641342244,0.014863865494915,0.01916437,0.01167528,0.00965772,0.055,0.019160051,0.09,0.0965098849999999,"211024B",1.1137,0.325043347403704
"220117A",3.43803362,1.84,-10.1070569,0.278753601,1.68612083,21.99532933,1.697316542,1.2,1.78537,-5.795880017,11.8200751722503,3.3856,102.152599179838,0.0777035700704672,2.84300345335989,483.794512335158,2.88088344374684,1.44,3.1875460369,33.5922251714599,0.0299157959274313,0.05084186,0.04500955,0.06200239,0.55,0.0542868100000001,0.18,0.091430417,"220117A",4.961,0.775319121829478
"230116D",3.79761,1.38,-11.1278,-0.22184875,1.57289,21.0358011885645,1.612783857,0.84,1.76412,-6.090443971,14.4218417121,1.9044,123.82793284,0.0492168678765625,2.4739829521,442.504931644812,2.6010717693998,0.7056,3.1121193744,37.0935077638903,0.118428290656009,0.1014,0.13824,0.23491,0.22,0.064181451,0.22,0.144764827,"230116D",3.81,0.682145076373832
"230325A",3.7823081,1.82,-10.9066853,0.51851394,0.931411844,22.22918251,1.580354661,1.025,2.0855,-5.886056648,14.3058545633256,3.3124,118.955784233236,0.268856705974324,0.86752802314348,494.13655506289,2.49752085454443,1.050625,4.34931025,34.645662863465,0.131947893505177,0.1875455,0.20042492,0.05714513,0.18,0.0668145360000001,0.18,0.0526417549999999,"230325A",1.664,0.425534220498263
"230506C",4.25859,1.89,-11.4531,0.380211242,1.14181,20.96124782,1.491361694,1.11,2.08995,-5.769551079,18.1355887881,3.5721,131.17349961,0.144560588543183,1.3037300761,439.373910171455,2.22415970233055,1.2321,4.3678910025,33.2877196531901,0.0886038540296678,0.1023,0.11841,0.11299,0.29,0.051093469,0.17,0.0904780169999999,"230506C",3.7,0.672097857935718
"230818A",3.9564,1.36,-11.0883,0.826074803,1.39195,21.31377445,0.992111488,1.02,2.00403,-5.721246399,15.65310096,1.8496,122.95039689,0.682399580151489,1.9375248025,454.276981305473,0.984285204621574,1.0404,4.0161362409,32.7326603580705,0.0552798328138297,0.2044,0.12794,0.19715,0.29,0.022857604,0.1,0.032410036,"230818A",2.42,0.534026106056135
"231210B",3.24045,1.08,-10.048,0.591064607,1.60174,21.82763844,0.873320602,0.84,1.66432281,-5.853871964,10.5005162025,1.1664,100.962304,0.349357369648064,2.5655710276,476.445799867366,0.762688873877642,0.7056,2.7699704158863,34.2678169709052,0.037615599688349,0.05243,0.04808,0.060675,0.362,0.0620420689999999,0.19,0.077950292,"231210B",3.13,0.615950051656401
"100219A",3.5550745491874,1.56510192094066,-10.9334393435974,0.243835233588472,1.53357463379648,20.5234188661044,1.274157849,0.942114320896965,1.98150118200638,-5.89881797615612,12.63855505028,2.44954402293214,119.540095880124,0.0594556211391447,2.35185115742401,421.21072195357,1.62347822416831,0.88757939363915,3.92634693429268,34.7960535158226,0.119457709009036,0.822151956287133,0.641482520744618,0.293124676071266,0.208586164642881,0.41730744430911,0.391684340429483,0.499763962626686,"100219A",4.67,0.753583058892907
"100508A",3.8328814755778,1.71933626053521,-10.8612914243937,0.303682471670433,1.16053591955701,20.9398651420573,1.716003344,0.869609100140076,2.00971050945629,-5.63002418960548,14.6909804058275,2.9561171767912,117.967651405608,0.0922230435998633,1.34684362058203,438.477952167546,2.94466747661918,0.756219987046433,4.03893633181906,31.6971723755428,0.043188556271497,0.796620830265322,0.607234309860418,0.308882747368254,0.212233474672427,0.420704398501257,0.354754805907952,0.517205423757709,"100508A",0.5201,0.181872159010334
"101225A",4.30533837026906,1.73633052170745,-11.4453444190571,0.312053096062571,1.06841621588844,21.0144589014828,3.036628895,0.884844013925587,2.02809112311553,-5.79804115477391,18.535938482511,3.01484368061287,130.995908870842,0.0973771347622362,1.14151321037337,441.60748292211,9.22111504594892,0.782948928979944,4.11315360366001,33.617281232452,0.00206415894290363,0.82410854545242,0.662357828439583,0.285695253257142,0.200375461263254,0.549107990425169,0.37041477486358,0.424150434387323,"101225A",0.33,0.123851640967086
"110205A",4.12447667765623,1.59685508032815,-10.9414959935364,0.260779723088533,1.66548696307048,20.1786351647484,2.409933123,0.895777934730225,1.98721347519301,-5.64023684232219,17.0113078645302,2.54994614756982,119.716334576573,0.0680060639741319,2.77384682415773,407.177317112021,5.80777765733253,0.802418108349547,3.94901739598868,31.8122716374886,0.00873854058256627,0.754318547138539,0.581541943084264,0.29068528294933,0.207689479656747,0.437844918636249,0.366973821230822,0.401042626735245,"110205A",2.21,0.506505032404872
"110801A",3.79945122167876,1.49056085100504,-10.4137429727986,0.609967050212336,1.50053150005181,21.1778087490342,2.58546073,0.936567812898905,1.96208883408776,-5.45420627537303,14.4358295859162,2.22177165054887,108.446042703512,0.372059802344738,2.25159478264773,448.499583410669,6.68460718637213,0.877159268158238,3.84979259285187,29.7483660943185,0.00583325954666165,0.798224989661218,0.594043641633318,0.282593371513314,0.206518476204361,0.52583747377349,0.303703774582429,0.478678027215528,"110801A",1.858,0.456062224454951
"111107A",3.51009002092789,1.77642796901759,-10.7456500455475,0.321079188573989,1.08283531471763,21.0358011885645,1.424881637,0.915132186757025,2.02047176910533,-5.81409237992745,12.3207319550176,3.15569632910796,115.468994901375,0.103091845335331,1.17253231879963,442.504931644812,2.0302876794598,0.837466919238695,4.08230616975162,33.8036702023304,0.0844287566202461,0.795220945221138,0.61484531367953,0.280521103009922,0.195759763064699,0.400888965929371,0.444729432140142,0.410514951573167,"111107A",2.893,0.590284403718162
"011211A",4.230517003406,1.66586067504588,-11.1556017679022,0.204019645011823,1.70514534884549,21.45079548,2.431363764,0.872784899366723,1.99400402522466,-5.72796444754908,17.8972741161073,2.77509178866431,124.447450804023,0.0416240155507503,2.90752066068941,460.136626724788,5.91152975289225,0.761753480562581,3.97605205261215,32.8095767123862,0.00831779603269816,0.809873988821759,0.603392395305161,0.273896198207744,0.186034126725646,0.413839725745241,0.4123602694689,0.329469980601932,"011211A",2.14,0.496929648073215
"120119A",3.60478989503004,1.50697333094453,-10.5100924659545,0.503369746007798,1.45932907066163,21.015403386443,2.404491618,0.924798509238243,1.97024763804173,-5.64086524369675,12.9945101873107,2.27096862017805,110.462043642914,0.253381101195955,2.12964133647814,441.64717949492,5.78157994103226,0.855252282689277,3.88187575520902,31.819360697546,0.00884871917556533,0.782521865319912,0.609775585931412,0.288597001845839,0.212987778020553,0.481803578189449,0.351236931803088,0.49594685586243,"120119A",3.1,0.612783856719735
"120711A",3.94868708395473,1.67554267701902,-10.9060212482064,0.289068326348141,1.26456792636399,20.9110115201011,2.06069784,0.883697489430178,2.0040719164319,-5.60614840987717,15.5921296869909,2.80744326251206,118.941299466329,0.0835604972977153,1.59913204038852,437.270402793801,4.24647558778067,0.7809212528252,4.01630424623103,31.4288999935683,0.0195287385203038,0.817157200618843,0.598893967856559,0.291497156350018,0.192291957810839,0.4400165559518,0.342936871160074,0.530807259328998,"120711A",1.405,0.381115080709851
"120815A",3.49974291621967,1.77021473426956,-10.6405737471681,0.374146714570648,1.05434694614828,21.1455676191977,0.986771734,0.905105920688666,2.0138963388086,-5.79187846492729,12.2482004796298,3.13366020542505,113.221809668923,0.13998576402401,1.1116474828522,447.135029938062,0.973718455021367,0.819216727665678,4.05577846346668,33.5458561524885,0.231526281379706,0.803771857728396,0.61759060465579,0.262851365024431,0.194151734967598,0.404724338009469,0.462500517597972,0.408670809470602,"120815A",2.36,0.526339277389844
"121217A",3.62635592511988,1.75674152537263,-10.6318676827102,0.386673769048029,1.11033568408378,21.1673756496841,2.890979597,0.909985911496193,2.01230681700028,-5.70510357241967,13.1504572956521,3.08614078696855,113.036610422658,0.149516603669808,1.2328453313498,448.057791894839,8.35776303027028,0.828074359121557,4.0493787257458,32.5482067720357,0.00288663872487537,0.772543233003998,0.608955613987584,0.284653402473555,0.197166543651574,0.416577219784548,0.406340353543453,0.459673561004586,"121217A",3.1,0.612783856719735
"130215A",4.47566872912981,1.80798481241831,-11.228179355626,0.268958633189554,1.75651920397818,20.9258949198963,1.81756537,0.917729069050746,1.98680549729582,-5.80883913807627,20.0316105729104,3.26880908193527,126.072011642106,0.072338746367193,3.08535971394414,437.893078198542,3.30354387422324,0.842226644180749,3.94739608408489,33.7426121320467,0.0341827233748845,0.80102769884649,0.604706718140506,0.377133530081475,0.195427526178432,0.542590584451013,0.385300830248446,0.309379881324998,"130215A",0.6,0.204119982655925
"130427A",3.95079661430382,1.52638750636592,-10.1973351685941,0.817775383599678,1.35409362082739,21.4438740536645,2.211734423,0.901404152249152,1.9460619074991,-5.23180027442939,15.6087938875945,2.32985881958997,103.985644540646,0.668756578021601,1.83356953396543,459.839734429426,4.89176915788314,0.812529445692012,3.78715694781904,27.3717341115194,0.0137923289772479,0.823208209661506,0.615892584134049,0.285559024763179,0.196880473119962,0.506039611049654,0.299018934582527,0.525551630630666,"130427A",0.34,0.127104798364808
"140801A",3.87093375875993,1.73353914007396,-10.8898438335152,0.323143861790352,1.16276287374139,20.9340641101778,0.84509804,0.899465591105711,2.0218492389769,-5.63420113302579,14.9841281647073,3.00515795016836,118.588698718349,0.104421955412782,1.35201750055134,438.235040169034,0.714190697211842,0.809038349583146,4.08787434515147,31.7442224073891,0.320829275440011,0.777590705099899,0.596124798452059,0.268427202917427,0.197079706400395,0.42530980407443,0.348436390344305,0.496957512130509,"140801A",1.32,0.3654879848909
"140907A",3.86888301641837,1.72043636224047,-10.6675502245585,0.429414324566603,1.19695792520182,21.2097211356434,1.898725182,0.932791245404936,2.02030270730718,-5.56266812290465,14.9682557947305,2.95990127651922,113.796627793478,0.184396662142992,1.43270827470345,449.852270651758,3.60515731676093,0.870099507504091,4.08162302915272,30.9432766455795,0.0283561228015601,0.779614455981657,0.626351214038264,0.282820408006585,0.196499674101842,0.436324934528227,0.344206908089495,0.498317155107226,"140907A",1.21,0.344392273685111
"141221A",3.40655032988471,1.4751092443253,-10.2134759676048,0.686403491103087,1.33687036320959,21.3337533034989,1.567026366,0.864392906044507,1.94208334166005,-5.50882880128303,11.6045851500376,2.17594728269396,104.315091340841,0.471149752598506,1.78722236802814,455.12903001455,2.45557163173917,0.747175096020068,3.77168770595347,30.3471947618454,0.0608619221904846,0.801513827503022,0.613619986977102,0.266627710054679,0.213030184448872,0.515342563764595,0.354168343763921,0.459158420298909,"141221A",1.45,0.389166084364532
"150910A",3.42956686333961,1.44349838394679,-10.0519667160358,0.796470159801485,1.35641845691502,21.4099453200338,2.049992857,0.884878966906934,1.93173107254686,-5.35877090932878,11.7619288701171,2.08368758445699,101.042034860292,0.634364715454203,1.83987103025972,458.385758606837,4.20247071375102,0.783010786074283,3.73158493664304,28.7164256586684,0.0200160866986934,0.788330575104645,0.615730247334606,0.275473546181531,0.197619933030904,0.535704845009384,0.321352033674879,0.437379813380613,"150910A",1.3585,0.372635880581721
"160131A",3.75232338430684,1.47216399967136,-10.1331485075194,0.803246847465194,1.36119162004146,21.4010765393529,2.511883361,0.920889072829207,1.94009951929624,-5.29244622866499,14.0799307804159,2.16726684192838,102.680698675443,0.645205497962773,1.85284262647109,458.006077043241,6.30955801926866,0.848036684456236,3.7639861447735,28.0099870833103,0.00691016900891419,0.822297024770114,0.620714482357302,0.267906116331233,0.205718973695338,0.519682741482623,0.2961569228728,0.477805780816116,"160131A",0.972,0.294906910605192
"160314A",3.37291088267816,1.77863610829784,-10.7213559479983,0.327905146376927,1.03871216515792,20.9248920685539,0.941014244,0.924658119768825,2.02254960118935,-5.90788400627894,11.3765278224888,3.16354640574089,114.947473363679,0.107521785020474,1.07892296204705,437.85110808063,0.885507807410892,0.854992638454419,4.0907068892712,34.9030934316465,0.257251423423117,0.755460895452024,0.650017060181139,0.287405364383067,0.190095211680571,0.405090792070977,0.536522521449087,0.358569406699559,"160314A",0.726,0.237040791379191
"160425A",3.66402376624325,1.7606195595803,-10.6884625623508,0.378447639010136,1.18190609882058,21.1346103386743,2.483701382,0.975065476344945,2.03194647835481,-5.71972707823862,13.4250701595954,3.09978123357673,114.243231946775,0.143222615472346,1.39690202642928,446.671754167599,6.16877255494871,0.950752683159795,4.12880649089851,32.7152778495361,0.00737344845282604,0.772881918763161,0.610379423568307,0.27999309900213,0.207812103652522,0.434596675616243,0.368053391968816,0.440551327855637,"160425A",0.555,0.191730393362856
"161014A",3.76286926224575,1.62213716063174,-10.8243351164,0.260990496892238,1.3889077727368,20.6422770410439,1.26245109,0.915640869741086,1.98518263271791,-5.69691768597308,14.1591850847539,2.6313289679024,117.16623071213,0.0681160394680573,1.9290648011687,426.103601439208,1.59378275464219,0.838398202340213,3.94095008524481,32.4548711207529,0.1227215806892,0.763636781037765,0.620420617975041,0.280769237615468,0.195230833000052,0.442914530186584,0.351361618036358,0.556737477407713,"161014A",2.823,0.582404298019028
"161023A",3.98560092947136,1.57596551428326,-10.4650002988299,0.572627259715329,1.39183974218314,21.2058405389751,1.643452676,0.892301882712798,1.9702009510849,-5.38743960957522,15.885014769003,2.4836673022101,109.51623125451,0.327901978569087,1.93721786792043,449.68767296444,2.70093669825156,0.796202649892804,3.88169178765584,29.02450554682,0.0510410211481933,0.777410589726627,0.638631321064819,0.272088363879232,0.191308852484248,0.495672965321211,0.311932173275816,0.565104697016233,"161023A",2.71,0.569373909615046
"170113A",3.76680133950169,1.69771655318585,-10.7421911628546,0.335141498865158,1.25498217765659,20.977989765228,1.315130317,0.914479273982707,2.00438910140838,-5.64322531743816,14.1887923312717,2.88224149496124,115.394670979311,0.112319824261585,1.57498026623568,440.076054590011,1.72956775069252,0.836272342543939,4.01757566984469,31.845991983375,0.108703045932032,0.73466578885982,0.616179213557235,0.257728222149647,0.18946727365802,0.437795663707598,0.352130051687496,0.534016049210385,"170113A",1.968,0.472463896606989
"170607A",3.8826082802534,1.65008344496116,-10.4119099297195,0.605441253759527,1.21254328168375,21.3785061698623,1.361727836,0.919467460899354,1.99066464114436,-5.42642914339134,15.0746470578923,2.72277537533489,108.407868384592,0.366559111753908,1.4702612099564,457.04052605484,1.85430269933724,0.845420411652705,3.9627457135024,29.4461332482469,0.0976436925259709,0.785961061671918,0.610410681958188,0.279276240543408,0.208943722217232,0.45897471491932,0.345069276943719,0.527440878433891,"170607A",0.557,0.19228861256812
"180115A",3.48681361736081,1.635852964579,-10.336360564531,0.595033889003879,1.20963652693163,21.2483082055301,1.611723308,0.923859333156446,1.97064693172558,-5.61150724572547,12.1578692022128,2.6760149217219,106.840349719992,0.354065329063081,1.46322052728722,451.490601597198,2.59765202155046,0.853516067460273,3.88344932951944,31.4890135688294,0.0549096559424039,0.764380199711754,0.623203238679162,0.269951350521256,0.203752609182255,0.481950690728455,0.39541563113198,0.470388385162561,"180115A",2.487,0.542451947375977
"180325A",3.75219624032856,1.6028302931638,-10.7837875026657,0.297312217398811,1.42522451873374,20.6854455894526,1.973589623,0.930163512524357,1.98532000640701,-5.69723196515733,14.0789766259358,2.56906494868355,116.290072902649,0.0883945546145978,2.03126492879982,427.887659234204,3.89505600001328,0.86520416003165,3.94149552783993,32.4584520648105,0.0238661522870964,0.812245962412652,0.600863285955832,0.283581660015697,0.211017473918601,0.453872772347424,0.351123819544268,0.546725718459129,"180325A",2.248,0.511616020569138
"181201A",4.07213208802757,1.60685744833576,-10.3393308594863,0.732128329119708,1.30637263791841,21.4510368954044,1.283301229,0.880600729829293,1.96944551286205,-5.26409226565475,16.5822597423438,2.58199085927211,106.901762621926,0.536011890299615,1.7066094691019,460.146983888001,1.64686204435291,0.775457645375884,3.87871562813246,27.7106673813262,0.116969006587154,0.790195011305888,0.593146075195411,0.282124910737301,0.204768947327362,0.485741334240599,0.309247345671209,0.573335145772255,"181201A",0.45,0.161368002234975
"200613A",4.2748501791616,1.71638469523034,-10.800895630958,0.455739730103544,1.17249219086114,21.4404689873893,2.580924976,0.921245242046176,2.03892480281455,-5.4649776239435,18.274344054278,2.94597642202095,116.659346430848,0.207698701594851,1.37473793763036,459.693710399202,6.6611737317406,0.848692795992717,4.15721435153235,29.8659804302031,0.00589450111897357,0.796061372728431,0.635956958001147,0.284198757018858,0.201447598680721,0.477301908568963,0.340816562003726,0.453677686006039,"200613A",1.2255,0.347427598618541
"201014A",4.12551519286497,1.70483828291443,-11.2208770880878,0.279603069965214,1.25332021979061,20.9668547819076,1.558708571,0.909959737529345,2.02584171012819,-5.70389764401006,17.0198756065597,2.90647357089062,125.908082625974,0.0781778767339724,1.57081157333598,439.608999445602,2.42957240930886,0.828026723924474,4.10403463449511,32.5344483333435,0.0620388100992343,0.867820460197347,0.597736241555835,0.290538120150241,0.195118585776804,0.477605562387674,0.361438697562178,0.444844354618843,"201014A",4.56,0.745074791582057
"201015A",3.86290782658855,1.77513338112545,-10.8744534301265,0.349372627122613,0.97710747153225,20.7256961841016,0.990338855,0.931358189666251,2.05288387817727,-5.71192158333535,14.9220568767191,3.15109852078587,118.25373740399,0.122061232582556,0.954739010924147,429.554482315684,0.980771047722711,0.867428077458396,4.21433221728015,32.6260481741722,0.229632405614316,0.782303351908868,0.594100997396298,0.281264883908167,0.20598682969823,0.369570400696934,0.38132694010031,0.38934078065675,"201015A",0.426,0.154119525515847
"201020A",3.74523813589335,1.74528703254378,-10.4939558343666,0.487114699081779,1.0801678478918,21.3129865833495,1.15136985,0.928397219905648,2.01341914754817,-5.60393571389193,14.0268086945499,3.04602682596547,110.123109053637,0.237280730061532,1.1667625796192,454.243397102036,1.32565253148902,0.861921397928536,4.0538566637136,31.4040954854335,0.15849011498137,0.836007515371256,0.58473935372231,0.271068695646534,0.204181258398446,0.425870628100846,0.394129847050153,0.458934622834503,"201020A",2.903,0.591398551281249
"201021C",3.39860279969865,1.55677320237026,-10.1703163878534,0.720496520743581,1.23328174600482,21.3403271524632,1.387033701,0.892993537035123,1.94753525556824,-5.50575583696377,11.5505009901195,2.42354280361815,103.435335429039,0.519115236403605,1.5209838650287,455.409562974158,1.92386248770976,0.7974374571865,3.79289357168125,30.3133473362606,0.0921166911183962,0.800870781276215,0.625636889312602,0.283176699822987,0.198882689246876,0.505309696995371,0.366108751005032,0.449738749728422,"201021C",1.07,0.315970345456918
"020124A",3.94319258244172,1.55760839963394,-10.8083317784885,0.356030427853048,1.66736924582972,20.6826217195379,1.661907293,0.94988322427092,1.98829476795623,-5.59905237528228,15.5487677422234,2.4261439266102,116.820035833884,0.126757665557224,2.78012020193877,427.770841193501,2.76193585052659,0.902278139751319,3.95331608428212,31.3493875011541,0.0489175544934962,0.827047190487285,0.592048087087502,0.274868399287968,0.205480516542842,0.48231549908365,0.333316552553453,0.449722319763073,"020124A",3.198,0.623042434246382
"021004A",4.32702575418751,1.66303780808451,-10.856477514141,0.351229203537845,1.3506804889308,21.277281242286,2,0.896534889857964,2.01576557658271,-5.55033276614049,18.723151877402,2.76569475111853,117.863104015049,0.123361953417829,1.82433778317834,452.722697063336,4,0.803774808732632,4.06331085973583,30.8061938148927,0.0224580492800636,0.773255876815631,0.621071583214842,0.272050608772837,0.204755347330682,0.511510503964011,0.341350693751726,0.457569090353398,"021004A",2.34,0.523746466811564
"210204A",3.99163391245165,1.65586716500936,-10.5010192525423,0.561442967213425,1.25751522589486,21.3539396112845,2.301029996,0.903338857950866,1.99575985549209,-5.40621653015694,15.9331412910341,2.74189606815613,110.271405342264,0.315218205433415,1.5813445433574,455.990736922385,5.29473904249176,0.816021092283975,3.98305740079381,29.2271771709421,0.0112290246313437,0.774439121700677,0.622892435985763,0.265486834299161,0.20016320343651,0.461182532733293,0.326525793138785,0.549431368651935,"210204A",0.876,0.273232834043046
"030226A",4.14553232498341,1.62492902535046,-10.9084487632826,0.293984968063347,1.74785148911539,20.38794823133,1.344195716,0.881417829667745,1.99712835458822,-5.60917750488444,17.1854382574824,2.6403943374264,118.994254421162,0.0864271614472072,3.05498482800289,415.668433083392,1.80686212291275,0.776897390456198,3.98852166470025,31.4628722813016,0.101666135235017,0.796726187310422,0.57640877385438,0.286535165213746,0.203072034957873,0.450101557984631,0.335337194714542,0.39037683082704,"030226A",1.99,0.47567118832443
"030329A",4.36999839800859,1.62174950394312,-10.3864851345367,0.683483699153298,1.45313390700951,21.5106627111821,1.798650645,0.870977015678142,1.97771777781731,-5.25624229201399,19.0968859985976,2.63007145353976,107.879073449952,0.467149967008276,2.11159815170072,462.70861027424,3.23514414275892,0.758600961839602,3.91136760869464,27.6280830323565,0.0357043709111115,0.806815745268984,0.616913898019911,0.281048951948844,0.200747345347066,0.602346754595391,0.293112866851771,0.594487688357918,"030329A",0.17,0.0681858617461616
"050502B",3.63036368965925,1.6276714739591,-10.7626910741881,0.286572990813299,1.37475540759348,20.7194286066921,1.243038049,0.917993764257099,1.98523544804495,-5.75492138161823,13.1795405191963,2.64931442714019,115.835519158408,0.0821240790636792,1.88995243070752,429.294721787811,1.54514359126173,0.842712551214918,3.94115978417423,33.1191201086067,0.128331710079093,0.783015873026614,0.577971324520002,0.285255518020958,0.210846063042181,0.441390161571842,0.37202597067973,0.549139868000447,"050502B",3.793,0.680607428991788
"050502A",3.70981794510099,1.58509208802492,-10.7362101463867,0.305836073203199,1.41991981222155,20.6477978482795,1.301029996,0.911423283849173,1.97708096154661,-5.69485610403158,13.7627491857933,2.5125169275192,115.266208307377,0.0935357036723525,2.01617227313928,426.331555983416,1.69267905049176,0.83069240234241,3.90884912851007,32.4313860456258,0.112290246313437,0.770241993309833,0.606444429320719,0.270902966661056,0.196238337183941,0.446774410855378,0.356368564258471,0.561174736136998,"050502A",3.79,0.680335513414563
"050525A",3.5661995948462,1.59780415853307,-10.3844677348636,0.56579031255799,1.24726817349991,21.2159787615572,0.944482672,0.887527848075075,1.96646442981349,-5.57391586263388,12.7177795502812,2.55297812902557,107.837170136423,0.320118677784468,1.5556778966258,450.117754810846,0.89204751770826,0.787705681108773,3.86698235372169,31.0685380437216,0.255205105543512,0.787492769458897,0.60042962486481,0.272766923922609,0.196065926987861,0.474435972807059,0.381328290979584,0.51549433147304,"050525A",0.61,0.20682587603185
"050603A",3.95572119646738,1.52334985566506,-10.4820759778086,0.590851235432155,1.63424587879425,21.1012161774801,1.322219295,0.90833347764695,1.96680892309155,-5.35646856085177,15.6477301841813,2.32059478275476,109.873916804552,0.349105182411704,2.67075959235599,445.261324168748,1.7482638640703,0.825069706614202,3.86833733995254,28.6917554433934,0.106943091744305,0.781305482286903,0.578619876650054,0.289815312423011,0.201801983276413,0.542935945838984,0.294699868877467,0.464511996711811,"050603A",2.82,0.582063362911709
"050801A",3.35698976137229,1.51403801218862,-10.121843348776,0.745164560133873,1.31019462141209,21.3473520051778,1.28780173,0.91781272340908,1.94502848095143,-5.45941516072713,11.2693802579584,2.29231110235207,102.451712777161,0.555270221679508,1.71660994597717,455.709437632969,1.65843329579099,0.842380195251592,3.78313579171223,29.8052138971772,0.115763140600286,0.769065603510117,0.613550566909707,0.275011453778411,0.20181650093352,0.512047574795226,0.347292857939853,0.423249171999089,"050801A",1.56,0.40823996531185
"050904A",4.34819637148309,1.74662821901123,-11.4141427314807,0.24644138044969,1.86582572424239,20.2571345873532,2.259044094,0.926554085547202,2.02133275481043,-5.79470185728787,18.9068116849787,3.05071013544634,130.282654294614,0.0607333539979488,3.48130563324464,410.351501690141,5.10328021863628,0.858502473444212,4.08578610566952,33.5785696148555,0.0123688105183115,0.878640498443869,0.616789116525615,0.291521574494943,0.210993899275735,0.444571784080248,0.345093713004454,0.333494319874359,"050904A",6.295,0.86302529622947
"050908A",3.52620642563177,1.80207705024189,-10.7987875402066,0.303694652849644,1.12886369581263,20.9258949198963,1.239799818,0.988397344695032,2.04754436739843,-5.85168167008854,12.4341317561668,3.24748169500851,116.613812338521,0.0922304421694658,1.27433324372375,437.893078198542,1.53710358871283,0.97692931100019,4.19243793646504,34.2421783680502,0.129292166397143,0.793120118461833,0.648863903961896,0.279105249806342,0.220475336596593,0.41601151255,0.399858344281426,0.380240575959778,"050908A",3.34,0.637489729512511
"051028A",3.78929851504016,1.73357202605197,-10.9208140571457,0.290114432677252,1.22617340379997,20.8694584783216,1.204119983,0.934325012549839,2.02325848377648,-5.69996633513857,14.3587832360856,3.00527196950993,119.264179670751,0.0841663840476438,1.5035012161864,435.534297178389,1.44990493345992,0.872963229076257,4.0935748921735,32.489616221713,0.140362807889193,0.767005469333688,0.668055659117682,0.292946021139731,0.203493319236534,0.438758741045917,0.346311350047795,0.499191255472037,"051028A",3.6,0.662757831681574
"051111A",3.36870224701627,1.52586652627018,-9.99915091150366,0.825929716984722,1.23032638259351,21.4017521104829,1.776555911,0.896712722568867,1.93441196620274,-5.3809967461254,11.3481548290525,2.32826865599183,99.9830189510245,0.682159897398463,1.51370300770563,458.034993398559,3.15615090490904,0.80409370681687,3.74194965498835,28.9551259818121,0.0375678308208745,0.841670064359969,0.592177227843515,0.274979853078917,0.201523011414935,0.518568819640393,0.333438329016482,0.425553877511182,"051111A",1.55,0.406540180433955
"060512A",3.64897866076983,1.75022607192048,-10.6758325451871,0.365849999687287,1.10954659990307,21.1394280440868,0.92890769,0.892770570057967,2.01100592369279,-5.69482330346564,13.3150452667536,3.06329130283019,113.973400532876,0.133846222271188,1.23109365735646,446.875418031123,0.862869496541136,0.797039290761627,4.04414482512749,32.4310124576953,0.264523548794802,0.793423562686926,0.610439681840417,0.288936716080171,0.208274777232724,0.412461830601374,0.400775863097783,0.471394666049578,"060512A",0.44,0.15836249209525
"060607A",3.62054379973058,1.55084046691831,-10.4188106089101,0.550051986714772,1.33679614564696,21.1327623594834,2.009450896,0.904692753092901,1.96558442175304,-5.56383787295847,13.1083374057675,2.4051061538314,108.551614504338,0.302557188088868,1.78702393501657,446.593644942398,4.0378929034352,0.818468977498813,3.86352211903823,30.956291876567,0.0219746078959429,0.804928981322599,0.600366002881621,0.277395610771954,0.204116646546746,0.478793679411055,0.359107005041359,0.520391155946472,"060607A",3.07,0.60959440922522
"060904B",3.7590325669501,1.63807583156271,-10.5883534453498,0.436722011737607,1.30953280753281,21.0791952492124,2.234264124,0.925945240139644,1.99131444327695,-5.58603215620631,14.1303258393915,2.68329242994986,112.113228683651,0.190726115536143,1.71487617400476,444.332472354419,4.99193617579349,0.857374587737263,3.96533321200339,31.2037552501709,0.0130950724779308,0.775256271187084,0.60612567257617,0.282871268195849,0.196814314741617,0.45815113745198,0.3496056401133,0.538396562818532,"060904B",0.7,0.230448921378274
"061007A",3.13344227804525,1.45231440321009,-9.06316736281652,0.701128601837641,1.57334794819469,21.8311955075823,1.876852648,0.943646757745928,2.02078722367267,-5.20077346880484,9.81846050984141,2.10921712577148,82.1410026464225,0.491581316314805,2.47542376608844,476.601097290282,3.52257586230461,0.890469203404402,4.0835810033587,27.0480446738243,0.0298208063463662,0.890368040482369,0.64774535592478,0.279463885936541,0.19926753083088,0.554716932109609,0.349637436533115,0.982462429835424,"061007A",1.26,0.354108439147401
"061126A",3.64132019364013,1.72810144322246,-10.6429787860363,0.377209853416398,1.18575908719508,21.1081078968025,2.281033367,0.915190937975956,2.00490979996577,-5.68940506803091,13.2592127526114,2.98633459806755,113.272997440019,0.14228727351442,1.40602461286571,445.552218983056,5.20311322136736,0.83757445295331,4.01966330599878,32.3693300281358,0.0117581409910335,0.782289455778941,0.628222359538955,0.274005538608674,0.201378810356391,0.432411992465984,0.385796311272451,0.496891813722725,"061126A",1.1588,0.334212409393176
"070125A",4.25845963241837,1.6257222844556,-10.9015023731412,0.267204426921351,1.59147961738547,20.2389849611051,1.77815125,0.886656876010672,1.98855513549153,-5.62906468693264,18.1344784409368,2.64297294617554,118.842753991603,0.0713982057663676,2.5328073725534,409.616512255838,3.16182186787656,0.786160415777004,3.95435152688974,31.6863692496721,0.0374300821665039,0.79625834004854,0.632386001143638,0.26180008590973,0.193472988629488,0.469639550882752,0.380999388307757,0.401877154168623,"070125A",1.55,0.406540180433955
"070411A",3.54512517275081,1.612287647033,-10.6614707977792,0.377321886206245,1.39074047916452,20.9334973260143,2.089021501,0.939257089700753,1.98821022888972,-5.77706972537739,12.5679124904715,2.59947145677521,113.666959571899,0.142371805810239,1.93415908038676,438.211310298248,4.36401083164029,0.882203880553128,3.95297991426171,33.374534611872,0.018295763152312,0.830512100630995,0.622020566589438,0.30017096914321,0.202638283921516,0.456513536308448,0.384111040532587,0.50689070634906,"070411A",2.95,0.59659709562646
"070612A",4.29490176167059,1.69458071658361,-10.6643135460757,0.390234224069861,2.01750384753001,21.3201870535298,2.566790912,0.928442991651922,2.03193961999534,-5.56324997175843,18.4461811424011,2.87160380501702,113.727583409014,0.152282749635407,4.0703217747984,454.5503759975,6.58841558592579,0.862006388747571,4.12877861930681,30.9497502482702,0.00608949276024844,0.80727012502061,0.584321630046158,0.400005002855115,0.214388055509573,0.458401925045621,0.206449494819642,0.367843197140212,"070612A",0.671,0.222976449893391
"071010A",4.22728014498134,1.67903614537176,-11.0097517059946,0.26805307017551,1.81234833830586,20.4221677246815,0.77815125,0.884516372529736,2.01081508115782,-5.67358581559501,17.8698974241535,2.81916237746486,121.214632627651,0.0718524484305169,3.28460649936001,417.064934575023,0.605519367876562,0.782369213273163,4.04337729061173,32.1895760069209,0.37430082166504,0.796969627900217,0.594489190334362,0.275953286103564,0.195304338134514,0.432953400580841,0.319695095585404,0.356395864256899,"071010A",0.99,0.298853076409707
"071010B",3.50251949809925,1.72730591128159,-10.3620156458001,0.545413374072358,1.03680484017768,21.3095875297451,1.552668216,0.906188744008195,1.98617659031711,-5.68566521081993,12.2676428345654,2.98358571114832,107.371368243806,0.297475748616994,1.07496427661586,454.098520687868,2.41077858897662,0.82117803976715,3.9448974479237,32.326788889528,0.062907701080855,0.841972921086861,0.593402161458891,0.280450720047944,0.215986767651673,0.432749224744972,0.447536567920244,0.431654173808192,"071010B",0.947,0.289365951520032
"071025A",3.57160081672478,1.62213259377256,-10.7844281981506,0.276937507685808,1.39399863015596,20.7019263293266,2.376832349,0.921537869560161,1.98499838360128,-5.8084337226223,12.7563323940291,2.63131415177929,116.303891561066,0.076694383163227,1.94323218087669,428.569753744866,5.64933201525286,0.84923204503348,3.94021858289969,33.737902310096,0.00943060774968575,0.797931933012949,0.622375377666814,0.274894386498469,0.198654774729186,0.436806832346816,0.383597352675689,0.537600814749911,"071025A",5,0.778151250383644
"071112C",3.25373237661387,1.66143589040235,-10.4032286685627,0.524916638941586,1.17533084295455,21.2173050539508,1.176091259,0.879913657174972,1.96939084247101,-5.81127084460966,10.5867743786253,2.76036921791705,108.227166730405,0.275537477837731,1.38140259040025,450.174033752406,1.38319064949621,0.774248044083034,3.87850029040867,33.7708688294103,0.149720328552953,0.812424930997323,0.613956477483681,0.266866321274483,0.19167345663978,0.478306686911359,0.463945260311324,0.427851671184475,"071112C",0.82,0.260071387985075
"080319C",3.53623804698494,1.45423998397367,-10.6684390703431,0.475283785418248,1.69701999520679,20.9058498256637,1.531478917,0.913754040542593,1.97935760017837,-5.74813495009401,12.5049795249439,2.11481393098774,113.815592197623,0.225894676681499,2.87987686413165,437.054556933203,2.34542767321549,0.834946446607915,3.91785650938388,33.0410554044923,0.0660530861242607,0.767351691255829,0.590954141048344,0.397323455738987,0.207004899718235,0.484268108521743,0.348298899430877,0.444585566536265,"080319C",1.95,0.469822015978163
"080330A",3.64042465182194,1.62739603814398,-10.5274185472066,0.443802919010095,1.26531718071842,21.0658685260235,1.783188691,0.877907083627025,1.97507831711918,-5.61280715157895,13.2526916455929,2.64841786496672,110.82654126807,0.196961030921881,1.60102756782121,443.770816755708,3.17976190771029,0.770720847482508,3.90093435875433,31.5036041208158,0.0369984337462195,0.784901545370465,0.599984472469636,0.272340103751185,0.211109545451254,0.451313861287283,0.376070782554668,0.552785371952307,"080330A",1.51,0.399673721481038
"080413B",4.43526683966263,1.75512004870113,-11.1393181743893,0.292069930011085,1.83914729985561,20.2384230666594,0.903089987,0.907784505325222,2.0081307017448,-5.72661713704783,19.6715919390109,3.08044638535266,124.08440939028,0.0853048440166801,3.38246279056618,409.593768225091,0.81557152461966,0.824072708108558,4.03258891529006,32.7941438343299,0.280725615995587,0.844904696161984,0.620293351732969,0.277349693055528,0.192306703165898,0.476704296258771,0.333084662904416,0.334983171768076,"080413B",1.1,0.322219294733919
"080603A",3.73852616692566,1.71533837478236,-10.695921119596,0.358687145553664,1.20604909239641,21.0579372642832,1.77815125,0.90574028184772,2.00530989047766,-5.64056547235667,13.9765779007879,2.94238574000099,114.40272859662,0.128656468385435,1.4545544132702,443.436721826487,3.16182186787656,0.820365458161587,4.02126775684753,31.8159788479422,0.0374300821665039,0.764855445129845,0.649598016777649,0.283762204668398,0.196920393366508,0.431166900508382,0.363719282878789,0.522036411199552,"080603A",1.69,0.429752280002408
"080603B",3.91194960677745,1.61558903002161,-10.6233813083771,0.409359940613537,1.34507228609575,20.9899170942961,1.77815125,0.882738443144279,1.98049450677552,-5.51292813549072,15.3033497259662,2.61012791392617,112.856230423176,0.167575560979119,1.80921945482285,440.576619625424,3.16182186787656,0.779227159004785,3.92235849136801,30.3923766270852,0.0374300821665039,0.744368919529571,0.605201623334486,0.264628858424407,0.197817305138437,0.456045694062283,0.330931466610164,0.576777370027017,"080603B",2.6893,0.566943971856554
"081228A",3.38118395973577,1.7379575131792,-10.8750132016766,0.243908201805814,1.30027915398102,20.8870101480959,0.477121255,0.941183330074743,2.00384693353682,-5.98649017430073,11.4324049695745,3.02049631761603,118.26591213664,0.0594912109081457,1.6907258782776,436.267192926661,0.227644691972775,0.885826060810583,4.01540253304492,35.8380646069992,0.748601642185562,0.762888972612087,0.638676195187086,0.27786112002877,0.210147621136552,0.421350524148758,0.418156116489414,0.442198329531409,"081228A",3.44,0.64738297011462
"090313A",3.63482091771727,1.62142450597004,-10.2916980617426,0.643834929958559,1.18251337653882,21.3335662597489,1.893872679,0.923633879357445,1.9707534977371,-5.50148254474609,13.211923103875,2.62901742856019,105.919048994076,0.414523417034742,1.39833788569324,455.121049359097,3.58675372426264,0.853099543096883,3.88386934884301,30.2663101901459,0.0286747309365001,0.793718806105817,0.605438514527348,0.282073717746858,0.195389757887318,0.47730513513051,0.378488282003861,0.490208210922689,"090313A",3.38,0.6414741105041
"090726A",3.56856366633087,1.71305419661486,-10.6153586557152,0.398440331724461,1.25086987324864,21.104461943154,1.773054693,0.95537769672947,2.00665805448909,-5.7430152657762,12.7346466406568,2.93455468053978,112.685839389468,0.158754697944699,1.56467543980107,445.398313910035,3.14372294436932,0.912746543408107,4.02667654764594,32.9822243429385,0.0378719212460373,0.777195177129161,0.625659349945523,0.287859866692389,0.206002744299082,0.45399106653639,0.383541116608922,0.474023869357208,"090726A",2.71,0.569373909615046
"091024A",3.80119318627547,1.45345991569634,-10.2048321049238,0.737137046937763,1.51753718130589,21.3299499775855,1.995196292,0.892041451449135,1.93954462751294,-5.33766060294917,14.4490696393871,2.11254572653601,104.138598289684,0.543371025968126,2.30291909664583,454.9667660463,3.98080824361055,0.79573795110348,3.76183336211431,28.4906207122757,0.022707835449174,0.801362715979047,0.61216342663035,0.277009331144064,0.185978328458134,0.534772615966786,0.287248481933438,0.454502705947055,"091024A",1.09,0.320146286111054
"000926A",4.23118097454324,1.67202279995712,-10.8605261040488,0.335525179963672,1.75943237017218,20.5707470314311,1.397940009,0.916599497951259,2.01110746587042,-5.60607026177493,17.9028924393367,2.79566024357645,117.951027256725,0.112577146389654,3.09560226520969,423.155633431131,1.95423626876292,0.8401546396445,4.04455323927974,31.4280237799572,0.0898321970524164,0.827660020283902,0.65389439792829,0.293384266877723,0.19416267362819,0.463092755644584,0.318835383125333,0.368602485086581,"000926A",2.04,0.482873583608754
"970508A",4.62003633362784,1.81706113930602,-11.2915218298013,0.24660723661922,1.46015725712989,20.1023373310648,1.120573931,0.868082342816862,1.93822605882503,-5.85672338672758,21.3447357240414,3.30171118397609,127.498465232879,0.060815129152968,2.13205921554908,404.103966171921,1.25568593483679,0.753566953910412,3.75672025510841,34.3012088286418,0.170136737050821,0.80752163501987,0.652792575964957,0.293291217842421,0.210423580194429,0.631233222228462,0.42713008420145,0.327945591007397,"970508A",0.83,0.262451089730429
