"","log10Ta","log10PeakFlux","log10NH","log10Fa","Alpha","PhotonIndex","log10T90","Gamma","Beta","log10Fluence","log10TaSqr","log10PeakFluxSqr","log10NHSqr","log10FaSqr","AlphaSqr","PhotonIndexSqr","log10T90Sqr","GammaSqr","BetaSqr","log10FluenceSqr","log10T90Err","log10FaErr","log10TaErr","AlphaErr","BetaErr","log10FluenceErr","PhotonIndexErr","log10PeakFluxErr","GRB","Redshift_crosscheck","log10z"
"000301C",4.52988317180375,0.28780173,20.96124782,-11.2698167681058,2.16783193250824,2.15,2.2417954312952,1.82831,0.859374497647583,-5.583359493,20.5198415501908,0.0828298357909929,439.373910171455,127.008769986678,4.6994952876024,4.6225,5.02564675577603,3.3427174561,0.738524527207036,31.1739032280732,0.0559978453466017,2.20372013701244,0.817229205171161,0.547750312831883,0.242846370016688,0.0079942161609691,0.042424242,0.0202468289563662,"000301C",2.03,0.481442628502305
"000926A",4.24735694181074,0.113943352,20.02880298,-10.8921045148355,1.83496851470875,2.54,2.25285303097989,1.97351,0.926543715170092,-5.619788758,18.0400409911479,0.0129830874649959,401.152948811657,118.637940762099,3.36710944997244,6.4516,5.07534677919529,3.8947417201,0.858483256121197,31.5820256845432,0.0777158546563713,2.13177114533663,0.78567687502136,0.510056324718896,0.25758641763073,0.00464486077306445,0.048484848,0.0358921059636159,"000926A",2.07,0.487138375477186
"010222A",4.0687669074016,0.462397998,20.86974084,-10.7783488351537,1.42194596004257,1.24,1.92427928606188,1.76613,0.88656203807336,-5.113509275,16.5548641467664,0.213811908554408,435.546082728764,116.17280361226,2.02193031328138,1.5376,3.70285077076682,3.1192151769,0.785992247352791,26.147977105511,0.204728382142163,2.11077179999699,0.767520755885681,0.479090608530237,0.249530169067157,0.00533531304621856,0.048484848,0.0267321414553261,"010222A",1.47688,0.393904966375804
"011211A",4.28824889615183,0.28780173,21.33992622,-11.1452520888358,1.75995704027506,1.66,2.26881190373978,1.80565,0.830587690137936,-5.522878745,18.3890785953474,0.0828298357909929,455.392451075043,124.216644123698,3.09744878361377,2.7556,5.14750745455133,3.2603719225,0.689875911008673,30.5021896319728,0.0511462885027281,2.17946714500325,0.790127861371403,0.505749497004075,0.239337495797186,0.00731135491027843,0.018181818,0.0292454197184288,"011211A",2.14,0.496929648073215
"020124A",3.99984300312106,0.204119983,21.29748256,-10.845783555672,1.75131759839538,1.17,1.38560627359831,1.70111,0.976120994770039,-5.619788758,15.9987440496165,0.0416649674599203,453.582763393504,117.631020936486,3.06711333044937,1.3689,1.919904745435,2.8937752321,0.952812196430851,31.5820256845432,0.366834332160994,2.12327657158526,0.761235120240094,0.503516519791233,0.273706364434316,0.00464486077306445,0.14,0.0202468291390677,"020124A",3.198,0.623042434246382
"021004A",4.35144555286079,0.204119983,22.27837171,-10.9041591612164,1.45522292538821,2.37,2.26881190373978,2.04425,0.872168634318537,-5.22184875,18.935078399512,0.0416649674599203,496.325846048928,118.90068701314,2.11767376257543,5.6169,5.14750745455133,4.1789580625,0.760678126689062,27.2677043678766,0.0636907468358741,2.13399076592317,0.796872555861827,0.481154569729778,0.245297471167458,0.00464486077306445,0.036363636,0.0267321414553261,"021004A",2.34,0.523746466811564
"030226A",4.18974965392519,0.72427587,21.03780485,-10.9928605040421,1.82644335749859,1.73,1.1152775913959,2.51,0.856175963479845,-5.443697499,17.5540021625663,0.524575535864257,442.589232906684,120.842982061329,3.33589533815071,2.9929,1.24384410586984,6.3001,0.73303728044064,29.6338424606189,0.0175057628797337,2.1506891167063,0.779729429209907,0.512697989825208,0.242341881428301,0.00731135491027843,0.018181818,0.0438681298090717,"030226A",1.99,0.47567118832443
"030328A",3.97226561260702,0.204119983,21.79039707,-10.8157584210893,1.41771718817137,1.69,1.20951501454263,2.02128,0.82259135471859,-5.974694135,15.7788940971002,0.0416649674599203,474.821404468265,116.980630223365,2.00992202563653,2.8561,1.46292657040406,4.0855728384,0.676656536857765,35.6969700068034,0.0611908230548872,2.11764145528014,0.758289429335775,0.479135853081184,0.247951651449928,0.00464486077306445,0.03030303,0.096509884965017,"030328A",1.52,0.401400540781544
"030329A",4.38862005680724,-0.045757491,21.41342718,-10.438046167819,1.51616974836558,2.06,2.46239799789896,2.07429,0.830587690137936,-5.236572006,19.2599860030108,0.00209374798261508,458.534863593163,108.952807801521,2.29877070585895,4.2436,6.06340390005679,4.3026790041,0.689875911008673,27.4216863740229,0.00197833385893328,2.04990081875183,0.801156916075606,0.484960455921043,0.239679216511618,0.0457754394646476,0.060606061,0.0643399231491616,"030329A",0.17,0.0681858617461616
"030429A",4.37332646588367,-0.468521083,20.86974084,-11.3688255970481,2.25419358066717,1.85,2.85733249643127,1.70111,0.80020161554442,-5.795880017,19.1259843771986,0.219512005215493,435.546082728764,129.250195456097,5.08138869912108,3.4225,8.16434899516215,2.8937752321,0.6403226255199,33.5922251714599,0.00923562857434798,2.24668852153827,0.806211772862026,0.895772399159758,0.238573421167682,0.00533531304621856,0.018181818,0.0438681294132183,"030429A",2.658,0.563243701140398
"040924A",3.64512997787827,0.155336037,20.42473959,-10.6148476480732,1.4411582739319,1.79,1.64836001098093,2.06183,0.86577156598306,-5.853871964,13.2869725556268,0.0241292843908654,417.169987319313,112.674990591805,2.07693717052236,3.2041,2.71709072580106,4.2511429489,0.74956040446476,34.2678169709052,0.00919722887858148,2.08111957398595,0.730382386465975,0.48020824949429,0.254977959402724,0.00382325157840621,0.07,0.0198648132987547,"040924A",0.86,0.269512944217916
"041006A",3.86074210076767,0.113943352,21.45692297,-10.7153030345813,1.41302897101926,1.64,1.13417710757677,1.8557,0.82259135471859,-6.229147988,14.90532956864,0.0129830874649959,460.399543340514,114.817719122907,1.99665087293976,2.6896,1.2863577113512,3.44362249,0.676656536857765,38.8022846564045,0.0202577864893789,2.09927251112267,0.748201805933201,0.478528000901494,0.241174833492959,0.00940031346851669,0.018181818,0.0438681298090717,"041006A",0.72,0.235528446907549
"050315A",4.86356,0.285557309,21.91683806,-11.3757179,1.10818,2.11,1.9804578922761,1.99544,0.856,-5.492144128,23.6542158736,0.0815429767233215,480.347790548265,129.40695774038,1.2280629124,4.4521,3.92221346307869,3.9817807936,0.732736,30.1636471227249,0.0636907468358741,0.03245,0.04512,0.049165,0.001,0.0119343109944412,0.054545455,0.0300030729412981,"050315A",1.949,0.469674772551798
"050318A",4.132084541,0.499687083,20.92661714,-11.15490196,1.874408221,1.9,1.50514997831991,1.98053,0.95,-5.966576245,17.0741226539712,0.249687180917049,437.923304924142,124.431837737212,3.51340617895238,3.61,2.26547645723641,3.9224990809,0.9025,35.6000320873983,0.148833498099688,0.06181969,0.043780336,0.085906519,0.037,0.0187658109674778,0.060606061,0.0166587833050111,"050318A",1.44,0.387389826338729
"050319A",3.73997,0.181843588,20.93735437,-10.70553377,0.863159,2.02,2.1832698436828,2.01045,0.971,-5.882728704,13.9873756009,0.0330670904967137,438.372808014958,114.60845330061,0.745043459281,4.0804,4.76666721033474,4.0419092025,0.942841,34.6064970048655,0.0311991209239902,0.04165,0.06193,0.034558,0.009,0.0297365640854658,0.115151515,0.0363643704117435,"050319A",3.24,0.627365856592733
"050401A",3.12435,1.029383778,22.12570242,-9.653647026,0.984108,1.4,1.52244423350632,1.78711,0.9995,-5.085128182,9.7615629225,1.05963096240955,489.546707578394,93.1929009025986,0.968468555664,1.96,2.31783644413664,3.1937621521,0.99900025,25.8585286273706,0.00815583517918357,0.019455,0.02833,0.0260615,0.0174145,0.0097982829257281,0.042424242,0.0226310350249442,"050401A",2.9,0.591064607026499
"050408A",3.96483071181773,0.204119983,21.95954126,-11.0367602714071,1.22081206778294,1.68,1.61278385671974,2.03333,0.809797218047636,-5.698970004,15.7198825733731,0.0416649674599203,482.221452349642,121.81007728851,1.49038210484446,2.8224,2.60107176849578,4.1344308889,0.65577153435769,32.4782591064918,0.0611908230548872,2.15881971533614,0.757787337400702,0.470013546050917,0.240052315066275,0.00382325157840621,0.181818182,0.0382849130607791,"050408A",1.24,0.350248018334163
"050416A",2.99481,0.688419822,21.75162856,-10.5559552,0.842217,3.08,0.397940008672038,2.06183,0.9,-6.435333936,8.9688869361,0.473921851322512,473.133345012208,111.428190184407,0.709329475089,9.4864,0.158356250501901,4.2511429489,0.81,41.4135228678333,0.0771432233016977,0.0484,0.070765,0.0149485,0.005,0.0265360347448561,0.133333333,0.0258893879011433,"050416A",0.6528,0.218220304175545
"050502A",3.72691388656045,-0.397940009,21.03780485,-10.7755762664861,1.50210509690927,1.5,2.40654018043396,2.00022,0.88656203807336,-5.677780705,13.8898871178371,0.15835625076292,442.589232906684,116.113043874859,2.2563197221608,2.25,5.79143564004309,4.0008800484,0.785992247352791,32.2371937340703,0.0611908230548872,2.1103074900048,0.736828260174759,0.483939885819305,0.248358933577633,0.00797602353536826,0.066666667,0.0329010970302395,"050502A",3.79,0.680335513414563
"050502B",3.673425771629,-0.244125144,21.41988474,-10.7134164824227,1.46867449868755,1.73,1.51188336097887,1.82831,0.90895177724753,-6.091514981,13.4940568996681,0.0595970859330207,458.811462274885,114.777292725845,2.15700478309512,2.9929,2.28579129720478,3.3427174561,0.826193333361444,37.1065547637474,0.20601598202985,2.09947491299988,0.734292151173842,0.490663899590106,0.252133725053043,0.0152584798116998,0.018181818,0.037601253750777,"050502B",5.2,0.792391689498254
"050505A",4.270583544,0.267171728,22.23063027,-11.04817696,1.462094791,1.41,1.7701152947871,2.01835,0.973,-5.603800653,18.2378838062836,0.071380732242506,494.20092220144,122.062214139475,2.13772117786933,1.9881,3.13330815683923,4.0737367225,0.946729,31.4025817585632,0.0504266082816271,0.03272177,0.030067592,0.035926291,5e-04,0.018921434167657,0.072727273,0.0441052545788047,"050505A",4.27,0.721810615212547
"050525A",3.54258782619238,0.322219295,20.98677173,-10.4128117747282,1.31655952668039,1.53,0.857935264719429,1.89482,0.848179628060498,-5.920818754,12.5499285062865,0.103825274070297,440.444587647127,108.426649055918,1.73332898729289,2.3409,0.736052918449197,3.5903428324,0.719408681456845,35.0560947177181,0.0352171865714314,2.04531595465086,0.723552458748726,0.473795531499366,0.240728004266814,0.0159520470810336,0.066666667,0.0438681294132183,"050525A",0.61,0.20682587603185
"050603A",3.99828776536953,0.176091259,21.69224395,-10.4862647533429,1.69901021729769,0.92,1.58771096501891,2.06183,0.916948112666877,-5.974694135,15.9863050547037,0.0310081314962051,470.553447586312,109.961748477202,2.88663571848196,0.8464,2.52082610844128,4.2511429489,0.840793841323347,35.6969700068034,0.0335671166680867,2.05876157755797,0.761281736685634,0.499855824293642,0.254202581113617,0.0120881068052489,0.066666667,0.0404936579440628,"050603A",2.82,0.582063362911709
"050730A",4.05018,-0.259637311,21.73850309,-10.09854168,2.38763,1.53,2.19451434188247,1.6177,0.5615,-5.623423043,16.4039580324,0.0674115332633107,472.562516593939,101.980544062697,5.7007770169,2.3409,4.81589319672784,2.61695329,0.31528225,31.6228867205434,0.0500432094352208,0.0266,0.017795,0.0538,0.000210492,0.0168099723091123,0.066666667,0.0669985979550667,"050730A",3.967,0.696094159995223
"050801A",3.32542924393881,1.324282455,21.63012977,-10.1246253619139,1.38958788525874,1.31,0.698970004336019,1.8158,0.875367168486276,-5.619788758,11.0584796564434,1.75372402062083,467.86251386704,102.50803871911,1.93095449085785,1.7161,0.488559066961494,3.29712964,0.76626767966368,31.5820256845432,0.0965452753437635,1.99552123286837,0.708188611113501,0.477239273091976,0.250824983509403,0.00731135491027843,0.024242424,0.018994447849191,"050801A",1.38,0.376576957056512
"050802A",3.63973,0.439332694,21.25883595,-10.28650946,1.44729,1.54,1.27875360095283,1.8557,0.8585,-5.698970004,13.2476344729,0.193013216017298,451.938105949012,105.812276870669,2.0946483441,2.3716,1.63521077194983,3.44362249,0.73702225,32.4782591064918,0.233102740892789,0.0275,0.0326,0.03274,0.002369606,0.020661888971532,0.078787879,0.0421134043419523,"050802A",1.7102,0.433001340945038
"050803A",4.21721,-0.017728767,21.34755638,-10.86012091,1.52234,1.38,1.94398887507377,2.11696,1.218,-5.66756154,17.7848601841,0.000314309179340289,455.718163397279,117.942226179819,2.3175190756,1.9044,3.77909274641059,4.4815196416,1.483524,32.1212538096872,0.0515724807439485,0.0489,0.04766,0.048695,0.22485626,0.0165270627330643,0.066666667,0.0301593391746037,"050803A",3.5,0.653212513775344
"050820A",3.750945731,0.389166084,21.61964524,-10.01818139,1.136499703,1.25,1.41497334797082,1.96878,0.9,-5.463441557,14.0695938769071,0.151450240935895,467.409060303455,100.363958362942,1.29163157491909,1.5625,2.00214957546775,3.8760946884,0.81,29.8491936467546,0.378773543216465,0.266741013,0.238477529,0.012525701,0.0405,0.0185164313807078,0.072727273,0.0247093953343968,"050820A",2.6147,0.558072259099146
"050824A",5.08558,-0.301029996,20.9708274,-12.23882419,0.954481,2.76,1.3541084391474,1.94709,0.86,-6.575118363,25.8631239364,0.09061905849176,439.775601840591,149.788817553729,0.911033979361,7.6176,1.83360966497021,3.7911594681,0.7396,43.2321814874598,0.0782292570058625,0.06855,0.12722,0.0899785,0.01,0.0514543473223617,0.23030303,0.0789626332133755,"050824A",0.8278,0.261928672990642
"050826A",4.76235,-0.420216403,21.96085591,-12.33348202,1.801,1.16,1.55022835305509,2.45742,1.11,-6.384049948,22.6799775225,0.176581825350258,482.279192299782,152.114778737663,3.243601,1.3456,2.40320794661591,6.0389130564,1.2321,40.7560937385588,0.0717511921200946,0.23405,0.13858,0.23538,0.03,0.0458862758416538,0.187878788,0.0900451080536063,"050826A",0.297,0.11293997608408
"050904A",4.6841,-0.207608311,22.39388568,-11.4544,1.20052929,1.25,2.24104815067164,1.90813,0.848,-5.316052869,21.94079281,0.0431012107962727,501.486115848909,131.20327936,1.4412705761479,1.5625,5.0222968136288,3.6409600969,0.719104,28.2604181060031,0.0268161033458331,0.29485,0.098475,0.624745,0,0.00980902273641476,0.042424242,0.072170148569444,"050904A",6.29,0.862727528317975
"050908A",3.55591116840679,0.28780173,20.65703194,-10.7795944819464,1.21612385063083,1.73,1.22788670461367,1.97351,1.05288581479576,-6.229147988,12.6445042376001,0.0828298357909929,426.71296857018,116.19965719521,1.47895722007317,2.9929,1.50770575936703,3.8947417201,1.10856853899814,38.8022846564045,0.0298708467608446,2.11122754625572,0.725130405203723,0.470746915180213,0.298871644680668,0.00533531304621856,0.018181818,0.096509884965017,"050908A",3.34,0.637489729512511
"050922C",2.52429,0.860936621,21.44930866,-9.477555766,1.22035,1.37,0.653212513775344,2.2119,1.064,-5.790484985,6.3720400041,0.741211865378898,460.072841991951,89.8240632976399,1.4892541225,1.8769,0.426686588152704,4.89250161,1.132096,33.5297163615105,0.0434736059021067,0.03194,0.034305,0.013275,0.013,0.0087736258877956,0.036363636,0.0116014887850822,"050922C",2.198,0.504878459410216
"051016B",4.25742,0.113943352,21.71466751,-11.59006688,1.14771,2.4,0.602059991327962,1.89482,0.73,-6.769551079,18.1256250564,0.0129830874649959,471.52678506985,134.329650282873,1.3172382441,5.76,0.362476233157826,3.5903428324,0.5329,45.8268218111901,0.0509829165954318,0.04535,0.058175,0.04854,0.005,0.0340623123358059,0.139393939,0.0323949264220647,"051016B",0.9364,0.286995073968852
"051028A",3.84618828247263,0.387389826,21.7153121,-10.9649949432857,1.31374659638913,1.97,2.2417954312952,2.11482,0.940937118924916,-5.886056648,14.7931643042298,0.15007087728831,471.554779600406,120.231114106281,1.72593011952401,3.8809,5.02564675577603,4.4724636324,0.885362661770721,34.645662863465,0.0658325115046647,2.14728359319875,0.752456712933578,0.477502748211572,0.26177896363666,0.0142275014568467,0.036363636,0.0507946764616626,"051028A",3.6,0.662757831681574
"051109A",3.91123,0.595496222,21.97057233,-10.51999306,1.22299,1.51,1.5705429398819,2.06584,1.06,-5.657577319,15.2977201129,0.354615750416273,482.706048507762,110.670253982448,1.4957045401,2.2801,2.46660512601287,4.2676949056,1.1236,32.0081811204632,0.0827679937571121,0.04815,0.04637,0.019155,0.054794381,0.0325421760411363,0.121212121,0.046094938049931,"051109A",2.346,0.524525936626376
"051109B",3.65548,-0.259637311,21.36742302,-11.57511836,1.251,1.97,1.15533603746506,2.12549,1.06,-6.591760035,13.3625340304,0.0674115332633107,456.566766515626,133.983365048009,1.565001,3.8809,1.33480135946547,4.5177077401,1.1236,43.4513003590232,0.114743908253916,0.0922,0.126645,0.12217,0.01,0.0421545307074316,0.145454545,0.0622129838718209,"051109B",0.08,0.0334237554869497
"051111A",3.37375609906919,1.851258349,22.27837171,-10.0964978536916,1.30051175936873,1.47,1.28600712207947,1.81479,0.88656203807336,-4.920818754,11.3822302160065,3.42715747474221,496.325846048928,101.939268909599,1.69133083625636,2.1609,1.65381431803913,3.2934627441,0.785992247352791,24.2144572097181,0.0933217274145018,1.99080097835284,0.711285650061575,0.47314769407126,0.247290770673454,0.000997002942546105,0.03030303,0.0181523294061522,"051111A",1.55,0.406540180433955
"060115A",3.69688,-0.060480747,21.43355223,-11.29499204,0.889919,1,2.14488541828714,2.10553,1,-5.76700389,13.6669217344,0.00365792075767801,459.397161196138,127.576845183663,0.791955826561,1,4.60053345758081,4.4332565809,1,33.2583338672751,0.0469357822433229,0.0812,0.123015,0.053884,0.085,0.0230884892235729,0.303030303,0.0363046589885454,"060115A",3.53,0.656098202012832
"060124A",4.47599,-0.050609993,21.9172644,-10.6893,1.3641,1.84,2.8750612633917,2.00895,0.99,-6.336299075,20.0344864801,0.00256137139146005,480.366478779507,114.26113449,1.86076881,3.3856,8.26597726825548,4.0358801025,0.9801,40.1486859678459,0.000756704468657758,0.04445,0.036665,0.01627,0.076380116,0.0302604450950157,0.115151515,0.0532332356918798,"060124A",2.296,0.517987203025078
"060206A",3.93814,0.445604203,22.33966406,-10.63078414,1.17565,1.2,0.880813592280791,2.20424,1.265,-6.080398976,15.5089466596,0.198563105731265,499.060590313656,113.013571431276,1.3821529225,1.44,0.775832584346592,4.8586739776,1.600225,36.9712517073418,0.110491399420861,0.07055,0.07444,0.02867,0.013041887,0.0133029706675924,0.181818182,0.0160378107849136,"060206A",4.048,0.703119346236078
"060210A",4.15028,0.434568904,22.3877421,-10.66756154,1.20511,1.53,2.40654018043396,2.08163,0.979,-5.11577123,17.2248240784,0.188850132323761,501.210996336112,113.796869209687,1.4522901121,2.3409,5.79143564004309,4.3331834569,0.958441,26.1711152776957,0.207740121022138,0.0292,0.030365,0.02297,0.083622271,0.0140538367709601,0.054545455,0.0270950212031269,"060210A",3.91,0.691081492122968
"060218A",5.07614,-0.602059991,21.59972155,-11.82390874,1.3185,2.26,3.32221929473392,1.98053,0.745,-5.804100348,25.7671972996,0.36247623276292,466.547971037534,139.804817891848,1.73844225,5.1076,11.0371410423023,3.9224990809,0.555025,33.6875808496537,0.0973208923032497,0.1602,0.14064,0.108235,0.02,0.0254826332026628,0.103030303,0.11581186233247,"060218A",0.0331,0.0141423615450058
"060223A",2.78682,0.130333768,22.49782636,-10.9636,1.1892,1.74,1.05307844348342,2.01015,0.81,-6.171984936,7.7663657124,0.0169868910810778,506.152190924711,120.20052496,1.41419664,3.0276,1.10897420812946,4.0407030225,0.6561,38.0933980502109,0.0421049044034134,0.1982,0.23477,0.18005,0.045,0.018772691379267,0.072727273,0.0350945035988966,"060223A",4.41,0.73319726510657
"060306A",3.61496,0.775974331,21.61973178,-10.70553377,1.03794,1.8,1.78675142214556,2.28823,0.76,-5.671620397,13.0679358016,0.602136162370898,467.412802239142,114.60845330061,1.0773194436,3.24,3.19248064453919,5.2359965329,0.5776,32.1672779276664,0.0249708024012773,0.03495,0.04452,0.02498,0.01,0.014581519111212,0.060606061,0.0141083431596232,"060306A",1.559,0.408070285887185
"060313A",3.67429337622425,0.294466226,21.73850309,-10.8929081579275,1.03665561629623,1.66,1.68124123737559,1.94053,0.900955441828184,-5.698970004,13.5004318145654,0.0867103582546831,472.562516593939,118.655448137044,1.07465486679852,2.7556,2.8265720982522,3.7656566809,0.811720708159818,32.4782591064918,0.134263479547411,2.13254242803763,0.746448577618629,0.466172498473836,0.25029631497808,0.0114438598573077,0.103030303,0.0292454197184288,"060313A",1.1,0.322219294733919
"060418A",3.11887,0.814247596,21.65363309,-9.792961075,1.47655,1.7,2.01325866528352,1.94118,0.98,-5.079354999,9.7273500769,0.662999147591779,468.879825996343,95.9020866164651,2.1801999025,2.89,4.05321045333917,3.7681797924,0.9604,25.7998472058663,0.190629725370006,0.04904,0.057245,0.044705,0.005,0.0079942161609691,0.036363636,0.0141293054922338,"060418A",1.489,0.396024896608593
"060502A",3.3865,0.227886705,21.45692297,-10.55284197,0.897152,1.46,1.45331834004704,2.02719,0.87,-5.63638802,11.46838225,0.051932350315757,460.399543340514,111.362473643793,0.804881711104,2.1316,2.11213419751708,4.1094992961,0.7569,31.7688699119995,0.150287880719686,0.05675,0.075085,0.0205255,0.015,0.0116222057308489,0.048484848,0.0327064159666924,"060502A",1.5026,0.398391440229475
"060510B",4.43617,-0.244125144,22.00215742,-12.2656,1.00735,1.78,2.43964842956347,2.1317,1.38,-5.390405591,19.6796042689,0.0595970859330207,484.094931134461,150.44494336,1.0147540225,3.1684,5.95188445987152,4.54414489,1.9044,29.0564724354841,0.033597137016063,0.2206,0.31628,0.2313695,0.03,0.0113820011696242,0.048484848,0.0507946764616626,"060510B",4.9,0.770852011642144
"060512A",3.69717428340329,0.041392685,21.73850309,-10.711284819121,1.17861811341399,1.56,1.49136169383427,2.02128,0.873767901402406,-5.623423043,13.6690976818587,0.00171335437150922,472.562516593939,114.731622476331,1.38914065726756,2.4336,2.22415970183623,4.0855728384,0.763470345521165,31.6228867205434,0.0511462885027281,2.09854127934629,0.73457156024143,0.467994356006461,0.244695570590399,0.00464486077306445,0.13,0.0376012538590013,"060512A",2.1,0.491361693834273
"060526A",3.8752,0.222716471,21.67796993,-11.3053948,1.05873,2.01,2.47450763911698,1.90677,0.93,-5.899629455,15.01717504,0.0496026264546938,469.934380285984,127.811951583867,1.1209092129,4.0401,6.12318805604827,3.6357718329,0.8649,34.8056277063036,0.0335671166680867,0.06785,0.09216,0.0623145,0.0305,0.034467816033398,0.145454545,0.0283698082758142,"060526A",3.221,0.625415352154408
"060604A",4.45991,-0.468521083,21.99003057,-11.76955108,1.21596,2.01,1.97772360528885,2.1711,1.02,-6.395773947,19.8907972081,0.219512005215493,483.561444469534,138.522332624729,1.4785587216,4.0401,3.91139065891672,4.71367521,1.0404,40.905924381124,0.0777158546563713,0.04195,0.04994,0.04695,0,0.0694033093482565,0.254545455,0.100638650276148,"060604A",2.1357,0.496334505996816
"060605A",4.04162,-0.337242168,21.77333803,-11.26121944,1.9179,1.55,1.89817648349768,2.02128,0.835,-6.156767222,16.3346922244,0.11373227987734,474.078248968644,126.815063275834,3.67834041,2.4025,3.6030739625036,4.0855728384,0.697225,37.9057826258936,0.192243471667048,0.05315,0.037375,0.085,0.10149311,0.0339867861224412,0.121212121,0.0686631594013328,"060605A",3.78,0.679427896612119
"060607A",4.37412,0.146128036,21.79614607,-11.02273379,1.76532941,1.47,2.00945089579869,1.61002,0.564,-5.59345982,19.1329257744,0.0213534029052173,475.071983504776,121.500660205208,3.11638792581095,2.1609,4.03789290262617,2.5921644004,0.318096,31.2867927579544,0.132029607628865,0.0761,0.02584,0.163115,0.012077154,0.0115605423699981,0.048484848,0.0244408150465787,"060607A",3.0749,0.610116955411928
"060614A",5.03344,1.06069784,20.51216256,-11.78251606,1.9453,2.02,2.03622954408629,1.89544,0.783,-4.690369833,25.3355182336,1.12507990778067,420.748812887866,138.827684704158,3.78419209,4.0804,4.14623075620988,3.5926927936,0.613089,21.9995691703164,0.0132262962918312,0.0429,0.0289,0.05983,0.006,0.00468356794668692,0.024242424,0.0169369125967137,"060614A",0.125,0.0511525224473813
"060707A",3.5545,0.004321374,21.20847898,-10.9132,0.861995,0.6,1.8208579894397,2.09345,1.12,-5.795880017,12.63447025,1.8674273247876e-05,449.799580645102,119.09793424,0.743035380025,0.36,3.31552381770639,4.3825329025,1.2544,33.5922251714599,0.0414232995600016,0.07695,0.127895,0.0364485,0.035,0.0248403283013014,0.363636364,0.0599386321664952,"060707A",3.425,0.645913275033844
"060708A",3.50569,0.28780173,20.79066861,-10.86966623,1.12969,1.68,1.00860017176192,2.20484,1.485,-6.306273051,12.2898623761,0.0828298357909929,432.251901250839,118.149643951602,1.2761994961,2.8224,1.01727430647817,4.8613194256,2.205225,39.7690797937688,0.153333382321636,0.06115,0.062725,0.028525,0.33410152,0.019714017700399,0.072727273,0.018994447849191,"060708A",1.92,0.465382851448418
"060714A",3.73449,0.10720997,22.0125926,-10.86012091,1.20488,1.93,2.06069784035361,2.04425,0.87,-5.548213564,13.9464155601,0.0114939776674009,484.554232973575,117.942226179819,1.4517358144,3.7249,4.24647558923804,4.1789580625,0.7569,30.7826737517536,0.0344768087786936,0.0352,0.046765,0.035305,0.005,0.0155321080197879,0.066666667,0.0267321414553261,"060714A",2.711,0.569490954348783
"060729A",5.1057,0.068185862,20.86562801,-11.15058059,1.35481,1.75,2.0618293072947,1.92492,1.317,-5.583359493,26.06817249,0.00464931177668304,435.374432251696,124.335447494085,1.8355101361,3.0625,4.25114009241934,3.7053170064,1.734489,31.1739032280732,0.127702392544209,0.0116,0.012825,0.013425,0.077392286,0.0212785639737521,0.084848485,0.0292454197184288,"060729A",0.54,0.187520720836463
"060814A",4.22387,0.861534411,22.00679538,-10.91009489,1.29504,1.53,2.16226561429802,2.11591,0.97,-4.835647144,17.8410777769,0.742241541337117,484.299042897189,119.030170508804,1.6771286016,2.3409,4.6753925867756,4.4770751281,0.9409,23.3834833012754,0.0146412491865461,0.0353,0.034855,0.024565,0,0.00430869161989862,0.018181818,0.0104993872606212,"060814A",1.9229,0.465813957269479
"060904B",3.87074,0.387389826,21.59122827,-11.11633856,1.36265,1.64,2.23426412437879,2.18877,1.58,-5.790484985,14.9826281476,0.15007087728831,466.181138207247,123.572982980543,1.8568150225,2.6896,4.99193617748612,4.7907141129,2.4964,33.5297163615105,0.0287243616490079,0.08665,0.081295,0.04215,0.136141492,0.0232338611473106,0.084848485,0.0226532143754057,"060904B",0.703,0.231214647962601
"060906A",4.33479,0.294466226,22.41960057,-11.8827287,1.71887,2.03,1.63848925695464,2.07859,1.06,-5.655607726,18.7904043441,0.0867103582546831,502.638489718344,141.199241357804,2.9545140769,4.1209,2.68464704515576,4.3205363881,1.1236,31.9858987503909,0.0815374132522222,0.08845,0.072145,0.169635,0.005,0.0161974631827828,0.066666667,0.0374103846163063,"060906A",3.686,0.670802284260944
"060908A",2.81918,0.481442629,21.80952201,-9.627087997,1.38309,1,1.28555730900777,2.13395,1.185,-5.552841969,7.9477758724,0.231787005018432,475.655250304674,92.6808233019815,1.9129379481,1,1.65265759474331,4.5537426025,1.404225,30.8340539326878,0.0299356101984998,0.045185,0.05993,0.04964,0.003474954,0.0104343479500535,0.181818182,0.0217168958293479,"060908A",1.8836,0.459935016851525
"060912A",2.455171016,0.933487288,21.36738202,-10.1079054,1.045731532,1.74,0.698970004336019,1.8948,0.63,-5.869666232,6.02786471780647,0.871398516857595,456.565014388619,102.169751575349,1.09355443701907,3.0276,0.488559066961494,3.59026704,0.3969,34.4529816750811,0.0503781599007772,0.147419953,0.156564864,0.028937785,0.0785,0.0120881068052489,0.054545455,0.0134978860076092,"060912A",0.937,0.287129620719111
"060926A",3.351,0.037426498,22.50004427,-10.84771166,1.45111,2.54,0.903089986991944,2.00443,1.357,-6.659555885,11.229201,0.001400742752544,506.25199215196,117.6728482585,2.1057202321,6.4516,0.815571524605109,4.0177396249,1.841449,44.3496845854381,0.0658325115046647,0.08245,0.09927,0.11561,0.009157091,0.0300466640198818,0.139393939,0.0338066319525806,"060926A",3.2,0.6232492903979
"060927A",3.15198,0.431363764,22.10710478,-10.77728353,1.39098,0.9,1.35218251811136,1.94856,0.83,-5.946921557,9.9349779204,0.186074696892248,488.724081753899,116.149840286009,1.9348253604,0.81,1.82839756228599,3.7968860736,0.6889,35.3658760051113,0.0249820977867784,0.08115,0.108435,0.118785,0.178498106,0.0158391122565265,0.242424242,0.0165724044733706,"060927A",5.47,0.8109042806687
"061007A",3.1507090753905,1.371067862,22.16619025,-9.23258152972228,1.65212804577664,1.3,1.80617997398389,2.03333,0.936139317673308,-4.853871964,9.92696767774803,1.87982708220925,491.339990199195,85.240561702969,2.72952707964174,1.69,3.26228609842043,4.1344308889,0.876356822093846,23.5600730429052,0.0148761559697317,1.85536630840152,0.698571503848509,0.494416770024245,0.260645392348026,0.0924030812423339,0.18,0.0579059309278577,"061007A",1.26,0.354108439147401
"061021A",3.23849,0.78604121,20.87141063,-10.04095861,1.01707,1.3,1.66464197555613,1.99282,0.785,-5.528708289,10.4878174801,0.617860783818264,435.615781686077,100.820849807733,1.0344313849,1.69,2.7710329067834,3.9713315524,0.616225,30.5666153448573,0.0507507175232146,0.0264,0.03399,0.010415,0.016800037,0.0089811102944679,0.036363636,0.0116311571135192,"061021A",0.3463,0.129141845792285
"061110A",2.24983,-0.27572413,21.35034301,-8.33235,0.948932,1.67,1.60959440922522,1.82722,1.98,-5.974694135,5.0617350289,0.0760237958642569,455.837146644656,69.4280565225,0.900471940624,2.7889,2.59079416220908,3.3387329284,3.9204,35.6969700068034,0.0429439501542518,0.2103,0.03335,0.11946,0.0015,0.0188715726956945,0.072727273,0.0595944402240336,"061110A",0.7578,0.244969460136198
"061121A",3.78753,1.324282455,21.75351565,-10.03011836,1.35185,1.41,1.91009054559407,1.90181,0.9485,-4.863279433,14.3453835009,1.75372402062083,473.215443134795,100.603274315609,1.8274984225,1.9881,3.64844589236784,3.6168812761,0.89965225,23.6514868434408,0.246407281884026,0.01265,0.01703,0.01585,0.002358211,0.00382325157840621,0.018181818,0.00573820083195282,"061121A",1.314,0.364363354615731
"061126A",3.67490675553937,0.204119983,20.93258486,-10.6571594568704,1.26407727977115,1.8,1.15533603746506,1.8557,0.896157640576576,-5.886056648,13.5049396619089,0.0416649674599203,438.173108921101,113.575047689162,1.59789136923362,3.24,1.33480135946547,3.44362249,0.803098516763776,34.645662863465,0.223182009809232,2.08894705567095,0.733528812224285,0.47132867097001,0.249468953980475,0.00533531304621856,0.066666667,0.0226686984976336,"061126A",1.1588,0.334212409393176
"061222A",3.92091,0.930949031,22.56660835,-9.954677021,1.35061,1.35,1.85369821177617,1.92748,0.86,-5.097453221,15.3735352281,0.866666098319839,509.25181242229,99.0955945924254,1.8241473721,1.8225,3.43619706034219,3.7151791504,0.7396,25.9840293402833,0.0973208923032497,0.02311,0.024435,0.018075,0.005,0.00520487944706068,0.024242424,0.00802277634320278,"061222A",2.088,0.489677291663699
"070110A",4.26825,-0.22184875,21.3989672,-11.04866248,1.42725,1.58,1.94645226501307,2.08596,1.186,-5.790484985,18.2179580625,0.0492168678765625,457.915797226676,122.07294259696,2.0370425625,2.4964,3.78867641997452,4.3512291216,1.406596,33.5297163615105,0.0711281657171841,0.05475,0.053995,0.046555,0.12166788,0.0175472517755912,0.072727273,0.0526417556261212,"070110A",2.352,0.525304009958239
"070125A",4.29580721629422,0.740362689,21.67796993,-10.8337600263516,1.66600329326001,1.91,0.937517892017347,1.89331,0.859374497647583,-6.173925197,18.4539596395655,0.548136911263311,469.934380285984,117.370356308573,2.7755669731532,3.6481,0.87893979785265,3.5846227561,0.738524527207036,38.1173523381515,0.00950159657498538,2.12097103812578,0.790824906648122,0.496085665942531,0.242614555625251,0.0032494910720681,0.13,0.0198648132987547,"070125A",1.55,0.406540180433955
"070208A",3.44468,-0.045757491,21.8647258,-10.86327943,1.2125,1.94,1.67851837904011,2.20341,1.14,-6.351639989,11.8658203024,0.00209374798261508,478.066234309186,118.010839974261,1.47015625,3.7636,2.81742394877545,4.8550156281,1.2996,40.3433305498639,0.20601598202985,0.1619,0.14114,0.06357,0.015,0.0597395201502247,0.218181818,0.0643399231491616,"070208A",1.165,0.335457900689384
"070223A",4.22335,-0.161150909,21.70173804,-11.86327943,0.991734,1.85,1.94694327069783,2.25837,1.03,-5.769551079,17.8366852225,0.0259696154715263,470.965433956783,140.737398834261,0.983536326756,3.4225,3.79058809931555,5.1002350569,1.0609,33.2877196531901,0.039676879658603,0.16615,0.203105,0.079308,0.06,0.0185794430922578,0.072727273,0.0572192993510938,"070223A",1.6295,0.419873175149476
"070306A",4.86926,0.609594409,22.44245468,-11.2737,1.89982,1.66,2.32118402730231,1.94468,0.831,-5.269217724,23.7096929476,0.371605343484059,503.663772063854,127.09631169,3.6093160324,2.7556,5.38789528860339,3.7817803024,0.690561,27.7646554229157,0.134263479547411,0.0335,0.02824,0.06188,0.001,0.0139921394309921,0.060606061,0.013580796821018,"070306A",1.4959,0.397227181043161
"070318A",3.46315706361,0.688419822,22.7516324,-10.198038158374,1.3002609397511,1.53,1.68124123737559,2.102,0.900955441828184,-5.366531544,11.9934568472319,0.473921851322512,517.63677686473,103.999982279651,1.6906785114424,2.3409,2.8265720982522,4.418404,0.811720708159818,28.799660812747,0.179553274171887,2.00819192630121,0.718012118031099,0.475401424356901,0.266520203520228,0.00951357025803561,0.018181818,0.0363046589885454,"070318A",0.836,0.263872676865224
"070411A",3.5778772110437,0.397940009,21.67796993,-10.7192007035778,1.45578082322931,2.2,2.05842602445701,1.94053,0.939337851841046,-6.161150909,12.8012053373059,0.15835625076292,469.934380285984,114.901263723583,2.11929780528222,4.84,4.23711769816187,3.7656566809,0.882355599901351,37.9597805234715,0.00916727683590926,2.10045751206499,0.726187072556562,0.491840244812265,0.260342016448971,0.0101234144958991,0.03030303,0.0166587833050111,"070411A",2.95,0.59659709562646
"070419A",3.55962861880143,0.004321374,21.34792103,-10.8037037747084,1.48804044545295,0.92,2.00518051250378,2.07429,0.860973764731452,-5.698970004,12.6709559037902,1.8674273247876e-05,455.733732303116,116.720015251648,2.21426436730381,0.8464,4.02074888772492,4.3026790041,0.74127582355585,32.4782591064918,0.149214122903764,2.11595828585597,0.724257240283435,0.483527345668396,0.249091006159305,0,0.042424242,0.0168005602426795,"070419A",0.97,0.294466226161593
"070508A",3.02525,1.382017043,21.89306622,-9.161150909,1.37377,1.1,1.32014628611105,1.82568,0.764,-4.707743929,9.1521375625,1.90997110714246,479.306348513305,83.9266859774715,1.8872440129,1.21,1.74278621673281,3.3331074624,0.583696,22.1628529010364,0.0152922340419372,0.010795,0.01189,0.013355,5e-04,0.00366612225284185,0.060606061,0.00666213086681254,"070508A",0.82,0.260071387985075
"070521A",3.55243,0.814913181,22.27524914,-10.01233374,1.44502,1.1,1.57863920996807,2.00022,0.98,-5.096367484,12.6197589049,0.664083492567539,496.186724249071,100.246826921142,2.0880828004,1.21,2.49210175524862,4.0008800484,0.9604,25.9729615319725,0.032307204598357,0.04901,0.04844,0.0562,0.147518075,0.00581622391039878,0.121212121,0.0108830581881966,"070521A",2.0865,0.489466281303128
"070529A",3.09323,0.155336037,22.56252244,-10.24641694,1.21432,1.34,2.03822263836872,1.97999,0.76,-5.590066877,9.5680718329,0.0241292843908654,509.067418855503,104.989060108319,1.4745730624,1.7956,4.15435152355874,3.9203604001,0.5776,31.2488476893325,0.0794726286049195,0.0552,0.068045,0.03501,0.015,0.0250918873122187,0.096969697,0.0662623494478934,"070529A",2.4996,0.544018407858776
"070612A",4.28248684804013,0.113943352,21.81792086,-10.6855682401749,2.09482701501565,1.52,2.09166695759568,2.20942,0.940937118924916,-5.522878745,18.3396936036367,0.0129830874649959,476.021670653223,114.181368615434,4.38830022283938,2.3104,4.37507066149759,4.8815367364,0.885362661770721,30.5021896319728,0.179553274171887,2.09865393458745,0.791216741492073,0.590858571632477,0.265595211353587,0.00464486077306445,0.187878788,0.075202507501554,"070612A",0.617,0.208710019906401
"070714B",3.22974,0.431363764,21.64321572,-10.74232143,1.64623,1.36,1.80617997398389,2.07429,0.93,-6.142667504,10.4312204676,0.186074696892248,468.428786702455,115.397469705437,2.7100732129,1.8496,3.26228609842043,4.3026790041,0.8649,37.7323640646976,0.0570608478039056,0.09935,0.0946,0.108425,0.005,0.0329010971465546,0.115151515,0.0194969464108742,"070714B",0.923,0.28397928423848
"070721B",3.94739,0.176091259,21.89473409,-10.50863831,2.5054,1.34,2.53147891704225,1.52512,0.52,-5.443697499,15.5818878121,0.0310081314962051,479.379380871808,110.4314791304,6.27702916,1.7956,6.40838550742943,2.3259910144,0.2704,29.6338424606189,0.0272330828930823,0.3648,0.10084,0.09144,0,0.0146227098205568,0.066666667,0.0526417554416033,"070721B",3.626,0.6652056284346
"070802A",3.92184,-0.397940009,21.91375294,-11.6716204,1.16348,1.79,1.2148438480477,1.99014,0.78,-6.552841969,15.3808289856,0.15835625076292,480.212567915359,136.226722761696,1.3536857104,3.2041,1.47584557513934,3.9606572196,0.6084,42.9397378706878,0.0799687771394852,0.17395,0.236245,0.2088785,0.045,0.0470015673425834,0.163636364,0.065802194705171,"070802A",2.45,0.537819095073274
"070810A",3.36583,0.278753601,21.93100401,-10.77728353,1.36994,2.04,1.04139268515823,2.17076,1.02,-6.161150909,11.3288115889,0.0777035700704672,480.968936886636,116.149840286009,1.8767356036,4.1616,1.08449872470106,4.7121989776,1.0404,37.9597805234715,0.197037086517346,0.06175,0.07187,0.077915,0.01,0.0228877197175498,0.084848485,0.0277061869917745,"070810A",2.17,0.501059262217751
"071003A",4.78411,0.799340549,20.86974084,-11.67760082,1.97901,1.36,2.17609125905568,1.91015,0.837,-5.080921908,22.8877084921,0.638945313275621,435.546082728764,136.366360911265,3.9164805801,1.8496,4.73537316773854,3.6486730225,0.700569,25.8157674351944,0.0130126209875294,0.1359,0.098505,0.183105,0.032,0.00951357025803561,0.042424242,0.0167116683635139,"071003A",1.60435,0.415699348887829
"071010A",4.26684307328939,0.255272505,21.52664292,-11.0048154584975,1.88831433121741,1.34,1.22788670461367,1.70111,0.862573031815322,-5.958607315,18.2059498120776,0.065164051808975,463.396355405186,121.105963275586,3.56573101348107,1.7956,1.50770575936703,2.8937752321,0.744032235215076,35.5050011343715,0.0303226794958065,2.15291687192053,0.787801415412721,0.517845008780769,0.243367154270957,0.00877362590591064,0.042424242,0.0166587833050111,"071010A",0.99,0.298853076409707
"071010B",3.5191121269502,1.851258349,21.34755638,-10.4624367356632,1.12874626581504,1.83,2.04571405894087,2.04425,0.873767901402406,-4.443697499,12.384150162048,3.42715747474221,455.718163397279,109.462582447754,1.2740681325914,3.3489,4.18494601094832,4.1789580625,0.763470345521165,19.7464474626189,0.0794726286049195,2.05399273462361,0.724449473375401,0.466989137884552,0.245587624498283,0.0394813165061122,0.036363636,0.065802194060479,"071010B",0.947,0.289365951520032
"071020A",2.311950854,0.924279286,20.99642367,-9.169411331,1.119196934,1.11,0.6232492903979,1.59788,0.844,-5.638272164,5.34511675131133,0.85429219852867,440.849806930136,84.0781041570712,1.252601777075,1.2321,0.388439677981486,2.5532204944,0.712336,31.7901129953372,0.0601790284455221,0.035099822,0.039262062,0.011153209,0.001,0.0114438598661619,0.03030303,0.00940031347184909,"071020A",2.145,0.497620649781288
"071025A",3.59680312274788,0.28780173,21.41315218,-10.7675398355655,1.49272866260506,1.58,0.938519725176492,1.88453,0.913749578499138,-6.395773947,12.9369927038089,0.0828298357909929,458.523086283839,115.939914110489,2.22823886016268,2.4964,0.880819274545358,3.5514533209,0.834938292207352,40.905924381124,0.0249128885171781,2.10880866876275,0.72658146179058,0.48327637715036,0.253224217536828,0.0188006269082896,0.024242424,0.0363643704117435,"071025A",5,0.778151250383644
"071031A",3.66209976718478,0.301029996,21.53322281,-10.6677273635311,1.19916281861795,1.52,1.3541084391474,2.4947,0.819392820550851,-5.677780705,13.4109747048148,0.09061905849176,463.679684585104,113.800407102629,1.43799146555574,2.3104,1.83360966497021,6.22352809,0.67140459437028,32.2371937340703,0.0335671166680867,2.09060319268598,0.731568124358247,0.468637360349594,0.241774589540966,0.00658021942774567,0.115151515,0.096509884965017,"071031A",2.69,0.56702636615906
"071112C",3.29568964078165,-0.22184875,21.15768338,-10.4259915214381,1.26300602215189,0.6,2.23578087032756,1.98504,0.835385491389544,-5.721246399,10.8615702083555,0.0492168678765625,447.647566008328,108.701299205098,1.59518421199194,0.36,4.99871610012266,3.9403838016,0.69786891922415,32.7326603580705,0.543566918166863,2.04746451139101,0.706419760612293,0.471126233672604,0.239343850709563,0.0165270627330643,0.13,0.0507946764616626,"071112C",0.82,0.260071387985075
"071117A",3.901990464,1.053078443,22.04291793,-11.23542972,1.104952391,1.57,0.819543935541869,2.0457,0.94,-5.619788758,15.2255295811469,1.1089742071113,485.890230868716,126.234880993059,1.22091978637662,2.4649,0.671652262283455,4.18488849,0.8836,31.5820256845432,0.120079755769867,0.101024385,0.117162967,0.089387802,0.01,0.0109670323640116,0.036363636,0.00931712484047533,"071117A",1.331,0.367542273520577
"080310A",4.32608056,0.113943352,21.45058625,-11.3990271,1.59590648,2.32,2.56229286445647,2.09352,0.878,-5.638272164,18.7149730116099,0.0129830874649959,460.127650468689,129.937818826534,2.54691749290599,5.3824,6.56534472324456,4.3828259904,0.770884,31.7901129953372,0.0207018675137275,0.04247343,0.03798676,0.065276352,0.0375,0.0228877197323238,0.096969697,0.0404936579440628,"080310A",2.42,0.534026106056135
"080319B",5.36799912,1.394451681,20.8771334,-12.15181088,1.42250979,1.04,1.69897000433602,1.81426,0.73,-4.091514981,28.8154145523208,1.94449549064373,435.854699001396,147.666507663286,2.02353410264584,1.0816,2.88649907563353,3.2915393476,0.5329,16.7404948397474,0.00155572020808234,0.097779455,0.087626454,0.075139905,0,0.0032494910720681,0.012121212,0.00530662856410116,"080319B",0.937,0.287129620719111
"080319C",3.19029,0.716003344,21.75037415,-8.91721463,1.45203,1.37,1.53147891704226,1.61029,1.94,-5.443697499,10.1779502841,0.512660788619182,473.078775664988,79.516716757486,2.1083911209,1.8769,2.34542767334492,2.5930338841,3.7636,29.6338424606189,0.11349174293958,0.05004,0.04713,0.02854,0.199995173,0.00731135491027843,0.042424242,0.0151851217472848,"080319C",1.95,0.469822015978163
"080330A",3.65256487866756,0.285557309,21.21643247,-10.5264469079461,1.3614585823461,0.8,1.97127584873811,2.01678,0.832186957221806,-5.27572413,13.3412301928757,0.0815429767233215,450.13700675407,110.806084505808,1.85356947144386,0.64,3.88592847181814,4.0674015684,0.692535131770087,27.8332650958643,0.0361306862537016,2.06523901529757,0.730818473882988,0.475735414090303,0.23952036691,0.0117854676147647,0.066666667,0.0434294481567233,"080330A",1.51,0.399673721481038
"080411A",4.20932562,1.635483747,21.57289018,-10.11350927,1.28909841,1.75,1.7481880270062,1.97674,0.91,-4.578396073,17.7184221751884,2.67480708670116,465.38959071834,102.283069754376,1.66177471066453,3.0625,3.05616137776783,3.9075010276,0.8281,20.9617106012618,0.00776276208179474,0.06043543,0.049275581,0.010296793,0,0.000997002942546105,0.018181818,0.00548351617874055,"080411A",1.03,0.307496037913213
"080413A",3.04662046434044,0.079181246,21.35024026,-9.86745957245323,1.27707067360821,0.6,1.58771096501891,1.97999,0.848179628060498,-5.958607315,9.28189625373795,0.00626966971811252,455.832759159725,97.3667584139989,1.63090950539012,0.36,2.52082610844128,3.9203604001,0.719408681456845,35.5050011343715,0.0148761559697317,1.95295248102003,0.693928990703865,0.472102022892423,0.247563551601448,0.0263208776707414,0.024242424,0.0526417552900893,"080413A",2.43,0.535294120042771
"080413B",4.43322946154298,0.255272505,21.41315218,-11.1532885197564,1.90529177199033,1.87,0.938519725176492,2.20942,0.883363503905622,-6.468521083,19.6535234586927,0.065164051808975,458.523086283839,124.39584480493,3.63013673641406,3.4969,0.880819274545358,4.8815367364,0.780331080032418,41.8417650012155,0.0427179076347192,2.18095708633289,0.805970583982917,0.518401569637256,0.246478816947644,0.00464486077306445,0.066666667,0.0358921059636159,"080413B",1.1,0.322219294733919
"080430A",4.21762911,0.414973348,21.51787914,-11.17198494,0.99269763,1.73,1.20951501454263,2.03541,0.99,-5.920818754,17.7883953095194,0.172202879550329,463.019122683647,124.813247499587,0.985448584607617,2.9929,1.46292657040406,4.1428938681,0.9801,35.0560947177181,0.0585255609478052,0.028180965,0.038388523,0.020935069,0.0755,0.0219340647449938,0.054545455,0.0202468289563662,"080430A",0.767,0.247236549506764
"080516A",3.77452827,0.255272505,22.03528962,-11.12090412,0.94016916,1.82,0.763427993562937,2.3315,1.48,-6.585026652,14.2470636610292,0.065164051808975,485.55398863728,123.674508446233,0.883918049415106,3.3124,0.582822301355532,5.43589225,2.1904,43.3625760075503,0.0159503209321748,0.077803665,0.111057696,0.084888358,0.03,0.0404936579835962,0.163636364,0.04386812953948,"080516A",3.2,0.6232492903979
"080603A",3.75665348971761,0.462397998,21.70983536,-10.6952119572797,1.29113532506452,1.76,1.27875360095283,2.07429,0.900955441828184,-6.086186148,14.1124454418075,0.213811908554408,471.316951358306,114.387558811138,1.66703042762947,3.0976,1.63521077194983,4.3026790041,0.811720708159818,37.0416618281071,0.0361306862537016,2.09561968565527,0.739279714034186,0.472444215863465,0.254978580192019,0.0155321080197879,0.036363636,0.0376012540900799,"080603A",1.69,0.429752280002408
"080603B",3.90524369944196,0.832508913,21.61964524,-10.6353807290755,1.4252511531348,1.4,1.61278385671974,2.06549,0.864356214613836,-5.318758763,15.2509283520311,0.693071090224441,467.409060303455,113.11132325239,2.03134084951208,1.96,2.60107176849578,4.2662489401,0.747111665741559,28.2891947789893,0.0944541322659323,2.08476529577117,0.752112843144362,0.479362286888498,0.243153565125967,0.00358921059277238,0.066666667,0.0404936579440628,"080603B",2.6893,0.566943971856554
"080605A",3.65625630690944,-0.397940009,22.0746007,-10.7516277023426,1.15053381738602,0.6,1.57634135020579,1.62007,0.85693881387885,-6.468521083,13.368210181815,0.15835625076292,487.287996064441,115.597498249781,1.32372806494885,0.36,2.48485205236862,2.6246268049,0.734344130732091,41.8417650012155,0.0611908230548872,2.10586910373464,0.73114810000245,0.467004842183741,0.248217499327803,0.00974847321620432,0.024242424,0.0292454197184288,"080605A",1.6403,0.421653275711644
"080607A",3.46298403,1.36361198,22.38386741,-10.0540393,1.7256074,1.31,1.89762709129044,2.03418,1.06,-4.619788758,11.992258392035,1.85943763199952,501.03752022846,101.083706245944,2.97772089893476,1.7161,3.60098857759942,4.1378882724,1.1236,21.3424481685432,0.0180592945376601,0.11042072,0.069659314,0.037637388,0.02,0,0.024242424,0.0125337512846333,"080607A",3.036,0.605951157564873
"080710A",4.09266933,0,20.89722339,-11.23284413,1.52133785,1.47,2.07918124604762,2.00149,1.3,-5.853871964,16.7499422447226,0,436.693945411563,126.176787248875,2.31446885384262,2.1609,4.32299465391615,4.0059622201,1.69,34.2678169709052,0.0631067762093961,0.06269498,0.054210787,0.06401643,0.150517844,0.0376012538165791,0.139393939,0.0526417552900893,"080710A",0.845,0.265996370495079
"080721A",2.87876286,1.320146286,21.79728278,-8.714442691,1.33437559,1.11,1.20951501454263,1.9433,0.735,-4.920818754,8.28727560411538,1.74278621643959,475.121536591284,75.9415114147233,1.78055821518785,1.2321,1.46292657040406,3.77641489,0.540225,24.2144572097181,3.86039539469557,0.007019299,0.007554816,0.006435673,0,0.0219340647449938,0.048484848,0.0226686984976336,"080721A",2.591,0.555215405126073
"080810A",3.2687548,0.301029996,21.45079548,-9.931814138,1.44529526,1.34,2.02530586526477,2.11482,1.079,-5.337242168,10.684757942523,0.09061905849176,460.136626724788,98.6409320717767,2.08887838857847,1.7956,4.10186384787588,4.4724636324,1.164241,28.4861539598773,0.0177699795108654,0.031830706,0.039738688,0.036139295,0.0015,0.0114438598573077,0.036363636,0.0263208776246799,"080810A",3.35,0.638489256954637
"080905B",3.67820615,-0.301029996,22.33533151,-10.11125904,1.36946226,1.78,2.10720996964787,1.86248,0.375,-5.744727495,13.5292004818978,0.09061905849176,498.867033661599,102.237559373982,1.87542688156431,3.1684,4.44033385618337,3.4688317504,0.140625,33.001893991809,0.095199838533423,0.03236457,0.038825489,0.033301752,0.00558525,0.0292454196637412,0.090909091,0.0526417557651133,"080905B",2.374,0.528145078253106
"080913A",4.40348985838582,0.28780173,20.95382587,-11.5430554194077,1.33332927943347,2.16,2.25719842613934,1.85684,0.950532721428131,-5.603800653,19.3907229329068,0.0828298357909929,439.062818590281,133.242128415518,1.77776696739458,4.6656,5.09494473496593,3.4478547856,0.903512454505569,31.4025817585632,0.143091047552685,2.25718526440114,0.804532476547603,0.484436705556798,0.264328124940913,0.00731135491027843,0.19,0.0202468291390677,"080913A",6.73,0.888179493918325
"080916A",3.60698,0.431363764,21.7431239,-10.75269955,0.998947,1.17,1.77815125038364,1.88453,0.83,-5.397940009,13.0103047204,0.186074696892248,472.763436930751,115.62054761257,0.997895108809,1.3689,3.16182186924092,3.5514533209,0.6889,29.1377563407629,0.0457883734550316,0.0592,0.073495,0.0260505,0.01,0.00658021942774567,0.127272727,0.0194969464108742,"080916A",0.6887,0.227552503379865
"080928A",4.08450503,0.322219295,21.51035195,-11.1260984,1.76031774,1.77,2.44715803134222,2.13864,0.99,-5.602059991,16.6831813400953,0.103825274070297,462.695241012869,123.790065606483,3.09871854575871,3.1329,5.98858243036273,4.5737810496,0.9801,31.3830761427629,0.0322625499166263,0.064484035,0.047916769,0.075970735,0,0.0210567021369837,0.072727273,0.0125337513552694,"080928A",1.692,0.430075055551939
"081007A",3.58176278,0.414973348,21.69605744,-10.58502665,1.00469263,2.51,1,2.102,0.92,-6.148741651,12.8290246121933,0.172202879550329,470.718908439779,112.04278918121,1.00940728077632,6.3001,1,4.418404,0.8464,37.8070238907422,0.127558078741005,0.053161115,0.084284398,0.039134851,0.005,0.0296573269567103,0.121212121,0.0404936579127324,"081007A",0.5295,0.184549481320698
"081008A",3.85550833,0.113943352,21.1376737,-10.79317412,1.47398467,1.69,2.26834391395106,1.98207,0.84,-5.366531544,14.8649444826994,0.0129830874649959,446.801249447672,116.492607584638,2.17263080739501,2.8561,5.14538411195884,3.9286014849,0.7056,28.799660812747,0.0944541322659323,0.06052989,0.056285684,0.063988679,0.025,0.0122422686816868,0.042424242,0.0202468291390677,"081008A",1.9685,0.472537053262077
"081028A",4.75426,-0.301029996,20.90308999,-11.3994,2.20023,1.25,2.41497334797082,2.51,0.945,-5.431798276,22.6029881476,0.09061905849176,436.939171130038,129.94632036,4.8410120529,1.5625,5.83209627140938,6.3001,0.893025,29.5044325111566,0.0544346314348955,0.0572,0.03025,0.054715,5e-04,0.0142275014568467,0.23030303,0.0526417557651133,"081028A",3.038,0.60616631460762
"081029A",4.48156171,-0.301029996,21.49704581,-11.86327943,2.51960373,1.43,2.43136376415899,1.95818,0.87,-5.677780705,20.0843953605381,0.09061905849176,462.122978557239,140.737398834261,6.34840295622991,2.0449,5.91152975366536,3.8344689124,0.7569,32.2371937340703,0.0734806588231774,0.083250805,0.04285341,0.169198521,0.001,0.0250675025476,0.109090909,0.105283510661638,"081029A",3.8479,0.685553652846326
"081109A",3.99085286458024,-0.602059991,21.19187281,-10.8800498684545,1.95686216066349,1.84,2.47450763911698,2.02817,0.916948112666877,-6.336299075,15.9269065867283,0.36247623276292,449.095473195217,118.375485140057,3.82930951583659,3.3856,6.12318805604827,4.1134735489,0.840793841323347,40.1486859678459,0.0933217274145018,2.13716442028416,0.768685669146029,0.707421890134774,0.254061681288363,0.00382325157840621,0.018181818,0.0350945035988966,"081109A",2.1,0.491361693834273
"081203A",4.02089,0.462397998,21.66176916,-10.9243983,1.86904,1.54,2.46834733041216,2.03508,0.82,-5.113509275,16.1675563921,0.213811908554408,469.232243141127,119.342478217043,3.4933105216,2.3716,6.09273854355282,4.1415506064,0.6724,26.147977105511,0.12256244375552,0.05695,0.03932,0.064395,0.0325,0.0102548874161921,0.036363636,0.0181523294061522,"081203A",2.1,0.491361693834273
"081221A",2.93195749,1.260071388,21.57331844,-9.354577731,1.23586126,1.21,1.53147891704226,2.4947,0.991,-4.742321425,8.5963747231671,1.58777990285625,465.408068513644,87.5081245253211,1.52735305396879,1.4641,2.34542767334492,6.22352809,0.982081,22.489612498014,0.0102431891779573,0.0249855,0.031176651,0.012861856,5e-04,0.00436257641157646,0.078787879,0.00723101035372789,"081221A",2.26,0.513217600067939
"081228A",3.38536197920127,0.113943352,20.67248024,-10.9313222977282,1.38652647945841,1.8,1.68124123737559,1.80565,0.963326858099085,-5.853871964,11.4606757302215,0.0129830874649959,427.35143927319,119.49380717681,1.92245567823934,3.24,2.8265720982522,3.2603719225,0.927998635535055,34.2678169709052,0.20601598202985,2.13912167082836,0.712085262134295,0.477350968678009,0.270616609805045,0.00951357025803561,0.066666667,0.0329010970302395,"081228A",3.44,0.64738297011462
"081230A",3.66959365,-0.15490196,20.67248024,-11.32975415,0.99376498,1.97,1.78318869107526,2.08621,1.02,-6.086186148,13.4659175561203,0.0239946172118416,427.35143927319,128.363329099442,0.9875688354744,3.8809,3.17976190797869,4.3522721641,1.0404,37.0416618281071,0.0985519956259729,0.0701444,0.08735027,0.040381418,0.02,0.0256789050871822,0.096969697,0.0376012540900799,"081230A",2.1,0.491361693834273
"090102A",3.15380077,0.740362689,21.72376179,-9.457174573,1.42487631,1.36,1.43136376415899,1.76997,0.667,-7.167491087,9.94645929685259,0.548136911263311,471.921826308664,89.4381509041977,2.03027249879922,1.8496,2.04880222534738,3.1327938009,0.444889,51.3729284822244,0.0360303570814986,0.036239983,0.041590346,0.021786596,0.002673458,0.0116121519146922,0.048484848,0.0382849130607791,"090102A",1.547,0.406028944963615
"090205A",3.70655,-0.301029996,21.81792086,-11.3419886,1.29089,2.15,0.944482672150169,2.03416,1.01,-6.721246399,13.7385129025,0.09061905849176,476.021670653223,128.64070540253,1.6663969921,4.6225,0.892047517991923,4.1378069056,1.0201,45.1751531560705,0.0885407573811254,0.13445,0.114585,0.084185,0.025,0.0415592805603905,0.139393939,0.0526417557651133,"090205A",4.6497,0.752025387323213
"090313A",3.64043899042192,-0.045757491,21.14580437,-10.3227766254626,1.27148514106962,1.87,2.15896526038341,2.03526,0.924944448086223,-5.899629455,13.2527960429842,0.00209374798261508,447.145042454311,106.559717259197,1.61667446396084,3.4969,4.66113099554241,4.1422832676,0.855522232045527,34.8056277063036,0.000756704468657758,2.02991942237785,0.73195122511506,0.471867653341738,0.25642792187046,0.00464486077306445,0.03030303,0.0267321414553261,"090313A",3.38,0.6414741105041
"090418A",3.52813657,0.278753601,22.02365981,-10.04720756,1.52909667,1.48,1.7481880270062,2.03408,0.98,-5.337242168,12.4477476565714,0.0777035700704672,485.041591426609,100.946379753721,2.33813662620509,2.1904,3.05616137776783,4.1374814464,0.9604,28.4861539598773,0.032023099707459,0.028659405,0.030759021,0.042154514,0.003531332,0.0114438598573077,0.042424242,0.0415592806019498,"090418A",1.608,0.416307587059883
"090423A",3.91521772,0.230448921,22.7516324,-11.2798407,1.43267533,0.8,1.01283722470517,1.8158,0.77,-6.229147988,15.328929795002,0.0531067051900642,517.63677686473,127.234806217376,2.05255860119061,0.64,1.02583924374848,3.29712964,0.5929,38.8022846564045,0.0447672759398327,0.08569564,0.077643595,0.064053366,0.005,0.017844662826724,0.303030303,0.0309657384329063,"090423A",8.26,0.966610986681934
"090424A",2.99599056,1.851258349,21.63012977,-9.050609993,1.1284106,1.19,1.68124123737559,1.96315,0.924,-4.677780705,8.97595943560911,3.42715747474221,467.86251386704,81.9135412453915,1.27331048219236,1.4161,2.8265720982522,3.8539579225,0.853776,21.8816323240703,0.020561192440785,0.011257098,0.013394814,0.005546887,0,0,0.090909091,0.00741433173843615,"090424A",0.544,0.188647295999717
"090516A",4.33113504,0.204119983,21.19589965,-11.27490548,1.76098314,1.84,2.32221929473392,2.09,0.502,-5.045757491,18.7587307347158,0.0416649674599203,449.26616197287,127.123493582934,3.10106161936426,3.3856,5.3927024528345,4.3681,0.252004,25.4596686579826,0.13235641353242,0.03779605,0.029715315,0.053351589,0.479087085,0.0175472518118213,0.066666667,0.0329010970302395,"090516A",4.109,0.708335902682263
"090519A",3.44619,-0.22184875,22.13069392,-11.76000021,1.42452,1.02,1.80617997398389,1.46604,0.63,-5.920818754,11.8762255161,0.0492168678765625,489.767613380725,138.2976049392,2.0292572304,1.0404,3.26228609842043,2.1492732816,0.3969,35.0560947177181,0.0559162050288593,0.21145,0.24029,0.3065,0.03,0.0219340647449938,0.121212121,0.0877362588943192,"090519A",3.85,0.685741738602264
"090529A",4.472757799,-0.397940009,21.91952315,-12.1873998,0.8815438,2,2,2.22623,0.64,-6.167491087,20.0055623285153,0.15835625076292,480.465495123386,148.53271388504,0.77711947131844,4,4,4.9561000129,0.4096,38.0379463082244,0.0457201049030991,0.11547934,0.21900534,0.113675222,0.125,0.0658021941832558,0.181818182,0.065802194705171,"090529A",2.625,0.559308010907013
"090530A",3.6839464,0.397940009,20.90942658,-11.16052195,0.88610581,1.61,1.68124123737559,2.03975,1.09,-5.958607315,13.571461078073,0.15835625076292,437.204119904411,124.557250196432,0.785183506515756,2.5921,2.8265720982522,4.1605800625,1.1881,35.5050011343715,0.323703994596272,0.089175625,0.115365029,0.038514202,0.035,0.023928070636996,0.103030303,0.0315850532370607,"090530A",1.266,0.355259905527378
"090618A",3.67275453,1.589949601,21.39200012,-9.640164518,1.30942861,1.42,2.05384642685225,1.82831,0.8945,-3.978810701,13.4891258376355,2.52793973372006,457.61766913408,92.9327719341062,1.71460328468653,2.0164,4.21828514509377,3.3427174561,0.80013025,15.8309345943921,0.00227712475506529,0.009695255,0.014245613,0.010591616,0.002482662,0.00250675025669951,0.048484848,0.00541303397821518,"090618A",0.54,0.187520720836463
"090726A",3.59092558460477,0.294466226,21.52664292,-10.6255158895739,1.34118302300063,1.46,2.23426412437879,2.13395,0.972922460602301,-5.27572413,12.8947465541691,0.0867103582546831,463.396355405186,112.901587919588,1.79877190118511,2.1316,4.99193617748612,4.5537426025,0.946578114344436,27.8332650958643,0.233102740892789,2.08335671259062,0.727007269120475,0.483479210050569,0.270320677620476,0.00464486077306445,0.13,0.0404936579440628,"090726A",2.71,0.569373909615046
"090809A",4.56066,0.041392685,21.91952315,-11.8559,1.6367,1.34,0.732393759822969,1.94644,0.96,-6.468521083,20.7996196356,0.00171335437150922,480.465495123386,140.56236481,2.67878689,1.7956,0.536400619427624,3.7886286736,0.9216,41.8417650012155,0.0978170519847638,0.338,0.237865,0.319405,0.01,0.0387071730789222,0.145454545,0.0478561411902437,"090809A",2.737,0.572523097849638
"090812A",3.52924,0.556302501,21.77771022,-10.16730017,1.37252,1.24,1.82412583391655,1.88559,0.53,-5.236572006,12.4555349776,0.309472472618855,474.268662426292,103.373992746882,1.8838111504,1.5376,3.32743505796175,3.5554496481,0.2809,27.4216863740229,0.0954430381792181,0.10615,0.13258,0.08412,0.015,0.00907616471193707,0.03030303,0.0146227097949671,"090812A",2.452,0.538070787043172
"090927A",4.20121889,0.301029996,21.01785522,-11.6716204,1.13087741,1.8,0.342422680822206,2.06549,0.92,-6.698970004,17.6502401616928,0.09061905849176,441.750238048881,136.226722761696,1.27888371644831,3.24,0.117253292341467,4.2662489401,0.8464,44.8761991144918,0.079140097248206,0.076268475,0.093241949,0.074843971,0.01,0.0394813165061122,0.121212121,0.0263208776246799,"090927A",1.37,0.374748346010104
"091018A",2.89655535,1.012837225,21.19187281,-9.627087997,1.18074867,1.77,0.643452676486187,1.98015,0.91,-5.853871964,8.39003289561362,1.0258392443457,449.095473195217,92.6808233019815,1.39416742170677,3.1329,0.414031346877238,3.9209940225,0.8281,34.2678169709052,0.0593271632973848,0.024288603,0.034497878,0.016335114,0.002061639,0.0188006269082896,0.145454545,0.0102217000493888,"091018A",0.971,0.294686624279443
"091020A",2.95265011,0.62324929,21.70587483,-9.71219827,1.17417264,1.53,1.53907609879278,2.08587,0.895,-5.431798276,8.71814267208301,0.388439677485504,471.145002135627,94.326795235791,1.37868138852457,2.3409,2.36875523787519,4.3508536569,0.801025,29.5044325111566,0.0611908230548872,0.034480687,0.045271255,0.018244861,0.002182887,0.00711375072842337,0.042424242,0.0188006269582444,"091020A",1.71,0.432969290874406
"091024A",3.81985014642658,0.204119983,20.42473959,-10.2170443175013,1.59586943995137,1.17,0.938519725176492,1.75592,0.867370833066929,-5.974694135,14.5912551411551,0.0416649674599203,417.169987319313,104.387994585785,2.54679926937071,1.3689,0.880819274545358,3.0832550464,0.752332162055219,35.6969700068034,0.0944541322659323,2.01127831075502,0.744633923239831,0.490577011668017,0.247802142342297,0.0032494910720681,0.03030303,0.0267321414553261,"091024A",1.09,0.320146286111054
"091029A",4.30368998,0.255272505,21.45058625,-11.34678749,1.12123368,1.46,1.59328606702046,2.11535,1.064,-5.619788758,18.5217474439524,0.065164051808975,460.127650468689,128.74958634322,1.25716496516634,2.1316,2.53856049136152,4.4747056225,1.132096,31.5820256845432,0.0535069670692151,0.02563352,0.034224003,0.026782025,0.002,0.0109670323640116,0.163636364,0.0146227099269182,"091029A",2.752,0.574262829707027
"091109A",3.37933883,0.113943352,21.89596701,-11.14630179,1.06152816,1.31,1.68124123737559,1.96352,0.89,-5.795880017,11.4199309279458,0.0129830874649959,479.433371303008,124.240043593757,1.12684203447299,1.7161,2.8265720982522,3.8554107904,0.7921,33.5922251714599,0.151171637033423,0.05941034,0.074268877,0.033719571,0.03,0.0329010970878164,0.151515152,0.0809873158881255,"091109A",3.076,0.610234175334389
"091127A",3.98466812,1.667452953,20.87872913,-9.844663963,1.39581701,2.05,0.851258348719075,1.80187,0.758,-5.045757491,15.8775800265443,2.78039935046842,435.921330083911,96.9174085443909,1.94830512540534,4.2025,0.724640776263927,3.2467354969,0.574564,25.4596686579826,0.00919722887858148,0.018562516,0.021935207,0.013587309,0.00244132,0.00877362590591064,0.042424242,0.0152830902649864,"091127A",0.49,0.173186268412274
"091208B",3.31388094,1.181843588,21.91211094,-10.18045606,1.1606541,1.74,1.17318626841227,2.03333,0.86,-5.48148606,10.9818068844953,1.39675426649671,480.140605846868,103.641685589591,1.34711793984681,3.0276,1.37636602039112,4.1344308889,0.7396,30.0466894259743,0.0844607533808763,0.036806415,0.052928177,0.030502454,0.034663611,0.0159520470810336,0.066666667,0.0173163668981098,"091208B",1.063,0.314499227973151
"100219A",4.7218991,-0.397940009,22.27837171,-12.13548892,1.57242835419085,1.34,1.27415784926368,1.58721,0.46,-6.431798276,22.2963311105808,0.15835625076292,496.325846048928,147.270091327443,2.47253092906334,1.7956,1.62347822484025,2.5192355841,0.2116,41.3680290631566,0.153567256521456,0.326395625,0.103773463,0.730853403,0.005,0.0426825043705403,0.151515152,0.065802194705171,"100219A",4.6667,0.753330221324521
"100316B",3.5543767,0.113943352,21.41315218,-11.1481304,1.36246063,2.23,0.57978359661681,2.23535,1.08,-6.698970004,12.6335937255029,0.0129830874649959,458.523086283839,124.280811415404,1.8562989683,4.9729,0.336149018905924,4.9967896225,1.1664,44.8761991144918,0.0508837166213357,0.10431242,0.207348761,0.13322096,0.02,0.0263208776707414,0.109090909,0.0202468291390677,"100316B",1.18,0.338456493604605
"100316D",4.72690804271993,0.688419822,20.96124782,-10.9131447749931,1.82559208040454,1.37,2.25285303097989,1.96436,0.915348845583007,-4.920818754,22.3436596443303,0.473921851322512,439.373910171455,119.09672887996,3.33278644403578,1.8769,5.07534677919529,3.8587102096,0.837863509110144,24.2144572097181,0.0507507175232146,2.13606725833859,0.840949075691148,0.515813315157059,0.253613483411322,0.00464486077306445,0.042424242,0.0244408150465787,"100316D",0.06,0.0253058652647703
"100418A",5.54363,0,20.96124782,-12.48811664,1.81145,2.16,0.845098040014257,2.26662,0.84,-6.468521083,30.7318335769,0,439.373910171455,155.953057214245,3.2813511025,4.6656,0.714190697235938,5.1375662244,0.7056,41.8417650012155,0.0597638752654211,0.10745,0.075475,0.16786,0.01,0.0387071730789222,0.151515152,0.0526417552900893,"100418A",0.6235,0.21045229296202
"100425A",3.60199415,0.146128036,20.53466438,-11.50168945,0.86819371,2.42,1.568201724067,2.17077,1.46,-6.327902142,12.9743618566342,0.0213534029052173,421.672441199241,132.288860204241,0.753760318083564,5.8564,2.4592566473667,4.7122423929,2.1316,40.0423455187282,0.0442926372656583,0.070859065,0.115125536,0.055076895,0.035,0.0504016806776366,0.193939394,0.037601253750777,"100425A",1.755,0.440121603187804
"100508A",3.8386096081741,1.1430148,22.27837171,-10.886853699728,1.24209141145759,1.65,1.84123429550604,2.00022,0.828988423054067,-5.27572413,14.7349237239665,1.30648283301904,496.325846048928,118.523583479282,1.54279107441671,2.7225,3.39014373094763,4.0008800484,0.687221805557669,27.8332650958643,0.0611908230548872,2.13170443422891,0.759989350032381,0.489836430876143,0.238215932319725,0.0325421760411363,0.03030303,0.04386812953948,"100508A",0.5201,0.181872159010334
"100513A",3.74522911,-0.22184875,22.05240534,-11.57186521,0.96306136,1.62,1.92427928606188,2.25722,1.36,-5.853871964,14.0267410863914,0.0492168678765625,486.30858127966,133.908064438408,0.92748718312505,2.6244,3.70285077076682,5.0950421284,1.8496,34.2678169709052,0.0768849139192809,0.09817689,0.128616618,0.061569437,0.025,0.0188006269082896,0.084848485,0.0438681298090717,"100513A",4.772,0.761326322421457
"100621A",3.64164386,1.10720997,22.28454803,-9.804100348,0.94079321,1.9,1.80345711564841,2.3024,0.27,-4.677780705,13.2615700030757,1.2259139176674,496.601080901377,96.1203836336537,0.885091863982104,3.61,3.2524575679829,5.30104576,0.0729,21.8816323240703,0.0114965181804537,0.041282476,0.060455075,0.024177265,0.150679792,0,0.018181818,0.00616895571002009,"100621A",0.542,0.188084373714938
"100704A",3.62503495,0.633468456,21.52730245,-10.35163999,1.01294211,1.73,2.29556709996248,2.11575,1.29,-5.22184875,13.1408783887215,0.401282284747024,463.424750773776,107.156450482567,1.02605171821125,2.9929,5.26962831043015,4.4763980625,1.6641,27.2677043678766,0.0511462885027281,0.04763446,0.053639373,0.01813996,0.01,0.00877362590478576,0.036363636,0.0122422686602628,"100704A",3.6,0.662757831681574
"100728A",4.03148606,0.707570176,21.52592288,-10.17587417,1.5588143,1.18,2.29776051109913,1.90402,0.96,-4.420216403,16.2528798519743,0.500655553964671,463.365355835707,103.548415123673,2.42990202188449,1.3924,5.27970336636655,3.6252921604,0.9216,19.5383130493503,0.0276692267800383,0.0760751,0.053762484,0.034265796,0.005,0,0.012121212,0.0103219128043059,"100728A",1.567,0.409425868671443
"100814A",5.22729477,0.397940009,20.89608288,-11.49349497,1.76532941,1.47,2.2417954312952,1.89414,1.1425,-5.045757491,27.3246106124694,0.15835625076292,436.646279727829,132.100426625415,3.11638792581095,2.1609,5.02564675577603,3.5877663396,1.30530625,25.4596686579826,0.0235643330368845,0.04362636,0.035347138,0.084015169,0.01745135,0.00584908393727375,0.024242424,0.0210567021001345,"100814A",1.44,0.387389826338729
"100816A",3.97801299,1.037426498,21.34783526,-11.5559552,1.04455013,0.73,0.462397997898956,1.91138,1.09,-5.698970004,15.8245873486087,1.07625373875254,455.730070288099,133.540100584407,1.09108497408302,0.5329,0.213811908460963,3.6533735044,1.1881,32.4782591064918,0.093024842605729,0.08674922,0.112014005,0.047175154,0.015,0.0131604388353707,0.145454545,0.00965903766658571,"100816A",0.804,0.256236533205923
"100901A",4.91124,-0.096910013,21.53188109,-11.34103516,1.50754,1.52,2.64246452024212,1.98285,1.075,-5.677780705,24.1202783376,0.00939155061966017,463.6219032739,128.619078500356,2.2726768516,2.3104,6.98261874073842,3.9316941225,1.155625,32.2371937340703,0.0223211438643939,0.0283,0.02425,0.036255,5e-04,0.0376012538214001,0.127272727,0.0658021941113909,"100901A",1.408,0.381656482585787
"100906A",3.94074768,1.004321374,21.96198081,-10.4698003,1.71220056,1.78,2.05842602445701,2.02817,0.87,-4.920818754,15.5294922774254,1.00866142227325,482.328601098808,109.61671832188,2.93163075766431,3.1684,4.23711769816187,4.1134735489,0.7569,24.2144572097181,0.00604043447967716,0.048743085,0.039933316,0.059340084,0,0,0.018181818,0.0104241099532164,"100906A",1.727,0.43568513794163
"101219B",4.42003952,-0.22184875,20.49692965,-11.99567863,0.66918137,1.56,1.53147891704226,1.85684,0.94,-5.677780705,19.5367493583618,0.0492168678765625,420.124125077049,143.896305794239,0.447803705955077,2.4336,2.34542767334492,3.4478547856,0.8836,32.2371937340703,0.0692396239964869,0.089446275,0.166829365,0.039390628,0.105,0.0501350050952,0.096969697,0.131604388703391,"101219B",0.55,0.190331698170291
"101225A",4.3440106520715,1.037426498,21.53188109,-11.3783085855345,1.15986524480557,1.58,1.53907609879278,2.20942,0.876966435570145,-5.13667714,18.8704285453107,1.07625373875254,463.6219032739,129.465906267648,1.34528738610788,2.4964,2.36875523787519,4.8815367364,0.769070129116605,26.3854520405986,0.147896600362852,2.22432905754056,0.798528384442869,0.468778787603284,0.245207374813463,0.000997002942546105,0.163636364,0.00704023475700731,"101225A",0.847,0.266466895440241
"110106B",3.87203946,0.322219295,21.29748256,-10.81530857,1.22519883,1.76,1.39445168082622,2.05121,1.03,-5.698970004,14.9926895797971,0.103825274070297,453.582763393504,116.970899464315,1.50111217303337,3.0976,1.94449549015906,4.2074624641,1.0609,32.4782591064918,0.2911632385275,0.045543555,0.058714404,0.049891228,0.005,0.0131604388353707,0.066666667,0.0376012538590013,"110106B",0.618,0.208978517276253
"110205A",4.12468107878746,0.176091259,22.02365981,-10.9523777467403,1.74589238881875,1.8,2.25285303097989,2.20942,0.883363503905622,-5.619788758,17.0129940017073,0.0310081314962051,485.041591426609,119.954578307292,3.04814023333524,3.24,5.07534677919529,4.8815367364,0.780331080032418,31.5820256845432,0.0601790284455221,2.14309394611618,0.773101848093549,0.504566472703439,0.246478816947644,0.00464486077306445,0.018181818,0.0358921059636159,"110205A",2.21,0.506505032404872
"110213A",3.84089,0.204119983,21.56708403,-9.896196279,1.8412,1.83,1.68124123737559,1.96436,1.1905,-5.229147988,14.7524359921,0.0416649674599203,465.139113557081,97.9347007924934,3.39001744,3.3489,2.8265720982522,3.8587102096,1.41729025,27.3439886804045,0.144764827301084,0.03588,0.023515,0.02785,0.226362665,0.017844662826724,0.072727273,0.0987032913621525,"110213A",1.46,0.390935107103379
"110422A",3.50066971,1.487138375,22.02088312,-9.681936665,1.42239886,0.86,1.41329976408125,1.89199,0.778,-4.387216143,12.2546884185115,2.21158054639764,484.919293384701,93.7398975850713,2.0232185169293,0.7396,1.99741622315212,3.5796261601,0.605284,19.2476654853998,0.00950159657498538,0.024137407,0.029472713,0.022779716,0.005,0.00641972626198059,0.060606061,0.00857357580371156,"110422A",1.77,0.442479769064449
"110503A",2.54166555,0.130333768,21.13638759,-9.08249449,1.14649063,0.88,1,1.90907,0.687,-5,6.4600637680568,0.0169868910810778,446.746880354706,82.4917061608804,1.3144407646778,0.7744,1,3.6445482649,0.471969,25,0.147896600362852,0.028998071,0.028887961,0.006289914,0.001,0.0105283510764424,0.151515152,0.0116981677590657,"110503A",1.613,0.417139409727326
"110715A",2.61109719,1.731588765,22.0746007,-9.075720714,0.95853538,1.25,1.11394335230684,1.85342,0.755,-4.928117993,6.8178285356259,2.99839965107422,487.287996064441,82.3687064785287,0.918790074711744,1.5625,1.24086979214859,3.4351656964,0.570025,24.2863469529303,0.133629071354847,0.02377653,0.035600881,0.009554076,0.0015,0.00446116571350155,0.072727273,0.00537160769705798,"110715A",0.82,0.260071387985075
"110726A",3.54389537988949,0.688419822,21.29748256,-10.7404478616495,1.15755456321781,1.78,2.03822263836872,2.03333,0.84498109389276,-5.13667714,12.5591944636021,0.473921851322512,453.582763393504,115.357220268811,1.33993256682638,3.1684,4.15435152355874,4.1344308889,0.713993049036205,26.3854520405986,0.0457201049030991,2.10386098902081,0.722992704412281,0.467329040578831,0.241856083526585,0.00382325157840621,0.048484848,0.0146227097949671,"110726A",1.036,0.308777773664721
"110731A",5.08952072,1.041392685,21.95954126,-12.08512818,1.42351927,1.15,1.58883172559421,1.85145,0.39,-5.22184875,25.9032211593093,1.08449872437151,482.221452349642,146.05032312703,2.02640711206133,1.3225,2.52438625225467,3.4278671025,0.1521,27.2677043678766,0.130539784510126,0.097418495,0.090702815,0.110855301,0.13,0.00438681295239289,0.03030303,0.00717842119827721,"110731A",2.83,0.583198773968623
"110801A",3.84455177121836,-0.397940009,22.13069392,-10.462960819451,1.5793716272342,1.82,2.56229286445647,2.07429,0.924944448086223,-5.882728704,14.7805783215782,0.15835625076292,489.767613380725,109.473549109367,2.49441473691241,3.3124,6.56534472324456,4.3026790041,0.855522232045527,34.6064970048655,0.0815374132522222,2.05402410702902,0.746785179701591,0.489494535526051,0.256078138585561,0.00464486077306445,0.072727273,0.0267321414553261,"110801A",1.858,0.456062224454951
"110808A",4.50711,-0.397940009,22.44245468,-12.08440021,0.807091,2.32,1.68124123737559,2.33721,1.4,-6.48148606,20.3140405521,0.15835625076292,503.663772063854,146.032728435448,0.651395882281,5.3824,2.8265720982522,5.4625505841,1.96,42.0096615459743,0.204728382142163,0.0837,0.155655,0.0776,0.025,0.0638081883241343,0.260606061,0.131604388324606,"110808A",1.348,0.370698092575577
"110818A",3.84627415,0.204119983,22.06812647,-11.28316228,1.37167718,1.58,2.01283722470517,1.95985,0.83,-5.397940009,14.7938248369582,0.0416649674599203,487.002205895915,127.309751036815,1.88149828613275,2.4964,4.05151369315882,3.8410120225,0.6889,29.1377563407629,0.0761271871111022,0.05514905,0.059648416,0.067338189,0.01,0.0131604388554913,0.066666667,0.0493516456810763,"110818A",3.36,0.639486489268586
"111008A",3.98993393,0.806179974,22.17059025,-10.66756154,1.21584288,1.86,1.80250006776439,1.94053,0.829,-5.27572413,15.9195727657652,0.649926150478641,491.535072033395,113.796869209687,1.47827390884669,3.4596,3.24900649429064,3.7656566809,0.687241,27.8332650958643,0.0161841208084427,0.028511085,0.035676696,0.027351291,0.001,0.0148986100001386,0.054545455,0.0287884599571287,"111008A",4.9898,0.777412321496744
"111107A",3.53004986451842,1.371067862,22.04291793,-10.745791477443,1.17574857102533,1.3,1.17318626841227,2.04425,0.924944448086223,-5.13667714,12.4612520459865,1.87982708220925,485.890230868716,115.472034476686,1.3823847022681,1.69,1.37636602039112,4.1789580625,0.855522232045527,26.3854520405986,0.0249128885171781,2.10697120810296,0.735360180216113,0.469389826940409,0.25630276538831,0.0152584798116998,0.090909091,0.0507946764616626,"111107A",2.893,0.590284403718162
"111123A",4.42202873,-0.045757491,21.35034301,-11.60730305,1.46723371,1.68,2.46239799789896,2.55463,1.25,-5.13667714,19.5543380889454,0.00209374798261508,455.837146644656,134.729484094539,2.15277475976036,2.8224,6.06340390005679,6.5261344369,1.5625,26.3854520405986,0.131921983968531,0.07308827,0.070655771,0.105884147,0.005,0.0108167990541397,0.042424242,0.029245419876464,"111123A",3.1516,0.618215503279417
"111209A",4.13326,-0.301029996,21.14009932,-9.057000407,2.77382,1.48,3.14612803567824,1.81212,0.2529,-4.443697499,17.0838382276,0.09061905849176,446.903799259465,82.0292563723982,7.6940773924,2.1904,9.89812161688061,3.2837788944,0.06395841,19.7464474626189,0.00916727683590926,0.02099,0.010455,0.04435,4.99999999999997e-05,0.00731135491027843,0.018181818,0.0526417557651133,"111209A",0.677,0.224533062606086
"111228A",4.10627835,1.093421685,21.41342718,-10.65757732,1.15297662,2.27,2.00518051250378,2.03824,0.99,-5.070581074,16.8615218876787,1.19557098122824,458.534863593163,113.583954331778,1.32935508626662,5.1529,4.02074888772492,4.1544222976,0.9801,25.710792428007,0.023242060923901,0.030118345,0.037264425,0.023299272,0,0.00619314768795071,0.036363636,0.0106132571364139,"111228A",0.714,0.234010817587179
"120118B",3.68307,0.342422681,21.451745,-10.95467702,1.0241,2.08,1.36660971039243,2.20884,1.01,-5.744727495,13.5650046249,0.117253292463228,460.177363545025,120.004948612516,1.04878081,4.3264,1.86762210053888,4.8789741456,1.0201,33.001893991809,0.366834332160994,0.1172,0.131765,0.077156,0.005,0.0146227098318706,0.066666667,0.0358921059636159,"120118B",2.943,0.595826777073223
"120119A",3.6228252755104,0.079181246,21.90370028,-10.5344833388668,1.53961083412611,0.8,2.85733249643127,1.82831,0.907352510163661,-5.11577123,13.124862976877,0.00626966971811252,479.772085956072,110.975339216861,2.3704015205585,0.64,8.16434899516215,3.3427174561,0.823288577700297,26.1711152776957,0.223182009809232,2.06680719934868,0.72875110200825,0.487750909779468,0.251581086665177,0.00877362590591064,0.13,0.0329010970302395,"120119A",1.728,0.435844365984441
"120327A",3.48517215,0.591064607,22.16619025,-10.15181088,1.44859414,1.52,1.79865064544527,1.75797,0.63,-5.443697499,12.1464249151356,0.349357369648064,491.339990199195,103.059264143286,2.09842498244234,2.3104,3.23514414436068,3.0904585209,0.3969,29.6338424606189,0.0519338355314378,0.04362492,0.051679097,0.058002882,0.02,0.00731135491027843,0.036363636,0.0134978859726414,"120327A",2.813,0.581266805273671
"120404A",3.79948,0.079181246,21.70983536,-11.02687215,1.90651,1.85,1.58771096501891,1.89579,0.69,-5.795880017,14.4360482704,0.00626966971811252,471.316951358306,121.591909412446,3.6347803801,3.4225,2.52082610844128,3.5940197241,0.4761,33.5922251714599,0.179553274171887,0.11705,0.068285,0.121385,0.005,0.0164505485439082,0.078787879,0.0438681294132183,"120404A",2.876,0.588383768378728
"120422A",5.23266697,-0.22184875,20.89722339,-12.73992861,0.86153199,1.19,0.728353782021228,2.32199,1.1,-6.638272164,27.380803618929,0.0492168678765625,436.693945411563,162.305780987897,0.74223736979336,1.4161,0.530499231784627,5.3916375601,1.21,44.0666573233372,0.181516258611527,0.11830242,0.217818621,0.214451933,0.035,0.0457754394646476,0.145454545,0.0877362588943192,"120422A",0.283,0.108226656374928
"120711A",3.97747673457023,0.222716471,22.7516324,-10.906128086792,1.35068224640027,1.8,2.68699356626468,2.20942,0.849778895144368,-5.721246399,15.8203211740475,0.0496026264546938,517.63677686473,118.943629845513,1.82434253074089,3.24,7.21993442514778,4.8815367364,0.722124170632782,32.7326603580705,0.0509829165954318,2.13478577791482,0.759973241531758,0.484153002485303,0.240639342436045,0.00464486077306445,0.03030303,0.096509884965017,"120711A",1.405,0.381115080709851
"120729A",3.52138487,0.462397998,21.34792103,-10.29756946,2.26312734,1.62,1.85430604180108,1.8831,0.645,-5.619788758,12.4001514026649,0.213811908554408,455.733732303116,106.039936783525,5.12174535705548,2.6244,3.43845089665999,3.54606561,0.416025,31.5820256845432,0.223182009809232,0.06906832,0.047294772,0.130088482,0.013331067,0.0109670323640116,0.048484848,0.0181523294061522,"120729A",0.8,0.255272505103306
"120802A",3.53838419,0.477121255,22.12127744,-11.17198494,0.54215516,1.21,1.69897000433602,2.03526,0.91,-5.721246399,12.520162676042,0.227644691972775,489.350915577453,124.813247499587,0.293932217514626,1.4641,2.88649907563353,4.1422832676,0.8281,32.7326603580705,0.269476254010303,0.07803221,0.220557212,0.11816229,0.055,0.0415592805603905,0.284848485,0.0175472517520363,"120802A",3.796,0.680879174426811
"120811C",3.15909591,0.612783857,21.91722026,-10.14327111,1.01613299,1.4,1.42813479402879,1.92121,0.65,-5.522878745,9.97988696857873,0.375504055399796,480.364543925354,102.885948810961,1.03252625336634,1.96,2.03956898991565,3.6910478641,0.4225,30.5021896319728,0.0598545187455953,0.05294686,0.084200302,0.03800099,0.090734018,0.026320877674116,0.181818182,0.0128394525014921,"120811C",2.671,0.564784384503987
"120815A",3.55825427739053,-0.22184875,21.63012977,-10.6676871813765,1.1390026784787,1.35,2.2380461031288,2.51,0.889760572241099,-5.619788758,12.661173502568,0.0492168678765625,467.86251386704,113.799549799704,1.29732710158165,1.8225,5.00885035972999,6.3001,0.791673875914808,31.5820256845432,0.0782292570058625,2.09060369343345,0.723794007856888,0.466721657169808,0.247699240322957,0.00877362590591064,0.121212121,0.0358921059636159,"120815A",2.36,0.526339277389844
"120907A",3.2113827,0.462397998,21.0438101,-10.37675071,1.05329104,1.73,1.22788670461367,1.82021,0.78,-6.173925197,10.3129788458593,0.213811908554408,442.841943524862,107.676955297485,1.10942201494428,2.9929,1.50770575936703,3.3131644441,0.6084,38.1173523381515,0.0352171865714314,0.04130341,0.062296694,0.028647271,0.005,0.0432133812541372,0.151515152,0.0363046588123045,"120907A",0.97,0.294466226161593
"120922A",3.59799,0.301029996,21.0163605,-10.59516628,1.06622,1.58,2.2380461031288,2.06954,1.17,-5.207608311,12.9455320401,0.09061905849176,441.68740866596,112.257548500849,1.1368250884,2.4964,5.00885035972999,4.2829958116,1.3689,27.1191843207963,0.0759139130615947,0.16365,0.133375,0.03563,0.005,0.0297171200079232,0.218181818,0.0263208776246799,"120922A",3.1,0.612783856719735
"120923A",4.36290209557562,-0.301029996,21.14580437,-11.7614697800619,1.91544859754525,1.2,1.46538285144842,1.88733,0.851378162228237,-6.161150909,19.0349146955782,0.09061905849176,447.145042454311,138.33217138731,3.66894332983806,1.44,2.1473469013191,3.5620145289,0.72484477511913,37.9597805234715,0.246407281884026,2.30190465219446,0.800070261521989,0.572835281614554,0.252790012868015,0.00974847321620432,0.036363636,0.0317776449968039,"120923A",7.8,0.944482672150169
"121024A",4.17178823,0.113943352,21.94617755,-11.31158018,1.30353551,1.41,1.83884909073726,2.00683,0.87,-5.958607315,17.4038170359665,0.0129830874649959,481.634709056124,127.951846168569,1.69920482583096,1.9881,3.38136597850523,4.0273666489,0.7569,35.5050011343715,0.201804932881205,0.063305895,0.065435085,0.06666149,0,0.023928070636996,0.133333333,0.0404936579440628,"121024A",2.298,0.5182506513085
"121027A",5.40919042,0.113943352,22.07736427,-11.92081875,1.50995764,1.82,1.79657433321043,2.37144,1.16,-5.698970004,29.2593409998198,0.0129830874649959,487.410013110273,142.105919670352,2.27997207459437,3.3124,3.2276793347505,5.6237276736,1.3456,32.4782591064918,0.0334396932055774,0.041584155,0.037953731,0.058939694,0,0.0131604388353707,0.054545455,0.0404936579440628,"121027A",1.773,0.442949869577862
"121128A",3.23392922,1.11058971,22.04029767,-9.617982957,1.54546584,1.32,1.36735592102602,1.98504,0.9455,-5.161150909,10.4582981999698,1.23340950395788,485.774721382207,92.5055961611425,2.38846466260691,1.7424,1.86966221476491,3.9403838016,0.89397025,26.6374787054715,0.030393384687225,0.028690024,0.029795568,0.032445001,0.010337721,0.0152584798116998,0.109090909,0.00816151245369952,"121128A",2.2,0.505149978319906
"121211A",4.20933518,0,21.66138196,-11.2823295,1.15615612,2.36,2.26007138798507,2.0682,0.95,-5.886056648,17.7185026575856,0,469.215468417013,127.29095894657,1.33669697381345,5.5696,5.10792267878878,4.27745124,0.9025,34.645662863465,0.0937486856167922,0.054250775,0.063247159,0.074602829,0.005,0.0540590334499272,0.157575758,0.0789626331522811,"121211A",1.023,0.305995882770805
"121217A",3.63605196401454,0.146128036,21.71466751,-10.6267013836812,1.19511079253338,2.41,1.61278385671974,1.98504,0.904153975995922,-6.229147988,13.220873885014,0.0213534029052173,471.52678506985,112.926782297931,1.42828980642977,5.8081,2.60107176849578,3.9403838016,0.817494412309235,38.8022846564045,0.0373575732783381,2.08370602648373,0.730458682483057,0.468669179015613,0.250918372953857,0.0228877197175498,0.018181818,0.105283510661638,"121217A",3.1,0.612783856719735
"130215A",4.55962277496091,0.531478917,21.35034301,-11.2015071052803,1.81152742894822,1.53,1.94448267215017,2.02817,0.915348845583007,-5.229147988,20.7901598499422,0.282469839215493,455.837146644656,125.473761429645,3.28163162583176,2.3409,3.78101286229226,4.1134735489,0.837863509110144,27.3439886804045,0.00916727683590926,2.192196107417,0.821919071236596,0.567233236562546,0.253613483411322,0.00366612225284185,0.036363636,0.0292454197184288,"130215A",0.6,0.204119982655925
"130408A",3.58393,0.69019608,20.06405721,-10.32975415,1.39277,1.28,1.44715803134222,2.03183,0.945,-5.638272164,12.8445542449,0.476370628847366,402.566391726153,106.703820799442,1.9398082729,1.6384,2.09426636767829,4.1283331489,0.893025,31.7901129953372,0.202660966173494,0.077,0.070305,0.0643,0.117120218,0.0457754394646476,0.157575758,0.05371607691878,"130408A",3.757,0.677333151419902
"130418A",2.59006,-0.22184875,21.12149747,-9.247183569,1.28449,2.07,2.47712125471966,1.68684,0.198,-5.744727495,6.7084108036,0.0492168678765625,446.117655375216,85.5104039587836,1.6499145601,4.2849,6.13612971058392,2.8454291856,0.039204,33.001893991809,0.0667193561709255,0.06047,0.06867,0.031625,0.003,0.0292454196637412,0.103030303,0.0877362588943192,"130418A",1.218,0.345961541813141
"130420A",3.56731,0.531478917,20.79265849,-10.8728952,0.914676,1.52,2.09166695759568,2.29559,1.17,-5.148741651,12.7257006361,0.282469839215493,432.334647081769,118.219850030183,0.836632184976,2.3104,4.37507066149759,5.2697334481,1.3689,26.5095405887422,0.0412728533734682,0.05505,0.08535,0.0286905,0.005,0.0111214976087664,0.151515152,0.0154828692044739,"130420A",1.297,0.361160995195026
"130427A",3.98740950552064,0.806179974,21.6447605,-10.2397203529907,1.42772342819136,1.85,2.0618293072947,2.102,0.880164969737883,-5.113509275,15.8994345647164,0.649926150478641,468.49565710236,104.851872907452,2.03839418740649,3.4225,4.25114009241934,4.418404,0.774690373953689,26.147977105511,0.366834332160994,2.01510073291085,0.75967782001308,0.479350459026804,0.245775034030795,0.0120881068052489,0.042424242,0.0125337513552694,"130427A",0.34,0.127104798364808
"130505A",3.24559,1.477121255,20.71960885,-8.91721463,1.3304,1.18,1.94448267215017,1.92439,0.724,-4.677780705,10.5338544481,2.18188720197277,429.302190896998,79.516716757486,1.76996416,1.3924,3.78101286229226,3.7032768721,0.524176,21.8816323240703,0.573753494860134,0.014975,0.024355,0.01565,0,0.0125337512738,0.042424242,0.027198240266324,"130505A",2.27,0.514547752660286
"130511A",2.65954,0.113943352,21.01365445,-10.51570016,1.16497,1.35,0.734799829588847,2.06879,0.65,-6.657577319,7.0731530116,0.0129830874649959,441.573673344005,110.579949855024,1.3571551009,1.8225,0.539930789563798,4.2798920641,0.4225,44.3233357584632,0.176931769719328,0.0838,0.089385,0.04916,0.01,0.0478561412369649,0.187878788,0.0404936579440628,"130511A",1.3033,0.362350507594848
"130514A",3.68772,0.447158031,21.19799139,-10.7212464,1.17745,1.8,2.3096301674259,2.0604,0.65,-5.040958608,13.5992787984,0.199950304687797,449.354838970514,114.945124369513,1.3863885025,3.24,5.33439151028379,4.24524816,0.4225,25.4112636875693,0.0272768816746671,0.078,0.078365,0.04188,0.08,0.00578480828803656,0.03030303,0.028200940433751,"130514A",3.6,0.662757831681574
"130604A",2.071571247,-0.096910013,21.35024026,-8.316052869,1.742079764,1.51,1.57634135020579,2.08823,0.98,-5.853871964,4.29140743139714,0.00939155061966017,455.832759159725,69.1567353200031,3.0348419041383,2.2801,2.48485205236862,4.3607045329,0.9604,34.2678169709052,0.0525216608426825,0.166441725,0.100184013,0.041653571,0.015,0.0188006269082896,0.072727273,0.0658021941113909,"130604A",1.06,0.313867220369153
"130606A",3.30222,0.414973348,20.24962877,-10.18045606,1.37571,1.52,2.44182077228928,1.86465,0.44,-5.537602002,10.9046569284,0.172202879550329,410.047465322812,103.641685589591,1.8925780041,2.3104,5.96248868398343,3.4769196225,0.1936,30.6650359325544,0.0303226794958065,0.06815,0.07782,0.05186,0.045,0.0181523294379188,0.072727273,0.0202468289563662,"130606A",5.913,0.839666556882433
"130702A",4.22876968983751,1.667452953,20.95382587,-10.586720139851,1.45522292538821,1.9,1.75587485567249,2.03526,0.835385491389544,-4.292429824,17.8824930896885,2.78039935046842,439.062818590281,112.078643319526,2.11767376257543,3.61,3.08309650878289,4.1422832676,0.69786891922415,18.4249537939647,0.0611908230548872,2.07602055413034,0.783697685646576,0.481040354930354,0.239130032961692,0.0482549424451731,0.084848485,0.0175472517520363,"130702A",0.15,0.0606978403536116
"130831A",3.31959,1.133538908,21.33992622,-9.89279003,1.28481,1.93,1.51188336097887,1.79449,1.01,-5.187086643,11.0196777681,1.28491045594983,455.392451075043,97.8672945776674,1.6507367361,3.7249,2.28579129720478,3.2201943601,1.0201,26.905867841989,0.0249128885171781,0.054815,0.089045,0.06727,0.009011148,0.000809873159060338,0.03030303,0.0116121519440579,"130831A",0.4791,0.16999753706657
"130925A",5.84588,0.86332286,21.99154725,-10.62525165,1.38344,1.85,2.25285303097989,2.69002,1.5915,-4.387216143,34.1743129744,0.74532636059858,483.628150448983,112.895972625828,1.9139062336,3.4225,5.07534677919529,7.2362076004,2.53287225,19.2476654853998,0.00859100615880472,0.06235,0.06424,0.12684,0.206936072,0.00641972626198059,0.084848485,0.0216335981299129,"130925A",0.347,0.129367595722986
"131030A",2.84594,1.44870632,20.84178667,-9.294136288,1.11188,1.3,1.61384182187607,2.09466,0.693,-4.537602002,8.0993744836,2.09875000160794,434.38007159779,86.3809693399184,1.2362771344,1.69,2.60448542603627,4.3876005156,0.480249,20.5898319285544,0.0427179076347192,0.025175,0.027575,0.00815,0.0075,0,0.018181818,0.006556802266626,"131030A",1.295,0.36078268987328
"131105A",3.9488,0.544068044,21.32749584,-10.91009489,1.19347,1.45,2.05037975626146,2.24976,0.94,-5.148741651,15.59302144,0.296010036501986,454.862078805217,119.030170508804,1.4243706409,2.1025,4.2040571448868,5.0614200576,0.8836,26.5095405887422,0.0158047698222509,0.03335,0.047885,0.04544,0.005,0.018535829347944,0.066666667,0.0451215046948386,"131105A",1.686,0.429106008332697
"131117A",2.87134,-0.15490196,22.01669496,-10.838632,0.951056,1.77,1.04139268515823,2.15896,0.86,-6.602059991,8.2445933956,0.0239946172118416,484.734856961689,117.475943631424,0.904507515136,3.1329,1.08449872470106,4.6611082816,0.7396,43.5871961247629,0.124850885271266,0.0823,0.12461,0.0362555,0.025,0.0421134042739674,0.854545455,0.0376012540900799,"131117A",4.042,0.702602841340427
"140206A",3.59073,1.28780173,22.00531353,-9.730487056,1.22509,1.04,1.97127584873811,1.88134,0.672,-4.795880017,12.8933419329,1.65843329579099,484.233823553601,94.6823783469835,1.5008455081,1.0816,3.88592847181814,3.5394401956,0.451584,23.0004651374599,0.0638117042913597,0.012995,0.021325,0.015545,0.021902336,0.00493516456317247,0.090909091,0.00678373136191891,"140206A",2.73,0.571708831808688
"140213A",3.829176603,1.371067862,20.99187128,-10.12551818,1.108879519,1.8,1.77815125038364,1.96657,0.83,-4.920818754,14.6625934569626,1.87982708220925,440.658659836089,102.526118413511,1.22961378765767,3.24,3.16182186924092,3.8673975649,0.6889,24.2144572097181,0.018986810867354,0.06303582,0.068643889,0.021746292,0.005,0,0.024242424,0.00896029879686819,"140213A",1.2076,0.343920385393226
"140419A",3.68383,0.69019608,22.04094236,-10.00568285,1.36898,1.21,1.97634997900327,1.87322,0.678,-4.795880017,13.5706034689,0.476370628847366,485.803140116842,100.113689294784,1.8741062404,1.4641,3.90595923950624,3.5089531684,0.459684,23.0004651374599,0.0175057628797337,0.023985,0.02442,0.017885,0.001,0,0.024242424,0.0107432153660297,"140419A",3.956,0.695131297704026
"140423A",3.90552,0.322219295,21.81946365,-10.85078089,1.18974,1.33,2.12710479836481,2.06486,0.77,-5.026872146,15.2530864704,0.103825274070297,476.088993973671,117.739445922789,1.4154812676,1.7689,4.52457482322659,4.2636468196,0.5929,25.2694435722306,0.0745819195311915,0.05035,0.05495,0.045115,0.149849463,0.00840028010644005,0.036363636,0.0250675025037319,"140423A",3.26,0.629409599102719
"140430A",4.14388,0.397940009,21.67796993,-11.36251027,0.875171,2,2.23954972084047,2.15785,1.03,-5.958607315,17.1717414544,0.15835625076292,469.934380285984,129.106639635855,0.765924279241,4,5.01558295211664,4.6563166225,1.0609,35.5050011343715,0.00923562857434798,0.0861,0.13071,0.0833725,0.035,0.0478561412739919,0.133333333,0.0210567021001345,"140430A",1.6,0.414973347970818
"140506A",3.30686,1.037426498,21.81764402,-9.903089987,0.948932,1.68,2.04571405894087,1.74751,0.9,-5.552841969,10.9353230596,1.07625373875254,476.009590583442,98.0711912906197,0.900471940624,2.8224,4.18494601094832,3.0537912001,0.81,30.8340539326878,0.0373575732783381,0.05516,0.06882,0.01557,0.047966029,0.0282009404055501,0.096969697,0.0217328347697396,"140506A",0.889,0.276231957921834
"140509A",3.58709,0.204119983,20.90144742,-11.09770006,1.40649,1.59,1.3654879848909,1.93407,0.86,-5.920818754,12.8672146681,0.0416649674599203,436.870504251025,123.158946621724,1.9782141201,2.5281,1.86455743688141,3.7406267649,0.7396,35.0560947177181,0.0968019365519981,0.08395,0.088715,0.10418,0.22,0.0438681294899875,0.121212121,0.065802194060479,"140509A",2.4,0.531478917042255
"140512A",3.53686,0.832508913,21.32824297,-9.504455662,1.25134,1.45,2.18977095634687,1.84304,0.871,-4.853871964,12.5093786596,0.693071090224441,454.893948187355,90.3346774309239,1.5658517956,2.1025,4.7950968412603,3.3967964416,0.758641,23.5600730429052,0.0134302087551698,0.01504,0.022285,0.02006,0.002482817,0.00564018807248688,0.024242424,0.0116121519263043,"140512A",0.725,0.236789099409293
"140518A",3.77824,0,22.46148952,-11.31158018,1.64981,0.92,1.78175537465247,1.93772,0.94,-6,14.2750974976,0,504.51851145707,127.951846168569,2.7218730361,0.8464,3.17465221510296,3.7547587984,0.8836,36,0.0174377429441569,0.09045,0.070125,0.18819,0,0.0263208776911062,0.36969697,0.0263208778621919,"140518A",4.707,0.756407872548958
"140614A",3.70006,-0.468521083,21.94617755,-10.9589,1.35595,1.5,2.85733249643127,1.77015,0.83,-5.886056648,13.6904440036,0.219512005215493,481.634709056124,120.09748921,1.8386004025,2.25,8.16434899516215,3.1334310225,0.6889,34.645662863465,0.0965452753437635,0.1129,0.098945,0.093145,0.05,0.0809873160298533,0.278787879,0.0579059309278577,"140614A",4.233,0.718750734739665
"140629A",2.85608,0.62324929,21.74269921,-9.847711656,1.16056,1.86,1.6232492903979,1.95996,0.815,-5.619788758,8.1571929664,0.388439677485504,472.744968936535,96.9774248597183,1.3468995136,3.4596,2.63493825877729,3.8414432016,0.664225,31.5820256845432,0.11934296985134,0.042785,0.06161,0.03501,0.001678552,0.0219340647280231,0.066666667,0.025067502542057,"140629A",2.275,0.515211304327802
"140801A",3.9071674982367,0.434568904,20.06405721,-10.8535972729826,1.23579521880376,0.73,1.20951501454263,1.88453,0.872168634318537,-5.744727495,15.2659578592772,0.188850132323761,402.566391726153,117.800573764095,1.52718982281823,0.5329,1.46292657040406,3.5514533209,0.760678126689062,33.001893991809,0.0178168986276154,2.12465528921768,0.752474654718491,0.470075025571857,0.245610074454373,0.00789626330733186,0.018181818,0.0329010970302395,"140801A",1.32,0.3654879848909
"140907A",3.90598828728399,0.041392685,20.06405721,-10.707701458956,1.29349533326022,0.8,1.15533603746506,1.98504,0.924944448086223,-5.744727495,15.2567445003997,0.00171335437150922,402.566391726153,114.654870534128,1.67313017716598,0.64,1.33480135946547,3.9403838016,0.855522232045527,33.001893991809,0.0180592945376601,2.09796104470098,0.752657169264855,0.472760044321992,0.256143051006889,0.0114438598573077,0.042424242,0.0202468289563662,"140907A",1.21,0.344392273685111
"141004A",3.30337,0.785329835,21.49730845,-10.61083392,1.54959,1.86,0.593286067020457,1.79496,1.08,-6.173925197,10.9122533569,0.616742949741127,462.134270594441,112.589796477823,2.4012291681,3.4596,0.351988357320603,3.2218814016,1.1664,38.1173523381515,0.118918281379886,0.0853,0.081935,0.09774,0.005,0.0117854676147647,0.048484848,0.0129446939597113,"141004A",0.573,0.196728722623287
"141121A",5.76634,-0.045757491,21.59590717,-12.65757732,2.33322,1.73,2.74028371968188,1.93447,0.82,-5.27572413,33.2506769956,0.00209374798261508,466.383206495257,160.214263611778,5.4439155684,2.9929,7.50915486435356,3.7421741809,0.6724,27.8332650958643,0.0298708467608446,0.1675,0.090095,0.2969,0.01,0.0198648133335181,0.078787879,0.0877362591468426,"141121A",1.47,0.392696953259666
"141220A",2.77561,0.949390007,21.48574413,-9.872830386,1.42066,0.62,0.857935264719429,1.80565,1.1,-5.585026652,7.7040108721,0.90134138539146,461.63720081983,97.4727798307249,2.0182748356,0.3844,0.736052918449197,3.2603719225,1.21,31.1925227035503,0.0285379269892753,0.042455,0.057375,0.050735,0.07,0.0101234144958991,0.23030303,0.0207018138855974,"141220A",1.3195,0.365394376854778
"141221A",3.38980024322744,0.204119983,21.53322281,-10.2899347459515,1.41705333662263,1.41,0.951823035315912,1.74506,0.806598683879897,-6.173925197,11.4907456889848,0.0416649674599203,463.679684585104,105.882757075941,2.00804015883333,1.9881,0.905967090557996,3.0452344036,0.650601436836783,38.1173523381515,0.190629725370006,2.02376063315147,0.712188578461104,0.478990547268578,0.236334102149976,0.0277061870402603,0.042424242,0.0413613792035401,"141221A",1.45,0.389166084364532
"150120B",3.39431,0.079181246,21.52664292,-10.79048499,1.17705,2.2,1.38560627359831,2.01678,0.92,-6.26760624,11.5213403761,0.00626966971811252,463.396355405186,116.434566319415,1.3854467025,4.84,1.919904745435,4.0674015684,0.8464,39.2828879796869,0.0605561232063109,0.0711,0.090535,0.057705,0.005,0.0389938928598178,0.151515152,0.0438681294132183,"150120B",3.5,0.653212513775344
"150314A",2.49217,1.58546073,22.01715025,-8.609064893,1.19079,1.08,1.16996817399689,1.84772,0.73,-4.657577319,6.2109113089,2.51368572637213,484.754905131075,74.1159983318851,1.4179808241,1.1664,1.36882552816562,3.4140691984,0.5329,21.6930264824632,0.0772668657532129,0.015025,0.015855,0.009925,0,0.00358921059277238,0.018181818,0.00615293243518074,"150314A",1.758,0.440594261839831
"150323A",3.71043087507841,0.814247596,21.03780485,-10.9658384229659,1.09508942923586,0.9,1.57863920996807,2.06584,0.940937118924916,-5.148741651,13.7672972787352,0.662999147591779,442.589232906684,120.249612318594,1.19922085802411,0.81,2.49210175524862,4.2676949056,0.885362661770721,26.5095405887422,0.0875106835217229,2.14559705691443,0.736850795842577,0.466141917408413,0.262349902728652,0.00382325157840621,0.23030303,0.0134978859726414,"150323A",0.593,0.202215775801131
"150403A",3.19694,1.245512668,21.79039707,-8.821023053,1.24471,1.23,1.61172330800734,1.70996,0.679,-4.769551079,10.2204253636,1.55130180614848,474.821404468265,77.8104477015574,1.5493029841,1.5129,2.59765202157413,2.9239632016,0.461041,22.7486174951901,0.127565659233959,0.005105,0.006975,0.00458,0,0.00464486077306445,0.024242424,-0.00897302649073752,"150403A",2.06,0.48572142648158
"150413A",4.01794020145252,0.301029996,20.8771334,-10.5503324745077,1.94371267404282,2.54,2.16226561429802,1.94053,0.972922460602301,-5.721246399,16.1438434624484,0.09061905849176,435.854699001396,111.309515322651,3.77801895923468,6.4516,4.6753925867756,3.7656566809,0.946578114344436,32.7326603580705,0.0965452753437635,2.06953988881946,0.76260316122285,0.520466982437087,0.326479375401709,0.0188006269082896,0.042424242,0.105283510661638,"150413A",3.139,0.61689542640076
"150821A",2.95174,0.255272505,22.340573,-8.853871964,1.82628,2.1,2.23578087032756,2.21622,0.848,-6.102372909,8.7127690276,0.065164051808975,499.101201968329,78.3910487549052,3.3352986384,4.41,4.99871610012266,4.9116310884,0.719104,37.2389551204971,0.249936990138878,0.021105,0.015485,0.027365,5e-04,0.0633033767677802,0.224242424,0.0329010970302395,"150821A",0.755,0.244277120801843
"150910A",3.85419,0.041392685,20.842422,-9.970616222,2.03808,1.42,2.04999285692014,1.78547,0.6645,-5.318758763,14.8547805561,0.00171335437150922,434.406554826084,99.4131878464096,4.1537700864,2.0164,4.20247071342361,3.1879031209,0.44156025,28.2891947789893,0.149214122903764,0.703965,0.02868,0.06663,0.002458792,0.0219340647615575,0.072727273,0.0957122823804874,"150910A",1.359,0.372727940885595
"151021A",3.15765,0.986771734,22.33647975,-9.642065153,1.33346,1.57,2.04218159451577,1.96079,1.27,-4.552841969,9.9707535225,0.973718455021367,498.91832762216,92.9694204146969,1.7781155716,2.4649,4.17050566497896,3.8446974241,1.6129,20.7283699946878,0.0143797213270818,0.06282,0.05208,0.02141,0.04,0.00940031346851669,0.024242424,0.0217079403838907,"151021A",2.33,0.52244423350632
"151027A",3.99907,0.832508913,21.65076489,-9.935542011,1.74508,1.72,2.11290649025331,2.00612,0.9235,-5.107905397,15.9925608649,0.693071090224441,468.755620322057,98.7149950523459,3.0453042064,2.9584,4.46437383655458,4.0245174544,0.85285225,26.0906975447017,0.0183350782589844,0.02221,0.01731,0.02499,0.002440971,0.00674894299290958,0.03030303,0.0232243038526087,"151027A",0.81,0.257678574869184
"151029A",2.7098,0.255272505,21.55195354,-10.76639985,1.23481,0.49,0.951823035315912,2.307153,1.25,-6.408935393,7.34301604,0.065164051808975,464.486701390319,115.91536573008,1.5247557361,0.2401,0.905967090557996,5.322954965409,1.5625,41.0744528716481,3.89871091300026,0.09735,0.12415,0.07301,0.33,0.040493657988788,0.654545455,0.04386812953948,"151029A",1.423,0.384353414137506
"151031A",3.69323,0.230448921,21.98623592,-11.5214335,0.897942,2.41,0.698970004336019,2.12551,1.24,-6.494850022,13.6399478329,0.0531067051900642,483.394569929898,132.743429894922,0.806299835364,5.8081,0.488559066961494,4.5177927601,1.5376,42.1830768082734,0.194222396714333,1.01707,0.166825,0.1244685,0.01,0.0246758228535885,0.109090909,0.0309657384329063,"151031A",1.167,0.335858911319818
"151112A",4.43227,0.278753601,21.0151543,-11.6171,1.1526,1.77,1.28600712207947,2.17922,1.24,-6.026872146,19.6450173529,0.0777035700704672,441.636710252808,134.95701241,1.32848676,3.1329,1.65381431803913,4.7489998084,1.5376,36.3231878642306,0.543566918166863,0.0472,0.063015,0.06854,0.005,0.0336011204257601,0.127272727,0.0277061869917745,"151112A",4.1,0.707570176097936
"151215A",3.06337,0.204119983,21.57331844,-10.72815839,1.07478,1.99,1.25042000230889,2.20942,1.015,-6.508638306,9.3842357569,0.0416649674599203,465.408068513644,115.093382440927,1.1551520484,3.9601,1.56355018217417,4.8815367364,1.030225,42.3623725983306,0.0244827442345724,0.093,0.11588,0.071395,0.35435971,0.0594342399249789,0.2,0.0329010970302395,"151215A",2.59,0.555094448578319
"160117B",4.10299,-0.420216403,20.95374423,-11.74958,0.973333,1.73,1.77815125038364,1.83834,0.64,-6.4710833,16.8345269401,0.176581825350258,439.059397256258,138.0526301764,0.947377128889,2.9929,3.16182186924092,3.3794939556,0.4096,41.8749190755389,0.0178168986276154,0.12265,0.162075,0.093958,0.015,0.018535829347944,0.29,0.0451215046948386,"160117B",0.87,0.271841606536499
"160121A",3.8244,0.079181246,21.49704581,-11.17263073,0.798663,1.77,1.07918124604762,2.2054,1.02,-6.214670165,14.62603536,0.00626966971811252,462.122978557239,124.82767742894,0.637862587569,3.1329,1.1646321618209,4.86378916,1.0404,38.6221252597411,0.0862757376210665,0.0694,0.120385,0.106048,0.03,0.0215744899112776,0.078787879,0.0438681294132183,"160121A",1.96,0.471291711058939
"160131A",3.83167386915178,0.814247596,21.73850309,-10.2022974667619,1.43527503022772,1.17,2.10720996964787,2.00325,0.920146646834615,-4.920818754,14.6817246395406,0.662999147591779,472.562516593939,104.086873600296,2.06001441239518,1.3689,4.44033385618337,4.0130105625,0.846669851680986,24.2144572097181,0.201804932881205,2.0087622873823,0.745812131333479,0.480120124766364,0.254757383703039,0.0188715726956945,0.042424242,0.105283510661638,"160131A",0.972,0.294906910605192
"160203A",3.66139836,0.113943352,22.0158332,-11.36754271,1.146279559,1.93,1.30535136944662,1.75592,0.61,-5.920818754,13.4058379506107,0.0129830874649959,484.696911490222,129.221027263674,1.31395682738123,3.7249,1.70394219771618,3.0832550464,0.3721,35.0560947177181,0.0695758260308947,0.08458679,0.087010427,0.0601909,0.25,0.0219340647449938,0.121212121,0.0809873158881255,"160203A",3.52,0.655138434811382
"160227A",4.47751,-0.22184875,21.4198963,-10.99567863,1.10229,0.75,2.50037371435337,1.72551,0.679,-5.508638306,20.0480958001,0.0492168678765625,458.811957502754,120.904948534239,1.2150432441,0.5625,6.25186871142929,2.9773847601,0.461041,30.3450959863305,0.10341864138488,0.03055,0.03885,0.03434,0.001,0.0169812114071368,0.309090909,0.0438681298090717,"160227A",2.38,0.528916700277655
"160314A",3.38745157405314,-0.045757491,21.34792103,-10.7701641240462,1.11647968675189,0.73,1.2148438480477,2.00022,0.90895177724753,-5.744727495,11.4748281665551,0.00209374798261508,455.733732303116,115.996435258891,1.2465268909296,0.5329,1.47584557513934,4.0008800484,0.826193333361444,33.001893991809,0.0782292570058625,2.11018934116987,0.726168342828924,0.466626281108415,0.252361862795021,0.0104343479500535,0.018181818,0.0438681298090717,"160314A",0.726,0.237040791379191
"160327A",3.76407,0.255272505,20.72655851,-11.22402567,1.49693,1.84,1.44715803134222,1.93554,0.78,-5.853871964,14.1682229649,0.065164051808975,429.590227668453,125.978752240819,2.2407994249,3.3856,2.09426636767829,3.7463150916,0.6084,34.2678169709052,0.143091047552685,0.0673,0.06033,0.1004,0.02,0.0188006269082896,0.066666667,0.0292454196125618,"160327A",4.99,0.777426822389311
"160425A",3.69096574942497,0.113943352,21.94617755,-10.7265829489304,1.23457875584758,1.65,0.819543935541869,1.94053,1.00490780227969,-6.435333936,13.6232281634282,0.0129830874649959,481.634709056124,115.059581760285,1.52418470439016,2.7225,0.671652262283455,3.7656566809,1.00983969108259,41.4135228678333,0.018986810867354,2.10383669041578,0.751183541056922,0.47962756068332,0.280854500859572,0.00731135491027843,0.024242424,0.0451215046948386,"160425A",0.555,0.191730393362856
"160804A",4.38419,0.462397998,21.30214687,-11.5214335,0.948229,1.4,2.15896526038341,1.87827,0.92,-4.943095149,19.2211219561,0.213811908554408,453.781461271051,132.743429894922,0.899138236441,1.96,4.66113099554241,3.5278981929,0.8464,24.4341896520673,0.0579152245914454,0.05875,0.095375,0.070062,0.005,0.00692654676618381,0.139393939,0.0272284941841067,"160804A",0.736,0.239549720840473
"161014A",3.82864915708804,0.222716471,21.91722026,-10.8082103520211,1.4696511982486,1.52,1.2148438480477,1.98504,0.892959106408838,-6.657577319,14.658554368071,0.0496026264546938,480.364543925354,116.817411013536,2.15987464451354,2.3104,1.47584557513934,3.9403838016,0.79737596571847,44.3233357584632,0.204728382142163,2.116992120073,0.747749579961861,0.48628569374199,0.248551459151861,0,0.042424242,0.0154828692044739,"161014A",2.823,0.582404298019028
"161023A",4.03546226931598,-0.22184875,21.21643247,-10.4983193997239,1.46928757684453,2.2,2.78067727443337,2.01678,0.870569367234668,-5.508638306,16.2849557270729,0.0492168678765625,450.13700675407,110.214710218618,2.15880598346967,4.84,7.73216610455018,4.0674015684,0.75789102316737,30.3450959863305,0.0944541322659323,2.06033394166517,0.764395205082483,0.481889957377866,0.244321339697037,0.00382325157840621,0.018181818,0.0267321414553261,"161023A",2.71,0.569373909615046
"161108A",4.69106,-0.22184875,21.16074757,-11.81247928,0.883711,1.85,2.02160271602824,2.00325,0.84,-5.958607315,22.0060439236,0.0492168678765625,447.777237721261,139.534666740429,0.780945131521,3.4225,4.08687754145277,4.0130105625,0.7056,35.5050011343715,0.0491496346124695,0.13355,0.18179,0.0812555,0.005,0.023928070636996,0.103030303,0.0438681298090717,"161108A",1.159,0.334252642334231
"161117A",4.08464,0.832508913,21.87736847,-10.74958,1.141,1.19,2.09933527768596,1.92624,1.375,-4.698970004,16.6842839296,0.693071090224441,478.61925117215,115.5534701764,1.301881,1.4161,4.40720860813678,3.7104005376,1.890625,22.0803190984918,0.00378540227234077,0.03835,0.04019,0.02365,0.674290141,0,0.072727273,0.0116121519263043,"161117A",1.549,0.406369835469268
"161129A",3.70506,0.531478917,21.51361441,-10.43651891,2.32574,1.57,1.55059520748933,1.74506,0.71,-5.443697499,13.7274696036,0.282469839215493,462.83560498216,108.920926958788,5.4090665476,2.4649,2.40434549748887,3.0452344036,0.5041,29.6338424606189,0.0255903856410215,0.10625,0.050725,0.10628,0.005,0.00731135491027843,0.036363636,0.0154828692044739,"161129A",0.645,0.216165902285993
"161219B",4.0135,0.72427587,21.16590877,-10.13667714,0.871656,1.29,0.841359470454855,1.86204,0.73,-5.823908741,16.10818225,0.524575535864257,447.995694059963,102.752223440599,0.759784182336,1.6641,0.707885758524074,3.4671929616,0.5329,33.9179130234962,0.0495608715658856,0.0277,0.03841,0.008668,0,0.0175472517963205,0.212121212,0.0198648132987547,"161219B",0.1475,0.0597526942092988
"170113A",3.78434886690276,0.113943352,20.06405721,-10.7362379371296,1.34536440168464,1.52,1.80250006776439,1.98053,0.892959106408838,-6.091514981,14.3212963464282,0.0129830874649959,402.566391726153,115.26680504266,1.81000537332027,2.3104,3.24900649429064,3.9224990809,0.79737596571847,37.1065547637474,0.543566918166863,2.10351762254052,0.744739374495909,0.480045770444224,0.248448535400006,0.00877362590591064,0.1,0.0599386321664952,"170113A",1.968,0.472463896606989
"170202A",3.77629,0.672097858,21.7153121,-10.65364703,1.1958,1.68,1.66464197555613,1.99768,1.04,-5.48148606,14.2603661641,0.451715530728188,471.554779600406,113.500195039828,1.42993764,2.8224,2.7710329067834,3.9907253824,1.0816,30.0466894259743,0.107617659076501,0.04485,0.068655,0.059155,0,0.00797602354051679,0.042424242,0.0168005602426795,"170202A",3.645,0.666985718329661
"170405A",3.6300738,0.609594409,20.79066861,-10.31069114,1.81152426,1.59,2.21669359916975,1.8473,0.612,-5.431798276,13.1774357934464,0.371605343484059,432.251901250839,106.310351784474,3.28162014456855,2.5281,4.91373051260016,3.41251729,0.374544,29.5044325111566,0.0933217274145018,0.048255345,0.035670699,0.072401387,0.0475,0.0213412521852701,0.072727273,0.0125337513552694,"170405A",3.51,0.65417654187796
"170519A",4.1513,-0.15490196,21.33992622,-11.06348626,1.37345,1.94,2.33525725643453,1.97351,0.975,-5.958607315,17.23329169,0.0239946172118416,455.392451075043,122.400728225209,1.8863649025,3.7636,5.45342645373014,3.8947417201,0.950625,35.5050011343715,0.0991498518293477,0.053,0.052235,0.066745,0.224423613,0.0478561412739919,0.157575758,0.0376012540900799,"170519A",0.818,0.259593878885949
"170531B",3.80257,-0.096910013,21.21643247,-11.39577395,1.02082,1.95,2.21518796949713,2.06685,0.99,-5.698970004,14.4595386049,0.00939155061966017,450.13700675407,129.863663919499,1.0420734724,3.8025,4.90705774020483,4.2718689225,0.9801,32.4782591064918,0.0233394026426705,0.08415,0.11435,0.107427,0.035,0.0263208776707414,0.084848485,0.0658021941113909,"170531B",2.366,0.527114111639805
"170604A",3.74723069757133,0,22.13069392,-10.6231256581255,1.13530632117545,0.92,2.43136376415899,1.88453,0.892959106408838,-5.619788758,14.0417379008209,0,489.767613380725,112.850798748325,1.28892044290093,0.8464,5.91152975366536,3.5514533209,0.79737596571847,31.5820256845432,0.0223211438643939,2.08465096866181,0.75589109199984,0.467401470206435,0.248494856363785,0.00464486077306445,0.078787879,0.04386812953948,"170604A",1.329,0.367169488534681
"170607A",3.90037352121122,1.11058971,21.70983536,-10.4976606173174,1.29093408850031,1.21,1.58771096501891,2.02817,0.90895177724753,-4.920818754,15.2129136049656,1.23340950395788,471.316951358306,110.200878436376,1.66651082085212,1.4641,2.52082610844128,4.1134735489,0.826193333361444,24.2144572097181,0.0174377429441569,2.0601407408659,0.751768961567231,0.472479003046899,0.252032264214351,0.0119343109944412,0.13,0.0166587833050111,"170607A",0.557,0.19228861256812
"170705A",3.63746,1.1430148,21.08891889,-10.18641901,0.774169,1.65,2.33705972632052,1.89159,0.66,-5.022276395,13.2311152516,1.30648283301904,444.742499948999,103.763132247289,0.599337640561,2.7225,5.46184816438937,3.5781127281,0.4356,25.2232601877742,0.0361306862537016,0.04055,0.06603,0.027333,0.005,0.00831185611850908,0.03030303,0.0075743532835811,"170705A",2.01,0.478566495593843
"170714A",4.28080232,-0.397940009,21.06857915,-10.075204,1.10229,1.76,3,1.84715,0.6815,-5.552841969,18.3252685029174,0.15835625076292,443.885027399815,101.509735641616,1.2150432441,3.0976,9,3.4119631225,0.46444225,30.8340539326878,0.0402097830832432,0.066395795,0.023936409,0.149576982,0,0.0282009404055501,0.103030303,0.131604388324606,"170714A",0.793,0.253580289562183
"170903A",4.41384,0.591064607,21.73970839,-11.26042766,0.971187,1.94,1.46538285144842,2.20256,1.14,-5.619788758,19.4819835456,0.349357369648064,472.614920882236,126.797231086093,0.943204188969,3.7636,2.1473469013191,4.8512705536,1.2996,31.5820256845432,0.0534696644965983,0.04095,0.065935,0.051271,0.005,0.0219340647280231,0.072727273,0.0337447149872822,"170903A",0.886,0.27554168840131
"171205A",5.48376,0,20.8771334,-12.42945706,1.13263,1.41,2.27737997466725,1.66173,0.67,-5.443697499,30.0716237376,0,435.854699001396,154.491402806384,1.2828507169,1.9881,5.18645954901543,2.7613465929,0.4489,29.6338424606189,0.080640728753299,0.0719,0.109545,0.115455,0.01,0.0219340647308353,0.084848485,0.0789626331522811,"171205A",0.0368,0.0156949885265181
"171222A",4.78231,-0.15490196,20.02880298,-12.10957898,0.718496,2.07,2.24254142829838,1.99001,1.34,-5.721246399,22.8704889361,0.0239946172118416,401.152948811657,146.641903072858,0.516236502016,4.2849,5.02899205763456,3.9601398001,1.7956,32.7326603580705,0.0563106258528354,0.20975,0.378455,0.126956,0.015,0.0277061870402603,0.103030303,0.0752025075597391,"171222A",2.409,0.532627001228891
"180115A",3.4820681055126,0.814247596,22.56252244,-10.3771702035951,1.28670027163863,1.53,0.698970004336019,2.06183,0.90895177724753,-5.853871964,12.1247982914281,0.662999147591779,509.067418855503,107.685661434383,1.65559758903492,2.3409,0.488559066961494,4.2511429489,0.826193333361444,34.2678169709052,0.080640728753299,2.0390338988208,0.719002864233565,0.47245864827633,0.252133725053043,0.0164505485439082,0.018181818,0.0217328347697396,"180115A",2.487,0.542451947375977
"180205A",3.21372,0.531478917,21.4933967,-10.30627305,1.09633,2.04,1.19033169817029,1.88733,1.03,-6,10.3279962384,0.282469839215493,461.966101703571,106.219264181156,1.2019394689,4.1616,1.41688955166897,3.5620145289,1.0609,36,0.0875106835217229,0.06455,0.088815,0.042095,0.005,0.0263208776911062,0.078787879,0.0232243038705776,"180205A",1.409,0.381836799998343
"180325A",3.7995646527048,0.004321374,21.81792086,-10.822594667307,1.50049130239241,1.58,2.32221929473392,1.99236,0.946859204936484,-5.619788758,14.4366915500838,1.8674273247876e-05,476.021670653223,117.128555332822,2.25147414855527,2.4964,5.3927024528345,3.9694983696,0.89654235397295,31.5820256845432,0.0507507175232146,2.11908338319288,0.743005228985951,0.484304527663187,0.262394148277443,0.00382325157840621,0.018181818,0.0287884599571287,"180325A",2.248,0.511616020569138
"180329B",4.02296,0.146128036,21.41988474,-11.14935376,1.50063,0.97,2.32221929473392,1.86768,0.77,-5.48148606,16.1842071616,0.0213534029052173,458.811462274885,124.308089265626,2.2518903969,0.9409,5.3927024528345,3.4882285824,0.5929,30.0466894259743,0.0910900482369355,0.04825,0.04314,0.069665,0,0.0239280706215504,0.339393939,0.075202507501554,"180329B",1.998,0.476831628512261
"180404A",4.20449,0.113943352,20.48730103,-11.62342304,1.17089,1.95,1.54654266347813,1.62007,0.72,-5.886056648,17.6777361601,0.0129830874649959,419.729503493839,135.103963166803,1.3709833921,3.8025,2.39179420995803,2.6246268049,0.5184,34.645662863465,1.08507712685514,0.0661,0.1242,0.10229,0.065,0.0202468290074633,0.072727273,0.0404936579440628,"180404A",1,0.301029995663981
"180620B",4.6659,0.556302501,21.21643247,-10.98296666,1.09835,1.3,2.29841638006129,1.99236,0.9,-5,21.77062281,0.309472472618855,450.13700675407,120.625556654672,1.2063727225,1.69,5.28271785613406,3.9694983696,0.81,25,0.059954291621591,0.0437,0.067125,0.059445,0.005,0.00789626330733186,0.121212121,0.0146227097949671,"180620B",1.1175,0.325823419002744
"180624A",4.171185481,0.146128036,21.1034582,-11.54363397,1.243849338,1.91,2.68699356626468,2.06008,0.95,-5.236572006,17.3987883169052,0.0213534029052173,445.355947999147,133.255485233338,1.54716117564304,3.6481,7.21993442514778,4.2439296064,0.9025,27.4216863740229,0.0343795484178418,0.088149935,0.099379055,0.123366444,0,0.0136142470679056,0.060606061,0.037601253750777,"180624A",2.855,0.586024382386976
"180720B",3.62033,1.831869774,21.24271531,-8.847711656,1.34127,1.36,1.68928221447305,1.8461,0.729,-4.065501549,13.1067893089,3.35574686889481,451.252953741708,78.2820015477183,1.7990052129,1.8496,2.85367440013496,3.40808521,0.531441,16.5283028449214,0.032760188740062,0.004975,0.00614,0.005375,0,0.00306056717510092,0.018181818,0.0100786866055382,"180720B",0.654,0.218535505216528
"180728A",3.8695,2.120573931,21.58733599,-9.42365865,1.1986,1.97,0.938519725176492,1.70111,0.8595,-4.528708289,14.97303025,4.49683379683679,466.013075145149,88.8053423517198,1.43664196,3.8809,0.880819274545358,2.8937752321,0.73874025,20.5091987668573,0.0148761559697317,0.009885,0.014745,0.0091,0.042486494,0.00533531304621856,0.018181818,0.00578261707263729,"180728A",0.117,0.0480531731156091
"181010A",3.15711,0.146128036,22.27837171,-9.928117993,1.07011,1.52,1.2148438480477,1.76613,1.115,-6.161150909,9.9673435521,0.0213534029052173,496.325846048928,98.5675268829304,1.1451354121,2.3104,1.47584557513934,3.1192151769,1.243225,37.9597805234715,0.0580681587729877,0.034615,0.057805,0.033375,0.007041969,0.0267023396704747,0.090909091,0.037601253750777,"181010A",1.39,0.378397900948138
"181020A",4.29043,0.886490725,20.65703194,-10.42365865,2.64643,1.25,2.37657695705651,1.93674,1.228,-5.091514981,18.4077895849,0.785865805511026,426.71296857018,108.65265965172,7.0035917449,1.5625,5.64811803281199,3.7509618276,1.507984,25.9235248017474,0.021146889716851,0.1418,0.047555,0.091985,0.029531206,0.00974847321620432,0.036363636,0.0102548874264469,"181020A",2.938,0.595275711802099
"181110A",3.7664,0.568201724,20.88432911,-10.39577395,1.92336,2.02,2.14113609012074,1.76057,1.7505,-5.004364805,14.18576896,0.322853199156572,436.155202374793,108.072116019499,3.6993136896,4.0804,4.58446375641752,3.0996067249,3.06425025,25.0436671015227,0.0342910112443923,0.0907,0.05473,0.07443,0.141485526,0.00797602353536826,0.03030303,0.0213412522066114,"181110A",1.505,0.398807730203264
"181201A",4.10957765924326,0.633468456,21.52664292,-10.4121418819559,1.37140325904256,1.58,0.602059991327962,1.89482,0.857424991072346,-6.327902142,16.8886285373513,0.401282284747024,463.396355405186,108.412698569981,1.88074689891256,2.4964,0.362476233157826,3.5903428324,0.735177615315413,40.0423455187282,0.0601790284455221,2.04505513728374,0.771564184832449,0.476259289948396,0.241822594939891,0,0.066666667,0.0382849130607791,"181201A",0.45,0.161368002234975
"190106A",4.19124,0.740362689,22.00215742,-10.43297363,1.26841,1.43,1.88536122003151,1.94587,1.9365,-5.22184875,17.5664927376,0.548136911263311,484.094931134461,108.846938764275,1.6088639281,2.0449,3.55458692999871,3.7864100569,3.75003225,27.2677043678766,0.0127388781590608,0.02855,0.031095,0.027005,0.225510462,0.00877362590478576,0.127272727,0.0143568424076625,"190106A",1.859,0.456214155357989
"190114A",3.74534,-0.301029996,21.6447605,-10.75202673,1.18375,2.06,1.8234742291703,1.83214,0.86,-6.096910013,14.0275717156,0.09061905849176,468.49565710236,115.606078802635,1.4012640625,4.2436,3.32505826444822,3.3567369796,0.7396,37.1723117066197,0.0664080102445273,0.03365,0.042215,0.04616,0,0.0394813165359268,0.133333333,0.105283510661638,"190114A",3.3765,0.641126932803509
"190719C",4.88123,0.740362689,20.95382587,-11.257,1.55953,1.64,2.26881190373978,1.5415,0.915,-5.292429824,23.8264063129,0.548136911263311,439.062818590281,126.720049,2.4321338209,2.6896,5.14750745455133,2.37622225,0.837225,28.0098134419647,0.0226602223459461,0.2175,0.1943,0.21085,0.22,0.025546734235364,0.09,0.0236887899489543,"190719C",2.469,0.54020429984206
"190829A",4.0838,1.255272505,22.04910001,-9.56068,1.03996,2.56,1.76492298464989,2.0913,1.16,-5.193820026,16.67742244,1.57570906180898,486.162811250982,91.4066020624,1.0815168016,6.5536,3.11495314174547,4.37353569,1.3456,26.9757664624786,0.0660733688053005,0.013585,0.0191599999999998,0.0096749999999999,0.075,0.0475009589564058,0.21,0.0651441723009837,"190829A",0.0785,0.0328201494385639
"191011A",3.15321333,0.255272505,21.65033473,-10.8132081,1.30602449,1.94,0.867467487859051,1.81479,0.94,-6.48148606,9.94275430448969,0.065164051808975,468.736993921044,116.925469413906,1.70569996847976,3.7636,0.752499842492494,3.2934627441,0.8836,42.0096615459743,0.0559978453466017,0.05719327,0.06597695,0.05756962,0.19,0.0526417553674108,0.17,0.0482549424451731,"191011A",1.722,0.434888120867316
"191221B",1.95518066,0.681241237,21.91952315,-8.11145684,1.15734724,1.24,1.68124123737559,1.843,1.39,-4.721246399,3.82273141323804,0.46408962298929,480.465495123386,65.7957320671828,1.33945263393562,1.5376,2.8265720982522,3.396649,1.9321,22.2901675600705,0.144764827301084,0.06184721,0.05366691,0.00551831,0.175,0.0228576043082148,0.05,0.0633346119989973,"191221B",1.148,0.332034277027518
"200205B",4.53640048,0.301029996,21.70983536,-11.7337376,1.56884903,1.36,2.66086547800387,1.90881,0.516,-5.26760624,20.5789293149442,0.09061905849176,471.316951358306,137.680598065654,2.46128727893194,1.8496,7.08020509203276,3.6435556161,0.266256,27.7476754996869,0.0051064352834491,0.10035241,0.08886983,0.19267266,0.18,0.0160849808046748,0.22,0.0434294481567233,"200205B",1.465,0.391816923613249
"200613A",4.27691178768328,0.146128036,21.7153121,-10.8499132525021,1.26447015236849,0.8,2.78067727443337,1.91015,0.90895177724753,-4.920818754,18.2919744396242,0.0213534029052173,471.554779600406,117.72061758682,1.5988847662308,0.64,7.73216610455018,3.6486730225,0.826193333361444,24.2144572097181,0.144764827301084,2.12441787915864,0.791206510898843,0.475263633957425,0.252361862795021,0.0114438598661619,0.018181818,0.0292454196125618,"200613A",1.2255,0.347427598618541
"200829A",2.97975,1.994317153,21.08966848,-8.6381,1.29833,0.83,1.1152775913959,1.88219,0.64,-4.292429824,8.8789100625,3.97730090675002,444.774116596306,74.61677161,1.6856607889,0.6889,1.24384410586984,3.5426391961,0.4096,18.4249537939647,0.0969169434308637,0.0095499999999999,0.00926,0.00866,0.0195,0.00851557807845467,0.03,0.00704023475700731,"200829A",1.25,0.352182518111362
"201014A",4.21448856400094,1.44870632,21.21643247,-11.2393356464327,1.31846645947583,1.41,1.57634135020579,2.1711,0.90895177724753,-4.420216403,17.7619138560947,2.09875000160794,450.13700675407,126.322665773172,1.73835380476273,1.9881,2.48485205236862,4.71367521,0.826193333361444,19.5383130493503,0.366834332160994,2.19764118258171,0.783269837299032,0.48030641636497,0.253090521637954,0.00464486077306445,0.066666667,0.0493516456810763,"201014A",4.56,0.745074791582057
"201015A",3.9333962103869,0.28780173,22.00679538,-10.8858524006175,1.05722450754366,2.25,1.53907609879278,1.70111,0.940937118924916,-6.173925197,15.471605747886,0.0828298357909929,484.299042897189,118.501782488029,1.11772365935092,5.0625,2.36875523787519,2.8937752321,0.885362661770721,38.1173523381515,0.0597638752654211,2.13091493371985,0.759474802424733,0.464636922956048,0.263007138523809,0.00382325157840621,0.042424242,0.0376012538590013,"201015A",0.426,0.154119525515847
"201020A",3.96908872,0.322219295,20.93258486,-11.0900559,1.55158826,2.25,1.15136985024746,2.0761,0.99,-6.036212173,15.7536652672312,0.103825274070297,438.173108921101,122.989339865125,2.40742612856983,5.0625,1.32565253205886,4.31019121,0.9801,36.4358573974734,0.145589617977987,0.04915322,0.04826492,0.08306159,1.04,0.0330441453884962,0.14,0.0413613792035401,"201020A",2.903,0.591398551281249
"201021C",3.41480412833463,0.113943352,21.63012977,-10.2006046649163,1.31686358053497,1.34,1.01283722470517,1.87322,0.860973764731452,-6.327902142,11.6608872348912,0.0129830874649959,467.86251386704,104.052335529913,1.73412968973938,1.7956,1.02583924374848,3.5089531684,0.74127582355585,40.0423455187282,0.0777158546563713,2.00882393187505,0.715586348888866,0.473826741706168,0.242773100393587,0.00464486077306445,0.03030303,0.0267321414553261,"201021C",1.07,0.315970345456918
"201104B",2.72159651,0.612783857,21.73058526,-9.38944702,1.19537497,1.47,0.937517892017347,1.55046,0.605,-5.744727495,7.40708756324418,0.375504055399796,472.218335742129,88.1617153413869,1.4289213189025,2.1609,0.87893979785265,2.4039262116,0.366025,33.001893991809,0.00811616012108338,0.02110237,0.02972805,0.02348264,0.175,0.0241274712225866,0.07,0.0317776449968039,"201104B",1.954,0.470410490975931
"201221A",3.69587,0,22.86332108,-10.8802,1.06263,1.4,1.64836001098093,1.45068,0.4,-5.744727495,13.6594550569,0,522.731450807172,118.37875204,1.1291825169,1.96,2.71709072580106,2.1044724624,0.16,33.001893991809,0.0600613222120642,0.08575,0.223272,0.0994399,0.525,0.0482549424451731,0.15,0.130288344570976,"201221A",5.7,0.826074802700826
"210204A",4.01302409337867,-0.045757491,21.59122827,-10.5374328737615,1.33231173940634,1.94,1.70070371714502,1.94856,0.881764236821753,-5.698970004,16.1043623740377,0.00209374798261508,466.181138207247,111.037491569029,1.77505457095996,3.7636,2.89239313351089,3.7968860736,0.777508169337848,32.4782591064918,0.124850885271266,2.06720387854658,0.762244293512681,0.474469518413596,0.24740766336211,0.00464486077306445,0.151515152,0.0493516456810763,"210204A",0.876,0.273232834043046
"210210A",3.72413045,0.84509804,21.12319546,-10.1403778,1.5451851,1.53,0.819543935541869,1.85188,0.965,-6.008773924,13.8691476086172,0.714190697211842,446.189386441365,102.827261926733,2.38759699326201,2.3409,0.671652262283455,3.4294595344,0.931225,36.1053640697424,0.0387784332904449,0.05799791,0.08857348,0.10645081,0.15,0.0354526107425099,0.58,0.0310210344226792,"210210A",0.715,0.234264124378789
"210222B",3.24642494,0.146128036,21.14612804,-10.4520599,1.37828029,2.37,1.1078880251828,1.98,0.56,-6.468521083,10.539274891054,0.0213534029052173,447.158731084074,109.245556153188,1.89965655780248,5.6169,1.22741587634344,3.9204,0.3136,41.8417650012155,0.043498889845402,0.04184217,0.04927183,0.005516005,0.64,0.0894135698123102,0.33,0.0930631031960335,"210222B",2.198,0.504878459410216
"210411C",2.93128506,0.681241237,21.05996459,-9.72925773,1.16829405,1.6,1.10720996964787,1.88408,1.21,-5.920818754,8.5924321029792,0.46408962298929,443.522108532054,94.6584559767648,1.3649109872654,2.56,1.22591391688763,3.5497574464,1.4641,35.0560947177181,0.0202577864893789,0.05048963,0.05901459,0.03209979,0.14,0.0361912068292397,0.4,0.0271434051424274,"210411C",2.826,0.582744965691277
"210517A",3.057651,0.176091259,21.15768338,-10.8415194,1.21043545,1.85,0.48572142648158,1.71079,0.66,-6.823908741,9.349229637801,0.0310081314962051,447.647566008328,117.538542900576,1.4651539786167,3.4225,0.235925304143301,2.9268024241,0.4356,46.5657305054962,0.199990220154871,0.25872455,0.32132806,0.08060357,0.22,0.0868588963917867,0.25,0.0579059309278577,"210517A",2.486,0.542327382773974
"210610A",3.15453451,0.380211242,21.35337952,-10.4044334,1.0816785,1.41,1.13417710757677,1.83562,0.88,-6,9.95108797478094,0.144560588543183,455.966816925155,108.252234375036,1.17002837736225,1.9881,1.2863577113512,3.3695007844,0.7744,36,0.100484314152503,0.85146569,1.28215864,0.07850685,0.195,0.0434294481903252,0.19,0.0723824136024763,"210610A",3.54,0.657055852857104
"210610B",2.89514,1.130333768,21.03780485,-9.19036,1.05139,0.98,1.84123429550604,1.91684,0.78,-4.443697499,8.3818356196,1.27765442708108,442.589232906684,84.4627169296,1.1054209321,0.9604,3.39014373094763,3.6742755856,0.6084,19.7464474626189,0.0158369132201676,0.0225999999999997,0.0283100000000001,0.01291,0.029,0.0120637356019594,0.11,0.0225189731613911,"210610B",1.13,0.328379603438738
"210619B",2.91049117,2.06069784,21.83430305,-8.55006175,1.12578835,1.41,1.78461729263288,1.92306,0.745,-4.022276395,8.47095885064797,4.24647558778067,476.736789679239,73.103555928813,1.26739940899572,1.9881,3.18485888116429,3.6981597636,0.555025,16.1787073977742,0.00197833385893328,0.01027813,0.01099582,0.00437126,0.07,0.00457152086517999,0.02,0.00830824226926174,"210619B",1.937,0.4679039465228
"210722A",3.6504,0.342422681,20.54058972,-10.3507,1.43908,1.62,1.70070371714502,1.83712,0.81,-5.602059991,13.32542016,0.117253292463228,421.91582604537,107.13699049,2.0709512464,2.6244,2.89239313351089,3.3750098944,0.6561,31.3830761427629,0.0911698773853533,0.0364819,0.0395981,0.048071,0.09,0.0347435585260231,0.14,0.0987032913012404,"210722A",1.145,0.331427296520743
"210731A",4.80200435,0.204119983,20.92054437,-11.9404653,1.74153741,1.3,1.35237549500052,2.06317,1.525,-5.657577319,23.0592457774189,0.0416649674599203,437.669176737139,142.574711580504,3.03295255042951,1.69,1.8289194794779,4.2566704489,2.325625,32.0081811204632,0.0513907268812215,0.16085961,0.11699725,0.27863334,0.235,0.0394813165204961,0.59,0.0814302152923456,"210731A",1.2525,0.352664799651101
"210822A",2.4985,1.442479769,21.53322281,-8.20842,1.267456,1.3,2.25719842613934,1.70788,0.77,-4.698970004,6.24250225,2.08074788397429,463.679684585104,67.3781588964,1.606444711936,1.69,5.09494473496593,2.9168540944,0.5929,22.0803190984918,0.10261648377714,0.017735,0.01621,0.008455,0.026,0.00868588963134467,0.4,0.010974950807848,"210822A",1.736,0.437116093048079
"211024B",3.43921565,-0.045757491,20.98677173,-8.56429146,1.92622006,1.63,2.78067727443337,2.08,1.07,-5.167491087,11.8282042872049,0.00209374798261508,440.444587647127,73.3470882118289,3.7103237195464,2.6569,7.73216610455018,4.3264,1.1449,26.7029641342244,0.0148638654800828,0.01916437,0.01167528,0.00965772,0.055,0.0191600506592421,0.09,0.096509884965017,"211024B",1.1137,0.325043347403704
"220101A",3.04134881,0.86332286,21.90370028,-8.69262974,1.20052929,1.13,2.23894889831176,1.62241,0.491,-4.602059991,9.24980258408842,0.74532636059858,479.772085956072,75.5618117967325,1.4412705761479,1.2769,5.01289216925145,2.6322142081,0.241081,21.1789561607629,0.0313174061528694,0.01431841,0.02317526,0.01255481,0.016,0,0.13,0.0178477184393304,"220101A",4.618,0.749581734865559
"220117A",3.43803362,0.278753601,21.99532933,-10.1070569,1.68612083,1.84,1.69731654173238,1.78537,1.2,-5.795880017,11.8200751722503,0.0777035700704672,483.794512335158,102.152599179838,2.84300345335989,3.3856,2.88088344283838,3.1875460369,1.44,33.5922251714599,0.0299157959458657,0.05084186,0.04500955,0.06200239,0.55,0.0542868101948971,0.18,0.0914304172328591,"220117A",4.961,0.775319121829478
"220521A",3.30131796,0.672097858,21.85427081,-10.6276115,1.71067512,1.97,1.13193929521042,2.02179,1.1,-6.091514981,10.8987002730186,0.451715530728188,477.609152636818,112.946126194932,2.92640936618701,3.8809,1.28128656804147,4.0876348041,1.21,37.1065547637474,0.0862659940924207,0.16334814,0.13206168,0.12291833,0.4,0.042893282151299,0.18,0.0369612324969336,"220521A",5.57,0.817565369559781
"220611A",5.53,0.431363764,20.42473959,-12.4941008,2.26249671,1.87,1.75587485567249,1.90103,0.32,-6.173925197,30.5809,0.186074696892248,417.169987319313,156.102554800561,5.11889136276082,3.4969,3.08309650878289,3.6139150609,0.1024,38.1173523381515,0.0942443169455569,0.22640221,0.81046481,0.50304248,0.35,0.0842660934455674,0.29,0.065802194705171,"220611A",2.3608,0.526442668529935
"230116D",3.79761,-0.22184875,20.98677173,-11.1278,1.57289,1.38,1.61278385671974,1.76412,0.84,-6.090443971,14.4218417121,0.0492168678765625,440.444587647127,123.82793284,2.4739829521,1.9044,2.60107176849578,3.1121193744,0.7056,37.0935077638903,0.118428290732434,0.1014,0.13824,0.23491,0.22,0.0641814505632158,0.22,0.144764827428965,"230116D",3.81,0.682145076373832
"230325A",3.7823081,0.51851394,22.22918251,-10.9066853,0.931411844,1.82,1.58035466110659,2.0855,1.025,-5.886056648,14.3058545633256,0.268856705974324,494.13655506289,118.955784233236,0.86752802314348,3.3124,2.49752085488133,4.34931025,1.050625,34.645662863465,0.131947893472792,0.1875455,0.20042492,0.05714513,0.18,0.0668145357246291,0.18,0.0526417553674108,"230325A",1.664,0.425534220498263
"230328B",3.66388,0.924279286,21.14580437,-10.1038,1.20938,1.22,1.28397928423848,1.89331,0.865,-5.366531544,13.4240166544,0.85429219852867,447.145042454311,102.08677444,1.4625999844,1.4884,1.64860280235356,3.5846227561,0.748225,28.799660812747,0.0861743624797326,0.0267,0.03231,0.02421,0.84,0.0201997433247832,0.29,0.0258508620217341,"230328B",0.09,0.0374264979406237
"230414B",4.8792574,-0.22184875,21.69224395,-11.9505263,2.06160972,1.6,1.41463914673701,2.02038,0.37,-6.327902142,23.8071527754548,0.0492168678765625,470.553447586312,142.815078846992,4.25023463759848,2.56,2.00120391548081,4.0819353444,0.1369,40.0423455187282,0.148027729903839,0.11074106,0.069549,0.21988187,2.19,0.0924030812423339,0.3,0.144764827428965,"230414B",3.568,0.659726095237792
"230506C",4.25859,0.380211242,20.96124782,-11.4531,1.14181,1.89,1.49136169383427,2.08995,1.11,-5.769551079,18.1355887881,0.144560588543183,439.373910171455,131.17349961,1.3037300761,3.5721,2.22415970183623,4.3678910025,1.2321,33.2877196531901,0.0886038540634792,0.1023,0.11841,0.11299,0.29,0.0510934685037089,0.17,0.0904780170030954,"230506C",3.7,0.672097857935718
"230818A",3.9564,0.826074803,21.31377445,-11.0883,1.39195,1.36,0.99211148778695,2.00403,1.02,-5.721246399,15.65310096,0.682399580151489,454.276981305473,122.95039689,1.9375248025,1.8496,0.984285204198835,4.0161362409,1.0404,32.7326603580705,0.0552798328409481,0.2044,0.12794,0.19715,0.29,0.0228576043082148,0.1,0.0324100359406028,"230818A",2.42,0.534026106056135
"231210B",3.24045,0.591064607,21.82763844,-10.048,1.60174,1.08,0.873320601815399,1.66432281,0.84,-5.853871964,10.5005162025,0.349357369648064,476.445799867366,100.962304,2.5655710276,1.1664,0.76268887355521,2.7699704158863,0.7056,34.2678169709052,0.0376155997043379,0.05243,0.04808,0.060675,0.362,0.0620420687973556,0.19,0.0779502916284169,"231210B",3.13,0.615950051656401
"970508A",4.6664113702326,0.176091259,21.59122827,-11.2898274810982,1.52909375658879,1.85,2.04571405894087,1.99014,0.816194286383113,-5.795880017,21.775395076236,0.0310081314962051,466.181138207247,127.46020455296,2.33812771643882,3.4225,4.18494601094832,3.9606572196,0.666173113124439,33.5922251714599,0.0580681587729877,2.20724174903784,0.83362767120337,0.491046039963576,0.237884989212737,0.00533531304621856,0.072727273,0.0173163668981098,"970508A",0.83,0.262451089730429
"980326A",4.31970662532796,-0.045757491,21.70983536,-11.5553811426401,1.54203748439099,1.35,2.0618293072947,2.00403,0.870569367234668,-5.974694135,18.6598653289022,0.00209374798261508,471.316951358306,133.526833351682,2.37787960326688,1.8225,4.25114009241934,4.0161362409,0.75789102316737,35.6969700068034,0.00919722887858148,2.30347893118327,0.824177849706859,0.587503616571374,0.268443173884872,0.0263208776707414,0.042424242,0.0723824136024763,"980326A",1,0.301029995663981
"990510A",4.13955088036604,0.204119983,22.56660835,-10.6550298026764,1.57242835419085,1.21,2.10720996964787,2.08,0.792205280125074,-5.316052869,17.1358814911392,0.0416649674599203,509.25181242229,113.529660095923,2.47253092906334,1.4641,4.44033385618337,4.3264,0.627589205858047,28.2604181060031,0.0421049044034134,2.08831982870653,0.77452596822118,0.488578572653761,0.23624945561425,0.00731135491027843,0.58,0.0154828692044739,"990510A",1.62,0.418301291319745
