"","log10NH","PhotonIndex","log10PeakFlux","Beta","Beta_opt","log10Fluence","Alpha_opt","log10Ta_opt","Gamma","log10Ta","log10Fa","log10T90","Alpha","log10Fa_opt","log10NHSqr","PhotonIndexSqr","log10PeakFluxSqr","BetaSqr","Beta_optSqr","log10FluenceSqr","Alpha_optSqr","log10Ta_optSqr","GammaSqr","log10TaSqr","log10FaSqr","log10T90Sqr","AlphaSqr","log10Fa_optSqr","log10T90Err","log10FaErr","log10TaErr","AlphaErr","BetaErr","log10FaErr_opt","log10TaErr_opt","AlphaErr_opt","BetaErr_opt","log10FluenceErr","PhotonIndexErr","log10PeakFluxErr","GRB","is_optical","log10NH_opt","PhotonIndex_opt","log10PeakFlux_opt","Beta_opt","Beta_opt_opt","log10Fluence_opt","Alpha_opt_opt","log10Ta_opt_opt","Gamma_opt","log10Ta_opt","log10Fa_opt","log10T90_opt","Alpha_opt","log10Fa_opt_opt","Redshift_crosscheck","log10z"
"000926A",21.1545856750033,1.68528474322361,0.49787317309306,0,1.01,-5.73555346213348,2.14,5.12,1.99215342891529,0,0,1.397940009,0,-12.89,447.516495081055,2.84018466574227,0.247877696485752,0,1.0201,32.8965735169914,4.5796,26.2144,3.96867528433895,0,0,1.95423626876292,0,166.1521,0.0093822306004846,0,0,0,0,0.03,0.02,0.04,0.16,0.0315728375171381,0.179660088857786,0.0584643654542467,"000926A",1,5.28864641875083,0.421321185805902,0.124468293273265,0,0.2525,-1.43388836553337,0.535,1.28,0.498038357228823,0,0,0.34948500225,0,-3.2225,2.04,0.482873583608754
"011211A",20.9997109050585,1.73074257586597,0.0099540052549258,0,0.41,-5.54501519311092,1.98,5.23,1.91703135792151,0,0,2.431363764,0,-13.52,440.987858096033,2.99546986391517,9.90822206150904e-05,0,0.1681,30.7471934918309,3.9204,27.3529,3.67500922725439,0,0,5.91152975289225,0,182.7904,0.0777158547080599,0,0,0,0,0.06,0.04,0.11,0.15,0.040345966847899,0.171421395586027,0.0900586582057859,"011211A",1,5.24992772626462,0.432685643966493,0.00248850131373145,0,0.1025,-1.38625379827773,0.495,1.3075,0.479257839480377,0,0,0.607840941,0,-3.38,2.14,0.496929648073215
"020124A",21.1181965423643,1.66001947418774,0.286068555062632,0,1.32,-5.79045330113306,1.961572,4.454184,2.02236215224452,0,0,1.661907293,0,-12.7747,445.978225201927,2.75566465468254,0.0818352181956221,0,1.7424,33.5293494326027,3.847764711184,19.839755105856,4.08994867483109,0,0,2.76193585052659,0,163.19296009,0.0202577864729536,0,0,0,0,0.05493,0.065307,0.072088,0.25,0.0323124845604323,0.162788614352911,0.0687137148382266,"020124A",1,5.27954913559107,0.415004868546935,0.071517138765658,0,0.33,-1.44761332528327,0.490393,1.113546,0.50559053806113,0,0,0.41547682325,0,-3.193675,3.198,0.623042434246382
"021004A",21.0810752717726,1.67186887883644,0.355429318153098,0,0.67,-5.46547580308238,1.33,5.4,1.96438080403683,0,0,2,0,-12.92,444.411734614142,2.79514554802181,0.126330000202776,0,0.4489,29.871425754079,1.7689,29.16,3.85879194326838,0,0,4,0,166.9264,0.0143797213110485,0,0,0,0,0.02,0.02,0.03,0.14,0.036356115947561,0.193819704191375,0.062431543050404,"021004A",1,5.27026881794315,0.41796721970911,0.0888573295382745,0,0.1675,-1.3663689507706,0.3325,1.35,0.491095201009208,0,0,0.5,0,-3.23,2.34,0.523746466811564
"030226A",21.0511868725117,1.69364237204975,0.320464469437468,0,0.57,-5.88907181132459,2.121816,4.965035,1.94602716780256,0,0,1.344195716,0,-13.1407,443.152468741409,2.8684244844023,0.102697476171838,0,0.3249,34.6811667989379,4.502103137856,24.651572551225,3.78702173782565,0,0,1.80686212291275,0,172.67799649,0.0692396240032236,0,0,0,0,0.064136,0.032442,0.132162,0.12,0.0369501006956046,0.199398651948698,0.0723940497319666,"030226A",1,5.26279671812792,0.423410593012437,0.080116117359367,0,0.1425,-1.47226795283115,0.530454,1.24125875,0.48650679195064,0,0,0.336048929,0,-3.285175,1.99,0.47567118832443
"030329A",21.2067839200846,1.63361744707194,0.780376798107853,0,0.41,-5.15361554086595,1.46,5.5,1.94924493372129,0,0,1.798650645,0,-11.76,449.727684233159,2.66870596337784,0.608987947025065,0,0.1681,26.559753143055,2.1316,30.25,3.79955581163812,0,0,3.23514414275892,0,138.2976,0.0285379269708387,0,0,0,0,0.09,0.05,0.03,0.17,0.0273643578404255,0.164558266578791,0.0358944155859398,"030329A",1,5.30169598002115,0.408404361767985,0.195094199526963,0,0.1025,-1.28840388521649,0.365,1.375,0.487311233430323,0,0,0.44966266125,0,-2.94,0.17,0.0681858617461616
"050315A",21.91683806,2.11,0.285557309,0.856,0,-5.492144128,0,0,1.99544,4.86356,-11.3757179,1.980457892,1.10818,0,480.347790548265,4.4521,0.0815429767233215,0.732736,0,30.1636471227249,0,0,3.9817807936,23.6542158736,129.40695774038,3.92221346198508,1.2280629124,0,0.0636907468763651,0.03245,0.04512,0.049165,0.001,0,0,0,0,0.019691613,0.09,0.04950507,"050315A",0,0,0,0,0,0,0,0,0,0,0,0,0,0,0,1.949,0.469674772551798
"050318A",20.92661714,1.9,0.499687083,0.95,0,-5.966576245,0,0,1.98053,4.132084541,-11.15490196,1.505149978,1.874408221,0,437.923304924142,3.61,0.249687180917049,0.9025,0,35.6000320873983,0,0,3.9224990809,17.0741226539712,124.431837737212,2.2654764562734,3.51340617895238,0,0.148833498209321,0.06181969,0.043780336,0.085906519,0.037,0,0,0,0,0.030963588,0.1,0.027486993,"050318A",0,0,0,0,0,0,0,0,0,0,0,0,0,0,0,1.44,0.387389826338729
"050319A",20.93735437,2.02,0.181843588,0.971,0,-5.882728704,0,0,2.01045,3.73997,-10.70553377,2.183383742,0.863159,0,438.372808014958,4.0804,0.0330670904967137,0.942841,0,34.6064970048655,0,0,4.0419092025,13.9873756009,114.60845330061,4.76716456482992,0.745043459281,0,0.0311909396976911,0.04165,0.06193,0.034558,0.009,0,0,0,0.01,0.049065331,0.19,0.060001211,"050319A",0,0,0,0,0,0,0,0,0,0,0,0,0,0,0,3.24,0.627365856592733
"050401A",22.12570242,1.4,1.029383778,0.9995,0,-5.085128182,0,0,1.78711,3.12435,-9.653647026,1.506369717,0.984108,0,489.546707578394,1.96,1.05963096240955,0.99900025,0,25.8585286273706,0,0,3.1937621521,9.7615629225,93.1929009025986,2.26914972429466,0.968468555664,0,0.00846336277739286,0.019455,0.02833,0.0260615,0.0174145,0,0,0.033612,0,0.016167167,0.07,0.037341208,"050401A",0,0,0,0,0,0,0,0,0,0,0,0,0,0,0,2.9,0.591064607026499
"050416A",21.75162856,3.08,0.688419822,0.9,0,-6.435333936,0,0,2.06183,2.99481,-10.5559552,0.397940009,0.842217,0,473.133345012208,9.4864,0.473921851322512,0.81,0,41.4135228678333,0,0,4.2511429489,8.9688869361,111.428190184407,0.15835625076292,0.709329475089,0,0.0771432232434421,0.0484,0.070765,0.0149485,0.005,0,0,0,0,0.043784457,0.22,0.04271749,"050416A",0,0,0,0,0,0,0,0,0,0,0,0,0,0,0,0.6528,0.218220304175545
"050502A",21.0181637594417,1.5837013438142,0.330571846807332,0,0.76,-5.95905698874291,1.43,3.72,1.96705146522392,0,0,1.301029996,0,-12.6,441.763207818708,2.5081099463989,0.10927774590161,0,0.5776,35.5103601950857,2.0449,13.8384,3.86929146683957,0,0,1.69267905049176,0,158.76,0.0202577864729536,0,0,0,0,0.04,0.03,0.02,0.16,0.0347486663233463,0.18713159391256,0.0657749268162652,"050502A",1,5.25454093986042,0.39592533595355,0.082642961701833,0,0.19,-1.48976424718573,0.3575,0.93,0.49176286630598,0,0,0.325257499,0,-3.15,3.79,0.680335513414563
"050502B",21.0347201497492,1.49398169361224,0.300152911468348,0,0.9,-5.90726604152399,1.358692,3.576116,1.97812318786123,0,0,1.243038049,0,-12.4453,442.459451778265,2.2319813008485,0.090091770262926,0,0.81,34.8957920853425,1.846043950864,12.788605645456,3.91297134635427,0,0,1.54514359126173,0,154.88549209,0.0692396240032236,0,0,0,0,0.122846,0.139983,0.198462,0.06,0.0295798799821603,0.14,0.0671099909495084,"050502B",1,5.2586800374373,0.37349542340306,0.075038227867087,0,0.225,-1.476816510381,0.339673,0.894029,0.494530796965307,0,0,0.31075951225,0,-3.111325,3.793,0.680607428991788
"050505A",22.23063027,1.41,0.267171728,0.973,0,-5.603800653,0,0,2.01835,4.270583544,-11.04817696,1.770115295,1.462094791,0,494.20092220144,1.9881,0.071380732242506,0.946729,0,31.4025817585632,0,0,4.0737367225,18.2378838062836,122.062214139475,3.13330815759294,2.13772117786933,0,0.0504266082569071,0.03272177,0.030067592,0.035926291,5e-04,0,0,0,0,0.031220366,0.12,0.07277367,"050505A",0,0,0,0,0,0,0,0,0,0,0,0,0,0,0,4.27,0.721810615212547
"050525A",21.2788016,1,1.620136055,0,0.52,-4.815308569,1.03423,3.22416,2.08914,0,0,0.944482672,0,-11.6972,452.787397532163,1,2.62484083671096,0,0.2704,23.1871966146848,1.0696316929,10.3952077056,4.3645059396,0,0,0.89204751770826,0,136.82448784,0.0552798328138297,0,0,0,0,0.0658,0.10234,0.034343,0.08,0.006273143,0.1,0.009789852,"050525A",1,5.3197004,0.25,0.40503401375,0,0.13,-1.20382714225,0.2585575,0.80604,0.522285,0,0,0.236120668,0,-2.9243,0.61,0.20682587603185
"050603A",21.63005546,1.16,1.33243846,0,0.95,-5.196542884,1.85,4.45,1.90951127022931,0,0,1.322219295,0,-11.88,467.859299202676,1.3456,1.77539224968717,0,0.9025,27.004057945251,3.4225,19.8025,3.64623329113275,0,0,1.7482638640703,0,141.1344,0.0563106258915239,0,0,0,0,0.13,0.08,0.09,0.08,-0.0006217656979968,0.06,0.0038290748542292,"050603A",1,5.407513865,0.29,0.333109615,0,0.2375,-1.299135721,0.4625,1.1125,0.477377817557327,0,0,0.33055482375,0,-2.97,2.82,0.582063362911709
"050730A",21.73850309,1.53,-0.259637311,0.5615,0,-5.623423043,0,0,1.6177,4.05018,-10.09854168,2.194514342,2.38763,0,472.562516593939,2.3409,0.0674115332633107,0.31528225,0,31.6228867205434,0,0,2.61695329,16.4039580324,101.980544062697,4.81589319724369,5.7007770169,0,0.0500432094216776,0.0266,0.017795,0.0538,0.000210492,0.01515,0,0,0,0.027736454,0.11,0.110547686,"050730A",0,0,0,0,0,0,0,0,0,0,0,0,0,0,0,3.967,0.696094159995223
"050801A",20.80209017,1.99,0.164352856,0,0.69,-6.508638306,1.19,2.64,2.07525210781143,0,0,1.28780173,0,-10.98,432.726955440811,3.9601,0.0270118612753567,0,0.4761,42.3623725983306,1.4161,6.9696,4.30667131097578,0,0,1.65843329579099,0,120.5604,0.0692396240032236,0,0,0,0,0.02,0.02,0.01,0.34,0.0581234535102333,0.25,0.0712796339614364,"050801A",1,5.2005225425,0.4975,0.041088214,0,0.1725,-1.6271595765,0.2975,0.66,0.518813026952857,0,0,0.3219504325,0,-2.745,1.56,0.40823996531185
"050802A",21.25883595,1.54,0.439332694,0.8585,0,-5.698970004,0,0,1.8557,3.63973,-10.28650946,1.477121255,1.44729,0,451.938105949012,2.3716,0.193013216017298,0.73702225,0,32.4782591064918,0,0,3.44362249,13.2476344729,105.812276870669,2.18188720197277,2.0946483441,0,0.14763173580347,0.0275,0.0326,0.03274,0.002369606,0,0,0,0,0.034092117,0.13,0.069487117,"050802A",0,0,0,0,0,0,0,0,0,0,0,0,0,0,0,1.7102,0.433001340945038
"050803A",21.34755638,1.38,-0.017728767,1.218,0,-5.66756154,0,0,2.11696,4.21721,-10.86012091,1.943988875,1.52234,0,455.718163397279,1.9044,0.000314309179340289,1.483524,0,32.1212538096872,0,0,4.4815196416,17.7848601841,117.942226179819,3.77909274612377,2.3175190756,0,0.0515724807527089,0.0489,0.04766,0.048695,0.22485626,0,0,0,0,0.027269654,0.11,0.049762909,"050803A",0,0,0,0,0,0,0,0,0,0,0,0,0,0,0,3.5,0.653212513775344
"050820A",21.61964524,1.25,0.389166084,0.9,0,-5.463441557,0,0,1.96878,3.750945731,-10.01818139,1.414973348,1.136499703,0,467.409060303455,1.5625,0.151450240935895,0.81,0,29.8491936467546,0,0,3.8760946884,14.0695938769071,100.363958362942,2.00214957555033,1.29163157491909,0,0.378773543191014,0.266741013,0.238477529,0.012525701,0.0405,0,0,0,0,0.030552112,0.12,0.040770502,"050820A",0,0,0,0,0,0,0,0,0,0,0,0,0,0,0,2.6147,0.558072259099146
"050824A",20.9708274,2.76,-0.301029996,0.86,0,-6.575118363,0,0,1.94709,5.08558,-12.23882419,1.353723938,0.954481,0,439.775601840591,7.6176,0.09061905849176,0.7396,0,43.2321814874598,0,0,3.7911594681,25.8631239364,149.788817553729,1.83256850031423,0.911033979361,0,0.0782985476819812,0.06855,0.12722,0.0899785,0.01,0,0,0,0,0.084899673,0.38,0.130288345,"050824A",0,0,0,0,0,0,0,0,0,0,0,0,0,0,0,0.8278,0.261928672990642
"050904A",22.39388568,1.25,-0.207608311,0,1,-5.316052869,2.332396,5.539472,1.90813,0,0,2.259044094,0,-14.18,501.486115848909,1.5625,0.0431012107962727,0,1,28.2604181060031,5.440071100816,30.685750038784,3.6409600969,0,0,5.10328021863628,0,201.0724,0.0249377639674928,0,0,0,0,0.12808,0.069062,0.187665,0.09,0.016184888,0.07,0.119080745,"050904A",1,5.59847142,0.3125,-0.05190207775,0,0.25,-1.32901321725,0.583099,1.384868,0.4770325,0,0,0.5647610235,0,-3.545,6.295,0.86302529622947
"050908A",21.35024026,1.88,-0.15490196,0,1.8,-6.316052869,0.82,3.26,2.74883,0,0,1.239799818,0,-12.61,455.832759159725,3.5344,0.0239946172118416,0,3.24,39.8925238440031,0.6724,10.6276,7.5560663689,0,0,1.53710358871283,0,159.0121,0.0148761559757772,0,0,0,0,0.08,0.13,0.08,0.09,0.045857181,0.17,0.086858896,"050908A",1,5.337560065,0.47,-0.03872549,0,0.45,-1.57901321725,0.205,0.815,0.6872075,0,0,0.3099499545,0,-3.1525,3.34,0.637489729512511
"050922C",21.44930866,1.37,0.860936621,1.064,0,-5.790484985,0,0,2.2119,2.52429,-9.477555766,0.653212514,1.22035,0,460.072841991951,1.8769,0.741211865378898,1.132096,0,33.5297163615105,0,0,4.89250161,6.3720400041,89.8240632976399,0.4266865884462,1.4892541225,0,0.0434736058796182,0.03194,0.034305,0.013275,0.013,0,0,0,0,0.014476483,0.06,0.019142456,"050922C",0,0,0,0,0,0,0,0,0,0,0,0,0,0,0,2.198,0.504878459410216
"051016B",21.71466751,2.4,0.113943352,0.73,0,-6.769551079,0,0,1.89482,4.25742,-11.59006688,0.602059991,1.14771,0,471.52678506985,5.76,0.0129830874649959,0.5329,0,45.8268218111901,0,0,3.5903428324,18.1256250564,134.329650282873,0.36247623276292,1.3172382441,0,0.0509829166339321,0.04535,0.058175,0.04854,0.005,0,0,0,0,0.056202815,0.23,0.053451629,"051016B",0,0,0,0,0,0,0,0,0,0,0,0,0,0,0,0.9364,0.286995073968852
"051028A",20.9024195385481,1.6783282458665,0.179466033655192,0,1.1,-6.17568341398607,1.02823,4.04085,2.02921982175251,0,0,1.204119983,0,-13.0714,436.911142565477,2.81678570087332,0.0322080572359265,0,1.21,38.1390656297826,1.0572569329,16.3284687225,4.11773308499329,0,0,1.44990493345992,0,170.86149796,0.063811704252879,0,0,0,0,0.2287,0.246865,0.1334,0.18,0.0451414448022833,0.236991174642203,0.0749534429882672,"051028A",1,5.22560488463702,0.419582061466625,0.044866508413798,0,0.275,-1.54392085349652,0.2570575,1.0102125,0.507304955438127,0,0,0.30102999575,0,-3.26785,3.6,0.662757831681574
"051109A",21.97057233,1.51,0.595496222,1.06,0,-5.657577319,0,0,2.06584,3.91123,-10.51999306,1.57054294,1.22299,0,482.706048507762,2.2801,0.354615750416273,1.1236,0,32.0081811204632,0,0,4.2676949056,15.2977201129,110.670253982448,2.46660512638384,1.4957045401,0,0.0827679937346041,0.04815,0.04637,0.019155,0.054794381,0.006123,0,0,0,0.05369459,0.2,0.076056648,"051109A",0,0,0,0,0,0,0,0,0,0,0,0,0,0,0,2.346,0.524525936626376
"051111A",21.79196559,1.32,0.424881637,0,0.76,-5.389339837,1,2.77,2.23019,0,0,1.776555911,0,-10.91,474.889764275744,1.7424,0.1805244054598,0,0.5776,29.0449838786752,1,7.6729,4.9737474361,0,0,3.15615090490904,0,119.0281,0.153333382237578,0,0,0,0,0.03,0.04,0.04,0.07,0.014263593,0.06,0.034286406,"051111A",1,5.4479913975,0.33,0.10622040925,0,0.19,-1.34733495925,0.25,0.6925,0.5575475,0,0,0.44413897775,0,-2.7275,1.55,0.406540180433955
"060115A",21.43355223,1,-0.060480747,1,0,-5.76700389,0,0,2.10553,3.69688,-11.29499204,2.144885418,0.889919,0,459.397161196138,1,0.00365792075767801,1,0,33.2583338672751,0,0,4.4332565809,13.6669217344,127.576845183663,4.60053345634903,0.791955826561,0,0.0469357822743554,0.0812,0.123015,0.053884,0.085,0,0,0,0,0.038096007,0.303030303,0.059902687,"060115A",0,0,0,0,0,0,0,0,0,0,0,0,0,0,0,3.53,0.656098202012832
"060124A",21.9172644,1.84,-0.050609993,0.99,0,-6.336299075,0,0,2.00895,4.47599,-10.6893,1.134495856,1.3641,0,480.366478779507,3.3856,0.00256137139146005,0.9801,0,40.1486859678459,0,0,4.0358801025,20.0344864801,114.26113449,1.28708084728117,1.86076881,0,0.0416381769095578,0.04445,0.036665,0.01627,0.076380116,0,0,0,0.07,0.049929734,0.19,0.087834839,"060124A",0,0,0,0,0,0,0,0,0,0,0,0,0,0,0,2.296,0.517987203025078
"060206A",22.33966406,1.2,0.445604203,1.265,0,-6.080398976,0,0,2.20424,3.93814,-10.63078414,0.880241776,1.17565,0,499.060590313656,1.44,0.198563105731265,1.600225,0,36.9712517073418,0,0,4.8586739776,15.5089466596,113.013571431276,0.774825584215634,1.3821529225,0,0.110636974360534,0.07055,0.07444,0.02867,0.013041887,0,0,0,0,0.021949902,0.181818182,0.026462388,"060206A",0,0,0,0,0,0,0,0,0,0,0,0,0,0,0,4.048,0.703119346236078
"060210A",22.3877421,1.53,0.434568904,0.979,0,-5.11577123,0,0,2.08163,4.15028,-10.66756154,2.40654018,1.20511,0,501.210996336112,2.3409,0.188850132323761,0.958441,0,26.1711152776957,0,0,4.3331834569,17.2248240784,113.796869209687,5.79143563795443,1.4522901121,0,0.207740121229715,0.0292,0.030365,0.02297,0.083622271,0.006123,0,0,0,0.023188831,0.09,0.044706785,"060210A",0,0,0,0,0,0,0,0,0,0,0,0,0,0,0,3.91,0.691081492122968
"060223A",22.49782636,1.74,0.130333768,0.81,0,-6.171984936,0,0,2.01015,2.78682,-10.9636,1.053078443,1.1892,0,506.152190924711,3.0276,0.0169868910810778,0.6561,0,38.0933980502109,0,0,4.0407030225,7.7663657124,120.20052496,1.1089742071113,1.41419664,0,0.042104904450281,0.1982,0.23477,0.18005,0.045,0,0,0,0,0.030974941,0.12,0.057905931,"060223A",0,0,0,0,0,0,0,0,0,0,0,0,0,0,0,4.41,0.73319726510657
"060306A",21.61973178,1.8,0.775974331,0.76,0,-5.671620397,0,0,2.28823,3.61496,-10.70553377,2.13255996245349,1.03794,0,467.412802239142,3.24,0.602136162370898,0.5776,0,32.1672779276664,0,0,5.2359965329,13.0679358016,114.60845330061,4.54781199345963,1.0773194436,0,0.0112622187283241,0.03495,0.04452,0.02498,0.01,0,0,0,0,0.01457843,0.060606061,0.0488439909307915,"060306A",0,0,0,0,0,0,0,0,0,0,0,0,0,0,0,1.559,0.408070285887185
"060418A",21.65363309,1.7,0.814247596,0.98,0,-5.079354999,0,0,1.94118,3.11887,-9.792961075,2.158362492,1.47655,0,468.879825996343,2.89,0.662999147591779,0.9604,0,25.7998472058663,0,0,3.7681797924,9.7273500769,95.9020866164651,4.65852864687245,2.1801999025,0,0.136485588124709,0.04904,0.057245,0.044705,0.005,0.006123,0,0,0,0.013190457,0.06,0.023313354,"060418A",0,0,0,0,0,0,0,0,0,0,0,0,0,0,0,1.489,0.396024896608593
"060502A",21.45692297,1.46,0.227886705,0.87,0,-5.63638802,0,0,2.02719,3.3865,-10.55284197,1.45331834,0.897152,0,460.399543340514,2.1316,0.051932350315757,0.7569,0,31.7688699119995,0,0,4.1094992961,11.46838225,111.362473643793,2.11213419738036,0.804881711104,0,0.150287880735964,0.05675,0.075085,0.0205255,0.015,0,0,0,0,0.019176639,0.08,0.053965586,"060502A",0,0,0,0,0,0,0,0,0,0,0,0,0,0,0,1.5026,0.398391440229475
"060510B",22.00215742,1.78,-0.244125144,1.38,0,-5.390405591,0,0,2.1317,4.43617,-12.2656,2.43964843,1.00735,0,484.094931134461,3.1684,0.0595970859330207,1.9044,0,29.0564724354841,0,0,4.54414489,19.6796042689,150.44494336,5.95188446200147,1.0147540225,0,0.0335971369822932,0.2206,0.31628,0.2313695,0.03,0,0,0,0,0.018780302,0.08,0.083811216,"060510B",0,0,0,0,0,0,0,0,0,0,0,0,0,0,0,4.9,0.770852011642144
"060512A",21.0511868725117,2.48,-0.055517328,0,0.68,-6.634512015,0.74,3.64,2.70163,0,0,0.92890769,0,-12.44,443.152468741409,6.1504,0.00308217370825958,0,0.4624,44.0167496771794,0.5476,13.2496,7.2988046569,0,0,0.862869496541136,0,154.7536,0.0202577864729536,0,0,0,0,0.03,0.05,0.02,0.05,0.074878359,0.3,0.098703291,"060512A",1,5.26279671812792,0.62,-0.013879332,0,0.17,-1.65862800375,0.185,0.91,0.6754075,0,0,0.2322269225,0,-3.11,0.44,0.15836249209525
"060526A",21.53322281,2.01,0.222716471,0.93,0,-5.899629455,0,0,1.90677,3.8752,-11.3053948,2.47444938,1.05873,0,463.679684585104,4.0401,0.0496026264546938,0.8649,0,34.8056277063036,0,0,3.6357718329,15.01717504,127.811951583867,6.12289973418238,1.1209092129,0,0.0335716198838349,0.06785,0.09216,0.0623145,0.0305,0,0.017308,0,0,0.056871896,0.24,0.046810184,"060526A",0,0,0,0,0,0,0,0,0,0,0,0,0,0,0,3.221,0.625415352154408
"060604A",21.99003057,2.01,-0.468521083,1.02,0,-6.395773947,0,0,2.1711,4.45991,-11.76955108,1.977723605,1.21596,0,483.561444469534,4.0401,0.219512005215493,1.0404,0,40.905924381124,0,0,4.71367521,19.8907972081,138.522332624729,3.9113906577742,1.4785587216,0,0.0777158547080599,0.04195,0.04994,0.04695,0,0,0,0,0,0.11451546,0.42,0.166053773,"060604A",0,0,0,0,0,0,0,0,0,0,0,0,0,0,0,2.1357,0.496334505996816
"060605A",21.77333803,1.55,-0.337242168,0.835,0,-6.156767222,0,0,2.02128,4.04162,-11.26121944,2.059904056,1.9179,0,474.078248968644,2.4025,0.11373227987734,0.697225,0,37.9057826258936,0,0,4.0855728384,16.3346922244,126.815063275834,4.24320471992525,3.67834041,0,0.132471980179598,0.05315,0.037375,0.085,0.10149311,0,0,0,0,0.056078197,0.2,0.113294213,"060605A",0,0,0,0,0,0,0,0,0,0,0,0,0,0,0,3.78,0.679427896612119
"060607A",21.79614607,1.47,0.146128036,0,0.72,-5.59345982,1.25,3.53,1.61002,0,0,2.009450896,0,-11.78,475.071983504776,2.1609,0.0213534029052173,0,0.5184,31.2867927579544,1.5625,12.4609,2.5921644004,0,0,4.0378929034352,0,138.7684,0.0134302087658966,0,0,0,0,0.03,0.04,0.05,0.27,0.019074895,0.08,0.040327345,"060607A",1,5.4490365175,0.3675,0.036532009,0,0.18,-1.398364955,0.3125,0.8825,0.402505,0,0,0.502362724,0,-2.945,3.07,0.60959440922522
"060614A",20.51216256,2.02,1.06069784,0.783,0,-4.690369833,0,0,1.89544,5.03344,-11.78251606,2.036229544,1.9453,0,420.748812887866,4.0804,1.12507990778067,0.613089,0,21.9995691703164,0,0,3.5926927936,25.3355182336,138.827684704158,4.14623075585845,3.78419209,0,0.0132262962944593,0.0429,0.0289,0.05983,0.006,0,0,0,0,0.007727887,0.04,0.027945906,"060614A",0,0,0,0,0,0,0,0,0,0,0,0,0,0,0,0.125,0.0511525224473813
"060707A",21.20847898,0.6,0.004321374,1.12,0,-5.795880017,0,0,2.09345,3.5545,-10.9132,1.820857989,0.861995,0,449.799580645102,0.36,1.8674273247876e-05,1.2544,0,33.5922251714599,0,0,4.3825329025,12.63447025,119.09793424,3.31552381610512,0.743035380025,0,0.0414232996019404,0.07695,0.127895,0.0364485,0.035,0,0,0,0,0.040986542,0.363636364,0.098898743,"060707A",0,0,0,0,0,0,0,0,0,0,0,0,0,0,0,3.425,0.645913275033844
"060708A",20.79066861,1.68,0.28780173,1.485,0,-6.306273051,0,0,2.20484,3.50569,-10.86966623,1.008600172,1.12969,0,432.251901250839,2.8224,0.0828298357909929,2.205225,0,39.7690797937688,0,0,4.8613194256,12.2898623761,118.149643951602,1.01727430695843,1.2761994961,0,0.153333382237578,0.06115,0.062725,0.028525,0.33410152,0,0,0,0,0.032528129,0.12,0.031340839,"060708A",0,0,0,0,0,0,0,0,0,0,0,0,0,0,0,1.92,0.465382851448418
"060714A",22.0125926,1.93,0.10720997,0.87,0,-5.548213564,0,0,2.04425,3.73449,-10.86012091,2.060660074,1.20488,0,484.554232973575,3.7249,0.0114939776674009,0.7569,0,30.7826737517536,0,0,4.1789580625,13.9464155601,117.942226179819,4.24631994057768,1.4517358144,0,0.0344798070207195,0.0352,0.046765,0.035305,0.005,0,0,0,0,0.025627978,0.11,0.044108033,"060714A",0,0,0,0,0,0,0,0,0,0,0,0,0,0,0,2.711,0.569490954348783
"060729A",20.86562801,1.75,0.068185862,1.317,0,-5.583359493,0,0,1.92492,5.1057,-11.15058059,2.062017599,1.35481,0,435.374432251696,3.0625,0.00464931177668304,1.734489,0,31.1739032280732,0,0,3.7053170064,26.06817249,124.335447494085,4.25191657858572,1.8355101361,0,0.127647038192483,0.0116,0.012825,0.013425,0.077392286,0,0,0,0,0.035109631,0.14,0.048254942,"060729A",0,0,0,0,0,0,0,0,0,0,0,0,0,0,0,0.54,0.187520720836463
"060814A",22.00679538,1.53,0.861534411,0.97,0,-4.835647144,0,0,2.11591,4.22387,-10.91009489,2.162265614,1.29504,0,484.299042897189,2.3409,0.742241541337117,0.9409,0,23.3834833012754,0,0,4.4770751281,17.8410777769,119.030170508804,4.6753925854868,1.6771286016,0,0.0146412491965932,0.0353,0.034855,0.024565,0,0,0,0,0,0.007109341,0.03,0.017323989,"060814A",0,0,0,0,0,0,0,0,0,0,0,0,0,0,0,1.9229,0.465813957269479
"060904B",21.59122827,1.64,0.387389826,0,1.11,-5.790484985,1.19811,3.923904,2.18877,0,0,2.234264124,0,-12.1854,466.181138207247,2.6896,0.15007087728831,0,1.2321,33.5297163615105,1.4354675721,15.397022601216,4.7907141129,0,0,4.99193617579349,0,148.48397316,0.0761271870594219,0,0,0,0,0.018294,0.024033,0.027284,0.1,0.038335871,0.14,0.037377804,"060904B",1,5.3978070675,0.41,0.0968474565,0,0.2775,-1.44762124625,0.2995275,0.980976,0.5471925,0,0,0.558566031,0,-3.04635,0.7,0.230448921378274
"060906A",22.41960057,2.03,0.294466226,1.06,0,-5.655607726,0,0,2.07859,4.33479,-11.8827287,1.638489257,1.71887,0,502.638489718344,4.1209,0.0867103582546831,1.1236,0,31.9858987503909,0,0,4.3205363881,18.7904043441,141.199241357804,2.68464704530441,2.9545140769,0,0.0815374132437055,0.08845,0.072145,0.169635,0.005,0,0,0,0,0.026725814,0.11,0.061727135,"060906A",0,0,0,0,0,0,0,0,0,0,0,0,0,0,0,3.686,0.670802284260944
"060908A",21.80952201,1,0.481442629,1.185,0,-5.552841969,0,0,2.13395,2.81918,-9.627087997,1.285557309,1.38309,0,475.655250304674,1,0.231787005018432,1.404225,0,30.8340539326878,0,0,4.5537426025,7.9477758724,92.6808233019815,1.65265759472332,1.9129379481,0,0.0299356101990356,0.045185,0.05993,0.04964,0.003474954,0,0,0,0,0.017216674,0.181818182,0.035832878,"060908A",0,0,0,0,0,0,0,0,0,0,0,0,0,0,0,1.8836,0.459935016851525
"060912A",21.36738202,1.74,0.933487288,0.63,0,-5.869666232,0,0,1.8948,2.455171016,-10.1079054,0.698970004,1.045731532,0,456.565014388619,3.0276,0.871398516857595,0.3969,0,34.4529816750811,0,0,3.59026704,6.02786471780647,102.169751575349,0.48855906649176,1.09355443701907,0,0.0503781599397554,0.147419953,0.156564864,0.028937785,0.0785,0,0,0,0,0.019945376,0.09,0.022271512,"060912A",0,0,0,0,0,0,0,0,0,0,0,0,0,0,0,0.937,0.287129620719111
"060926A",22.50004427,2.54,0.037426498,1.357,0,-6.659555885,0,0,2.00443,3.351,-10.84771166,0.903089987,1.45111,0,506.25199215196,6.4516,0.001400742752544,1.841449,0,44.3496845854381,0,0,4.0177396249,11.229201,117.6728482585,0.81557152461966,2.1057202321,0,0.0658325115034435,0.08245,0.09927,0.11561,0.009157091,0,0,0,0,0.049576996,0.23,0.055780943,"060926A",0,0,0,0,0,0,0,0,0,0,0,0,0,0,0,3.2,0.6232492903979
"060927A",22.10710478,0.9,0.431363764,0.83,0,-5.946921557,0,0,1.94856,3.15198,-10.77728353,1.352953912,1.39098,0,488.724081753899,0.81,0.186074696892248,0.6889,0,35.3658760051113,0,0,3.7968860736,9.9349779204,116.149840286009,1.8304842879961,1.9348253604,0,0.0249377639674928,0.08115,0.108435,0.118785,0.178498106,0,0,0.028803,0,0.026134535,0.242424242,0.027344467,"060927A",0,0,0,0,0,0,0,0,0,0,0,0,0,0,0,5.47,0.8109042806687
"061007A",21.74186197,1.03,1.164352856,0,1.07,-4.35261703,1.75,2.17,1.99824,0,0,1.876852648,0,-8.76,472.708561922532,1.0609,1.35571757327536,0,1.1449,18.945275009846,3.0625,4.7089,3.9929630976,0,0,3.52257586230461,0,76.7376,0.0359770577590371,0,0,0,0,0.07,0.03,0.01,0.19,0.005497151,0.03,0.011006093,"061007A",1,5.4354654925,0.2575,0.291088214,0,0.2675,-1.0881542575,0.4375,0.5425,0.49956,0,0,0.469213162,0,-2.19,1.26,0.354108439147401
"061121A",21.75351565,1.41,1.324282455,0.9485,0,-4.863279433,0,0,1.90181,3.78753,-10.03011836,1.90982337,1.35185,0,473.215443134795,1.9881,1.75372402062083,0.89965225,0,23.6514868434408,0,0,3.6168812761,14.3453835009,100.603274315609,3.64742530459816,1.8274984225,0,0.246558916936231,0.01265,0.01703,0.01585,0.002358211,0,0,0,0,0.006308365,0.03,0.009468031,"061121A",0,0,0,0,0,0,0,0,0,0,0,0,0,0,0,1.314,0.364363354615731
"061126A",21.38058204,1.32,0.989449818,0,0.82,-5.169411331,0.922285,3.5801,1.9269241917552,0,0,2.281033367,0,-12.3053,457.129288369171,1.7424,0.979010942340233,0,0.6724,26.7228135090712,0.850609621225,12.81711601,3.71303684077143,0,0,5.20311322136736,0,151.42040809,0.0272330828957319,0,0,0,0,0.08165,0.101225,0.025959,0.09,0.0190994093843814,0.06,0.0246693811930976,"061126A",1,5.34514551,0.33,0.2473624545,0,0.205,-1.29235283275,0.23057125,0.895025,0.4817310479388,0,0,0.57025834175,0,-3.076325,1.1588,0.334212409393176
"061222A",22.56660835,1.35,0.930949031,0.86,0,-5.097453221,0,0,1.92748,3.92091,-9.954677021,1.853698212,1.35061,0,509.25181242229,1.8225,0.866666098319839,0.7396,0,25.9840293402833,0,0,3.7151791504,15.3735352281,99.0955945924254,3.436197061172,1.8241473721,0,0.0973208922530927,0.02311,0.024435,0.018075,0.005,0,0,0,0,0.008588051,0.04,0.013237581,"061222A",0,0,0,0,0,0,0,0,0,0,0,0,0,0,0,2.088,0.489677291663699
"070110A",21.3989672,1.58,-0.22184875,1.186,0,-5.790484985,0,0,2.08596,4.26825,-11.04866248,1.946550511,1.42725,0,457.915797226676,2.4964,0.0492168678765625,1.406596,0,33.5297163615105,0,0,4.3512291216,18.2179580625,122.07294259696,3.78905889187436,2.0370425625,0,0.0711120769415451,0.05475,0.053995,0.046555,0.12166788,0,0,0,0,0.028952965,0.12,0.086858896,"070110A",0,0,0,0,0,0,0,0,0,0,0,0,0,0,0,2.352,0.525304009958239
"070125A",21.1168251059769,1.66719216524827,0.461366700396796,0,0.59,-5.49527903539734,1.779596,5.250332,1.95142632719767,0,0,1.77815125,0,-12.7448,445.920302556416,2.77952971586521,0.212859232235027,0,0.3481,30.1980916768775,3.166961923216,27.565986110224,3.80806471048019,0,0,3.16182186787656,0,162.42992704,0.0973208922530927,0,0,0,0,0.027168,0.017308,0.052941,0.1,0.0330719907495403,0.177142407809118,0.0593602352348791,"070125A",1,5.27920627649423,0.416798041312067,0.115341675099199,0,0.1475,-1.37381975884934,0.444899,1.312583,0.487856581799417,0,0,0.4445378125,0,-3.1862,1.55,0.406540180433955
"070208A",21.8647258,1.94,-0.045757491,1.14,0,-6.351639989,0,0,2.20341,3.44468,-10.86327943,1.806179974,1.2125,0,478.066234309186,3.7636,0.00209374798261508,1.2996,0,40.3433305498639,0,0,4.8550156281,11.8658203024,118.010839974261,3.26228609847864,1.47015625,0,0.153546286600926,0.1619,0.14114,0.06357,0.015,0,0.01,0,0,0.098570208,0.36,0.106160873,"070208A",0,0,0,0,0,0,0,0,0,0,0,0,0,0,0,1.165,0.335457900689384
"070223A",21.70173804,1.85,-0.161150909,1.03,0,-5.769551079,0,0,2.25837,4.22335,-11.86327943,1.9408513687054,0.991734,0,470.965433956783,3.4225,0.0259696154715263,1.0609,0,33.2877196531901,0,0,5.1002350569,17.8366852225,140.737398834261,3.76690403540562,0.983536326756,0,0.0402373538487879,0.16615,0.203105,0.079308,0.06,0,0,0,0,0.018572476,0.072727273,0.130844061722848,"070223A",0,0,0,0,0,0,0,0,0,0,0,0,0,0,0,1.6295,0.419873175149476
"070306A",22.44245468,1.66,0.609594409,0.831,0,-5.269217724,0,0,1.94468,4.86926,-11.2737,2.321184027,1.89982,0,503.663772063854,2.7556,0.371605343484059,0.690561,0,27.7646554229157,0,0,3.7817803024,23.7096929476,127.09631169,5.38789528719994,3.6093160324,0,0.134263479640872,0.0335,0.02824,0.06188,0.001,0,0,0,0,0.02308703,0.1,0.022408315,"070306A",0,0,0,0,0,0,0,0,0,0,0,0,0,0,0,1.4959,0.397227181043161
"070411A",22.32139542,1.72,-0.040958608,0,1.09,-5.568636236,1.33119,3.319089,2.2428,0,0,2.089021501,0,-12.4597,498.244693495997,2.9584,0.00167760756929766,0,1.1881,31.0097095288922,1.7720668161,11.016351789921,5.03015184,0,0,4.36401083164029,0,155.24412409,0.246558916936231,0,0,0,0,0.115184,0.105245,0.219221,0.11,0.02493172,0.1,0.062042069,"070411A",1,5.580348855,0.43,-0.010239652,0,0.2725,-1.392159059,0.3327975,0.82977225,0.5607,0,0,0.52225537525,0,-3.114925,2.95,0.59659709562646
"070508A",21.89306622,1.1,1.382017043,0.764,0,-4.707743929,0,0,1.82568,3.02525,-9.161150909,1.320146286,1.37377,0,479.306348513305,1.21,1.90997110714246,0.583696,0,22.1628529010364,0,0,3.3331074624,9.1521375625,83.9266859774715,1.74278621643959,1.8872440129,0,0.0152922340458476,0.010795,0.01189,0.013355,5e-04,0,0,0,0,0.006049102,0.060606061,0.010992516,"070508A",0,0,0,0,0,0,0,0,0,0,0,0,0,0,0,0.82,0.260071387985075
"070521A",22.27524914,1.1,0.814913181,0.98,0,-5.096367484,0,0,2.00022,3.55243,-10.01233374,1.57863921,1.44502,0,496.186724249071,1.21,0.664083492567539,0.9604,0,25.9729615319725,0,0,4.0008800484,12.6197589049,100.246826921142,2.49210175534942,2.0880828004,0,0.0323072045959819,0.04901,0.04844,0.0562,0.147518075,0,0,0,0,0.009596769,0.121212121,0.017957046,"070521A",0,0,0,0,0,0,0,0,0,0,0,0,0,0,0,2.0865,0.489466281303128
"070529A",22.56252244,1.34,0.155336037,0.76,0,-5.590066877,0,0,1.97999,3.09323,-10.24641694,2.038222638,1.21432,0,509.067418855503,1.7956,0.0241292843908654,0.5776,0,31.2488476893325,0,0,3.9203604001,9.5680718329,104.989060108319,4.15435152205568,1.4745730624,0,0.0794726286723922,0.0552,0.068045,0.03501,0.015,0,0,0,0,0.041401614,0.16,0.109332877,"070529A",0,0,0,0,0,0,0,0,0,0,0,0,0,0,0,2.4996,0.544018407858776
"070714B",21.64321572,1.36,0.431363764,0.93,0,-6.142667504,0,0,2.07429,3.22974,-10.74232143,1.806179974,1.64623,0,468.428786702455,1.8496,0.186074696892248,0.8649,0,37.7323640646976,0,0,4.3026790041,10.4312204676,115.397469705437,3.26228609847864,2.7100732129,0,0.0570608478017886,0.09935,0.0946,0.108425,0.005,0,0,0,0,0.05428681,0.19,0.032169962,"070714B",0,0,0,0,0,0,0,0,0,0,0,0,0,0,0,0.923,0.28397928423848
"070721B",21.89473409,1.34,0.176091259,0.52,0,-5.443697499,0,0,1.52512,3.94739,-10.50863831,2.531478917,2.5054,0,479.379380871808,1.7956,0.0310081314962051,0.2704,0,29.6338424606189,0,0,2.3259910144,15.5818878121,110.4314791304,6.40838550721549,6.27702916,0,0.0272330828957319,0.3648,0.10084,0.09144,0,0,0,0,0,0.024127471,0.11,0.086858896,"070721B",0,0,0,0,0,0,0,0,0,0,0,0,0,0,0,3.626,0.6652056284346
"070802A",21.91375294,1.79,-0.397940009,0.78,0,-6.552841969,0,0,1.99014,3.92184,-11.6716204,1.214843848,1.16348,0,480.212567915359,3.2041,0.15835625076292,0.6084,0,42.9397378706878,0,0,3.9606572196,15.3808289856,136.226722761696,1.47584557502345,1.3536857104,0,0.079968777148268,0.17395,0.236245,0.2088785,0.045,0,0,0,0,0.077552586,0.27,0.108573621,"070802A",0,0,0,0,0,0,0,0,0,0,0,0,0,0,0,2.45,0.537819095073274
"070809A",20.80619355,1.69,0.079181246,0.396,0,-7,0,0,1.37246,4.18985,-11.9625735,1.16168428403346,1.17521,0,432.897690040062,2.8561,0.00626966971811252,0.156816,0,49,0,0,1.8836464516,17.5548430225,143.103164742902,1.34951037577033,1.3811185441,0,0.00812673734142053,0.1917,0.206985,0.395643,0.0595,0,0,0,0,0.026318246,0.133333333,0.016256930519715,"070809A",0,0,0,0,0,0,0,0,0,0,0,0,0,0,0,0.2187,0.0858968111315881
"070810A",21.93100401,2.04,0.278753601,1.02,0,-6.161150909,0,0,2.17076,3.36583,-10.77728353,1.041392685,1.36994,0,480.968936886636,4.1616,0.0777035700704672,1.0404,0,37.9597805234715,0,0,4.7121989776,11.3288115889,116.149840286009,1.08449872437151,1.8767356036,0,0.197037086589132,0.06175,0.07187,0.077915,0.01,0,0,0,0,0.037764738,0.14,0.045715209,"070810A",0,0,0,0,0,0,0,0,0,0,0,0,0,0,0,2.17,0.501059262217751
"071003A",20.86974084,1.36,0.799340549,0.837,0,-5.080921908,0,0,1.91015,4.78411,-11.67760082,2.170643023,1.97901,0,435.546082728764,1.8496,0.638945313275621,0.700569,0,25.8157674351944,0,0,3.6486730225,22.8877084921,136.366360911265,4.71169113329858,3.9164805801,0,0.0131768929142836,0.1359,0.098505,0.183105,0.032,0,0,0,0,0.015697391,0.07,0.027574253,"071003A",0,0,0,0,0,0,0,0,0,0,0,0,0,0,0,1.60435,0.415699348887829
"071010A",22.13954852,2.33,-0.096910013,0,0.61,-6.698970004,2.253787,5.172418,2.33496,0,0,0.77815125,0,-13.1705,490.159608669434,5.4289,0.00939155061966017,0,0.3721,44.8761991144918,5.079555841369,26.753907966724,5.4520382016,0,0,0.605519367876562,0,173.46207025,0.00846336277739286,0,0,0,0,0.060832,0.033281,0.122333,0.12,0.086858896,0.37,0.162860431,"071010A",1,5.53488713,0.5825,-0.02422750325,0,0.1525,-1.674742501,0.56344675,1.2931045,0.58374,0,0,0.1945378125,0,-3.292625,0.99,0.298853076409707
"071010B",21.30047157,1.53,0.886490725,0,0.68,-5.356547324,0.633623,3.16101,2.04061,0,0,1.552668216,0,-11.8207,453.710089104378,2.3409,0.785865805511026,0,0.4624,28.6925992342516,0.401478106129,9.9919842201,4.1640891721,0,0,2.41077858897662,0,139.72894849,0.0359770577590371,0,0,0,0,0.0527,0.19345,0.053512,0.14,0.009870329,0.22,0.016920564,"071010B",1,5.3251178925,0.3825,0.22162268125,0,0.17,-1.339136831,0.15840575,0.7902525,0.5101525,0,0,0.388167054,0,-2.955175,0.947,0.289365951520032
"071020A",20.99642367,1.11,0.924279286,0.844,0,-5.638272164,0,0,1.59788,2.311950854,-9.169411331,0.62324929,1.119196934,0,440.849806930136,1.2321,0.85429219852867,0.712336,0,31.7901129953372,0,0,2.5532204944,5.34511675131133,84.0781041570712,0.388439677485504,1.252601777075,0,0.0601790285006581,0.035099822,0.039262062,0.011153209,0.001,0,0,0,0,0.018882369,0.05,0.015510517,"071020A",0,0,0,0,0,0,0,0,0,0,0,0,0,0,0,2.145,0.497620649781288
"071112C",20.5643192,1.09,0.903089987,0,0.44,-5.522878745,0.92,2.56,1.67267,0,0,1.176091259,0,-11.73,422.891224159489,1.1881,0.81557152461966,0,0.1936,30.5021896319728,0.8464,6.5536,2.7978249289,0,0,1.38319064949621,0,137.5929,0.0143797213110485,0,0,0,0,0.01,0.02,0,0.11,0.057905931,0.07,0.05428681,"071112C",1,5.1410798,0.2725,0.22577249675,0,0.11,-1.38071968625,0.23,0.64,0.4181675,0,0,0.29402281475,0,-2.9325,0.82,0.260071387985075
"071117A",22.04291793,1.57,1.053078443,0.94,0,-5.619788758,0,0,2.0457,3.901990464,-11.23542972,0.819543936,1.104952391,0,485.890230868716,2.4649,1.1089742071113,0.8836,0,31.5820256845432,0,0,4.18488849,15.2255295811469,126.234880993059,0.671652263034372,1.22091978637662,0,0.120079755643196,0.101024385,0.117162967,0.089387802,0.01,0,0,0,0,0.018095603,0.06,0.015373256,"071117A",0,0,0,0,0,0,0,0,0,0,0,0,0,0,0,1.331,0.367542273520577
"080310A",21.91375294,2.32,0.113943352,0.878,0,-5.638272164,0,0,2.09352,4.32608056,-11.3990271,2.560456622,1.59590648,0,480.212567915359,5.3824,0.0129830874649959,0.770884,0,31.7901129953372,0,0,4.3828259904,18.7149730116099,129.937818826534,6.55593811314365,2.54691749290599,0,0.0207895824764161,0.04247343,0.03798676,0.065276352,0.0375,0,0,0,0,0.037764738,0.16,0.066814536,"080310A",0,0,0,0,0,0,0,0,0,0,0,0,0,0,0,2.42,0.534026106056135
"080319B",20.8771334,1.04,1.394451681,0.73,0,-4.091514981,0,0,1.81426,5.36799912,-12.15181088,1.68090255756894,1.42250979,0,435.854699001396,1.0816,1.94449549064373,0.5329,0,16.7404948397474,0,0,3.2915393476,28.8154145523208,147.666507663286,2.8254334080418,2.02353410264584,0,0.00162180613819455,0.097779455,0.087626454,0.075139905,0,0,0,0,0,0.00536166,0.02,0.008755937,"080319B",0,0,0,0,0,0,0,0,0,0,0,0,0,0,0,0.937,0.287129620719111
"080319C",21.75037415,1.37,0.716003344,0,0.98,-5.443697499,2,3.23,1.61029,0,0,1.531478917,0,-12.32,473.078775664988,1.8769,0.512660788619182,0,0.9604,29.6338424606189,4,10.4329,2.5930338841,0,0,2.34542767321549,0,151.7824,0.059763875267383,0,0,0,0,0.25,0.13,0.56,0.42,0.012063736,0.07,0.025055451,"080319C",1,5.4375935375,0.3425,0.179000836,0,0.245,-1.36092437475,0.5,0.8075,0.4025725,0,0,0.38286972925,0,-3.08,1.95,0.469822015978163
"080330A",21.69090721,2.53,-0.045757491,0,0.42,-6.468521083,1.13,3.52,2.25433,0,0,1.783188691,0,-11.98,470.49545559283,6.4009,0.00209374798261508,0,0.1764,41.8417650012155,1.2769,12.3904,5.0820037489,0,0,3.17976190771029,0,143.5204,0.0359770577590371,0,0,0,0,0.01,0.01,0,0.15,0.102186937,0.45,0.096509885,"080330A",1,5.4227268025,0.6325,-0.01143937275,0,0.105,-1.61713027075,0.2825,0.88,0.5635825,0,0,0.44579717275,0,-2.995,1.51,0.399673721481038
"080411A",21.57289018,1.75,1.635483747,0.91,0,-4.578396073,0,0,1.97674,4.20932562,-10.11350927,1.748188027,1.28909841,0,465.38959071834,3.0625,2.67480708670116,0.8281,0,20.9617106012618,0,0,3.9075010276,17.7184221751884,102.283069754376,3.05616137774615,1.66177471066453,0,0.00776276208190557,0.06043543,0.049275581,0.010296793,0,0,0,0,0,0.001645055,0.03,0.009047802,"080411A",0,0,0,0,0,0,0,0,0,0,0,0,0,0,0,1.03,0.307496037913213
"080413B",21.31329763,1.26,1.271841607,0,0.74,-5.494850022,2.29,5.62,1.93206,0,0,0.903089987,0,-13.54,454.256655864964,1.5876,1.61758107329634,0,0.5476,30.1933767642734,5.2441,31.5844,3.7328558436,0,0,0.81557152461966,0,183.3316,0.0692396240032236,0,0,0,0,0.05,0.02,0.1,0.04,0.013571703,0.27,0.018579443,"080413B",1,5.3283244075,0.315,0.31796040175,0,0.185,-1.3737125055,0.5725,1.405,0.483015,0,0,0.22577249675,0,-3.385,1.1,0.322219294733919
"080516A",22.03528962,1.82,0.255272505,1.48,0,-6.585026652,0,0,2.3315,3.77452827,-11.12090412,0.763427994,0.94016916,0,485.55398863728,3.3124,0.065164051808975,2.1904,0,43.3625760075503,0,0,5.43589225,14.2470636610292,123.674508446233,0.582822302022864,0.883918049415106,0,0.0159503209161228,0.077803665,0.111057696,0.084888358,0.03,0,0,0,0,0.066814536,0.27,0.072382414,"080516A",0,0,0,0,0,0,0,0,0,0,0,0,0,0,0,3.2,0.6232492903979
"080603A",20.9181675200872,1.8144820875664,0.365016103959771,0,0.85,-5.70558194498092,0.98,3.8,2.0146549872069,0,0,1.77815125,0,-12.4,437.569732398431,3.29234524609932,0.13323675614997,0,0.7225,32.5536653308923,0.9604,14.44,4.05883471747763,0,0,3.16182186787656,0,153.76,0.014863865494915,0,0,0,0,0.03,0.03,0.02,0.31,0.0419982454796969,0.181989441665926,0.0645822859728094,"080603A",1,5.2295418800218,0.4536205218916,0.0912540259899428,0,0.2125,-1.42639548624523,0.245,0.95,0.503663746801725,0,0,0.4445378125,0,-3.1,1.69,0.429752280002408
"080603B",21.31611509,1.21,0.544068044,0,0.62115,-5.619788758,1.26607,4.19971,1.83449,0,0,1.77815125,0,-12.2511,454.376762530126,1.4641,0.296010036501986,0,0.3858273225,31.5820256845432,1.6029332449,17.6375640841,3.3653535601,0,0,3.16182186787656,0,150.08945121,0.0093822306004846,0,0,0,0,0.01515,0.014815,0.02688,0.06837,0.018095603,0.3,0.024816828,"080603B",1,5.3290287725,0.3025,0.136017011,0,0.1552875,-1.4049471895,0.3165175,1.0499275,0.4586225,0,0,0.4445378125,0,-3.062775,2.6893,0.566943971856554
"080607A",22.38386741,1.31,1.36361198,1.06,0,-4.619788758,0,0,2.03418,3.46298403,-10.0540393,1.899984563,1.7256074,0,501.03752022846,1.7161,1.85943763199952,1.1236,0,21.3424481685432,0,0,4.1378882724,11.992258392035,101.083706245944,3.6099413396383,2.97772089893476,0,0.0179615292332226,0.11042072,0.069659314,0.037637388,0.02,0,0,0.028803,0,0,0.04,0.02068069,"080607A",0,0,0,0,0,0,0,0,0,0,0,0,0,0,0,3.036,0.605951157564873
"080710A",20.89722339,1.47,0,1.3,0,-5.853871964,0,0,2.00149,4.09266933,-11.23284413,2.077948999,1.52133785,0,436.693945411563,2.1609,0,1.69,0,34.2678169709052,0,0,4.0059622201,16.7499422447226,126.176787248875,4.3178720424451,2.31446885384262,0,0.063286086716648,0.06269498,0.054210787,0.06401643,0.150517844,0,0,0,0,0.062042069,0.23,0.086858896,"080710A",0,0,0,0,0,0,0,0,0,0,0,0,0,0,0,0.845,0.265996370495079
"080810A",21.45079548,1.34,0.301029996,1.079,0,-5.337242168,0,0,2.11482,3.2687548,-9.931814138,2.03666881,1.44529526,0,460.136626724788,1.7956,0.09061905849176,1.164241,0,28.4861539598773,0,0,4.4724636324,10.684757942523,98.6409320717767,4.14801984162682,2.08887838857847,0,0.0173110727824034,0.031830706,0.039738688,0.036139295,0.0015,0,0,0,0,0.018882369,0.06,0.043429448,"080810A",0,0,0,0,0,0,0,0,0,0,0,0,0,0,0,3.35,0.638489256954637
"080905B",22.33533151,1.78,-0.301029996,0.375,0,-5.744727495,0,0,1.86248,3.67820615,-10.11125904,2.10720997,1.36946226,0,498.867033661599,3.1684,0.09061905849176,0.140625,0,33.001893991809,0,0,3.4688317504,13.5292004818978,102.237559373982,4.4403338576674,1.87542688156431,0,0.0951998384562338,0.03236457,0.038825489,0.033301752,0.00558525,0,0,0,0,0.048254942,0.15,0.086858896,"080905B",0,0,0,0,0,0,0,0,0,0,0,0,0,0,0,2.374,0.528145078253106
"080928A",21.51035195,1.77,0.322219295,0.99,0,-5.602059991,0,0,2.13864,4.08450503,-11.1260984,2.368584372,1.76031774,0,462.695241012869,3.1329,0.103825274070297,0.9801,0,31.3830761427629,0,0,4.5737810496,16.6831813400953,123.790065606483,5.61019192728263,3.09871854575871,0,0.0386609346233468,0.064484035,0.047916769,0.075970735,0,0,0,0,0.01,0.034743559,0.12,0.02068069,"080928A",0,0,0,0,0,0,0,0,0,0,0,0,0,0,0,1.692,0.430075055551939
"081007A",21.69605744,2.51,0.414973348,0.92,0,-6.148741651,0,0,2.102,3.58176278,-10.58502665,0.958563883,1.00469263,0,470.718908439779,6.3001,0.172202879550329,0.8464,0,37.8070238907422,0,0,4.418404,12.8290246121933,112.04278918121,0.918844717792038,1.00940728077632,0,0.140327919478768,0.053161115,0.084284398,0.039134851,0.005,0,0,0,0,0.048934589,0.2,0.066814536,"081007A",0,0,0,0,0,0,0,0,0,0,0,0,0,0,0,0.5295,0.184549481320698
"081008A",21.1376737,1.69,0.113943352,0.84,0,-5.366531544,0,0,1.98207,3.85550833,-10.79317412,2.268297087,1.47398467,0,446.801249447672,2.8561,0.0129830874649959,0.7056,0,28.799660812747,0,0,3.9286014849,14.8649444826994,116.492607584638,5.14517167489269,2.17263080739501,0,0.0944643171466364,0.06052989,0.056285684,0.063988679,0.025,0,0,0,0,0.020199743,0.07,0.033407268,"081008A",0,0,0,0,0,0,0,0,0,0,0,0,0,0,0,1.9685,0.472537053262077
"081028A",20.90308999,1.25,-0.301029996,0.945,0,-5.431798276,0,0,2.51,4.75426,-11.3994,2.414973348,2.20023,0,436.939171130038,1.5625,0.09061905849176,0.893025,0,29.5044325111566,0,0,6.3001,22.6029881476,129.94632036,5.83209627155033,4.8410120529,0,0.0544346314312377,0.0572,0.03025,0.054715,5e-04,0,0,0,0,0.023475377,0.38,0.086858896,"081028A",0,0,0,0,0,0,0,0,0,0,0,0,0,0,0,3.038,0.60616631460762
"081029A",21.49704581,1.43,-0.301029996,0.87,0,-5.677780705,0,0,1.95818,4.48156171,-11.86327943,2.431283332,2.51960373,0,462.122978557239,2.0449,0.09061905849176,0.7569,0,32.2371937340703,0,0,3.8344689124,20.0843953605381,140.737398834261,5.91113864046102,6.34840295622991,0,0.0734942688403521,0.083250805,0.04285341,0.169198521,0.001,0,0,0.036055,0,0.041361379,0.18,0.173717793,"081029A",0,0,0,0,0,0,0,0,0,0,0,0,0,0,0,3.8479,0.685553652846326
"081203A",21.66176916,1.54,0.462397998,0.82,0,-5.113509275,0,0,2.03508,4.02089,-10.9243983,2.46834733,1.86904,0,469.232243141127,2.3716,0.213811908554408,0.6724,0,26.147977105511,0,0,4.1415506064,16.1675563921,119.342478217043,6.09273854151813,3.4933105216,0,0.122562443871835,0.05695,0.03932,0.064395,0.0325,0,0,0,0,0.016920564,0.06,0.029951344,"081203A",0,0,0,0,0,0,0,0,0,0,0,0,0,0,0,2.1,0.491361693834273
"081221A",21.57331844,1.21,1.260071388,0.991,0,-4.742321425,0,0,2.4947,2.93195749,-9.354577731,1.531478917,1.23586126,0,465.408068513644,1.4641,1.58777990285625,0.982081,0,22.489612498014,0,0,6.22352809,8.5963747231671,87.5081245253211,2.34542767321549,1.52735305396879,0,0.0102431891789539,0.0249855,0.031176651,0.012861856,5e-04,0,0,0,0,0.007198251,0.13,0.011931167,"081221A",0,0,0,0,0,0,0,0,0,0,0,0,0,0,0,2.26,0.513217600067939
"081228A",21.16936021,2.1,-0.22184875,0,1.24,-7.050609993,1.18347,2.80122,2.11824052948599,0,0,0.477121255,0,-12.9876,448.141811700731,4.41,0.0492168678765625,0,1.5376,49.7111012733915,1.4006012409,7.8468334884,4.48694294075709,0,0,0.227644691972775,0,168.67775376,0.0552798328138297,0,0,0,0,0.0492,0.047595,0.036055,0.285,0.0674679414874554,0.31,0.103319586082909,"081228A",1,5.2923400525,0.525,-0.0554621875,0,0.31,-1.76265249825,0.2958675,0.700305,0.529560132371497,0,0,0.11928031375,0,-3.2469,3.44,0.64738297011462
"081230A",20.67248024,1.97,-0.15490196,1.02,0,-6.086186148,0,0,2.08621,3.66959365,-11.32975415,0.907209226455443,0.99376498,0,427.35143927319,3.8809,0.0239946172118416,1.0404,0,37.0416618281071,0,0,4.3522721641,13.4659175561203,128.363329099442,0.823028580565883,0.9875688354744,0,0.740704337003766,0.0701444,0.08735027,0.040381418,0.02,0,0,0,0,0.02568693,0.096969697,0.142225970771007,"081230A",0,0,0,0,0,0,0,0,0,0,0,0,0,0,0,2.1,0.491361693834273
"090102A",21.72376179,1.36,0.740362689,0.667,0,-7.167491087,0,0,1.76997,3.15380077,-9.457174573,1.432006687,1.42487631,0,471.921826308664,1.8496,0.548136911263311,0.444889,0,51.3729284822244,0,0,3.1327938009,9.94645929685259,89.4381509041977,2.05064315161272,2.03027249879922,0,0.0359770577590371,0.036239983,0.041590346,0.021786596,0.002673458,0.08,0.101225,0.08,0.01,0.019160051,0.08,0.063170107,"090102A",0,0,0,0,0,0,0,0,0,0,0,0,0,0,0,1.547,0.406028944963615
"090205A",21.81792086,2.15,-0.301029996,1.01,0,-6.721246399,0,0,2.03416,3.70655,-11.3419886,0.944482672,1.29089,0,476.021670653223,4.6225,0.09061905849176,1.0201,0,45.1751531560705,0,0,4.1378069056,13.7385129025,128.64070540253,0.89204751770826,1.6663969921,0,0.0885407574117407,0.13445,0.114585,0.084185,0.025,0,0,0,0,0.068572813,0.23,0.086858896,"090205A",0,0,0,0,0,0,0,0,0,0,0,0,0,0,0,4.6497,0.752025387323213
"090313A",22.44115763,1.91,-0.096910013,0,1,-5.853871964,0.938086,3.487381,2.07619,0,0,1.893872679,0,-11.4731,503.605555774507,3.6481,0.00939155061966017,0,1,34.2678169709052,0.880005343396,12.161826239161,4.3105649161,0,0,3.58675372426264,0,131.63202361,0.0434736058796182,0,0,0,0,0.110788,0.148455,0.040385,0.103,0.062042069,0.29,0.162860431,"090313A",1,5.6102894075,0.4775,-0.02422750325,0,0.25,-1.463467991,0.2345215,0.87184525,0.5190475,0,0,0.47346816975,0,-2.868275,3.38,0.6414741105041
"090418A",22.02365981,1.48,0.278753601,0.98,0,-5.337242168,0,0,2.03408,3.52813657,-10.04720756,1.748188027,1.52909667,0,485.041591426609,2.1904,0.0777035700704672,0.9604,0,28.4861539598773,0,0,4.1374814464,12.4477476565714,100.946379753721,3.05616137774615,2.33813662620509,0,0.0320230997079162,0.028659405,0.030759021,0.042154514,0.003531332,0,0,0,0,0.018882369,0.07,0.068572813,"090418A",0,0,0,0,0,0,0,0,0,0,0,0,0,0,0,1.608,0.416307587059883
"090423A",22.7516324,0.8,0.230448921,0.77,0,-6.229147988,0,0,1.8158,3.91521772,-11.2798407,0.989894564,1.43267533,0,517.63677686473,0.64,0.0531067051900642,0.5929,0,38.8022846564045,0,0,3.29712964,15.328929795002,127.234806217376,0.97989124783675,2.05255860119061,0,0.047195797531391,0.08569564,0.077643595,0.064053366,0.005,0,0.02,0,0,0.029443694,0.5,0.051093469,"090423A",0,0,0,0,0,0,0,0,0,0,0,0,0,0,0,8.26,0.966610986681934
"090424A",21.63012977,1.19,1.851258349,0.924,0,-4.677780705,0,0,1.96315,2.99599056,-9.050609993,1.681241237,1.1284106,0,467.86251386704,1.4161,3.42715747474221,0.853776,0,21.8816323240703,0,0,3.8539579225,8.97595943560911,81.9135412453915,2.82657209698929,1.27331048219236,0,0.0205611924585667,0.011257098,0.013394814,0.005546887,0,0,0,0,0,0,0.15,0.012233647,"090424A",0,0,0,0,0,0,0,0,0,0,0,0,0,0,0,0.544,0.188647295999717
"090519A",22.13069392,1.02,-0.22184875,0.63,0,-5.920818754,0,0,1.46604,3.44619,-11.76000021,1.806179974,1.42452,0,489.767613380725,1.0404,0.0492168678765625,0.3969,0,35.0560947177181,0,0,2.1492732816,11.8762255161,138.2976049392,3.26228609847864,2.0292572304,0,0.0559162050267847,0.21145,0.24029,0.3065,0.03,0,0,0,0,0.036191207,0.2,0.144764827,"090519A",0,0,0,0,0,0,0,0,0,0,0,0,0,0,0,3.85,0.685741738602264
"090529A",22.03528962,2,-0.397940009,0.64,0,-6.167491087,0,0,2.22623,4.472757799,-12.1873998,1.837651558,0.8815438,0,485.55398863728,4,0.15835625076292,0.4096,0,38.0379463082244,0,0,4.9561000129,20.0055623285153,148.53271388504,3.37696324861983,0.77711947131844,0,0.0664439832683159,0.11547934,0.21900534,0.113675222,0.125,0,0.01,0.05,0,0.10857362,0.3,0.108573621,"090529A",0,0,0,0,0,0,0,0,0,0,0,0,0,0,0,2.625,0.559308010907013
"090530A",20.90942658,1.61,0.397940009,1.09,0,-5.958607315,0,0,2.03975,3.6839464,-11.16052195,1.681241237,0.88610581,0,437.204119904411,2.5921,0.15835625076292,1.1881,0,35.5050011343715,0,0,4.1605800625,13.571461078073,124.557250196432,2.82657209698929,0.785183506515756,0,0.323703994876218,0.089175625,0.115365029,0.038514202,0.035,0,0,0,0,0.039481317,0.17,0.052115338,"090530A",0,0,0,0,0,0,0,0,0,0,0,0,0,0,0,1.266,0.355259905527378
"090618A",21.39200012,1.42,1.589949601,0.8945,0,-3.978810701,0,0,1.82831,3.67275453,-9.640164518,2.05388479,1.30942861,0,457.61766913408,2.0164,2.52793973372006,0.80013025,0,15.8309345943921,0,0,3.3427174561,13.4891258376355,92.9327719341062,4.21844273059334,1.71460328468653,0,0.00227692361547263,0.009695255,0.014245613,0.010591616,0.002482662,0,0,0,0,0.004136138,0.08,0.008931506,"090618A",0,0,0,0,0,0,0,0,0,0,0,0,0,0,0,0.54,0.187520720836463
"090726A",22.02689264,2.25,-0.15490196,0,1.3,-6.065501549,1.086752,3.354189,2.4288,0,0,1.773054693,0,-12.2265,485.183999374086,5.0625,0.0239946172118416,0,1.69,36.7903090409214,1.181029909504,11.250583847721,5.89906944,0,0,3.14372294436932,0,149.48730225,0.246558916936231,0,0,0,0,0.098827,0.0975,0.195492,0.11,0.050499358,0.19,0.124084138,"090726A",1,5.50672316,0.5625,-0.03872549,0,0.325,-1.51637538725,0.271688,0.83854725,0.6072,0,0,0.44326367325,0,-3.056625,2.71,0.569373909615046
"090809A",21.91952315,1.34,0.041392685,0.96,0,-6.468521083,0,0,1.94644,4.56066,-11.8559,0.73239376,1.6367,0,480.465495123386,1.7956,0.00171335437150922,0.9216,0,41.8417650012155,0,0,3.7886286736,20.7996196356,140.56236481,0.536400619686938,2.67878689,0,0.0978170519448906,0.338,0.237865,0.319405,0.01,0,0,0,0,0.063866836,0.24,0.078962633,"090809A",0,0,0,0,0,0,0,0,0,0,0,0,0,0,0,2.737,0.572523097849638
"090812A",21.77771022,1.24,0.556302501,0.53,0,-5.236572006,0,0,1.88559,3.52924,-10.16730017,1.824125834,1.37252,0,474.268662426292,1.5376,0.309472472618855,0.2809,0,27.4216863740229,0,0,3.5554496481,12.4555349776,103.373992746882,3.3274350582662,1.8838111504,0,0.0954430381608785,0.10615,0.13258,0.08412,0.015,0,0,0,0,0.014975672,0.05,0.024127471,"090812A",0,0,0,0,0,0,0,0,0,0,0,0,0,0,0,2.452,0.538070787043172
"090927A",21.01785522,1.8,0.301029996,0.92,0,-6.698970004,0,0,2.06549,4.20121889,-11.6716204,0.342422681,1.13087741,0,441.750238048881,3.24,0.09061905849176,0.8464,0,44.8761991144918,0,0,4.2662489401,17.6502401616928,136.226722761696,0.117253292463228,1.27888371644831,0,0.0791400972158072,0.076268475,0.093241949,0.074843971,0.01,0,0,0,0,0.065144172,0.2,0.043429448,"090927A",0,0,0,0,0,0,0,0,0,0,0,0,0,0,0,1.37,0.374748346010104
"091018A",21.19187281,1.77,1.012837225,0.91,0,-5.853871964,0,0,1.98015,2.89655535,-9.627087997,0.639486489,1.18074867,0,449.095473195217,3.1329,1.0258392443457,0.8281,0,34.2678169709052,0,0,3.9209940225,8.39003289561362,92.6808233019815,0.408942969613547,1.39416742170677,0,0.0598714492362227,0.024288603,0.034497878,0.016335114,0.002061639,0,0,0,0.01,0.031021034,0.24,0.016865805,"091018A",0,0,0,0,0,0,0,0,0,0,0,0,0,0,0,0.971,0.294686624279443
"091020A",21.70587483,1.53,0.62324929,0.895,0,-5.431798276,0,0,2.08587,2.95265011,-9.71219827,1.590061231,1.17417264,0,471.145002135627,2.3409,0.388439677485504,0.801025,0,29.5044325111566,0,0,4.3508536569,8.71814267208301,94.326795235791,2.52829471832924,1.37868138852457,0,0.0544128110188212,0.034480687,0.045271255,0.018244861,0.002182887,0,0,0,0,0.011737689,0.07,0.031021034,"091020A",0,0,0,0,0,0,0,0,0,0,0,0,0,0,0,1.71,0.432969290874406
"091029A",21.45058625,1.46,0.255272505,1.064,0,-5.619788758,0,0,2.11535,4.30368998,-11.34678749,1.593286067,1.12123368,0,460.127650468689,2.1316,0.065164051808975,1.132096,0,31.5820256845432,0,0,4.4747056225,18.5217474439524,128.74958634322,2.53856049129633,1.25716496516634,0,0.0535069670717355,0.02563352,0.034224003,0.026782025,0.002,0,0,0,0,0.018095603,0.27,0.024127471,"091029A",0,0,0,0,0,0,0,0,0,0,0,0,0,0,0,2.752,0.574262829707027
"091109A",21.89596701,1.31,0.113943352,0.89,0,-5.795880017,0,0,1.96352,3.37933883,-11.14630179,1.681241237,1.06152816,0,479.433371303008,1.7161,0.0129830874649959,0.7921,0,33.5922251714599,0,0,3.8554107904,11.4199309279458,124.240043593757,2.82657209698929,1.12684203447299,0,0.15117163716416,0.05941034,0.074268877,0.033719571,0.03,0,0,0,0,0.05428681,0.25,0.133629071,"091109A",0,0,0,0,0,0,0,0,0,0,0,0,0,0,0,3.076,0.610234175334389
"091127A",20.87872913,2.05,1.667452953,0.758,0,-5.045757491,0,0,1.80187,3.98466812,-9.844663963,0.84260924,1.39581701,0,435.921330083911,4.2025,2.78039935046842,0.574564,0,25.4596686579826,0,0,3.2467354969,15.8775800265443,96.9174085443909,0.709990331333378,1.94830512540534,0,0.0093822306004846,0.018562516,0.021935207,0.013587309,0.00244132,0,0,0,0,0.014476483,0.07,0.025217099,"091127A",0,0,0,0,0,0,0,0,0,0,0,0,0,0,0,0.49,0.173186268412274
"091208B",21.91211094,1.74,1.181843588,0.86,0,-5.48148606,0,0,2.03333,3.31388094,-10.18045606,1.173186268,1.1606541,0,480.140605846868,3.0276,1.39675426649671,0.7396,0,30.0466894259743,0,0,4.1344308889,10.9818068844953,103.641685589591,1.37636601942377,1.34711793984681,0,0.0844607534610546,0.036806415,0.052928177,0.030502454,0.034663611,0,0,0,0,0.026320878,0.11,0.028572005,"091208B",0,0,0,0,0,0,0,0,0,0,0,0,0,0,0,1.063,0.314499227973151
"100219A",21.39050236,1.34,-0.397940009,0,1.27,-6.431798276,1.67,3.37,1.58721,0,0,1.274157849,0,-12.92,457.553591213166,1.7956,0.15835625076292,0,1.6129,41.3680290631566,2.7889,11.3569,2.5192355841,0,0,1.62347822416831,0,166.9264,0.0563106258915239,0,0,0,0,0.1,0.07,0.18,0.08,0.070426132,0.25,0.10857362,"100219A",1,5.34762559,0.335,-0.09948500225,0,0.3175,-1.607949569,0.4175,0.8425,0.3968025,0,0,0.31853946225,0,-3.23,4.67,0.753583058892907
"100316B",21.41315218,2.23,0.113943352,1.08,0,-6.698970004,0,0,2.23535,3.5543767,-11.1481304,0.579783597,1.36246063,0,458.523086283839,4.9729,0.0129830874649959,1.1664,0,44.8761991144918,0,0,4.9967896225,12.6335937255029,124.280811415404,0.336149019350258,1.8562989683,0,0.0508837165764397,0.10431242,0.207348761,0.13322096,0.02,0,0,0,0,0.043429448,0.18,0.033407268,"100316B",0,0,0,0,0,0,0,0,0,0,0,0,0,0,0,1.18,0.338456493604605
"100316D",21.60728985,2.29,-1,0,0.94,-6.522878745,2.12,6.41,2.49431,0,0,2.717570654,0,-12.9424,466.874974661913,5.2441,1,0,0.8836,42.5479471219728,4.4944,41.0881,6.2215823761,0,0,7.38519025948199,0,167.50571776,0.246558916936231,0,0,0,0,0.105554,0.06,0.18,0.05,0.115811862,0.41,0,"100316D",1,5.4018224625,0.5725,-0.25,0,0.235,-1.63071968625,0.53,1.6025,0.6235775,0,0,0.6793926635,0,-3.2356,0.06,0.0253058652647703
"100418A",22.1524657,2.16,0,0.84,0,-6.468521083,0,0,2.26662,5.54363,-12.48811664,0.84509804,1.81145,0,490.731736589677,4.6656,0,0.7056,0,41.8417650012155,0,0,5.1375662244,30.7318335769,155.953057214245,0.714190697211842,3.2813511025,0,0.059763875267383,0.10745,0.075475,0.16786,0.01,0,0,0,0,0.063866836,0.25,0.086858896,"100418A",0,0,0,0,0,0,0,0,0,0,0,0,0,0,0,0.6235,0.21045229296202
"100425A",20.53466438,2.42,0.146128036,1.46,0,-6.327902142,0,0,2.17077,3.60199415,-11.50168945,1.568201724,0.86819371,0,421.672441199241,5.8564,0.0213534029052173,2.1316,0,40.0423455187282,0,0,4.7122423929,12.9743618566342,132.288860204241,2.45925664715657,0.753760318083564,0,0.0442926372724909,0.070859065,0.115125536,0.055076895,0.035,0,0,0,0,0.083162773,0.32,0.062042069,"100425A",0,0,0,0,0,0,0,0,0,0,0,0,0,0,0,1.755,0.440121603187804
"100508A",20.84356974,1.23,-0.397940009,0,0.4,-6.15490196,0.875389,4.020463,1.9368495003839,0,0,1.716003344,0,-12.8769,434.454399506244,1.5129,0.15835625076292,0,0.16,37.8828181372118,0.766305901321,16.164122734369,3.75138598713736,0,0,2.94466747661918,0,165.81455361,0.15117163716416,0,0,0,0,0.15766,0.387989,0.292399,0.07,0.0580980942149184,0.25,0.101108910335356,"100508A",1,5.210892435,0.3075,-0.09948500225,0,0.1,-1.53872549,0.21884725,1.00511575,0.484212375095975,0,0,0.429000836,0,-3.219225,0.5201,0.181872159010334
"100513A",22.05240534,1.62,-0.22184875,1.36,0,-5.853871964,0,0,2.25722,3.74522911,-11.57186521,1.924279286,0.96306136,0,486.30858127966,2.6244,0.0492168678765625,1.8496,0,34.2678169709052,0,0,5.0950421284,14.0267410863914,133.908064438408,3.70285077052867,0.92748718312505,0,0.0768849139302361,0.09817689,0.128616618,0.061569437,0.025,0,0,0,0,0.031021034,0.14,0.072382414,"100513A",0,0,0,0,0,0,0,0,0,0,0,0,0,0,0,4.772,0.761326322421457
"100704A",21.52730245,1.73,0.633468456,1.29,0,-5.22184875,0,0,2.11575,3.62503495,-10.35163999,2.2955671,1.01294211,0,463.424750773776,2.9929,0.401282284747024,1.6641,0,27.2677043678766,0,0,4.4763980625,13.1408783887215,107.156450482567,5.26962831060241,1.02605171821125,0,0.0511462884983093,0.04763446,0.053639373,0.01813996,0.01,0,0,0,0,0.014476483,0.06,0.020199743,"100704A",0,0,0,0,0,0,0,0,0,0,0,0,0,0,0,3.6,0.662757831681574
"100728A",21.52592288,1.18,0.707570176,0.96,0,-4.420216403,0,0,1.90402,4.03148606,-10.17587417,2.297760511,1.5588143,0,463.365355835707,1.3924,0.500655553964671,0.9216,0,19.5383130493503,0,0,3.6252921604,16.2528798519743,103.548415123673,5.27970336591098,2.42990202188449,0,0.0276692267863542,0.0760751,0.053762484,0.034265796,0.005,0,0,0,0,0,0.02,0.017031156,"100728A",0,0,0,0,0,0,0,0,0,0,0,0,0,0,0,1.567,0.409425868671443
"100814A",20.89608288,1.47,0.397940009,1.1425,0,-5.045757491,0,0,1.89414,5.22729477,-11.49349497,2.241795431,1.76532941,0,436.646279727829,2.1609,0.15835625076292,1.30530625,0,25.4596686579826,0,0,3.5877663396,27.3246106124694,132.100426625415,5.02564675445248,3.11638792581095,0,0.0235643330529017,0.04362636,0.035347138,0.084015169,0.01745135,0,0,0.007333,0,0.009650988,0.04,0.034743559,"100814A",0,0,0,0,0,0,0,0,0,0,0,0,0,0,0,1.44,0.387389826338729
"100816A",21.34783526,0.73,1.037426498,1.09,0,-5.698970004,0,0,1.91138,3.97801299,-11.5559552,0.462397998,1.04455013,0,455.730070288099,0.5329,1.07625373875254,1.1881,0,32.4782591064918,0,0,3.6533735044,15.8245873486087,133.540100584407,0.213811908554408,1.09108497408302,0,0.0930248425840856,0.08674922,0.112014005,0.047175154,0.015,0,0,0,0,0.021714724,0.24,0.015937412,"100816A",0,0,0,0,0,0,0,0,0,0,0,0,0,0,0,0.804,0.256236533205923
"100901A",21.53188109,1.52,-0.096910013,1.075,0,-5.677780705,0,0,1.98285,4.91124,-11.34103516,2.64246452,1.50754,0,463.6219032739,2.3104,0.00939155061966017,1.155625,0,32.2371937340703,0,0,3.9316941225,24.1202783376,128.619078500356,6.98261873945883,2.2726768516,0,0.0223211438768381,0.0283,0.02425,0.036255,5e-04,0,0,0,0.1,0.062042069,0.21,0.10857362,"100901A",0,0,0,0,0,0,0,0,0,0,0,0,0,0,0,1.408,0.381656482585787
"100906A",21.96198081,1.78,1.004321374,0.87,0,-4.920818754,0,0,2.02817,3.94074768,-10.4698003,2.058426024,1.71220056,0,482.328601098808,3.1684,1.00866142227325,0.7569,0,24.2144572097181,0,0,4.1134735489,15.5294922774254,109.61671832188,4.23711769628045,2.93163075766431,0,0.00604043448603348,0.048743085,0.039933316,0.059340084,0,0.006123,0,0,0,0,0.03,0.017199781,"100906A",0,0,0,0,0,0,0,0,0,0,0,0,0,0,0,1.727,0.43568513794163
"101219B",20.49692965,1.56,-0.22184875,0.94,0,-5.677780705,0,0,1.85684,4.42003952,-11.99567863,1.531478917,0.66918137,0,420.124125077049,2.4336,0.0492168678765625,0.8836,0,32.2371937340703,0,0,3.4478547856,19.5367493583618,143.896305794239,2.34542767321549,0.447803705955077,0,0.0692396240032236,0.089446275,0.166829365,0.039390628,0.105,0,0,0.04,0,0.082722758,0.16,0.217147241,"101219B",0,0,0,0,0,0,0,0,0,0,0,0,0,0,0,0.55,0.190331698170291
"101225A",21.11770968,1.82,-0.338610804708651,0,0.7,-5.721246399,0.7,5.38,1.81612,0,0,3.036628895,0,-14.1,445.957662128766,3.3124,0.11465727706544,0,0.49,32.7326603580705,0.49,28.9444,3.2982918544,0,0,9.22111504594892,0,198.81,0.0093822306004846,0,0,0,0,0.06,0.17,0.08,0.0303,0.091430417,0.32,0.109322034911467,"101225A",1,5.27942742,0.455,-0.0846527011771628,0,0.175,-1.43031159975,0.175,1.345,0.45403,0,0,0.75915722375,0,-3.525,0.33,0.123851640967086
"110205A",21.37042981,1.8,0.556302501,0,0.74,-4.769551079,1.95,4.79,1.93577,0,0,2.409933123,0,-13.04,456.695270264137,3.24,0.309472472618855,0,0.5476,22.7486174951901,3.8025,22.9441,3.7472054929,0,0,5.80777765733253,0,170.0416,0.0563106258915239,0,0,0,0,0.06,0.03,0.11,0.04,0,0.04,0.024127471,"110205A",1,5.3426074525,0.45,0.13907562525,0,0.185,-1.19238776975,0.4875,1.1975,0.4839425,0,0,0.60248328075,0,-3.26,2.21,0.506505032404872
"110213A",21.56708403,1.83,0.204119983,1.1905,0,-5.229147988,0,0,1.96436,3.84089,-9.896196279,1.681241237,1.8412,0,465.139113557081,3.3489,0.0416649674599203,1.41729025,0,27.3439886804045,0,0,3.8587102096,14.7524359921,97.9347007924934,2.82657209698929,3.39001744,0,0.14476482742628,0.03588,0.023515,0.02785,0.226362665,0,0,0,0,0.029443694,0.12,0.162860431,"110213A",0,0,0,0,0,0,0,0,0,0,0,0,0,0,0,1.46,0.390935107103379
"110422A",22.02088312,0.86,1.487138375,0.778,0,-4.387216143,0,0,1.89199,3.50066971,-9.681936665,1.413299764,1.42239886,0,484.919293384701,0.7396,2.21158054639764,0.605284,0,19.2476654853998,0,0,3.5796261601,12.2546884185115,93.7398975850713,1.99741622292246,2.0232185169293,0,0.00950159657676303,0.024137407,0.029472713,0.022779716,0.005,0,0,0,0,0.010592548,0.1,0.0141464,"110422A",0,0,0,0,0,0,0,0,0,0,0,0,0,0,0,1.77,0.442479769064449
"110503A",21.13638759,0.88,0.130333768,0.687,0,-5,0,0,1.90907,2.54166555,-9.08249449,1,1.14649063,0,446.746880354706,0.7744,0.0169868910810778,0.471969,0,25,0,0,3.6445482649,6.4600637680568,82.4917061608804,1,1.3144407646778,0,0.147896600362852,0.028998071,0.028887961,0.006289914,0.001,0.08,0,0.027144,0.19,0.017371779,0.25,0.019301977,"110503A",0,0,0,0,0,0,0,0,0,0,0,0,0,0,0,1.613,0.417139409727326
"110715A",22.0746007,1.25,1.731588765,0.755,0,-4.928117993,0,0,1.85342,2.61109719,-9.075720714,1.113943352,0.95853538,0,487.287996064441,1.5625,2.99839965107422,0.570025,0,24.2863469529303,0,0,3.4351656964,6.8178285356259,82.3687064785287,1.240869791465,0.918790074711744,0,0.133629071449258,0.02377653,0.035600881,0.009554076,0.0015,0,0,0,0,0.007360923,0.12,0.008863153,"110715A",0,0,0,0,0,0,0,0,0,0,0,0,0,0,0,0.82,0.260071387985075
"110731A",21.95954126,1.15,1.041392685,0.39,0,-5.22184875,0,0,1.85145,5.08952072,-12.08512818,1.588831726,1.42351927,0,482.221452349642,1.3225,1.08449872437151,0.1521,0,27.2677043678766,0,0,3.4278671025,25.9032211593093,146.05032312703,2.52438625354414,2.02640711206133,0,0.130539784388153,0.097418495,0.090702815,0.110855301,0.13,0,0,0,0,0.007238241,0.05,0.011844395,"110731A",0,0,0,0,0,0,0,0,0,0,0,0,0,0,0,2.83,0.583198773968623
"110801A",21.39050236,1.84,0.041392685,0,1,-5.327902142,1.59481,4.036448,2.04784,0,0,2.58546073,0,-11.822,457.553591213166,3.3856,0.00171335437150922,0,1,28.3865412347282,2.5434189361,16.292912456704,4.1936486656,0,0,6.68460718637213,0,139.759684,0.0233394026693868,0,0,0,0,0.034931,0.030996,0.044803,0.06,0.027720924,0.1,0.078962633,"110801A",1,5.34762559,0.46,0.01034817125,0,0.25,-1.3319755355,0.3987025,1.009112,0.51196,0,0,0.6463651825,0,-2.9555,1.858,0.456062224454951
"110808A",21.19799139,2.32,-0.397940009,1.4,0,-6.48148606,0,0,2.33721,4.50711,-12.08440021,1.681241237,0.807091,0,449.354838970514,5.3824,0.15835625076292,1.96,0,42.0096615459743,0,0,5.4625505841,20.3140405521,146.032728435448,2.82657209698929,0.651395882281,0,0.204728382319217,0.0837,0.155655,0.0776,0.025,0,0,0,0,0.105283511,0.43,0.217147241,"110808A",0,0,0,0,0,0,0,0,0,0,0,0,0,0,0,1.348,0.370698092575577
"110818A",22.06812647,1.58,0.204119983,0.83,0,-5.397940009,0,0,1.95985,3.84627415,-11.28316228,2.012837225,1.37167718,0,487.002205895915,2.4964,0.0416649674599203,0.6889,0,29.1377563407629,0,0,3.8410120225,14.7938248369582,127.309751036815,4.0515136943457,1.88149828613275,0,0.0761271870594219,0.05514905,0.059648416,0.067338189,0.01,0,0,0,0,0.021714724,0.11,0.081430215,"110818A",0,0,0,0,0,0,0,0,0,0,0,0,0,0,0,3.36,0.639486489268586
"111008A",22.17059025,1.86,0.806179974,0.829,0,-5.27572413,0,0,1.94053,3.98993393,-10.66756154,1.802500068,1.21584288,0,491.535072033395,3.4596,0.649926150478641,0.687241,0,27.8332650958643,0,0,3.7656566809,15.9195727657652,113.796869209687,3.24900649514,1.47827390884669,0,0.0161841207996628,0.028511085,0.035676696,0.027351291,0.001,0,0,0,0,0.024582707,0.09,0.047500959,"111008A",0,0,0,0,0,0,0,0,0,0,0,0,0,0,0,4.9898,0.777412321496744
"111107A",21.56675205,1.49,0.079181246,0,1,-6.055517328,0.733879,3.190433,2.11569,0,0,1.424881637,0,-12.5259,465.124793986179,2.2201,0.00626966971811252,0,1,36.6692901097083,0.538578386641,10.178862727489,4.4761441761,0,0,2.0302876794598,0,156.89817081,0.153333382237578,0,0,0,0,0.238146,0.380189,0.082265,0.09,0.039481317,0.14,0.072382414,"111107A",1,5.3916880125,0.3725,0.0197953115,0,0.25,-1.513879332,0.18346975,0.79760825,0.5289225,0,0,0.35622040925,0,-3.131475,2.893,0.590284403718162
"111123A",21.35034301,1.68,-0.045757491,1.25,0,-5.13667714,0,0,2.55463,4.42202873,-11.60730305,2.462397998,1.46723371,0,455.837146644656,2.8224,0.00209374798261508,1.5625,0,26.3854520405986,0,0,6.5261344369,19.5543380889454,134.729484094539,6.06340390055441,2.15277475976036,0,0.131921983937837,0.07308827,0.070655771,0.105884147,0.005,0,0,0,0,0.017847718,0.07,0.048254942,"111123A",0,0,0,0,0,0,0,0,0,0,0,0,0,0,0,3.1516,0.618215503279417
"111209A",21.14009932,1.48,-0.301029996,0.2529,0,-4.443697499,0,0,1.81212,4.13326,-9.057000407,2.505149978,2.77382,0,446.903799259465,2.1904,0.09061905849176,0.06395841,0,19.7464474626189,0,0,3.2837788944,17.0838382276,82.0292563723982,6.2757764122734,7.6940773924,0,0.0401068361866461,0.02099,0.010455,0.04435,5e-05,0,0,0.03,0,0.012063736,0.03,0.086858896,"111209A",0,0,0,0,0,0,0,0,0,0,0,0,0,0,0,0.677,0.224533062606086
"111228A",21.41342718,2.27,1.093421685,0.99,0,-5.070581074,0,0,2.03824,4.10627835,-10.65757732,2.005180513,1.15297662,0,458.534863593163,5.1529,1.19557098122824,0.9801,0,25.710792428007,0,0,4.1544222976,16.8615218876787,113.583954331778,4.02074888971494,1.32935508626662,0,0.023242060897345,0.030118345,0.037264425,0.023299272,0,0,0,0.028803,0,0.010218694,0.06,0.017511874,"111228A",0,0,0,0,0,0,0,0,0,0,0,0,0,0,0,0.714,0.234010817587179
"120118B",21.451745,2.08,0.342422681,1.01,0,-5.744727495,0,0,2.20884,3.68307,-10.95467702,1.36660971,1.0241,0,460.177363545025,4.3264,0.117253292463228,1.0201,0,33.001893991809,0,0,4.8789741456,13.5650046249,120.004948612516,1.86762209946628,1.04878081,0,0.366834332492466,0.1172,0.131765,0.077156,0.005,0,0,0,0,0.024127471,0.11,0.059221975,"120118B",0,0,0,0,0,0,0,0,0,0,0,0,0,0,0,2.943,0.595826777073223
"120119A",22.02202812,1.38,1.012837225,0,0.89,-4.769551079,1.51,3.44,1.61077,0,0,2.404491618,0,-12,484.969722518071,1.9044,1.0258392443457,0,0.7921,22.7486174951901,2.2801,11.8336,2.5945799929,0,0,5.78157994103226,0,144,0.0692396240032236,0,0,0,0,0.06,0.05,0.08,0.01,0,0.04,0.012649354,"120119A",1,5.50550703,0.345,0.25320930625,0,0.2225,-1.19238776975,0.3775,0.86,0.4026925,0,0,0.6011229045,0,-3,3.1,0.612783856719735
"120327A",22.16619025,1.52,0.591064607,0.63,0,-5.443697499,0,0,1.75797,3.48517215,-10.15181088,1.798650645,1.44859414,0,491.339990199195,2.3104,0.349357369648064,0.3969,0,29.6338424606189,0,0,3.0904585209,12.1464249151356,103.059264143286,3.23514414275892,2.09842498244234,0,0.051933835584684,0.04362492,0.051679097,0.058002882,0.02,0,0,0,0,0.012063736,0.06,0.022271512,"120327A",0,0,0,0,0,0,0,0,0,0,0,0,0,0,0,2.813,0.581266805273671
"120404A",21.70983536,1.85,0.079181246,0.69,0,-5.795880017,0,0,1.89579,3.79948,-11.02687215,1.587710965,1.90651,0,471.316951358306,3.4225,0.00626966971811252,0.4761,0,33.5922251714599,0,0,3.5940197241,14.4360482704,121.591909412446,2.52082610838123,3.6347803801,0,0.179553274179706,0.11705,0.068285,0.121385,0.005,0,0,0,0,0.027143405,0.13,0.072382414,"120404A",0,0,0,0,0,0,0,0,0,0,0,0,0,0,0,2.876,0.588383768378728
"120711A",20.8890204759374,1.73945067928945,0.15298088503652,0,0.53,-5.59956740196432,1.107014,4.394018,1.96823823014476,0,0,2.06069784,0,-12.9249,436.351176444132,3.02568866568053,0.0234031511865569,0,0.2809,31.3551550891414,1.225479996196,19.307394184324,3.87396173060338,0,0,4.24647558778067,0,167.05304001,0.0563106258915239,0,0,0,0,0.108379,0.116386,0.197821,0.02,0.0445850499081247,0.1906576904457,0.0796645497755468,"120711A",1,5.22225511898435,0.434862669822362,0.03824522125913,0,0.1325,-1.39989185049108,0.2767535,1.0985045,0.49205955753619,0,0,0.51517446,0,-3.231225,1.405,0.381115080709851
"120729A",21.34792103,1.62,0.462397998,0.645,0,-5.619788758,0,0,1.8831,3.52138487,-10.29756946,1.854306042,2.26312734,0,455.733732303116,2.6244,0.213811908554408,0.416025,0,31.5820256845432,0,0,3.54606561,12.4001514026649,106.039936783525,3.43845089739771,5.12174535705548,0,0.223182009707008,0.06906832,0.047294772,0.130088482,0.013331067,0.01515,0,0,0,0.018095603,0.08,0.029951344,"120729A",0,0,0,0,0,0,0,0,0,0,0,0,0,0,0,0.8,0.255272505103306
"120802A",22.12127744,1.21,0.477121255,0.91,0,-5.721246399,0,0,2.03526,3.53838419,-11.17198494,1.698970004,0.54215516,0,489.350915577453,1.4641,0.227644691972775,0.8281,0,32.7326603580705,0,0,4.1422832676,12.520162676042,124.813247499587,2.88649907449176,0.293932217514626,0,0.2694762542188,0.07803221,0.220557212,0.11816229,0.055,0,0,0,0,0.068572813,0.47,0.028952965,"120802A",0,0,0,0,0,0,0,0,0,0,0,0,0,0,0,3.796,0.680879174426811
"120811C",21.91722026,1.4,0.612783857,0.65,0,-5.522878745,0,0,1.92121,3.15909591,-10.14327111,1.428134794,1.01613299,0,480.364543925354,1.96,0.375504055399796,0.4225,0,30.5021896319728,0,0,3.6910478641,9.97988696857873,102.885948810961,2.03956898983342,1.03252625336634,0,0.0598545187495629,0.05294686,0.084200302,0.03800099,0.090734018,0,0,0,0,0.043429448,0.3,0.021185097,"120811C",0,0,0,0,0,0,0,0,0,0,0,0,0,0,0,2.671,0.564784384503987
"120815A",21.77242733,2.29,0.342422681,0,0.78,-6.30980392,0.6555,3.266303,1.84293,0,0,0.986771734,0,-12.3315,474.038591840131,5.2441,0.117253292463228,0,0.6084,39.8136255088474,0.42968025,10.668735287809,3.3963909849,0,0,0.973718455021367,0,152.06589225,0.00378540226960351,0,0,0,0,0.015728,0.033134,0.020651,0.01,0.062042069,0.23,0.059221975,"120815A",1,5.4431068325,0.5725,0.08560567025,0,0.195,-1.57745098,0.163875,0.81657575,0.4607325,0,0,0.2466929335,0,-3.082875,2.36,0.526339277389844
"120907A",21.0438101,1.73,0.462397998,0.78,0,-6.173925197,0,0,1.82021,3.2113827,-10.37675071,1.227886705,1.05329104,0,442.841943524862,2.9929,0.213811908554408,0.6084,0,38.1173523381515,0,0,3.3131644441,10.3129788458593,107.676955297485,1.50770576031576,1.10942201494428,0,0.035217186540104,0.04130341,0.062296694,0.028647271,0.005,0,0,0,0.14,0.071302079,0.25,0.059902687,"120907A",0,0,0,0,0,0,0,0,0,0,0,0,0,0,0,0.97,0.294466226161593
"120922A",21.0163605,1.58,0.301029996,1.17,0,-5.207608311,0,0,2.06954,3.59799,-10.59516628,2.238046103,1.06622,0,441.68740866596,2.4964,0.09061905849176,1.3689,0,27.1191843207963,0,0,4.2829958116,12.9455320401,112.257548500849,5.00885035915349,1.1368250884,0,0.075913913084108,0.16365,0.133375,0.03563,0.005,0,0,0,0,0.049033248,0.36,0.043429448,"120922A",0,0,0,0,0,0,0,0,0,0,0,0,0,0,0,3.1,0.612783856719735
"121024A",21.94617755,1.41,0.113943352,0.87,0,-5.958607315,0,0,2.00683,4.17178823,-11.31158018,1.838849091,1.30353551,0,481.634709056124,1.9881,0.0129830874649959,0.7569,0,35.5050011343715,0,0,4.0273666489,17.4038170359665,127.951846168569,3.38136597947153,1.69920482583096,0,0.201804932759115,0.063305895,0.065435085,0.06666149,0,0,0,0,0,0.039481317,0.22,0.066814536,"121024A",0,0,0,0,0,0,0,0,0,0,0,0,0,0,0,2.298,0.5182506513085
"121027A",22.07736427,1.82,0.113943352,1.16,0,-5.698970004,0,0,2.37144,5.40919042,-11.92081875,1.796574333,1.50995764,0,487.410013110273,3.3124,0.0129830874649959,1.3456,0,32.4782591064918,0,0,5.6237276736,29.2593409998198,142.105919670352,3.22767933399439,2.27997207459437,0,0.03343969322178,0.041584155,0.037953731,0.058939694,0,0,0,0,0,0.021714724,0.09,0.066814536,"121027A",0,0,0,0,0,0,0,0,0,0,0,0,0,0,0,1.773,0.442949869577862
"121128A",22.04029767,1.32,1.11058971,0.9455,0,-5.161150909,0,0,1.98504,3.23392922,-9.617982957,1.367355921,1.54546584,0,485.774721382207,1.7424,1.23340950395788,0.89397025,0,26.6374787054715,0,0,3.9403838016,10.4582981999698,92.5055961611425,1.86966221469376,2.38846466260691,0,0.0303933846890459,0.028690024,0.029795568,0.032445001,0.010337721,0,0,0.028803,0,0.025176492,0.18,0.013466496,"121128A",0,0,0,0,0,0,0,0,0,0,0,0,0,0,0,2.2,0.505149978319906
"121211A",21.66138196,2.36,0,0.95,0,-5.886056648,0,0,2.0682,4.20933518,-11.2823295,2.260071388,1.15615612,0,469.215468417013,5.5696,0,0.9025,0,34.645662863465,0,0,4.27745124,17.7185026575856,127.29095894657,5.10792267885625,1.33669697381345,0,0.0937486856135703,0.054250775,0.063247159,0.074602829,0.005,0,0,0,0,0.089197405,0.26,0.130288345,"121211A",0,0,0,0,0,0,0,0,0,0,0,0,0,0,0,1.023,0.305995882770805
"121217A",21.6003032,1.53,0.255272505,0,0.87,-5.207608311,0.775179,3.47558,1.96847804960143,0,0,2.890979597,0,-12.2295,466.57309833193,2.3409,0.065164051808975,0,0.7569,27.1191843207963,0.600902482041,12.0796563364,3.87490583176265,0,0,8.35776303027028,0,149.56067025,0.246558916936231,0,0,0,0,0.1152,0.0991,0.028589,0.04,0.0302144713479088,0.08,0.0649371985063369,"121217A",1,5.4000758,0.3825,0.06381812625,0,0.2175,-1.30190207775,0.19379475,0.868895,0.492119512400358,0,0,0.72274489925,0,-3.057375,3.1,0.612783856719735
"130215A",21.1575730258515,1.59,0.397940009,0,0.94,-5.26760624,2.09,5.96,1.95045663425091,0,0,1.81756537,0,-13.66,447.642896344239,2.5281,0.15835625076292,0,0.8836,27.7476754996869,4.3681,35.5216,3.80428108209339,0,0,3.30354387422324,0,186.5956,0.0344798070207195,0,0,0,0,0.24,0.13,0.54,0.05,0.040212452,0.14,0.121602455,"130215A",1,5.28939325646288,0.3975,0.09948500225,0,0.235,-1.31690156,0.5225,1.49,0.487614158562727,0,0,0.4543913425,0,-3.415,0.6,0.204119982655925
"130408A",20.06405721,1.28,0.69019608,0.945,0,-5.638272164,0,0,2.03183,3.58393,-10.32975415,1.447158031,1.39277,0,402.566391726153,1.6384,0.476370628847366,0.893025,0,31.7901129953372,0,0,4.1283331489,12.8445542449,106.703820799442,2.0942663666878,1.9398082729,0,0.202660966333188,0.077,0.070305,0.0643,0.117120218,0,0,0,0,0.075529475,0.26,0.088631527,"130408A",0,0,0,0,0,0,0,0,0,0,0,0,0,0,0,3.757,0.677333151419902
"130418A",21.12149747,2.07,-0.22184875,0.198,0,-5.744727495,0,0,1.68684,2.59006,-9.247183569,2.07200023240372,1.28449,0,446.117655375216,4.2849,0.0492168678765625,0.039204,0,33.001893991809,0,0,2.8454291856,6.7084108036,85.5104039587836,4.29318496308107,1.6499145601,0,0.169579312058566,0.06047,0.06867,0.031625,0.003,0,0,0,0,0.048254942,0.17,0.144764827,"130418A",0,0,0,0,0,0,0,0,0,0,0,0,0,0,0,1.218,0.345961541813141
"130420A",20.79265849,1.52,0.531478917,1.17,0,-5.148741651,0,0,2.29559,3.56731,-10.8728952,2.091666958,0.914676,0,432.334647081769,2.3104,0.282469839215493,1.3689,0,26.5095405887422,0,0,5.2697334481,12.7257006361,118.219850030183,4.37507066318897,0.836632184976,0,0.0412728533350444,0.05505,0.08535,0.0286905,0.005,0,0,0,0,0.018350471,0.25,0.025546734,"130420A",0,0,0,0,0,0,0,0,0,0,0,0,0,0,0,1.297,0.361160995195026
"130427A",20.99021494,1.21,2.519827994,0,0.72,-3.508638306,1.271343,4.420737,1.78644,0,0,2.211734423,0,-11.2664,440.589123227399,1.4641,6.34953311934606,0,0.5184,12.3105427623305,1.616313023649,19.542915623169,3.1913678736,0,0,4.89176915788314,0,126.93176896,0.0148761559757772,0,0,0,0,0.006123,0.006768,0.007333,0.01,0.00420285,0.02,0.006035512,"130427A",1,5.247553735,0.3025,0.6299569985,0,0.18,-0.8771595765,0.31783575,1.10518425,0.44661,0,0,0.55293360575,0,-2.8166,0.34,0.127104798364808
"130511A",21.01365445,1.35,0.113943352,0.65,0,-6.657577319,0,0,2.06879,2.65954,-10.51570016,0.73479983,1.16497,0,441.573673344005,1.8225,0.0129830874649959,0.4225,0,44.3233357584632,0,0,4.2798920641,7.0731530116,110.579949855024,0.539930790168029,1.3571551009,0,0.176931769551824,0.0838,0.089385,0.04916,0.01,0,0,0,0,0.078962633,0.31,0.066814536,"130511A",0,0,0,0,0,0,0,0,0,0,0,0,0,0,0,1.3033,0.362350507594848
"130514A",21.19799139,1.8,0.447158031,0.65,0,-5.040958608,0,0,2.0604,3.68772,-10.7212464,2.309630167,1.17745,0,449.354838970514,3.24,0.199950304687797,0.4225,0,25.4112636875693,0,0,4.24524816,13.5992787984,114.945124369513,5.33439150831645,1.3863885025,0,0.0272768817014167,0.078,0.078365,0.04188,0.08,0,0,0,0,0.009544934,0.05,0.046531552,"130514A",0,0,0,0,0,0,0,0,0,0,0,0,0,0,0,3.6,0.662757831681574
"130604A",21.35024026,1.51,-0.096910013,0.98,0,-5.853871964,0,0,2.08823,2.071571247,-8.316052869,1.57634135,1.742079764,0,455.832759159725,2.2801,0.00939155061966017,0.9604,0,34.2678169709052,0,0,4.3607045329,4.29140743139714,69.1567353200031,2.48485205171982,3.0348419041383,0,0.0525216608675702,0.166441725,0.100184013,0.041653571,0.015,0,0,0,0,0.031021034,0.12,0.10857362,"130604A",0,0,0,0,0,0,0,0,0,0,0,0,0,0,0,1.06,0.313867220369153
"130702A",21.1002489320261,1.7069931932884,0.697313985603386,0,0.44,-5.28621275756824,1.33,5.07,1.95922507826468,0,0,1.770852012,0,-12.13,445.220504993469,2.91382576193293,0.486246794518079,0,0.1936,27.9440453182772,1.7689,25.7049,3.83856290730124,0,0,3.13591684840445,0,147.1369,0.0552798328138297,0,0,0,0,0.02,0.01,0.02,0.09,0.0328032555071814,0.171786515728631,0.043879736569635,"130702A",1,5.27506223300653,0.4267482983221,0.174328496400846,0,0.11,-1.32155318939206,0.3325,1.2675,0.48980626956617,0,0,0.442713003,0,-3.0325,0.15,0.0606978403536116
"130831A",21.34755638,1.93,1.133538908,1.01,0,-5.187086643,0,0,1.79449,3.31959,-9.89279003,1.511883361,1.28481,0,455.718163397279,3.7249,1.28491045594983,1.0201,0,26.905867841989,0,0,3.2201943601,11.0196777681,97.8672945776674,2.28579129726866,1.6507367361,0,0.0249128885159663,0.054815,0.089045,0.06727,0.009011148,0,0,0.028803,0,0.001336291,0.05,0.019160051,"130831A",0,0,0,0,0,0,0,0,0,0,0,0,0,0,0,0.4791,0.16999753706657
"131030A",20.84178667,1.3,1.44870632,0.693,0,-4.537602002,0,0,2.09466,2.84594,-9.294136288,1.613841822,1.11188,0,434.38007159779,1.69,2.09875000160794,0.480249,0,20.5898319285544,0,0,4.3876005156,8.0993744836,86.3809693399184,2.60448542643628,1.2362771344,0,0.0427179076225292,0.025175,0.027575,0.00815,0.0075,0,0,0,0,0,0.03,0.010818724,"131030A",0,0,0,0,0,0,0,0,0,0,0,0,0,0,0,1.295,0.36078268987328
"131105A",21.32749584,1.45,0.544068044,0.94,0,-5.148741651,0,0,2.24976,3.9488,-10.91009489,2.050379756,1.19347,0,454.862078805217,2.1025,0.296010036501986,0.8836,0,26.5095405887422,0,0,5.0614200576,15.59302144,119.030170508804,4.20405714381462,1.4243706409,0,0.0158047698317659,0.03335,0.047885,0.04544,0.005,0,0,0,0,0.030584118,0.11,0.074450483,"131105A",0,0,0,0,0,0,0,0,0,0,0,0,0,0,0,1.686,0.429106008332697
"140206A",22.00531353,1.04,1.28780173,0.672,0,-4.795880017,0,0,1.88134,3.59073,-9.730487056,1.971275849,1.22509,0,484.233823553601,1.0816,1.65843329579099,0.451584,0,23.0004651374599,0,0,3.5394401956,12.8933419329,94.6823783469835,3.88592847285067,1.5008455081,0,0.063811704252879,0.012995,0.021325,0.015545,0.021902336,0.110788,0.166694,0.122333,0.01,0.008143022,0.15,0.011193157,"140206A",0,0,0,0,0,0,0,0,0,0,0,0,0,0,0,2.73,0.571708831808688
"140213A",20.99187128,1.8,1.371067862,0.83,0,-4.920818754,0,0,1.96657,3.829176603,-10.12551818,1.77815125,1.108879519,0,440.658659836089,3.24,1.87982708220925,0.6889,0,24.2144572097181,0,0,3.8673975649,14.6625934569626,102.526118413511,3.16182186787656,1.22961378765767,0,0.0189868108841264,0.06303582,0.068643889,0.021746292,0.005,0,0,0,0,0,0.04,0.014784493,"140213A",0,0,0,0,0,0,0,0,0,0,0,0,0,0,0,1.2076,0.343920385393226
"140419A",22.04094236,1.21,0.69019608,0.678,0,-4.795880017,0,0,1.87322,3.68383,-10.00568285,1.976349979,1.36898,0,485.803140116842,1.4641,0.476370628847366,0.459684,0,23.0004651374599,0,0,3.5089531684,13.5706034689,100.113689294784,3.9059592394933,1.8741062404,0,0.0175057628798656,0.023985,0.02442,0.017885,0.001,0,0,0,0,0,0.04,0.017726305,"140419A",0,0,0,0,0,0,0,0,0,0,0,0,0,0,0,3.956,0.695131297704026
"140423A",21.81946365,1.33,0.322219295,0.77,0,-5.026872146,0,0,2.06486,3.90552,-10.85078089,2.127104798,1.18974,0,476.088993973671,1.7689,0.103825274070297,0.5929,0,25.2694435722306,0,0,4.2636468196,15.2530864704,117.739445922789,4.52457482167462,1.4154812676,0,0.0745819195938403,0.05035,0.05495,0.045115,0.149849463,0,0,0,0,0.013860462,0.06,0.041361379,"140423A",0,0,0,0,0,0,0,0,0,0,0,0,0,0,0,3.26,0.629409599102719
"140430A",21.67796993,2,0.397940009,1.03,0,-5.958607315,0,0,2.15785,4.14388,-11.36251027,2.239549721,0.875171,0,469.934380285984,4,0.15835625076292,1.0609,0,35.5050011343715,0,0,4.6563166225,17.1717414544,129.106639635855,5.01558295283118,0.765924279241,0,0.00923562857095551,0.0861,0.13071,0.0833725,0.035,0.03,0.025,0,0.15,0.078962633,0.22,0.034743559,"140430A",0,0,0,0,0,0,0,0,0,0,0,0,0,0,0,1.6,0.414973347970818
"140506A",21.81764402,1.68,1.037426498,0.9,0,-5.552841969,0,0,1.74751,3.30686,-9.903089987,2.045714059,0.948932,0,476.009590583442,2.8224,1.07625373875254,0.81,0,30.8340539326878,0,0,3.0537912001,10.9353230596,98.0711912906197,4.18494601119025,0.900471940624,0,0.0373575732732516,0.05516,0.06882,0.01557,0.047966029,0,0,0,0,0.046531552,0.16,0.035859177,"140506A",0,0,0,0,0,0,0,0,0,0,0,0,0,0,0,0.889,0.276231957921834
"140509A",20.90144742,1.59,0.204119983,0.86,0,-5.920818754,0,0,1.93407,3.58709,-11.09770006,1.17092730333444,1.40649,0,436.870504251025,2.5281,0.0416649674599203,0.7396,0,35.0560947177181,0,0,3.7406267649,12.8672146681,123.158946621724,1.37107074969406,1.9782141201,0,0.151511196244019,0.08395,0.088715,0.10418,0.22,0,0,0,0,0.04379136,0.121212121,0.117055576617339,"140509A",0,0,0,0,0,0,0,0,0,0,0,0,0,0,0,2.4,0.531478917042255
"140512A",21.32824297,1.45,0.832508913,0.871,0,-4.853871964,0,0,1.84304,3.53686,-9.504455662,2.189770956,1.25134,0,454.893948187355,2.1025,0.693071090224441,0.758641,0,23.5600730429052,0,0,3.3967964416,12.5093786596,90.3346774309239,4.79509683974115,1.5658517956,0,0.0134302087658966,0.01504,0.022285,0.02006,0.002482817,0,0,0,0,0.00930631,0.04,0.019160051,"140512A",0,0,0,0,0,0,0,0,0,0,0,0,0,0,0,0.725,0.236789099409293
"140518A",22.46148952,0.92,0,0.94,0,-6,0,0,1.93772,3.77824,-11.31158018,1.781755375,1.64981,0,504.51851145707,0.8464,0,0.8836,0,36,0,0,3.7547587984,14.2750974976,127.951846168569,3.17465221634139,2.7218730361,0,0.0174377429302028,0.09045,0.070125,0.18819,0,0,0,0,0,0.043429448,0.61,0.043429448,"140518A",0,0,0,0,0,0,0,0,0,0,0,0,0,0,0,4.707,0.756407872548958
"140614A",21.39050236,1.5,-1.4317581319867,0.83,0,-5.886056648,0,0,1.77015,3.70006,-10.9589,2.857332496,1.35595,0,457.553591213166,2.25,2.04993134851004,0.6889,0,34.645662863465,0,0,3.1334310225,13.6904440036,120.09748921,8.16434899269759,1.8386004025,0,0.0965452754396361,0.1129,0.098945,0.093145,0.05,0,0,0,0,0.133629071,0.46,0.163321606984505,"140614A",0,0,0,0,0,0,0,0,0,0,0,0,0,0,0,4.233,0.718750734739665
"140629A",21.74269921,1.86,0.62324929,0.815,0,-5.619788758,0,0,1.95996,2.85608,-9.847711656,1.62324929,1.16056,0,472.744968936535,3.4596,0.388439677485504,0.664225,0,31.5820256845432,0,0,3.8414432016,8.1571929664,96.9774248597183,2.6349382574855,1.3468995136,0,0.119342969960682,0.042785,0.06161,0.03501,0.001678552,0,0,0,0,0.036191207,0.11,0.041361379,"140629A",0,0,0,0,0,0,0,0,0,0,0,0,0,0,0,2.275,0.515211304327802
"140801A",20.8744034307407,1.83370502309806,0.574153872694756,0,0.67,-6.05905855564194,0.861959,4.204885,2.01128440967262,0,0,0.84509804,0,-12.7942,435.740718589319,3.36247411173506,0.329652669530386,0,0.4489,36.7121905806978,0.742973317681,17.681057863225,4.04526497659214,0,0,0.714190697211842,0,163.69155364,0.131921983937837,0,0,0,0,0.036239,0.047598,0.016398,0.16,0.0466131295127891,0.249571169609986,0.0548014009952138,"140801A",1,5.21860085768517,0.458426255774515,0.143538468173689,0,0.1675,-1.51476463891048,0.21548975,1.05122125,0.502821102418155,0,0,0.21127451,0,-3.19855,1.32,0.3654879848909
"140907A",21.4811071,1.72,0.397940009,0,1,-5.366531544,0.985034,4.201713,2.00735,0,0,1.898725182,0,-12.4311,461.43796224167,2.9584,0.15835625076292,0,1,28.799660812747,0.970291981156,17.654392134369,4.0294540225,0,0,3.60515731676093,0,154.53224721,0.130539784388153,0,0,0,0,0.052537,0.073581,0.036083,0.07,0.020199743,0.07,0.034743559,"140907A",1,5.370276775,0.43,0.09948500225,0,0.25,-1.341632886,0.2462585,1.05042825,0.5018375,0,0,0.4746812955,0,-3.107775,1.21,0.344392273685111
"141004A",21.49730845,1.86,0.785329835,1.08,0,-6.173925197,0,0,1.79496,3.30337,-10.61083392,0.593286067,1.54959,0,462.134270594441,3.4596,0.616742949741127,1.1664,0,38.1173523381515,0,0,3.2218814016,10.9122533569,112.589796477823,0.351988357296328,2.4012291681,0,0.118918281385487,0.0853,0.081935,0.09774,0.005,0,0,0,0,0.019446022,0.08,0.021358745,"141004A",0,0,0,0,0,0,0,0,0,0,0,0,0,0,0,0.573,0.196728722623287
"141121A",21.59590717,1.73,-0.045757491,0.82,0,-5.27572413,0,0,1.93447,5.76634,-12.65757732,2.74028372,2.33322,0,466.383206495257,2.9929,0.00209374798261508,0.6724,0,27.8332650958643,0,0,3.7421741809,33.2506769956,160.214263611778,7.50915486609704,5.4439155684,0,0.0298708467389642,0.1675,0.090095,0.2969,0.01,0,0,0,0,0.032776942,0.13,0.144764827,"141121A",0,0,0,0,0,0,0,0,0,0,0,0,0,0,0,1.47,0.392696953259666
"141220A",21.48574413,0.62,0.949390007,1.1,0,-5.585026652,0,0,1.80565,2.77561,-9.872830386,0.857935265,1.42066,0,461.63720081983,0.3844,0.90134138539146,1.21,0,31.1925227035503,0,0,3.2603719225,7.7040108721,97.4727798307249,0.73605291893062,2.0182748356,0,0.0285379269708387,0.042455,0.057375,0.050735,0.07,0,0,0,0,0.016703634,0.38,0.034157993,"141220A",0,0,0,0,0,0,0,0,0,0,0,0,0,0,0,1.3195,0.365394376854778
"141221A",21.46788768,1.74,0.491361694,0,0.26,-5.677780705,1.248584,2.813159,2.22288,0,0,1.567026366,0,-11.3914,460.870201441096,3.0276,0.24143631433055,0,0.0676,32.2371937340703,1.558962005056,7.913863559281,4.9411954944,0,0,2.45557163173917,0,129.76399396,0.102616483810065,0,0,0,0,0.019721,0.020312,0.033612,0.09,0.02068069,0.08,0.028018999,"141221A",1,5.36697192,0.435,0.1228404235,0,0.065,-1.41944517625,0.312146,0.70328975,0.55572,0,0,0.3917565915,0,-2.84785,1.45,0.389166084364532
"150120B",21.52664292,2.2,0.079181246,0.92,0,-6.26760624,0,0,2.01678,3.39431,-10.79048499,2.01762288488796,1.17705,0,463.396355405186,4.84,0.00626966971811252,0.8464,0,39.2828879796869,0,0,4.0674015684,11.5213403761,116.434566319415,4.07080210562361,1.3854467025,0,0.0141299769251024,0.0711,0.090535,0.057705,0.005,0,0,0,0,0.039006078,0.151515152,0.0542106768002651,"150120B",0,0,0,0,0,0,0,0,0,0,0,0,0,0,0,3.5,0.653212513775344
"150314A",22.01715025,1.08,1.58546073,0.73,0,-4.657577319,0,0,1.84772,2.49217,-8.609064893,1.169968174,1.19079,0,484.754905131075,1.1664,2.51368572637213,0.5329,0,21.6930264824632,0,0,3.4140691984,6.2109113089,74.1159983318851,1.36882552817289,1.4179808241,0,0.07726686575266,0.015025,0.015855,0.009925,0,0,0,0,0,0.005922197,0.03,0.010152339,"150314A",0,0,0,0,0,0,0,0,0,0,0,0,0,0,0,1.758,0.440594261839831
"150323A",21.69269626,1.85,0.73239376,0,1.1,-5.214670165,0.561833,3.67566,2.0639,0,0,2.174931594,0,-13.0735,470.573071028618,3.4225,0.536400619686938,0,1.21,27.1927849297411,0.315656319889,13.5104764356,4.25968321,0,0,4.73032743857938,0,170.91640225,0.0361306862803674,0,0,0,0,0.057188,0.12415,0.05679,0.21,0.014239163,0.07,0.024127471,"150323A",1,5.423174065,0.4625,0.18309844,0,0.275,-1.30366754125,0.14045825,0.918915,0.515975,0,0,0.5437328985,0,-3.268375,0.593,0.202215775801131
"150403A",21.79039707,1.23,1.245512668,0.679,0,-4.769551079,0,0,1.70996,3.19694,-8.821023053,1.611723308,1.24471,0,474.821404468265,1.5129,1.55130180614848,0.461041,0,22.7486174951901,0,0,2.9239632016,10.2204253636,77.8104477015574,2.59765202155046,1.5493029841,0,0.127565659236116,0.005105,0.006975,0.00458,0,0,0,0,0,0.00766402,0.04,0.014805494,"150403A",0,0,0,0,0,0,0,0,0,0,0,0,0,0,0,2.06,0.48572142648158
"150821A",22.340573,2.1,-1.49776679460977,0.848,0,-6.102372909,0,0,2.21622,2.95174,-8.853871964,2.23578087,1.82628,0,499.101201968329,4.41,2.24330537103562,0.719104,0,37.2389551204971,0,0,4.9116310884,8.7127690276,78.3910487549052,4.99871609865796,3.3352986384,0,0.249936990327389,0.021105,0.015485,0.027365,5e-04,0,0,0,0,0.104450572,0.37,0.188398851647283,"150821A",0,0,0,0,0,0,0,0,0,0,0,0,0,0,0,0.755,0.244277120801843
"150910A",20.842422,1.42,0.041392685,0,0.53,-5.318758763,1.239,2.99,1.78547,0,0,2.049992857,0,-10.88,434.406554826084,2.0164,0.00171335437150922,0,0.2809,28.2891947789893,1.535121,8.9401,3.1879031209,0,0,4.20247071375102,0,118.3744,0.0552798328138297,0,0,0,0,0.03,0.025,0.008,0.14,0.036191207,0.12,0.157925266,"150910A",1,5.2106055,0.355,0.01034817125,0,0.1325,-1.32968969075,0.30975,0.7475,0.4463675,0,0,0.51249821425,0,-2.72,1.3585,0.372635880581721
"151021A",22.33647975,1.57,0.986771734,1.27,0,-4.552841969,0,0,1.96079,3.15765,-9.642065153,2.042181595,1.33346,0,498.91832762216,2.4649,0.973718455021367,1.6129,0,20.7283699946878,0,0,3.8446974241,9.9707535225,92.9694204146969,4.17050566695674,1.7781155716,0,0.0143797213110485,0.06282,0.05208,0.02141,0.04,0,0,0,0,0.015510517,0.04,0.035818102,"151021A",0,0,0,0,0,0,0,0,0,0,0,0,0,0,0,2.33,0.52244423350632
"151027A",21.65076489,1.72,0.832508913,0.9235,0,-5.107905397,0,0,2.00612,3.99907,-9.935542011,2.11290649,1.74508,0,468.755620322057,2.9584,0.693071090224441,0.85285225,0,26.0906975447017,0,0,4.0245174544,15.9925608649,98.7149950523459,4.46437383548412,3.0453042064,0,0.0183350782696789,0.02221,0.01731,0.02499,0.002440971,0,0.04,0,0,0.011135756,0.05,0.038320101,"151027A",0,0,0,0,0,0,0,0,0,0,0,0,0,0,0,0.81,0.257678574869184
"151215A",21.44930866,1.99,0.204119983,1.015,0,-6.508638306,0,0,2.20942,3.06337,-10.72815839,1.250420002,1.07478,0,460.072841991951,3.9601,0.0416649674599203,1.030225,0,42.3623725983306,0,0,4.8815367364,9.3842357569,115.093382440927,1.56355018140168,1.1551520484,0,0.0244827442519859,0.093,0.11588,0.071395,0.35435971,0,0,0,0,0.098066496,0.33,0.05428681,"151215A",0,0,0,0,0,0,0,0,0,0,0,0,0,0,0,2.59,0.555094448578319
"160117B",20.95374423,1.73,-0.705929807788426,0.64,0,-6.4710833,0,0,1.83834,4.10299,-11.74958,0.697062187810827,0.973333,0,439.059397256258,2.9929,0.498336893524204,0.4096,0,41.8749190755389,0,0,3.3794939556,16.8345269401,138.0526301764,0.485895693675617,0.947377128889,0,0.214744065864423,0.12265,0.162075,0.093958,0.015,0,0,0,0,0.005627928835757,0.0041822719666068,0.122191721784807,"160117B",0,0,0,0,0,0,0,0,0,0,0,0,0,0,0,0.87,0.271841606536499
"160121A",21.73058526,1.77,0.079181246,1.02,0,-6.214670165,0,0,2.2054,3.8244,-11.17263073,1.079181246,0.798663,0,472.218335742129,3.1329,0.00626966971811252,1.0404,0,38.6221252597411,0,0,4.86378916,14.62603536,124.82767742894,1.16463216171811,0.637862587569,0,0.0862757376305275,0.0694,0.120385,0.106048,0.03,0,0,0,0,0.035597908,0.13,0.072382414,"160121A",0,0,0,0,0,0,0,0,0,0,0,0,0,0,0,1.96,0.471291711058939
"160131A",21.680967,1.24,0.806179974,0,0.97,-4.690369833,1.287451,4.001806,2.02332,0,0,2.511883361,0,-11.1733,470.064330055089,1.5376,0.649926150478641,0,0.9409,21.9995691703164,1.657530077401,16.014451261636,4.0938238224,0,0,6.30955801926866,0,124.84263289,0.0141299769251024,0,0,0,0,0.041241,0.050707,0.038892,0.04,0.010644473,0.05,0.020357554,"160131A",1,5.42024175,0.31,0.2015449935,0,0.2425,-1.17259245825,0.32186275,1.0004515,0.50583,0,0,0.62797084025,0,-2.793325,0.972,0.294906910605192
"160203A",22.0158332,1.93,0.113943352,0.61,0,-5.920818754,0,0,1.75592,3.66139836,-11.36754271,1.305351369,1.146279559,0,484.696911490222,3.7249,0.0129830874649959,0.3721,0,35.0560947177181,0,0,3.0832550464,13.4058379506107,129.221027263674,1.70394219655017,1.31395682738123,0,0.0695758261024457,0.08458679,0.087010427,0.0601909,0.25,0,0,0,0,0.036191207,0.2,0.133629071,"160203A",0,0,0,0,0,0,0,0,0,0,0,0,0,0,0,3.52,0.655138434811382
"160227A",21.4198963,0.75,-0.22184875,0.679,0,-5.508638306,0,0,1.72551,4.47751,-10.99567863,2.500373714,1.10229,0,458.811957502754,0.5625,0.0492168678765625,0.461041,0,30.3450959863305,0,0,2.9773847601,20.0480958001,120.904948534239,6.25186870966215,1.2150432441,0,0.103418641469029,0.03055,0.03885,0.03434,0.001,0,0,0,0,0.028018999,0.51,0.072382414,"160227A",0,0,0,0,0,0,0,0,0,0,0,0,0,0,0,2.38,0.528916700277655
"160314A",21.69269626,1.53,-0.045757491,0,0.9,-6.552841969,0.607458,2.806841,1.95129,0,0,0.941014244,0,-12.5865,470.573071028618,2.3409,0.00209374798261508,0,0.81,42.9397378706878,0.369005221764,7.878356399281,3.8075326641,0,0,0.885507807410892,0,158.41998225,0.00604043448603348,0,0,0,0,0.156279,0.384008,0.053103,0.09,0.062042069,0.22,0.096509885,"160314A",1,5.423174065,0.3825,-0.01143937275,0,0.225,-1.63821049225,0.1518645,0.70171025,0.4878225,0,0,0.235253561,0,-3.146625,0.726,0.237040791379191
"160425A",22.05510681,2.2,0.447158031,0,1.5,-5.677780705,0.859364,3.623299,2.51113,0,0,2.483701382,0,-12.4781,486.427736400508,4.84,0.199950304687797,0,2.25,32.2371937340703,0.738506484496,13.128295643401,6.3057738769,0,0,6.16877255494871,0,155.70297961,0.0777158547080599,0,0,0,0,0.257417,0.431716,0.204329,0.09,0.041361379,0.18,0.031021034,"160425A",1,5.5137767025,0.55,0.11178950775,0,0.375,-1.41944517625,0.214841,0.90582475,0.6277825,0,0,0.6209253455,0,-3.119525,0.555,0.191730393362856
"160804A",21.30214687,1.4,0.462397998,0.92,0,-4.943095149,0,0,1.87827,4.38419,-11.5214335,2.15896526,0.948229,0,453.781461271051,1.96,0.213811908554408,0.8464,0,24.4341896520673,0,0,3.5278981929,19.2211219561,132.743429894922,4.66113099388687,0.899138236441,0,0.057915224642575,0.05875,0.095375,0.070062,0.005,0,0,0,0,0.011428802,0.23,0.044927015,"160804A",0,0,0,0,0,0,0,0,0,0,0,0,0,0,0,0.736,0.239549720840473
"161014A",22.18657496,1.47,0.462397998,0,0.8,-5.721246399,1.360776,3.993669,1.83236,0,0,1.26245109,0,-12.6812,492.244108455699,2.1609,0.213811908554408,0,0.64,32.7326603580705,1.851711322176,15.949392081561,3.3575431696,0,0,1.59378275464219,0,160.81283344,0.0563106258915239,0,0,0,0,0.140665,0.162303,0.140234,0.06,0.045715209,0.15,0.089854031,"161014A",1,5.54664374,0.3675,0.1155994995,0,0.2,-1.43031159975,0.340194,0.99841725,0.45809,0,0,0.3156127725,0,-3.1703,2.823,0.582404298019028
"161023A",21.1872488303853,1.48429488273099,0.588209791507229,0,0.66,-5.42056598348586,1.36,4.55,1.95429741445854,0,0,1.643452676,0,-11.91,448.899513000663,2.2031312989014,0.345990758824978,0,0.4356,29.382535581324,1.8496,20.7025,3.81927838415933,0,0,2.70093669825156,0,141.8481,0.0386609346233468,0,0,0,0,0.05,0.04,0.02,0.08,0.0255406174190192,0.159030747217934,0.0451456901736497,"161023A",1,5.29681220759633,0.371073720682748,0.147052447876807,0,0.165,-1.35514149587146,0.34,1.1375,0.488574353614635,0,0,0.410863169,0,-2.9775,2.71,0.569373909615046
"161108A",21.16074757,1.85,-0.22184875,0.84,0,-5.958607315,0,0,2.00325,4.69106,-11.81247928,2.021602716,0.883711,0,447.777237721261,3.4225,0.0492168678765625,0.7056,0,35.5050011343715,0,0,4.0130105625,22.0060439236,139.534666740429,4.08687754133858,0.780945131521,0,0.0491496346156657,0.13355,0.18179,0.0812555,0.005,0,0,0,0,0.039481317,0.17,0.072382414,"161108A",0,0,0,0,0,0,0,0,0,0,0,0,0,0,0,1.159,0.334252642334231
"161117A",21.87736847,1.19,0.832508913,1.375,0,-4.698970004,0,0,1.92624,4.08464,-10.74958,2.099335278,1.141,0,478.61925117215,1.4161,0.693071090224441,1.890625,0,22.0803190984918,0,0,3.7104005376,16.6842839296,115.5534701764,4.40720860945534,1.301881,0,0.00378540226960351,0.03835,0.04019,0.02365,0.674290141,0,0,0,0,0,0.12,0.019160051,"161117A",0,0,0,0,0,0,0,0,0,0,0,0,0,0,0,1.549,0.406369835469268
"161129A",21.51361441,1.57,0.531478917,0.71,0,-5.443697499,0,0,1.74506,3.70506,-10.43651891,1.550595207,2.32574,0,462.83560498216,2.4649,0.282469839215493,0.5041,0,29.6338424606189,0,0,3.0452344036,13.7274696036,108.920926958788,2.40434549597137,5.4090665476,0,0.0255903856698547,0.10625,0.050725,0.10628,0.005,0,0,0,0,0.012063736,0.06,0.025546734,"161129A",0,0,0,0,0,0,0,0,0,0,0,0,0,0,0,0.645,0.216165902285993
"170113A",21.4429483,0.75,0.041392685,0,0.8,-6.173925197,1.095671,3.874501,1.81917,0,0,1.315130317,0,-12.5021,459.800031796473,0.5625,0.00171335437150922,0,0.64,38.1173523381515,1.200494940241,15.011757999001,3.3093794889,0,0,1.72956775069252,0,156.30250441,0.0335971369822932,0,0,0,0,0.110016,0.186127,0.149224,0.04,0.04537405,0.59,0.039481317,"170113A",1,5.360737075,0.1875,0.01034817125,0,0.2,-1.54348129925,0.27391775,0.96862525,0.4547925,0,0,0.32878257925,0,-3.125525,1.968,0.472463896606989
"170202A",21.7153121,1.68,0.672097858,1.04,0,-5.48148606,0,0,1.99768,3.77629,-10.65364703,1.664641976,1.1958,0,471.554779600406,2.8224,0.451715530728188,1.0816,0,30.0466894259743,0,0,3.9907253824,14.2603661641,113.500195039828,2.77103290826118,1.42993764,0,0.10761765896651,0.04485,0.068655,0.059155,0,0,0,0,0,0.013160439,0.07,0.027720924,"170202A",0,0,0,0,0,0,0,0,0,0,0,0,0,0,0,3.645,0.666985718329661
"170405A",22.33533151,1.59,-0.0335186812736592,0.612,0,-5.431798276,0,0,1.8473,3.6300738,-10.31069114,2.216693599,1.81152426,0,498.867033661599,2.5281,0.00112350199432515,0.374544,0,29.5044325111566,0,0,3.41251729,13.1774357934464,106.310351784474,4.91373051184757,3.28162014456855,0,0.0933217274509788,0.048255345,0.035670699,0.072401387,0.0475,0,0,0.04,0,0.035213066,0.12,0.153952769308304,"170405A",0,0,0,0,0,0,0,0,0,0,0,0,0,0,0,3.51,0.65417654187796
"170519A",21.33992622,1.94,-0.15490196,0.975,0,-5.958607315,0,0,1.97351,4.1513,-11.06348626,2.335257256,1.37345,0,455.392451075043,3.7636,0.0239946172118416,0.950625,0,35.5050011343715,0,0,3.8947417201,17.23329169,122.400728225209,5.45342645170065,1.8863649025,0,0.0991498519285518,0.053,0.052235,0.066745,0.224423613,0,0,0,0,0.078962633,0.26,0.062042069,"170519A",0,0,0,0,0,0,0,0,0,0,0,0,0,0,0,0.818,0.259593878885949
"170531B",21.45079548,1.95,-0.096910013,0.99,0,-5.698970004,0,0,2.06685,3.80257,-11.39577395,2.215187969,1.02082,0,460.136626724788,3.8025,0.00939155061966017,0.9801,0,32.4782591064918,0,0,4.2718689225,14.4595386049,129.863663919499,4.90705773800235,1.0420734724,0,0.0233394026693868,0.08415,0.11435,0.107427,0.035,0,0,0,0,0.043429448,0.14,0.10857362,"170531B",0,0,0,0,0,0,0,0,0,0,0,0,0,0,0,2.366,0.527114111639805
"170607A",20.90203663,1.61,1.08334542328181,0,0.9,-5.124938737,0.979571,4.186609,1.94001,0,0,1.361727836,0,-11.9084,436.895135281862,2.5921,1.17363730614564,0,0.81,26.2649970580032,0.959559344041,17.527694918881,3.7636388001,0,0,1.85430269933724,0,141.80999056,0.0202577864729536,0,0,0,0,0.023499,0.035487,0.024256,0.04,0.017371779,0.07,0.0231184496675564,"170607A",1,5.2255091575,0.4025,0.270836355820453,0,0.225,-1.28123468425,0.24489275,1.04665225,0.4850025,0,0,0.340431959,0,-2.9771,0.557,0.19228861256812
"170705A",21.08891889,1.65,1.1430148,0.66,0,-5.022276395,0,0,1.89159,3.63746,-10.18641901,2.337059726,0.774169,0,444.742499948999,2.7225,1.30648283301904,0.4356,0,25.2232601877742,0,0,3.5781127281,13.2311152516,103.763132247289,5.4618481628912,0.599337640561,0,0.0361306862803674,0.04055,0.06603,0.027333,0.005,0,0,0,0,0.013714563,0.05,0.012497683,"170705A",0,0,0,0,0,0,0,0,0,0,0,0,0,0,0,2.01,0.478566495593843
"170714A",21.06857952,1.76,-0.397940009,0,0.9,-5.552841969,1.851865,4.460403,1.84715,0,0,3,0,-13.2172,443.885042990563,3.0976,0.15835625076292,0,0.81,30.8340539326878,3.429403978225,19.895194922409,3.4119631225,0,0,9,0,174.69437584,0.079968777148268,0,0,0,0,0.263786,0.217775,0.533548,0.03,0.046531552,0.17,0.217147241,"170714A",1,5.26714488,0.44,-0.09948500225,0,0.225,-1.38821049225,0.46296625,1.11510075,0.4617875,0,0,0.75,0,-3.3043,0.793,0.253580289562183
"170903A",21.73970839,1.94,0.591064607,1.14,0,-5.619788758,0,0,2.20256,4.41384,-11.26042766,1.465382851,0.971187,0,472.614920882236,3.7636,0.349357369648064,1.2996,0,31.5820256845432,0,0,4.8512705536,19.4819835456,126.797231086093,2.14734690000489,0.943204188969,0,0.0534696645518069,0.04095,0.065935,0.051271,0.005,0,0,0,0,0.036191207,0.12,0.05567878,"170903A",0,0,0,0,0,0,0,0,0,0,0,0,0,0,0,0.886,0.27554168840131
"171205A",21.31611509,1.41,0,0.67,0,-5.443697499,0,0,1.66173,5.48376,-12.42945706,2.277379975,1.13263,0,454.376762530126,1.9881,0,0.4489,0,29.6338424606189,0,0,2.7613465929,30.0716237376,154.491402806384,5.186459550531,1.2828507169,0,0.0806407286915141,0.0719,0.109545,0.115455,0.01,0,0,0,0,0.036191207,0.14,0.130288345,"171205A",0,0,0,0,0,0,0,0,0,0,0,0,0,0,0,0.0368,0.0156949885265181
"171222A",20.02880298,2.07,-0.15490196,1.34,0,-5.721246399,0,0,1.99001,4.78231,-12.10957898,2.242541428,0.718496,0,401.152948811657,4.2849,0.0239946172118416,1.7956,0,32.7326603580705,0,0,3.9601398001,22.8704889361,146.641903072858,5.02899205629628,0.516236502016,0,0.0563106258915239,0.20975,0.378455,0.126956,0.015,0,0,0,0,0.045715209,0.17,0.124084138,"171222A",0,0,0,0,0,0,0,0,0,0,0,0,0,0,0,2.409,0.532627001228891
"180115A",20.61397389,1.66,-0.22184875,0,0.9,-6.119186408,0.97054,3.061361,1.9512,0,0,1.611723308,0,-11.6085,424.935919537602,2.7556,0.0492168678765625,0,0.81,37.4444422958519,0.9419478916,9.371931172321,3.80718144,0,0,2.59765202155046,0,134.75727225,0.0141299769251024,0,0,0,0,0.057564,0.086722,0.036237,0.06,0.062858412,0.22,0.144764827,"180115A",1,5.1534934725,0.415,-0.0554621875,0,0.225,-1.529796602,0.242635,0.76534025,0.4878,0,0,0.402930827,0,-2.902125,2.487,0.542451947375977
"180205A",21.4933967,2.04,0.531478917,1.03,0,-6,0,0,1.88733,3.21372,-10.30627305,1.190331698,1.09633,0,461.966101703571,4.1616,0.282469839215493,1.0609,0,36,0,0,3.5620145289,10.3279962384,106.219264181156,1.41688955126356,1.2019394689,0,0.0875106835560367,0.06455,0.088815,0.042095,0.005,0,0,0,0,0.043429448,0.13,0.038320101,"180205A",0,0,0,0,0,0,0,0,0,0,0,0,0,0,0,1.409,0.381836799998343
"180325A",22.14319598,1.18,0.973127854,0,1.13703,-5.187086643,1.426558,3.915432,1.85846,0,0,1.973589623,0,-12.717,490.321128208688,1.3924,0.946977820230645,0,1.2928372209,26.905867841989,2.035067727364,15.330607746624,3.4538735716,0,0,3.89505600001328,0,161.722089,0.214744065864423,0,0,0,0,0.072161,0.045784,0.049597,0.1041,0.013362907,0.05,0.013860462,"180325A",1,5.535798995,0.295,0.2432819635,0,0.2842575,-1.29677166075,0.3566395,0.978858,0.464615,0,0,0.49339740575,0,-3.17925,2.248,0.511616020569138
"180329B",21.41988474,0.97,0.146128036,0.77,0,-5.48148606,0,0,1.86768,4.02296,-11.14935376,2.322219295,1.50063,0,458.811462274885,0.9409,0.0213534029052173,0.5929,0,30.0466894259743,0,0,3.4882285824,16.1842071616,124.308089265626,5.3927024540703,2.2518903969,0,0.091090048181127,0.04825,0.04314,0.069665,0,0,0,0,0,0.039481317,0.56,0.124084138,"180329B",0,0,0,0,0,0,0,0,0,0,0,0,0,0,0,1.998,0.476831628512261
"180620B",21.21643247,1.3,0.556302501,0.9,0,-5,0,0,1.99236,4.6659,-10.98296666,2.29841638,1.09835,0,450.13700675407,1.69,0.309472472618855,0.81,0,25,0,0,3.9694983696,21.77062281,120.625556654672,5.2827178558523,1.2063727225,0,0.0599542916300528,0.0437,0.067125,0.059445,0.005,0,0,0,0,0.013028834,0.2,0.024127471,"180620B",0,0,0,0,0,0,0,0,0,0,0,0,0,0,0,1.1175,0.325823419002744
"180624A",21.1034582,1.91,0.146128036,0.95,0,-5.236572006,0,0,2.06008,4.171185481,-11.54363397,2.686993566,1.243849338,0,445.355947999147,3.6481,0.0213534029052173,0.9025,0,27.4216863740229,0,0,4.2439296064,17.3987883169052,133.255485233338,7.2199344237254,1.54716117564304,0,0.0343795484387942,0.088149935,0.099379055,0.123366444,0,0,0,0,0,0.022463508,0.1,0.062042069,"180624A",0,0,0,0,0,0,0,0,0,0,0,0,0,0,0,2.855,0.586024382386976
"180720B",21.24271531,1.36,1.831869774,0.729,0,-4.065501549,0,0,1.8461,3.62033,-8.847711656,3.06444019010425,1.34127,0,451.252953741708,1.8496,3.35574686889481,0.531441,0,16.5283028449214,0,0,3.40808521,13.1067893089,78.2820015477183,9.39079367872617,1.7990052129,0,0.00138098327707093,0.004975,0.00614,0.005375,0,0,0,0,0,0.005049936,0.03,0.016629833,"180720B",0,0,0,0,0,0,0,0,0,0,0,0,0,0,0,0.654,0.218535505216528
"180728A",21.58733599,1.97,2.120573931,0.8595,0,-4.528708289,0,0,1.70111,3.8695,-9.42365865,0.938519725,1.1986,0,466.013075145149,3.8809,4.49683379683679,0.73874025,0,20.5091987668573,0,0,2.8937752321,14.97303025,88.8053423517198,0.880819274214076,1.43664196,0,0.0148761559757772,0.009885,0.014745,0.0091,0.042486494,0,0,0,0,0.008803267,0.03,0.009541318,"180728A",0,0,0,0,0,0,0,0,0,0,0,0,0,0,0,0.117,0.0480531731156091
"181020A",20.65703194,1.25,0.886490725,1.228,0,-5.091514981,0,0,1.93674,4.29043,-10.42365865,2.376576957,2.64643,0,426.71296857018,1.5625,0.785865805511026,1.507984,0,25.9235248017474,0,0,3.7509618276,18.4077895849,108.65265965172,5.64811803254338,7.0035917449,0,0.0211468897196027,0.1418,0.047555,0.091985,0.029531206,0,0,0,0,0.016084981,0.06,0.016920564,"181020A",0,0,0,0,0,0,0,0,0,0,0,0,0,0,0,2.938,0.595275711802099
"181201A",21.1468434832998,1.62357778401957,0.899550776141651,0,0.57781,-5.37153011911936,1.151212,4.749372,1.97913612783146,0,0,1.283301229,0,-11.6955,447.188989307179,2.6360048207619,0.809191598857047,0,0.3338643961,28.8533358206064,1.325289068944,22.556534394384,3.91697981248771,0,0,1.64686204435291,0,136.78472025,0.0973208922530927,0,0,0,0,0.026476,0.024124,0.006098,0.02953,0.0288230416508681,0.178235765696061,0.0293124960699646,"181201A",1,5.28671087082495,0.405894446004892,0.224887694035413,0,0.1444525,-1.34288252977984,0.287803,1.187343,0.494784031957865,0,0,0.32082530725,0,-2.923875,0.45,0.161368002234975
"190114A",21.6447605,2.06,-0.301029996,0.86,0,-6.096910013,0,0,1.83214,3.74534,-10.75202673,1.823474229,1.18375,0,468.49565710236,4.2436,0.09061905849176,0.7396,0,37.1723117066197,0,0,3.3567369796,14.0275717156,115.606078802635,3.32505826382714,1.4012640625,0,0.0664080102705681,0.03365,0.042215,0.04616,0,0,0,0,0,0.065144172,0.22,0.173717793,"190114A",0,0,0,0,0,0,0,0,0,0,0,0,0,0,0,3.3765,0.641126932803509
"190829A",22.04910001,2.56,1.255272505,1.16,0,-5.193820026,0,0,2.0913,4.0838,-9.56068,1.764922985,1.03996,0,486.162811250982,6.5536,1.57570906180898,1.3456,0,26.9757664624786,0,0,4.37353569,16.67742244,91.4066020624,3.11495314298131,1.0815168016,0,0.0660733687520347,0.013585,0.01916,0.009675,0.075,0,0,0,0,0.047500959,0.21,0.065144172,"190829A",0,0,0,0,0,0,0,0,0,0,0,0,0,0,0,0.0785,0.0328201494385639
"191011A",21.65033473,1.94,0.255272505,0.94,0,-6.48148606,0,0,1.81479,3.15321333,-10.8132081,0.867467488,1.30602449,0,468.736993921044,3.7636,0.065164051808975,0.8836,0,42.0096615459743,0,0,3.2934627441,9.94275430448969,116.925469413906,0.75249984273703,1.70569996847976,0,0.0559978453284278,0.05719327,0.06597695,0.05756962,0.19,0,0,0,0,0.052641755,0.17,0.048254942,"191011A",0,0,0,0,0,0,0,0,0,0,0,0,0,0,0,1.722,0.434888120867316
"191221B",21.39050236,1.24,0.681241237,1.39,0,-4.721246399,0,0,1.843,1.95518066,-8.11145684,1.681241237,1.15734724,0,457.553591213166,1.5376,0.46408962298929,1.9321,0,22.2901675600705,0,0,3.396649,3.82273141323804,65.7957320671828,2.82657209698929,1.33945263393562,0,0.14476482742628,0.06184721,0.05366691,0.00551831,0.175,0,0,0,0,0.022857604,0.05,0.063334612,"191221B",0,0,0,0,0,0,0,0,0,0,0,0,0,0,0,1.148,0.332034277027518
"200205B",21.82763844,1.36,0.301029996,0.516,0,-5.26760624,0,0,1.90881,4.53640048,-11.7337376,2.660865478,1.56884903,0,476.445799867366,1.8496,0.09061905849176,0.266256,0,27.7476754996869,0,0,3.6435556161,20.5789293149442,137.680598065654,7.08020509201217,2.46128727893194,0,0.0051064352834946,0.10035241,0.08886983,0.19267266,0.18,0,0,0,0,0.016084981,0.22,0.043429448,"200205B",0,0,0,0,0,0,0,0,0,0,0,0,0,0,0,1.465,0.391816923613249
"200613A",20.9938049880807,1.74656725545063,0.228369899911643,0,0.9,-5.23247535249562,0.923123,5.199503,2.00996423348564,0,0,2.580924976,0,-12.785,440.739847877562,3.05049717781235,0.0521528111856538,0,0.81,27.3787983144742,0.852156073129,27.034831447009,4.03995621989152,0,0,6.6611737317406,0,163.456225,0.0827679937346041,0,0,0,0,0.113922,0.166694,0.132474,0.09,0.041388018888279,0.176273323751351,0.0694499683839808,"200613A",1,5.24845124702018,0.436641813862657,0.0570924749779107,0,0.225,-1.3081188381239,0.23078075,1.29987575,0.50249105837141,0,0,0.645231244,0,-3.19625,1.2255,0.347427598618541
"200829A",21.08966848,0.83,1.994317153,0.64,0,-4.292429824,0,0,1.88219,2.97975,-8.6381,1.115277591,1.29833,0,444.774116596306,0.6889,3.97730090675002,0.4096,0,18.4249537939647,0,0,3.5426391961,8.8789100625,74.61677161,1.24384410498676,1.6856607889,0,0.0969169435192129,0.00955,0.00926,0.00866,0.0195,0,0,0,0,0.008515578,0.03,0.007040235,"200829A",0,0,0,0,0,0,0,0,0,0,0,0,0,0,0,1.25,0.352182518111362
"201014A",22.1524657,2.55,-0.522878745,0,0.9,-6.508638306,1.038298,5.031584,1.97336,0,0,1.558708571,0,-13.7541,490.731736589677,6.5025,0.273402181972775,0,0.81,42.3623725983306,1.078062736804,25.316837549056,3.8941496896,0,0,2.42957240930886,0,189.17526681,0.0563106258915239,0,0,0,0,0.092274,0.110179,0.170451,0.15,0.098066496,0.37,0.289529655,"201014A",1,5.538116425,0.6375,-0.13071968625,0,0.225,-1.6271595765,0.2595745,1.257896,0.49334,0,0,0.38967714275,0,-3.438525,4.56,0.745074791582057
"201015A",21.35536147,3.03,0.255272505,0,1.1,-6.698970004,0.481067,4.275441,2.1574,0,0,0.990338855,0,-12.8744,456.05146351436,9.1809,0.065164051808975,0,1.21,44.8761991144918,0.231425458489,18.279395744481,4.65437476,0,0,0.980771047722711,0,165.75017536,0.0299157959274313,0,0,0,0,0.09442,0.229803,0.027144,0.24,0.130288345,0.68,0.096509885,"201015A",1,5.3388403675,0.7575,0.06381812625,0,0.275,-1.674742501,0.12026675,1.06886025,0.53935,0,0,0.24758471375,0,-3.2186,0.426,0.154119525515847
"201020A",20.93258486,2.25,0.322219295,0,1.1,-6.036212173,0.728842,3.793643,2.0761,0,0,1.15136985,0,-12.091,438.173108921101,5.0625,0.103825274070297,0,1.21,36.4358573974734,0.531210660964,14.391727211449,4.31019121,0,0,1.32565253148902,0,146.192281,0.0093822306004846,0,0,0,0,0.128558,0.192264,0.056032,0.11,0.033044145,0.14,0.041361379,"201020A",1,5.233146215,0.5625,0.08055482375,0,0.275,-1.50905304325,0.1822105,0.94841075,0.519025,0,0,0.2878424625,0,-3.02275,2.903,0.591398551281249
"201021C",20.75199541,1.63,0,0,0.6,-6,1.034879,2.88042,1.6168,0,0,1.387033701,0,-11.1691,430.645313496661,2.6569,0,0,0.36,36,1.070974544641,8.2968193764,2.61404224,0,0,1.92386248770976,0,124.74879481,0.176931769551824,0,0,0,0,0.102098,0.137291,0.035385,0.09,0.043429448,0.15,0.086858896,"201021C",1,5.1879988525,0.4075,0,0,0.15,-1.5,0.25871975,0.720105,0.4042,0,0,0.34675842525,0,-2.792275,1.07,0.315970345456918
"201104B",21.73058526,1.47,0.612783857,0.605,0,-5.744727495,0,0,1.55046,2.72159651,-9.38944702,0.937517892,1.19537497,0,472.218335742129,2.1609,0.375504055399796,0.366025,0,33.001893991809,0,0,2.4039262116,7.40708756324418,88.1617153413869,0.878939797820124,1.4289213189025,0,0.00811616012140756,0.02110237,0.02972805,0.02348264,0.175,0,0,0,0,0.024127471,0.07,0.031777645,"201104B",0,0,0,0,0,0,0,0,0,0,0,0,0,0,0,1.954,0.470410490975931
"210204A",21.0584880674433,1.71047871175346,0.493025576197725,0,0.73,-5.18451228666849,1.06783,4.489641,1.98957333119557,0,0,2.301029996,0,-12.0073,443.459919686652,2.92573742336178,0.243074218785099,0,0.5329,26.8791676506165,1.1402609089,20.156876308881,3.95840204020464,0,0,5.29473904249176,0,144.17525329,0.0359770577590371,0,0,0,0,0.017214,0.039841,0.028803,0.16,0.0338538542545085,0.143781575971085,0.0534933364415772,"210204A",1,5.26462201686082,0.427619677938365,0.123256394049431,0,0.1825,-1.29612807166712,0.2669575,1.12241025,0.497393332798892,0,0,0.575257499,0,-3.001825,0.876,0.273232834043046
"210210A",21.12319546,1.53,0.84509804,0.965,0,-6.008773924,0,0,1.85188,3.72413045,-10.1403778,0.819543936,1.5451851,0,446.189386441365,2.3409,0.714190697211842,0.931225,0,36.1053640697424,0,0,3.4294595344,13.8691476086172,102.827261926733,0.671652263034372,2.38759699326201,0,0.038778433249538,0.05799791,0.08857348,0.10645081,0.15,0,0,0,0,0.035452611,0.58,0.031021034,"210210A",0,0,0,0,0,0,0,0,0,0,0,0,0,0,0,0.715,0.234264124378789
"210411C",21.05996459,1.6,0.681241237,1.21,0,-5.920818754,0,0,1.88408,2.93128506,-9.72925773,1.10720997,1.16829405,0,443.522108532054,2.56,0.46408962298929,1.4641,0,35.0560947177181,0,0,3.5497574464,8.5924321029792,94.6584559767648,1.2259139176674,1.3649109872654,0,0.0202577864729536,0.05048963,0.05901459,0.03209979,0.14,0,0,0,0,0.036191207,0.4,0.027143405,"210411C",0,0,0,0,0,0,0,0,0,0,0,0,0,0,0,2.826,0.582744965691277
"210517A",21.15768338,1.85,0.176091259,0.66,0,-6.823908741,0,0,1.71079,3.057651,-10.8415194,0.485721426,1.21043545,0,447.647566008328,3.4225,0.0310081314962051,0.4356,0,46.5657305054962,0,0,2.9268024241,9.349229637801,117.538542900576,0.235925303675473,1.4651539786167,0,0.199990220376636,0.25872455,0.32132806,0.08060357,0.22,0,0,0,0,0.086858896,0.25,0.057905931,"210517A",0,0,0,0,0,0,0,0,0,0,0,0,0,0,0,2.486,0.542327382773974
"210610B",21.03780485,0.98,1.130333768,0.78,0,-4.443697499,0,0,1.91684,2.89514,-9.19036,1.841234296,1.05139,0,442.589232906684,0.9604,1.27765442708108,0.6084,0,19.7464474626189,0,0,3.6742755856,8.3818356196,84.4627169296,3.39014373276662,1.1054209321,0,0.015836913202155,0.0226,0.02831,0.01291,0.029,0,0,0,0,0.012063736,0.11,0.022518973,"210610B",0,0,0,0,0,0,0,0,0,0,0,0,0,0,0,1.13,0.328379603438738
"210722A",20.54058972,1.62,0.342422681,0.81,0,-5.602059991,0,0,1.83712,3.6504,-10.3507,1.700703717,1.43908,0,421.91582604537,2.6244,0.117253292463228,0.6561,0,31.3830761427629,0,0,3.3750098944,13.32542016,107.13699049,2.89239313301762,2.0709512464,0,0.0911698774157967,0.0364819,0.0395981,0.048071,0.09,0,0,0,0,0.034743559,0.14,0.098703291,"210722A",0,0,0,0,0,0,0,0,0,0,0,0,0,0,0,1.145,0.331427296520743
"210822A",21.53322281,1.3,1.442479769,0.77,0,-4.698970004,0,0,1.70788,2.4985,-8.20842,2.257198426,1.267456,0,463.679684585104,1.69,2.08074788397429,0.5929,0,22.0803190984918,0,0,2.9168540944,6.24250225,67.3781588964,5.09494473433688,1.606444711936,0,0.102616483810065,0.017735,0.01621,0.008455,0.026,0,0,0,0,0.00868589,0.4,0.010974951,"210822A",0,0,0,0,0,0,0,0,0,0,0,0,0,0,0,1.736,0.437116093048079
"211024B",20.98677173,1.63,-0.045757491,1.07,0,-5.167491087,0,0,2.08,3.43921565,-8.56429146,2.780677274,1.92622006,0,440.444587647127,2.6569,0.00209374798261508,1.1449,0,26.7029641342244,0,0,4.3264,11.8282042872049,73.3470882118289,7.73216610214007,3.7103237195464,0,0.014863865494915,0.01916437,0.01167528,0.00965772,0.055,0,0,0,0,0.019160051,0.09,0.096509885,"211024B",0,0,0,0,0,0,0,0,0,0,0,0,0,0,0,1.1137,0.325043347403704
"220101A",21.90370028,1.13,0.86332286,0.491,0,-4.602059991,0,0,1.62241,3.04134881,-8.69262974,2.238948898,1.20052929,0,479.772085956072,1.2769,0.74532636059858,0.241081,0,21.1789561607629,0,0,2.6322142081,9.24980258408842,75.5618117967325,5.01289216785541,1.4412705761479,0,0.0313174061753508,0.01431841,0.02317526,0.01255481,0.016,0,0,0,0,0,0.13,0.017847718,"220101A",0,0,0,0,0,0,0,0,0,0,0,0,0,0,0,4.618,0.749581734865559
"220117A",21.99532933,1.84,0.278753601,1.2,0,-5.795880017,0,0,1.78537,3.43803362,-10.1070569,1.697316542,1.68612083,0,483.794512335158,3.3856,0.0777035700704672,1.44,0,33.5922251714599,0,0,3.1875460369,11.8200751722503,102.152599179838,2.88088344374684,2.84300345335989,0,0.0299157959274313,0.05084186,0.04500955,0.06200239,0.55,0,0,0,0,0.05428681,0.18,0.091430417,"220117A",0,0,0,0,0,0,0,0,0,0,0,0,0,0,0,4.961,0.775319121829478
"230116D",20.90144742,1.38,-0.22184875,0.84,0,-6.090443971,0,0,1.76412,3.79761,-11.1278,1.612783857,1.57289,0,436.870504251025,1.9044,0.0492168678765625,0.7056,0,37.0935077638903,0,0,3.1121193744,14.4218417121,123.82793284,2.6010717693998,2.4739829521,0,0.118428290656009,0.1014,0.13824,0.23491,0.22,0,0,0,0,0.064181451,0.22,0.144764827,"230116D",0,0,0,0,0,0,0,0,0,0,0,0,0,0,0,3.81,0.682145076373832
"230325A",22.22918251,1.82,0.51851394,1.025,0,-5.886056648,0,0,2.0855,3.7823081,-10.9066853,1.580354661,0.931411844,0,494.13655506289,3.3124,0.268856705974324,1.050625,0,34.645662863465,0,0,4.34931025,14.3058545633256,118.955784233236,2.49752085454443,0.86752802314348,0,0.131947893505177,0.1875455,0.20042492,0.05714513,0.18,0,0,0,0,0.066814536,0.18,0.052641755,"230325A",0,0,0,0,0,0,0,0,0,0,0,0,0,0,0,1.664,0.425534220498263
"230506C",20.96124782,1.89,0.380211242,1.11,0,-5.769551079,0,0,2.08995,4.25859,-11.4531,1.491361694,1.14181,0,439.373910171455,3.5721,0.144560588543183,1.2321,0,33.2877196531901,0,0,4.3678910025,18.1355887881,131.17349961,2.22415970233055,1.3037300761,0,0.0886038540296678,0.1023,0.11841,0.11299,0.29,0,0,0,0,0.051093469,0.17,0.090478017,"230506C",0,0,0,0,0,0,0,0,0,0,0,0,0,0,0,3.7,0.672097857935718
"230818A",21.31377445,1.36,0.826074803,1.02,0,-5.721246399,0,0,2.00403,3.9564,-11.0883,0.992111488,1.39195,0,454.276981305473,1.8496,0.682399580151489,1.0404,0,32.7326603580705,0,0,4.0161362409,15.65310096,122.95039689,0.984285204621574,1.9375248025,0,0.0552798328138297,0.2044,0.12794,0.19715,0.29,0,0,0,0,0.022857604,0.1,0.032410036,"230818A",0,0,0,0,0,0,0,0,0,0,0,0,0,0,0,2.42,0.534026106056135
"231210B",21.82763844,1.08,0.591064607,0.84,0,-5.853871964,0,0,1.66432281,3.24045,-10.048,0.873320602,1.60174,0,476.445799867366,1.1664,0.349357369648064,0.7056,0,34.2678169709052,0,0,2.7699704158863,10.5005162025,100.962304,0.762688873877642,2.5655710276,0,0.037615599688349,0.05243,0.04808,0.060675,0.362,0,0,0,0,0.062042069,0.19,0.077950292,"231210B",0,0,0,0,0,0,0,0,0,0,0,0,0,0,0,3.13,0.615950051656401
"970508A",20.9147184367958,1.89125935641635,0.329125184024259,0,0.32,-6.01308853019273,1.487567,6.247263,1.95905288678887,0,0,1.120573931,0,-13.8798,437.425447290446,3.57686195323239,0.108323386759002,0,0.1024,36.1572336719354,2.212855579489,39.028294991169,3.8378882132358,0,0,1.25568593483679,0,192.64884804,0.0827679937346041,0,0,0,0,0.072147,0.067354,0.155485,0.15,0.0513926781795972,0.291747439511379,0.0729767332031779,"970508A",1,5.22867960919895,0.472814839104088,0.0822812960060647,0,0.08,-1.50327213254818,0.37189175,1.56181575,0.489763221697217,0,0,0.28014348275,0,-3.46995,0.83,0.262451089730429
