"","log10Ta","PhotonIndex","log10PeakFlux","log10Fa","log10NH","Alpha","log10T90","Gamma","Beta","log10Fluence","log10TaSqr","PhotonIndexSqr","log10PeakFluxSqr","log10FaSqr","log10NHSqr","AlphaSqr","log10T90Sqr","GammaSqr","BetaSqr","log10FluenceSqr","log10T90Err","log10FaErr","log10TaErr","AlphaErr","BetaErr","log10FluenceErr","PhotonIndexErr","log10PeakFluxErr","GRB","is_optical","log10Ta_opt","PhotonIndex_opt","log10PeakFlux_opt","log10Fa_opt","log10NH_opt","Alpha_opt","log10T90_opt","Gamma_opt","Beta_opt","log10Fluence_opt","Redshift_crosscheck","log10z"
"000926A",4.19980078435077,1.68528474322361,0.49787317309306,-10.8792661195892,21.1545856750033,1.76313604780331,1.397940009,1.99215342891529,0.925203457906517,-5.73555346213348,17.6383266282333,2.84018466574227,0.247877696485752,118.358431300841,447.516495081055,3.10864872306348,1.95423626876292,3.96867528433895,0.856001438522176,32.8965735169914,0.378773543191014,0.792179837099609,0.611120307084276,0.284668965555007,0.19913803127911,0.0315728375171381,0.179660088857786,0.0584643654542467,"000926A",1,1.04995019608769,0.421321185805902,0.124468293273265,-2.7198165298973,5.28864641875083,0.440784011950828,0.34948500225,0.498038357228823,0.231300864476629,-1.43388836553337,2.04,0.482873583608754
"011211A",4.24278583701089,1.73074257586597,0.0099540052549258,-11.1529559715848,20.9997109050585,1.69088856995137,2.431363764,1.91703135792151,0.872983806791216,-5.54501519311092,18.0012316587402,2.99546986391517,9.90822206150904e-05,124.388426904109,440.987858096033,2.85910415599219,5.91152975289225,3.67500922725439,0.762100726919683,30.7471934918309,0.323703994876218,0.806282966221722,0.614755037255583,0.286316626099964,0.203766580484484,0.040345966847899,0.171421395586027,0.0900586582057859,"011211A",1,1.06069645925272,0.432685643966493,0.00248850131373145,-2.7882389928962,5.24992772626462,0.422722142487843,0.607840941,0.479257839480377,0.218245951697804,-1.38625379827773,2.14,0.496929648073215
"020124A",3.96857517247054,1.66001947418774,0.286068555062632,-10.8264958606406,21.1181965423643,1.68458775460362,1.661907293,2.02236215224452,0.953545627671712,-5.79045330113306,15.7495888995496,2.75566465468254,0.0818352181956221,117.213012620468,445.978225201927,2.83783590296047,2.76193585052659,4.08994867483109,0.909249264051839,33.5293494326027,0.378773543191014,0.79751717350202,0.606548929361635,0.281976201037069,0.208651788128638,0.0323124845604323,0.162788614352911,0.0687137148382266,"020124A",1,0.992143793117635,0.415004868546935,0.071517138765658,-2.70662396516015,5.27954913559107,0.421146938650905,0.41547682325,0.50559053806113,0.238386406917928,-1.44761332528327,3.198,0.623042434246382
"021004A",4.30609630793056,1.67186887883644,0.355429318153098,-10.8897727648793,21.0810752717726,1.37611805683753,2,1.96438080403683,0.892266462963456,-5.46547580308238,18.5424654131732,2.79514554802181,0.126330000202776,118.587150870707,444.411734614142,1.8937009063543,4,3.85879194326838,0.796139440929316,29.871425754079,0.199990220376636,0.783162841779521,0.614661918455998,0.274440996356004,0.200668929484627,0.036356115947561,0.193819704191375,0.062431543050404,"021004A",1,1.07652407698264,0.41796721970911,0.0888573295382745,-2.72244319121983,5.27026881794315,0.344029514209382,0.5,0.491095201009208,0.223066615740864,-1.3663689507706,2.34,0.523746466811564
"030226A",4.13686610710775,1.69364237204975,0.320464469437468,-10.9876452521376,21.0511868725117,1.75786653252766,1.344195716,1.94602716780256,0.884632029078898,-5.88907181132459,17.1136611881368,2.8684244844023,0.102697476171838,120.728348186822,443.152468741409,3.09009474618082,1.80686212291275,3.78702173782565,0.782573826872248,34.6811667989379,0.378773543191014,0.802275496971677,0.612218233631067,0.291751546104305,0.20185296957271,0.0369501006956046,0.199398651948698,0.0723940497319666,"030226A",1,1.03421652677694,0.423410593012437,0.080116117359367,-2.7469113130344,5.26279671812792,0.439466633131915,0.336048929,0.48650679195064,0.221158007269725,-1.47226795283115,1.99,0.47567118832443
"030329A",4.34643196252873,1.63361744707194,0.780376798107853,-10.3925037009879,21.2067839200846,1.44306231652272,1.798650645,1.94924493372129,0.870859009747759,-5.15361554086595,18.8914708048914,2.66870596337784,0.608987947025065,108.004133175047,449.727684233159,2.08242884936792,3.23514414275892,3.79955581163812,0.758395414858847,26.559753143055,0.378773543191014,0.791771276887651,0.627665431318139,0.276882645207824,0.204369920115094,0.0273643578404255,0.164558266578791,0.0358944155859398,"030329A",1,1.08660799063218,0.408404361767985,0.195094199526963,-2.59812592524698,5.30169598002115,0.36076557913068,0.44966266125,0.487311233430323,0.21771475243694,-1.28840388521649,0.17,0.0681858617461616
"050315A",4.86356,2.11,0.285557309,-11.3757179,21.91683806,1.10818,1.980457892,1.99544,0.856,-5.492144128,23.6542158736,4.4521,0.0815429767233215,129.40695774038,480.347790548265,1.2280629124,3.92221346198508,3.9817807936,0.732736,30.1636471227249,0.0636907468763651,0.03245,0.04512,0.049165,0.001,0.019691613,0.09,0.04950507,"050315A",0,0,0,0,0,0,0,0,0,0,0,1.949,0.469674772551798
"050318A",4.132084541,1.9,0.499687083,-11.15490196,20.92661714,1.874408221,1.505149978,1.98053,0.95,-5.966576245,17.0741226539712,3.61,0.249687180917049,124.431837737212,437.923304924142,3.51340617895238,2.2654764562734,3.9224990809,0.9025,35.6000320873983,0.148833498209321,0.06181969,0.043780336,0.085906519,0.037,0.030963588,0.1,0.027486993,"050318A",0,0,0,0,0,0,0,0,0,0,0,1.44,0.387389826338729
"050319A",3.73997,2.02,0.181843588,-10.70553377,20.93735437,0.863159,2.183383742,2.01045,0.971,-5.882728704,13.9873756009,4.0804,0.0330670904967137,114.60845330061,438.372808014958,0.745043459281,4.76716456482992,4.0419092025,0.942841,34.6064970048655,0.0311909396976911,0.04165,0.06193,0.034558,0.009,0.049065331,0.19,0.060001211,"050319A",0,0,0,0,0,0,0,0,0,0,0,3.24,0.627365856592733
"050401A",3.12435,1.4,1.029383778,-9.653647026,22.12570242,0.984108,1.506369717,1.78711,0.9995,-5.085128182,9.7615629225,1.96,1.05963096240955,93.1929009025986,489.546707578394,0.968468555664,2.26914972429466,3.1937621521,0.99900025,25.8585286273706,0.00846336277739286,0.019455,0.02833,0.0260615,0.0174145,0.016167167,0.07,0.037341208,"050401A",0,0,0,0,0,0,0,0,0,0,0,2.9,0.591064607026499
"050416A",2.99481,3.08,0.688419822,-10.5559552,21.75162856,0.842217,0.397940009,2.06183,0.9,-6.435333936,8.9688869361,9.4864,0.473921851322512,111.428190184407,473.133345012208,0.709329475089,0.15835625076292,4.2511429489,0.81,41.4135228678333,0.0771432232434421,0.0484,0.070765,0.0149485,0.005,0.043784457,0.22,0.04271749,"050416A",0,0,0,0,0,0,0,0,0,0,0,0.6528,0.218220304175545
"050502A",3.71368113429314,1.5837013438142,0.330571846807332,-10.7556755275606,21.0181637594417,1.42039705936706,1.301029996,1.96705146522392,0.902063169278433,-5.95905698874291,13.7914275672048,2.5081099463989,0.10927774590161,115.684556054166,441.763207818708,2.01752780625859,1.69267905049176,3.86929146683957,0.813717961368651,35.5103601950857,0.0525216608675702,0.797162205572665,0.606709245811458,0.276988111557627,0.199821821617147,0.0347486663233463,0.18713159391256,0.0657749268162652,"050502A",1,0.928420283573285,0.39592533595355,0.082642961701833,-2.68891888189015,5.25454093986042,0.355099264841765,0.325257499,0.49176286630598,0.225515792319608,-1.48976424718573,3.79,0.680335513414563
"050502B",3.65423031617335,1.49398169361224,0.300152911468348,-10.6836331853878,21.0347201497492,1.39529260031318,1.243038049,1.97812318786123,0.915598763862235,-5.90726604152399,13.3533992036404,2.2319813008485,0.090091770262926,114.140018039919,442.459451778265,1.94684144048872,1.54514359126173,3.91297134635427,0.838321096386053,34.8957920853425,0.378773543191014,0.789361302878022,0.600063768878366,0.293462267576727,0.198696011221391,0.0295798799821603,0.14,0.0671099909495084,"050502B",1,0.913557579043337,0.37349542340306,0.075038227867087,-2.67090829634695,5.2586800374373,0.348823150078295,0.31075951225,0.494530796965307,0.228899690965559,-1.476816510381,3.793,0.680607428991788
"050505A",4.270583544,1.41,0.267171728,-11.04817696,22.23063027,1.462094791,1.770115295,2.01835,0.973,-5.603800653,18.2378838062836,1.9881,0.071380732242506,122.062214139475,494.20092220144,2.13772117786933,3.13330815759294,4.0737367225,0.946729,31.4025817585632,0.0504266082569071,0.03272177,0.030067592,0.035926291,5e-04,0.031220366,0.12,0.07277367,"050505A",0,0,0,0,0,0,0,0,0,0,0,4.27,0.721810615212547
"050525A",3.52179746684993,1,1.620136055,-10.3684473287087,21.2788016,1.23490054236514,0.944482672,2.08914,0.879580804303388,-4.815308569,12.4030573975106,1,2.62484083671096,107.504700008207,452.787397532163,1.52497934953372,0.89204751770826,4.3645059396,0.773662391298995,23.1871966146848,0.378773543191014,0.785578697925663,0.61027288120393,0.274398773482224,0.199966340717818,0.006273143,0.1,0.009789852,"050525A",1,0.880449366712483,0.25,0.40503401375,-2.59211183217717,5.3197004,0.308725135591285,0.236120668,0.522285,0.219895201075847,-1.20382714225,0.61,0.20682587603185
"050603A",3.96936607366225,1.16,1.33243846,-10.4644618420931,21.63005546,1.62418006053207,1.322219295,1.90951127022931,0.920322429798127,-5.196542884,15.7558670267409,1.3456,1.77539224968717,109.504961644622,467.859299202676,2.63796086902996,1.7482638640703,3.64623329113275,0.846993374789528,27.004057945251,0.246558916936231,0.800964884076363,0.607110746045726,0.279426094363987,0.197619874637535,-0.0006217656979968,0.06,0.0038290748542292,"050603A",1,0.992341518415563,0.29,0.333109615,-2.61611546052327,5.407513865,0.406045015133017,0.33055482375,0.477377817557327,0.230080607449532,-1.299135721,2.82,0.582063362911709
"050730A",4.05018,1.53,-0.259637311,-10.09854168,21.73850309,2.38763,2.194514342,1.6177,0.5615,-5.623423043,16.4039580324,2.3409,0.0674115332633107,101.980544062697,472.562516593939,5.7007770169,4.81589319724369,2.61695329,0.31528225,31.6228867205434,0.0500432094216776,0.0266,0.017795,0.0538,0.000210492,0.027736454,0.11,0.110547686,"050730A",0,0,0,0,0,0,0,0,0,0,0,3.967,0.696094159995223
"050801A",3.32793797621411,1.99,0.164352856,-10.0654096989412,20.80209017,1.31244219353007,1.28780173,2.07525210781143,0.89632406415555,-6.508638306,11.0751711735281,3.9601,0.0270118612753567,101.31247240754,432.726955440811,1.72250451135802,1.65843329579099,4.30667131097578,0.803396827984323,42.3623725983306,0.378773543191014,0.801471442388233,0.615556386813809,0.275325826475564,0.204433354540816,0.0581234535102333,0.25,0.0712796339614364,"050801A",1,0.831984494053527,0.4975,0.041088214,-2.5163524247353,5.2005225425,0.328110548382518,0.3219504325,0.518813026952857,0.224081016038887,-1.6271595765,1.56,0.40823996531185
"050802A",3.63973,1.54,0.439332694,-10.28650946,21.25883595,1.44729,1.477121255,1.8557,0.8585,-5.698970004,13.2476344729,2.3716,0.193013216017298,105.812276870669,451.938105949012,2.0946483441,2.18188720197277,3.44362249,0.73702225,32.4782591064918,0.14763173580347,0.0275,0.0326,0.03274,0.002369606,0.034092117,0.13,0.069487117,"050802A",0,0,0,0,0,0,0,0,0,0,0,1.7102,0.433001340945038
"050803A",4.21721,1.38,-0.017728767,-10.86012091,21.34755638,1.52234,1.943988875,2.11696,1.218,-5.66756154,17.7848601841,1.9044,0.000314309179340289,117.942226179819,455.718163397279,2.3175190756,3.77909274612377,4.4815196416,1.483524,32.1212538096872,0.0515724807527089,0.0489,0.04766,0.048695,0.22485626,0.027269654,0.11,0.049762909,"050803A",0,0,0,0,0,0,0,0,0,0,0,3.5,0.653212513775344
"050820A",3.750945731,1.25,0.389166084,-10.01818139,21.61964524,1.136499703,1.414973348,1.96878,0.9,-5.463441557,14.0695938769071,1.5625,0.151450240935895,100.363958362942,467.409060303455,1.29163157491909,2.00214957555033,3.8760946884,0.81,29.8491936467546,0.378773543191014,0.266741013,0.238477529,0.012525701,0.0405,0.030552112,0.12,0.040770502,"050820A",0,0,0,0,0,0,0,0,0,0,0,2.6147,0.558072259099146
"050824A",5.08558,2.76,-0.301029996,-12.23882419,20.9708274,0.954481,1.353723938,1.94709,0.86,-6.575118363,25.8631239364,7.6176,0.09061905849176,149.788817553729,439.775601840591,0.911033979361,1.83256850031423,3.7911594681,0.7396,43.2321814874598,0.0782985476819812,0.06855,0.12722,0.0899785,0.01,0.084899673,0.38,0.130288345,"050824A",0,0,0,0,0,0,0,0,0,0,0,0.8278,0.261928672990642
"050904A",4.35698284448173,1.25,-0.207608311,-11.4378944868069,22.39388568,1.85403917047081,2.259044094,1.90813,0.923476512834974,-5.316052869,18.9832995071081,1.5625,0.0431012107962727,130.825430291328,501.486115848909,3.43746124564009,5.10328021863628,3.6409600969,0.852808869757844,28.2604181060031,0.0563106258915239,0.822149219309295,0.620364800697704,0.302952587615337,0.201864729516789,0.016184888,0.07,0.119080745,"050904A",1,1.08924571112043,0.3125,-0.05190207775,-2.85947362170173,5.59847142,0.463509792617702,0.5647610235,0.4770325,0.230869128208744,-1.32901321725,6.295,0.86302529622947
"050908A",3.53466862290029,1.88,-0.15490196,-10.7673117906094,21.89306622,1.13329770882728,1.239799818,2.74883,1.0022034395342,-6.316052869,12.4938822737158,3.5344,0.0239946172118416,115.935003196196,479.306348513305,1.28436369683316,1.53710358871283,7.5560663689,1.00441173421418,39.8925238440031,0.0563106258915239,0.795529154351559,0.610443563406405,0.280073065340727,0.225930470347336,0.045857181,0.17,0.086858896,"050908A",1,0.883667155725072,0.47,-0.03872549,-2.69182794765235,5.473266555,0.28332442720682,0.3099499545,0.6872075,0.25055085988355,-1.57901321725,3.34,0.637489729512511
"050922C",2.52429,1.37,0.860936621,-9.477555766,21.44930866,1.22035,0.653212514,2.2119,1.064,-5.790484985,6.3720400041,1.8769,0.741211865378898,89.8240632976399,460.072841991951,1.4892541225,0.4266865884462,4.89250161,1.132096,33.5297163615105,0.0434736058796182,0.03194,0.034305,0.013275,0.013,0.014476483,0.06,0.019142456,"050922C",0,0,0,0,0,0,0,0,0,0,0,2.198,0.504878459410216
"051016B",4.25742,2.4,0.113943352,-11.59006688,21.71466751,1.14771,0.602059991,1.89482,0.73,-6.769551079,18.1256250564,5.76,0.0129830874649959,134.329650282873,471.52678506985,1.3172382441,0.36247623276292,3.5903428324,0.5329,45.8268218111901,0.0509829166339321,0.04535,0.058175,0.04854,0.005,0.056202815,0.23,0.053451629,"051016B",0,0,0,0,0,0,0,0,0,0,0,0.9364,0.286995073968852
"051028A",3.8190899067996,1.6783282458665,0.179466033655192,-10.9600751246855,20.9024195385481,1.2310212399095,1.204119983,2.02921982175251,0.93000176834023,-6.17568341398607,14.5854477162186,2.81678570087332,0.0322080572359265,120.12324673875,436.911142565477,1.51541329310832,1.44990493345992,4.11773308499329,0.864903289115955,38.1390656297826,0.378773543191014,0.801688900423771,0.614375831245878,0.2816978859685,0.203168147855912,0.0451414448022833,0.236991174642203,0.0749534429882672,"051028A",1,0.9547724766999,0.419582061466625,0.044866508413798,-2.74001878117138,5.22560488463702,0.307755309977375,0.30102999575,0.507304955438127,0.232500442085057,-1.54392085349652,3.6,0.662757831681574
"051109A",3.91123,1.51,0.595496222,-10.51999306,21.97057233,1.22299,1.57054294,2.06584,1.06,-5.657577319,15.2977201129,2.2801,0.354615750416273,110.670253982448,482.706048507762,1.4957045401,2.46660512638384,4.2676949056,1.1236,32.0081811204632,0.0827679937346041,0.04815,0.04637,0.019155,0.054794381,0.05369459,0.2,0.076056648,"051109A",0,0,0,0,0,0,0,0,0,0,0,2.346,0.524525936626376
"051111A",3.36520319783637,1.32,0.424881637,-10.0374386946919,21.79196559,1.21832755364389,1.776555911,2.23019,0.903418581185592,-5.389339837,11.3245925627281,1.7424,0.1805244054598,100.750175549698,474.889764275744,1.48432202796791,3.15615090490904,4.9737474361,0.816165132831388,29.0449838786752,0.378773543191014,0.801170734300789,0.611034859760649,0.276989134184434,0.198093567912198,0.014263593,0.06,0.034286406,"051111A",1,0.841300799459093,0.33,0.10622040925,-2.50935967367298,5.4479913975,0.304581888410973,0.44413897775,0.5575475,0.225854645296398,-1.34733495925,1.55,0.406540180433955
"060115A",3.69688,1,-0.060480747,-11.29499204,21.43355223,0.889919,2.144885418,2.10553,1,-5.76700389,13.6669217344,1,0.00365792075767801,127.576845183663,459.397161196138,0.791955826561,4.60053345634903,4.4332565809,1,33.2583338672751,0.0469357822743554,0.0812,0.123015,0.053884,0.085,0.038096007,0.303030303,0.059902687,"060115A",0,0,0,0,0,0,0,0,0,0,0,3.53,0.656098202012832
"060124A",4.47599,1.84,-0.050609993,-10.6893,21.9172644,1.3641,1.134495856,2.00895,0.99,-6.336299075,20.0344864801,3.3856,0.00256137139146005,114.26113449,480.366478779507,1.86076881,1.28708084728117,4.0358801025,0.9801,40.1486859678459,0.0416381769095578,0.04445,0.036665,0.01627,0.076380116,0.049929734,0.19,0.087834839,"060124A",0,0,0,0,0,0,0,0,0,0,0,2.296,0.517987203025078
"060206A",3.93814,1.2,0.445604203,-10.63078414,22.33966406,1.17565,0.880241776,2.20424,1.265,-6.080398976,15.5089466596,1.44,0.198563105731265,113.013571431276,499.060590313656,1.3821529225,0.774825584215634,4.8586739776,1.600225,36.9712517073418,0.110636974360534,0.07055,0.07444,0.02867,0.013041887,0.021949902,0.181818182,0.026462388,"060206A",0,0,0,0,0,0,0,0,0,0,0,4.048,0.703119346236078
"060210A",4.15028,1.53,0.434568904,-10.66756154,22.3877421,1.20511,2.40654018,2.08163,0.979,-5.11577123,17.2248240784,2.3409,0.188850132323761,113.796869209687,501.210996336112,1.4522901121,5.79143563795443,4.3331834569,0.958441,26.1711152776957,0.207740121229715,0.0292,0.030365,0.02297,0.083622271,0.023188831,0.09,0.044706785,"060210A",0,0,0,0,0,0,0,0,0,0,0,3.91,0.691081492122968
"060223A",2.78682,1.74,0.130333768,-10.9636,22.49782636,1.1892,1.053078443,2.01015,0.81,-6.171984936,7.7663657124,3.0276,0.0169868910810778,120.20052496,506.152190924711,1.41419664,1.1089742071113,4.0407030225,0.6561,38.0933980502109,0.042104904450281,0.1982,0.23477,0.18005,0.045,0.030974941,0.12,0.057905931,"060223A",0,0,0,0,0,0,0,0,0,0,0,4.41,0.73319726510657
"060306A",3.61496,1.8,0.775974331,-10.70553377,21.61973178,1.03794,2.13255996245349,2.28823,0.76,-5.671620397,13.0679358016,3.24,0.602136162370898,114.60845330061,467.412802239142,1.0773194436,4.54781199345963,5.2359965329,0.5776,32.1672779276664,0.0112622187283241,0.03495,0.04452,0.02498,0.01,0.01457843,0.060606061,0.0488439909307915,"060306A",0,0,0,0,0,0,0,0,0,0,0,1.559,0.408070285887185
"060418A",3.11887,1.7,0.814247596,-9.792961075,21.65363309,1.47655,2.158362492,1.94118,0.98,-5.079354999,9.7273500769,2.89,0.662999147591779,95.9020866164651,468.879825996343,2.1801999025,4.65852864687245,3.7681797924,0.9604,25.7998472058663,0.136485588124709,0.04904,0.057245,0.044705,0.005,0.013190457,0.06,0.023313354,"060418A",0,0,0,0,0,0,0,0,0,0,0,1.489,0.396024896608593
"060502A",3.3865,1.46,0.227886705,-10.55284197,21.45692297,0.897152,1.45331834,2.02719,0.87,-5.63638802,11.46838225,2.1316,0.051932350315757,111.362473643793,460.399543340514,0.804881711104,2.11213419738036,4.1094992961,0.7569,31.7688699119995,0.150287880735964,0.05675,0.075085,0.0205255,0.015,0.019176639,0.08,0.053965586,"060502A",0,0,0,0,0,0,0,0,0,0,0,1.5026,0.398391440229475
"060512A",3.66968890789553,2.48,-0.055517328,-10.6816826796143,22.27524914,1.09523674262367,0.92890769,2.70163,0.895416872468867,-6.634512015,13.4666166807315,6.1504,0.00308217370825958,114.098344867972,496.186724249071,1.19954352239291,0.862869496541136,7.2988046569,0.801771375501927,44.0167496771794,0.0189868108841264,0.793957184160756,0.612985509256598,0.277885965782858,0.197355981980653,0.074878359,0.3,0.098703291,"060512A",1,0.917422226973883,0.62,-0.013879332,-2.67042066990357,5.568812285,0.273809185655917,0.2322269225,0.6754075,0.223854218117217,-1.65862800375,0.44,0.15836249209525
"060526A",3.8752,2.01,0.222716471,-11.3053948,21.9172644,1.05873,2.47444938,1.90677,0.93,-5.899629455,15.01717504,4.0401,0.0496026264546938,127.811951583867,480.366478779507,1.1209092129,6.12289973418238,3.6357718329,0.8649,34.8056277063036,0.0335716198838349,0.06785,0.09216,0.0623145,0.0305,0.056871896,0.24,0.046810184,"060526A",0,0,0,0,0,0,0,0,0,0,0,3.221,0.625415352154408
"060604A",4.45991,2.01,-0.468521083,-11.76955108,21.99003057,1.21596,1.977723605,2.1711,1.02,-6.395773947,19.8907972081,4.0401,0.219512005215493,138.522332624729,483.561444469534,1.4785587216,3.9113906577742,4.71367521,1.0404,40.905924381124,0.0777158547080599,0.04195,0.04994,0.04695,0,0.11451546,0.42,0.166053773,"060604A",0,0,0,0,0,0,0,0,0,0,0,2.1357,0.496334505996816
"060605A",4.04162,1.55,-0.337242168,-11.26121944,21.77333803,1.9179,2.059904056,2.02128,0.835,-6.156767222,16.3346922244,2.4025,0.11373227987734,126.815063275834,474.078248968644,3.67834041,4.24320471992525,4.0855728384,0.697225,37.9057826258936,0.132471980179598,0.05315,0.037375,0.085,0.10149311,0.056078197,0.2,0.113294213,"060605A",0,0,0,0,0,0,0,0,0,0,0,3.78,0.679427896612119
"060607A",3.62913988999298,1.47,0.146128036,-10.4034487155603,21.79614607,1.34132523976043,2.009450896,1.61002,0.901433865164867,-5.59345982,13.1706563411383,2.1609,0.0213534029052173,108.231745177293,475.071983504776,1.79915339881838,4.0378929034352,2.5921644004,0.812583013266072,31.2867927579544,0.378773543191014,0.797068515289679,0.605424807757188,0.273951130205867,0.204597024930413,0.019074895,0.08,0.040327345,"060607A",1,0.907284972498245,0.3675,0.036532009,-2.60086217889007,5.4490365175,0.335331309940108,0.502362724,0.402505,0.225358466291217,-1.398364955,3.07,0.60959440922522
"060707A",3.5545,0.6,0.004321374,-10.9132,21.20847898,0.861995,1.820857989,2.09345,1.12,-5.795880017,12.63447025,0.36,1.8674273247876e-05,119.09793424,449.799580645102,0.743035380025,3.31552381610512,4.3825329025,1.2544,33.5922251714599,0.0414232996019404,0.07695,0.127895,0.0364485,0.035,0.040986542,0.363636364,0.098898743,"060707A",0,0,0,0,0,0,0,0,0,0,0,3.425,0.645913275033844
"060708A",3.50569,1.68,0.28780173,-10.86966623,20.79066861,1.12969,1.008600172,2.20484,1.485,-6.306273051,12.2898623761,2.8224,0.0828298357909929,118.149643951602,432.251901250839,1.2761994961,1.01727430695843,4.8613194256,2.205225,39.7690797937688,0.153333382237578,0.06115,0.062725,0.028525,0.33410152,0.032528129,0.12,0.031340839,"060708A",0,0,0,0,0,0,0,0,0,0,0,1.92,0.465382851448418
"060714A",3.73449,1.93,0.10720997,-10.86012091,22.0125926,1.20488,2.060660074,2.04425,0.87,-5.548213564,13.9464155601,3.7249,0.0114939776674009,117.942226179819,484.554232973575,1.4517358144,4.24631994057768,4.1789580625,0.7569,30.7826737517536,0.0344798070207195,0.0352,0.046765,0.035305,0.005,0.025627978,0.11,0.044108033,"060714A",0,0,0,0,0,0,0,0,0,0,0,2.711,0.569490954348783
"060729A",5.1057,1.75,0.068185862,-11.15058059,20.86562801,1.35481,2.062017599,1.92492,1.317,-5.583359493,26.06817249,3.0625,0.00464931177668304,124.335447494085,435.374432251696,1.8355101361,4.25191657858572,3.7053170064,1.734489,31.1739032280732,0.127647038192483,0.0116,0.012825,0.013425,0.077392286,0.035109631,0.14,0.048254942,"060729A",0,0,0,0,0,0,0,0,0,0,0,0.54,0.187520720836463
"060814A",4.22387,1.53,0.861534411,-10.91009489,22.00679538,1.29504,2.162265614,2.11591,0.97,-4.835647144,17.8410777769,2.3409,0.742241541337117,119.030170508804,484.299042897189,1.6771286016,4.6753925854868,4.4770751281,0.9409,23.3834833012754,0.0146412491965932,0.0353,0.034855,0.024565,0,0.007109341,0.03,0.017323989,"060814A",0,0,0,0,0,0,0,0,0,0,0,1.9229,0.465813957269479
"060904B",3.76519449736978,1.64,0.387389826,-10.5862757855051,21.59122827,1.31042148150069,2.234264124,2.18877,0.934699632764984,-5.790484985,14.1766896030237,2.6896,0.15007087728831,112.069235006772,466.181138207247,1.71720445917846,4.99193617579349,4.7907141129,0.873663403490996,33.5297163615105,0.378773543191014,0.779476967538329,0.605382772766065,0.278036890765548,0.200871902864199,0.038335871,0.14,0.037377804,"060904B",1,0.941298624342445,0.41,0.0968474565,-2.64656894637627,5.3978070675,0.327605370375173,0.558566031,0.5471925,0.233674908191246,-1.44762124625,0.7,0.230448921378274
"060906A",4.33479,2.03,0.294466226,-11.8827287,22.41960057,1.71887,1.638489257,2.07859,1.06,-5.655607726,18.7904043441,4.1209,0.0867103582546831,141.199241357804,502.638489718344,2.9545140769,2.68464704530441,4.3205363881,1.1236,31.9858987503909,0.0815374132437055,0.08845,0.072145,0.169635,0.005,0.026725814,0.11,0.061727135,"060906A",0,0,0,0,0,0,0,0,0,0,0,3.686,0.670802284260944
"060908A",2.81918,1,0.481442629,-9.627087997,21.80952201,1.38309,1.285557309,2.13395,1.185,-5.552841969,7.9477758724,1,0.231787005018432,92.6808233019815,475.655250304674,1.9129379481,1.65265759472332,4.5537426025,1.404225,30.8340539326878,0.0299356101990356,0.045185,0.05993,0.04964,0.003474954,0.017216674,0.181818182,0.035832878,"060908A",0,0,0,0,0,0,0,0,0,0,0,1.8836,0.459935016851525
"060912A",2.455171016,1.74,0.933487288,-10.1079054,21.36738202,1.045731532,0.698970004,1.8948,0.63,-5.869666232,6.02786471780647,3.0276,0.871398516857595,102.169751575349,456.565014388619,1.09355443701907,0.48855906649176,3.59026704,0.3969,34.4529816750811,0.0503781599397554,0.147419953,0.156564864,0.028937785,0.0785,0.019945376,0.09,0.022271512,"060912A",0,0,0,0,0,0,0,0,0,0,0,0.937,0.287129620719111
"060926A",3.351,2.54,0.037426498,-10.84771166,22.50004427,1.45111,0.903089987,2.00443,1.357,-6.659555885,11.229201,6.4516,0.001400742752544,117.6728482585,506.25199215196,2.1057202321,0.81557152461966,4.0177396249,1.841449,44.3496845854381,0.0658325115034435,0.08245,0.09927,0.11561,0.009157091,0.049576996,0.23,0.055780943,"060926A",0,0,0,0,0,0,0,0,0,0,0,3.2,0.6232492903979
"060927A",3.15198,0.9,0.431363764,-10.77728353,22.10710478,1.39098,1.352953912,1.94856,0.83,-5.946921557,9.9349779204,0.81,0.186074696892248,116.149840286009,488.724081753899,1.9348253604,1.8304842879961,3.7968860736,0.6889,35.3658760051113,0.0249377639674928,0.08115,0.108435,0.118785,0.178498106,0.026134535,0.242424242,0.027344467,"060927A",0,0,0,0,0,0,0,0,0,0,0,5.47,0.8109042806687
"061007A",3.14296941108163,1.03,1.164352856,-9.10523174742902,21.74186197,1.57892969444369,1.876852648,1.99824,0.928073957486507,-4.35261703,9.87825671899481,1.0609,1.35571757327536,82.9052451743893,472.708561922532,2.49301897999604,3.52257586230461,3.9929630976,0.861321270564667,18.945275009846,0.075913913084108,0.899163469145948,0.621114802501171,0.277519420208618,0.20147299475441,0.005497151,0.03,0.011006093,"061007A",1,0.785742352770407,0.2575,0.291088214,-2.27630793685725,5.4354654925,0.394732423610922,0.469213162,0.49956,0.232018489371627,-1.0881542575,1.26,0.354108439147401
"061021A",3.23849,1.3,0.78604121,-10.04095861,20.87141063,1.01707,1.664641976,1.99282,0.785,-5.528708289,10.4878174801,1.69,0.617860783818264,100.820849807733,435.615781686077,1.0344313849,2.77103290826118,3.9713315524,0.616225,30.5666153448573,0.0507507174713444,0.0264,0.03399,0.010415,0.016800037,0.014818832,0.06,0.019191409,"061021A",0,0,0,0,0,0,0,0,0,0,0,0.3463,0.129141845792285
"061121A",3.78753,1.41,1.324282455,-10.03011836,21.75351565,1.35185,1.90982337,1.90181,0.9485,-4.863279433,14.3453835009,1.9881,1.75372402062083,100.603274315609,473.215443134795,1.8274984225,3.64742530459816,3.6168812761,0.89965225,23.6514868434408,0.246558916936231,0.01265,0.01703,0.01585,0.002358211,0.006308365,0.03,0.009468031,"061121A",0,0,0,0,0,0,0,0,0,0,0,1.314,0.364363354615731
"061126A",3.65299042410027,1.32,0.989449818,-10.6386654471995,21.38058204,1.17740133389325,2.281033367,1.9269241917552,0.907880031233399,-5.169411331,13.3443390385683,1.7424,0.979010942340233,113.181202497437,457.129288369171,1.3862739010536,5.20311322136736,3.71303684077143,0.824246151112358,26.7228135090712,0.378773543191014,0.794065553241146,0.609044933666888,0.273271776408165,0.201892045351954,0.0190994093843814,0.06,0.0246693811930976,"061126A",1,0.913247606025067,0.33,0.2473624545,-2.65966636179988,5.34514551,0.294350333473313,0.57025834175,0.4817310479388,0.22697000780835,-1.29235283275,1.1588,0.334212409393176
"061222A",3.92091,1.35,0.930949031,-9.954677021,22.56660835,1.35061,1.853698212,1.92748,0.86,-5.097453221,15.3735352281,1.8225,0.866666098319839,99.0955945924254,509.25181242229,1.8241473721,3.436197061172,3.7151791504,0.7396,25.9840293402833,0.0973208922530927,0.02311,0.024435,0.018075,0.005,0.008588051,0.04,0.013237581,"061222A",0,0,0,0,0,0,0,0,0,0,0,2.088,0.489677291663699
"070110A",4.26825,1.58,-0.22184875,-11.04866248,21.3989672,1.42725,1.946550511,2.08596,1.186,-5.790484985,18.2179580625,2.4964,0.0492168678765625,122.07294259696,457.915797226676,2.0370425625,3.78905889187436,4.3512291216,1.406596,33.5297163615105,0.0711120769415451,0.05475,0.053995,0.046555,0.12166788,0.028952965,0.12,0.086858896,"070110A",0,0,0,0,0,0,0,0,0,0,0,2.352,0.525304009958239
"070125A",4.24451839840402,1.66719216524827,0.461366700396796,-10.8126684459142,21.1168251059769,1.59249620245085,1.77815125,1.95142632719767,0.889330047938963,-5.49527903539734,18.0159364343902,2.77952971586521,0.212859232235027,116.913798921269,445.920302556416,2.53604415482038,3.16182186787656,3.80806471048019,0.790907934167118,30.1980916768775,0.14763173580347,0.787319542680458,0.618531451685565,0.279327091468035,0.202103038985769,0.0330719907495403,0.177142407809118,0.0593602352348791,"070125A",1,1.061129599601,0.416798041312067,0.115341675099199,-2.70316711147855,5.27920627649423,0.398124050612712,0.4445378125,0.487856581799417,0.222332511984741,-1.37381975884934,1.55,0.406540180433955
"070208A",3.44468,1.94,-0.045757491,-10.86327943,21.8647258,1.2125,1.806179974,2.20341,1.14,-6.351639989,11.8658203024,3.7636,0.00209374798261508,118.010839974261,478.066234309186,1.47015625,3.26228609847864,4.8550156281,1.2996,40.3433305498639,0.153546286600926,0.1619,0.14114,0.06357,0.015,0.098570208,0.36,0.106160873,"070208A",0,0,0,0,0,0,0,0,0,0,0,1.165,0.335457900689384
"070223A",4.22335,1.85,-0.161150909,-11.86327943,21.70173804,0.991734,1.9408513687054,2.25837,1.03,-5.769551079,17.8366852225,3.4225,0.0259696154715263,140.737398834261,470.965433956783,0.983536326756,3.76690403540562,5.1002350569,1.0609,33.2877196531901,0.0402373538487879,0.16615,0.203105,0.079308,0.06,0.018572476,0.072727273,0.130844061722848,"070223A",0,0,0,0,0,0,0,0,0,0,0,1.6295,0.419873175149476
"070306A",4.86926,1.66,0.609594409,-11.2737,22.44245468,1.89982,2.321184027,1.94468,0.831,-5.269217724,23.7096929476,2.7556,0.371605343484059,127.09631169,503.663772063854,3.6093160324,5.38789528719994,3.7817803024,0.690561,27.7646554229157,0.134263479640872,0.0335,0.02824,0.06188,0.001,0.02308703,0.1,0.022408315,"070306A",0,0,0,0,0,0,0,0,0,0,0,1.4959,0.397227181043161
"070411A",3.55030964494677,1.72,-0.040958608,-10.695200042142,22.32139542,1.37830478804716,2.089021501,2.2428,0.933591758675823,-5.568636236,12.6046985750021,2.9584,0.00167760756929766,114.387303941434,498.244693495997,1.89972408875373,4.36401083164029,5.03015184,0.871593571867416,31.0097095288922,0.378773543191014,0.78570244517466,0.613787783008954,0.29380035483798,0.20245281065366,0.02493172,0.1,0.062042069,"070411A",1,0.887577411236693,0.43,-0.010239652,-2.6738000105355,5.580348855,0.34457619701179,0.52225537525,0.5607,0.233397939668956,-1.392159059,2.95,0.59659709562646
"070508A",3.02525,1.1,1.382017043,-9.161150909,21.89306622,1.37377,1.320146286,1.82568,0.764,-4.707743929,9.1521375625,1.21,1.90997110714246,83.9266859774715,479.306348513305,1.8872440129,1.74278621643959,3.3331074624,0.583696,22.1628529010364,0.0152922340458476,0.010795,0.01189,0.013355,5e-04,0.006049102,0.060606061,0.010992516,"070508A",0,0,0,0,0,0,0,0,0,0,0,0.82,0.260071387985075
"070521A",3.55243,1.1,0.814913181,-10.01233374,22.27524914,1.44502,1.57863921,2.00022,0.98,-5.096367484,12.6197589049,1.21,0.664083492567539,100.246826921142,496.186724249071,2.0880828004,2.49210175534942,4.0008800484,0.9604,25.9729615319725,0.0323072045959819,0.04901,0.04844,0.0562,0.147518075,0.009596769,0.121212121,0.017957046,"070521A",0,0,0,0,0,0,0,0,0,0,0,2.0865,0.489466281303128
"070529A",3.09323,1.34,0.155336037,-10.24641694,22.56252244,1.21432,2.038222638,1.97999,0.76,-5.590066877,9.5680718329,1.7956,0.0241292843908654,104.989060108319,509.067418855503,1.4745730624,4.15435152205568,3.9203604001,0.5776,31.2488476893325,0.0794726286723922,0.0552,0.068045,0.03501,0.015,0.041401614,0.16,0.109332877,"070529A",0,0,0,0,0,0,0,0,0,0,0,2.4996,0.544018407858776
"070612A",4.2356048047746,1.69,0.178976947,-10.6605045530239,21.2559971173378,2.02205174685583,2.566790912,1.97567939099548,0.936277531147257,-4.974694135,17.9403480622297,2.8561,0.0320327475574408,113.646357325043,451.817413452273,4.08869326696271,6.58841558592579,3.90330905600427,0.876615615331203,24.7475817368034,0.378773543191014,0.804517038840586,0.622475890576284,0.403851520056797,0.207228454954471,0.024623678,0.1,0.109292651,"070612A",1,1.05890120119365,0.4225,0.04474423675,-2.66512613825597,5.31399927933445,0.505512936713957,0.641697728,0.49391984774887,0.234069382786814,-1.24367353375,0.671,0.222976449893391
"070721B",3.94739,1.34,0.176091259,-10.50863831,21.89473409,2.5054,2.531478917,1.52512,0.52,-5.443697499,15.5818878121,1.7956,0.0310081314962051,110.4314791304,479.379380871808,6.27702916,6.40838550721549,2.3259910144,0.2704,29.6338424606189,0.0272330828957319,0.3648,0.10084,0.09144,0,0.024127471,0.11,0.086858896,"070721B",0,0,0,0,0,0,0,0,0,0,0,3.626,0.6652056284346
"070802A",3.92184,1.79,-0.397940009,-11.6716204,21.91375294,1.16348,1.214843848,1.99014,0.78,-6.552841969,15.3808289856,3.2041,0.15835625076292,136.226722761696,480.212567915359,1.3536857104,1.47584557502345,3.9606572196,0.6084,42.9397378706878,0.079968777148268,0.17395,0.236245,0.2088785,0.045,0.077552586,0.27,0.108573621,"070802A",0,0,0,0,0,0,0,0,0,0,0,2.45,0.537819095073274
"070810A",3.36583,2.04,0.278753601,-10.77728353,21.93100401,1.36994,1.041392685,2.17076,1.02,-6.161150909,11.3288115889,4.1616,0.0777035700704672,116.149840286009,480.968936886636,1.8767356036,1.08449872437151,4.7121989776,1.0404,37.9597805234715,0.197037086589132,0.06175,0.07187,0.077915,0.01,0.037764738,0.14,0.045715209,"070810A",0,0,0,0,0,0,0,0,0,0,0,2.17,0.501059262217751
"071003A",4.78411,1.36,0.799340549,-11.67760082,20.86974084,1.97901,2.170643023,1.91015,0.837,-5.080921908,22.8877084921,1.8496,0.638945313275621,136.366360911265,435.546082728764,3.9164805801,4.71169113329858,3.6486730225,0.700569,25.8157674351944,0.0131768929142836,0.1359,0.098505,0.183105,0.032,0.015697391,0.07,0.027574253,"071003A",0,0,0,0,0,0,0,0,0,0,0,1.60435,0.415699348887829
"071010A",4.22153907655839,2.33,-0.096910013,-10.9895154238019,22.13954852,1.8230533026688,0.77815125,2.33496,0.888406786307459,-6.698970004,17.8213921749095,5.4289,0.00939155061966017,120.76944924998,490.159608669434,3.32352334437162,0.605519367876562,5.4520382016,0.789266617957147,44.8761991144918,0.0563106258915239,0.793959577162565,0.613177623292791,0.296319864037732,0.199693514510686,0.086858896,0.37,0.162860431,"071010A",1,1.0553847691396,0.5825,-0.02422750325,-2.74737885595047,5.53488713,0.4557633256672,0.1945378125,0.58374,0.222101696576865,-1.674742501,0.99,0.298853076409707
"071010B",3.50957660596362,1.53,0.886490725,-10.4208095316766,21.30047157,1.03582329155597,1.552668216,2.04061,0.893101278636516,-5.356547324,12.3171279531271,2.3409,0.785865805511026,108.593271295482,453.710089104378,1.07292989132984,2.41077858897662,4.1640891721,0.79762989390218,28.6925992342516,0.199990220376636,0.791791810316993,0.61645895838135,0.280712130682309,0.200470874407027,0.009870329,0.22,0.016920564,"071010B",1,0.877394151490905,0.3825,0.22162268125,-2.60520238291915,5.3251178925,0.258955822888992,0.388167054,0.5101525,0.223275319659129,-1.339136831,0.947,0.289365951520032
"071020A",2.311950854,1.11,0.924279286,-9.169411331,20.99642367,1.119196934,0.62324929,1.59788,0.844,-5.638272164,5.34511675131133,1.2321,0.85429219852867,84.0781041570712,440.849806930136,1.252601777075,0.388439677485504,2.5532204944,0.712336,31.7901129953372,0.0601790285006581,0.035099822,0.039262062,0.011153209,0.001,0.018882369,0.05,0.015510517,"071020A",0,0,0,0,0,0,0,0,0,0,0,2.145,0.497620649781288
"071025A",3.5691438522919,1.79,0.204119983,-10.7435838189401,21.07108335,1.41399582009461,2.376832349,1.97502660214106,0.921370656651558,-5.187086643,12.7387878383531,3.2041,0.0416649674599203,115.424593274592,443.990553542647,1.99938417924503,5.64933201525286,3.90073007916486,0.848923886938523,26.905867841989,0.0563106258915239,0.791428499655736,0.613998838197716,0.274658239472015,0.198421010369333,0.021297834433594,0.05,0.0778422962236166,"071025A",1,0.892285963072975,0.4475,0.05102999575,-2.68589595473503,5.2677708375,0.353498955023652,0.59420808725,0.493756650535265,0.23034266416289,-1.29677166075,5,0.778151250383644
"071112C",3.29629009250939,1.09,0.903089987,-10.3793919527182,20.5643192,1.18185143416542,1.176091259,1.67267,0.874242522377332,-5.522878745,10.8655283739756,1.1881,0.81557152461966,107.731777308151,422.891224159489,1.39677281243886,1.38319064949621,2.7978249289,0.76429998793268,30.5021896319728,0.378773543191014,0.789517861418124,0.619472645699884,0.272275665455412,0.202152172857425,0.057905931,0.07,0.05428681,"071112C",1,0.824072523127347,0.2725,0.22577249675,-2.59484798817955,5.1410798,0.295462858541355,0.29402281475,0.4181675,0.218560630594333,-1.38071968625,0.82,0.260071387985075
"071117A",3.901990464,1.57,1.053078443,-11.23542972,22.04291793,1.104952391,0.819543936,2.0457,0.94,-5.619788758,15.2255295811469,2.4649,1.1089742071113,126.234880993059,485.890230868716,1.22091978637662,0.671652263034372,4.18488849,0.8836,31.5820256845432,0.120079755643196,0.101024385,0.117162967,0.089387802,0.01,0.018095603,0.06,0.015373256,"071117A",0,0,0,0,0,0,0,0,0,0,0,1.331,0.367542273520577
"080310A",4.32608056,2.32,0.113943352,-11.3990271,22.04910001,1.59590648,2.560456622,2.09352,0.878,-5.638272164,18.7149730116099,5.3824,0.0129830874649959,129.937818826534,486.162811250982,2.54691749290599,6.55593811314365,4.3828259904,0.770884,31.7901129953372,0.0207895824764161,0.04247343,0.03798676,0.065276352,0.0375,0.037764738,0.16,0.066814536,"080310A",0,0,0,0,0,0,0,0,0,0,0,2.42,0.534026106056135
"080319B",5.36799912,1.04,1.394451681,-12.15181088,20.8771334,1.42250979,1.68090255756894,1.81426,0.73,-4.091514981,28.8154145523208,1.0816,1.94449549064373,147.666507663286,435.854699001396,2.02353410264584,2.8254334080418,3.2915393476,0.5329,16.7404948397474,0.00162180613819455,0.097779455,0.087626454,0.075139905,0,0.00536166,0.02,0.008755937,"080319B",0,0,0,0,0,0,0,0,0,0,0,0.937,0.287129620719111
"080319C",3.52001201988252,1.37,0.716003344,-10.6382873387691,21.75037415,1.69361785659658,1.531478917,1.61029,0.921106151411543,-5.443697499,12.3904846201174,1.8769,0.512660788619182,113.173157502215,473.078775664988,2.86834144418279,2.34542767321549,2.5930338841,0.848436542168184,29.6338424606189,0.169579312058566,0.811557499830788,0.606277349855787,0.389549451169016,0.207945169900644,0.012063736,0.07,0.025055451,"080319C",1,0.88000300497063,0.3425,0.179000836,-2.65957183469227,5.4375935375,0.423404464149145,0.38286972925,0.4025725,0.230276537852886,-1.36092437475,1.95,0.469822015978163
"080330A",3.62641817400134,2.53,-0.045757491,-10.4824982653782,21.69090721,1.2788968145843,1.783188691,2.25433,0.871973041044518,-6.468521083,13.1509087727272,6.4009,0.00209374798261508,109.882769883657,470.49545559283,1.63557706235387,3.17976190771029,5.0820037489,0.760336984308425,41.8417650012155,0.378773543191014,0.794985109189265,0.60423198864964,0.273811450842144,0.203298294648504,0.102186937,0.45,0.096509885,"080330A",1,0.906604543500335,0.6325,-0.01143937275,-2.62062456634455,5.4227268025,0.319724203646075,0.44579717275,0.5635825,0.21799326026113,-1.61713027075,1.51,0.399673721481038
"080411A",4.20932562,1.75,1.635483747,-10.11350927,21.57289018,1.28909841,1.748188027,1.97674,0.91,-4.578396073,17.7184221751884,3.0625,2.67480708670116,102.283069754376,465.38959071834,1.66177471066453,3.05616137774615,3.9075010276,0.8281,20.9617106012618,0.00776276208190557,0.06043543,0.049275581,0.010296793,0,0.001645055,0.03,0.009047802,"080411A",0,0,0,0,0,0,0,0,0,0,0,1.03,0.307496037913213
"080413B",4.38638978469957,1.26,1.271841607,-11.1731675618723,21.31329763,1.83516772013769,0.903089987,1.93206,0.902968629765236,-5.494850022,19.2404153433167,1.5876,1.61758107329634,124.839673365675,454.256655864964,3.36784056103537,0.81557152461966,3.7328558436,0.815352346340108,30.1933767642734,0.199990220376636,0.804601373861806,0.623978971059655,0.291018791251908,0.199103169917752,0.013571703,0.27,0.018579443,"080413B",1,1.09659744617489,0.315,0.31796040175,-2.79329189046807,5.3283244075,0.458791930034422,0.22577249675,0.483015,0.225742157441309,-1.3737125055,1.1,0.322219294733919
"080516A",3.77452827,1.82,0.255272505,-11.12090412,22.03528962,0.94016916,0.763427994,2.3315,1.48,-6.585026652,14.2470636610292,3.3124,0.065164051808975,123.674508446233,485.55398863728,0.883918049415106,0.582822302022864,5.43589225,2.1904,43.3625760075503,0.0159503209161228,0.077803665,0.111057696,0.084888358,0.03,0.066814536,0.27,0.072382414,"080516A",0,0,0,0,0,0,0,0,0,0,0,3.2,0.6232492903979
"080603A",3.73173351788558,1.8144820875664,0.365016103959771,-10.6644526630363,20.9181675200872,1.20648726128049,1.77815125,2.0146549872069,0.913805347408734,-5.70558194498092,13.9258350485107,3.29234524609932,0.13323675614997,113.730550602142,437.569732398431,1.4556115116321,3.16182186787656,4.05883471747763,0.835040212952797,32.5536653308923,0.378773543191014,0.797387099205818,0.604761569453748,0.276377786257921,0.204512220511363,0.0419982454796969,0.181989441665926,0.0645822859728094,"080603A",1,0.932933379471395,0.4536205218916,0.0912540259899428,-2.66611316575908,5.2295418800218,0.301621815320122,0.4445378125,0.503663746801725,0.228451336852183,-1.42639548624523,1.69,0.429752280002408
"080603B",3.88118127765263,1.21,0.544068044,-10.612878786063,21.31611509,1.34218817738978,1.77815125,1.83449,0.89279441070083,-5.619788758,15.0635681100013,1.4641,0.296010036501986,112.633196127666,454.376762530126,1.8014691035249,3.16182186787656,3.3653535601,0.797081859778642,31.5820256845432,0.378773543191014,0.794275611570876,0.609597231529871,0.276140683734534,0.198704659881993,0.018095603,0.3,0.024816828,"080603B",1,0.970295319413157,0.3025,0.136017011,-2.65321969651575,5.3290287725,0.335547044347445,0.4445378125,0.4586225,0.223198602675207,-1.4049471895,2.6893,0.566943971856554
"080607A",3.46298403,1.31,1.36361198,-10.0540393,22.38386741,1.7256074,1.899984563,2.03418,1.06,-4.619788758,11.992258392035,1.7161,1.85943763199952,101.083706245944,501.03752022846,2.97772089893476,3.6099413396383,4.1378882724,1.1236,21.3424481685432,0.0179615292332226,0.11042072,0.069659314,0.037637388,0.02,0,0.04,0.02068069,"080607A",0,0,0,0,0,0,0,0,0,0,0,3.036,0.605951157564873
"080710A",4.09266933,1.47,0,-11.23284413,20.89722339,1.52133785,2.077948999,2.00149,1.3,-5.853871964,16.7499422447226,2.1609,0,126.176787248875,436.693945411563,2.31446885384262,4.3178720424451,4.0059622201,1.69,34.2678169709052,0.063286086716648,0.06269498,0.054210787,0.06401643,0.150517844,0.062042069,0.23,0.086858896,"080710A",0,0,0,0,0,0,0,0,0,0,0,0.845,0.265996370495079
"080810A",3.2687548,1.34,0.301029996,-9.931814138,21.45079548,1.44529526,2.03666881,2.11482,1.079,-5.337242168,10.684757942523,1.7956,0.09061905849176,98.6409320717767,460.136626724788,2.08887838857847,4.14801984162682,4.4724636324,1.164241,28.4861539598773,0.0173110727824034,0.031830706,0.039738688,0.036139295,0.0015,0.018882369,0.06,0.043429448,"080810A",0,0,0,0,0,0,0,0,0,0,0,3.35,0.638489256954637
"080905B",3.67820615,1.78,-0.301029996,-10.11125904,22.33533151,1.36946226,2.10720997,1.86248,0.375,-5.744727495,13.5292004818978,3.1684,0.09061905849176,102.237559373982,498.867033661599,1.87542688156431,4.4403338576674,3.4688317504,0.140625,33.001893991809,0.0951998384562338,0.03236457,0.038825489,0.033301752,0.00558525,0.048254942,0.15,0.086858896,"080905B",0,0,0,0,0,0,0,0,0,0,0,2.374,0.528145078253106
"080928A",4.08450503,1.77,0.322219295,-11.1260984,21.51035195,1.76031774,2.368584372,2.13864,0.99,-5.602059991,16.6831813400953,3.1329,0.103825274070297,123.790065606483,462.695241012869,3.09871854575871,5.61019192728263,4.5737810496,0.9801,31.3830761427629,0.0386609346233468,0.064484035,0.047916769,0.075970735,0,0.034743559,0.12,0.02068069,"080928A",0,0,0,0,0,0,0,0,0,0,0,1.692,0.430075055551939
"081007A",3.58176278,2.51,0.414973348,-10.58502665,21.69605744,1.00469263,0.958563883,2.102,0.92,-6.148741651,12.8290246121933,6.3001,0.172202879550329,112.04278918121,470.718908439779,1.00940728077632,0.918844717792038,4.418404,0.8464,37.8070238907422,0.140327919478768,0.053161115,0.084284398,0.039134851,0.005,0.048934589,0.2,0.066814536,"081007A",0,0,0,0,0,0,0,0,0,0,0,0.5295,0.184549481320698
"081008A",3.85550833,1.69,0.113943352,-10.79317412,21.1376737,1.47398467,2.268297087,1.98207,0.84,-5.366531544,14.8649444826994,2.8561,0.0129830874649959,116.492607584638,446.801249447672,2.17263080739501,5.14517167489269,3.9286014849,0.7056,28.799660812747,0.0944643171466364,0.06052989,0.056285684,0.063988679,0.025,0.020199743,0.07,0.033407268,"081008A",0,0,0,0,0,0,0,0,0,0,0,1.9685,0.472537053262077
"081028A",4.75426,1.25,-0.301029996,-11.3994,20.90308999,2.20023,2.414973348,2.51,0.945,-5.431798276,22.6029881476,1.5625,0.09061905849176,129.94632036,436.939171130038,4.8410120529,5.83209627155033,6.3001,0.893025,29.5044325111566,0.0544346314312377,0.0572,0.03025,0.054715,5e-04,0.023475377,0.38,0.086858896,"081028A",0,0,0,0,0,0,0,0,0,0,0,3.038,0.60616631460762
"081029A",4.48156171,1.43,-0.301029996,-11.86327943,21.49704581,2.51960373,2.431283332,1.95818,0.87,-5.677780705,20.0843953605381,2.0449,0.09061905849176,140.737398834261,462.122978557239,6.34840295622991,5.91113864046102,3.8344689124,0.7569,32.2371937340703,0.0734942688403521,0.083250805,0.04285341,0.169198521,0.001,0.041361379,0.18,0.173717793,"081029A",0,0,0,0,0,0,0,0,0,0,0,3.8479,0.685553652846326
"081203A",4.02089,1.54,0.462397998,-10.9243983,21.66176916,1.86904,2.46834733,2.03508,0.82,-5.113509275,16.1675563921,2.3716,0.213811908554408,119.342478217043,469.232243141127,3.4933105216,6.09273854151813,4.1415506064,0.6724,26.147977105511,0.122562443871835,0.05695,0.03932,0.064395,0.0325,0.016920564,0.06,0.029951344,"081203A",0,0,0,0,0,0,0,0,0,0,0,2.1,0.491361693834273
"081221A",2.93195749,1.21,1.260071388,-9.354577731,21.57331844,1.23586126,1.531478917,2.4947,0.991,-4.742321425,8.5963747231671,1.4641,1.58777990285625,87.5081245253211,465.408068513644,1.52735305396879,2.34542767321549,6.22352809,0.982081,22.489612498014,0.0102431891789539,0.0249855,0.031176651,0.012861856,5e-04,0.007198251,0.13,0.011931167,"081221A",0,0,0,0,0,0,0,0,0,0,0,2.26,0.513217600067939
"081228A",3.37145690541835,2.1,-0.22184875,-10.9265341850558,21.16936021,1.30627017284479,0.477121255,2.11824052948599,0.948812901759482,-7.050609993,11.3667216650931,4.41,0.0492168678765625,119.389149297193,448.141811700731,1.70634176446396,0.227644691972775,4.48694294075709,0.900245922545248,49.7111012733915,0.204728382319217,0.803766733946937,0.61153959091333,0.275029492627108,0.21058051978834,0.0674679414874554,0.31,0.103319586082909,"081228A",1,0.842864226354587,0.525,-0.0554621875,-2.73163354626395,5.2923400525,0.326567543211198,0.11928031375,0.529560132371497,0.23720322543987,-1.76265249825,3.44,0.64738297011462
"081230A",3.66959365,1.97,-0.15490196,-11.32975415,20.67248024,0.99376498,0.907209226455443,2.08621,1.02,-6.086186148,13.4659175561203,3.8809,0.0239946172118416,128.363329099442,427.35143927319,0.9875688354744,0.823028580565883,4.3522721641,1.0404,37.0416618281071,0.740704337003766,0.0701444,0.08735027,0.040381418,0.02,0.02568693,0.096969697,0.142225970771007,"081230A",0,0,0,0,0,0,0,0,0,0,0,2.1,0.491361693834273
"090102A",3.15380077,1.36,0.740362689,-9.457174573,21.72376179,1.42487631,1.432006687,1.76997,0.667,-7.167491087,9.94645929685259,1.8496,0.548136911263311,89.4381509041977,471.921826308664,2.03027249879922,2.05064315161272,3.1327938009,0.444889,51.3729284822244,0.0359770577590371,0.036239983,0.041590346,0.021786596,0.002673458,0.019160051,0.08,0.063170107,"090102A",0,0,0,0,0,0,0,0,0,0,0,1.547,0.406028944963615
"090205A",3.70655,2.15,-0.301029996,-11.3419886,21.81792086,1.29089,0.944482672,2.03416,1.01,-6.721246399,13.7385129025,4.6225,0.09061905849176,128.64070540253,476.021670653223,1.6663969921,0.89204751770826,4.1378069056,1.0201,45.1751531560705,0.0885407574117407,0.13445,0.114585,0.084185,0.025,0.068572813,0.23,0.086858896,"090205A",0,0,0,0,0,0,0,0,0,0,0,4.6497,0.752025387323213
"090313A",3.61735205955917,1.91,-0.096910013,-10.2750974013515,22.44115763,1.18760574958508,1.893872679,2.07619,0.923746981702793,-5.853871964,13.085235922797,3.6481,0.00939155061966017,105.57762660726,503.605555774507,1.41040741644754,3.58675372426264,4.3105649161,0.85330848620502,34.2678169709052,0.136485588124709,0.805742234111561,0.609346134235955,0.273610213696231,0.20178099399181,0.062042069,0.29,0.162860431,"090313A",1,0.904338014889792,0.4775,-0.02422750325,-2.56877435033788,5.6102894075,0.29690143739627,0.47346816975,0.5190475,0.230936745425698,-1.463467991,3.38,0.6414741105041
"090418A",3.52813657,1.48,0.278753601,-10.04720756,22.02365981,1.52909667,1.748188027,2.03408,0.98,-5.337242168,12.4477476565714,2.1904,0.0777035700704672,100.946379753721,485.041591426609,2.33813662620509,3.05616137774615,4.1374814464,0.9604,28.4861539598773,0.0320230997079162,0.028659405,0.030759021,0.042154514,0.003531332,0.018882369,0.07,0.068572813,"090418A",0,0,0,0,0,0,0,0,0,0,0,1.608,0.416307587059883
"090423A",3.91521772,0.8,0.230448921,-11.2798407,22.7516324,1.43267533,0.989894564,1.8158,0.77,-6.229147988,15.328929795002,0.64,0.0531067051900642,127.234806217376,517.63677686473,2.05255860119061,0.97989124783675,3.29712964,0.5929,38.8022846564045,0.047195797531391,0.08569564,0.077643595,0.064053366,0.005,0.029443694,0.5,0.051093469,"090423A",0,0,0,0,0,0,0,0,0,0,0,8.26,0.966610986681934
"090424A",2.99599056,1.19,1.851258349,-9.050609993,21.63012977,1.1284106,1.681241237,1.96315,0.924,-4.677780705,8.97595943560911,1.4161,3.42715747474221,81.9135412453915,467.86251386704,1.27331048219236,2.82657209698929,3.8539579225,0.853776,21.8816323240703,0.0205611924585667,0.011257098,0.013394814,0.005546887,0,0,0.15,0.012233647,"090424A",0,0,0,0,0,0,0,0,0,0,0,0.544,0.188647295999717
"090516A",4.33113504,1.84,0.204119983,-11.27490548,21.19589965,1.76098314,2.322219295,2.09,0.502,-5.045757491,18.7587307347158,3.3856,0.0416649674599203,127.123493582934,449.26616197287,3.10106161936426,5.3927024540703,4.3681,0.252004,25.4596686579826,0.132356413451328,0.03779605,0.029715315,0.053351589,0.479087085,0.028952965,0.11,0.05428681,"090516A",0,0,0,0,0,0,0,0,0,0,0,4.109,0.708335902682263
"090519A",3.44619,1.02,-0.22184875,-11.76000021,22.13069392,1.42452,1.806179974,1.46604,0.63,-5.920818754,11.8762255161,1.0404,0.0492168678765625,138.2976049392,489.767613380725,2.0292572304,3.26228609847864,2.1492732816,0.3969,35.0560947177181,0.0559162050267847,0.21145,0.24029,0.3065,0.03,0.036191207,0.2,0.144764827,"090519A",0,0,0,0,0,0,0,0,0,0,0,3.85,0.685741738602264
"090529A",4.472757799,2,-0.397940009,-12.1873998,21.77242733,0.8815438,1.837651558,2.22623,0.64,-6.167491087,20.0055623285153,4,0.15835625076292,148.53271388504,474.038591840131,0.77711947131844,3.37696324861983,4.9561000129,0.4096,38.0379463082244,0.0664439832683159,0.11547934,0.21900534,0.113675222,0.125,0.10857362,0.3,0.108573621,"090529A",0,0,0,0,0,0,0,0,0,0,0,2.625,0.559308010907013
"090530A",3.6839464,1.61,0.397940009,-11.16052195,20.90942658,0.88610581,1.681241237,2.03975,1.09,-5.958607315,13.571461078073,2.5921,0.15835625076292,124.557250196432,437.204119904411,0.785183506515756,2.82657209698929,4.1605800625,1.1881,35.5050011343715,0.323703994876218,0.089175625,0.115365029,0.038514202,0.035,0.039481317,0.17,0.052115338,"090530A",0,0,0,0,0,0,0,0,0,0,0,1.266,0.355259905527378
"090618A",3.67275453,1.42,1.589949601,-9.640164518,21.39200012,1.30942861,2.05388479,1.82831,0.8945,-3.978810701,13.4891258376355,2.0164,2.52793973372006,92.9327719341062,457.61766913408,1.71460328468653,4.21844273059334,3.3427174561,0.80013025,15.8309345943921,0.00227692361547263,0.009695255,0.014245613,0.010591616,0.002482662,0.004136138,0.08,0.008931506,"090618A",0,0,0,0,0,0,0,0,0,0,0,0.54,0.187520720836463
"090726A",3.56533160944221,2.25,-0.15490196,-10.5914459251334,22.02689264,1.26283515561348,1.773054693,2.4288,0.953317422847414,-6.065501549,12.7115894852878,5.0625,0.0239946172118416,112.178726785025,485.183999374086,1.59475263025332,3.14372294436932,5.89906944,0.908814108704435,36.7903090409214,0.00811616012140756,0.787032003881453,0.608746961750064,0.286636068520873,0.206737486990445,0.050499358,0.19,0.124084138,"090726A",1,0.891332902360553,0.5625,-0.03872549,-2.64786148128335,5.50672316,0.31570878890337,0.44326367325,0.6072,0.238329355711854,-1.51637538725,2.71,0.569373909615046
"090809A",4.56066,1.34,0.041392685,-11.8559,21.91952315,1.6367,0.73239376,1.94644,0.96,-6.468521083,20.7996196356,1.7956,0.00171335437150922,140.56236481,480.465495123386,2.67878689,0.536400619686938,3.7886286736,0.9216,41.8417650012155,0.0978170519448906,0.338,0.237865,0.319405,0.01,0.063866836,0.24,0.078962633,"090809A",0,0,0,0,0,0,0,0,0,0,0,2.737,0.572523097849638
"090812A",3.52924,1.24,0.556302501,-10.16730017,21.77771022,1.37252,1.824125834,1.88559,0.53,-5.236572006,12.4555349776,1.5376,0.309472472618855,103.373992746882,474.268662426292,1.8838111504,3.3274350582662,3.5554496481,0.2809,27.4216863740229,0.0954430381608785,0.10615,0.13258,0.08412,0.015,0.014975672,0.05,0.024127471,"090812A",0,0,0,0,0,0,0,0,0,0,0,2.452,0.538070787043172
"090927A",4.20121889,1.8,0.301029996,-11.6716204,21.01785522,1.13087741,0.342422681,2.06549,0.92,-6.698970004,17.6502401616928,3.24,0.09061905849176,136.226722761696,441.750238048881,1.27888371644831,0.117253292463228,4.2662489401,0.8464,44.8761991144918,0.0791400972158072,0.076268475,0.093241949,0.074843971,0.01,0.065144172,0.2,0.043429448,"090927A",0,0,0,0,0,0,0,0,0,0,0,1.37,0.374748346010104
"091018A",2.89655535,1.77,1.012837225,-9.627087997,21.19187281,1.18074867,0.639486489,1.98015,0.91,-5.853871964,8.39003289561362,3.1329,1.0258392443457,92.6808233019815,449.095473195217,1.39416742170677,0.408942969613547,3.9209940225,0.8281,34.2678169709052,0.0598714492362227,0.024288603,0.034497878,0.016335114,0.002061639,0.031021034,0.24,0.016865805,"091018A",0,0,0,0,0,0,0,0,0,0,0,0.971,0.294686624279443
"091020A",2.95265011,1.53,0.62324929,-9.71219827,21.70587483,1.17417264,1.590061231,2.08587,0.895,-5.431798276,8.71814267208301,2.3409,0.388439677485504,94.326795235791,471.145002135627,1.37868138852457,2.52829471832924,4.3508536569,0.801025,29.5044325111566,0.0544128110188212,0.034480687,0.045271255,0.018244861,0.002182887,0.011737689,0.07,0.031021034,"091020A",0,0,0,0,0,0,0,0,0,0,0,1.71,0.432969290874406
"091024A",3.79420173278937,1.2,0.301029996,-10.1641599753581,22.23512426,1.52125637829585,1.995196292,1.49013,0.894638177333763,-5.214670165,14.3959667891019,1.44,0.09061905849176,103.310148004672,494.40075085764,2.31422096850581,3.98080824361055,2.2204874169,0.800377468343078,27.1927849297411,0.378773543191014,0.79423341347492,0.600003972747112,0.276206069672875,0.200922151738284,0.021358745,0.08,0.065144172,"091024A",1,0.948550433197342,0.3,0.075257499,-2.54103999383952,5.558781065,0.380314094573962,0.498799073,0.3725325,0.223659544333441,-1.30366754125,1.09,0.320146286111054
"091029A",4.30368998,1.46,0.255272505,-11.34678749,21.45058625,1.12123368,1.593286067,2.11535,1.064,-5.619788758,18.5217474439524,2.1316,0.065164051808975,128.74958634322,460.127650468689,1.25716496516634,2.53856049129633,4.4747056225,1.132096,31.5820256845432,0.0535069670717355,0.02563352,0.034224003,0.026782025,0.002,0.018095603,0.27,0.024127471,"091029A",0,0,0,0,0,0,0,0,0,0,0,2.752,0.574262829707027
"091109A",3.37933883,1.31,0.113943352,-11.14630179,21.89596701,1.06152816,1.681241237,1.96352,0.89,-5.795880017,11.4199309279458,1.7161,0.0129830874649959,124.240043593757,479.433371303008,1.12684203447299,2.82657209698929,3.8554107904,0.7921,33.5922251714599,0.15117163716416,0.05941034,0.074268877,0.033719571,0.03,0.05428681,0.25,0.133629071,"091109A",0,0,0,0,0,0,0,0,0,0,0,3.076,0.610234175334389
"091127A",3.98466812,2.05,1.667452953,-9.844663963,20.87872913,1.39581701,0.84260924,1.80187,0.758,-5.045757491,15.8775800265443,4.2025,2.78039935046842,96.9174085443909,435.921330083911,1.94830512540534,0.709990331333378,3.2467354969,0.574564,25.4596686579826,0.0093822306004846,0.018562516,0.021935207,0.013587309,0.00244132,0.014476483,0.07,0.025217099,"091127A",0,0,0,0,0,0,0,0,0,0,0,0.49,0.173186268412274
"091208B",3.31388094,1.74,1.181843588,-10.18045606,21.91211094,1.1606541,1.173186268,2.03333,0.86,-5.48148606,10.9818068844953,3.0276,1.39675426649671,103.641685589591,480.140605846868,1.34711793984681,1.37636601942377,4.1344308889,0.7396,30.0466894259743,0.0844607534610546,0.036806415,0.052928177,0.030502454,0.034663611,0.026320878,0.11,0.028572005,"091208B",0,0,0,0,0,0,0,0,0,0,0,1.063,0.314499227973151
"100219A",3.57904633378434,1.34,-0.397940009,-10.8901436479531,20.53466438,1.53758127913373,1.274157849,1.58721,0.95188933509596,-6.431798276,12.8095726593751,1.7956,0.15835625076292,118.595228673053,421.672441199241,2.36415618994252,1.62347822416831,2.5192355841,0.906093306269429,41.3680290631566,0.0664080102705681,0.797165293333524,0.60450112787215,0.288778538796813,0.205133110560952,0.070426132,0.25,0.10857362,"100219A",1,0.894761583446085,0.335,-0.09948500225,-2.72253591198827,5.133666095,0.384395319783432,0.31853946225,0.3968025,0.23797233377399,-1.607949569,4.67,0.753583058892907
"100316B",3.5543767,2.23,0.113943352,-11.1481304,21.41315218,1.36246063,0.579783597,2.23535,1.08,-6.698970004,12.6335937255029,4.9729,0.0129830874649959,124.280811415404,458.523086283839,1.8562989683,0.336149019350258,4.9967896225,1.1664,44.8761991144918,0.0508837165764397,0.10431242,0.207348761,0.13322096,0.02,0.043429448,0.18,0.033407268,"100316B",0,0,0,0,0,0,0,0,0,0,0,1.18,0.338456493604605
"100316D",4.66754766224549,2.29,-1,-10.901989967454,21.60728985,1.75922124454362,2.717570654,2.49431,0.91830617143679,-6.522878745,21.7860011793333,5.2441,1,118.853385250468,466.874974661913,3.0948593872536,7.38519025948199,6.2215823761,0.843286224498895,42.5479471219728,0.204728382319217,0.800007833735108,0.64087315370868,0.296680646894324,0.198179514265322,0.115811862,0.41,0,"100316D",1,1.16688691556137,0.5725,-0.25,-2.7254974918635,5.4018224625,0.439805311135905,0.6793926635,0.6235775,0.229576542859198,-1.63071968625,0.06,0.0253058652647703
"100418A",5.54363,2.16,0,-12.48811664,22.04910001,1.81145,0.84509804,2.26662,0.84,-6.468521083,30.7318335769,4.6656,0,155.953057214245,486.162811250982,3.2813511025,0.714190697211842,5.1375662244,0.7056,41.8417650012155,0.059763875267383,0.10745,0.075475,0.16786,0.01,0.063866836,0.25,0.086858896,"100418A",0,0,0,0,0,0,0,0,0,0,0,0.6235,0.21045229296202
"100425A",3.60199415,2.42,0.146128036,-11.50168945,20.53466438,0.86819371,1.568201724,2.17077,1.46,-6.327902142,12.9743618566342,5.8564,0.0213534029052173,132.288860204241,421.672441199241,0.753760318083564,2.45925664715657,4.7122423929,2.1316,40.0423455187282,0.0442926372724909,0.070859065,0.115125536,0.055076895,0.035,0.083162773,0.32,0.062042069,"100425A",0,0,0,0,0,0,0,0,0,0,0,1.755,0.440121603187804
"100513A",3.74522911,1.62,-0.22184875,-11.57186521,22.05240534,0.96306136,1.924279286,2.25722,1.36,-5.853871964,14.0267410863914,2.6244,0.0492168678765625,133.908064438408,486.30858127966,0.92748718312505,3.70285077052867,5.0950421284,1.8496,34.2678169709052,0.0768849139302361,0.09817689,0.128616618,0.061569437,0.025,0.031021034,0.14,0.072382414,"100513A",0,0,0,0,0,0,0,0,0,0,0,4.772,0.761326322421457
"100621A",3.64164386,1.9,1.10720997,-9.804100348,22.28454803,0.94079321,1.803457116,2.3024,0.27,-4.677780705,13.2615700030757,3.61,1.2259139176674,96.1203836336537,496.601080901377,0.885091863982104,3.25245756925104,5.30104576,0.0729,21.8816323240703,0.0114965181711467,0.041282476,0.060455075,0.024177265,0.150679792,0,0.03,0.010178777,"100621A",0,0,0,0,0,0,0,0,0,0,0,0.542,0.188084373714938
"100704A",3.62503495,1.73,0.633468456,-10.35163999,21.52730245,1.01294211,2.2955671,2.11575,1.29,-5.22184875,13.1408783887215,2.9929,0.401282284747024,107.156450482567,463.424750773776,1.02605171821125,5.26962831060241,4.4763980625,1.6641,27.2677043678766,0.0511462884983093,0.04763446,0.053639373,0.01813996,0.01,0.014476483,0.06,0.020199743,"100704A",0,0,0,0,0,0,0,0,0,0,0,3.6,0.662757831681574
"100728A",4.03148606,1.18,0.707570176,-10.17587417,21.52592288,1.5588143,2.297760511,1.90402,0.96,-4.420216403,16.2528798519743,1.3924,0.500655553964671,103.548415123673,463.365355835707,2.42990202188449,5.27970336591098,3.6252921604,0.9216,19.5383130493503,0.0276692267863542,0.0760751,0.053762484,0.034265796,0.005,0,0.02,0.017031156,"100728A",0,0,0,0,0,0,0,0,0,0,0,1.567,0.409425868671443
"100814A",5.22729477,1.47,0.397940009,-11.49349497,20.89608288,1.76532941,2.241795431,1.89414,1.1425,-5.045757491,27.3246106124694,2.1609,0.15835625076292,132.100426625415,436.646279727829,3.11638792581095,5.02564675445248,3.5877663396,1.30530625,25.4596686579826,0.0235643330529017,0.04362636,0.035347138,0.084015169,0.01745135,0.009650988,0.04,0.034743559,"100814A",0,0,0,0,0,0,0,0,0,0,0,1.44,0.387389826338729
"100816A",3.97801299,0.73,1.037426498,-11.5559552,21.34783526,1.04455013,0.462397998,1.91138,1.09,-5.698970004,15.8245873486087,0.5329,1.07625373875254,133.540100584407,455.730070288099,1.09108497408302,0.213811908554408,3.6533735044,1.1881,32.4782591064918,0.0930248425840856,0.08674922,0.112014005,0.047175154,0.015,0.021714724,0.24,0.015937412,"100816A",0,0,0,0,0,0,0,0,0,0,0,0.804,0.256236533205923
"100901A",4.91124,1.52,-0.096910013,-11.34103516,21.53188109,1.50754,2.64246452,1.98285,1.075,-5.677780705,24.1202783376,2.3104,0.00939155061966017,128.619078500356,463.6219032739,2.2726768516,6.98261873945883,3.9316941225,1.155625,32.2371937340703,0.0223211438768381,0.0283,0.02425,0.036255,5e-04,0.062042069,0.21,0.10857362,"100901A",0,0,0,0,0,0,0,0,0,0,0,1.408,0.381656482585787
"100906A",3.94074768,1.78,1.004321374,-10.4698003,21.96198081,1.71220056,2.058426024,2.02817,0.87,-4.920818754,15.5294922774254,3.1684,1.00866142227325,109.61671832188,482.328601098808,2.93163075766431,4.23711769628045,4.1134735489,0.7569,24.2144572097181,0.00604043448603348,0.048743085,0.039933316,0.059340084,0,0,0.03,0.017199781,"100906A",0,0,0,0,0,0,0,0,0,0,0,1.727,0.43568513794163
"101219B",4.42003952,1.56,-0.22184875,-11.99567863,20.49692965,0.66918137,1.531478917,1.85684,0.94,-5.677780705,19.5367493583618,2.4336,0.0492168678765625,143.896305794239,420.124125077049,0.447803705955077,2.34542767321549,3.4478547856,0.8836,32.2371937340703,0.0692396240032236,0.089446275,0.166829365,0.039390628,0.105,0.082722758,0.16,0.217147241,"101219B",0,0,0,0,0,0,0,0,0,0,0,0.55,0.190331698170291
"110205A",4.09329050362447,1.8,0.556302501,-10.9334918288581,21.37042981,1.677361694159,2.409933123,1.93577,0.902067638105306,-4.769551079,16.7550271470623,3.24,0.309472472618855,119.541243571707,456.695270264137,2.81354225303195,5.80777765733253,3.7472054929,0.813726023716885,22.7486174951901,0.378773543191014,0.803969136819031,0.60692224061538,0.283808950208438,0.197746055056293,0,0.04,0.024127471,"110205A",1,1.02332262590612,0.45,0.13907562525,-2.73337295721453,5.3426074525,0.41934042353975,0.60248328075,0.4839425,0.225516909526326,-1.19238776975,2.21,0.506505032404872
"110213A",3.84089,1.83,0.204119983,-9.896196279,21.56708403,1.8412,1.681241237,1.96436,1.1905,-5.229147988,14.7524359921,3.3489,0.0416649674599203,97.9347007924934,465.139113557081,3.39001744,2.82657209698929,3.8587102096,1.41729025,27.3439886804045,0.14476482742628,0.03588,0.023515,0.02785,0.226362665,0.029443694,0.12,0.162860431,"110213A",0,0,0,0,0,0,0,0,0,0,0,1.46,0.390935107103379
"110422A",3.50066971,0.86,1.487138375,-9.681936665,22.02088312,1.42239886,1.413299764,1.89199,0.778,-4.387216143,12.2546884185115,0.7396,2.21158054639764,93.7398975850713,484.919293384701,2.0232185169293,1.99741622292246,3.5796261601,0.605284,19.2476654853998,0.00950159657676303,0.024137407,0.029472713,0.022779716,0.005,0.010592548,0.1,0.0141464,"110422A",0,0,0,0,0,0,0,0,0,0,0,1.77,0.442479769064449
"110503A",2.54166555,0.88,0.130333768,-9.08249449,21.13638759,1.14649063,1,1.90907,0.687,-5,6.4600637680568,0.7744,0.0169868910810778,82.4917061608804,446.746880354706,1.3144407646778,1,3.6445482649,0.471969,25,0.147896600362852,0.028998071,0.028887961,0.006289914,0.001,0.017371779,0.25,0.019301977,"110503A",0,0,0,0,0,0,0,0,0,0,0,1.613,0.417139409727326
"110715A",2.61109719,1.25,1.731588765,-9.075720714,22.0746007,0.95853538,1.113943352,1.85342,0.755,-4.928117993,6.8178285356259,1.5625,2.99839965107422,82.3687064785287,487.287996064441,0.918790074711744,1.240869791465,3.4351656964,0.570025,24.2863469529303,0.133629071449258,0.02377653,0.035600881,0.009554076,0.0015,0.007360923,0.12,0.008863153,"110715A",0,0,0,0,0,0,0,0,0,0,0,0.82,0.260071387985075
"110731A",5.08952072,1.15,1.041392685,-12.08512818,21.95954126,1.42351927,1.588831726,1.85145,0.39,-5.22184875,25.9032211593093,1.3225,1.08449872437151,146.05032312703,482.221452349642,2.02640711206133,2.52438625354414,3.4278671025,0.1521,27.2677043678766,0.130539784388153,0.097418495,0.090702815,0.110855301,0.13,0.007238241,0.05,0.011844395,"110731A",0,0,0,0,0,0,0,0,0,0,0,2.83,0.583198773968623
"110801A",3.81096754783741,1.84,0.041392685,-10.4235574034406,21.39050236,1.5029767819805,2.58546073,2.04784,0.923439087970032,-5.327902142,14.5234736506699,3.3856,0.00171335437150922,108.650548942821,457.553591213166,2.25893920717246,6.68460718637213,4.1936486656,0.852739749190925,28.3865412347282,0.378773543191014,0.7935323936223,0.607880535075107,0.274438147126599,0.198983630685066,0.027720924,0.1,0.078962633,"110801A",1,0.952741886959352,0.46,0.01034817125,-2.60588935086015,5.34762559,0.375744195495125,0.6463651825,0.51196,0.230859771992508,-1.3319755355,1.858,0.456062224454951
"110808A",4.50711,2.32,-0.397940009,-12.08440021,20.86562801,0.807091,1.681241237,2.33721,1.4,-6.48148606,20.3140405521,5.3824,0.15835625076292,146.032728435448,435.374432251696,0.651395882281,2.82657209698929,5.4625505841,1.96,42.0096615459743,0.204728382319217,0.0837,0.155655,0.0776,0.025,0.105283511,0.43,0.217147241,"110808A",0,0,0,0,0,0,0,0,0,0,0,1.348,0.370698092575577
"110818A",3.84627415,1.58,0.204119983,-11.28316228,22.06812647,1.37167718,2.012837225,1.95985,0.83,-5.397940009,14.7938248369582,2.4964,0.0416649674599203,127.309751036815,487.002205895915,1.88149828613275,4.0515136943457,3.8410120225,0.6889,29.1377563407629,0.0761271870594219,0.05514905,0.059648416,0.067338189,0.01,0.021714724,0.11,0.081430215,"110818A",0,0,0,0,0,0,0,0,0,0,0,3.36,0.639486489268586
"111107A",3.51715788458,1.49,0.079181246,-10.7388588060321,21.56675205,1.09102217193607,1.424881637,2.11569,0.921709326216517,-6.055517328,12.3703995850633,2.2201,0.00626966971811252,115.323088455893,465.124793986179,1.1903293796561,2.0302876794598,4.4761441761,0.849548082034506,36.6692901097083,0.0207895824764161,0.79424882159486,0.622604201138288,0.279235077553934,0.200752262521171,0.039481317,0.14,0.072382414,"111107A",1,0.879289471145,0.3725,0.0197953115,-2.68471470150803,5.3916880125,0.272755542984017,0.35622040925,0.5289225,0.230427331554129,-1.513879332,2.893,0.590284403718162
"111123A",4.42202873,1.68,-0.045757491,-11.60730305,21.35034301,1.46723371,2.462397998,2.55463,1.25,-5.13667714,19.5543380889454,2.8224,0.00209374798261508,134.729484094539,455.837146644656,2.15277475976036,6.06340390055441,6.5261344369,1.5625,26.3854520405986,0.131921983937837,0.07308827,0.070655771,0.105884147,0.005,0.017847718,0.07,0.048254942,"111123A",0,0,0,0,0,0,0,0,0,0,0,3.1516,0.618215503279417
"111209A",4.13326,1.48,-0.301029996,-9.057000407,21.14009932,2.77382,2.505149978,1.81212,0.2529,-4.443697499,17.0838382276,2.1904,0.09061905849176,82.0292563723982,446.903799259465,7.6940773924,6.2757764122734,3.2837788944,0.06395841,19.7464474626189,0.0401068361866461,0.02099,0.010455,0.04435,5e-05,0.012063736,0.03,0.086858896,"111209A",0,0,0,0,0,0,0,0,0,0,0,0.677,0.224533062606086
"111228A",4.10627835,2.27,1.093421685,-10.65757732,21.41342718,1.15297662,2.005180513,2.03824,0.99,-5.070581074,16.8615218876787,5.1529,1.19557098122824,113.583954331778,458.534863593163,1.32935508626662,4.02074888971494,4.1544222976,0.9801,25.710792428007,0.023242060897345,0.030118345,0.037264425,0.023299272,0,0.010218694,0.06,0.017511874,"111228A",0,0,0,0,0,0,0,0,0,0,0,0.714,0.234010817587179
"120118B",3.68307,2.08,0.342422681,-10.95467702,21.451745,1.0241,1.36660971,2.20884,1.01,-5.744727495,13.5650046249,4.3264,0.117253292463228,120.004948612516,460.177363545025,1.04878081,1.86762209946628,4.8789741456,1.0201,33.001893991809,0.366834332492466,0.1172,0.131765,0.077156,0.005,0.024127471,0.11,0.059221975,"120118B",0,0,0,0,0,0,0,0,0,0,0,2.943,0.595826777073223
"120119A",3.59840068107317,1.38,1.012837225,-10.5085926404812,22.02202812,1.45922327520398,2.404491618,1.61077,0.913859080283161,-4.769551079,12.9484874615479,1.9044,1.0258392443457,110.430519283576,484.969722518071,2.12933256689703,5.78157994103226,2.5945799929,0.835138418615985,22.7486174951901,0.0148761559757772,0.791376575871713,0.611894830892293,0.276122850867138,0.198266567975399,0,0.04,0.012649354,"120119A",1,0.899600170268293,0.345,0.25320930625,-2.6271481601203,5.50550703,0.364805818800995,0.6011229045,0.4026925,0.22846477007079,-1.19238776975,3.1,0.612783856719735
"120327A",3.48517215,1.52,0.591064607,-10.15181088,22.16619025,1.44859414,1.798650645,1.75797,0.63,-5.443697499,12.1464249151356,2.3104,0.349357369648064,103.059264143286,491.339990199195,2.09842498244234,3.23514414275892,3.0904585209,0.3969,29.6338424606189,0.051933835584684,0.04362492,0.051679097,0.058002882,0.02,0.012063736,0.06,0.022271512,"120327A",0,0,0,0,0,0,0,0,0,0,0,2.813,0.581266805273671
"120404A",3.79948,1.85,0.079181246,-11.02687215,21.70983536,1.90651,1.587710965,1.89579,0.69,-5.795880017,14.4360482704,3.4225,0.00626966971811252,121.591909412446,471.316951358306,3.6347803801,2.52082610838123,3.5940197241,0.4761,33.5922251714599,0.179553274179706,0.11705,0.068285,0.121385,0.005,0.027143405,0.13,0.072382414,"120404A",0,0,0,0,0,0,0,0,0,0,0,2.876,0.588383768378728
"120422A",5.23266697,1.19,-0.22184875,-12.73992861,22.0158332,0.86153199,0.728353782,2.32199,1.1,-6.638272164,27.380803618929,1.4161,0.0492168678765625,162.305780987897,484.696911490222,0.74223736979336,0.530499231753704,5.3916375601,1.21,44.0666573233372,0.181516258620399,0.11830242,0.217818621,0.214451933,0.035,0.075529475,0.24,0.144764827,"120422A",0,0,0,0,0,0,0,0,0,0,0,0.283,0.108226656374928
"120711A",3.94663870160439,1.73945067928945,0.15298088503652,-10.8969410366972,20.8890204759374,1.26811290162594,2.06069784,1.96823823014476,0.880627543419624,-5.59956740196432,15.5759570410016,3.02568866568053,0.0234031511865569,118.743323957255,436.351176444132,1.60811033127016,4.24647558778067,3.87396173060338,0.775504870229282,31.3551550891414,0.204728382319217,0.790577039716506,0.614198772477759,0.291177310735877,0.201922066223031,0.0445850499081247,0.1906576904457,0.0796645497755468,"120711A",1,0.986659675401097,0.434862669822362,0.03824522125913,-2.7242352591743,5.22225511898435,0.317028225406485,0.51517446,0.49205955753619,0.220156885854906,-1.39989185049108,1.405,0.381115080709851
"120802A",3.53838419,1.21,0.477121255,-11.17198494,22.12127744,0.54215516,1.698970004,2.03526,0.91,-5.721246399,12.520162676042,1.4641,0.227644691972775,124.813247499587,489.350915577453,0.293932217514626,2.88649907449176,4.1422832676,0.8281,32.7326603580705,0.2694762542188,0.07803221,0.220557212,0.11816229,0.055,0.068572813,0.47,0.028952965,"120802A",0,0,0,0,0,0,0,0,0,0,0,3.796,0.680879174426811
"120811C",3.15909591,1.4,0.612783857,-10.14327111,21.91722026,1.01613299,1.428134794,1.92121,0.65,-5.522878745,9.97988696857873,1.96,0.375504055399796,102.885948810961,480.364543925354,1.03252625336634,2.03956898983342,3.6910478641,0.4225,30.5021896319728,0.0598545187495629,0.05294686,0.084200302,0.03800099,0.090734018,0.043429448,0.3,0.021185097,"120811C",0,0,0,0,0,0,0,0,0,0,0,2.671,0.564784384503987
"120815A",3.53999880211616,2.29,0.342422681,-10.6400428222567,21.77242733,1.05131115947608,0.986771734,1.84293,0.905845932328608,-6.30980392,12.5315915189838,5.2441,0.117253292463228,113.210511259456,474.038591840131,1.10525515403894,0.973718455021367,3.3963909849,0.820556853116285,39.8136255088474,0.378773543191014,0.780437588948845,0.606111934840363,0.282071169071167,0.198454569473617,0.062042069,0.23,0.059221975,"120815A",1,0.88499970052904,0.5725,0.08560567025,-2.66001070556417,5.4431068325,0.26282778986902,0.2466929335,0.4607325,0.226461483082152,-1.57745098,2.36,0.526339277389844
"120907A",3.2113827,1.73,0.462397998,-10.37675071,21.0438101,1.05329104,1.227886705,1.82021,0.78,-6.173925197,10.3129788458593,2.9929,0.213811908554408,107.676955297485,442.841943524862,1.10942201494428,1.50770576031576,3.3131644441,0.6084,38.1173523381515,0.035217186540104,0.04130341,0.062296694,0.028647271,0.005,0.071302079,0.25,0.059902687,"120907A",0,0,0,0,0,0,0,0,0,0,0,0.97,0.294466226161593
"120922A",3.59799,1.58,0.301029996,-10.59516628,21.0163605,1.06622,2.238046103,2.06954,1.17,-5.207608311,12.9455320401,2.4964,0.09061905849176,112.257548500849,441.68740866596,1.1368250884,5.00885035915349,4.2829958116,1.3689,27.1191843207963,0.075913913084108,0.16365,0.133375,0.03563,0.005,0.049033248,0.36,0.043429448,"120922A",0,0,0,0,0,0,0,0,0,0,0,3.1,0.612783856719735
"121024A",4.17178823,1.41,0.113943352,-11.31158018,21.94617755,1.30353551,1.838849091,2.00683,0.87,-5.958607315,17.4038170359665,1.9881,0.0129830874649959,127.951846168569,481.634709056124,1.69920482583096,3.38136597947153,4.0273666489,0.7569,35.5050011343715,0.201804932759115,0.063305895,0.065435085,0.06666149,0,0.039481317,0.22,0.066814536,"121024A",0,0,0,0,0,0,0,0,0,0,0,2.298,0.5182506513085
"121027A",5.40919042,1.82,0.113943352,-11.92081875,22.07736427,1.50995764,1.796574333,2.37144,1.16,-5.698970004,29.2593409998198,3.3124,0.0129830874649959,142.105919670352,487.410013110273,2.27997207459437,3.22767933399439,5.6237276736,1.3456,32.4782591064918,0.03343969322178,0.041584155,0.037953731,0.058939694,0,0.021714724,0.09,0.066814536,"121027A",0,0,0,0,0,0,0,0,0,0,0,1.773,0.442949869577862
"121128A",3.23392922,1.32,1.11058971,-9.617982957,22.04029767,1.54546584,1.367355921,1.98504,0.9455,-5.161150909,10.4582981999698,1.7424,1.23340950395788,92.5055961611425,485.774721382207,2.38846466260691,1.86966221469376,3.9403838016,0.89397025,26.6374787054715,0.0303933846890459,0.028690024,0.029795568,0.032445001,0.010337721,0.025176492,0.18,0.013466496,"121128A",0,0,0,0,0,0,0,0,0,0,0,2.2,0.505149978319906
"121211A",4.20933518,2.36,0,-11.2823295,21.66138196,1.15615612,2.260071388,2.0682,0.95,-5.886056648,17.7185026575856,5.5696,0,127.29095894657,469.215468417013,1.33669697381345,5.10792267885625,4.27745124,0.9025,34.645662863465,0.0937486856135703,0.054250775,0.063247159,0.074602829,0.005,0.089197405,0.26,0.130288345,"121211A",0,0,0,0,0,0,0,0,0,0,0,1.023,0.305995882770805
"121217A",3.61592144269764,1.53,0.255272505,-10.590625359868,21.6003032,1.10756854313289,2.890979597,1.96847804960143,0.913870749264119,-5.207608311,13.0748878797606,2.3409,0.065164051808975,112.161345513079,466.57309833193,1.22670807773751,8.35776303027028,3.87490583176265,0.835159746360562,27.1191843207963,0.127565659236116,0.792124922796507,0.608741292026064,0.274784882169675,0.199465933296373,0.0302144713479088,0.08,0.0649371985063369,"121217A",1,0.90398036067441,0.3825,0.06381812625,-2.647656339967,5.4000758,0.276892135783223,0.72274489925,0.492119512400358,0.22846768731603,-1.30190207775,3.1,0.612783856719735
"130215A",4.51074372351642,1.59,0.397940009,-11.2079117325064,21.1575730258515,1.735922240661,1.81756537,1.95045663425091,0.919032714448553,-5.26760624,20.3468089392428,2.5281,0.15835625076292,125.617285403655,447.642896344239,3.01342602562151,3.30354387422324,3.80428108209339,0.844621130226676,27.7476754996869,0.378773543191014,0.814155411515258,0.631007319244516,0.387423308835225,0.197941112218197,0.040212452,0.14,0.121602455,"130215A",1,1.1276859308791,0.3975,0.09948500225,-2.8019779331266,5.28939325646288,0.43398056016525,0.4543913425,0.487614158562727,0.229758178612138,-1.31690156,0.6,0.204119982655925
"130408A",3.58393,1.28,0.69019608,-10.32975415,20.06405721,1.39277,1.447158031,2.03183,0.945,-5.638272164,12.8445542449,1.6384,0.476370628847366,106.703820799442,402.566391726153,1.9398082729,2.0942663666878,4.1283331489,0.893025,31.7901129953372,0.202660966333188,0.077,0.070305,0.0643,0.117120218,0.075529475,0.26,0.088631527,"130408A",0,0,0,0,0,0,0,0,0,0,0,3.757,0.677333151419902
"130418A",2.59006,2.07,-0.22184875,-9.247183569,21.12149747,1.28449,2.07200023240372,1.68684,0.198,-5.744727495,6.7084108036,4.2849,0.0492168678765625,85.5104039587836,446.117655375216,1.6499145601,4.29318496308107,2.8454291856,0.039204,33.001893991809,0.169579312058566,0.06047,0.06867,0.031625,0.003,0.048254942,0.17,0.144764827,"130418A",0,0,0,0,0,0,0,0,0,0,0,1.218,0.345961541813141
"130420A",3.56731,1.52,0.531478917,-10.8728952,20.79265849,0.914676,2.091666958,2.29559,1.17,-5.148741651,12.7257006361,2.3104,0.282469839215493,118.219850030183,432.334647081769,0.836632184976,4.37507066318897,5.2697334481,1.3689,26.5095405887422,0.0412728533350444,0.05505,0.08535,0.0286905,0.005,0.018350471,0.25,0.025546734,"130420A",0,0,0,0,0,0,0,0,0,0,0,1.297,0.361160995195026
"130427A",3.95927797395222,1.21,2.519827994,-10.1837581861673,20.99021494,1.34124306142539,2.211734423,1.78644,0.899798897544626,-3.508638306,15.6758820750232,1.4641,6.34953311934606,103.708930794329,440.589123227399,1.79893294982175,4.89176915788314,3.1913678736,0.809638056022524,12.3105427623305,0.0563106258915239,0.810848750296994,0.611747975781305,0.27284143817503,0.199820981022009,0.00420285,0.02,0.006035512,"130427A",1,0.989819493488055,0.3025,0.6299569985,-2.54593954654182,5.247553735,0.335310765356348,0.55293360575,0.44661,0.224949724386157,-0.8771595765,0.34,0.127104798364808
"130511A",2.65954,1.35,0.113943352,-10.51570016,21.01365445,1.16497,0.73479983,2.06879,0.65,-6.657577319,7.0731530116,1.8225,0.0129830874649959,110.579949855024,441.573673344005,1.3571551009,0.539930790168029,4.2798920641,0.4225,44.3233357584632,0.176931769551824,0.0838,0.089385,0.04916,0.01,0.078962633,0.31,0.066814536,"130511A",0,0,0,0,0,0,0,0,0,0,0,1.3033,0.362350507594848
"130514A",3.68772,1.8,0.447158031,-10.7212464,21.19799139,1.17745,2.309630167,2.0604,0.65,-5.040958608,13.5992787984,3.24,0.199950304687797,114.945124369513,449.354838970514,1.3863885025,5.33439150831645,4.24524816,0.4225,25.4112636875693,0.0272768817014167,0.078,0.078365,0.04188,0.08,0.009544934,0.05,0.046531552,"130514A",0,0,0,0,0,0,0,0,0,0,0,3.6,0.662757831681574
"130604A",2.071571247,1.51,-0.096910013,-8.316052869,21.35024026,1.742079764,1.57634135,2.08823,0.98,-5.853871964,4.29140743139714,2.2801,0.00939155061966017,69.1567353200031,455.832759159725,3.0348419041383,2.48485205171982,4.3607045329,0.9604,34.2678169709052,0.0525216608675702,0.166441725,0.100184013,0.041653571,0.015,0.031021034,0.12,0.10857362,"130604A",0,0,0,0,0,0,0,0,0,0,0,1.06,0.313867220369153
"130606A",3.30222,1.52,0.414973348,-10.18045606,20.24962877,1.37571,2.441820772,1.86465,0.44,-5.537602002,10.9046569284,2.3104,0.172202879550329,103.641685589591,410.047465322812,1.8925780041,5.96248868257068,3.4769196225,0.1936,30.6650359325544,0.0303226795160044,0.06815,0.07782,0.05186,0.045,0.029951344,0.12,0.033407268,"130606A",0,0,0,0,0,0,0,0,0,0,0,5.913,0.839666556882433
"130702A",4.18662686117008,1.7069931932884,0.697313985603386,-10.5611189764663,21.1002489320261,1.37417766457743,1.770852012,1.95922507826468,0.874726114926412,-5.28621275756824,17.5278444746708,2.91382576193293,0.486246794518079,111.537234035077,445.220504993469,1.88836425382348,3.13591684840445,3.83856290730124,0.765145776134254,27.9440453182772,0.378773543191014,0.789723136746814,0.619739978945659,0.273906056156006,0.20274358986946,0.0328032555071814,0.171786515728631,0.043879736569635,"130702A",1,1.04665671529252,0.4267482983221,0.174328496400846,-2.64027974411658,5.27506223300653,0.343544416144357,0.442713003,0.48980626956617,0.218681528731603,-1.32155318939206,0.15,0.0606978403536116
"130831A",3.31959,1.93,1.133538908,-9.89279003,21.1181965423643,1.28481,1.511883361,1.79449,1.01,-5.187086643,11.0196777681,3.7249,1.28491045594983,97.8672945776674,445.978225201927,1.6507367361,2.28579129726866,3.2201943601,1.0201,26.905867841989,0.0249128885159663,0.054815,0.089045,0.06727,0.009011148,0.001336291,0.05,0.019160051,"130831A",0,0,0,0,0,0,0,0,0,0,0,0.4791,0.16999753706657
"131030A",2.84594,1.3,1.44870632,-9.294136288,20.84178667,1.11188,1.613841822,2.09466,0.693,-4.537602002,8.0993744836,1.69,2.09875000160794,86.3809693399184,434.38007159779,1.2362771344,2.60448542643628,4.3876005156,0.480249,20.5898319285544,0.0427179076225292,0.025175,0.027575,0.00815,0.0075,0,0.03,0.010818724,"131030A",0,0,0,0,0,0,0,0,0,0,0,1.295,0.36078268987328
"131105A",3.9488,1.45,0.544068044,-10.91009489,21.32749584,1.19347,2.050379756,2.24976,0.94,-5.148741651,15.59302144,2.1025,0.296010036501986,119.030170508804,454.862078805217,1.4243706409,4.20405714381462,5.0614200576,0.8836,26.5095405887422,0.0158047698317659,0.03335,0.047885,0.04544,0.005,0.030584118,0.11,0.074450483,"131105A",0,0,0,0,0,0,0,0,0,0,0,1.686,0.429106008332697
"140206A",3.59073,1.04,1.28780173,-9.730487056,22.00531353,1.22509,1.971275849,1.88134,0.672,-4.795880017,12.8933419329,1.0816,1.65843329579099,94.6823783469835,484.233823553601,1.5008455081,3.88592847285067,3.5394401956,0.451584,23.0004651374599,0.063811704252879,0.012995,0.021325,0.015545,0.021902336,0.008143022,0.15,0.011193157,"140206A",0,0,0,0,0,0,0,0,0,0,0,2.73,0.571708831808688
"140213A",3.829176603,1.8,1.371067862,-10.12551818,20.99187128,1.108879519,1.77815125,1.96657,0.83,-4.920818754,14.6625934569626,3.24,1.87982708220925,102.526118413511,440.658659836089,1.22961378765767,3.16182186787656,3.8673975649,0.6889,24.2144572097181,0.0189868108841264,0.06303582,0.068643889,0.021746292,0.005,0,0.04,0.014784493,"140213A",0,0,0,0,0,0,0,0,0,0,0,1.2076,0.343920385393226
"140419A",3.68383,1.21,0.69019608,-10.00568285,22.04094236,1.36898,1.976349979,1.87322,0.678,-4.795880017,13.5706034689,1.4641,0.476370628847366,100.113689294784,485.803140116842,1.8741062404,3.9059592394933,3.5089531684,0.459684,23.0004651374599,0.0175057628798656,0.023985,0.02442,0.017885,0.001,0,0.04,0.017726305,"140419A",0,0,0,0,0,0,0,0,0,0,0,3.956,0.695131297704026
"140423A",3.90552,1.33,0.322219295,-10.85078089,21.81946365,1.18974,2.127104798,2.06486,0.77,-5.026872146,15.2530864704,1.7689,0.103825274070297,117.739445922789,476.088993973671,1.4154812676,4.52457482167462,4.2636468196,0.5929,25.2694435722306,0.0745819195938403,0.05035,0.05495,0.045115,0.149849463,0.013860462,0.06,0.041361379,"140423A",0,0,0,0,0,0,0,0,0,0,0,3.26,0.629409599102719
"140430A",4.14388,2,0.397940009,-11.36251027,21.67796993,0.875171,2.239549721,2.15785,1.03,-5.958607315,17.1717414544,4,0.15835625076292,129.106639635855,469.934380285984,0.765924279241,5.01558295283118,4.6563166225,1.0609,35.5050011343715,0.00923562857095551,0.0861,0.13071,0.0833725,0.035,0.078962633,0.22,0.034743559,"140430A",0,0,0,0,0,0,0,0,0,0,0,1.6,0.414973347970818
"140506A",3.30686,1.68,1.037426498,-9.903089987,21.81764402,0.948932,2.045714059,1.74751,0.9,-5.552841969,10.9353230596,2.8224,1.07625373875254,98.0711912906197,476.009590583442,0.900471940624,4.18494601119025,3.0537912001,0.81,30.8340539326878,0.0373575732732516,0.05516,0.06882,0.01557,0.047966029,0.046531552,0.16,0.035859177,"140506A",0,0,0,0,0,0,0,0,0,0,0,0.889,0.276231957921834
"140509A",3.58709,1.59,0.204119983,-11.09770006,20.90144742,1.40649,1.17092730333444,1.93407,0.86,-5.920818754,12.8672146681,2.5281,0.0416649674599203,123.158946621724,436.870504251025,1.9782141201,1.37107074969406,3.7406267649,0.7396,35.0560947177181,0.151511196244019,0.08395,0.088715,0.10418,0.22,0.04379136,0.121212121,0.117055576617339,"140509A",0,0,0,0,0,0,0,0,0,0,0,2.4,0.531478917042255
"140512A",3.53686,1.45,0.832508913,-9.504455662,21.32824297,1.25134,2.189770956,1.84304,0.871,-4.853871964,12.5093786596,2.1025,0.693071090224441,90.3346774309239,454.893948187355,1.5658517956,4.79509683974115,3.3967964416,0.758641,23.5600730429052,0.0134302087658966,0.01504,0.022285,0.02006,0.002482817,0.00930631,0.04,0.019160051,"140512A",0,0,0,0,0,0,0,0,0,0,0,0.725,0.236789099409293
"140518A",3.77824,0.92,0,-11.31158018,22.46148952,1.64981,1.781755375,1.93772,0.94,-6,14.2750974976,0.8464,0,127.951846168569,504.51851145707,2.7218730361,3.17465221634139,3.7547587984,0.8836,36,0.0174377429302028,0.09045,0.070125,0.18819,0,0.043429448,0.61,0.043429448,"140518A",0,0,0,0,0,0,0,0,0,0,0,4.707,0.756407872548958
"140614A",3.70006,1.5,-1.4317581319867,-10.9589,20.95374423,1.35595,2.857332496,1.77015,0.83,-5.886056648,13.6904440036,2.25,2.04993134851004,120.09748921,439.059397256258,1.8386004025,8.16434899269759,3.1334310225,0.6889,34.645662863465,0.0965452754396361,0.1129,0.098945,0.093145,0.05,0.133629071,0.46,0.163321606984505,"140614A",0,0,0,0,0,0,0,0,0,0,0,4.233,0.718750734739665
"140629A",2.85608,1.86,0.62324929,-9.847711656,21.74269921,1.16056,1.62324929,1.95996,0.815,-5.619788758,8.1571929664,3.4596,0.388439677485504,96.9774248597183,472.744968936535,1.3468995136,2.6349382574855,3.8414432016,0.664225,31.5820256845432,0.119342969960682,0.042785,0.06161,0.03501,0.001678552,0.036191207,0.11,0.041361379,"140629A",0,0,0,0,0,0,0,0,0,0,0,2.275,0.515211304327802
"140801A",3.87718445366434,1.83370502309806,0.574153872694756,-10.8435364146468,20.8744034307407,1.14844235741706,0.84509804,2.01128440967262,0.895029637024638,-6.05905855564194,15.0325592877364,3.36247411173506,0.329652669530386,117.582281975771,435.740718589319,1.31891984830965,0.714190697211842,4.04526497659214,0.801078051152455,36.7121905806978,0.378773543191014,0.788791067073044,0.602014434246052,0.276976720525835,0.201035203648677,0.0466131295127891,0.249571169609986,0.0548014009952138,"140801A",1,0.969296113416085,0.458426255774515,0.143538468173689,-2.7108841036617,5.21860085768517,0.287110589354265,0.21127451,0.502821102418155,0.22375740925616,-1.51476463891048,1.32,0.3654879848909
"140907A",3.87721028456465,1.72,0.397940009,-10.6857139523263,21.4811071,1.21393049427921,1.898725182,2.00735,0.92398213102974,-5.366531544,15.0327595907339,2.9584,0.15835625076292,114.184482670941,461.43796224167,1.47362724494097,3.60515731676093,4.0294540225,0.85374297846226,28.799660812747,0.378773543191014,0.7964958884762,0.603107305107888,0.272323313841089,0.199988768491422,0.020199743,0.07,0.034743559,"140907A",1,0.969302571141162,0.43,0.09948500225,-2.67142848808157,5.370276775,0.303482623569802,0.4746812955,0.5018375,0.230995532757435,-1.341632886,1.21,0.344392273685111
"141004A",3.30337,1.86,0.785329835,-10.61083392,21.49730845,1.54959,0.593286067,1.79496,1.08,-6.173925197,10.9122533569,3.4596,0.616742949741127,112.589796477823,462.134270594441,2.4012291681,0.351988357296328,3.2218814016,1.1664,38.1173523381515,0.118918281385487,0.0853,0.081935,0.09774,0.005,0.019446022,0.08,0.021358745,"141004A",0,0,0,0,0,0,0,0,0,0,0,0.573,0.196728722623287
"141121A",5.76634,1.73,-0.045757491,-12.65757732,21.59590717,2.33322,2.74028372,1.93447,0.82,-5.27572413,33.2506769956,2.9929,0.00209374798261508,160.214263611778,466.383206495257,5.4439155684,7.50915486609704,3.7421741809,0.6724,27.8332650958643,0.0298708467389642,0.1675,0.090095,0.2969,0.01,0.032776942,0.13,0.144764827,"141121A",0,0,0,0,0,0,0,0,0,0,0,1.47,0.392696953259666
"141220A",2.77561,0.62,0.949390007,-9.872830386,21.48574413,1.42066,0.857935265,1.80565,1.1,-5.585026652,7.7040108721,0.3844,0.90134138539146,97.4727798307249,461.63720081983,2.0182748356,0.73605291893062,3.2603719225,1.21,31.1925227035503,0.0285379269708387,0.042455,0.057375,0.050735,0.07,0.016703634,0.38,0.034157993,"141220A",0,0,0,0,0,0,0,0,0,0,0,1.3195,0.365394376854778
"141221A",3.37874017482047,1.74,0.491361694,-10.230793986168,21.46788768,1.33522003210347,1.567026366,2.22288,0.855852532088245,-5.677780705,11.4158851689459,3.0276,0.24143631433055,104.669145587411,460.870201441096,1.78281253413039,2.45557163173917,4.9411954944,0.73248355668186,32.2371937340703,0.378773543191014,0.798027630337047,0.615670884259651,0.271787395803345,0.2068170239764,0.02068069,0.08,0.028018999,"141221A",1,0.844685043705118,0.435,0.1228404235,-2.557698496542,5.36697192,0.333805008025867,0.3917565915,0.55572,0.213963133022061,-1.41944517625,1.45,0.389166084364532
"150120B",3.39431,2.2,0.079181246,-10.79048499,21.52664292,1.17705,2.01762288488796,2.01678,0.92,-6.26760624,11.5213403761,4.84,0.00626966971811252,116.434566319415,463.396355405186,1.3854467025,4.07080210562361,4.0674015684,0.8464,39.2828879796869,0.0141299769251024,0.0711,0.090535,0.057705,0.005,0.039006078,0.151515152,0.0542106768002651,"150120B",0,0,0,0,0,0,0,0,0,0,0,3.5,0.653212513775344
"150314A",2.49217,1.08,1.58546073,-8.609064893,22.01715025,1.19079,1.169968174,1.84772,0.73,-4.657577319,6.2109113089,1.1664,2.51368572637213,74.1159983318851,484.754905131075,1.4179808241,1.36882552817289,3.4140691984,0.5329,21.6930264824632,0.07726686575266,0.015025,0.015855,0.009925,0,0.005922197,0.03,0.010152339,"150314A",0,0,0,0,0,0,0,0,0,0,0,1.758,0.440594261839831
"150323A",3.69305897585595,1.85,0.73239376,-10.9625877671292,21.69269626,1.00734282435901,2.174931594,2.0639,0.935662491321187,-5.214670165,13.6386845991502,3.4225,0.536400619686938,120.178330552011,470.573071028618,1.01473956578759,4.73032743857938,4.25968321,0.87546429766537,27.1927849297411,0.204728382319217,0.784902131855893,0.612173863813585,0.280097936457785,0.204555994876509,0.014239163,0.07,0.024127471,"150323A",1,0.923264743963987,0.4625,0.18309844,-2.7406469417823,5.423174065,0.251835706089752,0.5437328985,0.515975,0.233915622830297,-1.30366754125,0.593,0.202215775801131
"150403A",3.19694,1.23,1.245512668,-8.821023053,21.79039707,1.24471,1.611723308,1.70996,0.679,-4.769551079,10.2204253636,1.5129,1.55130180614848,77.8104477015574,474.821404468265,1.5493029841,2.59765202155046,2.9239632016,0.461041,22.7486174951901,0.127565659236116,0.005105,0.006975,0.00458,0,0.00766402,0.04,0.014805494,"150403A",0,0,0,0,0,0,0,0,0,0,0,2.06,0.48572142648158
"150821A",2.95174,2.1,-1.49776679460977,-8.853871964,22.340573,1.82628,2.23578087,2.21622,0.848,-6.102372909,8.7127690276,4.41,2.24330537103562,78.3910487549052,499.101201968329,3.3352986384,4.99871609865796,4.9116310884,0.719104,37.2389551204971,0.249936990327389,0.021105,0.015485,0.027365,5e-04,0.104450572,0.37,0.188398851647283,"150821A",0,0,0,0,0,0,0,0,0,0,0,0.755,0.244277120801843
"150910A",3.42960924575521,1.42,0.041392685,-10.0234595108317,20.842422,1.33606210314541,2.049992857,1.78547,0.882754954271035,-5.318758763,11.7622195785696,2.0164,0.00171335437150922,100.469740565282,434.406554826084,1.78506194346134,4.20247071375102,3.1879031209,0.779256309290057,28.2891947789893,0.0207895824764161,0.79706514260548,0.610040107232412,0.273494447595604,0.202174994510635,0.036191207,0.12,0.157925266,"150910A",1,0.857402311438803,0.355,0.01034817125,-2.50586487770792,5.2106055,0.334015525786353,0.51249821425,0.4463675,0.220688738567759,-1.32968969075,1.3585,0.372635880581721
"151021A",3.15765,1.57,0.986771734,-9.642065153,22.33647975,1.33346,2.042181595,1.96079,1.27,-4.552841969,9.9707535225,2.4649,0.973718455021367,92.9694204146969,498.91832762216,1.7781155716,4.17050566695674,3.8446974241,1.6129,20.7283699946878,0.0143797213110485,0.06282,0.05208,0.02141,0.04,0.015510517,0.04,0.035818102,"151021A",0,0,0,0,0,0,0,0,0,0,0,2.33,0.52244423350632
"151027A",3.99907,1.72,0.832508913,-9.935542011,21.65076489,1.74508,2.11290649,2.00612,0.9235,-5.107905397,15.9925608649,2.9584,0.693071090224441,98.7149950523459,468.755620322057,3.0453042064,4.46437383548412,4.0245174544,0.85285225,26.0906975447017,0.0183350782696789,0.02221,0.01731,0.02499,0.002440971,0.011135756,0.05,0.038320101,"151027A",0,0,0,0,0,0,0,0,0,0,0,0.81,0.257678574869184
"151215A",3.06337,1.99,0.204119983,-10.72815839,21.61973178,1.07478,1.250420002,2.20942,1.015,-6.508638306,9.3842357569,3.9601,0.0416649674599203,115.093382440927,467.412802239142,1.1551520484,1.56355018140168,4.8815367364,1.030225,42.3623725983306,0.0244827442519859,0.093,0.11588,0.071395,0.35435971,0.098066496,0.33,0.05428681,"151215A",0,0,0,0,0,0,0,0,0,0,0,2.59,0.555094448578319
"160117B",4.10299,1.73,-0.705929807788426,-11.74958,20.95374423,0.973333,0.697062187810827,1.83834,0.64,-6.4710833,16.8345269401,2.9929,0.498336893524204,138.0526301764,439.059397256258,0.947377128889,0.485895693675617,3.3794939556,0.4096,41.8749190755389,0.214744065864423,0.12265,0.162075,0.093958,0.015,0.005627928835757,0.0041822719666068,0.122191721784807,"160117B",0,0,0,0,0,0,0,0,0,0,0,0.87,0.271841606536499
"160121A",3.8244,1.77,0.079181246,-11.17263073,21.49730845,0.798663,1.079181246,2.2054,1.02,-6.214670165,14.62603536,3.1329,0.00626966971811252,124.82767742894,462.134270594441,0.637862587569,1.16463216171811,4.86378916,1.0404,38.6221252597411,0.0862757376305275,0.0694,0.120385,0.106048,0.03,0.035597908,0.13,0.072382414,"160121A",0,0,0,0,0,0,0,0,0,0,0,1.96,0.471291711058939
"160131A",3.80818114790885,1.24,0.806179974,-10.1336129011474,21.680967,1.35745636156938,2.511883361,2.02332,0.925084937806149,-4.690369833,14.5022436552884,1.5376,0.649926150478641,102.690110430301,470.064330055089,1.84268777356518,6.30955801926866,4.0938238224,0.855782142155807,21.9995691703164,0.378773543191014,0.795726721769135,0.609756681412734,0.276993760713762,0.197364230899058,0.010644473,0.05,0.020357554,"160131A",1,0.952045286977212,0.31,0.2015449935,-2.53340322528685,5.42024175,0.339364090392345,0.62797084025,0.50583,0.231271234451537,-1.17259245825,0.972,0.294906910605192
"160203A",3.66139836,1.93,0.113943352,-11.36754271,22.0158332,1.146279559,1.305351369,1.75592,0.61,-5.920818754,13.4058379506107,3.7249,0.0129830874649959,129.221027263674,484.696911490222,1.31395682738123,1.70394219655017,3.0832550464,0.3721,35.0560947177181,0.0695758261024457,0.08458679,0.087010427,0.0601909,0.25,0.036191207,0.2,0.133629071,"160203A",0,0,0,0,0,0,0,0,0,0,0,3.52,0.655138434811382
"160227A",4.47751,0.75,-0.22184875,-10.99567863,21.4198963,1.10229,2.500373714,1.72551,0.679,-5.508638306,20.0480958001,0.5625,0.0492168678765625,120.904948534239,458.811957502754,1.2150432441,6.25186870966215,2.9773847601,0.461041,30.3450959863305,0.103418641469029,0.03055,0.03885,0.03434,0.001,0.028018999,0.51,0.072382414,"160227A",0,0,0,0,0,0,0,0,0,0,0,2.38,0.528916700277655
"160327A",3.76407,1.84,0.255272505,-11.22402567,20.72655851,1.49693,1.447158031,1.93554,0.78,-5.853871964,14.1682229649,3.3856,0.065164051808975,125.978752240819,429.590227668453,2.2407994249,2.0942663666878,3.7463150916,0.6084,34.2678169709052,0.143091047665439,0.0673,0.06033,0.1004,0.02,0.031021034,0.11,0.048254942,"160327A",0,0,0,0,0,0,0,0,0,0,0,4.99,0.777426822389311
"160425A",3.66655177582327,2.2,0.447158031,-10.7114056395816,22.05510681,1.14623922063848,2.483701382,2.51113,0.971073722479406,-5.677780705,13.4436019247928,4.84,0.199950304687797,114.73421077566,486.427736400508,1.31386435092991,6.16877255494871,6.3057738769,0.94298417449001,32.2371937340703,0.204728382319217,0.799582935371628,0.623329394797868,0.293947644726894,0.213632027480805,0.041361379,0.18,0.031021034,"160425A",1,0.916637943955818,0.55,0.11178950775,-2.6778514098954,5.5137767025,0.28655980515962,0.6209253455,0.6277825,0.242768430619852,-1.41944517625,0.555,0.191730393362856
"160804A",4.38419,1.4,0.462397998,-11.5214335,21.30214687,0.948229,2.15896526,1.87827,0.92,-4.943095149,19.2211219561,1.96,0.213811908554408,132.743429894922,453.781461271051,0.899138236441,4.66113099388687,3.5278981929,0.8464,24.4341896520673,0.057915224642575,0.05875,0.095375,0.070062,0.005,0.011428802,0.23,0.044927015,"160804A",0,0,0,0,0,0,0,0,0,0,0,0.736,0.239549720840473
"161014A",3.80361132471834,1.47,0.462397998,-10.798391370304,22.18657496,1.39025459932307,1.26245109,1.83236,0.908995250505066,-5.721246399,14.4674591095256,2.1609,0.213811908554408,116.605256186256,492.244108455699,1.93280785093895,1.59378275464219,3.3575431696,0.826272365440768,32.7326603580705,0.0563106258915239,0.792912868776761,0.609900341350264,0.283989266004151,0.19888078995799,0.045715209,0.15,0.089854031,"161014A",1,0.950902831179585,0.3675,0.1155994995,-2.699597842576,5.54664374,0.347563649830767,0.3156127725,0.45809,0.227248812626267,-1.43031159975,2.823,0.582404298019028
"161023A",3.99924014524184,1.48429488273099,0.588209791507229,-10.4538890190766,21.1872488303853,1.39084738326033,1.643452676,1.95429741445854,0.89411151273787,-5.42056598348586,15.993921739314,2.2031312989014,0.345990758824978,109.28379562317,448.899513000663,1.93445644352211,2.70093669825156,3.81927838415933,0.799435397210402,29.382535581324,0.378773543191014,0.784881242530846,0.602610452720521,0.274782552697361,0.200915613526128,0.0255406174190192,0.159030747217934,0.0451456901736497,"161023A",1,0.99981003631046,0.371073720682748,0.147052447876807,-2.61347225476915,5.29681220759633,0.347711845815083,0.410863169,0.488574353614635,0.223527878184468,-1.35514149587146,2.71,0.569373909615046
"161108A",4.69106,1.85,-0.22184875,-11.81247928,21.16074757,0.883711,2.021602716,2.00325,0.84,-5.958607315,22.0060439236,3.4225,0.0492168678765625,139.534666740429,447.777237721261,0.780945131521,4.08687754133858,4.0130105625,0.7056,35.5050011343715,0.0491496346156657,0.13355,0.18179,0.0812555,0.005,0.039481317,0.17,0.072382414,"161108A",0,0,0,0,0,0,0,0,0,0,0,1.159,0.334252642334231
"161117A",4.08464,1.19,0.832508913,-10.74958,21.87736847,1.141,2.099335278,1.92624,1.375,-4.698970004,16.6842839296,1.4161,0.693071090224441,115.5534701764,478.61925117215,1.301881,4.40720860945534,3.7104005376,1.890625,22.0803190984918,0.00378540226960351,0.03835,0.04019,0.02365,0.674290141,0,0.12,0.019160051,"161117A",0,0,0,0,0,0,0,0,0,0,0,1.549,0.406369835469268
"161219B",4.0135,1.29,0.72427587,-10.13667714,21.16590877,0.871656,0.84135947,1.86204,0.73,-5.823908741,16.10818225,1.6641,0.524575535864257,102.752223440599,447.995694059963,0.759784182336,0.707885757758681,3.4671929616,0.5329,33.9179130234962,0.0495608716177928,0.0277,0.03841,0.008668,0,0.028952965,0.35,0.032776942,"161219B",0,0,0,0,0,0,0,0,0,0,0,0.1475,0.0597526942092988
"170113A",3.75824691304816,0.75,0.041392685,-10.7194181288619,21.4429483,1.26257989769983,1.315130317,1.81917,0.910178404460602,-6.173925197,14.124419859436,0.5625,0.00171335437150922,114.905925021373,459.800031796473,1.59410799807571,1.72956775069252,3.3093794889,0.828424727946447,38.1173523381515,0.0442926372724909,0.799805682921684,0.610427800841427,0.281259510697309,0.199228445128044,0.04537405,0.59,0.039481317,"170113A",1,0.93956172826204,0.1875,0.01034817125,-2.67985453221547,5.360737075,0.315644974424957,0.32878257925,0.4547925,0.22754460111515,-1.54348129925,1.968,0.472463896606989
"170202A",3.77629,1.68,0.672097858,-10.65364703,21.7153121,1.1958,1.664641976,1.99768,1.04,-5.48148606,14.2603661641,2.8224,0.451715530728188,113.500195039828,471.554779600406,1.42993764,2.77103290826118,3.9907253824,1.0816,30.0466894259743,0.10761765896651,0.04485,0.068655,0.059155,0,0.013160439,0.07,0.027720924,"170202A",0,0,0,0,0,0,0,0,0,0,0,3.645,0.666985718329661
"170405A",3.6300738,1.59,-0.0335186812736592,-10.31069114,21.19589965,1.81152426,2.216693599,1.8473,0.612,-5.431798276,13.1774357934464,2.5281,0.00112350199432515,106.310351784474,449.26616197287,3.28162014456855,4.91373051184757,3.41251729,0.374544,29.5044325111566,0.0933217274509788,0.048255345,0.035670699,0.072401387,0.0475,0.035213066,0.12,0.153952769308304,"170405A",0,0,0,0,0,0,0,0,0,0,0,3.51,0.65417654187796
"170519A",4.1513,1.94,-0.15490196,-11.06348626,21.33992622,1.37345,2.335257256,1.97351,0.975,-5.958607315,17.23329169,3.7636,0.0239946172118416,122.400728225209,455.392451075043,1.8863649025,5.45342645170065,3.8947417201,0.950625,35.5050011343715,0.0991498519285518,0.053,0.052235,0.066745,0.224423613,0.078962633,0.26,0.062042069,"170519A",0,0,0,0,0,0,0,0,0,0,0,0.818,0.259593878885949
"170531B",3.80257,1.95,-0.096910013,-11.39577395,20.53466438,1.02082,2.215187969,2.06685,0.99,-5.698970004,14.4595386049,3.8025,0.00939155061966017,129.863663919499,421.672441199241,1.0420734724,4.90705773800235,4.2718689225,0.9801,32.4782591064918,0.0233394026693868,0.08415,0.11435,0.107427,0.035,0.043429448,0.14,0.10857362,"170531B",0,0,0,0,0,0,0,0,0,0,0,2.366,0.527114111639805
"170607A",3.87125531242437,1.61,1.08334542328181,-10.4649372725555,20.90203663,1.20941072318456,1.361727836,1.94001,0.914493981331987,-5.124938737,14.9866176939739,2.5921,1.17363730614564,109.514912118521,436.895135281862,1.4626742973538,1.85430269933724,3.7636388001,0.836299241892429,26.2649970580032,0.378773543191014,0.788999066137072,0.606844839487258,0.273975534925167,0.198736034244263,0.017371779,0.07,0.0231184496675564,"170607A",1,0.967813828106093,0.4025,0.270836355820453,-2.61623431813888,5.2255091575,0.30235268079614,0.340431959,0.4850025,0.228623495332997,-1.28123468425,0.557,0.19228861256812
"170705A",3.63746,1.65,1.1430148,-10.18641901,21.08891889,0.774169,2.337059726,1.89159,0.66,-5.022276395,13.2311152516,2.7225,1.30648283301904,103.763132247289,444.742499948999,0.599337640561,5.4618481628912,3.5781127281,0.4356,25.2232601877742,0.0361306862803674,0.04055,0.06603,0.027333,0.005,0.013714563,0.05,0.012497683,"170705A",0,0,0,0,0,0,0,0,0,0,0,2.01,0.478566495593843
"170714A",3.98238008442486,1.76,-0.397940009,-11.0106671321035,21.06857952,1.62128934672661,3,1.84715,0.91685704098147,-5.552841969,15.8593511368238,3.0976,0.15835625076292,121.234790693984,443.885042990563,2.6285791458092,9,3.4119631225,0.840626833597297,30.8340539326878,0.0563106258915239,0.807372252408941,0.607769605142228,0.382447859392103,0.198661258061709,0.046531552,0.17,0.217147241,"170714A",1,0.995595021106215,0.44,-0.09948500225,-2.75266678302587,5.26714488,0.405322336681653,0.75,0.4617875,0.229214260245368,-1.38821049225,0.793,0.253580289562183
"170903A",4.41384,1.94,0.591064607,-11.26042766,21.73970839,0.971187,1.465382851,2.20256,1.14,-5.619788758,19.4819835456,3.7636,0.349357369648064,126.797231086093,472.614920882236,0.943204188969,2.14734690000489,4.8512705536,1.2996,31.5820256845432,0.0534696645518069,0.04095,0.065935,0.051271,0.005,0.036191207,0.12,0.05567878,"170903A",0,0,0,0,0,0,0,0,0,0,0,0.886,0.27554168840131
"171205A",5.48376,1.41,0,-12.42945706,20.9708274,1.13263,2.277379975,1.66173,0.67,-5.443697499,30.0716237376,1.9881,0,154.491402806384,439.775601840591,1.2828507169,5.186459550531,2.7613465929,0.4489,29.6338424606189,0.0806407286915141,0.0719,0.109545,0.115455,0.01,0.036191207,0.14,0.130288345,"171205A",0,0,0,0,0,0,0,0,0,0,0,0.0368,0.0156949885265181
"171222A",4.78231,2.07,-0.15490196,-12.10957898,20.02880298,0.718496,2.242541428,1.99001,1.34,-5.721246399,22.8704889361,4.2849,0.0239946172118416,146.641903072858,401.152948811657,0.516236502016,5.02899205629628,3.9601398001,1.7956,32.7326603580705,0.0563106258915239,0.20975,0.378455,0.126956,0.015,0.045715209,0.17,0.124084138,"171222A",0,0,0,0,0,0,0,0,0,0,0,2.409,0.532627001228891
"180115A",3.45633312540449,1.66,-0.22184875,-10.3292999731442,20.61397389,1.20729612254633,1.611723308,1.9512,0.914095982127113,-6.119186408,11.9462386737684,2.7556,0.0492168678765625,106.694437935197,424.935919537602,1.4575639275154,2.59765202155046,3.80718144,0.835571464540931,37.4444422958519,0.0563106258915239,0.785932329480358,0.611863263096021,0.276009752297068,0.200189162073618,0.062858412,0.22,0.144764827,"180115A",1,0.864083281351122,0.415,-0.0554621875,-2.58232499328605,5.1534934725,0.301824030636582,0.402930827,0.4878,0.228523995531778,-1.529796602,2.487,0.542451947375977
"180205A",3.21372,2.04,0.531478917,-10.30627305,21.4933967,1.09633,1.190331698,1.88733,1.03,-6,10.3279962384,4.1616,0.282469839215493,106.219264181156,461.966101703571,1.2019394689,1.41688955126356,3.5620145289,1.0609,36,0.0875106835560367,0.06455,0.088815,0.042095,0.005,0.043429448,0.13,0.038320101,"180205A",0,0,0,0,0,0,0,0,0,0,0,1.409,0.381836799998343
"180325A",3.77295699565679,1.18,0.973127854,-10.7994344514488,22.14319598,1.42099335773479,1.973589623,1.85846,0.937762387259893,-5.187086643,14.2352044910755,1.3924,0.946977820230645,116.627784471139,490.321128208688,2.01922212272639,3.89505600001328,3.4538735716,0.879398294959374,26.905867841989,0.378773543191014,0.798237042055253,0.6073444353625,0.274635249751814,0.204460340585568,0.013362907,0.05,0.013860462,"180325A",1,0.943239248914198,0.295,0.2432819635,-2.6998586128622,5.535798995,0.355248339433697,0.49339740575,0.464615,0.234440596814973,-1.29677166075,2.248,0.511616020569138
"180329B",4.02296,0.97,0.146128036,-11.14935376,21.41988474,1.50063,2.322219295,1.86768,0.77,-5.48148606,16.1842071616,0.9409,0.0213534029052173,124.308089265626,458.811462274885,2.2518903969,5.3927024540703,3.4882285824,0.5929,30.0466894259743,0.091090048181127,0.04825,0.04314,0.069665,0,0.039481317,0.56,0.124084138,"180329B",0,0,0,0,0,0,0,0,0,0,0,1.998,0.476831628512261
"180620B",4.6659,1.3,0.556302501,-10.98296666,21.21643247,1.09835,2.29841638,1.99236,0.9,-5,21.77062281,1.69,0.309472472618855,120.625556654672,450.13700675407,1.2063727225,5.2827178558523,3.9694983696,0.81,25,0.0599542916300528,0.0437,0.067125,0.059445,0.005,0.013028834,0.2,0.024127471,"180620B",0,0,0,0,0,0,0,0,0,0,0,1.1175,0.325823419002744
"180624A",4.171185481,1.91,0.146128036,-11.54363397,21.1034582,1.243849338,2.686993566,2.06008,0.95,-5.236572006,17.3987883169052,3.6481,0.0213534029052173,133.255485233338,445.355947999147,1.54716117564304,7.2199344237254,4.2439296064,0.9025,27.4216863740229,0.0343795484387942,0.088149935,0.099379055,0.123366444,0,0.022463508,0.1,0.062042069,"180624A",0,0,0,0,0,0,0,0,0,0,0,2.855,0.586024382386976
"180720B",3.62033,1.36,1.831869774,-8.847711656,21.24271531,1.34127,3.06444019010425,1.8461,0.729,-4.065501549,13.1067893089,1.8496,3.35574686889481,78.2820015477183,451.252953741708,1.7990052129,9.39079367872617,3.40808521,0.531441,16.5283028449214,0.00138098327707093,0.004975,0.00614,0.005375,0,0.005049936,0.03,0.016629833,"180720B",0,0,0,0,0,0,0,0,0,0,0,0.654,0.218535505216528
"180728A",3.8695,1.97,2.120573931,-9.42365865,21.58733599,1.1986,0.938519725,1.70111,0.8595,-4.528708289,14.97303025,3.8809,4.49683379683679,88.8053423517198,466.013075145149,1.43664196,0.880819274214076,2.8937752321,0.73874025,20.5091987668573,0.0148761559757772,0.009885,0.014745,0.0091,0.042486494,0.008803267,0.03,0.009541318,"180728A",0,0,0,0,0,0,0,0,0,0,0,0.117,0.0480531731156091
"181010A",3.15711,1.52,0.146128036,-9.928117993,22.27837171,1.07011,1.214843848,1.76613,1.115,-6.161150909,9.9673435521,2.3104,0.0213534029052173,98.5675268829304,496.325846048928,1.1451354121,1.47584557502345,3.1192151769,1.243225,37.9597805234715,0.0580681587793652,0.034615,0.057805,0.033375,0.007041969,0.04405886,0.15,0.062042069,"181010A",0,0,0,0,0,0,0,0,0,0,0,1.39,0.378397900948138
"181020A",4.29043,1.25,0.886490725,-10.42365865,20.65703194,2.64643,2.376576957,1.93674,1.228,-5.091514981,18.4077895849,1.5625,0.785865805511026,108.65265965172,426.71296857018,7.0035917449,5.64811803254338,3.7509618276,1.507984,25.9235248017474,0.0211468897196027,0.1418,0.047555,0.091985,0.029531206,0.016084981,0.06,0.016920564,"181020A",0,0,0,0,0,0,0,0,0,0,0,2.938,0.595275711802099
"181201A",4.0779685637382,1.62357778401957,0.899550776141651,-10.3732298897504,21.1468434832998,1.29388277962848,1.283301229,1.97913612783146,0.885525840322292,-5.37153011911936,16.629827606837,2.6360048207619,0.809191598857047,107.603898345611,447.188989307179,1.67413264741912,1.64686204435291,3.91697981248771,0.784156013878501,28.8533358206064,0.378773543191014,0.788112678767232,0.609042126755056,0.272200409927563,0.199164660663957,0.0288230416508681,0.178235765696061,0.0293124960699646,"181201A",1,1.01949214093455,0.405894446004892,0.224887694035413,-2.5933074724376,5.28671087082495,0.32347069490712,0.32082530725,0.494784031957865,0.221381460080573,-1.34288252977984,0.45,0.161368002234975
"190114A",3.74534,2.06,-0.301029996,-10.75202673,21.6447605,1.18375,1.823474229,1.83214,0.86,-6.096910013,14.0275717156,4.2436,0.09061905849176,115.606078802635,468.49565710236,1.4012640625,3.32505826382714,3.3567369796,0.7396,37.1723117066197,0.0664080102705681,0.03365,0.042215,0.04616,0,0.065144172,0.22,0.173717793,"190114A",0,0,0,0,0,0,0,0,0,0,0,3.3765,0.641126932803509
"190719C",4.88123,1.64,0.740362689,-11.257,20.95382587,1.55953,2.268811904,1.5415,0.915,-5.292429824,23.8264063129,2.6896,0.548136911263311,126.720049,439.062818590281,2.4321338209,5.14750745573211,2.37622225,0.837225,28.0098134419647,0.0226602223323686,0.2175,0.1943,0.21085,0.22,0.025546734,0.09,0.02368879,"190719C",0,0,0,0,0,0,0,0,0,0,0,2.469,0.54020429984206
"190829A",4.0838,2.56,1.255272505,-9.56068,22.04910001,1.03996,1.764922985,2.0913,1.16,-5.193820026,16.67742244,6.5536,1.57570906180898,91.4066020624,486.162811250982,1.0815168016,3.11495314298131,4.37353569,1.3456,26.9757664624786,0.0660733687520347,0.013585,0.01916,0.009675,0.075,0.047500959,0.21,0.065144172,"190829A",0,0,0,0,0,0,0,0,0,0,0,0.0785,0.0328201494385639
"191011A",3.15321333,1.94,0.255272505,-10.8132081,21.65033473,1.30602449,0.867467488,1.81479,0.94,-6.48148606,9.94275430448969,3.7636,0.065164051808975,116.925469413906,468.736993921044,1.70569996847976,0.75249984273703,3.2934627441,0.8836,42.0096615459743,0.0559978453284278,0.05719327,0.06597695,0.05756962,0.19,0.052641755,0.17,0.048254942,"191011A",0,0,0,0,0,0,0,0,0,0,0,1.722,0.434888120867316
"191221B",1.95518066,1.24,0.681241237,-8.11145684,20.84178667,1.15734724,1.681241237,1.843,1.39,-4.721246399,3.82273141323804,1.5376,0.46408962298929,65.7957320671828,434.38007159779,1.33945263393562,2.82657209698929,3.396649,1.9321,22.2901675600705,0.14476482742628,0.06184721,0.05366691,0.00551831,0.175,0.022857604,0.05,0.063334612,"191221B",0,0,0,0,0,0,0,0,0,0,0,1.148,0.332034277027518
"200205B",4.53640048,1.36,0.301029996,-11.7337376,21.91375294,1.56884903,2.660865478,1.90881,0.516,-5.26760624,20.5789293149442,1.8496,0.09061905849176,137.680598065654,480.212567915359,2.46128727893194,7.08020509201217,3.6435556161,0.266256,27.7476754996869,0.0051064352834946,0.10035241,0.08886983,0.19267266,0.18,0.016084981,0.22,0.043429448,"200205B",0,0,0,0,0,0,0,0,0,0,0,1.465,0.391816923613249
"200613A",4.23397425308698,1.74656725545063,0.228369899911643,-10.8252386423331,20.9938049880807,1.18325339145285,2.580924976,2.00996423348564,0.919231609259222,-5.23247535249562,17.9265379758034,3.05049717781235,0.0521528111856538,117.185791663462,440.739847877562,1.40008858838467,6.6611737317406,4.03995621989152,0.844986751461299,27.3787983144742,0.378773543191014,0.799513230293238,0.607349279329555,0.283006590234137,0.196384119296445,0.041388018888279,0.176273323751351,0.0694499683839808,"200613A",1,1.05849356327174,0.436641813862657,0.0570924749779107,-2.70630966058327,5.24845124702018,0.295813347863213,0.645231244,0.50249105837141,0.229807902314805,-1.3081188381239,1.2255,0.347427598618541
"200829A",2.97975,0.83,1.994317153,-8.6381,21.08966848,1.29833,1.115277591,1.88219,0.64,-4.292429824,8.8789100625,0.6889,3.97730090675002,74.61677161,444.774116596306,1.6856607889,1.24384410498676,3.5426391961,0.4096,18.4249537939647,0.0969169435192129,0.00955,0.00926,0.00866,0.0195,0.008515578,0.03,0.007040235,"200829A",0,0,0,0,0,0,0,0,0,0,0,1.25,0.352182518111362
"201014A",4.16876087829514,2.55,-0.522878745,-11.2559015155845,22.1524657,1.23651151289721,1.558708571,1.97336,0.91448514078753,-6.508638306,17.3785672604041,6.5025,0.273402181972775,126.695318928537,490.731736589677,1.52896072152735,2.42957240930886,3.8941496896,0.836283072721189,42.3623725983306,0.143091047665439,0.818869102722797,0.615278886750515,0.288050827931311,0.200592931340937,0.098066496,0.37,0.289529655,"201014A",1,1.04219021957379,0.6375,-0.13071968625,-2.81397537889612,5.538116425,0.309127878224302,0.38967714275,0.49334,0.228621285196882,-1.6271595765,4.56,0.745074791582057
"201015A",3.9090110573998,3.03,0.255272505,-10.8700012697135,21.35536147,0.970567505543704,0.990338855,2.1574,0.933237198015652,-6.698970004,15.2803674468739,9.1809,0.065164051808975,118.156927603573,456.05146351436,0.942001282817328,0.980771047722711,4.65437476,0.870931667760105,44.8761991144918,0.0509829166339321,0.79572650625521,0.612128777486737,0.286670403213342,0.203346250243257,0.130288345,0.68,0.096509885,"201015A",1,0.97725276434995,0.7575,0.06381812625,-2.71750031742837,5.3388403675,0.242641876385926,0.24758471375,0.53935,0.233309299503913,-1.674742501,0.426,0.154119525515847
"201020A",3.72892686663974,2.25,0.322219295,-10.5338494390748,20.93258486,1.08790941390906,1.15136985,2.0761,0.933798095876333,-6.036212173,13.9048955767477,5.0625,0.103825274070297,110.961984005096,438.173108921101,1.18354689287195,1.32565253148902,4.31019121,0.871978883862265,36.4358573974734,0.378773543191014,0.799986891973131,0.611539902583448,0.277216975818526,0.200815753957505,0.033044145,0.14,0.041361379,"201020A",1,0.932231716659935,0.5625,0.08055482375,-2.6334623597687,5.233146215,0.271977353477265,0.2878424625,0.519025,0.233449523969083,-1.50905304325,2.903,0.591398551281249
"201021C",3.3907764158759,1.63,0,-10.1395347808696,20.75199541,1.23571217576382,1.387033701,1.6168,0.88471140935816,-6,11.4973647024602,2.6569,0,102.810165572464,430.645313496661,1.52698458133095,1.92386248770976,2.61404224,0.782714277848502,36,0.0563106258915239,0.800486572915139,0.623439848027785,0.271924380167054,0.202604901407758,0.043429448,0.15,0.086858896,"201021C",1,0.847694103968975,0.4075,0,-2.5348836952174,5.1879988525,0.308928043940955,0.34675842525,0.4042,0.22117785233954,-1.5,1.07,0.315970345456918
"201104B",2.72159651,1.47,0.612783857,-9.38944702,21.73058526,1.19537497,0.937517892,1.55046,0.605,-5.744727495,7.40708756324418,2.1609,0.375504055399796,88.1617153413869,472.218335742129,1.4289213189025,0.878939797820124,2.4039262116,0.366025,33.001893991809,0.00811616012140756,0.02110237,0.02972805,0.02348264,0.175,0.024127471,0.07,0.031777645,"201104B",0,0,0,0,0,0,0,0,0,0,0,1.954,0.470410490975931
"210204A",3.98409927716399,1.71047871175346,0.493025576197725,-10.4938938506722,21.0584880674433,1.25284594950023,2.301029996,1.98957333119557,0.900751187189696,-5.18451228666849,15.8730470502986,2.92573742336178,0.243074218785099,110.121808149176,443.459919686652,1.56962297317913,5.29473904249176,3.95840204020464,0.811352701223647,26.8791676506165,0.378773543191014,0.80120047248803,0.594866526155965,0.276278316163543,0.201396008672011,0.0338538542545085,0.143781575971085,0.0534933364415772,"210204A",1,0.996024819290998,0.427619677938365,0.123256394049431,-2.62347346266805,5.26462201686082,0.313211487375057,0.575257499,0.497393332798892,0.225187796797424,-1.29612807166712,0.876,0.273232834043046
"210210A",3.72413045,1.53,0.84509804,-10.1403778,21.12319546,1.5451851,0.819543936,1.85188,0.965,-6.008773924,13.8691476086172,2.3409,0.714190697211842,102.827261926733,446.189386441365,2.38759699326201,0.671652263034372,3.4294595344,0.931225,36.1053640697424,0.038778433249538,0.05799791,0.08857348,0.10645081,0.15,0.035452611,0.58,0.031021034,"210210A",0,0,0,0,0,0,0,0,0,0,0,0.715,0.234264124378789
"210411C",2.93128506,1.6,0.681241237,-9.72925773,21.05996459,1.16829405,1.10720997,1.88408,1.21,-5.920818754,8.5924321029792,2.56,0.46408962298929,94.6584559767648,443.522108532054,1.3649109872654,1.2259139176674,3.5497574464,1.4641,35.0560947177181,0.0202577864729536,0.05048963,0.05901459,0.03209979,0.14,0.036191207,0.4,0.027143405,"210411C",0,0,0,0,0,0,0,0,0,0,0,2.826,0.582744965691277
"210517A",3.057651,1.85,0.176091259,-10.8415194,21.15768338,1.21043545,0.485721426,1.71079,0.66,-6.823908741,9.349229637801,3.4225,0.0310081314962051,117.538542900576,447.647566008328,1.4651539786167,0.235925303675473,2.9268024241,0.4356,46.5657305054962,0.199990220376636,0.25872455,0.32132806,0.08060357,0.22,0.086858896,0.25,0.057905931,"210517A",0,0,0,0,0,0,0,0,0,0,0,2.486,0.542327382773974
"210610B",2.89514,0.98,1.130333768,-9.19036,21.03780485,1.05139,1.841234296,1.91684,0.78,-4.443697499,8.3818356196,0.9604,1.27765442708108,84.4627169296,442.589232906684,1.1054209321,3.39014373276662,3.6742755856,0.6084,19.7464474626189,0.015836913202155,0.0226,0.02831,0.01291,0.029,0.012063736,0.11,0.022518973,"210610B",0,0,0,0,0,0,0,0,0,0,0,1.13,0.328379603438738
"210619B",2.91049117,1.41,2.06069784,-8.55006175,21.83430305,1.12578835,1.784617293,1.92306,0.745,-4.022276395,8.47095885064797,1.9881,4.24647558778067,73.103555928813,476.736789679239,1.26739940899572,3.18485888247465,3.6981597636,0.555025,16.1787073977742,0.00197833385726092,0.01027813,0.01099582,0.00437126,0.07,0.004571521,0.02,0.008308242,"210619B",0,0,0,0,0,0,0,0,0,0,0,1.937,0.4679039465228
"210722A",3.6504,1.62,0.342422681,-10.3507,20.54058972,1.43908,1.700703717,1.83712,0.81,-5.602059991,13.32542016,2.6244,0.117253292463228,107.13699049,421.91582604537,2.0709512464,2.89239313301762,3.3750098944,0.6561,31.3830761427629,0.0911698774157967,0.0364819,0.0395981,0.048071,0.09,0.034743559,0.14,0.098703291,"210722A",0,0,0,0,0,0,0,0,0,0,0,1.145,0.331427296520743
"210822A",2.4985,1.3,1.442479769,-8.20842,21.53322281,1.267456,2.257198426,1.70788,0.77,-4.698970004,6.24250225,1.69,2.08074788397429,67.3781588964,463.679684585104,1.606444711936,5.09494473433688,2.9168540944,0.5929,22.0803190984918,0.102616483810065,0.017735,0.01621,0.008455,0.026,0.00868589,0.4,0.010974951,"210822A",0,0,0,0,0,0,0,0,0,0,0,1.736,0.437116093048079
"211024B",3.43921565,1.63,-0.045757491,-8.56429146,20.98677173,1.92622006,2.780677274,2.08,1.07,-5.167491087,11.8282042872049,2.6569,0.00209374798261508,73.3470882118289,440.444587647127,3.7103237195464,7.73216610214007,4.3264,1.1449,26.7029641342244,0.014863865494915,0.01916437,0.01167528,0.00965772,0.055,0.019160051,0.09,0.096509885,"211024B",0,0,0,0,0,0,0,0,0,0,0,1.1137,0.325043347403704
"220101A",3.04134881,1.13,0.86332286,-8.69262974,21.90370028,1.20052929,2.238948898,1.62241,0.491,-4.602059991,9.24980258408842,1.2769,0.74532636059858,75.5618117967325,479.772085956072,1.4412705761479,5.01289216785541,2.6322142081,0.241081,21.1789561607629,0.0313174061753508,0.01431841,0.02317526,0.01255481,0.016,0,0.13,0.017847718,"220101A",0,0,0,0,0,0,0,0,0,0,0,4.618,0.749581734865559
"220117A",3.43803362,1.84,0.278753601,-10.1070569,21.99532933,1.68612083,1.697316542,1.78537,1.2,-5.795880017,11.8200751722503,3.3856,0.0777035700704672,102.152599179838,483.794512335158,2.84300345335989,2.88088344374684,3.1875460369,1.44,33.5922251714599,0.0299157959274313,0.05084186,0.04500955,0.06200239,0.55,0.05428681,0.18,0.091430417,"220117A",0,0,0,0,0,0,0,0,0,0,0,4.961,0.775319121829478
"230116D",3.79761,1.38,-0.22184875,-11.1278,20.96124782,1.57289,1.612783857,1.76412,0.84,-6.090443971,14.4218417121,1.9044,0.0492168678765625,123.82793284,439.373910171455,2.4739829521,2.6010717693998,3.1121193744,0.7056,37.0935077638903,0.118428290656009,0.1014,0.13824,0.23491,0.22,0.064181451,0.22,0.144764827,"230116D",0,0,0,0,0,0,0,0,0,0,0,3.81,0.682145076373832
"230325A",3.7823081,1.82,0.51851394,-10.9066853,22.22918251,0.931411844,1.580354661,2.0855,1.025,-5.886056648,14.3058545633256,3.3124,0.268856705974324,118.955784233236,494.13655506289,0.86752802314348,2.49752085454443,4.34931025,1.050625,34.645662863465,0.131947893505177,0.1875455,0.20042492,0.05714513,0.18,0.066814536,0.18,0.052641755,"230325A",0,0,0,0,0,0,0,0,0,0,0,1.664,0.425534220498263
"230506C",4.25859,1.89,0.380211242,-11.4531,20.96124782,1.14181,1.491361694,2.08995,1.11,-5.769551079,18.1355887881,3.5721,0.144560588543183,131.17349961,439.373910171455,1.3037300761,2.22415970233055,4.3678910025,1.2321,33.2877196531901,0.0886038540296678,0.1023,0.11841,0.11299,0.29,0.051093469,0.17,0.090478017,"230506C",0,0,0,0,0,0,0,0,0,0,0,3.7,0.672097857935718
"230818A",3.9564,1.36,0.826074803,-11.0883,21.31377445,1.39195,0.992111488,2.00403,1.02,-5.721246399,15.65310096,1.8496,0.682399580151489,122.95039689,454.276981305473,1.9375248025,0.984285204621574,4.0161362409,1.0404,32.7326603580705,0.0552798328138297,0.2044,0.12794,0.19715,0.29,0.022857604,0.1,0.032410036,"230818A",0,0,0,0,0,0,0,0,0,0,0,2.42,0.534026106056135
"231210B",3.24045,1.08,0.591064607,-10.048,21.82763844,1.60174,0.873320602,1.66432281,0.84,-5.853871964,10.5005162025,1.1664,0.349357369648064,100.962304,476.445799867366,2.5655710276,0.762688873877642,2.7699704158863,0.7056,34.2678169709052,0.037615599688349,0.05243,0.04808,0.060675,0.362,0.062042069,0.19,0.077950292,"231210B",0,0,0,0,0,0,0,0,0,0,0,3.13,0.615950051656401
"970508A",4.61110254362181,1.89125935641635,0.329125184024259,-11.2937572488029,20.9147184367958,1.45084161863317,1.120573931,1.95905288678887,0.865180405625054,-6.01308853019273,21.2622666677955,3.57686195323239,0.108323386759002,127.548952794888,437.425447290446,2.10494140235812,1.25568593483679,3.8378882132358,0.748537134277533,36.1572336719354,0.378773543191014,0.813900550463885,0.634845717704451,0.287048683709963,0.206713609578316,0.0513926781795972,0.291747439511379,0.0729767332031779,"970508A",1,1.15277563590545,0.472814839104088,0.0822812960060647,-2.82343931220072,5.22867960919895,0.362710404658293,0.28014348275,0.489763221697217,0.216295101406264,-1.50327213254818,0.83,0.262451089730429
